query_index,facts_file,task,baseline_refs,diverse_refs,changed_order,changed_reference_set,top1_preserved,baseline_top_similarity,diverse_top_similarity,baseline_mean_similarity,diverse_mean_similarity,baseline_unique_models,diverse_unique_models,baseline_has_duplicate_models,diverse_has_duplicate_models,baseline_intra_list_dissimilarity,diverse_intra_list_dissimilarity
1,extraction_papers\ontocast_runs\run_100_20260611_194110\output\facts_007742b6c86c.ttl,Health assessment,"31,38,239,213,221","31,213,239,221,104",True,True,True,0.707,0.707,0.707,0.707,5,5,0,0,0.5621461887290472,0.5927769588210243
2,extraction_papers\ontocast_runs\run_100_20260611_194110\output\facts_021ea55a70f1.ttl,Remaining useful life estimation,"234,232,233,15,14","234,122,249,128,16",True,True,True,0.521,0.521,0.521,0.521,4,5,1,0,0.3189603238866397,0.5494555202976256
3,extraction_papers\ontocast_runs\run_100_20260611_194110\output\facts_046ebc06c607.ttl,Fault detection,"209,42,41,44,43","209,33,34,44,41",True,True,True,0.577,0.577,0.577,0.577,5,5,0,0,0.4394110275689223,0.4859203463203463
4,extraction_papers\ontocast_runs\run_100_20260611_194110\output\facts_051f27a6a164.ttl,Fault identification,"210,201,202,203,48","210,48,247,212,243",True,True,True,0.577,0.577,0.577,0.577,5,5,0,0,0.5280894698410694,0.6597099496709253
5,extraction_papers\ontocast_runs\run_100_20260611_194110\output\facts_08d54e2673f7.ttl,Fault detection,"209,42,41,44,43","209,33,34,44,41",True,True,True,0.707,0.707,0.707,0.707,5,5,0,0,0.4394110275689223,0.4859203463203463
6,extraction_papers\ontocast_runs\run_100_20260611_194110\output\facts_098cb9c7ac60.ttl,Remaining useful life estimation,"51,53,52,55,54","51,207,204,36,55",True,True,True,0.577,0.577,0.577,0.577,4,5,1,0,0.28709160571229536,0.541168684973563
7,extraction_papers\ontocast_runs\run_100_20260611_194110\output\facts_0d538c41d5c9.ttl,One step future state forecast,"131,132,106,10,135","131,10,135,132,133",True,True,True,0.707,0.707,0.707,0.707,5,5,0,0,0.34907363834422656,0.32854030501089326
8,extraction_papers\ontocast_runs\run_100_20260611_194110\output\facts_0e5bc1020e80.ttl,Fault detection,"218,245,19,166,167","218,47,200,215,19",True,True,True,0.514,0.514,0.5115999999999999,0.5098,4,5,1,0,0.5024491064491065,0.5484096941070625
9,extraction_papers\ontocast_runs\run_100_20260611_194110\output\facts_1015dc489115.ttl,One step future state forecast,"131,132,106,135,133","131,10,135,132,133",True,True,True,0.509,0.509,0.509,0.5075999999999999,5,5,0,0,0.29957983193277304,0.32854030501089326
10,extraction_papers\ontocast_runs\run_100_20260611_194110\output\facts_13663772d3a7.ttl,Fault detection,"209,42,41,44,43","209,33,34,44,41",True,True,True,0.577,0.577,0.577,0.577,5,5,0,0,0.4394110275689223,0.4859203463203463
11,extraction_papers\ontocast_runs\run_100_20260611_194110\output\facts_14cabde81b60.ttl,Fault identification,"252,210,48,50,49","252,210,212,216,246",True,True,True,0.601,0.601,0.5985999999999999,0.5955999999999999,5,5,0,0,0.4748623876765084,0.5775378957086275
12,extraction_papers\ontocast_runs\run_100_20260611_194110\output\facts_1a71ce029db3.ttl,One step future state forecast,"106,10,131,132,135","106,132,135,10,134",True,True,True,0.591,0.591,0.5851999999999999,0.5851999999999999,5,5,0,0,0.3490736383442266,0.3655148148148148
13,extraction_papers\ontocast_runs\run_100_20260611_194110\output\facts_1f647e26aadf.ttl,Fault identification,"255,210,48,50,49","255,216,13,201,246",True,True,True,0.527,0.527,0.5126,0.5102,5,5,0,0,0.5451870578084556,0.6176765447667087
14,extraction_papers\ontocast_runs\run_100_20260611_194110\output\facts_22144ece04a0.ttl,Fault detection,"20,175,72,195,42","20,44,34,195,33",True,True,True,0.589,0.589,0.5835999999999999,0.5833999999999999,5,5,0,0,0.34420448679288984,0.5023265854420493
15,extraction_papers\ontocast_runs\run_100_20260611_194110\output\facts_22483bb7fa86.ttl,Remaining useful life estimation,"51,53,52,55,54","51,207,204,36,55",True,True,True,0.577,0.577,0.577,0.577,4,5,1,0,0.28709160571229536,0.541168684973563
16,extraction_papers\ontocast_runs\run_100_20260611_194110\output\facts_247755c3ba72.ttl,One step future state forecast,"131,132,106,10,135","131,10,135,132,133",True,True,True,0.577,0.577,0.577,0.577,5,5,0,0,0.34907363834422656,0.32854030501089326
17,extraction_papers\ontocast_runs\run_100_20260611_194110\output\facts_29441e0fc052.ttl,Fault detection,"209,42,41,44,43","209,33,34,44,41",True,True,True,0.577,0.577,0.577,0.577,5,5,0,0,0.4394110275689223,0.4859203463203463
18,extraction_papers\ontocast_runs\run_100_20260611_194110\output\facts_30b468dfe762.ttl,One step future state forecast,"131,132,106,10,135","131,10,135,132,133",True,True,True,0.707,0.707,0.707,0.707,5,5,0,0,0.34907363834422656,0.32854030501089326
19,extraction_papers\ontocast_runs\run_100_20260611_194110\output\facts_32c353e565f9.ttl,One step future state forecast,"131,132,106,10,135","131,10,135,132,133",True,True,True,0.707,0.707,0.707,0.707,5,5,0,0,0.34907363834422656,0.32854030501089326
20,extraction_papers\ontocast_runs\run_100_20260611_194110\output\facts_36823d5c6b0e.ttl,One step future state forecast,"131,132,106,10,135","131,10,135,132,133",True,True,True,0.707,0.707,0.707,0.707,5,5,0,0,0.34907363834422656,0.32854030501089326
21,extraction_papers\ontocast_runs\run_100_20260611_194110\output\facts_369f47a9c5e1.ttl,Remaining useful life estimation,"225,172,155,51,53","225,222,126,55,53",True,True,True,0.523,0.523,0.5146000000000001,0.5134000000000001,5,5,0,0,0.4250524064171123,0.43797631487286665
22,extraction_papers\ontocast_runs\run_100_20260611_194110\output\facts_37204455217d.ttl,Fault detection,"209,211,230,191,19","209,42,211,215,72",True,True,True,0.516,0.516,0.5154,0.5119999999999999,5,5,0,0,0.48677655677655673,0.5960707847636602
23,extraction_papers\ontocast_runs\run_100_20260611_194110\output\facts_374ab1994bf9.ttl,Fault feature extraction,"32,253,198,229,190","32,190,229,198,235",True,True,True,0.532,0.532,0.5236,0.5187999999999999,5,5,0,0,0.6079609279609279,0.5967863247863248
24,extraction_papers\ontocast_runs\run_100_20260611_194110\output\facts_3945d25e6654.ttl,Fault detection,"209,42,41,44,43","209,33,34,44,41",True,True,True,0.577,0.577,0.577,0.577,5,5,0,0,0.4394110275689223,0.4859203463203463
25,extraction_papers\ontocast_runs\run_100_20260611_194110\output\facts_39a966494a3b.ttl,Remaining useful life estimation,"68,67,197,35,37","68,197,120,30,36",True,True,True,0.536,0.536,0.5312,0.5288,4,5,1,0,0.49052959188421974,0.5162971659919029
26,extraction_papers\ontocast_runs\run_100_20260611_194110\output\facts_3a301111e1fe.ttl,One step future state forecast,"131,132,106,10,135","131,10,135,132,133",True,True,True,0.707,0.707,0.707,0.707,5,5,0,0,0.34907363834422656,0.32854030501089326
27,extraction_papers\ontocast_runs\run_100_20260611_194110\output\facts_40a36423982c.ttl,Fault detection,"209,42,41,44,43","209,33,34,44,41",True,True,True,0.577,0.577,0.577,0.577,5,5,0,0,0.4394110275689223,0.4859203463203463
28,extraction_papers\ontocast_runs\run_100_20260611_194110\output\facts_4660ee2adb7e.ttl,Fault feature extraction,"32,253,198,18,235","32,190,198,229,253",True,True,True,0.671,0.671,0.6404,0.639,5,5,0,0,0.4523768115942029,0.607960927960928
29,extraction_papers\ontocast_runs\run_100_20260611_194110\output\facts_4abf47988e1b.ttl,One step future state forecast,"106,10,131,132,135","106,132,135,10,134",True,True,True,0.588,0.588,0.5838,0.5838,5,5,0,0,0.3490736383442266,0.3655148148148148
30,extraction_papers\ontocast_runs\run_100_20260611_194110\output\facts_4b28dc65fe44.ttl,Fault detection,"209,42,41,44,43","209,33,34,44,41",True,True,True,0.707,0.707,0.707,0.707,5,5,0,0,0.4394110275689223,0.4859203463203463
31,extraction_papers\ontocast_runs\run_100_20260611_194110\output\facts_4ef590c98f1b.ttl,One step future state forecast,"131,132,106,10,135","131,10,135,132,133",True,True,True,0.577,0.577,0.577,0.577,5,5,0,0,0.34907363834422656,0.32854030501089326
32,extraction_papers\ontocast_runs\run_100_20260611_194110\output\facts_5250ed7e7ce4.ttl,One step future state forecast,"131,132,106,10,135","131,10,135,132,133",True,True,True,0.707,0.707,0.707,0.707,5,5,0,0,0.34907363834422656,0.32854030501089326
33,extraction_papers\ontocast_runs\run_100_20260611_194110\output\facts_550b300f2513.ttl,One step future state forecast,"131,132,106,10,135","131,10,135,132,133",True,True,True,0.707,0.707,0.707,0.707,5,5,0,0,0.34907363834422656,0.32854030501089326
34,extraction_papers\ontocast_runs\run_100_20260611_194110\output\facts_55a5963df187.ttl,One step future state forecast,"10,106,131,132,135","10,134,132,106,135",True,True,True,0.51,0.51,0.5031999999999999,0.5032,5,5,0,0,0.3490736383442266,0.3655148148148148
35,extraction_papers\ontocast_runs\run_100_20260611_194110\output\facts_55e23d1ad9f5.ttl,Remaining useful life estimation,"234,232,233,15,14","234,122,249,128,16",True,True,True,0.635,0.635,0.635,0.635,4,5,1,0,0.3189603238866397,0.5494555202976256
36,extraction_papers\ontocast_runs\run_100_20260611_194110\output\facts_5d3461a99457.ttl,Fault detection,"209,42,41,44,43","209,33,34,44,41",True,True,True,0.707,0.707,0.707,0.707,5,5,0,0,0.4394110275689223,0.4859203463203463
37,extraction_papers\ontocast_runs\run_100_20260611_194110\output\facts_5dec38f8cc66.ttl,Remaining useful life estimation,"51,53,52,55,54","51,207,204,36,55",True,True,True,0.577,0.577,0.577,0.577,4,5,1,0,0.28709160571229536,0.541168684973563
38,extraction_papers\ontocast_runs\run_100_20260611_194110\output\facts_5f139e146360.ttl,One step future state forecast,"131,132,106,10,135","131,10,135,132,133",True,True,True,0.707,0.707,0.707,0.707,5,5,0,0,0.34907363834422656,0.32854030501089326
39,extraction_papers\ontocast_runs\run_100_20260611_194110\output\facts_5f2bc68116b8.ttl,Fault feature extraction,"18,229,32,253,198","18,229,70,190,235",True,True,True,0.53,0.53,0.5184000000000001,0.5130000000000001,5,5,0,0,0.5450682168073472,0.599411467177837
40,extraction_papers\ontocast_runs\run_100_20260611_194110\output\facts_623ac38deaa2.ttl,Health assessment,"31,38,239,213,221","31,213,239,221,104",True,True,True,0.707,0.707,0.707,0.707,5,5,0,0,0.5621461887290472,0.5927769588210243
41,extraction_papers\ontocast_runs\run_100_20260611_194110\output\facts_6269de1ae371.ttl,Fault feature extraction,"32,27,235,17,18","32,190,229,198,235",True,True,True,0.577,0.577,0.577,0.577,4,5,1,0,0.4246031746031746,0.5967863247863248
42,extraction_papers\ontocast_runs\run_100_20260611_194110\output\facts_64dc30950f8c.ttl,Multiple steps future state forecast,"11,130,129,183,102","11,183,140,129,141",True,True,True,0.514,0.514,0.5114,0.5105999999999999,5,5,0,0,0.5068599844599845,0.5031315301404293
43,extraction_papers\ontocast_runs\run_100_20260611_194110\output\facts_6e7c4f90a8d7.ttl,Health assessment,"31,38,239,213,221","31,213,239,221,104",True,True,True,0.707,0.707,0.707,0.707,5,5,0,0,0.5621461887290472,0.5927769588210243
44,extraction_papers\ontocast_runs\run_100_20260611_194110\output\facts_73e4a95e45ca.ttl,Health assessment,"31,38,239,213,221","31,213,239,221,104",True,True,True,0.707,0.707,0.707,0.707,5,5,0,0,0.5621461887290472,0.5927769588210243
45,extraction_papers\ontocast_runs\run_100_20260611_194110\output\facts_772695bf4051.ttl,Remaining useful life estimation,"234,232,233,15,14","234,122,249,128,16",True,True,True,0.816,0.816,0.8160000000000001,0.8160000000000001,4,5,1,0,0.3189603238866397,0.5494555202976256
46,extraction_papers\ontocast_runs\run_100_20260611_194110\output\facts_7893f607735e.ttl,Fault identification,"210,201,202,203,48","210,48,247,212,243",True,True,True,0.577,0.577,0.577,0.577,5,5,0,0,0.5280894698410694,0.6597099496709253
47,extraction_papers\ontocast_runs\run_100_20260611_194110\output\facts_7e8b13361693.ttl,Remaining useful life estimation,"234,232,233,15,14","234,122,249,128,16",True,True,True,0.707,0.707,0.707,0.707,4,5,1,0,0.3189603238866397,0.5494555202976256
48,extraction_papers\ontocast_runs\run_100_20260611_194110\output\facts_7ecb8b8f68bb.ttl,Remaining useful life estimation,"51,53,52,55,54","51,207,204,36,55",True,True,True,0.577,0.577,0.577,0.577,4,5,1,0,0.28709160571229536,0.541168684973563
49,extraction_papers\ontocast_runs\run_100_20260611_194110\output\facts_7f3c89f45832.ttl,One step future state forecast,"106,10,131,132,135","106,132,135,10,134",True,True,True,0.582,0.582,0.5793999999999999,0.5793999999999999,5,5,0,0,0.3490736383442266,0.3655148148148148
50,extraction_papers\ontocast_runs\run_100_20260611_194110\output\facts_8068c91cfcfb.ttl,One step future state forecast,"131,132,106,10,135","131,10,135,132,133",True,True,True,0.707,0.707,0.707,0.707,5,5,0,0,0.34907363834422656,0.32854030501089326
51,extraction_papers\ontocast_runs\run_100_20260611_194110\output\facts_8477986e81ed.ttl,Health assessment,"173,2,221,239,153","173,213,221,193,38",True,True,True,0.589,0.589,0.5864,0.5835999999999999,5,5,0,0,0.41702167182662536,0.58329435537216
52,extraction_papers\ontocast_runs\run_100_20260611_194110\output\facts_8a2e7a6c3819.ttl,Fault feature extraction,"70,190,27,235,231","70,190,229,198,235",True,True,True,0.513,0.513,0.5084,0.5067999999999999,5,5,0,0,0.5554281889462611,0.605755152478044
53,extraction_papers\ontocast_runs\run_100_20260611_194110\output\facts_8bb32487bd90.ttl,One step future state forecast,"131,132,106,10,135","131,10,135,132,133",True,True,True,0.707,0.707,0.707,0.707,5,5,0,0,0.34907363834422656,0.32854030501089326
54,extraction_papers\ontocast_runs\run_100_20260611_194110\output\facts_8c97841ffeb0.ttl,Remaining useful life estimation,"51,53,52,55,54","51,207,204,36,55",True,True,True,0.577,0.577,0.577,0.577,4,5,1,0,0.28709160571229536,0.541168684973563
55,extraction_papers\ontocast_runs\run_100_20260611_194110\output\facts_8d2f5e129936.ttl,Fault feature extraction,"32,27,235,17,18","32,190,229,198,235",True,True,True,0.577,0.577,0.577,0.577,4,5,1,0,0.4246031746031746,0.5967863247863248
56,extraction_papers\ontocast_runs\run_100_20260611_194110\output\facts_8d8a5b72c774.ttl,One step future state forecast,"131,132,106,10,135","131,10,135,132,133",True,True,True,0.577,0.577,0.577,0.577,5,5,0,0,0.34907363834422656,0.32854030501089326
57,extraction_papers\ontocast_runs\run_100_20260611_194110\output\facts_8ff4d31a1511.ttl,Fault feature extraction,"70,235,229,18,231","70,190,229,198,235",True,True,True,0.52,0.52,0.5112000000000001,0.5104,5,5,0,0,0.5301972380683748,0.605755152478044
58,extraction_papers\ontocast_runs\run_100_20260611_194110\output\facts_93799b400c86.ttl,Remaining useful life estimation,"204,157,158,156,92","204,157,21,92,97",True,True,True,0.523,0.523,0.5166000000000001,0.5158,3,5,1,0,0.38776662950575996,0.4904687229035055
59,extraction_papers\ontocast_runs\run_100_20260611_194110\output\facts_9a39f3592864.ttl,Fault feature extraction,"70,231,190,17,235","70,190,229,198,235",True,True,True,0.52,0.52,0.5105999999999999,0.5065999999999999,5,5,0,0,0.5515028561450772,0.605755152478044
60,extraction_papers\ontocast_runs\run_100_20260611_194110\output\facts_9b451b7f7ee0.ttl,Health assessment,"31,38,239,213,221","31,213,239,221,104",True,True,True,0.707,0.707,0.707,0.707,5,5,0,0,0.5621461887290472,0.5927769588210243
61,extraction_papers\ontocast_runs\run_100_20260611_194110\output\facts_9b53e6caba2d.ttl,Remaining useful life estimation,"51,53,52,55,54","51,207,204,36,55",True,True,True,0.707,0.707,0.707,0.707,4,5,1,0,0.28709160571229536,0.541168684973563
62,extraction_papers\ontocast_runs\run_100_20260611_194110\output\facts_a012354ab36b.ttl,Remaining useful life estimation,"51,53,52,55,54","51,207,204,36,55",True,True,True,0.707,0.707,0.707,0.707,4,5,1,0,0.28709160571229536,0.541168684973563
63,extraction_papers\ontocast_runs\run_100_20260611_194110\output\facts_a258a3b603ad.ttl,Remaining useful life estimation,"51,53,52,55,54","51,207,204,36,55",True,True,True,0.707,0.707,0.707,0.707,4,5,1,0,0.28709160571229536,0.541168684973563
64,extraction_papers\ontocast_runs\run_100_20260611_194110\output\facts_a933cf332592.ttl,Remaining useful life estimation,"127,69,226,157,158","127,69,226,60,157",True,True,True,0.79,0.79,0.6886,0.6872,4,5,1,0,0.45314167826362955,0.5422490924320192
65,extraction_papers\ontocast_runs\run_100_20260611_194110\output\facts_aca7906e2b63.ttl,Remaining useful life estimation,"51,53,52,55,54","51,207,204,36,55",True,True,True,0.707,0.707,0.707,0.707,4,5,1,0,0.28709160571229536,0.541168684973563
66,extraction_papers\ontocast_runs\run_100_20260611_194110\output\facts_b594a9ee5cb2.ttl,One step future state forecast,"131,132,106,10,135","131,10,135,132,133",True,True,True,0.707,0.707,0.707,0.707,5,5,0,0,0.34907363834422656,0.32854030501089326
67,extraction_papers\ontocast_runs\run_100_20260611_194110\output\facts_b60ff608bd4b.ttl,Remaining useful life estimation,"225,127,226,172,75","225,69,30,226,172",True,True,True,0.598,0.598,0.5955999999999999,0.5946,5,5,0,0,0.4988858088858089,0.5103866305329718
68,extraction_papers\ontocast_runs\run_100_20260611_194110\output\facts_ba25cb3a823e.ttl,One step future state forecast,"131,132,135,133,134","131,10,135,132,133",True,True,True,0.508,0.508,0.508,0.5067999999999999,5,5,0,0,0.24191316526610646,0.32854030501089326
69,extraction_papers\ontocast_runs\run_100_20260611_194110\output\facts_bac0845f495f.ttl,Health assessment,"239,153,154,193,227","239,153,193,104,7",True,True,True,0.689,0.689,0.6542,0.6171999999999999,4,5,1,0,0.3726143790849673,0.582898609016256
70,extraction_papers\ontocast_runs\run_100_20260611_194110\output\facts_be7e6c23b016.ttl,One step future state forecast,"131,132,106,10,135","131,10,135,132,133",True,True,True,0.707,0.707,0.707,0.707,5,5,0,0,0.34907363834422656,0.32854030501089326
71,extraction_papers\ontocast_runs\run_100_20260611_194110\output\facts_c27ab4671a29.ttl,Remaining useful life estimation,"51,53,52,55,54","51,207,204,36,55",True,True,True,0.707,0.707,0.707,0.707,4,5,1,0,0.28709160571229536,0.541168684973563
72,extraction_papers\ontocast_runs\run_100_20260611_194110\output\facts_c6db65a6433b.ttl,Remaining useful life estimation,"51,53,52,55,54","51,207,204,36,55",True,True,True,0.707,0.707,0.707,0.707,4,5,1,0,0.28709160571229536,0.541168684973563
73,extraction_papers\ontocast_runs\run_100_20260611_194110\output\facts_c72bcc7ff5df.ttl,One step future state forecast,"131,132,106,10,135","131,10,135,132,133",True,True,True,0.707,0.707,0.707,0.707,5,5,0,0,0.34907363834422656,0.32854030501089326
74,extraction_papers\ontocast_runs\run_100_20260611_194110\output\facts_c755cd0572dd.ttl,Remaining useful life estimation,"226,127,69,157,158","226,157,55,69,127",True,True,True,0.645,0.645,0.6374,0.6328,4,5,1,0,0.45314167826362944,0.51993281085964
75,extraction_papers\ontocast_runs\run_100_20260611_194110\output\facts_c7f80acd8249.ttl,One step future state forecast,"131,132,106,10,135","131,10,135,132,133",True,True,True,0.707,0.707,0.707,0.707,5,5,0,0,0.34907363834422656,0.32854030501089326
76,extraction_papers\ontocast_runs\run_100_20260611_194110\output\facts_c8939242503a.ttl,Fault detection,"209,42,41,44,43","209,33,34,44,41",True,True,True,0.707,0.707,0.707,0.707,5,5,0,0,0.4394110275689223,0.4859203463203463
77,extraction_papers\ontocast_runs\run_100_20260611_194110\output\facts_cb41385fe115.ttl,One step future state forecast,"106,131,132,135,133","106,132,135,10,134",True,True,True,0.51,0.51,0.5076,0.5072,5,5,0,0,0.2995798319327731,0.3655148148148148
78,extraction_papers\ontocast_runs\run_100_20260611_194110\output\facts_ccf62781b4c5.ttl,One step future state forecast,"131,132,106,10,135","131,10,135,132,133",True,True,True,0.577,0.577,0.577,0.577,5,5,0,0,0.34907363834422656,0.32854030501089326
79,extraction_papers\ontocast_runs\run_100_20260611_194110\output\facts_cfc179a146da.ttl,One step future state forecast,"131,132,135,133,134","131,10,135,132,133",True,True,True,0.597,0.597,0.597,0.5944,5,5,0,0,0.24191316526610646,0.32854030501089326
80,extraction_papers\ontocast_runs\run_100_20260611_194110\output\facts_d8bff7381708.ttl,Remaining useful life estimation,"204,97,108,127,226","204,69,226,55,127",True,True,True,0.518,0.518,0.5144,0.5118,5,5,0,0,0.5082097482097483,0.5847351516619809
81,extraction_papers\ontocast_runs\run_100_20260611_194110\output\facts_db4c696f6545.ttl,Fault detection,"209,42,41,44,43","209,33,34,44,41",True,True,True,0.577,0.577,0.577,0.577,5,5,0,0,0.4394110275689223,0.4859203463203463
82,extraction_papers\ontocast_runs\run_100_20260611_194110\output\facts_de5ca28afd63.ttl,Fault feature extraction,"32,27,18,253,229","32,190,229,198,235",True,True,True,0.504,0.504,0.504,0.5034000000000001,5,5,0,0,0.525294579816319,0.5967863247863248
83,extraction_papers\ontocast_runs\run_100_20260611_194110\output\facts_df8ade058f3c.ttl,One step future state forecast,"106,10,131,132,135","106,132,135,10,134",True,True,True,0.504,0.504,0.5025999999999999,0.5025999999999999,5,5,0,0,0.3490736383442266,0.3655148148148148
84,extraction_papers\ontocast_runs\run_100_20260611_194110\output\facts_e339faccffb2.ttl,Fault feature extraction,"231,70,27,235,190","231,190,229,198,235",True,True,True,0.533,0.533,0.5146000000000001,0.5096,5,5,0,0,0.5554281889462613,0.6022783882783883
85,extraction_papers\ontocast_runs\run_100_20260611_194110\output\facts_e3fe4a88d35e.ttl,Remaining useful life estimation,"51,53,52,55,54","51,207,204,36,55",True,True,True,0.577,0.577,0.577,0.577,4,5,1,0,0.28709160571229536,0.541168684973563
86,extraction_papers\ontocast_runs\run_100_20260611_194110\output\facts_e6e38ea99070.ttl,Fault identification,"196,13,246,243,244","196,216,247,13,243",True,True,True,0.607,0.607,0.5318,0.5287999999999999,4,5,1,0,0.4764780219780219,0.6744193121693121
87,extraction_papers\ontocast_runs\run_100_20260611_194110\output\facts_e70725b3b5d6.ttl,Fault detection,"209,211,175,191,215","209,166,211,215,175",True,True,True,0.513,0.513,0.5124000000000001,0.5112,5,5,0,0,0.5329652014652014,0.6026370296370296
88,extraction_papers\ontocast_runs\run_100_20260611_194110\output\facts_e86e97063e64.ttl,Remaining useful life estimation,"51,53,52,55,54","51,207,204,36,55",True,True,True,0.707,0.707,0.707,0.707,4,5,1,0,0.28709160571229536,0.541168684973563
89,extraction_papers\ontocast_runs\run_100_20260611_194110\output\facts_ea20ed52a8e1.ttl,Remaining useful life estimation,"22,21,24,23,26","22,15,242,122,232",True,True,True,0.513,0.513,0.513,0.513,3,5,1,0,0.16684210526315785,0.5206693526830827
90,extraction_papers\ontocast_runs\run_100_20260611_194110\output\facts_ea68a5c8efe4.ttl,Remaining useful life estimation,"51,53,52,55,54","51,207,204,36,55",True,True,True,0.577,0.577,0.577,0.577,4,5,1,0,0.28709160571229536,0.541168684973563
91,extraction_papers\ontocast_runs\run_100_20260611_194110\output\facts_eebe82604414.ttl,Fault detection,"215,218,230,19,245","215,200,166,218,19",True,True,True,0.543,0.543,0.5244,0.5214,5,5,0,0,0.39573015873015877,0.5840332985727723
92,extraction_papers\ontocast_runs\run_100_20260611_194110\output\facts_eee19782a44b.ttl,Fault detection,"20,166,167,200,42","20,166,34,200,33",True,True,True,0.611,0.611,0.6003999999999999,0.5993999999999999,4,5,1,0,0.4702791068580542,0.48291578947368424
93,extraction_papers\ontocast_runs\run_100_20260611_194110\output\facts_efdcb1f88fec.ttl,Remaining useful life estimation,"59,58,60,35,37","59,60,120,30,36",True,True,True,0.525,0.525,0.5226000000000001,0.5214000000000001,5,5,0,0,0.3644955547307812,0.43304453441295543
94,extraction_papers\ontocast_runs\run_100_20260611_194110\output\facts_f1592c013293.ttl,Fault detection,"209,42,41,44,43","209,33,34,44,41",True,True,True,0.707,0.707,0.707,0.707,5,5,0,0,0.4394110275689223,0.4859203463203463
95,extraction_papers\ontocast_runs\run_100_20260611_194110\output\facts_f2edcbd552fb.ttl,Remaining useful life estimation,"155,204,234,232,233","155,122,249,16,128",True,True,True,0.517,0.517,0.5146000000000001,0.5146000000000001,5,5,0,0,0.3502353810948777,0.5664559944559944
96,extraction_papers\ontocast_runs\run_100_20260611_194110\output\facts_f47994220d2b.ttl,Fault detection,"209,42,41,44,43","209,33,34,44,41",True,True,True,0.707,0.707,0.707,0.707,5,5,0,0,0.4394110275689223,0.4859203463203463
97,extraction_papers\ontocast_runs\run_100_20260611_194110\output\facts_fa4fa2d69a6d.ttl,Remaining useful life estimation,"92,204,97,127,75","92,204,69,36,97",True,True,True,0.579,0.579,0.525,0.5248,5,5,0,0,0.504124894124894,0.5045299145299146
98,extraction_papers\ontocast_runs\run_100_20260611_194110\output\facts_fa83aff3fe09.ttl,Health assessment,"239,153,154,193,221","239,221,7,153,38",True,True,True,0.543,0.543,0.5406000000000001,0.526,4,5,1,0,0.43527210182318543,0.5435769525017683
99,extraction_papers\ontocast_runs\run_100_20260611_194110\output\facts_fb9baedee0bb.ttl,Remaining useful life estimation,"155,51,53,52,55","155,223,4,53,169",True,True,True,0.513,0.513,0.513,0.513,4,5,1,0,0.35719191919191917,0.5095496360417077
100,extraction_papers\ontocast_runs\run_100_20260611_194110\output\facts_ff6a373cd570.ttl,Health assessment,"227,7,177,188,221","227,213,221,193,104",True,True,True,0.522,0.522,0.5166000000000001,0.5096,4,5,1,0,0.4686313569208306,0.603223926999382
101,extraction_papers\ontocast_runs\run_500_20260710_185042\output\facts_01ed610980f6.ttl,Fault feature extraction,"18,235,70,32,253","18,229,70,190,235",True,True,True,0.53,0.53,0.5186000000000001,0.516,5,5,0,0,0.4278531267928858,0.599411467177837
102,extraction_papers\ontocast_runs\run_500_20260710_185042\output\facts_0274d4e4b6b4.ttl,Remaining useful life estimation,"59,58,60,226,207","59,15,208,242,122",True,True,True,0.6,0.6,0.599,0.5948,5,5,0,0,0.4591863664790495,0.5851738929930717
103,extraction_papers\ontocast_runs\run_500_20260710_185042\output\facts_02b1e1db1ebc.ttl,Remaining useful life estimation,"172,207,208,226,92","172,208,204,21,92",True,True,True,0.527,0.527,0.5206,0.5178,5,5,0,0,0.5044973325833888,0.5740405404457907
104,extraction_papers\ontocast_runs\run_500_20260710_185042\output\facts_02cb90b55b51.ttl,Remaining useful life estimation,"197,169,107,92,108","197,51,126,107,92",True,True,True,0.527,0.527,0.5193999999999999,0.5174,4,5,1,0,0.4566448570586502,0.547553947967741
105,extraction_papers\ontocast_runs\run_500_20260710_185042\output\facts_02fa479982bb.ttl,Fault detection,"215,166,167,72,209","215,200,166,218,211",True,True,True,0.518,0.518,0.5114,0.509,4,5,1,0,0.5281532918301212,0.6198774544169281
106,extraction_papers\ontocast_runs\run_500_20260710_185042\output\facts_036cad9d17bd.ttl,Remaining useful life estimation,"234,232,233,15,14","234,122,249,128,16",True,True,True,0.689,0.689,0.689,0.689,4,5,1,0,0.3189603238866397,0.5494555202976256
107,extraction_papers\ontocast_runs\run_500_20260710_185042\output\facts_0427cffaf5f0.ttl,Fault detection,"20,42,41,44,43","20,44,34,33,230",True,True,True,0.53,0.53,0.5252000000000001,0.5238,5,5,0,0,0.3828822055137845,0.45906280386280385
108,extraction_papers\ontocast_runs\run_500_20260710_185042\output\facts_0565684ca025.ttl,One step future state forecast,"10,106,131,132,135","10,134,132,106,135",True,True,True,0.51,0.51,0.5058,0.5058,5,5,0,0,0.3490736383442266,0.3655148148148148
109,extraction_papers\ontocast_runs\run_500_20260710_185042\output\facts_0569999cb923.ttl,Remaining useful life estimation,"234,232,233,15,14","234,122,249,128,16",True,True,True,0.707,0.707,0.707,0.707,4,5,1,0,0.3189603238866397,0.5494555202976256
110,extraction_papers\ontocast_runs\run_500_20260710_185042\output\facts_0593a9919b79.ttl,Health assessment,"31,38,239,213,221","31,213,239,221,104",True,True,True,0.577,0.577,0.577,0.577,5,5,0,0,0.5621461887290472,0.5927769588210243
111,extraction_papers\ontocast_runs\run_500_20260710_185042\output\facts_06390a092d7f.ttl,Fault identification,"247,203,189,216,196","247,201,189,255,176",True,True,True,0.524,0.524,0.5174000000000001,0.5136000000000001,5,5,0,0,0.5942891488316017,0.678322134150003
112,extraction_papers\ontocast_runs\run_500_20260710_185042\output\facts_06c8822b55d2.ttl,One step future state forecast,"131,132,106,10,135","131,10,135,132,133",True,True,True,0.707,0.707,0.707,0.707,5,5,0,0,0.34907363834422656,0.32854030501089326
113,extraction_papers\ontocast_runs\run_500_20260710_185042\output\facts_0761d601b305.ttl,Fault detection,"42,41,44,43,46","42,34,44,41,29",True,True,True,0.546,0.546,0.546,0.546,5,5,0,0,0.2967919799498747,0.352885623148781
114,extraction_papers\ontocast_runs\run_500_20260710_185042\output\facts_08257ce5150f.ttl,One step future state forecast,"131,132,106,10,135","131,10,135,132,133",True,True,True,0.577,0.577,0.577,0.577,5,5,0,0,0.34907363834422656,0.32854030501089326
115,extraction_papers\ontocast_runs\run_500_20260710_185042\output\facts_0c0922d4a23b.ttl,One step future state forecast,"131,132,106,10,135","131,10,135,132,133",True,True,True,0.707,0.707,0.707,0.707,5,5,0,0,0.34907363834422656,0.32854030501089326
116,extraction_papers\ontocast_runs\run_500_20260710_185042\output\facts_0c556dd91c12.ttl,Health assessment,"31,38,104,7,177","31,213,239,221,104",True,True,True,0.501,0.501,0.501,0.5004,4,5,1,0,0.4953851679929266,0.5927769588210243
117,extraction_papers\ontocast_runs\run_500_20260710_185042\output\facts_0cf575569a46.ttl,Fault detection,"166,167,98,42,41","166,34,98,42,44",True,True,True,0.655,0.655,0.5852,0.5589999999999999,4,5,1,0,0.28563530037214246,0.3562519936204147
118,extraction_papers\ontocast_runs\run_500_20260710_185042\output\facts_0d06342b9b75.ttl,Fault detection,"209,42,41,44,43","209,33,34,44,41",True,True,True,0.707,0.707,0.707,0.707,5,5,0,0,0.4394110275689223,0.4859203463203463
119,extraction_papers\ontocast_runs\run_500_20260710_185042\output\facts_0e2936cf44a8.ttl,Health assessment,"221,31,38,104,239","221,239,7,104,31",True,True,True,0.519,0.519,0.515,0.5136000000000001,5,5,0,0,0.5456848485867531,0.5903500277562428
120,extraction_papers\ontocast_runs\run_500_20260710_185042\output\facts_0e472e57d26e.ttl,One step future state forecast,"10,131,132,135,133","10,134,132,106,135",True,True,True,0.508,0.508,0.5048,0.5048,5,5,0,0,0.32854030501089326,0.3655148148148148
121,extraction_papers\ontocast_runs\run_500_20260710_185042\output\facts_0efdf6da33d6.ttl,One step future state forecast,"131,132,135,133,134","131,10,135,132,133",True,True,True,0.506,0.506,0.506,0.5058,5,5,0,0,0.24191316526610646,0.32854030501089326
122,extraction_papers\ontocast_runs\run_500_20260710_185042\output\facts_10262fb0fde1.ttl,Remaining useful life estimation,"226,59,58,60,127","226,60,69,55,127",True,True,True,0.664,0.664,0.6038,0.5846,5,5,0,0,0.4646996887279301,0.575651336139141
123,extraction_papers\ontocast_runs\run_500_20260710_185042\output\facts_117847e3c530.ttl,Fault identification,"13,246,196,203,189","13,247,202,255,216",True,True,True,0.517,0.517,0.5146000000000001,0.5095999999999999,5,5,0,0,0.4371305204229733,0.6911682993097819
124,extraction_papers\ontocast_runs\run_500_20260710_185042\output\facts_12e0db15847a.ttl,Fault feature extraction,"32,253,198,190,70","32,190,229,198,235",True,True,True,0.524,0.524,0.5222,0.5178,5,5,0,0,0.5374717919296232,0.5967863247863248
125,extraction_papers\ontocast_runs\run_500_20260710_185042\output\facts_12e4132d369b.ttl,Fault detection,"72,245,166,167,200","72,218,166,211,245",True,True,True,0.598,0.598,0.5908,0.5902000000000001,4,5,1,0,0.48313338202234224,0.604528639382298
126,extraction_papers\ontocast_runs\run_500_20260710_185042\output\facts_13a2395c2081.ttl,Health modelling,"57,205,206,240,236","57,217,160,224,241",True,True,True,0.577,0.577,0.577,0.577,5,5,0,0,0.4206502177068215,0.5495947206297596
127,extraction_papers\ontocast_runs\run_500_20260710_185042\output\facts_13e24977c6b6.ttl,Health assessment,"221,239,153,154,193","221,239,7,104,227",True,True,True,0.536,0.536,0.52,0.5166,4,5,1,0,0.43527210182318543,0.610850839706103
128,extraction_papers\ontocast_runs\run_500_20260710_185042\output\facts_1489f1caf7d4.ttl,Remaining useful life estimation,"204,108,97,22,21","204,68,184,97,108",True,True,True,0.596,0.596,0.5446,0.5432,5,5,0,0,0.47665645067704554,0.5198808243201836
129,extraction_papers\ontocast_runs\run_500_20260710_185042\output\facts_14d4842dceea.ttl,Fault detection,"166,167,98,20,42","166,20,34,33,44",True,True,True,0.533,0.533,0.5258,0.5212,4,5,1,0,0.352869750132908,0.43890909090909097
130,extraction_papers\ontocast_runs\run_500_20260710_185042\output\facts_150362587e21.ttl,Fault detection,"19,72,209,211,215","19,211,44,215,46",True,True,True,0.524,0.524,0.5098,0.5088,5,5,0,0,0.5188329461866047,0.5735546398046398
131,extraction_papers\ontocast_runs\run_500_20260710_185042\output\facts_159a8af82084.ttl,Fault detection,"42,41,44,43,46","42,34,215,44,41",True,True,True,0.59,0.59,0.59,0.5755999999999999,5,5,0,0,0.2967919799498747,0.4477064163906269
132,extraction_papers\ontocast_runs\run_500_20260710_185042\output\facts_15d6e0f725e9.ttl,Fault detection,"200,230,19,20,166","200,166,230,211,19",True,True,True,0.527,0.527,0.5174000000000001,0.5162,4,5,1,0,0.4226502883081831,0.5484547616126563
133,extraction_papers\ontocast_runs\run_500_20260710_185042\output\facts_16259bb8b181.ttl,Fault detection,"209,42,41,44,43","209,33,34,44,41",True,True,True,0.577,0.577,0.577,0.577,5,5,0,0,0.4394110275689223,0.4859203463203463
134,extraction_papers\ontocast_runs\run_500_20260710_185042\output\facts_1649303d03f5.ttl,Remaining useful life estimation,"51,53,52,55,54","51,207,204,36,55",True,True,True,0.577,0.577,0.577,0.577,4,5,1,0,0.28709160571229536,0.541168684973563
135,extraction_papers\ontocast_runs\run_500_20260710_185042\output\facts_164938fe194b.ttl,Remaining useful life estimation,"127,69,226,59,58","127,208,60,69,108",True,True,True,0.552,0.552,0.536,0.532,5,5,0,0,0.41334325596456534,0.5817877583572554
136,extraction_papers\ontocast_runs\run_500_20260710_185042\output\facts_171b435bdf9e.ttl,Fault feature extraction,"70,18,229,17,235","70,190,229,198,235",True,True,True,0.52,0.52,0.5109999999999999,0.5086,4,5,1,0,0.5089645807309505,0.605755152478044
137,extraction_papers\ontocast_runs\run_500_20260710_185042\output\facts_173e989f42c4.ttl,Remaining useful life estimation,"51,53,52,55,54","51,207,204,36,55",True,True,True,0.707,0.707,0.707,0.707,4,5,1,0,0.28709160571229536,0.541168684973563
138,extraction_papers\ontocast_runs\run_500_20260710_185042\output\facts_1762d3edd470.ttl,Health assessment,"188,31,38,104,2","188,227,104,193,38",True,True,True,0.534,0.534,0.5184,0.5160000000000001,5,5,0,0,0.5176489761461331,0.5954527733967389
139,extraction_papers\ontocast_runs\run_500_20260710_185042\output\facts_17792a3e16ba.ttl,One step future state forecast,"131,132,106,10,135","131,10,135,132,133",True,True,True,0.577,0.577,0.577,0.577,5,5,0,0,0.34907363834422656,0.32854030501089326
140,extraction_papers\ontocast_runs\run_500_20260710_185042\output\facts_17cd6a7ce0d1.ttl,Fault detection,"209,211,191,42,41","209,33,211,34,44",True,True,True,0.604,0.604,0.6035999999999999,0.6033999999999999,5,5,0,0,0.5749542767174346,0.5761606060606062
141,extraction_papers\ontocast_runs\run_500_20260710_185042\output\facts_184d608e1f84.ttl,Health assessment,"31,38,239,213,221","31,213,239,221,104",True,True,True,0.5,0.5,0.5,0.5,5,5,0,0,0.5621461887290472,0.5927769588210243
142,extraction_papers\ontocast_runs\run_500_20260710_185042\output\facts_1850d37fbad4.ttl,Remaining useful life estimation,"181,234,232,233,15","181,249,233,128,122",True,True,True,0.544,0.544,0.5351999999999999,0.5351999999999999,5,5,0,0,0.34178785425101216,0.5624635404635405
143,extraction_papers\ontocast_runs\run_500_20260710_185042\output\facts_18cf238441be.ttl,Fault detection,"42,41,44,43,46","42,195,34,19,44",True,True,True,0.534,0.534,0.534,0.5288,5,5,0,0,0.2967919799498747,0.505408951150134
144,extraction_papers\ontocast_runs\run_500_20260710_185042\output\facts_1996f16e00b3.ttl,Health assessment,"221,213,239,153,154","221,239,7,104,227",True,True,True,0.519,0.519,0.5174,0.5109999999999999,4,5,1,0,0.5267071805035912,0.610850839706103
145,extraction_papers\ontocast_runs\run_500_20260710_185042\output\facts_1aa5b3e6f988.ttl,Remaining useful life estimation,"22,21,24,23,26","22,107,51,55,56",True,True,True,0.609,0.609,0.609,0.6060000000000001,3,5,1,0,0.16684210526315785,0.3759436469962786
146,extraction_papers\ontocast_runs\run_500_20260710_185042\output\facts_1afce5a917c7.ttl,Fault detection,"209,42,41,44,43","209,33,34,44,41",True,True,True,0.577,0.577,0.577,0.577,5,5,0,0,0.4394110275689223,0.4859203463203463
147,extraction_papers\ontocast_runs\run_500_20260710_185042\output\facts_1b8e16eda666.ttl,Fault detection,"209,42,41,44,43","209,33,34,44,41",True,True,True,0.577,0.577,0.577,0.577,5,5,0,0,0.4394110275689223,0.4859203463203463
148,extraction_papers\ontocast_runs\run_500_20260710_185042\output\facts_1be481d41400.ttl,Health assessment,"213,31,38,227,104","213,173,193,38,104",True,True,True,0.595,0.595,0.591,0.5893999999999999,5,5,0,0,0.5594998638752882,0.6117605715175003
149,extraction_papers\ontocast_runs\run_500_20260710_185042\output\facts_1c251ba771a0.ttl,Fault detection,"215,175,20,245,166","215,175,44,209,47",True,True,True,0.595,0.595,0.5902,0.5878,5,5,0,0,0.4536479353979354,0.5211358685174474
150,extraction_papers\ontocast_runs\run_500_20260710_185042\output\facts_1d38dce714eb.ttl,Fault detection,"209,42,41,44,43","209,33,34,44,41",True,True,True,0.577,0.577,0.577,0.577,5,5,0,0,0.4394110275689223,0.4859203463203463
151,extraction_papers\ontocast_runs\run_500_20260710_185042\output\facts_1d50f4186005.ttl,Health assessment,"31,38,239,213,221","31,213,239,221,104",True,True,True,0.577,0.577,0.577,0.577,5,5,0,0,0.5621461887290472,0.5927769588210243
152,extraction_papers\ontocast_runs\run_500_20260710_185042\output\facts_1de7d146cbcc.ttl,One step future state forecast,"131,132,106,10,135","131,10,135,132,133",True,True,True,0.707,0.707,0.707,0.707,5,5,0,0,0.34907363834422656,0.32854030501089326
153,extraction_papers\ontocast_runs\run_500_20260710_185042\output\facts_1dfb91166b11.ttl,Fault detection,"230,209,211,191,19","230,211,41,218,209",True,True,True,0.519,0.519,0.517,0.5124000000000001,5,5,0,0,0.48677655677655673,0.5916379731379732
154,extraction_papers\ontocast_runs\run_500_20260710_185042\output\facts_1dfe564c9a8c.ttl,Remaining useful life estimation,"127,226,97,69,169","127,208,69,226,169",True,True,True,0.519,0.519,0.5188,0.518,5,5,0,0,0.4224377059986816,0.5250069153368739
155,extraction_papers\ontocast_runs\run_500_20260710_185042\output\facts_1e325e1b6ca0.ttl,Fault detection,"200,72,195,42,41","200,44,34,33,41",True,True,True,0.517,0.517,0.5162000000000001,0.5154000000000001,5,5,0,0,0.4600711988671704,0.4612727272727272
156,extraction_papers\ontocast_runs\run_500_20260710_185042\output\facts_1e54a6d33b60.ttl,Fault detection,"42,41,44,43,46","42,20,34,44,41",True,True,True,0.54,0.54,0.54,0.5354,5,5,0,0,0.2967919799498747,0.4329744816586921
157,extraction_papers\ontocast_runs\run_500_20260710_185042\output\facts_1e7646977023.ttl,Health modelling,"71,91,168,236,174","71,260,179,168,12",True,True,True,0.6,0.6,0.593,0.591,5,5,0,0,0.39880134680134677,0.5643052230420651
158,extraction_papers\ontocast_runs\run_500_20260710_185042\output\facts_1ef6273f524a.ttl,Remaining useful life estimation,"223,222,184,35,37","223,222,184,120,30",True,True,True,0.6,0.6,0.5979999999999999,0.5979999999999999,5,5,0,0,0.5334716487909892,0.562199951306398
159,extraction_papers\ontocast_runs\run_500_20260710_185042\output\facts_200b31896355.ttl,Fault detection,"72,215,166,167,98","72,218,166,211,230",True,True,True,0.527,0.527,0.5102,0.5075999999999999,4,5,1,0,0.4303553952822245,0.6071577880114465
160,extraction_papers\ontocast_runs\run_500_20260710_185042\output\facts_207c2f61486e.ttl,Fault detection,"98,209,42,41,44","98,209,42,44,34",True,True,True,0.501,0.501,0.5002,0.5002,5,5,0,0,0.4307435254803676,0.4510146578567632
161,extraction_papers\ontocast_runs\run_500_20260710_185042\output\facts_2087e3707b95.ttl,Fault detection,"218,209,42,41,44","218,34,19,42,44",True,True,True,0.578,0.578,0.5771999999999999,0.5771999999999999,5,5,0,0,0.5477520724889147,0.5619777882935777
162,extraction_papers\ontocast_runs\run_500_20260710_185042\output\facts_2090c159abe1.ttl,One step future state forecast,"131,132,106,10,135","131,10,135,132,133",True,True,True,0.707,0.707,0.707,0.707,5,5,0,0,0.34907363834422656,0.32854030501089326
163,extraction_papers\ontocast_runs\run_500_20260710_185042\output\facts_20954c1af19d.ttl,Remaining useful life estimation,"95,96,122,123,82","95,122,81,232,123",True,True,True,0.714,0.714,0.6930000000000002,0.6768000000000001,4,5,1,0,0.4780309177680893,0.5642767989901907
164,extraction_papers\ontocast_runs\run_500_20260710_185042\output\facts_209acc5bf5ca.ttl,Fault detection,"209,211,191,200,215","209,166,211,215,218",True,True,True,0.604,0.604,0.6007999999999999,0.5958,5,5,0,0,0.4855994312704839,0.609658535908536
165,extraction_papers\ontocast_runs\run_500_20260710_185042\output\facts_2188ec61f052.ttl,Fault detection,"72,230,215,166,167","72,218,44,230,42",True,True,True,0.527,0.527,0.5124000000000001,0.5112,4,5,1,0,0.469986791663621,0.5723425355132672
166,extraction_papers\ontocast_runs\run_500_20260710_185042\output\facts_21b5422495b4.ttl,Fault detection,"245,209,20,211,191","245,211,41,209,34",True,True,True,0.521,0.521,0.5154,0.5142000000000001,5,5,0,0,0.5038876678876678,0.5800881895881896
167,extraction_papers\ontocast_runs\run_500_20260710_185042\output\facts_21bd9d788c78.ttl,One step future state forecast,"10,131,132,135,133","10,134,132,106,135",True,True,True,0.578,0.578,0.578,0.5778,5,5,0,0,0.32854030501089326,0.3655148148148148
168,extraction_papers\ontocast_runs\run_500_20260710_185042\output\facts_21f5994b1922.ttl,Fault detection,"200,166,167,98,230","200,166,230,34,33",True,True,True,0.527,0.527,0.5226,0.5194000000000001,4,5,1,0,0.4395239643397538,0.4826223162802109
169,extraction_papers\ontocast_runs\run_500_20260710_185042\output\facts_22617f0051a2.ttl,One step future state forecast,"131,132,106,10,135","131,10,135,132,133",True,True,True,0.707,0.707,0.707,0.707,5,5,0,0,0.34907363834422656,0.32854030501089326
170,extraction_papers\ontocast_runs\run_500_20260710_185042\output\facts_2313ca9c6aa6.ttl,Remaining useful life estimation,"204,35,37,36,22","204,36,21,35,119",True,True,True,0.517,0.517,0.517,0.517,5,5,0,0,0.41804211457024526,0.4732961980548188
171,extraction_papers\ontocast_runs\run_500_20260710_185042\output\facts_23354065a3d2.ttl,Remaining useful life estimation,"51,53,52,55,54","51,207,204,36,55",True,True,True,0.707,0.707,0.707,0.707,4,5,1,0,0.28709160571229536,0.541168684973563
172,extraction_papers\ontocast_runs\run_500_20260710_185042\output\facts_24a3a2cce978.ttl,Fault detection,"42,41,44,43,46","42,230,34,19,44",True,True,True,0.593,0.593,0.593,0.593,5,5,0,0,0.2967919799498747,0.4613364880733301
173,extraction_papers\ontocast_runs\run_500_20260710_185042\output\facts_24b4f118581d.ttl,Fault detection,"98,200,72,20,230","98,218,211,215,200",True,True,True,0.513,0.513,0.5084000000000001,0.5062,5,5,0,0,0.34849358974358974,0.5949527183342973
174,extraction_papers\ontocast_runs\run_500_20260710_185042\output\facts_24ff1d69286e.ttl,Fault detection,"195,42,41,44,43","195,44,19,34,33",True,True,True,0.515,0.515,0.5062,0.5062,5,5,0,0,0.4713421440198434,0.5023265854420493
175,extraction_papers\ontocast_runs\run_500_20260710_185042\output\facts_258e3e8931aa.ttl,Remaining useful life estimation,"35,37,36,28,30","35,36,115,37,30",True,True,True,0.595,0.595,0.595,0.595,4,5,1,0,0.2680996168582376,0.29012887495646117
176,extraction_papers\ontocast_runs\run_500_20260710_185042\output\facts_25ab5d9cebe4.ttl,Remaining useful life estimation,"107,256,92,147,148","107,223,92,208,149",True,True,True,0.59,0.59,0.59,0.5885999999999999,5,5,0,0,0.414142631203778,0.5816942984724378
177,extraction_papers\ontocast_runs\run_500_20260710_185042\output\facts_2676d75af134.ttl,Fault detection,"42,41,44,43,46","42,34,19,44,41",True,True,True,0.59,0.59,0.59,0.575,5,5,0,0,0.2967919799498747,0.4329744816586921
178,extraction_papers\ontocast_runs\run_500_20260710_185042\output\facts_274a592d6e6a.ttl,Health assessment,"31,38,239,213,221","31,213,239,221,104",True,True,True,0.707,0.707,0.707,0.707,5,5,0,0,0.5621461887290472,0.5927769588210243
179,extraction_papers\ontocast_runs\run_500_20260710_185042\output\facts_27ad2a70e827.ttl,Fault detection,"215,19,42,41,44","215,34,19,42,44",True,True,True,0.536,0.536,0.5210000000000001,0.5210000000000001,5,5,0,0,0.466774628879892,0.49655333701386334
180,extraction_papers\ontocast_runs\run_500_20260710_185042\output\facts_27df4a5e3a93.ttl,Fault detection,"209,42,41,44,43","209,33,34,44,41",True,True,True,0.707,0.707,0.707,0.707,5,5,0,0,0.4394110275689223,0.4859203463203463
181,extraction_papers\ontocast_runs\run_500_20260710_185042\output\facts_282a78718eb1.ttl,Fault detection,"42,41,44,43,46","42,200,34,19,44",True,True,True,0.605,0.605,0.605,0.6002,5,5,0,0,0.2967919799498747,0.48870972886762354
182,extraction_papers\ontocast_runs\run_500_20260710_185042\output\facts_2881f791711d.ttl,Remaining useful life estimation,"59,58,60,222,184","59,60,184,120,30",True,True,True,0.531,0.531,0.531,0.5286,5,5,0,0,0.46021427747664634,0.5288442958008176
183,extraction_papers\ontocast_runs\run_500_20260710_185042\output\facts_2904db2538a7.ttl,Fault feature extraction,"32,253,198,17,27","32,190,229,198,235",True,True,True,0.515,0.515,0.5122,0.5077999999999999,5,5,0,0,0.4506625258799172,0.5967863247863248
184,extraction_papers\ontocast_runs\run_500_20260710_185042\output\facts_29117213505d.ttl,Fault feature extraction,"32,27,235,17,18","32,190,229,198,235",True,True,True,0.577,0.577,0.577,0.577,4,5,1,0,0.4246031746031746,0.5967863247863248
185,extraction_papers\ontocast_runs\run_500_20260710_185042\output\facts_29f76b527a2b.ttl,Fault feature extraction,"70,32,17,253,198","70,190,229,198,235",True,True,True,0.524,0.524,0.5168000000000001,0.5132,5,5,0,0,0.4459120955873182,0.605755152478044
186,extraction_papers\ontocast_runs\run_500_20260710_185042\output\facts_2b6e75ab029f.ttl,Fault detection,"209,42,41,44,43","209,33,34,44,41",True,True,True,0.707,0.707,0.707,0.707,5,5,0,0,0.4394110275689223,0.4859203463203463
187,extraction_papers\ontocast_runs\run_500_20260710_185042\output\facts_2c4885be8796.ttl,Fault detection,"42,41,44,43,46","42,200,34,44,41",True,True,True,0.645,0.645,0.645,0.6378,5,5,0,0,0.2967919799498747,0.463518341307815
188,extraction_papers\ontocast_runs\run_500_20260710_185042\output\facts_2cbf6784d2e3.ttl,Remaining useful life estimation,"204,222,184,8,178","204,222,184,242,122",True,True,True,0.521,0.521,0.5189999999999999,0.5186,4,5,1,0,0.434509523678031,0.6241884186112072
189,extraction_papers\ontocast_runs\run_500_20260710_185042\output\facts_2cfb118e9d92.ttl,Fault detection,"42,41,44,43,46","42,200,34,44,41",True,True,True,0.559,0.559,0.559,0.5526000000000001,5,5,0,0,0.2967919799498747,0.463518341307815
190,extraction_papers\ontocast_runs\run_500_20260710_185042\output\facts_2d91c598af4f.ttl,Fault detection,"200,19,166,167,20","200,166,230,19,34",True,True,True,0.527,0.527,0.5156000000000001,0.5147999999999999,3,5,1,0,0.43354066985645934,0.4679393325972273
191,extraction_papers\ontocast_runs\run_500_20260710_185042\output\facts_2db1655d31a6.ttl,Remaining useful life estimation,"127,226,69,225,169","127,15,226,242,69",True,True,True,0.523,0.523,0.5209999999999999,0.5206000000000001,5,5,0,0,0.4655266974291365,0.5750387192805009
192,extraction_papers\ontocast_runs\run_500_20260710_185042\output\facts_2f1204323191.ttl,Remaining useful life estimation,"157,158,156,181,263","157,16,122,242,232",True,True,True,0.591,0.591,0.5908,0.5902,3,5,1,0,0.44423076923076915,0.5482300064542628
193,extraction_papers\ontocast_runs\run_500_20260710_185042\output\facts_30228a3c2349.ttl,Remaining useful life estimation,"181,234,232,233,15","181,249,233,128,122",True,True,True,0.544,0.544,0.5351999999999999,0.5351999999999999,5,5,0,0,0.34178785425101216,0.5624635404635405
194,extraction_papers\ontocast_runs\run_500_20260710_185042\output\facts_30ddca7feb40.ttl,Health assessment,"173,188,7,177,221","173,213,221,193,7",True,True,True,0.515,0.515,0.5124000000000001,0.5088,4,5,1,0,0.46453041387251914,0.5928097596915846
195,extraction_papers\ontocast_runs\run_500_20260710_185042\output\facts_3252fa8ca6bb.ttl,Fault detection,"19,175,72,218,245","19,218,44,34,33",True,True,True,0.591,0.591,0.5904,0.5877999999999999,5,5,0,0,0.43146258077965405,0.5589462093462093
196,extraction_papers\ontocast_runs\run_500_20260710_185042\output\facts_344967ac8b3f.ttl,Fault detection,"215,72,20,200,195","215,200,166,218,20",True,True,True,0.598,0.598,0.5925999999999999,0.5879999999999999,5,5,0,0,0.38840746022083117,0.5840332985727723
197,extraction_papers\ontocast_runs\run_500_20260710_185042\output\facts_34747f2051b2.ttl,Remaining useful life estimation,"97,35,37,36,28","97,36,35,115,37",True,True,True,0.604,0.604,0.5968,0.5968,4,5,1,0,0.28471264367816096,0.2996307906652734
198,extraction_papers\ontocast_runs\run_500_20260710_185042\output\facts_3586d03d85ef.ttl,Health assessment,"221,73,213,31,38","221,239,213,31,104",True,True,True,0.555,0.555,0.5428000000000001,0.533,5,5,0,0,0.44115935406836887,0.5927769588210243
199,extraction_papers\ontocast_runs\run_500_20260710_185042\output\facts_359c9220d540.ttl,Fault detection,"209,42,41,44,43","209,33,34,44,41",True,True,True,0.577,0.577,0.577,0.577,5,5,0,0,0.4394110275689223,0.4859203463203463
200,extraction_papers\ontocast_runs\run_500_20260710_185042\output\facts_35ed82347e21.ttl,Remaining useful life estimation,"181,35,37,36,28","181,111,36,30,37",True,True,True,0.52,0.52,0.5160000000000001,0.5160000000000001,4,5,1,0,0.41359504862953134,0.44828749028749026
201,extraction_papers\ontocast_runs\run_500_20260710_185042\output\facts_35eebb7b7afe.ttl,Fault feature extraction,"231,70,235,190,32","231,190,229,198,235",True,True,True,0.506,0.506,0.5042000000000001,0.5038,5,5,0,0,0.5296825396825396,0.6022783882783883
202,extraction_papers\ontocast_runs\run_500_20260710_185042\output\facts_3646b6f83eec.ttl,Health assessment,"31,38,104,227,73","31,213,239,104,221",True,True,True,0.546,0.546,0.5316000000000001,0.5206000000000001,5,5,0,0,0.45733195455600073,0.5927769588210243
203,extraction_papers\ontocast_runs\run_500_20260710_185042\output\facts_369aa98c1873.ttl,Health assessment,"188,31,38,104,2","188,227,104,193,38",True,True,True,0.534,0.534,0.5184,0.5160000000000001,5,5,0,0,0.5176489761461331,0.5954527733967389
204,extraction_papers\ontocast_runs\run_500_20260710_185042\output\facts_379d2a018523.ttl,Health assessment,"221,188,227,2,73","221,239,7,104,227",True,True,True,0.532,0.532,0.5174000000000001,0.5134000000000001,5,5,0,0,0.33770807649755014,0.610850839706103
205,extraction_papers\ontocast_runs\run_500_20260710_185042\output\facts_3802ef04d008.ttl,Health assessment,"31,38,239,213,221","31,213,239,221,104",True,True,True,0.577,0.577,0.577,0.577,5,5,0,0,0.5621461887290472,0.5927769588210243
206,extraction_papers\ontocast_runs\run_500_20260710_185042\output\facts_3816e4cb701a.ttl,Fault detection,"42,41,44,43,46","42,34,44,41,29",True,True,True,0.685,0.685,0.685,0.685,5,5,0,0,0.2967919799498747,0.352885623148781
207,extraction_papers\ontocast_runs\run_500_20260710_185042\output\facts_38b8482122f9.ttl,Remaining useful life estimation,"169,225,207,208,51","169,208,55,222,54",True,True,True,0.522,0.522,0.5172000000000001,0.516,5,5,0,0,0.4557611596870686,0.5161292561266537
208,extraction_papers\ontocast_runs\run_500_20260710_185042\output\facts_38f7a98014e5.ttl,Health assessment,"7,177,239,153,154","7,227,104,193,221",True,True,True,0.518,0.518,0.5138,0.5108,3,5,1,0,0.4840849673202615,0.6004300869695607
209,extraction_papers\ontocast_runs\run_500_20260710_185042\output\facts_391d81ab140b.ttl,Remaining useful life estimation,"51,53,52,55,54","51,207,204,36,55",True,True,True,0.577,0.577,0.577,0.577,4,5,1,0,0.28709160571229536,0.541168684973563
210,extraction_papers\ontocast_runs\run_500_20260710_185042\output\facts_395330d7af73.ttl,Fault detection,"200,98,20,209,211","200,215,166,211,20",True,True,True,0.645,0.645,0.6060000000000001,0.6028,5,5,0,0,0.4542222222222222,0.594012595591543
211,extraction_papers\ontocast_runs\run_500_20260710_185042\output\facts_3979e8861110.ttl,Fault detection,"200,98,209,211,215","200,215,166,218,211",True,True,True,0.595,0.595,0.5868,0.5853999999999999,5,5,0,0,0.5451253775464301,0.6198774544169281
212,extraction_papers\ontocast_runs\run_500_20260710_185042\output\facts_3a29bbf81979.ttl,Fault detection,"166,167,98,19,195","166,195,19,34,33",True,True,True,0.506,0.506,0.5048,0.5027999999999999,4,5,1,0,0.42805821097573676,0.49553470790378007
213,extraction_papers\ontocast_runs\run_500_20260710_185042\output\facts_3ab6eeca2c90.ttl,Fault detection,"195,42,41,44,43","195,44,34,33,41",True,True,True,0.539,0.539,0.5349999999999999,0.5349999999999999,5,5,0,0,0.4713421440198434,0.47979506404248673
214,extraction_papers\ontocast_runs\run_500_20260710_185042\output\facts_3b389bcd8ccd.ttl,Health assessment,"31,38,104,227,73","31,213,239,104,221",True,True,True,0.546,0.546,0.5316000000000001,0.5206000000000001,5,5,0,0,0.45733195455600073,0.5927769588210243
215,extraction_papers\ontocast_runs\run_500_20260710_185042\output\facts_3b442c32918c.ttl,Remaining useful life estimation,"172,127,69,35,37","172,69,127,30,120",True,True,True,0.53,0.53,0.5188,0.5188,5,5,0,0,0.3495306897998235,0.36573998388632534
216,extraction_papers\ontocast_runs\run_500_20260710_185042\output\facts_3bcaccb87e71.ttl,Fault detection,"209,42,41,44,43","209,33,34,44,41",True,True,True,0.577,0.577,0.577,0.577,5,5,0,0,0.4394110275689223,0.4859203463203463
217,extraction_papers\ontocast_runs\run_500_20260710_185042\output\facts_3c088e509323.ttl,Fault detection,"72,195,19,175,215","72,215,44,46,42",True,True,True,0.527,0.527,0.5208,0.509,5,5,0,0,0.3558327542250725,0.4723329606850147
218,extraction_papers\ontocast_runs\run_500_20260710_185042\output\facts_3c5b1b15be09.ttl,Health assessment,"7,177,213,73,188","7,227,221,193,38",True,True,True,0.583,0.583,0.5823999999999999,0.5801999999999998,4,5,1,0,0.4102825552778824,0.5532098646631315
219,extraction_papers\ontocast_runs\run_500_20260710_185042\output\facts_3c9ad7411517.ttl,One step future state forecast,"131,132,106,10,135","131,10,135,132,133",True,True,True,0.707,0.707,0.707,0.707,5,5,0,0,0.34907363834422656,0.32854030501089326
220,extraction_papers\ontocast_runs\run_500_20260710_185042\output\facts_3cb79521fe2c.ttl,One step future state forecast,"131,132,106,10,135","131,10,135,132,133",True,True,True,0.577,0.577,0.577,0.577,5,5,0,0,0.34907363834422656,0.32854030501089326
221,extraction_papers\ontocast_runs\run_500_20260710_185042\output\facts_3ccee18dcf6a.ttl,Remaining useful life estimation,"51,53,52,55,54","51,207,204,36,55",True,True,True,0.577,0.577,0.577,0.577,4,5,1,0,0.28709160571229536,0.541168684973563
222,extraction_papers\ontocast_runs\run_500_20260710_185042\output\facts_3d5d8a11e245.ttl,Health assessment,"213,31,38,104,221","213,173,221,193,104",True,True,True,0.51,0.51,0.5052000000000001,0.5046,5,5,0,0,0.5106008661321743,0.6092518676874309
223,extraction_papers\ontocast_runs\run_500_20260710_185042\output\facts_3db8aab0b0b7.ttl,Remaining useful life estimation,"226,59,58,60,127","226,60,69,55,127",True,True,True,0.664,0.664,0.6038,0.5846,5,5,0,0,0.4646996887279301,0.575651336139141
224,extraction_papers\ontocast_runs\run_500_20260710_185042\output\facts_3db8faecfca0.ttl,Fault detection,"215,42,41,44,43","215,195,44,34,33",True,True,True,0.598,0.598,0.5955999999999999,0.5955999999999999,5,5,0,0,0.39560656448814346,0.5474298788840026
225,extraction_papers\ontocast_runs\run_500_20260710_185042\output\facts_3e0ce37a59da.ttl,One step future state forecast,"131,132,106,10,135","131,10,135,132,133",True,True,True,0.707,0.707,0.707,0.707,5,5,0,0,0.34907363834422656,0.32854030501089326
226,extraction_papers\ontocast_runs\run_500_20260710_185042\output\facts_3e441c612946.ttl,Remaining useful life estimation,"51,53,52,55,54","51,207,204,36,55",True,True,True,0.577,0.577,0.577,0.577,4,5,1,0,0.28709160571229536,0.541168684973563
227,extraction_papers\ontocast_runs\run_500_20260710_185042\output\facts_3ee28dd4f49f.ttl,One step future state forecast,"131,132,106,10,135","131,10,135,132,133",True,True,True,0.707,0.707,0.707,0.707,5,5,0,0,0.34907363834422656,0.32854030501089326
228,extraction_papers\ontocast_runs\run_500_20260710_185042\output\facts_3ef3a4cd7be0.ttl,Health assessment,"221,31,38,213,104","221,239,7,104,31",True,True,True,0.606,0.606,0.6028,0.5983999999999999,5,5,0,0,0.5106008661321744,0.5903500277562428
229,extraction_papers\ontocast_runs\run_500_20260710_185042\output\facts_400bbf651a24.ttl,Fault detection,"20,175,230,166,167","20,166,34,195,230",True,True,True,0.673,0.673,0.5502,0.5469999999999999,4,5,1,0,0.42949467199467206,0.467147598106361
230,extraction_papers\ontocast_runs\run_500_20260710_185042\output\facts_4157d44cf5d5.ttl,Fault identification,"216,201,202,176,210","216,247,203,210,201",True,True,True,0.523,0.523,0.5156,0.5142,5,5,0,0,0.5540930084408345,0.6923406190245813
231,extraction_papers\ontocast_runs\run_500_20260710_185042\output\facts_4170e8a6f8ef.ttl,Fault detection,"200,98,209,211,191","200,44,218,245,211",True,True,True,0.595,0.595,0.5938,0.5912,5,5,0,0,0.41984065934065934,0.6059416489942806
232,extraction_papers\ontocast_runs\run_500_20260710_185042\output\facts_419106279d06.ttl,Remaining useful life estimation,"51,53,52,55,54","51,207,204,36,55",True,True,True,0.577,0.577,0.577,0.577,4,5,1,0,0.28709160571229536,0.541168684973563
233,extraction_papers\ontocast_runs\run_500_20260710_185042\output\facts_4242b18c0aaa.ttl,Fault feature extraction,"70,27,231,18,229","70,190,229,198,235",True,True,True,0.513,0.513,0.5109999999999999,0.5082,5,5,0,0,0.5269503457371452,0.605755152478044
234,extraction_papers\ontocast_runs\run_500_20260710_185042\output\facts_426e03dc1501.ttl,Fault detection,"72,98,42,41,44","72,44,47,41,29",True,True,True,0.507,0.507,0.505,0.5046,5,5,0,0,0.3933202110968478,0.39231854025307167
235,extraction_papers\ontocast_runs\run_500_20260710_185042\output\facts_427b95a7296e.ttl,Fault detection,"166,167,200,195,98","166,200,230,34,33",True,True,True,0.506,0.506,0.5036,0.5024,4,5,1,0,0.441068577801893,0.4826223162802109
236,extraction_papers\ontocast_runs\run_500_20260710_185042\output\facts_4296efeaf057.ttl,Remaining useful life estimation,"68,67,170,223,222","68,223,184,55,170",True,True,True,0.502,0.502,0.5012,0.5008,4,5,1,0,0.4466166622246477,0.5729799313323342
237,extraction_papers\ontocast_runs\run_500_20260710_185042\output\facts_4354e4134545.ttl,Fault detection,"42,41,44,43,46","42,34,44,41,29",True,True,True,0.546,0.546,0.546,0.546,5,5,0,0,0.2967919799498747,0.352885623148781
238,extraction_papers\ontocast_runs\run_500_20260710_185042\output\facts_438feb0c3a8b.ttl,Fault detection,"42,41,44,43,46","42,72,44,34,41",True,True,True,0.52,0.52,0.52,0.519,5,5,0,0,0.2967919799498747,0.4193180845684055
239,extraction_papers\ontocast_runs\run_500_20260710_185042\output\facts_4489dd6b61c6.ttl,Fault detection,"200,209,211,191,166","200,166,230,211,209",True,True,True,0.542,0.542,0.5346000000000001,0.5307999999999999,5,5,0,0,0.49058357724147195,0.5549367240946188
240,extraction_papers\ontocast_runs\run_500_20260710_185042\output\facts_44aad467543c.ttl,Health assessment,"173,221,239,153,154","173,213,221,193,104",True,True,True,0.522,0.522,0.5148,0.5124000000000001,4,5,1,0,0.41772755417956653,0.6092518676874309
241,extraction_papers\ontocast_runs\run_500_20260710_185042\output\facts_4500579a6de3.ttl,Remaining useful life estimation,"121,157,158,156,223","121,223,51,157,125",True,True,True,0.536,0.536,0.5316000000000001,0.5224,3,5,1,0,0.3585934065934066,0.48043036261983624
242,extraction_papers\ontocast_runs\run_500_20260710_185042\output\facts_4501d16e33bc.ttl,Health assessment,"31,38,239,213,221","31,213,239,221,104",True,True,True,0.577,0.577,0.577,0.577,5,5,0,0,0.5621461887290472,0.5927769588210243
243,extraction_papers\ontocast_runs\run_500_20260710_185042\output\facts_45a51c036a9d.ttl,Remaining useful life estimation,"127,69,226,8,178","127,8,69,226,169",True,True,True,0.524,0.524,0.5182,0.518,4,5,1,0,0.4735611891520515,0.5151849647655212
244,extraction_papers\ontocast_runs\run_500_20260710_185042\output\facts_469c26cc7d24.ttl,Fault detection,"209,42,41,44,43","209,33,34,44,41",True,True,True,0.577,0.577,0.577,0.577,5,5,0,0,0.4394110275689223,0.4859203463203463
245,extraction_papers\ontocast_runs\run_500_20260710_185042\output\facts_46c71e5bf327.ttl,Remaining useful life estimation,"181,68,67,170,51","181,68,208,55,170",True,True,True,0.505,0.505,0.5018,0.5014000000000001,4,5,1,0,0.4715612808244386,0.5948881774740762
246,extraction_papers\ontocast_runs\run_500_20260710_185042\output\facts_46edd8d69258.ttl,Health assessment,"227,7,177,73,213","227,213,221,193,104",True,True,True,0.595,0.595,0.59,0.5841999999999999,4,5,1,0,0.5284705647415928,0.603223926999382
247,extraction_papers\ontocast_runs\run_500_20260710_185042\output\facts_47a1cd33622c.ttl,Fault detection,"209,211,191,20,98","209,166,211,245,72",True,True,True,0.518,0.518,0.5156,0.5098,5,5,0,0,0.48985592185592186,0.5774680732546585
248,extraction_papers\ontocast_runs\run_500_20260710_185042\output\facts_47acb7bbbb9d.ttl,Fault detection,"72,195,166,167,20","72,218,166,211,230",True,True,True,0.515,0.515,0.5132,0.5091999999999999,4,5,1,0,0.44111792835862484,0.6071577880114465
249,extraction_papers\ontocast_runs\run_500_20260710_185042\output\facts_48359801c85a.ttl,Fault detection,"195,72,166,167,175","195,44,230,34,33",True,True,True,0.515,0.515,0.5077999999999999,0.5062,4,5,1,0,0.39931265030334673,0.49219544991091385
250,extraction_papers\ontocast_runs\run_500_20260710_185042\output\facts_48cad2c1bc0b.ttl,Health assessment,"173,221,2,227,31","173,213,221,193,104",True,True,True,0.522,0.522,0.5136000000000001,0.511,5,5,0,0,0.40091665333546633,0.6092518676874309
251,extraction_papers\ontocast_runs\run_500_20260710_185042\output\facts_49e805f7c461.ttl,Fault detection,"195,72,166,167,98","195,44,20,47,230",True,True,True,0.527,0.527,0.5120000000000001,0.5090000000000001,4,5,1,0,0.41144512893582535,0.4657683204840014
252,extraction_papers\ontocast_runs\run_500_20260710_185042\output\facts_4a2c4d4e2396.ttl,One step future state forecast,"131,132,106,10,135","131,10,135,132,133",True,True,True,0.707,0.707,0.707,0.707,5,5,0,0,0.34907363834422656,0.32854030501089326
253,extraction_papers\ontocast_runs\run_500_20260710_185042\output\facts_4a304c34b75e.ttl,Fault detection,"19,20,215,42,41","19,44,215,34,33",True,True,True,0.534,0.534,0.5151999999999999,0.514,4,5,1,0,0.43845647773279356,0.49213228438228435
254,extraction_papers\ontocast_runs\run_500_20260710_185042\output\facts_4a516f879096.ttl,Remaining useful life estimation,"127,69,157,158,156","127,226,69,55,157",True,True,True,0.567,0.567,0.5561999999999999,0.5516,3,5,1,0,0.26573500329597893,0.51993281085964
255,extraction_papers\ontocast_runs\run_500_20260710_185042\output\facts_4aaf385d813e.ttl,Fault detection,"209,245,211,191,218","209,42,211,215,218",True,True,True,0.594,0.594,0.5933999999999999,0.5908,5,5,0,0,0.5130205535205535,0.6046824593535121
256,extraction_papers\ontocast_runs\run_500_20260710_185042\output\facts_4b85cdf3b014.ttl,One step future state forecast,"106,10,131,132,135","106,132,135,10,134",True,True,True,0.508,0.508,0.5034000000000001,0.5034000000000001,5,5,0,0,0.3490736383442266,0.3655148148148148
257,extraction_papers\ontocast_runs\run_500_20260710_185042\output\facts_4c2b5277dd6e.ttl,Remaining useful life estimation,"51,53,52,55,54","51,207,204,36,55",True,True,True,0.707,0.707,0.707,0.707,4,5,1,0,0.28709160571229536,0.541168684973563
258,extraction_papers\ontocast_runs\run_500_20260710_185042\output\facts_4cfe55c1f5ef.ttl,Remaining useful life estimation,"107,75,74,76,22","107,22,76,55,23",True,True,True,0.534,0.534,0.532,0.525,5,5,0,0,0.38412285355298054,0.41887114337568054
259,extraction_papers\ontocast_runs\run_500_20260710_185042\output\facts_4d434709444d.ttl,Remaining useful life estimation,"51,53,52,55,54","51,226,60,126,55",True,True,True,0.517,0.517,0.517,0.517,4,5,1,0,0.28709160571229536,0.5478435638435639
260,extraction_papers\ontocast_runs\run_500_20260710_185042\output\facts_4d6301d8044f.ttl,Fault detection,"209,42,41,44,43","209,33,34,44,41",True,True,True,0.577,0.577,0.577,0.577,5,5,0,0,0.4394110275689223,0.4859203463203463
261,extraction_papers\ontocast_runs\run_500_20260710_185042\output\facts_4e1d1324fb3b.ttl,Fault detection,"175,245,20,209,211","175,218,211,166,230",True,True,True,0.593,0.593,0.5894,0.5853999999999999,5,5,0,0,0.48262301587301587,0.6053565878565879
262,extraction_papers\ontocast_runs\run_500_20260710_185042\output\facts_4e43c6ee7872.ttl,Fault detection,"218,20,215,98,245","218,98,215,209,42",True,True,True,0.514,0.514,0.5126,0.5108,5,5,0,0,0.464758547008547,0.5437080682475419
263,extraction_papers\ontocast_runs\run_500_20260710_185042\output\facts_4f1461718e7c.ttl,Fault detection,"72,20,19,195,209","72,166,211,230,209",True,True,True,0.595,0.595,0.588,0.5858,4,5,1,0,0.26682142857142854,0.5751448409314264
264,extraction_papers\ontocast_runs\run_500_20260710_185042\output\facts_4fcf2df0b3c7.ttl,Health assessment,"239,153,154,73,193","239,104,7,31,221",True,True,True,0.517,0.517,0.517,0.5122,4,5,1,0,0.3899738562091503,0.5903500277562428
265,extraction_papers\ontocast_runs\run_500_20260710_185042\output\facts_5143bfea6398.ttl,Fault detection,"200,72,166,167,98","200,166,230,211,42",True,True,True,0.527,0.527,0.5226,0.5156,4,5,1,0,0.405528597917558,0.5637438438754228
266,extraction_papers\ontocast_runs\run_500_20260710_185042\output\facts_515756e1aadd.ttl,Health assessment,"31,38,239,213,221","31,213,239,221,104",True,True,True,0.577,0.577,0.577,0.577,5,5,0,0,0.5621461887290472,0.5927769588210243
267,extraction_papers\ontocast_runs\run_500_20260710_185042\output\facts_51ae31472afe.ttl,Fault detection,"209,42,41,44,43","209,33,34,44,41",True,True,True,0.707,0.707,0.707,0.707,5,5,0,0,0.4394110275689223,0.4859203463203463
268,extraction_papers\ontocast_runs\run_500_20260710_185042\output\facts_524e1be52051.ttl,Health modelling,"57,205,206,240,236","57,217,160,224,241",True,True,True,0.577,0.577,0.577,0.577,5,5,0,0,0.4206502177068215,0.5495947206297596
269,extraction_papers\ontocast_runs\run_500_20260710_185042\output\facts_53766d82fa06.ttl,Fault feature extraction,"231,70,235,27,190","231,190,229,198,235",True,True,True,0.543,0.543,0.5186000000000001,0.5128,5,5,0,0,0.5554281889462613,0.6022783882783883
270,extraction_papers\ontocast_runs\run_500_20260710_185042\output\facts_541c334faec8.ttl,One step future state forecast,"131,132,106,10,135","131,10,135,132,133",True,True,True,0.707,0.707,0.707,0.707,5,5,0,0,0.34907363834422656,0.32854030501089326
271,extraction_papers\ontocast_runs\run_500_20260710_185042\output\facts_5507b191edcf.ttl,Fault detection,"42,41,44,43,46","42,230,34,44,215",True,True,True,0.515,0.515,0.515,0.5136000000000001,5,5,0,0,0.2967919799498747,0.47132483306167516
272,extraction_papers\ontocast_runs\run_500_20260710_185042\output\facts_5675c51df0ec.ttl,Health assessment,"7,177,239,153,154","7,227,104,193,221",True,True,True,0.518,0.518,0.5138,0.5098,3,5,1,0,0.4840849673202615,0.6004300869695607
273,extraction_papers\ontocast_runs\run_500_20260710_185042\output\facts_56c24a4b2483.ttl,Fault detection,"42,41,44,43,46","42,200,245,34,44",True,True,True,0.504,0.504,0.504,0.504,5,5,0,0,0.2967919799498747,0.4967913752913752
274,extraction_papers\ontocast_runs\run_500_20260710_185042\output\facts_570d0ba4227e.ttl,Health assessment,"213,73,188,221,2","213,227,221,193,104",True,True,True,0.522,0.522,0.5149999999999999,0.5108,5,5,0,0,0.3485467032967033,0.603223926999382
275,extraction_papers\ontocast_runs\run_500_20260710_185042\output\facts_584634b5a6ab.ttl,Health assessment,"227,239,221,173,7","227,213,221,193,38",True,True,True,0.596,0.596,0.5904,0.5885999999999999,5,5,0,0,0.5651487050960735,0.5774255658777451
276,extraction_papers\ontocast_runs\run_500_20260710_185042\output\facts_5916ba4e485a.ttl,Fault feature extraction,"32,253,198,17,27","32,190,229,198,235",True,True,True,0.515,0.515,0.5122,0.5077999999999999,5,5,0,0,0.4506625258799172,0.5967863247863248
277,extraction_papers\ontocast_runs\run_500_20260710_185042\output\facts_59f6521f639b.ttl,Fault detection,"19,218,230,20,166","19,218,166,200,230",True,True,True,0.519,0.519,0.514,0.514,4,5,1,0,0.4756920856920857,0.5432572106256317
278,extraction_papers\ontocast_runs\run_500_20260710_185042\output\facts_5b17d29e1395.ttl,Fault feature extraction,"32,253,198,17,70","32,190,198,229,235",True,True,True,0.546,0.546,0.5308,0.5204000000000001,5,5,0,0,0.4459120955873182,0.5967863247863249
279,extraction_papers\ontocast_runs\run_500_20260710_185042\output\facts_5b1cc3467d7a.ttl,Fault detection,"200,218,245,209,42","200,44,218,245,34",True,True,True,0.581,0.581,0.5781999999999999,0.5781999999999999,5,5,0,0,0.5524094852515906,0.5690839511365827
280,extraction_papers\ontocast_runs\run_500_20260710_185042\output\facts_5bd2afb8af30.ttl,Fault detection,"20,98,200,230,42","20,44,34,200,230",True,True,True,0.515,0.515,0.5117999999999999,0.5109999999999999,5,5,0,0,0.4388994601889339,0.46630342464552993
281,extraction_papers\ontocast_runs\run_500_20260710_185042\output\facts_5bd770bbba76.ttl,Remaining useful life estimation,"157,158,156,127,69","157,69,127,30,120",True,True,True,0.518,0.518,0.5176000000000001,0.5164000000000001,3,5,1,0,0.2657350032959789,0.36573998388632534
282,extraction_papers\ontocast_runs\run_500_20260710_185042\output\facts_5ca74d3ffe1e.ttl,Fault identification,"255,201,202,176,196","255,216,247,13,176",True,True,True,0.591,0.591,0.588,0.584,5,5,0,0,0.5053820959273561,0.680473178005965
283,extraction_papers\ontocast_runs\run_500_20260710_185042\output\facts_5d06cd53f72d.ttl,Fault feature extraction,"32,253,198,190,17","32,190,229,198,235",True,True,True,0.515,0.515,0.5126,0.5096,5,5,0,0,0.5426017943409248,0.5967863247863248
284,extraction_papers\ontocast_runs\run_500_20260710_185042\output\facts_5d3a0c7776f1.ttl,Fault detection,"215,42,41,44,43","215,34,19,42,44",True,True,True,0.509,0.509,0.509,0.509,5,5,0,0,0.39560656448814346,0.49655333701386334
285,extraction_papers\ontocast_runs\run_500_20260710_185042\output\facts_5df129db58e0.ttl,One step future state forecast,"131,132,106,10,135","131,10,135,132,133",True,True,True,0.707,0.707,0.707,0.707,5,5,0,0,0.34907363834422656,0.32854030501089326
286,extraction_papers\ontocast_runs\run_500_20260710_185042\output\facts_5ed3ebaec3da.ttl,Fault detection,"230,218,166,167,200","230,41,218,200,34",True,True,True,0.521,0.521,0.5166000000000001,0.515,4,5,1,0,0.5511308866572024,0.5483908547592758
287,extraction_papers\ontocast_runs\run_500_20260710_185042\output\facts_5eeeb5d8e008.ttl,Fault detection,"20,42,41,44,43","20,44,215,34,33",True,True,True,0.522,0.522,0.5164000000000001,0.516,5,5,0,0,0.3828822055137845,0.49213228438228435
288,extraction_papers\ontocast_runs\run_500_20260710_185042\output\facts_6009f13f692f.ttl,Health assessment,"31,38,104,227,73","31,213,239,104,221",True,True,True,0.546,0.546,0.5316000000000001,0.5206000000000001,5,5,0,0,0.45733195455600073,0.5927769588210243
289,extraction_papers\ontocast_runs\run_500_20260710_185042\output\facts_605829bc47be.ttl,Remaining useful life estimation,"234,232,233,15,14","234,122,249,128,16",True,True,True,0.717,0.717,0.717,0.717,4,5,1,0,0.3189603238866397,0.5494555202976256
290,extraction_papers\ontocast_runs\run_500_20260710_185042\output\facts_61f079413f04.ttl,Remaining useful life estimation,"234,232,233,15,14","234,122,249,128,16",True,True,True,0.543,0.543,0.543,0.543,4,5,1,0,0.3189603238866397,0.5494555202976256
291,extraction_papers\ontocast_runs\run_500_20260710_185042\output\facts_6284342b1ba8.ttl,Health assessment,"31,38,239,213,221","31,213,239,221,104",True,True,True,0.707,0.707,0.707,0.707,5,5,0,0,0.5621461887290472,0.5927769588210243
292,extraction_papers\ontocast_runs\run_500_20260710_185042\output\facts_62dab09d68cc.ttl,Remaining useful life estimation,"22,21,24,23,26","22,15,208,233,232",True,True,True,0.517,0.517,0.517,0.513,3,5,1,0,0.16684210526315785,0.5228377867746289
293,extraction_papers\ontocast_runs\run_500_20260710_185042\output\facts_631b04194d08.ttl,Fault detection,"245,166,167,218,215","245,41,218,34,44",True,True,True,0.602,0.602,0.5963999999999999,0.593,4,5,1,0,0.4943327505827506,0.5320113220113221
294,extraction_papers\ontocast_runs\run_500_20260710_185042\output\facts_637e0c3b555e.ttl,One step future state forecast,"131,132,106,10,135","131,10,135,132,133",True,True,True,0.707,0.707,0.707,0.707,5,5,0,0,0.34907363834422656,0.32854030501089326
295,extraction_papers\ontocast_runs\run_500_20260710_185042\output\facts_64c976727af8.ttl,One step future state forecast,"106,131,132,135,133","106,132,135,10,134",True,True,True,0.596,0.596,0.5888,0.5882,5,5,0,0,0.2995798319327731,0.3655148148148148
296,extraction_papers\ontocast_runs\run_500_20260710_185042\output\facts_65e8eae47311.ttl,Fault feature extraction,"17,32,27,235,18","17,229,70,190,235",True,True,True,0.501,0.501,0.5002,0.5002,4,5,1,0,0.4246031746031746,0.599411467177837
297,extraction_papers\ontocast_runs\run_500_20260710_185042\output\facts_66514e3809a3.ttl,Health assessment,"31,38,239,213,221","31,213,239,221,104",True,True,True,0.707,0.707,0.707,0.707,5,5,0,0,0.5621461887290472,0.5927769588210243
298,extraction_papers\ontocast_runs\run_500_20260710_185042\output\facts_6684c2f36c0b.ttl,Fault detection,"42,41,44,43,46","42,218,230,34,44",True,True,True,0.524,0.524,0.524,0.524,5,5,0,0,0.2967919799498747,0.5386738875159928
299,extraction_papers\ontocast_runs\run_500_20260710_185042\output\facts_66a60553def5.ttl,Fault detection,"72,195,20,230,209","72,44,211,230,209",True,True,True,0.515,0.515,0.5117999999999999,0.5104,5,5,0,0,0.3528571428571428,0.5687034232704964
300,extraction_papers\ontocast_runs\run_500_20260710_185042\output\facts_66cb6db76cd9.ttl,One step future state forecast,"131,132,135,133,134","131,10,135,132,133",True,True,True,0.51,0.51,0.51,0.509,5,5,0,0,0.24191316526610646,0.32854030501089326
301,extraction_papers\ontocast_runs\run_500_20260710_185042\output\facts_673cbff3d812.ttl,Fault detection,"72,42,41,44,43","72,44,47,41,29",True,True,True,0.595,0.595,0.5885999999999999,0.5885999999999999,5,5,0,0,0.39475426370805056,0.39231854025307167
302,extraction_papers\ontocast_runs\run_500_20260710_185042\output\facts_695231da8662.ttl,Fault detection,"72,195,218,215,245","72,218,44,215,47",True,True,True,0.595,0.595,0.593,0.5918,5,5,0,0,0.5187536699115152,0.5656843656984865
303,extraction_papers\ontocast_runs\run_500_20260710_185042\output\facts_69b1c98201d5.ttl,Fault detection,"209,42,41,44,43","209,33,34,44,41",True,True,True,0.577,0.577,0.577,0.577,5,5,0,0,0.4394110275689223,0.4859203463203463
304,extraction_papers\ontocast_runs\run_500_20260710_185042\output\facts_6a48c55aef0b.ttl,Fault detection,"42,41,44,43,46","42,72,44,34,98",True,True,True,0.515,0.515,0.515,0.5146,5,5,0,0,0.2967919799498747,0.39237183127812136
305,extraction_papers\ontocast_runs\run_500_20260710_185042\output\facts_6a4a212ffbc9.ttl,Health assessment,"173,31,38,104,221","173,213,221,193,104",True,True,True,0.522,0.522,0.5162000000000001,0.5144,5,5,0,0,0.49277462228501445,0.6092518676874309
306,extraction_papers\ontocast_runs\run_500_20260710_185042\output\facts_6aa0b4e055d0.ttl,One step future state forecast,"131,132,135,133,134","131,10,135,132,133",True,True,True,0.514,0.514,0.514,0.5128,5,5,0,0,0.24191316526610646,0.32854030501089326
307,extraction_papers\ontocast_runs\run_500_20260710_185042\output\facts_6ae388cde46e.ttl,Fault detection,"98,72,20,215,245","98,215,200,42,245",True,True,True,0.591,0.591,0.5883999999999999,0.5858,5,5,0,0,0.39125266535632386,0.5137492127755285
308,extraction_papers\ontocast_runs\run_500_20260710_185042\output\facts_6ae9f9262bd0.ttl,One step future state forecast,"131,132,106,10,135","131,10,135,132,133",True,True,True,0.707,0.707,0.707,0.707,5,5,0,0,0.34907363834422656,0.32854030501089326
309,extraction_papers\ontocast_runs\run_500_20260710_185042\output\facts_6b1c61beca3a.ttl,Fault feature extraction,"229,32,17,18,253","229,17,70,190,235",True,True,True,0.525,0.525,0.5138,0.512,4,5,1,0,0.521741784785263,0.599411467177837
310,extraction_papers\ontocast_runs\run_500_20260710_185042\output\facts_6b21f594fbb8.ttl,Fault detection,"230,42,41,44,43","230,41,34,44,33",True,True,True,0.517,0.517,0.5154000000000001,0.5154000000000001,5,5,0,0,0.38838538654328125,0.4249518481518481
311,extraction_papers\ontocast_runs\run_500_20260710_185042\output\facts_6ce70958b289.ttl,Fault identification,"247,210,48,50,49","247,238,49,212,13",True,True,True,0.53,0.53,0.5164,0.5147999999999999,5,5,0,0,0.6334748538011696,0.679337666398642
312,extraction_papers\ontocast_runs\run_500_20260710_185042\output\facts_6d107013e4f7.ttl,Remaining useful life estimation,"234,232,233,15,14","234,122,249,128,16",True,True,True,0.689,0.689,0.689,0.689,4,5,1,0,0.3189603238866397,0.5494555202976256
313,extraction_papers\ontocast_runs\run_500_20260710_185042\output\facts_6dcf7fafc720.ttl,Fault detection,"230,195,20,215,245","230,211,166,72,218",True,True,True,0.517,0.517,0.5122,0.5076,5,5,0,0,0.39891494845360825,0.6071577880114465
314,extraction_papers\ontocast_runs\run_500_20260710_185042\output\facts_6dd218ab4d5b.ttl,Remaining useful life estimation,"222,184,155,225,234","222,15,155,184,128",True,True,True,0.523,0.523,0.518,0.5178,5,5,0,0,0.45428554762866247,0.5853142219400266
315,extraction_papers\ontocast_runs\run_500_20260710_185042\output\facts_6e6418007fcd.ttl,Fault detection,"209,42,41,44,43","209,33,34,44,41",True,True,True,0.577,0.577,0.577,0.577,5,5,0,0,0.4394110275689223,0.4859203463203463
316,extraction_papers\ontocast_runs\run_500_20260710_185042\output\facts_6f785837148f.ttl,Fault detection,"20,230,175,19,209","20,211,44,230,42",True,True,True,0.589,0.589,0.5873999999999999,0.5851999999999999,4,5,1,0,0.2985714285714286,0.5668242722190091
317,extraction_papers\ontocast_runs\run_500_20260710_185042\output\facts_6fbfec565444.ttl,Remaining useful life estimation,"51,53,52,55,54","51,207,204,36,55",True,True,True,0.707,0.707,0.707,0.707,4,5,1,0,0.28709160571229536,0.541168684973563
318,extraction_papers\ontocast_runs\run_500_20260710_185042\output\facts_7013b2f1bdc2.ttl,Health assessment,"239,153,154,193,221","239,104,7,31,221",True,True,True,0.514,0.514,0.5132,0.5077999999999999,4,5,1,0,0.43527210182318543,0.5903500277562428
319,extraction_papers\ontocast_runs\run_500_20260710_185042\output\facts_7055937a9b67.ttl,Health assessment,"31,38,239,213,221","31,213,239,221,104",True,True,True,0.577,0.577,0.577,0.577,5,5,0,0,0.5621461887290472,0.5927769588210243
320,extraction_papers\ontocast_runs\run_500_20260710_185042\output\facts_70f53c87c69c.ttl,Remaining useful life estimation,"51,53,52,55,54","51,207,204,36,55",True,True,True,0.577,0.577,0.577,0.577,4,5,1,0,0.28709160571229536,0.541168684973563
321,extraction_papers\ontocast_runs\run_500_20260710_185042\output\facts_714558e87c38.ttl,Remaining useful life estimation,"92,155,222,226,147","92,208,60,155,222",True,True,True,0.529,0.529,0.5166,0.515,5,5,0,0,0.49892167869553605,0.6012960351549659
322,extraction_papers\ontocast_runs\run_500_20260710_185042\output\facts_71c28b6582e1.ttl,Remaining useful life estimation,"181,234,232,233,15","181,249,233,128,122",True,True,True,0.544,0.544,0.5351999999999999,0.5351999999999999,5,5,0,0,0.34178785425101216,0.5624635404635405
323,extraction_papers\ontocast_runs\run_500_20260710_185042\output\facts_71fa2076b97e.ttl,Remaining useful life estimation,"181,92,197,226,107","181,149,55,226,92",True,True,True,0.52,0.52,0.5134000000000001,0.5112,5,5,0,0,0.5516359170841929,0.5800270655270656
324,extraction_papers\ontocast_runs\run_500_20260710_185042\output\facts_721084846ae4.ttl,Fault detection,"72,215,42,41,44","72,215,44,47,41",True,True,True,0.521,0.521,0.5148,0.5148,5,5,0,0,0.4842448287698609,0.469530237413421
325,extraction_papers\ontocast_runs\run_500_20260710_185042\output\facts_7292d3ea6ac3.ttl,One step future state forecast,"131,132,135,133,134","131,10,135,132,133",True,True,True,0.584,0.584,0.584,0.5834,5,5,0,0,0.24191316526610646,0.32854030501089326
326,extraction_papers\ontocast_runs\run_500_20260710_185042\output\facts_733454952f0f.ttl,Fault detection,"200,98,20,166,167","200,215,166,20,211",True,True,True,0.527,0.527,0.5182,0.5146,4,5,1,0,0.42464167995746943,0.594012595591543
327,extraction_papers\ontocast_runs\run_500_20260710_185042\output\facts_74b3bb0b5533.ttl,Health assessment,"173,221,227,2,239","173,213,221,193,104",True,True,True,0.51,0.51,0.5074,0.5062,5,5,0,0,0.44303759398496234,0.6092518676874309
328,extraction_papers\ontocast_runs\run_500_20260710_185042\output\facts_74edf159492a.ttl,Fault detection,"209,211,191,245,20","209,42,211,245,218",True,True,True,0.518,0.518,0.5158,0.513,5,5,0,0,0.5038876678876679,0.5898150825782406
329,extraction_papers\ontocast_runs\run_500_20260710_185042\output\facts_74f5576c5a23.ttl,Health assessment,"2,31,38,104,173","2,7,104,239,38",True,True,True,0.598,0.598,0.5955999999999999,0.5912,5,5,0,0,0.4775924031642117,0.5968007696326663
330,extraction_papers\ontocast_runs\run_500_20260710_185042\output\facts_750c337900f0.ttl,Remaining useful life estimation,"22,21,24,23,26","22,226,223,155,58",True,True,True,0.515,0.515,0.515,0.514,3,5,1,0,0.16684210526315785,0.5642951526506612
331,extraction_papers\ontocast_runs\run_500_20260710_185042\output\facts_76220d9772af.ttl,Fault detection,"209,42,41,44,43","209,33,34,44,41",True,True,True,0.577,0.577,0.577,0.577,5,5,0,0,0.4394110275689223,0.4859203463203463
332,extraction_papers\ontocast_runs\run_500_20260710_185042\output\facts_7659e72df266.ttl,Fault detection,"20,209,211,191,42","20,211,44,34,33",True,True,True,0.51,0.51,0.5092,0.5092,5,5,0,0,0.5561650279545016,0.5493098124098125
333,extraction_papers\ontocast_runs\run_500_20260710_185042\output\facts_767449fe7ac9.ttl,Fault detection,"209,211,191,20,98","209,166,211,215,72",True,True,True,0.513,0.513,0.5118,0.5091999999999999,5,5,0,0,0.48985592185592186,0.6018443094845534
334,extraction_papers\ontocast_runs\run_500_20260710_185042\output\facts_76e792d7d5cf.ttl,Fault detection,"209,42,41,44,43","209,33,34,44,41",True,True,True,0.577,0.577,0.577,0.577,5,5,0,0,0.4394110275689223,0.4859203463203463
335,extraction_papers\ontocast_runs\run_500_20260710_185042\output\facts_7702c17c1722.ttl,Fault detection,"175,42,41,44,43","175,29,43,39,33",True,True,True,0.554,0.554,0.5228,0.5228,5,5,0,0,0.3799199922884133,0.4003207361743947
336,extraction_papers\ontocast_runs\run_500_20260710_185042\output\facts_77d4216c88ff.ttl,Fault detection,"209,42,41,44,43","209,33,34,44,41",True,True,True,0.577,0.577,0.577,0.577,5,5,0,0,0.4394110275689223,0.4859203463203463
337,extraction_papers\ontocast_runs\run_500_20260710_185042\output\facts_78176b462e77.ttl,Remaining useful life estimation,"35,37,36,28,30","35,36,115,37,30",True,True,True,0.664,0.664,0.664,0.664,4,5,1,0,0.2680996168582376,0.29012887495646117
338,extraction_papers\ontocast_runs\run_500_20260710_185042\output\facts_78291a971a19.ttl,Health assessment,"73,173,7,177,221","73,7,239,104,173",True,True,True,0.609,0.609,0.5953999999999999,0.5926,4,5,1,0,0.48357309941520465,0.5961481481481481
339,extraction_papers\ontocast_runs\run_500_20260710_185042\output\facts_785cce318ec7.ttl,Remaining useful life estimation,"92,107,197,108,263","92,181,107,69,197",True,True,True,0.595,0.595,0.5866,0.5864,4,5,1,0,0.5178179339817272,0.5987906665804059
340,extraction_papers\ontocast_runs\run_500_20260710_185042\output\facts_785cde2f910d.ttl,Health assessment,"239,153,154,193,73","239,104,7,73,173",True,True,True,0.511,0.511,0.5108,0.5066,4,5,1,0,0.3899738562091503,0.5961481481481481
341,extraction_papers\ontocast_runs\run_500_20260710_185042\output\facts_788697cf9291.ttl,Health assessment,"7,177,221,239,153","7,227,221,193,38",True,True,True,0.508,0.508,0.5067999999999999,0.5046,4,5,1,0,0.521988877422314,0.5532098646631315
342,extraction_papers\ontocast_runs\run_500_20260710_185042\output\facts_789b744f30d5.ttl,Fault detection,"195,230,200,215,245","195,44,218,245,211",True,True,True,0.595,0.595,0.5893999999999999,0.5858,5,5,0,0,0.4340903870500995,0.6000158163714866
343,extraction_papers\ontocast_runs\run_500_20260710_185042\output\facts_78b720ca0af2.ttl,Health assessment,"31,38,239,213,221","31,213,239,221,104",True,True,True,0.707,0.707,0.707,0.707,5,5,0,0,0.5621461887290472,0.5927769588210243
344,extraction_papers\ontocast_runs\run_500_20260710_185042\output\facts_78bbe354e88e.ttl,Fault detection,"209,42,41,44,43","209,33,34,44,41",True,True,True,0.577,0.577,0.577,0.577,5,5,0,0,0.4394110275689223,0.4859203463203463
345,extraction_papers\ontocast_runs\run_500_20260710_185042\output\facts_7927f1f673b8.ttl,One step future state forecast,"131,132,106,10,135","131,10,135,132,133",True,True,True,0.707,0.707,0.707,0.707,5,5,0,0,0.34907363834422656,0.32854030501089326
346,extraction_papers\ontocast_runs\run_500_20260710_185042\output\facts_7a165376264a.ttl,Fault detection,"209,42,41,44,43","209,33,34,44,41",True,True,True,0.577,0.577,0.577,0.577,5,5,0,0,0.4394110275689223,0.4859203463203463
347,extraction_papers\ontocast_runs\run_500_20260710_185042\output\facts_7a3780152090.ttl,Fault detection,"200,98,209,211,191","200,215,166,218,211",True,True,True,0.622,0.622,0.6049999999999999,0.5957999999999999,5,5,0,0,0.41984065934065934,0.6198774544169281
348,extraction_papers\ontocast_runs\run_500_20260710_185042\output\facts_7a6f8131a906.ttl,Fault detection,"19,195,42,41,44","19,44,34,195,33",True,True,True,0.534,0.534,0.5266,0.5266,5,5,0,0,0.5184608428287213,0.5023265854420493
349,extraction_papers\ontocast_runs\run_500_20260710_185042\output\facts_7abbed652c1a.ttl,Fault identification,"238,13,246,210,48","238,247,49,176,212",True,True,True,0.514,0.514,0.5136000000000001,0.5122,5,5,0,0,0.5016586080586081,0.6667912683522439
350,extraction_papers\ontocast_runs\run_500_20260710_185042\output\facts_7ac990669414.ttl,One step future state forecast,"10,106,131,132,135","10,134,132,106,135",True,True,True,0.508,0.508,0.5044000000000001,0.5044000000000001,5,5,0,0,0.3490736383442266,0.3655148148148148
351,extraction_papers\ontocast_runs\run_500_20260710_185042\output\facts_7aca4ae45d7c.ttl,Fault detection,"19,98,218,245,42","19,218,44,34,33",True,True,True,0.515,0.515,0.5109999999999999,0.51,5,5,0,0,0.492740440845704,0.5589462093462093
352,extraction_papers\ontocast_runs\run_500_20260710_185042\output\facts_7aeb85c6cf0b.ttl,Health assessment,"221,31,38,104,7","221,239,7,104,31",True,True,True,0.598,0.598,0.5948,0.594,5,5,0,0,0.5117577985144932,0.5903500277562428
353,extraction_papers\ontocast_runs\run_500_20260710_185042\output\facts_7b7d5c4dd1ba.ttl,Fault identification,"243,244,252,203,189","243,247,216,203,13",True,True,True,0.523,0.523,0.5196000000000001,0.5124000000000001,4,5,1,0,0.4632673217256743,0.6669767376229639
354,extraction_papers\ontocast_runs\run_500_20260710_185042\output\facts_7b9bdbef320f.ttl,Health assessment,"239,153,154,193,227","239,104,7,31,221",True,True,True,0.501,0.501,0.501,0.5002,4,5,1,0,0.3726143790849673,0.5903500277562428
355,extraction_papers\ontocast_runs\run_500_20260710_185042\output\facts_7ce8147528a3.ttl,Remaining useful life estimation,"223,155,225,108,147","223,108,22,208,155",True,True,True,0.6,0.6,0.5968,0.595,5,5,0,0,0.4783356181532511,0.598199281061074
356,extraction_papers\ontocast_runs\run_500_20260710_185042\output\facts_7d0c9939df48.ttl,Remaining useful life estimation,"181,223,107,92,197","181,92,107,36,197",True,True,True,0.505,0.505,0.5025999999999999,0.5024000000000001,5,5,0,0,0.5488308871205423,0.5830753315649867
357,extraction_papers\ontocast_runs\run_500_20260710_185042\output\facts_7d5a793ede3b.ttl,Fault detection,"200,98,209,211,215","200,215,44,218,211",True,True,True,0.589,0.589,0.5884,0.5868,5,5,0,0,0.5451253775464301,0.620418674892359
358,extraction_papers\ontocast_runs\run_500_20260710_185042\output\facts_7da6df745dc5.ttl,Fault detection,"42,41,44,43,46","42,200,34,44,41",True,True,True,0.559,0.559,0.559,0.5526000000000001,5,5,0,0,0.2967919799498747,0.463518341307815
359,extraction_papers\ontocast_runs\run_500_20260710_185042\output\facts_7e88c7bdae86.ttl,Remaining useful life estimation,"234,232,233,15,14","234,122,249,128,16",True,True,True,0.606,0.606,0.606,0.606,4,5,1,0,0.3189603238866397,0.5494555202976256
360,extraction_papers\ontocast_runs\run_500_20260710_185042\output\facts_804c201052fc.ttl,Remaining useful life estimation,"181,234,232,233,15","181,249,233,128,122",True,True,True,0.628,0.628,0.6176,0.6176,5,5,0,0,0.34178785425101216,0.5624635404635405
361,extraction_papers\ontocast_runs\run_500_20260710_185042\output\facts_805197904a75.ttl,Remaining useful life estimation,"92,223,8,147,148","92,8,148,225,223",True,True,True,0.604,0.604,0.5992,0.5978,5,5,0,0,0.44481107275735515,0.48322450944986156
362,extraction_papers\ontocast_runs\run_500_20260710_185042\output\facts_8055849c5344.ttl,Remaining useful life estimation,"147,148,149,181,204","147,181,55,226,149",True,True,True,0.553,0.553,0.5484000000000001,0.541,5,5,0,0,0.48082402582250916,0.5581407606175047
363,extraction_papers\ontocast_runs\run_500_20260710_185042\output\facts_810133fe1e2a.ttl,Fault detection,"245,209,211,215,191","245,211,41,209,34",True,True,True,0.593,0.593,0.593,0.591,5,5,0,0,0.5359636752136752,0.5800881895881896
364,extraction_papers\ontocast_runs\run_500_20260710_185042\output\facts_81284a6fcbce.ttl,Health assessment,"239,153,154,193,221","239,104,7,31,221",True,True,True,0.514,0.514,0.5132,0.5077999999999999,4,5,1,0,0.43527210182318543,0.5903500277562428
365,extraction_papers\ontocast_runs\run_500_20260710_185042\output\facts_81e786de9dfb.ttl,Fault detection,"72,98,19,195,166","72,218,166,211,230",True,True,True,0.527,0.527,0.5124000000000001,0.5074,5,5,0,0,0.40064031338566164,0.6071577880114465
366,extraction_papers\ontocast_runs\run_500_20260710_185042\output\facts_82116398e609.ttl,Fault detection,"98,209,211,191,175","98,218,211,209,42",True,True,True,0.595,0.595,0.5894,0.587,5,5,0,0,0.4688882783882784,0.5887540967804126
367,extraction_papers\ontocast_runs\run_500_20260710_185042\output\facts_825647eb95f3.ttl,Fault detection,"215,72,166,167,200","215,200,166,34,33",True,True,True,0.529,0.529,0.5182,0.5146,4,5,1,0,0.51347437863805,0.5343250276039749
368,extraction_papers\ontocast_runs\run_500_20260710_185042\output\facts_8329bdcb4b52.ttl,Health modelling,"57,180,171,174,224","57,206,160,224,171",True,True,True,0.521,0.521,0.5149999999999999,0.5118,4,5,1,0,0.5106789245237521,0.5792157584651656
369,extraction_papers\ontocast_runs\run_500_20260710_185042\output\facts_834e768e64ba.ttl,Remaining useful life estimation,"92,197,75,74,76","92,197,208,256,75",True,True,True,0.585,0.585,0.5831999999999999,0.5824,5,5,0,0,0.5110529914529914,0.602018255120142
370,extraction_papers\ontocast_runs\run_500_20260710_185042\output\facts_83891a4bc9b1.ttl,Health assessment,"213,221,227,73,188","213,173,221,193,38",True,True,True,0.51,0.51,0.5098,0.5065999999999999,5,5,0,0,0.45639496671014135,0.58329435537216
371,extraction_papers\ontocast_runs\run_500_20260710_185042\output\facts_83d39a85d59f.ttl,Fault detection,"20,166,167,98,19","20,166,34,33,98",True,True,True,0.603,0.603,0.6013999999999999,0.5974,3,5,1,0,0.3391313131313131,0.3972444444444444
372,extraction_papers\ontocast_runs\run_500_20260710_185042\output\facts_8462dbdc4a6a.ttl,Fault identification,"203,189,252,243,244","203,201,189,243,210",True,True,True,0.536,0.536,0.526,0.5208,4,5,1,0,0.4632673217256742,0.5800246043264912
373,extraction_papers\ontocast_runs\run_500_20260710_185042\output\facts_862f28575276.ttl,Fault detection,"166,167,215,230,200","166,218,200,245,211",True,True,True,0.515,0.515,0.5114,0.5087999999999999,4,5,1,0,0.5131828916697339,0.6047261860946072
374,extraction_papers\ontocast_runs\run_500_20260710_185042\output\facts_869d03cdd61f.ttl,Remaining useful life estimation,"157,158,156,181,223","157,181,148,75,36",True,True,True,0.515,0.515,0.5147999999999999,0.512,3,5,1,0,0.3902472527472527,0.5149423076923078
375,extraction_papers\ontocast_runs\run_500_20260710_185042\output\facts_872943c34037.ttl,Remaining useful life estimation,"51,53,52,55,54","51,207,204,36,55",True,True,True,0.577,0.577,0.577,0.577,4,5,1,0,0.28709160571229536,0.541168684973563
376,extraction_papers\ontocast_runs\run_500_20260710_185042\output\facts_889b80e1b70b.ttl,Health assessment,"213,173,221,31,38","213,173,221,239,104",True,True,True,0.609,0.609,0.594,0.5927999999999999,5,5,0,0,0.5383061757031292,0.621040567810612
377,extraction_papers\ontocast_runs\run_500_20260710_185042\output\facts_88c087b3e43b.ttl,Fault feature extraction,"231,27,17,235,229","231,190,229,198,27",True,True,True,0.707,0.707,0.5554,0.5508000000000001,5,5,0,0,0.5270088655306047,0.6081196581196583
378,extraction_papers\ontocast_runs\run_500_20260710_185042\output\facts_88eda2ec8dcf.ttl,One step future state forecast,"131,132,106,10,135","131,10,135,132,133",True,True,True,0.707,0.707,0.707,0.707,5,5,0,0,0.34907363834422656,0.32854030501089326
379,extraction_papers\ontocast_runs\run_500_20260710_185042\output\facts_891b3ea550a0.ttl,Fault detection,"209,42,41,44,43","209,33,34,44,41",True,True,True,0.707,0.707,0.707,0.707,5,5,0,0,0.4394110275689223,0.4859203463203463
380,extraction_papers\ontocast_runs\run_500_20260710_185042\output\facts_8a00dc329d3c.ttl,Fault detection,"72,175,195,42,41","72,44,47,41,29",True,True,True,0.567,0.567,0.5268,0.5254000000000001,5,5,0,0,0.4192749775446333,0.39231854025307167
381,extraction_papers\ontocast_runs\run_500_20260710_185042\output\facts_8a0548fc5770.ttl,Remaining useful life estimation,"121,204,8,178,237","121,223,222,184,157",True,True,True,0.53,0.53,0.5208,0.5172000000000001,4,5,1,0,0.462007501418769,0.5784196604994206
382,extraction_papers\ontocast_runs\run_500_20260710_185042\output\facts_8a336d5d2d6d.ttl,One step future state forecast,"106,10,131,132,135","106,132,135,10,134",True,True,True,0.508,0.508,0.5038,0.5038,5,5,0,0,0.3490736383442266,0.3655148148148148
383,extraction_papers\ontocast_runs\run_500_20260710_185042\output\facts_8be8523cfa78.ttl,One step future state forecast,"131,132,106,10,135","131,10,135,132,133",True,True,True,0.707,0.707,0.707,0.707,5,5,0,0,0.34907363834422656,0.32854030501089326
384,extraction_papers\ontocast_runs\run_500_20260710_185042\output\facts_8bf2b83a7f38.ttl,Remaining useful life estimation,"51,53,52,55,54","51,207,204,36,55",True,True,True,0.707,0.707,0.707,0.707,4,5,1,0,0.28709160571229536,0.541168684973563
385,extraction_papers\ontocast_runs\run_500_20260710_185042\output\facts_8c4034ec538a.ttl,Health assessment,"213,221,173,31,38","213,173,221,193,104",True,True,True,0.539,0.539,0.5154,0.5147999999999999,5,5,0,0,0.5383061757031292,0.6092518676874309
386,extraction_papers\ontocast_runs\run_500_20260710_185042\output\facts_8cc33107cf16.ttl,Remaining useful life estimation,"51,53,52,55,54","51,207,204,36,55",True,True,True,0.577,0.577,0.577,0.577,4,5,1,0,0.28709160571229536,0.541168684973563
387,extraction_papers\ontocast_runs\run_500_20260710_185042\output\facts_8dea69c5326e.ttl,Health assessment,"213,239,153,154,193","213,173,221,193,104",True,True,True,0.609,0.609,0.5937999999999999,0.591,4,5,1,0,0.5073448922343919,0.6092518676874309
388,extraction_papers\ontocast_runs\run_500_20260710_185042\output\facts_8eca85666146.ttl,Fault detection,"166,167,42,41,44","166,215,34,33,44",True,True,True,0.547,0.547,0.5404000000000001,0.5368,4,5,1,0,0.285390749601276,0.4544698135198136
389,extraction_papers\ontocast_runs\run_500_20260710_185042\output\facts_8ee267586a8c.ttl,Fault detection,"200,215,42,41,44","200,215,44,34,33",True,True,True,0.525,0.525,0.5204000000000001,0.5204000000000001,5,5,0,0,0.5436605937921727,0.5344252668384247
390,extraction_papers\ontocast_runs\run_500_20260710_185042\output\facts_8f6fbb01e775.ttl,Fault detection,"218,209,42,41,44","218,34,19,42,44",True,True,True,0.5,0.5,0.5,0.5,5,5,0,0,0.5477520724889147,0.5619777882935777
391,extraction_papers\ontocast_runs\run_500_20260710_185042\output\facts_8f7fd7a3e3e9.ttl,Health assessment,"2,31,38,213,104","2,7,104,239,38",True,True,True,0.598,0.598,0.5932000000000001,0.5896,5,5,0,0,0.5359297806146104,0.5968007696326663
392,extraction_papers\ontocast_runs\run_500_20260710_185042\output\facts_8fbade113462.ttl,Remaining useful life estimation,"22,21,24,23,26","22,120,36,21,35",True,True,True,0.521,0.521,0.521,0.5186,3,5,1,0,0.16684210526315785,0.3211625766064336
393,extraction_papers\ontocast_runs\run_500_20260710_185042\output\facts_900a40a30ff4.ttl,One step future state forecast,"131,132,106,10,135","131,10,135,132,133",True,True,True,0.577,0.577,0.577,0.577,5,5,0,0,0.34907363834422656,0.32854030501089326
394,extraction_papers\ontocast_runs\run_500_20260710_185042\output\facts_901c2b998e10.ttl,Fault detection,"209,42,41,44,43","209,33,34,44,41",True,True,True,0.707,0.707,0.707,0.707,5,5,0,0,0.4394110275689223,0.4859203463203463
395,extraction_papers\ontocast_runs\run_500_20260710_185042\output\facts_9111fec121ac.ttl,Fault detection,"209,42,41,44,43","209,33,34,44,41",True,True,True,0.707,0.707,0.707,0.707,5,5,0,0,0.4394110275689223,0.4859203463203463
396,extraction_papers\ontocast_runs\run_500_20260710_185042\output\facts_921333765975.ttl,Fault detection,"209,42,41,44,43","209,33,34,44,41",True,True,True,0.707,0.707,0.707,0.707,5,5,0,0,0.4394110275689223,0.4859203463203463
397,extraction_papers\ontocast_runs\run_500_20260710_185042\output\facts_94e52b02a340.ttl,Fault detection,"215,209,20,211,230","215,195,166,20,211",True,True,True,0.599,0.599,0.595,0.5942,5,5,0,0,0.5205674603174602,0.5896544063038908
398,extraction_papers\ontocast_runs\run_500_20260710_185042\output\facts_9533e9913740.ttl,Remaining useful life estimation,"127,92,69,107,226","127,208,204,107,69",True,True,True,0.527,0.527,0.5222,0.5186000000000001,5,5,0,0,0.48299553211748336,0.5686329657208626
399,extraction_papers\ontocast_runs\run_500_20260710_185042\output\facts_957375f200f0.ttl,Fault detection,"166,167,98,19,209","166,218,211,19,42",True,True,True,0.579,0.579,0.5786,0.578,4,5,1,0,0.40155555555555555,0.6178184242657926
400,extraction_papers\ontocast_runs\run_500_20260710_185042\output\facts_957c792b7d1a.ttl,Health assessment,"227,73,7,177,213","227,213,221,193,104",True,True,True,0.522,0.522,0.515,0.5107999999999999,4,5,1,0,0.5284705647415928,0.603223926999382
401,extraction_papers\ontocast_runs\run_500_20260710_185042\output\facts_95ae1663305e.ttl,Fault detection,"218,209,42,41,44","218,34,19,42,44",True,True,True,0.501,0.501,0.5002,0.5002,5,5,0,0,0.5477520724889147,0.5619777882935777
402,extraction_papers\ontocast_runs\run_500_20260710_185042\output\facts_96c5ae04feb8.ttl,Fault detection,"209,42,41,44,43","209,33,34,44,41",True,True,True,0.707,0.707,0.707,0.707,5,5,0,0,0.4394110275689223,0.4859203463203463
403,extraction_papers\ontocast_runs\run_500_20260710_185042\output\facts_96eb29ba0f72.ttl,Remaining useful life estimation,"234,232,233,15,14","234,122,249,128,16",True,True,True,0.689,0.689,0.689,0.689,4,5,1,0,0.3189603238866397,0.5494555202976256
404,extraction_papers\ontocast_runs\run_500_20260710_185042\output\facts_96ec88c731fe.ttl,Fault detection,"245,218,42,41,44","245,41,218,34,44",True,True,True,0.517,0.517,0.5134000000000001,0.5134,5,5,0,0,0.5139953730480047,0.5320113220113221
405,extraction_papers\ontocast_runs\run_500_20260710_185042\output\facts_972d28f8e6e8.ttl,Fault detection,"166,167,175,42,41","166,175,40,44,41",True,True,True,0.517,0.517,0.515,0.514,4,5,1,0,0.3591890565574776,0.39716783216783214
406,extraction_papers\ontocast_runs\run_500_20260710_185042\output\facts_98242ea4f088.ttl,One step future state forecast,"131,132,135,133,134","131,10,135,132,133",True,True,True,0.595,0.595,0.595,0.5937999999999999,5,5,0,0,0.24191316526610646,0.32854030501089326
407,extraction_papers\ontocast_runs\run_500_20260710_185042\output\facts_992561995723.ttl,Fault detection,"209,42,41,44,43","209,33,34,44,41",True,True,True,0.577,0.577,0.577,0.577,5,5,0,0,0.4394110275689223,0.4859203463203463
408,extraction_papers\ontocast_runs\run_500_20260710_185042\output\facts_99607645a252.ttl,Fault detection,"209,42,41,44,43","209,33,34,44,41",True,True,True,0.577,0.577,0.577,0.577,5,5,0,0,0.4394110275689223,0.4859203463203463
409,extraction_papers\ontocast_runs\run_500_20260710_185042\output\facts_99725d34ccdd.ttl,One step future state forecast,"131,132,106,10,135","131,10,135,132,133",True,True,True,0.707,0.707,0.707,0.707,5,5,0,0,0.34907363834422656,0.32854030501089326
410,extraction_papers\ontocast_runs\run_500_20260710_185042\output\facts_9a0cec89e3dc.ttl,Health assessment,"31,38,239,213,221","31,213,239,221,104",True,True,True,0.577,0.577,0.577,0.577,5,5,0,0,0.5621461887290472,0.5927769588210243
411,extraction_papers\ontocast_runs\run_500_20260710_185042\output\facts_9a0d6f9a550c.ttl,Fault detection,"215,42,41,44,43","215,34,19,42,44",True,True,True,0.588,0.588,0.5871999999999999,0.5871999999999999,5,5,0,0,0.39560656448814346,0.49655333701386334
412,extraction_papers\ontocast_runs\run_500_20260710_185042\output\facts_9a1b552552d6.ttl,Remaining useful life estimation,"121,92,68,67,234","121,122,68,16,128",True,True,True,0.502,0.502,0.5018,0.5014000000000001,4,5,1,0,0.42064327485380115,0.5647588762851921
413,extraction_papers\ontocast_runs\run_500_20260710_185042\output\facts_9ae8c7096b85.ttl,Health modelling,"240,241,217,93,94","240,93,217,241,94",True,False,True,0.795,0.795,0.795,0.795,4,4,1,1,0.5270149556972742,0.5270149556972742
414,extraction_papers\ontocast_runs\run_500_20260710_185042\output\facts_9af920d91e9b.ttl,Remaining useful life estimation,"35,37,36,28,30","35,36,115,37,30",True,True,True,0.524,0.524,0.524,0.524,4,5,1,0,0.2680996168582376,0.29012887495646117
415,extraction_papers\ontocast_runs\run_500_20260710_185042\output\facts_9b159fe947f5.ttl,Health assessment,"227,7,177,31,38","227,213,221,193,104",True,True,True,0.516,0.516,0.5136,0.5104,4,5,1,0,0.5003471059523885,0.603223926999382
416,extraction_papers\ontocast_runs\run_500_20260710_185042\output\facts_9bc3da5e3b19.ttl,Remaining useful life estimation,"97,197,237,155,172","97,197,263,256,75",True,True,True,0.518,0.518,0.5152,0.5149999999999999,5,5,0,0,0.49017323852617967,0.5874008547008546
417,extraction_papers\ontocast_runs\run_500_20260710_185042\output\facts_9d3bfd1463ad.ttl,Fault detection,"42,41,44,43,46","42,209,215,34,44",True,True,True,0.524,0.524,0.524,0.5208,5,5,0,0,0.2967919799498747,0.5499869209737632
418,extraction_papers\ontocast_runs\run_500_20260710_185042\output\facts_9de0eb8c8c85.ttl,Remaining useful life estimation,"35,37,36,28,30","35,36,115,37,30",True,True,True,0.662,0.662,0.662,0.662,4,5,1,0,0.2680996168582376,0.29012887495646117
419,extraction_papers\ontocast_runs\run_500_20260710_185042\output\facts_9e371980cf3e.ttl,Fault detection,"209,42,41,44,43","209,33,34,44,41",True,True,True,0.577,0.577,0.577,0.577,5,5,0,0,0.4394110275689223,0.4859203463203463
420,extraction_papers\ontocast_runs\run_500_20260710_185042\output\facts_9e39f8703bdd.ttl,One step future state forecast,"131,132,106,10,135","131,10,135,132,133",True,True,True,0.577,0.577,0.577,0.577,5,5,0,0,0.34907363834422656,0.32854030501089326
421,extraction_papers\ontocast_runs\run_500_20260710_185042\output\facts_9f9f96a7d773.ttl,Fault detection,"209,211,191,19,166","209,166,211,215,175",True,True,True,0.529,0.529,0.5256000000000001,0.5204000000000001,5,5,0,0,0.5603436563436562,0.6026370296370296
422,extraction_papers\ontocast_runs\run_500_20260710_185042\output\facts_a05fcbe5829e.ttl,Fault detection,"209,211,215,191,72","209,166,211,215,72",True,True,True,0.513,0.513,0.513,0.5119999999999999,5,5,0,0,0.5327609071145656,0.6018443094845534
423,extraction_papers\ontocast_runs\run_500_20260710_185042\output\facts_a184b5b27a7f.ttl,Remaining useful life estimation,"207,208,223,222,147","207,60,149,155,169",True,True,True,0.532,0.532,0.5226000000000001,0.5158,5,5,0,0,0.5356838759694338,0.5833533073812844
424,extraction_papers\ontocast_runs\run_500_20260710_185042\output\facts_a184e7607698.ttl,Remaining useful life estimation,"107,256,97,222,184","107,22,8,256,222",True,True,True,0.524,0.524,0.5172000000000001,0.5157999999999999,5,5,0,0,0.47037292464878677,0.5091896083092627
425,extraction_papers\ontocast_runs\run_500_20260710_185042\output\facts_a18757173021.ttl,Fault feature extraction,"229,32,253,198,18","229,18,70,190,235",True,True,True,0.51,0.51,0.5086,0.5045999999999999,5,5,0,0,0.5450682168073472,0.599411467177837
426,extraction_papers\ontocast_runs\run_500_20260710_185042\output\facts_a312d6898c34.ttl,Remaining useful life estimation,"97,35,37,36,28","97,36,35,115,37",True,True,True,0.523,0.523,0.5166000000000001,0.5166000000000001,4,5,1,0,0.28471264367816096,0.2996307906652734
427,extraction_papers\ontocast_runs\run_500_20260710_185042\output\facts_a3194078c97a.ttl,Remaining useful life estimation,"107,223,8,178,234","107,223,128,249,233",True,True,True,0.515,0.515,0.5132,0.5124000000000001,4,5,1,0,0.4014705047259685,0.5439402785885544
428,extraction_papers\ontocast_runs\run_500_20260710_185042\output\facts_a3f4f12b8e17.ttl,Health assessment,"227,31,38,239,213","227,213,221,239,104",True,True,True,0.501,0.501,0.5002,0.5002,5,5,0,0,0.5689712998324852,0.615901516011452
429,extraction_papers\ontocast_runs\run_500_20260710_185042\output\facts_a4a8eec7e361.ttl,Remaining useful life estimation,"127,69,226,157,158","127,69,226,60,157",True,True,True,0.684,0.684,0.5962000000000001,0.595,4,5,1,0,0.45314167826362955,0.5422490924320192
430,extraction_papers\ontocast_runs\run_500_20260710_185042\output\facts_a508bfac9c11.ttl,Fault detection,"42,41,44,43,46","42,34,44,41,29",True,True,True,0.791,0.791,0.791,0.791,5,5,0,0,0.2967919799498747,0.352885623148781
431,extraction_papers\ontocast_runs\run_500_20260710_185042\output\facts_a62f445003bb.ttl,One step future state forecast,"131,132,135,133,134","131,10,135,132,133",True,True,True,0.511,0.511,0.511,0.5098,5,5,0,0,0.24191316526610646,0.32854030501089326
432,extraction_papers\ontocast_runs\run_500_20260710_185042\output\facts_a6d1d2f03a02.ttl,Remaining useful life estimation,"51,53,52,55,54","51,207,204,36,55",True,True,True,0.707,0.707,0.707,0.707,4,5,1,0,0.28709160571229536,0.541168684973563
433,extraction_papers\ontocast_runs\run_500_20260710_185042\output\facts_a73e3cdb54b6.ttl,Fault detection,"215,209,211,191,218","215,211,209,44,218",True,True,True,0.596,0.596,0.5923999999999999,0.5917999999999999,5,5,0,0,0.5343221408221408,0.6012728937728938
434,extraction_papers\ontocast_runs\run_500_20260710_185042\output\facts_a81ff79a11ef.ttl,Fault detection,"200,166,167,98,19","200,215,166,218,211",True,True,True,0.503,0.503,0.5014,0.5008,4,5,1,0,0.42464167995746943,0.6198774544169281
435,extraction_papers\ontocast_runs\run_500_20260710_185042\output\facts_a82b03fbcab2.ttl,Fault detection,"209,42,41,44,43","209,33,34,44,41",True,True,True,0.577,0.577,0.577,0.577,5,5,0,0,0.4394110275689223,0.4859203463203463
436,extraction_papers\ontocast_runs\run_500_20260710_185042\output\facts_a8ee4914c258.ttl,Fault detection,"215,166,167,72,209","215,200,166,218,211",True,True,True,0.518,0.518,0.5114,0.509,4,5,1,0,0.5281532918301212,0.6198774544169281
437,extraction_papers\ontocast_runs\run_500_20260710_185042\output\facts_a9a96f2d7a18.ttl,Remaining useful life estimation,"181,234,232,233,15","181,249,233,128,122",True,True,True,0.544,0.544,0.5351999999999999,0.5351999999999999,5,5,0,0,0.34178785425101216,0.5624635404635405
438,extraction_papers\ontocast_runs\run_500_20260710_185042\output\facts_ababe52429c3.ttl,Fault detection,"230,245,215,42,41","230,41,34,44,215",True,True,True,0.6,0.6,0.5924,0.5913999999999999,5,5,0,0,0.43191767881241566,0.4676466033966033
439,extraction_papers\ontocast_runs\run_500_20260710_185042\output\facts_ac94a4053e5f.ttl,Health assessment,"31,38,104,227,188","31,213,239,104,221",True,True,True,0.546,0.546,0.5336000000000001,0.5222000000000001,5,5,0,0,0.5454302238422745,0.5927769588210243
440,extraction_papers\ontocast_runs\run_500_20260710_185042\output\facts_adcf48f74d04.ttl,Health assessment,"31,38,239,213,221","31,213,239,221,104",True,True,True,0.707,0.707,0.707,0.707,5,5,0,0,0.5621461887290472,0.5927769588210243
441,extraction_papers\ontocast_runs\run_500_20260710_185042\output\facts_ae5cd89a88dd.ttl,Health assessment,"73,221,31,38,104","73,7,239,104,227",True,True,True,0.517,0.517,0.5115999999999999,0.5086,5,5,0,0,0.41062228902792003,0.5960911680911681
442,extraction_papers\ontocast_runs\run_500_20260710_185042\output\facts_aefd7037fa6c.ttl,One step future state forecast,"131,132,106,10,135","131,10,135,132,133",True,True,True,0.707,0.707,0.707,0.707,5,5,0,0,0.34907363834422656,0.32854030501089326
443,extraction_papers\ontocast_runs\run_500_20260710_185042\output\facts_af0d930fa5cb.ttl,Remaining useful life estimation,"35,37,36,28,30","35,36,115,37,30",True,True,True,0.546,0.546,0.546,0.546,4,5,1,0,0.2680996168582376,0.29012887495646117
444,extraction_papers\ontocast_runs\run_500_20260710_185042\output\facts_afa13d08ad1f.ttl,Fault detection,"230,245,218,175,166","230,211,166,218,72",True,True,True,0.509,0.509,0.5064,0.5052000000000001,5,5,0,0,0.5200240592740594,0.6071577880114465
445,extraction_papers\ontocast_runs\run_500_20260710_185042\output\facts_afc5c3c0d8bf.ttl,Fault identification,"247,196,216,252,13","247,201,13,196,216",True,True,True,0.592,0.592,0.588,0.5871999999999999,5,5,0,0,0.6573690575458867,0.7040649165649165
446,extraction_papers\ontocast_runs\run_500_20260710_185042\output\facts_b024720ad691.ttl,Fault detection,"209,20,211,191,166","209,166,211,34,33",True,True,True,0.515,0.515,0.5144,0.512,5,5,0,0,0.5603436563436562,0.5822581529581529
447,extraction_papers\ontocast_runs\run_500_20260710_185042\output\facts_b069352153b8.ttl,Fault detection,"209,42,41,44,43","209,33,34,44,41",True,True,True,0.707,0.707,0.707,0.707,5,5,0,0,0.4394110275689223,0.4859203463203463
448,extraction_papers\ontocast_runs\run_500_20260710_185042\output\facts_b1a4fd9a1f86.ttl,Fault detection,"42,41,44,43,46","42,209,211,34,44",True,True,True,0.602,0.602,0.602,0.5976,5,5,0,0,0.2967919799498747,0.5775079744816587
449,extraction_papers\ontocast_runs\run_500_20260710_185042\output\facts_b1ca20e0faf4.ttl,Remaining useful life estimation,"234,232,233,15,14","234,122,249,128,16",True,True,True,0.578,0.578,0.578,0.578,4,5,1,0,0.3189603238866397,0.5494555202976256
450,extraction_papers\ontocast_runs\run_500_20260710_185042\output\facts_b21b67fc8e43.ttl,Fault detection,"98,20,166,167,218","98,218,200,245,42",True,True,True,0.514,0.514,0.5104,0.508,4,5,1,0,0.47834188034188035,0.5559275753486279
451,extraction_papers\ontocast_runs\run_500_20260710_185042\output\facts_b2646d73a753.ttl,Health assessment,"188,213,221,239,153","188,227,104,193,38",True,True,True,0.524,0.524,0.5154,0.5118,5,5,0,0,0.5246651401850253,0.5954527733967389
452,extraction_papers\ontocast_runs\run_500_20260710_185042\output\facts_b32befcf6727.ttl,Remaining useful life estimation,"181,234,232,233,15","181,249,233,128,122",True,True,True,0.544,0.544,0.5351999999999999,0.5351999999999999,5,5,0,0,0.34178785425101216,0.5624635404635405
453,extraction_papers\ontocast_runs\run_500_20260710_185042\output\facts_b468c3c4b64a.ttl,Fault detection,"209,42,41,44,43","209,33,34,44,41",True,True,True,0.577,0.577,0.577,0.577,5,5,0,0,0.4394110275689223,0.4859203463203463
454,extraction_papers\ontocast_runs\run_500_20260710_185042\output\facts_b47b20ea7c9c.ttl,Remaining useful life estimation,"225,223,155,108,222","225,222,223,184,53",True,True,True,0.52,0.52,0.5178,0.5164,5,5,0,0,0.536157590887814,0.5683500096105794
455,extraction_papers\ontocast_runs\run_500_20260710_185042\output\facts_b4901083c4ab.ttl,Remaining useful life estimation,"263,262,169,237,22","263,237,197,223,22",True,True,True,0.592,0.592,0.5898,0.5879999999999999,4,5,1,0,0.4726691729323308,0.5576606998264892
456,extraction_papers\ontocast_runs\run_500_20260710_185042\output\facts_b5253f7fedd3.ttl,Remaining useful life estimation,"51,53,52,55,54","51,207,204,36,55",True,True,True,0.577,0.577,0.577,0.577,4,5,1,0,0.28709160571229536,0.541168684973563
457,extraction_papers\ontocast_runs\run_500_20260710_185042\output\facts_b52ac2844669.ttl,Fault detection,"42,41,44,43,46","42,209,215,34,44",True,True,True,0.534,0.534,0.534,0.5258,5,5,0,0,0.2967919799498747,0.5499869209737632
458,extraction_papers\ontocast_runs\run_500_20260710_185042\output\facts_b5382a2b8fb8.ttl,Remaining useful life estimation,"197,59,58,60,127","197,222,121,208,60",True,True,True,0.625,0.625,0.5986,0.5946,5,5,0,0,0.5219524542810807,0.6246338688420666
459,extraction_papers\ontocast_runs\run_500_20260710_185042\output\facts_b620da22ab4a.ttl,Fault detection,"209,42,41,44,43","209,33,34,44,41",True,True,True,0.707,0.707,0.707,0.707,5,5,0,0,0.4394110275689223,0.4859203463203463
460,extraction_papers\ontocast_runs\run_500_20260710_185042\output\facts_b63697539c38.ttl,Fault detection,"195,72,166,167,98","195,44,20,47,230",True,True,True,0.609,0.609,0.5912,0.5877999999999999,4,5,1,0,0.41144512893582535,0.4657683204840014
461,extraction_papers\ontocast_runs\run_500_20260710_185042\output\facts_b655ceff2211.ttl,Health assessment,"31,38,239,213,221","31,213,239,221,104",True,True,True,0.5,0.5,0.5,0.5,5,5,0,0,0.5621461887290472,0.5927769588210243
462,extraction_papers\ontocast_runs\run_500_20260710_185042\output\facts_b6cf69d1677f.ttl,Fault identification,"255,203,189,252,243","255,216,210,201,212",True,True,True,0.547,0.547,0.518,0.514,5,5,0,0,0.5133494775425927,0.6379698102444005
463,extraction_papers\ontocast_runs\run_500_20260710_185042\output\facts_b846be1d3f07.ttl,Remaining useful life estimation,"127,69,226,35,37","127,226,69,30,120",True,True,True,0.601,0.601,0.5658,0.5658,5,5,0,0,0.47195419978430914,0.48470221440953143
464,extraction_papers\ontocast_runs\run_500_20260710_185042\output\facts_b8c5ed28b19d.ttl,Fault detection,"72,195,230,209,211","72,215,166,211,209",True,True,True,0.515,0.515,0.5064,0.5046,5,5,0,0,0.45602736867943056,0.6018443094845534
465,extraction_papers\ontocast_runs\run_500_20260710_185042\output\facts_b9d7c30d5141.ttl,Fault identification,"238,216,247,203,243","238,247,255,201,176",True,True,True,0.517,0.517,0.5130000000000001,0.5098,5,5,0,0,0.6322393565553943,0.6734927040172941
466,extraction_papers\ontocast_runs\run_500_20260710_185042\output\facts_bb4a9d52e9cc.ttl,Fault detection,"209,42,41,44,43","209,33,34,44,41",True,True,True,0.577,0.577,0.577,0.577,5,5,0,0,0.4394110275689223,0.4859203463203463
467,extraction_papers\ontocast_runs\run_500_20260710_185042\output\facts_bb4b255b87cd.ttl,Remaining useful life estimation,"172,207,208,223,147","172,208,223,148,184",True,True,True,0.522,0.522,0.5202,0.5188,5,5,0,0,0.563929226136067,0.579065053622888
468,extraction_papers\ontocast_runs\run_500_20260710_185042\output\facts_bbe415e66758.ttl,Fault detection,"42,41,44,43,46","42,200,34,44,166",True,True,True,0.609,0.609,0.609,0.607,5,5,0,0,0.2967919799498747,0.47091866028708146
469,extraction_papers\ontocast_runs\run_500_20260710_185042\output\facts_bc3efa6e971c.ttl,Fault detection,"166,167,215,175,19","166,200,215,211,19",True,True,True,0.521,0.521,0.5176000000000001,0.516,4,5,1,0,0.45651098901098897,0.594012595591543
470,extraction_papers\ontocast_runs\run_500_20260710_185042\output\facts_be51d3a57b91.ttl,Fault detection,"20,19,166,167,98","20,166,34,33,44",True,True,True,0.517,0.517,0.513,0.5105999999999999,3,5,1,0,0.3391313131313131,0.43890909090909097
471,extraction_papers\ontocast_runs\run_500_20260710_185042\output\facts_c02073b390a1.ttl,Fault identification,"216,201,202,176,255","216,255,247,13,176",True,True,True,0.513,0.513,0.5096,0.5082,5,5,0,0,0.5534244156295118,0.680473178005965
472,extraction_papers\ontocast_runs\run_500_20260710_185042\output\facts_c0d21534f79d.ttl,Fault identification,"255,201,202,176,216","255,216,210,176,201",True,True,True,0.52,0.52,0.515,0.514,5,5,0,0,0.553424415629512,0.6262767219119679
473,extraction_papers\ontocast_runs\run_500_20260710_185042\output\facts_c39995eec18e.ttl,Health assessment,"31,38,239,213,221","31,213,239,221,104",True,True,True,0.5,0.5,0.5,0.5,5,5,0,0,0.5621461887290472,0.5927769588210243
474,extraction_papers\ontocast_runs\run_500_20260710_185042\output\facts_c4d0c91f5145.ttl,Fault detection,"215,20,200,72,19","215,200,166,218,20",True,True,True,0.523,0.523,0.518,0.5154,4,5,1,0,0.3553496546243658,0.5840332985727723
475,extraction_papers\ontocast_runs\run_500_20260710_185042\output\facts_c55bd7821f8d.ttl,Fault detection,"200,166,167,98,230","200,166,230,211,20",True,True,True,0.527,0.527,0.5151999999999999,0.5124000000000001,4,5,1,0,0.4395239643397538,0.5484547616126563
476,extraction_papers\ontocast_runs\run_500_20260710_185042\output\facts_c5900afb9e1d.ttl,Health assessment,"188,31,38,239,213","188,227,104,193,38",True,True,True,0.522,0.522,0.5164000000000001,0.5146000000000001,5,5,0,0,0.5626530566081301,0.5954527733967389
477,extraction_papers\ontocast_runs\run_500_20260710_185042\output\facts_c5ad36209254.ttl,Fault detection,"20,215,42,41,44","20,44,215,34,33",True,True,True,0.513,0.513,0.5105999999999999,0.5105999999999999,5,5,0,0,0.466774628879892,0.49213228438228435
478,extraction_papers\ontocast_runs\run_500_20260710_185042\output\facts_c5d630726e73.ttl,Fault detection,"175,19,20,209,211","175,218,211,44,209",True,True,True,0.593,0.593,0.5885999999999999,0.5868,4,5,1,0,0.41151984126984126,0.60297557997558
479,extraction_papers\ontocast_runs\run_500_20260710_185042\output\facts_c660cac33b68.ttl,Remaining useful life estimation,"169,223,147,148,149","169,208,223,149,155",True,True,True,0.53,0.53,0.5204000000000001,0.517,5,5,0,0,0.38183552881227306,0.6016280382584489
480,extraction_papers\ontocast_runs\run_500_20260710_185042\output\facts_c7063fbd963c.ttl,Fault detection,"195,175,98,215,72","195,215,166,218,20",True,True,True,0.515,0.515,0.5115999999999999,0.508,5,5,0,0,0.3919176138099321,0.579756756702633
481,extraction_papers\ontocast_runs\run_500_20260710_185042\output\facts_c79730cbafdd.ttl,Health assessment,"31,38,104,227,221","31,213,193,221,104",True,True,True,0.524,0.524,0.5226000000000001,0.5164000000000001,5,5,0,0,0.4869005234140433,0.5800615447498526
482,extraction_papers\ontocast_runs\run_500_20260710_185042\output\facts_c7bd55c45a5a.ttl,Fault detection,"200,195,20,215,175","200,215,44,20,34",True,True,True,0.514,0.514,0.5112,0.5098,5,5,0,0,0.38994111965083206,0.5327483437615016
483,extraction_papers\ontocast_runs\run_500_20260710_185042\output\facts_c7c0f83a7b28.ttl,Remaining useful life estimation,"204,181,127,69,121","204,222,226,121,127",True,True,True,0.619,0.619,0.602,0.5992,5,5,0,0,0.5481071548095938,0.5764968214899249
484,extraction_papers\ontocast_runs\run_500_20260710_185042\output\facts_c8a1ceca6e88.ttl,Fault detection,"200,19,215,20,209","200,215,166,19,211",True,True,True,0.539,0.539,0.5228,0.5218,4,5,1,0,0.3766754385964912,0.594012595591543
485,extraction_papers\ontocast_runs\run_500_20260710_185042\output\facts_c8ee86acce09.ttl,Remaining useful life estimation,"51,53,52,55,54","51,207,204,36,55",True,True,True,0.577,0.577,0.577,0.577,4,5,1,0,0.28709160571229536,0.541168684973563
486,extraction_papers\ontocast_runs\run_500_20260710_185042\output\facts_c9c45d670871.ttl,Remaining useful life estimation,"181,234,232,233,15","181,249,233,128,122",True,True,True,0.544,0.544,0.5351999999999999,0.5351999999999999,5,5,0,0,0.34178785425101216,0.5624635404635405
487,extraction_papers\ontocast_runs\run_500_20260710_185042\output\facts_c9e70ae07243.ttl,Health assessment,"221,2,227,239,213","221,239,7,104,227",True,True,True,0.529,0.529,0.5164,0.5128,5,5,0,0,0.5383455011540355,0.610850839706103
488,extraction_papers\ontocast_runs\run_500_20260710_185042\output\facts_c9f0c65295d5.ttl,Fault detection,"175,42,41,44,43","175,29,43,39,33",True,True,True,0.524,0.524,0.516,0.516,5,5,0,0,0.3799199922884133,0.4003207361743947
489,extraction_papers\ontocast_runs\run_500_20260710_185042\output\facts_ca0301374e51.ttl,One step future state forecast,"131,132,106,10,135","131,10,135,132,133",True,True,True,0.707,0.707,0.707,0.707,5,5,0,0,0.34907363834422656,0.32854030501089326
490,extraction_papers\ontocast_runs\run_500_20260710_185042\output\facts_cd65a5e76a5a.ttl,One step future state forecast,"106,10,131,132,135","106,132,135,10,134",True,True,True,0.582,0.582,0.5806,0.5806,5,5,0,0,0.3490736383442266,0.3655148148148148
491,extraction_papers\ontocast_runs\run_500_20260710_185042\output\facts_cd699842b395.ttl,Fault detection,"42,41,44,43,46","42,218,19,34,44",True,True,True,0.527,0.527,0.527,0.5218,5,5,0,0,0.2967919799498747,0.5619777882935777
492,extraction_papers\ontocast_runs\run_500_20260710_185042\output\facts_cdc37f9078a2.ttl,Health assessment,"2,213,7,177,173","2,7,239,38,213",True,True,True,0.521,0.521,0.511,0.5096,4,5,1,0,0.5432251511036558,0.578455016556652
493,extraction_papers\ontocast_runs\run_500_20260710_185042\output\facts_cde5a3fb156d.ttl,Health assessment,"188,7,177,227,173","188,227,104,239,38",True,True,True,0.515,0.515,0.5122,0.5092,4,5,1,0,0.5317478192478193,0.6021002474924888
494,extraction_papers\ontocast_runs\run_500_20260710_185042\output\facts_ce3b3e6b23cd.ttl,Fault feature extraction,"32,253,198,190,18","32,190,198,229,235",True,True,True,0.534,0.534,0.525,0.518,5,5,0,0,0.5426017943409248,0.5967863247863249
495,extraction_papers\ontocast_runs\run_500_20260710_185042\output\facts_ce8987bda78c.ttl,Fault detection,"230,200,215,98,42","230,41,200,34,44",True,True,True,0.517,0.517,0.509,0.5082,5,5,0,0,0.4998676338281601,0.4852415917415918
496,extraction_papers\ontocast_runs\run_500_20260710_185042\output\facts_cedb51cf5ade.ttl,Fault detection,"209,42,41,44,43","209,33,34,44,41",True,True,True,0.707,0.707,0.707,0.707,5,5,0,0,0.4394110275689223,0.4859203463203463
497,extraction_papers\ontocast_runs\run_500_20260710_185042\output\facts_cf590247685f.ttl,Remaining useful life estimation,"127,69,51,53,52","127,55,69,4,125",True,True,True,0.527,0.527,0.5228,0.5228,5,5,0,0,0.3414867994380189,0.4353602599641557
498,extraction_papers\ontocast_runs\run_500_20260710_185042\output\facts_cf6e72680499.ttl,Fault detection,"20,166,167,42,41","20,166,34,33,44",True,True,True,0.522,0.522,0.5184,0.5174000000000001,4,5,1,0,0.36965709728867624,0.43890909090909097
499,extraction_papers\ontocast_runs\run_500_20260710_185042\output\facts_cff6cc30ff52.ttl,Fault detection,"19,20,230,209,211","19,211,44,34,230",True,True,True,0.515,0.515,0.5105999999999999,0.5104,4,5,1,0,0.45172222222222225,0.55049222999223
500,extraction_papers\ontocast_runs\run_500_20260710_185042\output\facts_d007baaf4931.ttl,Fault detection,"209,211,191,19,166","209,166,211,215,175",True,True,True,0.529,0.529,0.5256000000000001,0.5204000000000001,5,5,0,0,0.5603436563436562,0.6026370296370296
501,extraction_papers\ontocast_runs\run_500_20260710_185042\output\facts_d0fbf5e6b909.ttl,Fault detection,"19,218,42,41,44","19,218,44,34,33",True,True,True,0.563,0.563,0.5232,0.5232,5,5,0,0,0.528524837735364,0.5589462093462093
502,extraction_papers\ontocast_runs\run_500_20260710_185042\output\facts_d17d87c3a3eb.ttl,Fault detection,"230,42,41,44,43","230,41,218,200,34",True,True,True,0.533,0.533,0.5202,0.5184,5,5,0,0,0.38838538654328125,0.5483908547592758
503,extraction_papers\ontocast_runs\run_500_20260710_185042\output\facts_d1cdcadecd98.ttl,Remaining useful life estimation,"51,53,52,55,54","51,207,204,36,55",True,True,True,0.577,0.577,0.577,0.577,4,5,1,0,0.28709160571229536,0.541168684973563
504,extraction_papers\ontocast_runs\run_500_20260710_185042\output\facts_d223bbaa9246.ttl,One step future state forecast,"10,106,131,132,135","10,134,132,106,135",True,True,True,0.508,0.508,0.5035999999999999,0.5035999999999999,5,5,0,0,0.3490736383442266,0.3655148148148148
505,extraction_papers\ontocast_runs\run_500_20260710_185042\output\facts_d2bdc8b855bd.ttl,Fault detection,"19,215,98,175,245","19,218,44,215,42",True,True,True,0.515,0.515,0.5115999999999999,0.508,5,5,0,0,0.39189346764346766,0.5459877257245679
506,extraction_papers\ontocast_runs\run_500_20260710_185042\output\facts_d329fce35511.ttl,Fault detection,"209,211,215,191,218","209,33,211,215,218",True,True,True,0.593,0.593,0.5917999999999999,0.5905999999999999,5,5,0,0,0.5343221408221408,0.6062403540903543
507,extraction_papers\ontocast_runs\run_500_20260710_185042\output\facts_d35b7b7541e8.ttl,Remaining useful life estimation,"51,53,52,55,54","51,207,204,36,55",True,True,True,0.577,0.577,0.577,0.577,4,5,1,0,0.28709160571229536,0.541168684973563
508,extraction_papers\ontocast_runs\run_500_20260710_185042\output\facts_d418cd39b9d0.ttl,Health assessment,"173,221,213,7,177","173,213,221,193,7",True,True,True,0.515,0.515,0.5109999999999999,0.5105999999999999,4,5,1,0,0.5256379941086041,0.5928097596915846
509,extraction_papers\ontocast_runs\run_500_20260710_185042\output\facts_d47e94f453f3.ttl,One step future state forecast,"106,10,131,132,135","106,132,135,10,134",True,True,True,0.635,0.635,0.5376000000000001,0.5376000000000001,5,5,0,0,0.3490736383442266,0.3655148148148148
510,extraction_papers\ontocast_runs\run_500_20260710_185042\output\facts_d493073360b8.ttl,Fault detection,"20,98,175,218,166","20,218,166,195,230",True,True,True,0.519,0.519,0.5158,0.5132,5,5,0,0,0.5058443223443223,0.5369911588983752
511,extraction_papers\ontocast_runs\run_500_20260710_185042\output\facts_d4b1cbe7a461.ttl,Fault detection,"215,209,211,191,20","215,211,209,166,175",True,True,True,0.513,0.513,0.511,0.5105999999999999,5,5,0,0,0.5412725885225884,0.6026370296370297
512,extraction_papers\ontocast_runs\run_500_20260710_185042\output\facts_d523cf136b65.ttl,Health assessment,"239,153,154,193,213","239,104,7,31,221",True,True,True,0.59,0.59,0.5898,0.5851999999999999,4,5,1,0,0.5073448922343919,0.5903500277562428
513,extraction_papers\ontocast_runs\run_500_20260710_185042\output\facts_d5aab2dd8b3c.ttl,Remaining useful life estimation,"108,107,172,256,197","108,197,54,55,51",True,True,True,0.514,0.514,0.5108,0.5102,4,5,1,0,0.49164332449160036,0.522876135358894
514,extraction_papers\ontocast_runs\run_500_20260710_185042\output\facts_d65633e07130.ttl,Remaining useful life estimation,"121,92,68,67,234","121,122,68,16,128",True,True,True,0.502,0.502,0.5018,0.5014000000000001,4,5,1,0,0.42064327485380115,0.5647588762851921
515,extraction_papers\ontocast_runs\run_500_20260710_185042\output\facts_d6a09466de9a.ttl,Fault detection,"215,42,41,44,43","215,200,44,34,33",True,True,True,0.509,0.509,0.509,0.5087999999999999,5,5,0,0,0.39560656448814346,0.5344252668384247
516,extraction_papers\ontocast_runs\run_500_20260710_185042\output\facts_d715d990032f.ttl,Fault detection,"209,42,41,44,43","209,33,34,44,41",True,True,True,0.577,0.577,0.577,0.577,5,5,0,0,0.4394110275689223,0.4859203463203463
517,extraction_papers\ontocast_runs\run_500_20260710_185042\output\facts_d89aaaea83f7.ttl,Fault detection,"166,167,98,230,19","166,209,211,215,175",True,True,True,0.536,0.536,0.5254000000000001,0.5144,4,5,1,0,0.3815135975135976,0.6026370296370296
518,extraction_papers\ontocast_runs\run_500_20260710_185042\output\facts_d97b8789711a.ttl,Fault detection,"19,195,166,167,200","19,166,215,195,47",True,True,True,0.595,0.595,0.5933999999999999,0.5915999999999999,4,5,1,0,0.4716342343675496,0.518167410993781
519,extraction_papers\ontocast_runs\run_500_20260710_185042\output\facts_da6f95eecb0b.ttl,Fault identification,"210,201,202,203,48","210,48,247,212,243",True,True,True,0.707,0.707,0.707,0.707,5,5,0,0,0.5280894698410694,0.6597099496709253
520,extraction_papers\ontocast_runs\run_500_20260710_185042\output\facts_dac4dd71236c.ttl,Fault detection,"42,41,44,43,46","42,218,34,19,44",True,True,True,0.578,0.578,0.578,0.5536,5,5,0,0,0.2967919799498747,0.5619777882935778
521,extraction_papers\ontocast_runs\run_500_20260710_185042\output\facts_db4017381234.ttl,Fault detection,"42,41,44,43,46","42,72,44,34,98",True,True,True,0.595,0.595,0.595,0.5946,5,5,0,0,0.2967919799498747,0.39237183127812136
522,extraction_papers\ontocast_runs\run_500_20260710_185042\output\facts_db4c36817c48.ttl,Remaining useful life estimation,"204,121,226,8,178","204,128,226,122,242",True,True,True,0.599,0.599,0.5986,0.5978,4,5,1,0,0.3961580915693591,0.583566777479821
523,extraction_papers\ontocast_runs\run_500_20260710_185042\output\facts_dbd86d76e868.ttl,Fault detection,"72,215,19,175,98","72,215,44,47,230",True,True,True,0.609,0.609,0.5975999999999999,0.594,5,5,0,0,0.3496336177372763,0.46889140769371834
524,extraction_papers\ontocast_runs\run_500_20260710_185042\output\facts_dbf84cdbb960.ttl,Fault detection,"19,215,98,175,245","19,218,44,215,42",True,True,True,0.515,0.515,0.5115999999999999,0.508,5,5,0,0,0.39189346764346766,0.5459877257245679
525,extraction_papers\ontocast_runs\run_500_20260710_185042\output\facts_dca2f34b6176.ttl,One step future state forecast,"131,132,106,10,135","131,10,135,132,133",True,True,True,0.707,0.707,0.707,0.707,5,5,0,0,0.34907363834422656,0.32854030501089326
526,extraction_papers\ontocast_runs\run_500_20260710_185042\output\facts_dd27fb45ad12.ttl,Remaining useful life estimation,"75,74,76,222,184","75,184,74,36,222",True,True,True,0.586,0.586,0.5736000000000001,0.5636,5,5,0,0,0.3953744922410589,0.45500029472443265
527,extraction_papers\ontocast_runs\run_500_20260710_185042\output\facts_dd3e1f396fa8.ttl,Fault detection,"209,42,41,44,43","209,33,34,44,41",True,True,True,0.577,0.577,0.577,0.577,5,5,0,0,0.4394110275689223,0.4859203463203463
528,extraction_papers\ontocast_runs\run_500_20260710_185042\output\facts_dd98d08b8f00.ttl,Health assessment,"31,38,104,227,73","31,213,239,104,221",True,True,True,0.546,0.546,0.5316000000000001,0.5206000000000001,5,5,0,0,0.45733195455600073,0.5927769588210243
529,extraction_papers\ontocast_runs\run_500_20260710_185042\output\facts_e1be51b0c534.ttl,Fault detection,"42,41,44,43,46","42,215,34,44,41",True,True,True,0.619,0.619,0.619,0.616,5,5,0,0,0.2967919799498747,0.44770641639062686
530,extraction_papers\ontocast_runs\run_500_20260710_185042\output\facts_e1f936cbb7c2.ttl,One step future state forecast,"131,132,106,10,135","131,10,135,132,133",True,True,True,0.707,0.707,0.707,0.707,5,5,0,0,0.34907363834422656,0.32854030501089326
531,extraction_papers\ontocast_runs\run_500_20260710_185042\output\facts_e2b1d882f32b.ttl,Fault detection,"166,167,19,209,211","166,209,211,34,33",True,True,True,0.523,0.523,0.5178,0.5146,4,5,1,0,0.5525238095238095,0.582258152958153
532,extraction_papers\ontocast_runs\run_500_20260710_185042\output\facts_e2bdf9e84552.ttl,Remaining useful life estimation,"147,148,149,181,204","147,181,55,226,149",True,True,True,0.553,0.553,0.5484000000000001,0.541,5,5,0,0,0.48082402582250916,0.5581407606175047
533,extraction_papers\ontocast_runs\run_500_20260710_185042\output\facts_e2f2354dbf9d.ttl,Health assessment,"73,227,188,221,2","73,7,239,227,213",True,True,True,0.622,0.622,0.5998,0.5962,5,5,0,0,0.33770807649755025,0.5830473147482493
534,extraction_papers\ontocast_runs\run_500_20260710_185042\output\facts_e39978613cc4.ttl,Health assessment,"227,221,7,177,239","227,213,221,193,7",True,True,True,0.612,0.612,0.601,0.6,4,5,1,0,0.5382475633528265,0.5898017620234788
535,extraction_papers\ontocast_runs\run_500_20260710_185042\output\facts_e415c45cce5a.ttl,Fault detection,"195,72,20,175,245","195,41,245,211,98",True,True,True,0.625,0.625,0.5900000000000001,0.5882,5,5,0,0,0.30060714285714285,0.5543336039676245
536,extraction_papers\ontocast_runs\run_500_20260710_185042\output\facts_e454f7446f6b.ttl,Remaining useful life estimation,"121,170,51,53,52","121,60,208,59,52",True,True,True,0.502,0.502,0.5004,0.5004,5,5,0,0,0.3728161616161616,0.5774107537833456
537,extraction_papers\ontocast_runs\run_500_20260710_185042\output\facts_e4559ba11228.ttl,Fault detection,"230,195,42,41,44","230,41,195,34,44",True,True,True,0.527,0.527,0.5252000000000001,0.5252000000000001,5,5,0,0,0.5206490055431997,0.4903532755903889
538,extraction_papers\ontocast_runs\run_500_20260710_185042\output\facts_e4726e040ad7.ttl,Health assessment,"227,213,73,2,31","227,213,221,239,104",True,True,True,0.515,0.515,0.5105999999999999,0.5085999999999999,5,5,0,0,0.4703205068721076,0.615901516011452
539,extraction_papers\ontocast_runs\run_500_20260710_185042\output\facts_e51292722a24.ttl,Fault detection,"218,19,20,230,215","218,175,211,166,230",True,True,True,0.601,0.601,0.5923999999999999,0.5892000000000001,4,5,1,0,0.40900793650793654,0.6053565878565879
540,extraction_papers\ontocast_runs\run_500_20260710_185042\output\facts_e55acaf01cc5.ttl,Fault detection,"166,167,98,42,41","166,34,98,167,42",True,True,True,0.756,0.756,0.6756,0.6756,4,4,1,1,0.28563530037214246,0.32378522062732584
541,extraction_papers\ontocast_runs\run_500_20260710_185042\output\facts_e5a95337168b.ttl,Remaining useful life estimation,"181,121,107,8,178","181,92,107,121,59",True,True,True,0.52,0.52,0.5118,0.5106,4,5,1,0,0.400694205551612,0.5255610901701646
542,extraction_papers\ontocast_runs\run_500_20260710_185042\output\facts_e5c1aa5c505b.ttl,Health assessment,"31,38,104,221,213","31,104,38,7,239",True,True,True,0.767,0.767,0.6980000000000001,0.6946,5,5,0,0,0.5106008661321741,0.5711250835622625
543,extraction_papers\ontocast_runs\run_500_20260710_185042\output\facts_e81a11cc92aa.ttl,Health assessment,"2,7,177,227,173","2,7,104,239,38",True,True,True,0.509,0.509,0.5074,0.5056,4,5,1,0,0.5206613756613757,0.5968007696326663
544,extraction_papers\ontocast_runs\run_500_20260710_185042\output\facts_e833bddd39db.ttl,Health assessment,"213,227,2,7,177","213,227,221,193,7",True,True,True,0.514,0.514,0.5098,0.5078,4,5,1,0,0.5446927869638151,0.5898017620234788
545,extraction_papers\ontocast_runs\run_500_20260710_185042\output\facts_e84380ee1506.ttl,Fault feature extraction,"32,27,235,17,18","32,190,229,198,235",True,True,True,0.577,0.577,0.577,0.577,4,5,1,0,0.4246031746031746,0.5967863247863248
546,extraction_papers\ontocast_runs\run_500_20260710_185042\output\facts_e875e4d7dd8e.ttl,Remaining useful life estimation,"107,223,170,51,53","107,223,52,208,59",True,True,True,0.502,0.502,0.5006,0.5006,5,5,0,0,0.4526119765292179,0.5651198978210588
547,extraction_papers\ontocast_runs\run_500_20260710_185042\output\facts_e8d1b9b021c6.ttl,Fault detection,"209,42,41,44,43","209,33,34,44,41",True,True,True,0.577,0.577,0.577,0.577,5,5,0,0,0.4394110275689223,0.4859203463203463
548,extraction_papers\ontocast_runs\run_500_20260710_185042\output\facts_e9d6cd4230be.ttl,Health assessment,"221,227,31,38,213","221,239,7,104,227",True,True,True,0.519,0.519,0.5134000000000001,0.5112,5,5,0,0,0.532475211267816,0.610850839706103
549,extraction_papers\ontocast_runs\run_500_20260710_185042\output\facts_ead5835a4af6.ttl,Health assessment,"31,38,104,227,188","31,213,239,104,221",True,True,True,0.546,0.546,0.5336000000000001,0.5238000000000002,5,5,0,0,0.5454302238422745,0.5927769588210243
550,extraction_papers\ontocast_runs\run_500_20260710_185042\output\facts_eae1b40b21d7.ttl,Fault feature extraction,"32,27,235,17,18","32,190,229,198,235",True,True,True,0.577,0.577,0.577,0.577,4,5,1,0,0.4246031746031746,0.5967863247863248
551,extraction_papers\ontocast_runs\run_500_20260710_185042\output\facts_eb27293fafa8.ttl,Fault detection,"166,167,19,20,175","166,218,211,19,215",True,True,True,0.593,0.593,0.5879999999999999,0.5841999999999998,3,5,1,0,0.36937978687978684,0.609716255966256
552,extraction_papers\ontocast_runs\run_500_20260710_185042\output\facts_ebd7bf94937b.ttl,Remaining useful life estimation,"35,37,36,28,30","35,36,115,37,30",True,True,True,0.664,0.664,0.664,0.664,4,5,1,0,0.2680996168582376,0.29012887495646117
553,extraction_papers\ontocast_runs\run_500_20260710_185042\output\facts_ec1fe9ef17bb.ttl,Fault detection,"42,41,44,43,46","42,34,44,41,29",True,True,True,0.685,0.685,0.685,0.685,5,5,0,0,0.2967919799498747,0.352885623148781
554,extraction_papers\ontocast_runs\run_500_20260710_185042\output\facts_ec9d7ee0695a.ttl,Multiple steps future state forecast,"102,103,101,136,139","102,143,141,146,101",True,True,True,0.59,0.59,0.59,0.59,5,5,0,0,0.23737981024588883,0.3244747335056125
555,extraction_papers\ontocast_runs\run_500_20260710_185042\output\facts_eca56b4f9e43.ttl,Remaining useful life estimation,"8,92,178,108,223","8,53,155,108,223",True,True,True,0.514,0.514,0.5124000000000001,0.5104,4,5,1,0,0.4865690962752643,0.5565509189322234
556,extraction_papers\ontocast_runs\run_500_20260710_185042\output\facts_eccf53607080.ttl,Remaining useful life estimation,"108,51,53,52,55","108,15,54,233,51",True,True,True,0.604,0.604,0.5992,0.5992,4,5,1,0,0.35367258794845,0.5271076923076923
557,extraction_papers\ontocast_runs\run_500_20260710_185042\output\facts_ed0054f88224.ttl,Fault identification,"252,210,203,48,50","252,247,210,212,189",True,True,True,0.534,0.534,0.5172,0.5164,5,5,0,0,0.5149291261358111,0.6725538878465709
558,extraction_papers\ontocast_runs\run_500_20260710_185042\output\facts_ed31a7b35952.ttl,Fault detection,"209,42,41,44,43","209,33,34,44,41",True,True,True,0.707,0.707,0.707,0.707,5,5,0,0,0.4394110275689223,0.4859203463203463
559,extraction_papers\ontocast_runs\run_500_20260710_185042\output\facts_edfb051dca2e.ttl,Fault feature extraction,"231,17,190,70,27","231,190,229,198,235",True,True,True,0.548,0.548,0.5212,0.5146,5,5,0,0,0.5513353288932126,0.6022783882783883
560,extraction_papers\ontocast_runs\run_500_20260710_185042\output\facts_ee072a2a59e7.ttl,Remaining useful life estimation,"51,53,52,55,54","51,207,204,36,55",True,True,True,0.577,0.577,0.577,0.577,4,5,1,0,0.28709160571229536,0.541168684973563
561,extraction_papers\ontocast_runs\run_500_20260710_185042\output\facts_ee0a75e61d45.ttl,Remaining useful life estimation,"35,37,36,28,30","35,36,115,37,30",True,True,True,0.546,0.546,0.546,0.546,4,5,1,0,0.2680996168582376,0.29012887495646117
562,extraction_papers\ontocast_runs\run_500_20260710_185042\output\facts_ee9a0a608f08.ttl,Fault detection,"42,41,44,43,46","42,230,34,20,44",True,True,True,0.515,0.515,0.515,0.513,5,5,0,0,0.2967919799498747,0.4613364880733301
563,extraction_papers\ontocast_runs\run_500_20260710_185042\output\facts_ee9a7ea15be2.ttl,Health assessment,"73,7,177,213,227","73,7,239,104,227",True,True,True,0.609,0.609,0.6027999999999999,0.5973999999999998,4,5,1,0,0.5284705647415928,0.5960911680911681
564,extraction_papers\ontocast_runs\run_500_20260710_185042\output\facts_eeaa3f923a63.ttl,Fault detection,"19,42,41,44,43","19,44,34,33,41",True,True,True,0.694,0.694,0.618,0.618,5,5,0,0,0.3828822055137845,0.4320060606060606
565,extraction_papers\ontocast_runs\run_500_20260710_185042\output\facts_eeef3f4263d6.ttl,Health assessment,"31,38,104,227,73","31,213,239,104,221",True,True,True,0.546,0.546,0.5316000000000001,0.5206000000000001,5,5,0,0,0.45733195455600073,0.5927769588210243
566,extraction_papers\ontocast_runs\run_500_20260710_185042\output\facts_ef0dba915afc.ttl,Fault detection,"42,41,44,43,46","42,209,211,72,44",True,True,True,0.587,0.587,0.587,0.5853999999999999,5,5,0,0,0.2967919799498747,0.5794889612241987
567,extraction_papers\ontocast_runs\run_500_20260710_185042\output\facts_efa87c7b41b2.ttl,Remaining useful life estimation,"51,53,52,55,54","51,207,204,36,55",True,True,True,0.577,0.577,0.577,0.577,4,5,1,0,0.28709160571229536,0.541168684973563
568,extraction_papers\ontocast_runs\run_500_20260710_185042\output\facts_efbab9026697.ttl,Fault detection,"215,230,20,218,245","215,195,44,218,20",True,True,True,0.521,0.521,0.5174000000000001,0.5146,5,5,0,0,0.39573015873015877,0.5842605390028071
569,extraction_papers\ontocast_runs\run_500_20260710_185042\output\facts_f013b39c73eb.ttl,Fault detection,"195,20,19,215,230","195,44,215,20,34",True,True,True,0.531,0.531,0.525,0.5228,4,5,1,0,0.38341494845360824,0.5398423028861172
570,extraction_papers\ontocast_runs\run_500_20260710_185042\output\facts_f0313ba46488.ttl,One step future state forecast,"131,132,106,10,135","131,10,135,132,133",True,True,True,0.707,0.707,0.707,0.707,5,5,0,0,0.34907363834422656,0.32854030501089326
571,extraction_papers\ontocast_runs\run_500_20260710_185042\output\facts_f08fa7ff2465.ttl,Fault feature extraction,"17,70,18,229,32","17,229,70,190,235",True,True,True,0.596,0.596,0.592,0.5898,4,5,1,0,0.524702197866158,0.599411467177837
572,extraction_papers\ontocast_runs\run_500_20260710_185042\output\facts_f0bc196d90b1.ttl,Health modelling,"224,164,165,254,57","224,12,87,254,88",True,True,True,0.534,0.534,0.5332000000000001,0.5262,4,5,1,0,0.25199999999999995,0.4924432234432234
573,extraction_papers\ontocast_runs\run_500_20260710_185042\output\facts_f1087603d349.ttl,Fault detection,"20,230,195,42,41","20,44,34,195,230",True,True,True,0.612,0.612,0.608,0.608,5,5,0,0,0.5062207660308582,0.47140787391302846
574,extraction_papers\ontocast_runs\run_500_20260710_185042\output\facts_f1ee42d74e0f.ttl,Remaining useful life estimation,"197,107,121,222,184","197,222,233,184,122",True,True,True,0.515,0.515,0.5084000000000002,0.5077999999999999,5,5,0,0,0.5420537577365163,0.6220405147853423
575,extraction_papers\ontocast_runs\run_500_20260710_185042\output\facts_f29d09158cf0.ttl,Multiple steps future state forecast,"102,103,101,136,139","102,143,141,146,101",True,True,True,0.615,0.615,0.615,0.615,5,5,0,0,0.23737981024588883,0.3244747335056125
576,extraction_papers\ontocast_runs\run_500_20260710_185042\output\facts_f2b7ac179570.ttl,Fault detection,"230,215,218,42,41","230,41,218,34,44",True,True,True,0.515,0.515,0.5122000000000001,0.5118,5,5,0,0,0.5161463755542703,0.5295351315351315
577,extraction_papers\ontocast_runs\run_500_20260710_185042\output\facts_f2f6fe6c1c7b.ttl,Fault feature extraction,"190,32,17,253,198","190,231,229,198,235",True,True,True,0.518,0.518,0.5156000000000001,0.5112,5,5,0,0,0.5426017943409247,0.6022783882783883
578,extraction_papers\ontocast_runs\run_500_20260710_185042\output\facts_f313b1aa74f8.ttl,Fault detection,"42,41,44,43,46","42,72,44,34,166",True,True,True,0.595,0.595,0.595,0.5946,5,5,0,0,0.2967919799498747,0.428669623059867
579,extraction_papers\ontocast_runs\run_500_20260710_185042\output\facts_f34d0afa1e71.ttl,Health assessment,"227,239,153,154,193","227,213,221,193,104",True,True,True,0.595,0.595,0.591,0.5873999999999999,4,5,1,0,0.3726143790849673,0.603223926999382
580,extraction_papers\ontocast_runs\run_500_20260710_185042\output\facts_f3d29489b5d9.ttl,One step future state forecast,"131,132,135,133,134","131,10,135,132,133",True,True,True,0.508,0.508,0.508,0.5067999999999999,5,5,0,0,0.24191316526610646,0.32854030501089326
581,extraction_papers\ontocast_runs\run_500_20260710_185042\output\facts_f52f31955818.ttl,Fault detection,"98,42,41,44,43","98,42,44,72,34",True,True,True,0.523,0.523,0.5166000000000001,0.5166000000000001,5,5,0,0,0.30764828738512945,0.39237183127812136
582,extraction_papers\ontocast_runs\run_500_20260710_185042\output\facts_f62b45f91653.ttl,Remaining useful life estimation,"35,37,36,28,30","35,36,115,37,30",True,True,True,0.559,0.559,0.559,0.559,4,5,1,0,0.2680996168582376,0.29012887495646117
583,extraction_papers\ontocast_runs\run_500_20260710_185042\output\facts_f7eae092b413.ttl,Fault detection,"98,42,41,44,43","98,42,44,72,34",True,True,True,0.523,0.523,0.5166000000000001,0.5166000000000001,5,5,0,0,0.30764828738512945,0.39237183127812136
584,extraction_papers\ontocast_runs\run_500_20260710_185042\output\facts_f825989f2ec1.ttl,Remaining useful life estimation,"222,184,155,225,169","222,223,184,155,169",True,True,True,0.599,0.599,0.5943999999999999,0.5936,5,5,0,0,0.4688440913233224,0.577126586028253
585,extraction_papers\ontocast_runs\run_500_20260710_185042\output\facts_f85dfc7490d0.ttl,Fault detection,"175,209,20,211,191","175,218,211,166,230",True,True,True,0.589,0.589,0.5873999999999999,0.5836,5,5,0,0,0.46550274725274726,0.6053565878565879
586,extraction_papers\ontocast_runs\run_500_20260710_185042\output\facts_f8c14a9dd235.ttl,Remaining useful life estimation,"51,53,52,55,54","51,207,204,36,55",True,True,True,0.577,0.577,0.577,0.577,4,5,1,0,0.28709160571229536,0.541168684973563
587,extraction_papers\ontocast_runs\run_500_20260710_185042\output\facts_fa5793ba1e88.ttl,Fault detection,"209,42,41,44,43","209,33,34,44,41",True,True,True,0.577,0.577,0.577,0.577,5,5,0,0,0.4394110275689223,0.4859203463203463
588,extraction_papers\ontocast_runs\run_500_20260710_185042\output\facts_fb83d9a66daa.ttl,Fault detection,"209,42,41,44,43","209,33,34,44,41",True,True,True,0.577,0.577,0.577,0.577,5,5,0,0,0.4394110275689223,0.4859203463203463
589,extraction_papers\ontocast_runs\run_500_20260710_185042\output\facts_fbf5255fe1be.ttl,Health assessment,"239,153,154,193,7","239,104,153,7,193",True,True,True,0.621,0.621,0.6003999999999999,0.5792,4,5,1,0,0.4645664488017429,0.582898609016256
590,extraction_papers\ontocast_runs\run_500_20260710_185042\output\facts_fc17fe9060c4.ttl,Fault feature extraction,"32,253,198,17,18","32,198,253,229,190",True,True,True,0.791,0.791,0.7125999999999999,0.7121999999999999,4,5,1,0,0.41973775017253284,0.6079609279609279
591,extraction_papers\ontocast_runs\run_500_20260710_185042\output\facts_fd1eedd089d5.ttl,Fault detection,"72,166,167,98,230","72,44,230,47,166",True,True,True,0.515,0.515,0.5074,0.5066,4,5,1,0,0.3995433726165434,0.44415048537256496
592,extraction_papers\ontocast_runs\run_500_20260710_185042\output\facts_fd8433d36a79.ttl,Fault detection,"19,215,20,218,200","19,211,218,44,215",True,True,True,0.605,0.605,0.5962,0.5942000000000001,4,5,1,0,0.4737353801169591,0.6101617826617826
593,extraction_papers\ontocast_runs\run_500_20260710_185042\output\facts_fe104b30a598.ttl,Health modelling,"57,205,206,240,236","57,217,160,224,241",True,True,True,0.707,0.707,0.707,0.707,5,5,0,0,0.4206502177068215,0.5495947206297596
594,extraction_papers\ontocast_runs\run_500_20260710_185042\output\facts_fe823ec368d7.ttl,Fault detection,"215,166,167,209,19","215,195,166,19,211",True,True,True,0.52,0.52,0.5132,0.5126,4,5,1,0,0.4920326340326341,0.5896544063038908
595,extraction_papers\ontocast_runs\run_500_20260710_185042\output\facts_fea44576911a.ttl,Fault detection,"20,166,167,42,41","20,166,34,33,44",True,True,True,0.519,0.519,0.517,0.516,4,5,1,0,0.36965709728867624,0.43890909090909097
596,extraction_papers\ontocast_runs\run_500_20260710_185042\output\facts_ff03119d29c2.ttl,Fault detection,"200,166,167,98,230","200,166,230,34,33",True,True,True,0.527,0.527,0.5226,0.5194000000000001,4,5,1,0,0.4395239643397538,0.4826223162802109
597,extraction_papers\ontocast_runs\run_500_20260710_185042\output\facts_ff63b248f6b7.ttl,One step future state forecast,"106,10,131,132,135","106,132,135,10,134",True,True,True,0.504,0.504,0.5025999999999999,0.5025999999999999,5,5,0,0,0.3490736383442266,0.3655148148148148
598,extraction_papers\ontocast_runs\run_500_20260710_185042\output\facts_ff6c11b7abb1.ttl,Fault feature extraction,"32,253,198,229,17","32,190,229,198,235",True,True,True,0.515,0.515,0.5105999999999999,0.5076,5,5,0,0,0.5450682168073472,0.5967863247863248
599,extraction_papers\ontocast_runs\run_500_20260710_185042\output\facts_fffa03ab557f.ttl,Fault detection,"42,41,44,43,46","42,34,44,41,29",True,True,True,0.546,0.546,0.546,0.546,5,5,0,0,0.2967919799498747,0.352885623148781
600,extraction_papers\ontocast_runs\run_500_more_20260721_105503\output\facts_0028d9d5a386.ttl,Fault detection,"230,42,41,44,43","230,41,34,19,44",True,True,True,0.517,0.517,0.5154000000000001,0.5154000000000001,5,5,0,0,0.38838538654328125,0.4580749250749251
601,extraction_papers\ontocast_runs\run_500_more_20260721_105503\output\facts_0122f4455463.ttl,Fault detection,"42,41,44,43,46","42,215,34,44,41",True,True,True,0.553,0.553,0.553,0.5469999999999999,5,5,0,0,0.2967919799498747,0.44770641639062686
602,extraction_papers\ontocast_runs\run_500_more_20260721_105503\output\facts_012a202279bd.ttl,Fault detection,"195,200,215,218,245","195,215,166,218,20",True,True,True,0.517,0.517,0.5104,0.5082000000000001,5,5,0,0,0.5236248417435341,0.579756756702633
603,extraction_papers\ontocast_runs\run_500_more_20260721_105503\output\facts_017085dc54f2.ttl,Fault detection,"209,42,41,44,43","209,33,34,44,41",True,True,True,0.707,0.707,0.707,0.707,5,5,0,0,0.4394110275689223,0.4859203463203463
604,extraction_papers\ontocast_runs\run_500_more_20260721_105503\output\facts_01aac03dfa47.ttl,Fault feature extraction,"32,27,235,17,18","32,190,229,198,235",True,True,True,0.707,0.707,0.707,0.707,4,5,1,0,0.4246031746031746,0.5967863247863248
605,extraction_papers\ontocast_runs\run_500_more_20260721_105503\output\facts_01d6da44113e.ttl,Fault identification,"252,247,203,189,13","252,247,210,212,216",True,True,True,0.513,0.513,0.5092000000000001,0.5067999999999999,5,5,0,0,0.6349429627232204,0.685578858810566
606,extraction_papers\ontocast_runs\run_500_more_20260721_105503\output\facts_01ea63eede93.ttl,Remaining useful life estimation,"51,53,52,55,54","51,226,172,127,55",True,True,True,0.513,0.513,0.513,0.513,4,5,1,0,0.28709160571229536,0.499001547001547
607,extraction_papers\ontocast_runs\run_500_more_20260721_105503\output\facts_032b54eb788e.ttl,Health assessment,"2,239,227,153,154","2,7,104,239,38",True,True,True,0.514,0.514,0.5124,0.5084000000000001,4,5,1,0,0.32305882352941173,0.5968007696326663
608,extraction_papers\ontocast_runs\run_500_more_20260721_105503\output\facts_035db9008890.ttl,Fault detection,"209,42,41,44,43","209,33,34,44,41",True,True,True,0.577,0.577,0.577,0.577,5,5,0,0,0.4394110275689223,0.4859203463203463
609,extraction_papers\ontocast_runs\run_500_more_20260721_105503\output\facts_03a6cdb4cdc8.ttl,Fault detection,"200,230,20,42,41","200,44,230,34,20",True,True,True,0.591,0.591,0.5855999999999999,0.5856,5,5,0,0,0.49961875843454784,0.4663034246455299
610,extraction_papers\ontocast_runs\run_500_more_20260721_105503\output\facts_0411a2939dba.ttl,Remaining useful life estimation,"97,263,262,108,51","97,263,55,5,108",True,True,True,0.501,0.501,0.5008,0.5005999999999999,4,5,1,0,0.4285151515151515,0.4999265188834154
611,extraction_papers\ontocast_runs\run_500_more_20260721_105503\output\facts_0423eec8d3e3.ttl,Health assessment,"227,31,38,104,213","227,213,221,104,38",True,True,True,0.522,0.522,0.5168,0.5154,5,5,0,0,0.559499863875288,0.5572842396591147
612,extraction_papers\ontocast_runs\run_500_more_20260721_105503\output\facts_04a7f63f3ddd.ttl,One step future state forecast,"131,132,106,10,135","131,10,135,132,133",True,True,True,0.707,0.707,0.707,0.707,5,5,0,0,0.34907363834422656,0.32854030501089326
613,extraction_papers\ontocast_runs\run_500_more_20260721_105503\output\facts_065a4ddad0d4.ttl,Fault detection,"42,41,44,43,46","42,34,44,41,29",True,True,True,0.63,0.63,0.63,0.63,5,5,0,0,0.2967919799498747,0.352885623148781
614,extraction_papers\ontocast_runs\run_500_more_20260721_105503\output\facts_0662fc47254d.ttl,Fault detection,"209,211,166,167,191","209,166,211,215,175",True,True,True,0.513,0.513,0.513,0.5107999999999999,4,5,1,0,0.5462028527028527,0.6026370296370296
615,extraction_papers\ontocast_runs\run_500_more_20260721_105503\output\facts_0697d4152cca.ttl,One step future state forecast,"131,132,106,10,135","131,10,135,132,133",True,True,True,0.707,0.707,0.707,0.707,5,5,0,0,0.34907363834422656,0.32854030501089326
616,extraction_papers\ontocast_runs\run_500_more_20260721_105503\output\facts_06a6ef1fb638.ttl,Fault identification,"243,244,203,216,189","243,247,216,203,210",True,True,True,0.522,0.522,0.5178,0.515,4,5,1,0,0.5157477192618701,0.6686550395097564
617,extraction_papers\ontocast_runs\run_500_more_20260721_105503\output\facts_08a77a2de66a.ttl,Fault detection,"230,42,41,44,43","230,41,34,19,44",True,True,True,0.504,0.504,0.504,0.504,5,5,0,0,0.38838538654328125,0.4580749250749251
618,extraction_papers\ontocast_runs\run_500_more_20260721_105503\output\facts_08e6afccca23.ttl,One step future state forecast,"131,132,106,10,135","131,10,135,132,133",True,True,True,0.707,0.707,0.707,0.707,5,5,0,0,0.34907363834422656,0.32854030501089326
619,extraction_papers\ontocast_runs\run_500_more_20260721_105503\output\facts_08f9ab7aa034.ttl,Fault identification,"216,196,201,202,176","216,255,247,13,176",True,True,True,0.611,0.611,0.604,0.597,5,5,0,0,0.5236432951106864,0.680473178005965
620,extraction_papers\ontocast_runs\run_500_more_20260721_105503\output\facts_08fd540851d4.ttl,Fault detection,"215,19,166,167,195","215,200,166,218,19",True,True,True,0.518,0.518,0.5172,0.515,4,5,1,0,0.5193669045730902,0.5840332985727723
621,extraction_papers\ontocast_runs\run_500_more_20260721_105503\output\facts_093a0b415e0a.ttl,Fault detection,"215,42,41,44,43","215,195,44,34,33",True,True,True,0.598,0.598,0.5955999999999999,0.5955999999999999,5,5,0,0,0.39560656448814346,0.5474298788840026
622,extraction_papers\ontocast_runs\run_500_more_20260721_105503\output\facts_0aaa87c10a19.ttl,Remaining useful life estimation,"223,222,184,155,59","223,155,222,184,120",True,True,True,0.516,0.516,0.5142,0.5142,5,5,0,0,0.5657533252902008,0.5992111907846982
623,extraction_papers\ontocast_runs\run_500_more_20260721_105503\output\facts_0afb5272deac.ttl,Remaining useful life estimation,"226,222,184,234,232","226,122,222,233,250",True,True,True,0.534,0.534,0.5264,0.5262,5,5,0,0,0.42794615849969747,0.5899788780823264
624,extraction_papers\ontocast_runs\run_500_more_20260721_105503\output\facts_0b4414fd6f15.ttl,Remaining useful life estimation,"59,58,60,35,37","59,60,120,30,36",True,True,True,0.514,0.514,0.514,0.514,5,5,0,0,0.3644955547307812,0.43304453441295543
625,extraction_papers\ontocast_runs\run_500_more_20260721_105503\output\facts_0bf17f1a2b43.ttl,Health assessment,"31,38,104,227,188","31,213,104,239,221",True,True,True,0.559,0.559,0.5414000000000001,0.5274000000000001,5,5,0,0,0.5454302238422745,0.5927769588210243
626,extraction_papers\ontocast_runs\run_500_more_20260721_105503\output\facts_0c2792860870.ttl,Fault detection,"209,42,41,44,43","209,33,34,44,41",True,True,True,0.5,0.5,0.5,0.5,5,5,0,0,0.4394110275689223,0.4859203463203463
627,extraction_papers\ontocast_runs\run_500_more_20260721_105503\output\facts_0cbc667cdee7.ttl,Remaining useful life estimation,"108,147,148,149,237","108,122,123,149,233",True,True,True,0.521,0.521,0.521,0.5186,5,5,0,0,0.3005252988123878,0.5450330172269321
628,extraction_papers\ontocast_runs\run_500_more_20260721_105503\output\facts_0cbd095ba81e.ttl,Remaining useful life estimation,"68,67,170,223,222","68,223,184,55,170",True,True,True,0.502,0.502,0.5012,0.5008,4,5,1,0,0.4466166622246477,0.5729799313323342
629,extraction_papers\ontocast_runs\run_500_more_20260721_105503\output\facts_0d9415ba9083.ttl,Remaining useful life estimation,"121,226,8,178,59","121,60,68,226,197",True,True,True,0.515,0.515,0.5096,0.5092000000000001,4,5,1,0,0.42108428740081816,0.6028106162843004
630,extraction_papers\ontocast_runs\run_500_more_20260721_105503\output\facts_0e23d1d9ab19.ttl,Remaining useful life estimation,"157,158,156,181,263","157,16,122,242,232",True,True,True,0.512,0.512,0.5118,0.5112000000000001,3,5,1,0,0.44423076923076915,0.5482300064542628
631,extraction_papers\ontocast_runs\run_500_more_20260721_105503\output\facts_0ea175f5da02.ttl,Remaining useful life estimation,"256,197,181,22,21","256,197,21,263,232",True,True,True,0.527,0.527,0.52,0.5178,5,5,0,0,0.5509216452502493,0.5072785953177257
632,extraction_papers\ontocast_runs\run_500_more_20260721_105503\output\facts_0f43116b6a57.ttl,Fault identification,"210,201,202,203,48","210,48,247,212,243",True,True,True,0.707,0.707,0.707,0.707,5,5,0,0,0.5280894698410694,0.6597099496709253
633,extraction_papers\ontocast_runs\run_500_more_20260721_105503\output\facts_0fc092b36e31.ttl,Health assessment,"73,239,153,154,193","73,193,104,7,227",True,True,True,0.517,0.517,0.5122000000000001,0.5087999999999999,4,5,1,0,0.3899738562091503,0.5934131054131054
634,extraction_papers\ontocast_runs\run_500_more_20260721_105503\output\facts_0fef9a50cdea.ttl,Fault detection,"209,42,41,44,43","209,33,34,44,41",True,True,True,0.707,0.707,0.707,0.707,5,5,0,0,0.4394110275689223,0.4859203463203463
635,extraction_papers\ontocast_runs\run_500_more_20260721_105503\output\facts_10c7cf4bb507.ttl,Fault detection,"42,41,44,43,46","42,20,34,44,245",True,True,True,0.521,0.521,0.521,0.5189999999999999,5,5,0,0,0.2967919799498747,0.45339663844927003
636,extraction_papers\ontocast_runs\run_500_more_20260721_105503\output\facts_10fc6836508e.ttl,Fault identification,"210,201,202,203,48","210,48,247,212,243",True,True,True,0.577,0.577,0.577,0.577,5,5,0,0,0.5280894698410694,0.6597099496709253
637,extraction_papers\ontocast_runs\run_500_more_20260721_105503\output\facts_1197c4a7a550.ttl,Remaining useful life estimation,"223,8,178,22,21","223,207,75,172,23",True,True,True,0.527,0.527,0.525,0.5236000000000001,4,5,1,0,0.42657786394480246,0.54974543613568
638,extraction_papers\ontocast_runs\run_500_more_20260721_105503\output\facts_11a6adc2ad22.ttl,Fault feature extraction,"18,231,190,70,229","18,229,70,190,235",True,True,True,0.603,0.603,0.5948,0.5917999999999999,5,5,0,0,0.6201068200177681,0.599411467177837
639,extraction_papers\ontocast_runs\run_500_more_20260721_105503\output\facts_11f0d8e05fb5.ttl,Health assessment,"31,38,239,213,221","31,213,239,221,104",True,True,True,0.577,0.577,0.577,0.577,5,5,0,0,0.5621461887290472,0.5927769588210243
640,extraction_papers\ontocast_runs\run_500_more_20260721_105503\output\facts_124de239a574.ttl,Health assessment,"213,221,73,2,7","213,227,221,193,104",True,True,True,0.589,0.589,0.5884,0.5858,5,5,0,0,0.44049211198977556,0.603223926999382
641,extraction_papers\ontocast_runs\run_500_more_20260721_105503\output\facts_132fb3c19ecf.ttl,Fault identification,"255,203,216,189,201","255,216,247,210,176",True,True,True,0.547,0.547,0.514,0.513,5,5,0,0,0.6142036535997253,0.680450584479273
642,extraction_papers\ontocast_runs\run_500_more_20260721_105503\output\facts_1369a550b788.ttl,Fault detection,"209,42,41,44,43","209,33,34,44,41",True,True,True,0.577,0.577,0.577,0.577,5,5,0,0,0.4394110275689223,0.4859203463203463
643,extraction_papers\ontocast_runs\run_500_more_20260721_105503\output\facts_1383fb47dc0b.ttl,Fault detection,"215,195,42,41,44","215,195,44,20,34",True,True,True,0.543,0.543,0.5224000000000001,0.5224000000000001,5,5,0,0,0.5548565605130988,0.5398423028861173
644,extraction_papers\ontocast_runs\run_500_more_20260721_105503\output\facts_13b6a96e3c49.ttl,Health assessment,"188,7,177,173,2","188,173,104,193,38",True,True,True,0.572,0.572,0.5271999999999999,0.5192,4,5,1,0,0.4982906477906478,0.5960161909256737
645,extraction_papers\ontocast_runs\run_500_more_20260721_105503\output\facts_13eee031c115.ttl,Health assessment,"221,73,239,153,154","221,239,7,104,153",True,True,True,0.583,0.583,0.5446,0.5324,4,5,1,0,0.37727210182318544,0.5916861708696075
646,extraction_papers\ontocast_runs\run_500_more_20260721_105503\output\facts_14c244517f16.ttl,Fault detection,"42,41,44,43,46","42,34,44,41,29",True,True,True,0.607,0.607,0.607,0.607,5,5,0,0,0.2967919799498747,0.352885623148781
647,extraction_papers\ontocast_runs\run_500_more_20260721_105503\output\facts_14e2d45242d9.ttl,Fault detection,"200,166,167,98,19","200,215,166,218,211",True,True,True,0.503,0.503,0.5014,0.5008,4,5,1,0,0.42464167995746943,0.6198774544169281
648,extraction_papers\ontocast_runs\run_500_more_20260721_105503\output\facts_14ff68ec355e.ttl,Fault detection,"200,166,167,98,230","200,166,230,34,33",True,True,True,0.527,0.527,0.5226,0.5194000000000001,4,5,1,0,0.4395239643397538,0.4826223162802109
649,extraction_papers\ontocast_runs\run_500_more_20260721_105503\output\facts_1546c3ef38f1.ttl,Fault identification,"216,255,196,13,246","216,255,247,13,176",True,True,True,0.598,0.598,0.5923999999999999,0.5902,5,5,0,0,0.5773281240617305,0.680473178005965
650,extraction_papers\ontocast_runs\run_500_more_20260721_105503\output\facts_15c3ad5fc8e1.ttl,Remaining useful life estimation,"181,35,37,36,28","181,111,36,30,37",True,True,True,0.632,0.632,0.6104,0.6104,4,5,1,0,0.41359504862953134,0.44828749028749026
651,extraction_papers\ontocast_runs\run_500_more_20260721_105503\output\facts_15fe47328ffe.ttl,Fault detection,"215,20,230,195,245","215,200,166,218,20",True,True,True,0.529,0.529,0.5194000000000001,0.5146,5,5,0,0,0.3989149484536082,0.5840332985727723
652,extraction_papers\ontocast_runs\run_500_more_20260721_105503\output\facts_1659b448624e.ttl,Fault feature extraction,"17,231,70,27,18","17,229,70,190,235",True,True,True,0.515,0.515,0.5092000000000001,0.506,4,5,1,0,0.42066590170204626,0.599411467177837
653,extraction_papers\ontocast_runs\run_500_more_20260721_105503\output\facts_16cce76b69b8.ttl,Fault detection,"42,41,44,43,46","42,34,44,166,41",True,True,True,0.524,0.524,0.524,0.524,5,5,0,0,0.2967919799498747,0.35917065390749603
654,extraction_papers\ontocast_runs\run_500_more_20260721_105503\output\facts_17364b981c05.ttl,Remaining useful life estimation,"68,67,97,263,262","68,263,55,126,108",True,True,True,0.502,0.502,0.5014,0.5008,3,5,1,0,0.4533771929824561,0.5117343718491631
655,extraction_papers\ontocast_runs\run_500_more_20260721_105503\output\facts_174b4f5d17a5.ttl,Remaining useful life estimation,"234,232,233,15,14","234,122,249,128,16",True,True,True,0.795,0.795,0.795,0.795,4,5,1,0,0.3189603238866397,0.5494555202976256
656,extraction_papers\ontocast_runs\run_500_more_20260721_105503\output\facts_1760757d9ad8.ttl,Fault detection,"72,200,20,19,98","72,44,230,47,41",True,True,True,0.515,0.515,0.5104000000000001,0.5062,4,5,1,0,0.2685476190476191,0.44494248755095994
657,extraction_papers\ontocast_runs\run_500_more_20260721_105503\output\facts_1804915cdefd.ttl,Health assessment,"31,38,104,227,73","31,213,239,104,221",True,True,True,0.546,0.546,0.5316000000000001,0.5206000000000001,5,5,0,0,0.45733195455600073,0.5927769588210243
658,extraction_papers\ontocast_runs\run_500_more_20260721_105503\output\facts_1828e7764198.ttl,Fault detection,"72,42,41,44,43","72,44,47,41,29",True,True,True,0.527,0.527,0.5174000000000001,0.5174000000000001,5,5,0,0,0.39475426370805056,0.39231854025307167
659,extraction_papers\ontocast_runs\run_500_more_20260721_105503\output\facts_18b6ee490663.ttl,Fault detection,"20,215,230,166,167","20,44,215,34,200",True,True,True,0.522,0.522,0.5182,0.5174,4,5,1,0,0.4408304195804195,0.5327483437615017
660,extraction_papers\ontocast_runs\run_500_more_20260721_105503\output\facts_18e830a9f47e.ttl,Fault detection,"19,42,41,44,43","19,44,34,195,33",True,True,True,0.524,0.524,0.5168000000000001,0.5168000000000001,5,5,0,0,0.3828822055137845,0.5023265854420493
661,extraction_papers\ontocast_runs\run_500_more_20260721_105503\output\facts_19ee37fc6450.ttl,Fault detection,"19,245,42,41,44","19,218,44,34,33",True,True,True,0.521,0.521,0.5166000000000001,0.5154000000000001,5,5,0,0,0.4467921727395412,0.5589462093462093
662,extraction_papers\ontocast_runs\run_500_more_20260721_105503\output\facts_1a10ec074530.ttl,Health assessment,"31,38,104,73,7","31,213,193,104,221",True,True,True,0.515,0.515,0.5126,0.5082,5,5,0,0,0.4972126214693162,0.5800615447498526
663,extraction_papers\ontocast_runs\run_500_more_20260721_105503\output\facts_1a1ef03ce149.ttl,Fault detection,"200,166,167,98,209","200,215,166,211,20",True,True,True,0.559,0.559,0.5308,0.5282,4,5,1,0,0.45706592238171184,0.594012595591543
664,extraction_papers\ontocast_runs\run_500_more_20260721_105503\output\facts_1ac69b68a852.ttl,Fault detection,"98,166,167,20,175","98,211,209,42,166",True,True,True,0.527,0.527,0.5188,0.5142,4,5,1,0,0.3613736541236541,0.5441169210906053
665,extraction_papers\ontocast_runs\run_500_more_20260721_105503\output\facts_1c32bb81c2ca.ttl,Health assessment,"31,38,239,213,221","31,213,239,221,104",True,True,True,0.5,0.5,0.5,0.5,5,5,0,0,0.5621461887290472,0.5927769588210243
666,extraction_papers\ontocast_runs\run_500_more_20260721_105503\output\facts_1c6c15d7e92d.ttl,Health assessment,"31,38,104,227,7","31,213,193,104,221",True,True,True,0.525,0.525,0.5216000000000001,0.5144,5,5,0,0,0.5433933899685001,0.5800615447498526
667,extraction_papers\ontocast_runs\run_500_more_20260721_105503\output\facts_1e7793c0fb87.ttl,Fault detection,"230,42,41,44,43","230,41,175,44,34",True,True,True,0.516,0.516,0.5136,0.5136,5,5,0,0,0.38838538654328125,0.45394030969030974
668,extraction_papers\ontocast_runs\run_500_more_20260721_105503\output\facts_1ec7b79d0ea4.ttl,Health assessment,"31,38,239,213,221","31,213,239,221,104",True,True,True,0.707,0.707,0.707,0.707,5,5,0,0,0.5621461887290472,0.5927769588210243
669,extraction_papers\ontocast_runs\run_500_more_20260721_105503\output\facts_1f540ba42fa5.ttl,Fault detection,"72,195,19,209,211","72,218,166,211,215",True,True,True,0.515,0.515,0.508,0.5044,5,5,0,0,0.4161424480445099,0.6168215422788594
670,extraction_papers\ontocast_runs\run_500_more_20260721_105503\output\facts_1f562b8ac71c.ttl,Fault detection,"42,41,44,43,46","42,215,34,44,41",True,True,True,0.536,0.536,0.536,0.5334000000000001,5,5,0,0,0.2967919799498747,0.44770641639062686
671,extraction_papers\ontocast_runs\run_500_more_20260721_105503\output\facts_20a6e0deb55f.ttl,Fault identification,"203,189,252,243,244","203,201,189,243,210",True,True,True,0.551,0.551,0.534,0.5268,4,5,1,0,0.4632673217256742,0.5800246043264912
672,extraction_papers\ontocast_runs\run_500_more_20260721_105503\output\facts_20f6fbfd7894.ttl,Fault detection,"200,98,20,209,211","200,44,211,20,34",True,True,True,0.511,0.511,0.51,0.5095999999999999,5,5,0,0,0.4542222222222222,0.5380225943646997
673,extraction_papers\ontocast_runs\run_500_more_20260721_105503\output\facts_21a2d846ad65.ttl,Health assessment,"31,38,104,213,221","31,213,104,193,221",True,True,True,0.59,0.59,0.5702,0.5544,5,5,0,0,0.5106008661321741,0.5800615447498526
674,extraction_papers\ontocast_runs\run_500_more_20260721_105503\output\facts_21c271594507.ttl,Fault detection,"215,200,42,41,44","215,200,44,19,34",True,True,True,0.523,0.523,0.5172000000000001,0.5172000000000001,5,5,0,0,0.5436605937921728,0.5327483437615016
675,extraction_papers\ontocast_runs\run_500_more_20260721_105503\output\facts_226be26d5d7e.ttl,Fault detection,"209,42,41,44,43","209,33,34,44,41",True,True,True,0.577,0.577,0.577,0.577,5,5,0,0,0.4394110275689223,0.4859203463203463
676,extraction_papers\ontocast_runs\run_500_more_20260721_105503\output\facts_23254f5af84b.ttl,Remaining useful life estimation,"97,75,74,76,107","97,204,107,75,74",True,True,True,0.513,0.513,0.5102,0.5094,5,5,0,0,0.37082070930346794,0.5025898418312211
677,extraction_papers\ontocast_runs\run_500_more_20260721_105503\output\facts_2458231486ca.ttl,Fault detection,"72,230,175,19,218","72,218,44,230,42",True,True,True,0.595,0.595,0.5892,0.587,5,5,0,0,0.4444149617320349,0.5723425355132672
678,extraction_papers\ontocast_runs\run_500_more_20260721_105503\output\facts_2471590301df.ttl,Remaining useful life estimation,"234,232,233,15,14","234,122,249,128,16",True,True,True,0.689,0.689,0.689,0.689,4,5,1,0,0.3189603238866397,0.5494555202976256
679,extraction_papers\ontocast_runs\run_500_more_20260721_105503\output\facts_27748de04611.ttl,Health assessment,"31,38,104,227,73","31,213,239,104,221",True,True,True,0.546,0.546,0.5316000000000001,0.5206000000000001,5,5,0,0,0.45733195455600073,0.5927769588210243
680,extraction_papers\ontocast_runs\run_500_more_20260721_105503\output\facts_27fa84415142.ttl,Fault detection,"200,42,41,44,43","200,44,230,34,19",True,True,True,0.593,0.593,0.5890000000000001,0.5890000000000001,5,5,0,0,0.44875939849624064,0.4663034246455299
681,extraction_papers\ontocast_runs\run_500_more_20260721_105503\output\facts_28071ee19862.ttl,Fault detection,"200,209,211,215,191","200,215,44,211,47",True,True,True,0.524,0.524,0.5192,0.5156,5,5,0,0,0.4855994312704839,0.5926060182507551
682,extraction_papers\ontocast_runs\run_500_more_20260721_105503\output\facts_2813a9cf840c.ttl,Fault detection,"72,215,19,20,245","72,218,44,215,47",True,True,True,0.595,0.595,0.5875999999999999,0.5858,4,5,1,0,0.3303170731707317,0.5656843656984865
683,extraction_papers\ontocast_runs\run_500_more_20260721_105503\output\facts_2828ec95580c.ttl,Remaining useful life estimation,"222,184,147,148,149","222,15,155,208,184",True,True,True,0.526,0.526,0.5236000000000001,0.5199999999999999,5,5,0,0,0.37434587066931646,0.5723600077789159
684,extraction_papers\ontocast_runs\run_500_more_20260721_105503\output\facts_2942474080f1.ttl,Fault detection,"215,19,230,166,167","215,200,166,19,42",True,True,True,0.611,0.611,0.5972,0.5962,4,5,1,0,0.4408304195804195,0.5435661268556005
685,extraction_papers\ontocast_runs\run_500_more_20260721_105503\output\facts_29d80fec6db0.ttl,Remaining useful life estimation,"222,184,108,8,178","222,204,184,256,237",True,True,True,0.594,0.594,0.593,0.5912,4,5,1,0,0.39908159300631374,0.5604304551021193
686,extraction_papers\ontocast_runs\run_500_more_20260721_105503\output\facts_2a3e5109614f.ttl,Fault detection,"218,230,175,200,72","218,175,211,230,209",True,True,True,0.514,0.514,0.5105999999999999,0.5098,5,5,0,0,0.4451772842048838,0.5567884615384615
687,extraction_papers\ontocast_runs\run_500_more_20260721_105503\output\facts_2a5ab19eec1b.ttl,Fault identification,"238,210,48,50,49","238,247,49,212,13",True,True,True,0.596,0.596,0.5936,0.5922,5,5,0,0,0.573300443416233,0.679337666398642
688,extraction_papers\ontocast_runs\run_500_more_20260721_105503\output\facts_2a8937c2adda.ttl,Fault detection,"175,230,209,211,191","175,218,211,166,230",True,True,True,0.52,0.52,0.5151999999999999,0.5138,5,5,0,0,0.47872557997558,0.6053565878565879
689,extraction_papers\ontocast_runs\run_500_more_20260721_105503\output\facts_2accaffeeb92.ttl,Fault detection,"42,41,44,43,46","42,218,34,44,215",True,True,True,0.663,0.663,0.663,0.6358,5,5,0,0,0.2967919799498747,0.5608550221708116
690,extraction_papers\ontocast_runs\run_500_more_20260721_105503\output\facts_2ad5aaef592d.ttl,Remaining useful life estimation,"207,208,263,262,75","207,23,197,256,75",True,True,True,0.569,0.569,0.5553999999999999,0.5319999999999999,4,5,1,0,0.35802692130694896,0.59885478424015
691,extraction_papers\ontocast_runs\run_500_more_20260721_105503\output\facts_2c2a8543208a.ttl,Fault detection,"98,200,166,167,20","98,211,200,230,42",True,True,True,0.523,0.523,0.5161999999999999,0.5146,4,5,1,0,0.42464167995746943,0.5278334618597776
692,extraction_papers\ontocast_runs\run_500_more_20260721_105503\output\facts_2d84923922e7.ttl,Fault detection,"42,41,44,43,46","42,218,34,44,215",True,True,True,0.574,0.574,0.574,0.5504,5,5,0,0,0.2967919799498747,0.5608550221708116
693,extraction_papers\ontocast_runs\run_500_more_20260721_105503\output\facts_2d985f627050.ttl,Fault detection,"166,167,98,215,245","166,200,215,98,211",True,True,True,0.567,0.567,0.5418,0.5302,4,5,1,0,0.4163150738150739,0.579624150703098
694,extraction_papers\ontocast_runs\run_500_more_20260721_105503\output\facts_2e33d1a3d1d2.ttl,Remaining useful life estimation,"234,232,233,15,14","234,122,249,128,16",True,True,True,0.795,0.795,0.795,0.795,4,5,1,0,0.3189603238866397,0.5494555202976256
695,extraction_papers\ontocast_runs\run_500_more_20260721_105503\output\facts_2eb6f4c9e7ab.ttl,Remaining useful life estimation,"207,208,169,35,37","207,120,30,169,36",True,True,True,0.609,0.609,0.6011999999999998,0.5984,5,5,0,0,0.4978543091546725,0.4585757575757576
696,extraction_papers\ontocast_runs\run_500_more_20260721_105503\output\facts_2ed8c9d5e82d.ttl,Fault detection,"166,167,215,175,19","166,200,215,211,19",True,True,True,0.521,0.521,0.5176000000000001,0.516,4,5,1,0,0.45651098901098897,0.594012595591543
697,extraction_papers\ontocast_runs\run_500_more_20260721_105503\output\facts_2f22d6ffad1b.ttl,Fault detection,"72,215,209,211,191","72,218,44,211,215",True,True,True,0.521,0.521,0.5156,0.5134000000000001,5,5,0,0,0.5327609071145656,0.6176366181244229
698,extraction_papers\ontocast_runs\run_500_more_20260721_105503\output\facts_3033c6608984.ttl,Fault detection,"215,230,72,42,41","215,34,42,72,44",True,True,True,0.529,0.529,0.5214000000000001,0.5196000000000001,5,5,0,0,0.49571300436833166,0.49447069137537686
699,extraction_papers\ontocast_runs\run_500_more_20260721_105503\output\facts_314b35330e8d.ttl,Fault detection,"230,42,41,44,43","230,41,200,34,44",True,True,True,0.598,0.598,0.5955999999999999,0.5948,5,5,0,0,0.38838538654328125,0.4852415917415918
700,extraction_papers\ontocast_runs\run_500_more_20260721_105503\output\facts_316e4d8a3d18.ttl,Fault detection,"166,167,209,211,191","166,209,211,215,72",True,True,True,0.53,0.53,0.5258,0.5216000000000001,4,5,1,0,0.5462028527028526,0.6018443094845534
701,extraction_papers\ontocast_runs\run_500_more_20260721_105503\output\facts_31dcee2cecfd.ttl,Fault detection,"98,42,41,44,43","98,42,44,72,34",True,True,True,0.523,0.523,0.5166000000000001,0.5166000000000001,5,5,0,0,0.30764828738512945,0.39237183127812136
702,extraction_papers\ontocast_runs\run_500_more_20260721_105503\output\facts_320689a5feb9.ttl,Fault detection,"209,42,41,44,43","209,33,34,44,41",True,True,True,0.577,0.577,0.577,0.577,5,5,0,0,0.4394110275689223,0.4859203463203463
703,extraction_papers\ontocast_runs\run_500_more_20260721_105503\output\facts_322713e7e2a7.ttl,Fault detection,"200,72,195,166,167","200,215,166,218,211",True,True,True,0.512,0.512,0.5076,0.5052000000000001,4,5,1,0,0.431687818994305,0.6198774544169281
704,extraction_papers\ontocast_runs\run_500_more_20260721_105503\output\facts_328ad43df64b.ttl,Fault identification,"255,238,176,203,247","255,238,247,176,201",True,True,True,0.525,0.525,0.5147999999999999,0.5138,5,5,0,0,0.5921294011089093,0.6734927040172942
705,extraction_papers\ontocast_runs\run_500_more_20260721_105503\output\facts_3291dab56c7e.ttl,Remaining useful life estimation,"234,232,233,15,14","234,122,249,128,16",True,True,True,0.667,0.667,0.667,0.667,4,5,1,0,0.3189603238866397,0.5494555202976256
706,extraction_papers\ontocast_runs\run_500_more_20260721_105503\output\facts_32f8dfb4f37c.ttl,Remaining useful life estimation,"226,59,58,60,127","226,60,58,55,127",True,True,True,0.685,0.685,0.6160000000000001,0.6008000000000001,5,5,0,0,0.4646996887279301,0.5445944255700353
707,extraction_papers\ontocast_runs\run_500_more_20260721_105503\output\facts_330c028d10b5.ttl,Health assessment,"239,7,153,154,177","239,104,7,31,221",True,True,True,0.512,0.512,0.512,0.5084,3,5,1,0,0.4840849673202615,0.5903500277562428
708,extraction_papers\ontocast_runs\run_500_more_20260721_105503\output\facts_33dc516dd8de.ttl,Health assessment,"31,38,239,213,221","31,213,239,221,104",True,True,True,0.577,0.577,0.577,0.577,5,5,0,0,0.5621461887290472,0.5927769588210243
709,extraction_papers\ontocast_runs\run_500_more_20260721_105503\output\facts_3411fc81c13b.ttl,Health assessment,"31,38,104,173,7","31,213,104,193,221",True,True,True,0.645,0.645,0.6260000000000001,0.6092,5,5,0,0,0.5456807442000949,0.5800615447498526
710,extraction_papers\ontocast_runs\run_500_more_20260721_105503\output\facts_34364e5d4324.ttl,Fault detection,"166,167,98,218,245","166,218,245,34,33",True,True,True,0.598,0.598,0.596,0.5936,4,5,1,0,0.4793706293706294,0.5347039627039627
711,extraction_papers\ontocast_runs\run_500_more_20260721_105503\output\facts_34e11e29a9e0.ttl,Fault detection,"195,175,215,245,218","195,215,166,218,20",True,True,True,0.521,0.521,0.5186,0.515,5,5,0,0,0.5192270684641819,0.579756756702633
712,extraction_papers\ontocast_runs\run_500_more_20260721_105503\output\facts_34f4f204165a.ttl,Fault detection,"209,42,41,44,43","209,33,34,44,41",True,True,True,0.577,0.577,0.577,0.577,5,5,0,0,0.4394110275689223,0.4859203463203463
713,extraction_papers\ontocast_runs\run_500_more_20260721_105503\output\facts_35bd4a298d1d.ttl,Remaining useful life estimation,"172,92,204,256,8","172,208,204,55,92",True,True,True,0.522,0.522,0.5168,0.5154,5,5,0,0,0.5522559444365935,0.5809525812807191
714,extraction_papers\ontocast_runs\run_500_more_20260721_105503\output\facts_35fb99a9cf9a.ttl,Health assessment,"213,7,177,221,239","213,173,221,193,104",True,True,True,0.51,0.51,0.5076,0.5064,4,5,1,0,0.4964268301655168,0.6092518676874309
715,extraction_papers\ontocast_runs\run_500_more_20260721_105503\output\facts_360b674b9ae4.ttl,Fault detection,"209,42,41,44,43","209,33,34,44,41",True,True,True,0.577,0.577,0.577,0.577,5,5,0,0,0.4394110275689223,0.4859203463203463
716,extraction_papers\ontocast_runs\run_500_more_20260721_105503\output\facts_37902542e7d3.ttl,Fault detection,"98,200,230,19,72","98,211,245,200,42",True,True,True,0.513,0.513,0.5102,0.508,5,5,0,0,0.3484935897435897,0.5415761519182571
717,extraction_papers\ontocast_runs\run_500_more_20260721_105503\output\facts_37d3b512f559.ttl,Fault detection,"209,42,41,44,43","209,33,34,44,41",True,True,True,0.707,0.707,0.707,0.707,5,5,0,0,0.4394110275689223,0.4859203463203463
718,extraction_papers\ontocast_runs\run_500_more_20260721_105503\output\facts_38008a39d8ba.ttl,Fault detection,"166,167,19,230,215","166,215,19,34,33",True,True,True,0.614,0.614,0.6033999999999999,0.5978,4,5,1,0,0.44083041958041963,0.492127738927739
719,extraction_papers\ontocast_runs\run_500_more_20260721_105503\output\facts_38cb47eaae78.ttl,Fault feature extraction,"190,70,235,32,17","190,70,229,198,235",True,True,True,0.598,0.598,0.586,0.5851999999999999,5,5,0,0,0.5479736918689249,0.605755152478044
720,extraction_papers\ontocast_runs\run_500_more_20260721_105503\output\facts_394b36f37a87.ttl,Fault detection,"42,41,44,43,46","42,34,44,41,29",True,True,True,0.546,0.546,0.546,0.546,5,5,0,0,0.2967919799498747,0.352885623148781
721,extraction_papers\ontocast_runs\run_500_more_20260721_105503\output\facts_399c85ed8b40.ttl,Health assessment,"213,31,38,104,188","213,227,221,193,104",True,True,True,0.504,0.504,0.504,0.5034,5,5,0,0,0.5442510197203322,0.603223926999382
722,extraction_papers\ontocast_runs\run_500_more_20260721_105503\output\facts_39bf81af29ee.ttl,Remaining useful life estimation,"51,53,52,55,54","51,207,204,36,55",True,True,True,0.577,0.577,0.577,0.577,4,5,1,0,0.28709160571229536,0.541168684973563
723,extraction_papers\ontocast_runs\run_500_more_20260721_105503\output\facts_3a42ffd44a80.ttl,Fault detection,"42,41,44,43,46","42,230,34,44,20",True,True,True,0.524,0.524,0.524,0.5184,5,5,0,0,0.2967919799498747,0.4613364880733301
724,extraction_papers\ontocast_runs\run_500_more_20260721_105503\output\facts_3acd98748b79.ttl,Health assessment,"7,177,239,153,154","7,227,104,193,221",True,True,True,0.518,0.518,0.5138,0.5098,3,5,1,0,0.4840849673202615,0.6004300869695607
725,extraction_papers\ontocast_runs\run_500_more_20260721_105503\output\facts_3b08c804a1da.ttl,Fault detection,"215,245,42,41,44","215,34,19,42,44",True,True,True,0.523,0.523,0.5178,0.5166000000000001,5,5,0,0,0.4525229419703104,0.49655333701386334
726,extraction_papers\ontocast_runs\run_500_more_20260721_105503\output\facts_3d0e659cfff8.ttl,Fault detection,"166,167,98,209,42","166,209,34,33,44",True,True,True,0.501,0.501,0.5006,0.5002,4,5,1,0,0.4083466241360978,0.49570216450216453
727,extraction_papers\ontocast_runs\run_500_more_20260721_105503\output\facts_3d4ae289478c.ttl,Fault detection,"195,166,167,20,230","195,44,20,34,230",True,True,True,0.542,0.542,0.5176000000000001,0.516,4,5,1,0,0.4699292288467546,0.47140787391302846
728,extraction_papers\ontocast_runs\run_500_more_20260721_105503\output\facts_3dddf83495dd.ttl,Fault detection,"72,195,19,209,211","72,218,166,211,215",True,True,True,0.515,0.515,0.508,0.5044,5,5,0,0,0.4161424480445099,0.6168215422788594
729,extraction_papers\ontocast_runs\run_500_more_20260721_105503\output\facts_3e28de484ec6.ttl,Remaining useful life estimation,"51,53,52,55,54","51,207,204,36,55",True,True,True,0.707,0.707,0.707,0.707,4,5,1,0,0.28709160571229536,0.541168684973563
730,extraction_papers\ontocast_runs\run_500_more_20260721_105503\output\facts_3e472733607f.ttl,One step future state forecast,"106,10,131,132,135","106,132,135,10,134",True,True,True,0.598,0.598,0.5948,0.5948,5,5,0,0,0.3490736383442266,0.3655148148148148
731,extraction_papers\ontocast_runs\run_500_more_20260721_105503\output\facts_3ee1f134ad86.ttl,Remaining useful life estimation,"256,197,207,208,263","256,197,222,208,169",True,True,True,0.522,0.522,0.5202,0.5188,5,5,0,0,0.45984503168253743,0.6020022287840114
732,extraction_papers\ontocast_runs\run_500_more_20260721_105503\output\facts_3fabc092af26.ttl,Remaining useful life estimation,"172,169,155,59,58","172,208,60,155,59",True,True,True,0.515,0.515,0.5130000000000001,0.5116,5,5,0,0,0.3974751578306664,0.5914435639812414
733,extraction_papers\ontocast_runs\run_500_more_20260721_105503\output\facts_3ff8ec2de53f.ttl,Fault detection,"72,20,19,166,167","72,218,166,211,230",True,True,True,0.521,0.521,0.5156000000000001,0.5105999999999999,3,5,1,0,0.37213150670467743,0.6071577880114465
734,extraction_papers\ontocast_runs\run_500_more_20260721_105503\output\facts_403f3676d16a.ttl,Fault detection,"200,166,167,98,230","200,166,230,34,33",True,True,True,0.527,0.527,0.5226,0.5194000000000001,4,5,1,0,0.4395239643397538,0.4826223162802109
735,extraction_papers\ontocast_runs\run_500_more_20260721_105503\output\facts_4060c2af021d.ttl,Fault detection,"42,41,44,43,46","42,200,34,19,44",True,True,True,0.524,0.524,0.524,0.5198,5,5,0,0,0.2967919799498747,0.48870972886762354
736,extraction_papers\ontocast_runs\run_500_more_20260721_105503\output\facts_40ebb960239f.ttl,Fault detection,"200,166,167,20,42","200,166,20,34,33",True,True,True,0.547,0.547,0.526,0.5244000000000001,4,5,1,0,0.47027910685805424,0.48291578947368424
737,extraction_papers\ontocast_runs\run_500_more_20260721_105503\output\facts_4131bb2becd4.ttl,Health assessment,"31,38,239,213,221","31,213,239,221,104",True,True,True,0.577,0.577,0.577,0.577,5,5,0,0,0.5621461887290472,0.5927769588210243
738,extraction_papers\ontocast_runs\run_500_more_20260721_105503\output\facts_416cc3264b07.ttl,Fault detection,"42,41,44,43,46","42,215,34,44,41",True,True,True,0.559,0.559,0.559,0.5508000000000001,5,5,0,0,0.2967919799498747,0.44770641639062686
739,extraction_papers\ontocast_runs\run_500_more_20260721_105503\output\facts_427c2c6eadad.ttl,Remaining useful life estimation,"107,75,74,76,92","107,223,30,75,263",True,True,True,0.532,0.532,0.5196,0.5156,5,5,0,0,0.37511700559976424,0.547488800471559
740,extraction_papers\ontocast_runs\run_500_more_20260721_105503\output\facts_4377d4032cde.ttl,Health assessment,"213,73,221,2,31","213,173,221,193,104",True,True,True,0.517,0.517,0.5124,0.5096,5,5,0,0,0.40227774676109335,0.6092518676874309
741,extraction_papers\ontocast_runs\run_500_more_20260721_105503\output\facts_43bc51ac738d.ttl,Fault identification,"216,201,202,176,255","216,255,247,13,176",True,True,True,0.513,0.513,0.5096,0.5082,5,5,0,0,0.5534244156295118,0.680473178005965
742,extraction_papers\ontocast_runs\run_500_more_20260721_105503\output\facts_44eed7eba562.ttl,One step future state forecast,"131,132,106,10,135","131,10,135,132,133",True,True,True,0.577,0.577,0.577,0.577,5,5,0,0,0.34907363834422656,0.32854030501089326
743,extraction_papers\ontocast_runs\run_500_more_20260721_105503\output\facts_455e01077095.ttl,Health assessment,"239,153,154,193,227","239,104,7,31,221",True,True,True,0.501,0.501,0.501,0.5002,4,5,1,0,0.3726143790849673,0.5903500277562428
744,extraction_papers\ontocast_runs\run_500_more_20260721_105503\output\facts_46ba57ba8a25.ttl,Multiple steps future state forecast,"102,103,101,136,139","102,143,141,146,101",True,True,True,0.506,0.506,0.506,0.506,5,5,0,0,0.23737981024588883,0.3244747335056125
745,extraction_papers\ontocast_runs\run_500_more_20260721_105503\output\facts_4774d48830bd.ttl,Fault detection,"215,209,211,191,20","215,211,209,166,175",True,True,True,0.523,0.523,0.5172,0.5147999999999999,5,5,0,0,0.5412725885225884,0.6026370296370297
746,extraction_papers\ontocast_runs\run_500_more_20260721_105503\output\facts_480b9e05ea3f.ttl,One step future state forecast,"10,131,132,135,133","10,134,132,106,135",True,True,True,0.517,0.517,0.5138,0.512,5,5,0,0,0.32854030501089326,0.3655148148148148
747,extraction_papers\ontocast_runs\run_500_more_20260721_105503\output\facts_4818c2526caa.ttl,Remaining useful life estimation,"121,107,256,263,262","121,208,15,172,107",True,True,True,0.59,0.59,0.59,0.5877999999999999,4,5,1,0,0.4092896551724138,0.5542667143309954
748,extraction_papers\ontocast_runs\run_500_more_20260721_105503\output\facts_483c0c762f6e.ttl,Remaining useful life estimation,"121,204,8,178,237","121,223,222,184,157",True,True,True,0.53,0.53,0.5208,0.5172000000000001,4,5,1,0,0.462007501418769,0.5784196604994206
749,extraction_papers\ontocast_runs\run_500_more_20260721_105503\output\facts_4847f1f56c7d.ttl,One step future state forecast,"131,132,106,10,135","131,10,135,132,133",True,True,True,0.707,0.707,0.707,0.707,5,5,0,0,0.34907363834422656,0.32854030501089326
750,extraction_papers\ontocast_runs\run_500_more_20260721_105503\output\facts_4856d70456dc.ttl,Health assessment,"31,38,239,213,221","31,213,239,221,104",True,True,True,0.5,0.5,0.5,0.5,5,5,0,0,0.5621461887290472,0.5927769588210243
751,extraction_papers\ontocast_runs\run_500_more_20260721_105503\output\facts_487c20806b87.ttl,One step future state forecast,"131,132,106,10,135","131,10,135,132,133",True,True,True,0.577,0.577,0.577,0.577,5,5,0,0,0.34907363834422656,0.32854030501089326
752,extraction_papers\ontocast_runs\run_500_more_20260721_105503\output\facts_48e7431f374c.ttl,Fault detection,"209,42,41,44,43","209,33,34,44,41",True,True,True,0.707,0.707,0.707,0.707,5,5,0,0,0.4394110275689223,0.4859203463203463
753,extraction_papers\ontocast_runs\run_500_more_20260721_105503\output\facts_4960be284298.ttl,One step future state forecast,"131,132,106,10,135","131,10,135,132,133",True,True,True,0.707,0.707,0.707,0.707,5,5,0,0,0.34907363834422656,0.32854030501089326
754,extraction_papers\ontocast_runs\run_500_more_20260721_105503\output\facts_498b8d9f5608.ttl,Remaining useful life estimation,"234,232,233,15,14","234,122,249,128,16",True,True,True,0.689,0.689,0.689,0.689,4,5,1,0,0.3189603238866397,0.5494555202976256
755,extraction_papers\ontocast_runs\run_500_more_20260721_105503\output\facts_498d5e8d4af6.ttl,Remaining useful life estimation,"197,172,207,208,226","197,222,256,208,172",True,True,True,0.543,0.543,0.5247999999999999,0.5234,5,5,0,0,0.5030518919712661,0.6019326993977612
756,extraction_papers\ontocast_runs\run_500_more_20260721_105503\output\facts_49909df6aca0.ttl,Fault detection,"209,42,41,44,43","209,33,34,44,41",True,True,True,0.577,0.577,0.577,0.577,5,5,0,0,0.4394110275689223,0.4859203463203463
757,extraction_papers\ontocast_runs\run_500_more_20260721_105503\output\facts_499b69023fe2.ttl,Health assessment,"31,38,104,239,153","31,213,193,104,221",True,True,True,0.534,0.534,0.5248,0.5190000000000001,5,5,0,0,0.5290804500244911,0.5800615447498526
758,extraction_papers\ontocast_runs\run_500_more_20260721_105503\output\facts_49df6834a2ce.ttl,Fault detection,"20,19,72,209,211","20,211,44,215,42",True,True,True,0.51,0.51,0.5076,0.506,4,5,1,0,0.41088492063492066,0.5826962438146649
759,extraction_papers\ontocast_runs\run_500_more_20260721_105503\output\facts_4a192e8a6c8e.ttl,Fault detection,"209,42,41,44,43","209,33,34,44,41",True,True,True,0.577,0.577,0.577,0.577,5,5,0,0,0.4394110275689223,0.4859203463203463
760,extraction_papers\ontocast_runs\run_500_more_20260721_105503\output\facts_4a6614d318ab.ttl,Health assessment,"31,38,239,213,221","31,213,239,221,104",True,True,True,0.577,0.577,0.577,0.577,5,5,0,0,0.5621461887290472,0.5927769588210243
761,extraction_papers\ontocast_runs\run_500_more_20260721_105503\output\facts_4ac5feae0fc6.ttl,Remaining useful life estimation,"234,232,233,15,14","234,122,249,128,16",True,True,True,0.643,0.643,0.643,0.643,4,5,1,0,0.3189603238866397,0.5494555202976256
762,extraction_papers\ontocast_runs\run_500_more_20260721_105503\output\facts_4b32763b0987.ttl,Fault detection,"200,195,209,211,191","200,215,166,218,211",True,True,True,0.514,0.514,0.5134,0.51,5,5,0,0,0.29344342484548663,0.6198774544169281
763,extraction_papers\ontocast_runs\run_500_more_20260721_105503\output\facts_4b8fb8b45222.ttl,One step future state forecast,"131,132,106,10,135","131,10,135,132,133",True,True,True,0.707,0.707,0.707,0.707,5,5,0,0,0.34907363834422656,0.32854030501089326
764,extraction_papers\ontocast_runs\run_500_more_20260721_105503\output\facts_4bafdce385c3.ttl,Fault detection,"200,166,167,20,42","200,166,20,34,33",True,True,True,0.547,0.547,0.526,0.5244000000000001,4,5,1,0,0.47027910685805424,0.48291578947368424
765,extraction_papers\ontocast_runs\run_500_more_20260721_105503\output\facts_4c050a46c9ce.ttl,Fault detection,"209,42,41,44,43","209,33,34,44,41",True,True,True,0.577,0.577,0.577,0.577,5,5,0,0,0.4394110275689223,0.4859203463203463
766,extraction_papers\ontocast_runs\run_500_more_20260721_105503\output\facts_4dc413125288.ttl,Fault identification,"252,216,243,244,247","252,247,210,216,243",True,True,True,0.524,0.524,0.5182,0.516,4,5,1,0,0.5940044819678967,0.6615077756931417
767,extraction_papers\ontocast_runs\run_500_more_20260721_105503\output\facts_4def50cc615e.ttl,Health assessment,"173,221,31,38,239","173,213,221,193,104",True,True,True,0.517,0.517,0.5102,0.5102,5,5,0,0,0.49903501797079236,0.6092518676874309
768,extraction_papers\ontocast_runs\run_500_more_20260721_105503\output\facts_4e2cc45c075b.ttl,Fault identification,"210,201,202,203,48","210,48,247,212,243",True,True,True,0.577,0.577,0.577,0.577,5,5,0,0,0.5280894698410694,0.6597099496709253
769,extraction_papers\ontocast_runs\run_500_more_20260721_105503\output\facts_4e8bad82e6fd.ttl,Health assessment,"31,38,104,173,213","31,213,239,221,104",True,True,True,0.51,0.51,0.5096,0.5074,5,5,0,0,0.5647640266911683,0.5927769588210243
770,extraction_papers\ontocast_runs\run_500_more_20260721_105503\output\facts_4ebf9281a20a.ttl,Fault detection,"218,209,42,41,44","218,34,19,42,44",True,True,True,0.578,0.578,0.5771999999999999,0.5771999999999999,5,5,0,0,0.5477520724889147,0.5619777882935777
771,extraction_papers\ontocast_runs\run_500_more_20260721_105503\output\facts_4f1313eb578a.ttl,Fault detection,"20,19,72,209,211","20,211,44,215,42",True,True,True,0.51,0.51,0.5076,0.506,4,5,1,0,0.41088492063492066,0.5826962438146649
772,extraction_papers\ontocast_runs\run_500_more_20260721_105503\output\facts_4f5ab1227bfb.ttl,Fault detection,"166,167,200,209,211","166,200,211,34,33",True,True,True,0.536,0.536,0.5269999999999999,0.5222,4,5,1,0,0.5521214779372674,0.5185186754765702
773,extraction_papers\ontocast_runs\run_500_more_20260721_105503\output\facts_504fbaca2c8b.ttl,Fault detection,"209,211,191,230,42","209,33,211,230,34",True,True,True,0.598,0.598,0.5974,0.5968,5,5,0,0,0.544707891523681,0.5765903540903541
774,extraction_papers\ontocast_runs\run_500_more_20260721_105503\output\facts_50ff19bade95.ttl,Fault detection,"42,41,44,43,46","42,34,44,41,29",True,True,True,0.546,0.546,0.546,0.546,5,5,0,0,0.2967919799498747,0.352885623148781
775,extraction_papers\ontocast_runs\run_500_more_20260721_105503\output\facts_516ccb2828d2.ttl,Fault detection,"209,42,41,44,43","209,33,34,44,41",True,True,True,0.577,0.577,0.577,0.577,5,5,0,0,0.4394110275689223,0.4859203463203463
776,extraction_papers\ontocast_runs\run_500_more_20260721_105503\output\facts_51b9d790243c.ttl,Fault identification,"210,201,202,203,48","210,48,247,212,243",True,True,True,0.5,0.5,0.5,0.5,5,5,0,0,0.5280894698410694,0.6597099496709253
777,extraction_papers\ontocast_runs\run_500_more_20260721_105503\output\facts_51ef3d10cb97.ttl,Remaining useful life estimation,"51,53,52,55,54","51,207,204,36,55",True,True,True,0.577,0.577,0.577,0.577,4,5,1,0,0.28709160571229536,0.541168684973563
778,extraction_papers\ontocast_runs\run_500_more_20260721_105503\output\facts_524da8e615b8.ttl,Fault identification,"196,210,48,50,49","196,50,210,247,216",True,True,True,0.559,0.559,0.5262,0.5226,5,5,0,0,0.57242662425294,0.6913514984041299
779,extraction_papers\ontocast_runs\run_500_more_20260721_105503\output\facts_52a07a59d415.ttl,Fault detection,"42,41,44,43,46","42,34,44,41,29",True,True,True,0.63,0.63,0.63,0.63,5,5,0,0,0.2967919799498747,0.352885623148781
780,extraction_papers\ontocast_runs\run_500_more_20260721_105503\output\facts_52fe2e63db11.ttl,Fault detection,"215,166,167,98,20","215,34,20,166,33",True,True,True,0.506,0.506,0.506,0.5052000000000001,4,5,1,0,0.415008547008547,0.49212773892773887
781,extraction_papers\ontocast_runs\run_500_more_20260721_105503\output\facts_5322da858b7c.ttl,Health assessment,"227,188,221,2,7","227,7,104,221,193",True,True,True,0.515,0.515,0.5114,0.5086,5,5,0,0,0.4713734204128941,0.6004300869695607
782,extraction_papers\ontocast_runs\run_500_more_20260721_105503\output\facts_5379aad386cd.ttl,Fault feature extraction,"70,32,253,198,190","70,190,229,198,235",True,True,True,0.52,0.52,0.5156000000000001,0.5109999999999999,5,5,0,0,0.5374717919296232,0.605755152478044
783,extraction_papers\ontocast_runs\run_500_more_20260721_105503\output\facts_53bb4ce274f9.ttl,Fault feature extraction,"235,32,17,253,231","235,190,229,27,198",True,True,True,0.517,0.517,0.5122000000000001,0.5086,5,5,0,0,0.43015873015873013,0.5832307692307692
784,extraction_papers\ontocast_runs\run_500_more_20260721_105503\output\facts_542330ad6d18.ttl,Remaining useful life estimation,"35,37,36,28,30","35,36,115,37,30",True,True,True,0.546,0.546,0.546,0.546,4,5,1,0,0.2680996168582376,0.29012887495646117
785,extraction_papers\ontocast_runs\run_500_more_20260721_105503\output\facts_547cc2d59dec.ttl,Remaining useful life estimation,"51,53,52,55,54","51,207,204,36,55",True,True,True,0.577,0.577,0.577,0.577,4,5,1,0,0.28709160571229536,0.541168684973563
786,extraction_papers\ontocast_runs\run_500_more_20260721_105503\output\facts_54a25529aea1.ttl,Health assessment,"31,38,239,213,221","31,213,239,221,104",True,True,True,0.5,0.5,0.5,0.5,5,5,0,0,0.5621461887290472,0.5927769588210243
787,extraction_papers\ontocast_runs\run_500_more_20260721_105503\output\facts_54d3b210fcab.ttl,Fault detection,"42,41,44,43,46","42,200,215,19,34",True,True,True,0.515,0.515,0.515,0.5142,5,5,0,0,0.2967919799498747,0.5220605447184394
788,extraction_papers\ontocast_runs\run_500_more_20260721_105503\output\facts_550d81f1c9db.ttl,Health assessment,"73,221,239,153,154","73,193,104,7,227",True,True,True,0.645,0.645,0.6296,0.6062,4,5,1,0,0.3772721018231854,0.5934131054131054
789,extraction_papers\ontocast_runs\run_500_more_20260721_105503\output\facts_555dd9093fef.ttl,Health assessment,"73,239,153,154,193","73,193,7,104,227",True,True,True,0.517,0.517,0.5122000000000001,0.5086,4,5,1,0,0.3899738562091503,0.5934131054131054
790,extraction_papers\ontocast_runs\run_500_more_20260721_105503\output\facts_5569e0774d6c.ttl,Fault identification,"252,203,189,243,244","252,189,212,210,243",True,True,True,0.645,0.645,0.607,0.6016,4,5,1,0,0.4632673217256742,0.5726891539354954
791,extraction_papers\ontocast_runs\run_500_more_20260721_105503\output\facts_5592d95ac0f0.ttl,Fault detection,"42,41,44,43,46","42,72,44,34,98",True,True,True,0.595,0.595,0.595,0.5946,5,5,0,0,0.2967919799498747,0.39237183127812136
792,extraction_papers\ontocast_runs\run_500_more_20260721_105503\output\facts_56120865c1c4.ttl,Remaining useful life estimation,"181,147,148,149,223","181,68,121,36,37",True,True,True,0.505,0.505,0.5032,0.5022,5,5,0,0,0.45285301132975553,0.5267638326585694
793,extraction_papers\ontocast_runs\run_500_more_20260721_105503\output\facts_56cf580069c2.ttl,Remaining useful life estimation,"222,184,204,121,181","222,181,233,184,128",True,True,True,0.519,0.519,0.519,0.5182,5,5,0,0,0.551591050628532,0.5729741407882337
794,extraction_papers\ontocast_runs\run_500_more_20260721_105503\output\facts_56e4062bde20.ttl,Remaining useful life estimation,"51,53,52,55,54","51,126,55,3,4",True,True,True,0.551,0.551,0.551,0.551,4,5,1,0,0.28709160571229536,0.4033877743803913
795,extraction_papers\ontocast_runs\run_500_more_20260721_105503\output\facts_56fda288cb57.ttl,Fault detection,"230,42,41,44,43","230,41,195,34,44",True,True,True,0.527,0.527,0.5246000000000001,0.5228,5,5,0,0,0.38838538654328125,0.4903532755903889
796,extraction_papers\ontocast_runs\run_500_more_20260721_105503\output\facts_5709a498342e.ttl,Fault detection,"230,20,200,195,209","230,211,41,209,195",True,True,True,0.609,0.609,0.5904,0.5888,5,5,0,0,0.33499999999999996,0.5541535062875269
797,extraction_papers\ontocast_runs\run_500_more_20260721_105503\output\facts_57c8ca890a95.ttl,Fault identification,"252,210,48,50,49","252,210,212,216,189",True,True,True,0.524,0.524,0.5192,0.5164,5,5,0,0,0.4748623876765084,0.594190528306382
798,extraction_papers\ontocast_runs\run_500_more_20260721_105503\output\facts_59465130ff38.ttl,Fault detection,"72,215,230,19,166","72,215,44,47,230",True,True,True,0.542,0.542,0.521,0.5189999999999999,5,5,0,0,0.45992087181111574,0.46889140769371834
799,extraction_papers\ontocast_runs\run_500_more_20260721_105503\output\facts_595b556991d8.ttl,Health assessment,"31,38,104,188,2","31,213,193,104,221",True,True,True,0.524,0.524,0.5227999999999999,0.5166000000000001,5,5,0,0,0.5176489761461333,0.5800615447498526
800,extraction_papers\ontocast_runs\run_500_more_20260721_105503\output\facts_5a029f9b9de0.ttl,Fault detection,"42,41,44,43,46","42,209,211,34,44",True,True,True,0.59,0.59,0.59,0.5631999999999999,5,5,0,0,0.2967919799498747,0.5775079744816587
801,extraction_papers\ontocast_runs\run_500_more_20260721_105503\output\facts_5b6b172d2f15.ttl,One step future state forecast,"131,132,135,133,134","131,10,135,132,133",True,True,True,0.519,0.519,0.519,0.5162000000000001,5,5,0,0,0.24191316526610646,0.32854030501089326
802,extraction_papers\ontocast_runs\run_500_more_20260721_105503\output\facts_5b8b1125e2e5.ttl,Health assessment,"227,173,7,177,221","227,213,221,239,104",True,True,True,0.506,0.506,0.5035999999999999,0.5022,4,5,1,0,0.541480089111668,0.615901516011452
803,extraction_papers\ontocast_runs\run_500_more_20260721_105503\output\facts_5cde14efa906.ttl,Remaining useful life estimation,"35,37,36,28,30","35,36,115,37,30",True,True,True,0.546,0.546,0.546,0.546,4,5,1,0,0.2680996168582376,0.29012887495646117
804,extraction_papers\ontocast_runs\run_500_more_20260721_105503\output\facts_5d51a0b3cf4a.ttl,Health assessment,"173,213,7,177,239","173,213,193,221,104",True,True,True,0.522,0.522,0.5152,0.513,4,5,1,0,0.5377021327582074,0.6092518676874309
805,extraction_papers\ontocast_runs\run_500_more_20260721_105503\output\facts_5e72cd525264.ttl,Fault detection,"42,41,44,43,46","42,34,44,41,29",True,True,True,0.664,0.664,0.664,0.664,5,5,0,0,0.2967919799498747,0.352885623148781
806,extraction_papers\ontocast_runs\run_500_more_20260721_105503\output\facts_5f26ee0524c5.ttl,Health assessment,"227,2,31,38,104","227,213,221,193,104",True,True,True,0.51,0.51,0.5092,0.5069999999999999,5,5,0,0,0.4738235674511354,0.603223926999382
807,extraction_papers\ontocast_runs\run_500_more_20260721_105503\output\facts_5f4caee5286d.ttl,Fault detection,"42,41,44,43,46","42,34,44,41,29",True,True,True,0.546,0.546,0.546,0.546,5,5,0,0,0.2967919799498747,0.352885623148781
808,extraction_papers\ontocast_runs\run_500_more_20260721_105503\output\facts_6076eabdecc6.ttl,One step future state forecast,"131,132,106,10,135","131,10,135,132,133",True,True,True,0.707,0.707,0.707,0.707,5,5,0,0,0.34907363834422656,0.32854030501089326
809,extraction_papers\ontocast_runs\run_500_more_20260721_105503\output\facts_60ad7a949795.ttl,Fault detection,"98,218,19,20,230","98,218,200,230,42",True,True,True,0.522,0.522,0.5168000000000001,0.5158000000000001,4,5,1,0,0.4124395604395604,0.5442483773536406
810,extraction_papers\ontocast_runs\run_500_more_20260721_105503\output\facts_6148cd04d138.ttl,Remaining useful life estimation,"35,37,36,28,30","35,36,115,37,30",True,True,True,0.546,0.546,0.546,0.546,4,5,1,0,0.2680996168582376,0.29012887495646117
811,extraction_papers\ontocast_runs\run_500_more_20260721_105503\output\facts_614bfb90048b.ttl,Fault detection,"209,42,41,44,43","209,33,34,44,41",True,True,True,0.577,0.577,0.577,0.577,5,5,0,0,0.4394110275689223,0.4859203463203463
812,extraction_papers\ontocast_runs\run_500_more_20260721_105503\output\facts_616b4aa1e5c4.ttl,Fault detection,"209,42,41,44,43","209,33,34,44,41",True,True,True,0.577,0.577,0.577,0.577,5,5,0,0,0.4394110275689223,0.4859203463203463
813,extraction_papers\ontocast_runs\run_500_more_20260721_105503\output\facts_62404ee7380d.ttl,Fault feature extraction,"32,253,198,17,235","32,198,253,229,190",True,True,True,0.685,0.685,0.6162000000000001,0.6148,5,5,0,0,0.4523768115942029,0.6079609279609279
814,extraction_papers\ontocast_runs\run_500_more_20260721_105503\output\facts_6328c37d8c38.ttl,Health assessment,"213,239,153,154,193","213,173,221,193,104",True,True,True,0.609,0.609,0.5937999999999999,0.591,4,5,1,0,0.5073448922343919,0.6092518676874309
815,extraction_papers\ontocast_runs\run_500_more_20260721_105503\output\facts_6347797044fd.ttl,Health assessment,"2,188,221,227,31","2,7,104,239,38",True,True,True,0.543,0.543,0.5174000000000001,0.5132,5,5,0,0,0.42018561786870856,0.5968007696326663
816,extraction_papers\ontocast_runs\run_500_more_20260721_105503\output\facts_6394f8527d9a.ttl,Fault feature extraction,"18,229,17,27,190","18,229,70,190,27",True,True,True,0.51,0.51,0.5084,0.5065999999999999,4,5,1,0,0.5194957795827361,0.6024185431005755
817,extraction_papers\ontocast_runs\run_500_more_20260721_105503\output\facts_63ed91cb9eb9.ttl,Health assessment,"7,177,173,188,239","7,227,221,193,38",True,True,True,0.513,0.513,0.5102,0.506,4,5,1,0,0.4976860431860432,0.5532098646631315
818,extraction_papers\ontocast_runs\run_500_more_20260721_105503\output\facts_6472c99dc63a.ttl,Fault detection,"20,175,98,245,218","20,218,44,34,33",True,True,True,0.514,0.514,0.5134000000000001,0.5109999999999999,5,5,0,0,0.4611883394383395,0.5589462093462093
819,extraction_papers\ontocast_runs\run_500_more_20260721_105503\output\facts_64825e9ef94b.ttl,Fault detection,"200,195,166,167,230","200,44,230,34,33",True,True,True,0.503,0.503,0.5015999999999999,0.5014,4,5,1,0,0.47710626233957754,0.48118034772245294
820,extraction_papers\ontocast_runs\run_500_more_20260721_105503\output\facts_64ae74cefb26.ttl,Fault detection,"42,41,44,43,46","42,209,34,44,41",True,True,True,0.524,0.524,0.524,0.521,5,5,0,0,0.2967919799498747,0.4847413989519252
821,extraction_papers\ontocast_runs\run_500_more_20260721_105503\output\facts_64d1c611c009.ttl,Fault detection,"195,175,98,230,245","195,44,218,245,98",True,True,True,0.515,0.515,0.5119999999999999,0.5092000000000001,5,5,0,0,0.3861538461538462,0.5631383255919339
822,extraction_papers\ontocast_runs\run_500_more_20260721_105503\output\facts_64d436510543.ttl,Health assessment,"31,38,239,213,221","31,213,239,221,104",True,True,True,0.577,0.577,0.577,0.577,5,5,0,0,0.5621461887290472,0.5927769588210243
823,extraction_papers\ontocast_runs\run_500_more_20260721_105503\output\facts_657a81fd8dcb.ttl,Health assessment,"239,153,154,193,213","239,104,7,31,221",True,True,True,0.511,0.511,0.5108,0.508,4,5,1,0,0.5073448922343919,0.5903500277562428
824,extraction_papers\ontocast_runs\run_500_more_20260721_105503\output\facts_65b89379753f.ttl,Fault detection,"209,42,41,44,43","209,33,34,44,41",True,True,True,0.577,0.577,0.577,0.577,5,5,0,0,0.4394110275689223,0.4859203463203463
825,extraction_papers\ontocast_runs\run_500_more_20260721_105503\output\facts_68102015fd41.ttl,Remaining useful life estimation,"197,59,58,60,256","197,75,256,226,60",True,True,True,0.515,0.515,0.5138,0.5119999999999999,5,5,0,0,0.5583568743622659,0.61222849002849
826,extraction_papers\ontocast_runs\run_500_more_20260721_105503\output\facts_681179efc95d.ttl,Fault detection,"215,42,41,44,43","215,211,209,44,34",True,True,True,0.518,0.518,0.5156000000000001,0.5148,5,5,0,0,0.39560656448814346,0.6121585359085359
827,extraction_papers\ontocast_runs\run_500_more_20260721_105503\output\facts_6849f7ba47df.ttl,Fault feature extraction,"231,18,17,190,32","231,190,229,198,235",True,True,True,0.533,0.533,0.5124,0.5092000000000001,4,5,1,0,0.5082912353347135,0.6022783882783883
828,extraction_papers\ontocast_runs\run_500_more_20260721_105503\output\facts_68b711ea6ca7.ttl,Fault identification,"210,48,50,49,212","210,48,247,212,216",True,True,True,0.529,0.529,0.529,0.5218,5,5,0,0,0.5878796157059314,0.6916852854462611
829,extraction_papers\ontocast_runs\run_500_more_20260721_105503\output\facts_6910e322bb9c.ttl,Fault detection,"209,42,41,44,43","209,33,34,44,41",True,True,True,0.707,0.707,0.707,0.707,5,5,0,0,0.4394110275689223,0.4859203463203463
830,extraction_papers\ontocast_runs\run_500_more_20260721_105503\output\facts_69957badf548.ttl,Remaining useful life estimation,"147,148,149,225,107","147,197,208,155,92",True,True,True,0.518,0.518,0.5162,0.5126000000000001,5,5,0,0,0.33064434643143537,0.5937024965965729
831,extraction_papers\ontocast_runs\run_500_more_20260721_105503\output\facts_69a4cad7124b.ttl,Health assessment,"2,239,213,153,154","2,7,104,239,38",True,True,True,0.513,0.513,0.509,0.5072,4,5,1,0,0.47490252463314586,0.5968007696326663
832,extraction_papers\ontocast_runs\run_500_more_20260721_105503\output\facts_69a7f3c63dc9.ttl,Fault detection,"200,166,167,19,20","200,215,166,211,19",True,True,True,0.512,0.512,0.506,0.5048,3,5,1,0,0.43354066985645934,0.594012595591543
833,extraction_papers\ontocast_runs\run_500_more_20260721_105503\output\facts_69ecad25d3d6.ttl,Remaining useful life estimation,"35,37,36,28,30","35,36,115,37,30",True,True,True,0.529,0.529,0.529,0.529,4,5,1,0,0.2680996168582376,0.29012887495646117
834,extraction_papers\ontocast_runs\run_500_more_20260721_105503\output\facts_6a0d3357b87d.ttl,Fault detection,"42,41,44,43,46","42,195,230,34,44",True,True,True,0.599,0.599,0.599,0.599,5,5,0,0,0.2967919799498747,0.4939304471979458
835,extraction_papers\ontocast_runs\run_500_more_20260721_105503\output\facts_6a1d05b721c3.ttl,Fault detection,"209,42,41,44,43","209,33,34,44,41",True,True,True,0.707,0.707,0.707,0.707,5,5,0,0,0.4394110275689223,0.4859203463203463
836,extraction_papers\ontocast_runs\run_500_more_20260721_105503\output\facts_6a86c844c7f6.ttl,Remaining useful life estimation,"256,226,59,58,60","256,223,208,59,52",True,True,True,0.503,0.503,0.5014,0.501,5,5,0,0,0.5075457504507568,0.576287593681834
837,extraction_papers\ontocast_runs\run_500_more_20260721_105503\output\facts_6aea3acabd6f.ttl,Fault detection,"42,41,44,43,46","42,200,34,44,41",True,True,True,0.559,0.559,0.559,0.5526000000000001,5,5,0,0,0.2967919799498747,0.463518341307815
838,extraction_papers\ontocast_runs\run_500_more_20260721_105503\output\facts_6b72ada07f6f.ttl,Fault detection,"200,230,42,41,44","200,44,230,34,33",True,True,True,0.614,0.614,0.6075999999999999,0.6075999999999999,5,5,0,0,0.5114425486793908,0.48118034772245294
839,extraction_papers\ontocast_runs\run_500_more_20260721_105503\output\facts_6d5d47efb24e.ttl,Health assessment,"31,38,104,213,221","31,213,193,221,104",True,True,True,0.52,0.52,0.518,0.5156000000000001,5,5,0,0,0.5106008661321741,0.5800615447498526
840,extraction_papers\ontocast_runs\run_500_more_20260721_105503\output\facts_6e4d55571d9a.ttl,Fault detection,"215,195,175,218,245","215,195,166,218,20",True,True,True,0.604,0.604,0.5984,0.5948,5,5,0,0,0.5192270684641819,0.579756756702633
841,extraction_papers\ontocast_runs\run_500_more_20260721_105503\output\facts_6e8a6c4c2a74.ttl,Remaining useful life estimation,"181,107,108,59,58","181,22,107,59,8",True,True,True,0.614,0.614,0.5348,0.5344,4,5,1,0,0.3909973474801061,0.5157208896264646
842,extraction_papers\ontocast_runs\run_500_more_20260721_105503\output\facts_6fc5bb24b3e5.ttl,Fault feature extraction,"229,231,70,32,253","229,18,70,190,235",True,True,True,0.517,0.517,0.5112,0.508,5,5,0,0,0.43873492504817807,0.599411467177837
843,extraction_papers\ontocast_runs\run_500_more_20260721_105503\output\facts_7061c33edf18.ttl,Health assessment,"221,7,177,73,227","221,239,7,104,227",True,True,True,0.519,0.519,0.5174000000000001,0.5134000000000001,4,5,1,0,0.48443079922027293,0.610850839706103
844,extraction_papers\ontocast_runs\run_500_more_20260721_105503\output\facts_706d6bd20b9d.ttl,Fault detection,"245,20,195,218,175","245,211,166,209,175",True,True,True,0.517,0.517,0.5132,0.5082,5,5,0,0,0.46353678423523786,0.5758342768342768
845,extraction_papers\ontocast_runs\run_500_more_20260721_105503\output\facts_71c5769fa644.ttl,Remaining useful life estimation,"234,232,233,15,14","234,122,249,128,16",True,True,True,0.775,0.775,0.775,0.775,4,5,1,0,0.3189603238866397,0.5494555202976256
846,extraction_papers\ontocast_runs\run_500_more_20260721_105503\output\facts_733c7b5e8831.ttl,Health assessment,"31,38,239,213,221","31,213,239,221,104",True,True,True,0.707,0.707,0.707,0.707,5,5,0,0,0.5621461887290472,0.5927769588210243
847,extraction_papers\ontocast_runs\run_500_more_20260721_105503\output\facts_738e1930ab30.ttl,Fault detection,"42,41,44,43,46","42,230,34,44,19",True,True,True,0.535,0.535,0.535,0.5292,5,5,0,0,0.2967919799498747,0.4613364880733301
848,extraction_papers\ontocast_runs\run_500_more_20260721_105503\output\facts_73c284bfc8ab.ttl,Health assessment,"173,31,38,227,104","173,104,188,193,38",True,True,True,0.612,0.612,0.5984,0.5958,5,5,0,0,0.4891651566518588,0.5960161909256738
849,extraction_papers\ontocast_runs\run_500_more_20260721_105503\output\facts_73c54a5c4d5f.ttl,Fault detection,"195,215,98,20,230","195,215,166,218,20",True,True,True,0.515,0.515,0.5122,0.5096,5,5,0,0,0.43545768349634323,0.579756756702633
850,extraction_papers\ontocast_runs\run_500_more_20260721_105503\output\facts_7405b3e5813c.ttl,Fault detection,"209,42,41,44,43","209,33,34,44,41",True,True,True,0.577,0.577,0.577,0.577,5,5,0,0,0.4394110275689223,0.4859203463203463
851,extraction_papers\ontocast_runs\run_500_more_20260721_105503\output\facts_7504d81f814b.ttl,Remaining useful life estimation,"237,222,184,75,74","237,8,222,184,75",True,True,True,0.571,0.571,0.5538000000000001,0.5532,5,5,0,0,0.42391756136583725,0.5018143289444892
852,extraction_papers\ontocast_runs\run_500_more_20260721_105503\output\facts_75385b6d0f0d.ttl,Health assessment,"221,2,173,213,31","221,239,7,104,173",True,True,True,0.585,0.585,0.5833999999999999,0.5824,5,5,0,0,0.5057464074763135,0.6130130829209777
853,extraction_papers\ontocast_runs\run_500_more_20260721_105503\output\facts_75bd7cd1fa1e.ttl,Fault detection,"215,20,245,209,211","215,211,209,44,47",True,True,True,0.519,0.519,0.5134000000000001,0.5117999999999999,5,5,0,0,0.5229285714285714,0.5981431945247735
854,extraction_papers\ontocast_runs\run_500_more_20260721_105503\output\facts_762d69194fa1.ttl,Health assessment,"31,38,104,221,173","31,213,193,104,221",True,True,True,0.517,0.517,0.5142,0.5115999999999999,5,5,0,0,0.49277462228501445,0.5800615447498526
855,extraction_papers\ontocast_runs\run_500_more_20260721_105503\output\facts_763e0340d574.ttl,Fault detection,"98,209,42,41,44","98,209,42,44,34",True,True,True,0.501,0.501,0.5002,0.5002,5,5,0,0,0.4307435254803676,0.4510146578567632
856,extraction_papers\ontocast_runs\run_500_more_20260721_105503\output\facts_7656df6082f0.ttl,Remaining useful life estimation,"127,69,35,37,36","127,69,30,120,37",True,True,True,0.598,0.598,0.5962,0.5962,5,5,0,0,0.3460540313231651,0.35434103726786653
857,extraction_papers\ontocast_runs\run_500_more_20260721_105503\output\facts_769fe1d43616.ttl,Health assessment,"7,177,73,213,31","7,227,104,221,193",True,True,True,0.529,0.529,0.5212,0.5118,4,5,1,0,0.4838893726925145,0.6004300869695607
858,extraction_papers\ontocast_runs\run_500_more_20260721_105503\output\facts_772a9799b691.ttl,Remaining useful life estimation,"234,232,233,15,14","234,122,249,128,16",True,True,True,0.775,0.775,0.775,0.775,4,5,1,0,0.3189603238866397,0.5494555202976256
859,extraction_papers\ontocast_runs\run_500_more_20260721_105503\output\facts_7765cf2bc3b6.ttl,Health assessment,"188,31,38,104,2","188,227,104,193,38",True,True,True,0.534,0.534,0.5184,0.5160000000000001,5,5,0,0,0.5176489761461331,0.5954527733967389
860,extraction_papers\ontocast_runs\run_500_more_20260721_105503\output\facts_7770841c9f5e.ttl,Fault detection,"209,42,41,44,43","209,33,34,44,41",True,True,True,0.577,0.577,0.577,0.577,5,5,0,0,0.4394110275689223,0.4859203463203463
861,extraction_papers\ontocast_runs\run_500_more_20260721_105503\output\facts_782a4c403490.ttl,Fault detection,"209,42,41,44,43","209,33,34,44,41",True,True,True,0.577,0.577,0.577,0.577,5,5,0,0,0.4394110275689223,0.4859203463203463
862,extraction_papers\ontocast_runs\run_500_more_20260721_105503\output\facts_78f523a95034.ttl,Fault detection,"72,195,166,167,98","72,44,230,47,166",True,True,True,0.507,0.507,0.5064,0.5050000000000001,4,5,1,0,0.41144512893582535,0.44415048537256496
863,extraction_papers\ontocast_runs\run_500_more_20260721_105503\output\facts_7999991e5dda.ttl,Health assessment,"31,38,239,213,221","31,213,239,221,104",True,True,True,0.577,0.577,0.577,0.577,5,5,0,0,0.5621461887290472,0.5927769588210243
864,extraction_papers\ontocast_runs\run_500_more_20260721_105503\output\facts_7a185cb42ae6.ttl,Fault detection,"209,211,191,42,41","209,33,211,34,44",True,True,True,0.519,0.519,0.517,0.516,5,5,0,0,0.5749542767174346,0.5761606060606062
865,extraction_papers\ontocast_runs\run_500_more_20260721_105503\output\facts_7a267fff1eca.ttl,Health assessment,"73,188,227,173,7","73,7,239,104,227",True,True,True,0.504,0.504,0.5028,0.502,5,5,0,0,0.5348232160732161,0.5960911680911681
866,extraction_papers\ontocast_runs\run_500_more_20260721_105503\output\facts_7bbb2c9051f1.ttl,Fault detection,"42,41,44,43,46","42,195,230,34,44",True,True,True,0.591,0.591,0.591,0.591,5,5,0,0,0.2967919799498747,0.4939304471979458
867,extraction_papers\ontocast_runs\run_500_more_20260721_105503\output\facts_7c6b6ba92bde.ttl,Fault detection,"209,211,191,230,166","209,166,211,215,72",True,True,True,0.513,0.513,0.5126000000000001,0.5117999999999999,5,5,0,0,0.5454096459096459,0.6018443094845534
868,extraction_papers\ontocast_runs\run_500_more_20260721_105503\output\facts_7ca1103c5775.ttl,Fault identification,"210,201,202,203,48","210,48,247,212,243",True,True,True,0.707,0.707,0.707,0.707,5,5,0,0,0.5280894698410694,0.6597099496709253
869,extraction_papers\ontocast_runs\run_500_more_20260721_105503\output\facts_7cdadd5c13a1.ttl,Health assessment,"173,213,188,31,38","173,213,221,193,104",True,True,True,0.534,0.534,0.5172000000000001,0.514,5,5,0,0,0.5634360876789404,0.6092518676874309
870,extraction_papers\ontocast_runs\run_500_more_20260721_105503\output\facts_7dada0ae49fa.ttl,Health assessment,"227,31,38,104,173","227,213,221,193,104",True,True,True,0.522,0.522,0.5164000000000001,0.5114,5,5,0,0,0.4891651566518588,0.603223926999382
871,extraction_papers\ontocast_runs\run_500_more_20260721_105503\output\facts_7deb509fc064.ttl,One step future state forecast,"106,10,131,132,135","106,132,135,10,134",True,True,True,0.502,0.502,0.5004,0.5004,5,5,0,0,0.3490736383442266,0.3655148148148148
872,extraction_papers\ontocast_runs\run_500_more_20260721_105503\output\facts_7e3d97d3e0c5.ttl,Fault detection,"209,42,41,44,43","209,33,34,44,41",True,True,True,0.577,0.577,0.577,0.577,5,5,0,0,0.4394110275689223,0.4859203463203463
873,extraction_papers\ontocast_runs\run_500_more_20260721_105503\output\facts_7e477a998e8e.ttl,Fault detection,"72,195,200,209,211","72,44,211,230,209",True,True,True,0.595,0.595,0.5898,0.5854,5,5,0,0,0.3419559401080019,0.5687034232704964
874,extraction_papers\ontocast_runs\run_500_more_20260721_105503\output\facts_7ea70d27e9af.ttl,One step future state forecast,"131,132,135,133,134","131,10,135,132,133",True,True,True,0.614,0.614,0.614,0.6072,5,5,0,0,0.24191316526610646,0.32854030501089326
875,extraction_papers\ontocast_runs\run_500_more_20260721_105503\output\facts_7ec43972336f.ttl,Remaining useful life estimation,"256,107,197,204,108","256,197,222,184,54",True,True,True,0.512,0.512,0.5076,0.506,4,5,1,0,0.4551328028293546,0.593336516357206
876,extraction_papers\ontocast_runs\run_500_more_20260721_105503\output\facts_7ed377e25cf3.ttl,Health assessment,"31,38,104,188,221","31,213,193,221,104",True,True,True,0.513,0.513,0.5124000000000001,0.5104,5,5,0,0,0.47614698474062,0.5800615447498526
877,extraction_papers\ontocast_runs\run_500_more_20260721_105503\output\facts_7ff57c0395ff.ttl,Fault detection,"200,209,211,191,195","200,215,44,218,211",True,True,True,0.51,0.51,0.5088,0.5058,5,5,0,0,0.29344342484548663,0.620418674892359
878,extraction_papers\ontocast_runs\run_500_more_20260721_105503\output\facts_8238cf65c01b.ttl,Fault detection,"209,42,41,44,43","209,33,34,44,41",True,True,True,0.577,0.577,0.577,0.577,5,5,0,0,0.4394110275689223,0.4859203463203463
879,extraction_papers\ontocast_runs\run_500_more_20260721_105503\output\facts_827f8b267ef1.ttl,Fault detection,"209,42,41,44,43","209,33,34,44,41",True,True,True,0.577,0.577,0.577,0.577,5,5,0,0,0.4394110275689223,0.4859203463203463
880,extraction_papers\ontocast_runs\run_500_more_20260721_105503\output\facts_82e5a75a103f.ttl,Health assessment,"31,38,104,213,173","31,213,193,104,221",True,True,True,0.524,0.524,0.5208,0.5161999999999999,5,5,0,0,0.5647640266911683,0.5800615447498526
881,extraction_papers\ontocast_runs\run_500_more_20260721_105503\output\facts_82fd1fe5b2a5.ttl,Health assessment,"73,213,227,31,38","73,7,239,104,227",True,True,True,0.6,0.6,0.594,0.5900000000000001,5,5,0,0,0.5023938218969529,0.5960911680911681
882,extraction_papers\ontocast_runs\run_500_more_20260721_105503\output\facts_83356f554da2.ttl,Remaining useful life estimation,"51,53,52,55,54","51,207,204,36,55",True,True,True,0.577,0.577,0.577,0.577,4,5,1,0,0.28709160571229536,0.541168684973563
883,extraction_papers\ontocast_runs\run_500_more_20260721_105503\output\facts_842e98fc7ec5.ttl,Fault detection,"72,20,230,175,42","72,44,230,47,41",True,True,True,0.511,0.511,0.5098,0.5096,5,5,0,0,0.3800882659274828,0.44494248755095994
884,extraction_papers\ontocast_runs\run_500_more_20260721_105503\output\facts_84ea853b0177.ttl,Health assessment,"7,177,239,153,154","7,227,104,193,221",True,True,True,0.518,0.518,0.5138,0.5098,3,5,1,0,0.4840849673202615,0.6004300869695607
885,extraction_papers\ontocast_runs\run_500_more_20260721_105503\output\facts_84fae1bf66b6.ttl,Fault identification,"255,203,216,189,201","255,216,247,210,176",True,True,True,0.632,0.632,0.5933999999999999,0.5923999999999999,5,5,0,0,0.6142036535997253,0.680450584479273
886,extraction_papers\ontocast_runs\run_500_more_20260721_105503\output\facts_8556da6b4306.ttl,Fault detection,"19,215,209,211,191","19,211,44,215,34",True,True,True,0.515,0.515,0.5109999999999999,0.5102,5,5,0,0,0.5412725885225884,0.5885077422577422
887,extraction_papers\ontocast_runs\run_500_more_20260721_105503\output\facts_8579d69b59e0.ttl,Remaining useful life estimation,"51,53,52,55,54","51,207,204,36,55",True,True,True,0.577,0.577,0.577,0.577,4,5,1,0,0.28709160571229536,0.541168684973563
888,extraction_papers\ontocast_runs\run_500_more_20260721_105503\output\facts_859d81e681ce.ttl,Fault detection,"166,167,218,42,41","166,218,34,33,44",True,True,True,0.512,0.512,0.5102,0.5094000000000001,4,5,1,0,0.4402662250030671,0.5201726273726275
889,extraction_papers\ontocast_runs\run_500_more_20260721_105503\output\facts_867f2515f34e.ttl,Fault detection,"245,230,195,218,215","245,195,41,218,34",True,True,True,0.521,0.521,0.516,0.5138,5,5,0,0,0.4538973981345116,0.5604713911518036
890,extraction_papers\ontocast_runs\run_500_more_20260721_105503\output\facts_875ccca88ff4.ttl,Fault detection,"42,41,44,43,46","42,72,230,44,34",True,True,True,0.521,0.521,0.521,0.5182,5,5,0,0,0.2967919799498747,0.461936769264112
891,extraction_papers\ontocast_runs\run_500_more_20260721_105503\output\facts_8797b8bf1374.ttl,Remaining useful life estimation,"75,74,76,157,158","75,226,157,74,127",True,True,True,0.637,0.637,0.6334000000000001,0.619,4,5,1,0,0.3313601953601954,0.47119257719257723
892,extraction_papers\ontocast_runs\run_500_more_20260721_105503\output\facts_887e1ebfa5a9.ttl,Fault detection,"98,175,195,215,20","98,211,215,195,42",True,True,True,0.531,0.531,0.5208000000000002,0.5182,5,5,0,0,0.4207314930201528,0.5779528410638014
893,extraction_papers\ontocast_runs\run_500_more_20260721_105503\output\facts_8954f485e96f.ttl,Fault feature extraction,"70,235,32,253,229","70,190,229,198,235",True,True,True,0.524,0.524,0.5112000000000001,0.5104000000000001,5,5,0,0,0.4709284610971358,0.605755152478044
894,extraction_papers\ontocast_runs\run_500_more_20260721_105503\output\facts_8a07296e2377.ttl,Fault identification,"216,203,189,243,244","216,247,243,203,13",True,True,True,0.523,0.523,0.5194,0.5157999999999999,4,5,1,0,0.5157477192618701,0.6669767376229639
895,extraction_papers\ontocast_runs\run_500_more_20260721_105503\output\facts_8a4694333078.ttl,Fault detection,"175,218,245,42,41","175,218,29,245,43",True,True,True,0.535,0.535,0.5151999999999999,0.5151999999999999,5,5,0,0,0.541023616734143,0.5650641025641026
896,extraction_papers\ontocast_runs\run_500_more_20260721_105503\output\facts_8ab0bb47722f.ttl,Fault detection,"20,42,41,44,43","20,44,215,34,33",True,True,True,0.522,0.522,0.5164000000000001,0.516,5,5,0,0,0.3828822055137845,0.49213228438228435
897,extraction_papers\ontocast_runs\run_500_more_20260721_105503\output\facts_8afb193ba5de.ttl,Health assessment,"31,38,104,221,213","31,213,104,193,221",True,True,True,0.574,0.574,0.5516,0.539,5,5,0,0,0.5106008661321741,0.5800615447498526
898,extraction_papers\ontocast_runs\run_500_more_20260721_105503\output\facts_8aff7c700bea.ttl,Fault detection,"42,41,44,43,46","42,209,34,44,200",True,True,True,0.595,0.595,0.595,0.5927999999999999,5,5,0,0,0.2967919799498747,0.5201433128275232
899,extraction_papers\ontocast_runs\run_500_more_20260721_105503\output\facts_8b1c5009d581.ttl,Health assessment,"31,38,104,173,2","31,213,193,104,221",True,True,True,0.595,0.595,0.5946,0.5892000000000001,5,5,0,0,0.4775924031642117,0.5800615447498526
900,extraction_papers\ontocast_runs\run_500_more_20260721_105503\output\facts_8bd31c0c6ccf.ttl,Fault detection,"195,72,215,230,218","195,44,218,215,34",True,True,True,0.515,0.515,0.5072,0.5065999999999999,5,5,0,0,0.506456050863896,0.6056366073788755
901,extraction_papers\ontocast_runs\run_500_more_20260721_105503\output\facts_8c4e8fbd00bc.ttl,Remaining useful life estimation,"263,262,207,208,256","263,22,256,75,74",True,True,True,0.594,0.594,0.5566000000000001,0.5396000000000001,4,5,1,0,0.3447572480441786,0.493834008097166
902,extraction_papers\ontocast_runs\run_500_more_20260721_105503\output\facts_8ca814250b43.ttl,Health assessment,"31,38,239,213,221","31,213,239,221,104",True,True,True,0.577,0.577,0.577,0.577,5,5,0,0,0.5621461887290472,0.5927769588210243
903,extraction_papers\ontocast_runs\run_500_more_20260721_105503\output\facts_8d343853ce22.ttl,Fault detection,"42,41,44,43,46","42,209,215,34,44",True,True,True,0.524,0.524,0.524,0.5208,5,5,0,0,0.2967919799498747,0.5499869209737632
904,extraction_papers\ontocast_runs\run_500_more_20260721_105503\output\facts_8d71edf312fc.ttl,Fault identification,"203,189,252,210,48","203,50,210,216,189",True,True,True,0.604,0.604,0.5978,0.5974,5,5,0,0,0.5514694271520778,0.594403866160321
905,extraction_papers\ontocast_runs\run_500_more_20260721_105503\output\facts_8e040136b26e.ttl,Fault detection,"72,175,19,195,245","72,218,44,230,42",True,True,True,0.515,0.515,0.5086,0.5039999999999999,5,5,0,0,0.30060714285714285,0.5723425355132672
906,extraction_papers\ontocast_runs\run_500_more_20260721_105503\output\facts_8e62c1166a68.ttl,Health assessment,"31,38,239,213,221","31,213,239,221,104",True,True,True,0.577,0.577,0.577,0.577,5,5,0,0,0.5621461887290472,0.5927769588210243
907,extraction_papers\ontocast_runs\run_500_more_20260721_105503\output\facts_8fc2745038d2.ttl,Fault detection,"19,175,20,166,167","19,166,34,33,44",True,True,True,0.626,0.626,0.603,0.5964,3,5,1,0,0.36937978687978684,0.43890909090909097
908,extraction_papers\ontocast_runs\run_500_more_20260721_105503\output\facts_90861cf02575.ttl,Fault detection,"166,167,195,215,72","166,195,218,245,211",True,True,True,0.517,0.517,0.5147999999999999,0.5114,4,5,1,0,0.5138804195134343,0.5929041697134481
909,extraction_papers\ontocast_runs\run_500_more_20260721_105503\output\facts_91085f60b0ea.ttl,Fault detection,"19,166,167,98,245","19,218,166,215,98",True,True,True,0.605,0.605,0.6012000000000001,0.5972000000000001,4,5,1,0,0.38393783993783986,0.5243859751359751
910,extraction_papers\ontocast_runs\run_500_more_20260721_105503\output\facts_9286c5caa92e.ttl,Remaining useful life estimation,"51,53,52,55,54","51,207,204,36,55",True,True,True,0.577,0.577,0.577,0.577,4,5,1,0,0.28709160571229536,0.541168684973563
911,extraction_papers\ontocast_runs\run_500_more_20260721_105503\output\facts_92a1902df0ec.ttl,Health assessment,"73,221,31,38,104","73,7,239,104,227",True,True,True,0.517,0.517,0.5115999999999999,0.5086,5,5,0,0,0.41062228902792003,0.5960911680911681
912,extraction_papers\ontocast_runs\run_500_more_20260721_105503\output\facts_9309589ff542.ttl,Health assessment,"239,153,154,193,221","239,104,7,31,221",True,True,True,0.517,0.517,0.5156000000000001,0.5105999999999999,4,5,1,0,0.43527210182318543,0.5903500277562428
913,extraction_papers\ontocast_runs\run_500_more_20260721_105503\output\facts_931d51203909.ttl,Fault feature extraction,"32,253,198,17,229","32,190,198,229,235",True,True,True,0.564,0.564,0.5452,0.533,5,5,0,0,0.5450682168073472,0.5967863247863249
914,extraction_papers\ontocast_runs\run_500_more_20260721_105503\output\facts_9438180390fb.ttl,Remaining useful life estimation,"121,97,223,170,51","121,223,208,59,52",True,True,True,0.502,0.502,0.5008,0.5006,5,5,0,0,0.4665002849002849,0.5757839194017943
915,extraction_papers\ontocast_runs\run_500_more_20260721_105503\output\facts_969c6350bfb3.ttl,Fault detection,"200,42,41,44,43","200,44,34,33,41",True,True,True,0.512,0.512,0.5095999999999999,0.5095999999999999,5,5,0,0,0.44875939849624064,0.4612727272727272
916,extraction_papers\ontocast_runs\run_500_more_20260721_105503\output\facts_98007434fd75.ttl,Health assessment,"188,2,73,213,221","188,227,104,239,38",True,True,True,0.63,0.63,0.6033999999999999,0.5955999999999999,5,5,0,0,0.3485467032967033,0.6021002474924888
917,extraction_papers\ontocast_runs\run_500_more_20260721_105503\output\facts_9880f5c1429d.ttl,Fault detection,"218,20,72,42,41","218,34,20,42,44",True,True,True,0.521,0.521,0.515,0.5144,5,5,0,0,0.5467883847360742,0.5619777882935777
918,extraction_papers\ontocast_runs\run_500_more_20260721_105503\output\facts_9882abb08ff3.ttl,Fault detection,"72,20,19,195,209","72,166,211,230,209",True,True,True,0.515,0.515,0.5094,0.5074,4,5,1,0,0.26682142857142854,0.5751448409314264
919,extraction_papers\ontocast_runs\run_500_more_20260721_105503\output\facts_988d676aa0b1.ttl,Remaining useful life estimation,"35,37,36,28,30","35,36,115,37,30",True,True,True,0.574,0.574,0.574,0.574,4,5,1,0,0.2680996168582376,0.29012887495646117
920,extraction_papers\ontocast_runs\run_500_more_20260721_105503\output\facts_98ef33c2f4a5.ttl,Health assessment,"227,31,38,221,104","227,213,221,193,104",True,True,True,0.513,0.513,0.5098,0.5085999999999999,5,5,0,0,0.4869005234140433,0.603223926999382
921,extraction_papers\ontocast_runs\run_500_more_20260721_105503\output\facts_99585161f95f.ttl,Fault feature extraction,"32,253,198,229,17","32,190,229,198,235",True,True,True,0.595,0.595,0.5898,0.5864,5,5,0,0,0.5450682168073472,0.5967863247863248
922,extraction_papers\ontocast_runs\run_500_more_20260721_105503\output\facts_99847612e6b2.ttl,Fault detection,"42,41,44,43,46","42,20,34,44,166",True,True,True,0.624,0.624,0.624,0.6216,5,5,0,0,0.2967919799498747,0.44143540669856457
923,extraction_papers\ontocast_runs\run_500_more_20260721_105503\output\facts_9c1944b4aefe.ttl,Fault detection,"209,42,41,44,43","209,33,34,44,41",True,True,True,0.707,0.707,0.707,0.707,5,5,0,0,0.4394110275689223,0.4859203463203463
924,extraction_papers\ontocast_runs\run_500_more_20260721_105503\output\facts_9c600c980caa.ttl,Health assessment,"239,153,154,193,221","239,104,153,193,188",True,True,True,0.659,0.659,0.6334000000000001,0.6,4,5,1,0,0.43527210182318543,0.5769810210986681
925,extraction_papers\ontocast_runs\run_500_more_20260721_105503\output\facts_9ccfbe98c58a.ttl,Fault feature extraction,"18,17,231,70,32","18,229,70,190,235",True,True,True,0.514,0.514,0.511,0.5098,4,5,1,0,0.41892025243832476,0.599411467177837
926,extraction_papers\ontocast_runs\run_500_more_20260721_105503\output\facts_9d2e6a424eba.ttl,Remaining useful life estimation,"169,234,232,233,15","169,251,122,242,249",True,True,True,0.53,0.53,0.5244000000000001,0.5244000000000001,5,5,0,0,0.3889430990062569,0.5823374814573119
927,extraction_papers\ontocast_runs\run_500_more_20260721_105503\output\facts_9dc96976e0bf.ttl,Fault detection,"230,19,72,195,166","230,41,72,44,166",True,True,True,0.598,0.598,0.5952,0.592,5,5,0,0,0.43938534613069435,0.47226951909878745
928,extraction_papers\ontocast_runs\run_500_more_20260721_105503\output\facts_9f2f2c646b46.ttl,Fault identification,"255,203,216,189,243","255,216,13,176,201",True,True,True,0.527,0.527,0.5098,0.5077999999999999,5,5,0,0,0.5677211185813877,0.6317278868672312
929,extraction_papers\ontocast_runs\run_500_more_20260721_105503\output\facts_9f312914c2a0.ttl,Remaining useful life estimation,"121,204,8,178,237","121,223,222,184,237",True,True,True,0.612,0.612,0.6013999999999999,0.598,4,5,1,0,0.462007501418769,0.5683473823527797
930,extraction_papers\ontocast_runs\run_500_more_20260721_105503\output\facts_9f48c03765f1.ttl,Remaining useful life estimation,"107,223,170,51,53","107,223,52,208,59",True,True,True,0.502,0.502,0.5006,0.5006,5,5,0,0,0.4526119765292179,0.5651198978210588
931,extraction_papers\ontocast_runs\run_500_more_20260721_105503\output\facts_9f5620430ceb.ttl,Fault detection,"195,72,166,167,20","195,44,20,34,230",True,True,True,0.559,0.559,0.5168000000000001,0.5154000000000001,4,5,1,0,0.44111792835862484,0.47140787391302846
932,extraction_papers\ontocast_runs\run_500_more_20260721_105503\output\facts_9f5c1c6a6ea2.ttl,Fault detection,"42,41,44,43,46","42,34,44,41,29",True,True,True,0.524,0.524,0.524,0.524,5,5,0,0,0.2967919799498747,0.352885623148781
933,extraction_papers\ontocast_runs\run_500_more_20260721_105503\output\facts_a311a3312c4d.ttl,Fault detection,"200,166,167,98,230","200,44,230,34,33",True,True,True,0.512,0.512,0.5068,0.5056,4,5,1,0,0.4395239643397538,0.48118034772245294
934,extraction_papers\ontocast_runs\run_500_more_20260721_105503\output\facts_a35c8ef58b3f.ttl,Fault identification,"252,243,244,216,201","252,210,212,216,243",True,True,True,0.605,0.605,0.6003999999999999,0.5948,4,5,1,0,0.46423330206378993,0.6026426963280622
935,extraction_papers\ontocast_runs\run_500_more_20260721_105503\output\facts_a3d2f59384dd.ttl,Fault detection,"209,42,41,44,43","209,33,34,44,41",True,True,True,0.577,0.577,0.577,0.577,5,5,0,0,0.4394110275689223,0.4859203463203463
936,extraction_papers\ontocast_runs\run_500_more_20260721_105503\output\facts_a4f2719d027c.ttl,Fault detection,"72,19,20,166,167","72,166,215,211,209",True,True,True,0.609,0.609,0.599,0.5908,3,5,1,0,0.37213150670467743,0.6018443094845534
937,extraction_papers\ontocast_runs\run_500_more_20260721_105503\output\facts_a5689e83b8a2.ttl,Health assessment,"213,7,177,2,31","213,173,221,104,38",True,True,True,0.567,0.567,0.5272,0.5244,4,5,1,0,0.5187829897137911,0.5638026018031022
938,extraction_papers\ontocast_runs\run_500_more_20260721_105503\output\facts_a5cc7048679f.ttl,Health assessment,"31,38,104,221,73","31,104,188,239,38",True,True,True,0.662,0.662,0.6512,0.6352,5,5,0,0,0.41062228902792003,0.574242998517118
939,extraction_papers\ontocast_runs\run_500_more_20260721_105503\output\facts_a5ddb01d6eb2.ttl,Health assessment,"221,188,31,38,104","221,239,7,104,31",True,True,True,0.525,0.525,0.516,0.5124,5,5,0,0,0.4761469847406201,0.5903500277562428
940,extraction_papers\ontocast_runs\run_500_more_20260721_105503\output\facts_a6572a1be08e.ttl,Fault feature extraction,"190,18,70,17,235","190,70,229,198,235",True,True,True,0.518,0.518,0.5115999999999999,0.5077999999999999,4,5,1,0,0.4979844845219388,0.605755152478044
941,extraction_papers\ontocast_runs\run_500_more_20260721_105503\output\facts_a7852cb7191b.ttl,Remaining useful life estimation,"170,51,53,52,55","170,208,204,55,54",True,True,True,0.5,0.5,0.5,0.5,4,5,1,0,0.3134626262626262,0.5530436803852549
942,extraction_papers\ontocast_runs\run_500_more_20260721_105503\output\facts_a7eb132d5868.ttl,Remaining useful life estimation,"75,74,76,222,184","75,184,74,36,222",True,True,True,0.677,0.677,0.6622000000000001,0.6506000000000001,5,5,0,0,0.3953744922410589,0.45500029472443265
943,extraction_papers\ontocast_runs\run_500_more_20260721_105503\output\facts_a9337bbe2a13.ttl,Health assessment,"7,177,213,2,239","7,2,104,239,213",True,True,True,0.518,0.518,0.5154,0.5126000000000001,4,5,1,0,0.5190666187395159,0.6022501797268152
944,extraction_papers\ontocast_runs\run_500_more_20260721_105503\output\facts_a93be7938bc2.ttl,Fault detection,"42,41,44,43,46","42,34,44,41,29",True,True,True,0.546,0.546,0.546,0.546,5,5,0,0,0.2967919799498747,0.352885623148781
945,extraction_papers\ontocast_runs\run_500_more_20260721_105503\output\facts_a94d0c8a8798.ttl,Fault identification,"196,255,201,202,176","196,201,247,210,216",True,True,True,0.524,0.524,0.5162000000000001,0.5136,5,5,0,0,0.5053820959273561,0.7000237077737077
946,extraction_papers\ontocast_runs\run_500_more_20260721_105503\output\facts_aa6a012cb10f.ttl,Remaining useful life estimation,"147,148,149,207,208","147,181,208,233,149",True,True,True,0.533,0.533,0.5306000000000001,0.526,5,5,0,0,0.43308690161495733,0.5810827657204578
947,extraction_papers\ontocast_runs\run_500_more_20260721_105503\output\facts_aaf781ea0e83.ttl,Health assessment,"31,38,104,188,221","31,213,239,221,104",True,True,True,0.6,0.6,0.6,0.5942000000000001,5,5,0,0,0.47614698474062,0.5927769588210243
948,extraction_papers\ontocast_runs\run_500_more_20260721_105503\output\facts_ab018cccbede.ttl,Remaining useful life estimation,"92,127,226,69,222","92,184,69,127,222",True,True,True,0.54,0.54,0.5216000000000001,0.5208,5,5,0,0,0.4760105016707204,0.4825310087210844
949,extraction_papers\ontocast_runs\run_500_more_20260721_105503\output\facts_ab31ad4a214e.ttl,Health assessment,"31,38,104,221,213","31,104,38,7,239",True,True,True,0.664,0.664,0.6042,0.6012000000000001,5,5,0,0,0.5106008661321741,0.5711250835622625
950,extraction_papers\ontocast_runs\run_500_more_20260721_105503\output\facts_ab655d0deb99.ttl,Fault identification,"210,48,50,49,212","210,48,247,212,216",True,True,True,0.619,0.619,0.619,0.6064,5,5,0,0,0.5878796157059314,0.6916852854462611
951,extraction_papers\ontocast_runs\run_500_more_20260721_105503\output\facts_ac0e1625c357.ttl,Fault detection,"42,41,44,43,46","42,230,34,44,166",True,True,True,0.521,0.521,0.521,0.5186,5,5,0,0,0.2967919799498747,0.42894291673239043
952,extraction_papers\ontocast_runs\run_500_more_20260721_105503\output\facts_ae9dc87e0fd9.ttl,Fault detection,"215,72,42,41,44","215,34,42,44,72",True,True,True,0.518,0.518,0.5115999999999999,0.5115999999999999,5,5,0,0,0.4842448287698609,0.49447069137537686
953,extraction_papers\ontocast_runs\run_500_more_20260721_105503\output\facts_af573580f0c2.ttl,Fault detection,"72,19,195,215,218","72,218,44,215,47",True,True,True,0.527,0.527,0.5144,0.51,5,5,0,0,0.5039957334035786,0.5656843656984865
954,extraction_papers\ontocast_runs\run_500_more_20260721_105503\output\facts_b003cc83f20a.ttl,Health assessment,"213,221,173,31,38","213,173,221,193,104",True,True,True,0.51,0.51,0.5096,0.5084,5,5,0,0,0.5383061757031292,0.6092518676874309
955,extraction_papers\ontocast_runs\run_500_more_20260721_105503\output\facts_b048b4785895.ttl,Health assessment,"31,38,104,221,2","31,213,193,104,221",True,True,True,0.617,0.617,0.6098,0.604,5,5,0,0,0.4508916797008323,0.5800615447498526
956,extraction_papers\ontocast_runs\run_500_more_20260721_105503\output\facts_b0ac984d6379.ttl,Fault detection,"209,42,41,44,43","209,33,34,44,41",True,True,True,0.577,0.577,0.577,0.577,5,5,0,0,0.4394110275689223,0.4859203463203463
957,extraction_papers\ontocast_runs\run_500_more_20260721_105503\output\facts_b10df8385870.ttl,Fault detection,"209,42,41,44,43","209,33,34,44,41",True,True,True,0.707,0.707,0.707,0.707,5,5,0,0,0.4394110275689223,0.4859203463203463
958,extraction_papers\ontocast_runs\run_500_more_20260721_105503\output\facts_b1d6bc1927e1.ttl,Fault detection,"245,42,41,44,43","245,41,34,44,33",True,True,True,0.517,0.517,0.5146000000000001,0.5146000000000001,5,5,0,0,0.38654077501445916,0.4211804195804196
959,extraction_papers\ontocast_runs\run_500_more_20260721_105503\output\facts_b21144a02138.ttl,Health assessment,"7,177,239,153,154","7,227,104,193,221",True,True,True,0.518,0.518,0.5138,0.5098,3,5,1,0,0.4840849673202615,0.6004300869695607
960,extraction_papers\ontocast_runs\run_500_more_20260721_105503\output\facts_b22872a789be.ttl,Fault detection,"200,218,245,209,42","200,44,218,245,34",True,True,True,0.503,0.503,0.5008,0.5008,5,5,0,0,0.5524094852515906,0.5690839511365827
961,extraction_papers\ontocast_runs\run_500_more_20260721_105503\output\facts_b2cc70c112fa.ttl,Fault detection,"20,195,230,42,41","20,44,195,34,230",True,True,True,0.622,0.622,0.6058,0.6058,5,5,0,0,0.5062207660308583,0.47140787391302846
962,extraction_papers\ontocast_runs\run_500_more_20260721_105503\output\facts_b302af5fff29.ttl,Fault detection,"166,167,215,19,98","166,215,72,33,34",True,True,True,0.564,0.564,0.5369999999999999,0.5256000000000001,4,5,1,0,0.415008547008547,0.4846311282213721
963,extraction_papers\ontocast_runs\run_500_more_20260721_105503\output\facts_b33f3fb85feb.ttl,Fault detection,"42,41,44,43,46","42,72,44,34,41",True,True,True,0.62,0.62,0.62,0.6154000000000001,5,5,0,0,0.2967919799498747,0.4193180845684055
964,extraction_papers\ontocast_runs\run_500_more_20260721_105503\output\facts_b3f3724aec97.ttl,One step future state forecast,"131,132,106,10,135","131,10,135,132,133",True,True,True,0.577,0.577,0.577,0.577,5,5,0,0,0.34907363834422656,0.32854030501089326
965,extraction_papers\ontocast_runs\run_500_more_20260721_105503\output\facts_b4c6654ea536.ttl,Fault detection,"209,211,191,19,166","209,166,211,215,200",True,True,True,0.619,0.619,0.6182000000000001,0.614,5,5,0,0,0.5603436563436562,0.6044945580735054
966,extraction_papers\ontocast_runs\run_500_more_20260721_105503\output\facts_b66c9242982a.ttl,Fault detection,"175,98,20,209,211","175,211,44,209,47",True,True,True,0.593,0.593,0.5902000000000001,0.5885999999999999,5,5,0,0,0.4543412698412698,0.5527217241822505
967,extraction_papers\ontocast_runs\run_500_more_20260721_105503\output\facts_b694087711e4.ttl,Fault feature extraction,"231,27,229,32,17","231,190,229,198,235",True,True,True,0.503,0.503,0.5015999999999999,0.501,5,5,0,0,0.522310452832192,0.6022783882783883
968,extraction_papers\ontocast_runs\run_500_more_20260721_105503\output\facts_b7671164fd60.ttl,Fault detection,"72,175,218,20,230","72,218,211,42,230",True,True,True,0.52,0.52,0.5129999999999999,0.5102,5,5,0,0,0.4444149617320349,0.6092311532427066
969,extraction_papers\ontocast_runs\run_500_more_20260721_105503\output\facts_b79e9093caec.ttl,Health assessment,"239,153,154,193,73","239,104,7,73,173",True,True,True,0.533,0.533,0.5298,0.5146,4,5,1,0,0.3899738562091503,0.5961481481481481
970,extraction_papers\ontocast_runs\run_500_more_20260721_105503\output\facts_b7e494587813.ttl,Fault feature extraction,"32,253,198,70,229","32,190,198,229,235",True,True,True,0.636,0.636,0.6222,0.6081999999999999,5,5,0,0,0.510420142106889,0.5967863247863249
971,extraction_papers\ontocast_runs\run_500_more_20260721_105503\output\facts_b82c3cb47489.ttl,Fault detection,"98,42,41,44,43","98,42,44,72,34",True,True,True,0.523,0.523,0.5166000000000001,0.5166000000000001,5,5,0,0,0.30764828738512945,0.39237183127812136
972,extraction_papers\ontocast_runs\run_500_more_20260721_105503\output\facts_b9d9070cdf5e.ttl,Health assessment,"31,38,239,213,221","31,213,239,221,104",True,True,True,0.577,0.577,0.577,0.577,5,5,0,0,0.5621461887290472,0.5927769588210243
973,extraction_papers\ontocast_runs\run_500_more_20260721_105503\output\facts_ba7552ae09a5.ttl,Remaining useful life estimation,"35,37,36,28,30","35,36,115,37,30",True,True,True,0.546,0.546,0.546,0.546,4,5,1,0,0.2680996168582376,0.29012887495646117
974,extraction_papers\ontocast_runs\run_500_more_20260721_105503\output\facts_ba9efeb3c285.ttl,Health assessment,"31,38,104,73,221","31,213,193,104,221",True,True,True,0.524,0.524,0.5189999999999999,0.5128,5,5,0,0,0.41062228902792003,0.5800615447498526
975,extraction_papers\ontocast_runs\run_500_more_20260721_105503\output\facts_bb2621d7db2d.ttl,Fault detection,"19,215,98,175,245","19,218,44,215,42",True,True,True,0.515,0.515,0.5115999999999999,0.508,5,5,0,0,0.39189346764346766,0.5459877257245679
976,extraction_papers\ontocast_runs\run_500_more_20260721_105503\output\facts_bccfcf24e763.ttl,Health assessment,"73,188,31,38,213","73,7,239,104,213",True,True,True,0.622,0.622,0.5968,0.5934,5,5,0,0,0.4798653684623876,0.5762843677610032
977,extraction_papers\ontocast_runs\run_500_more_20260721_105503\output\facts_bd4e72bcf334.ttl,Fault detection,"166,167,20,215,19","166,218,200,215,20",True,True,True,0.519,0.519,0.5156,0.5116,3,5,1,0,0.4216083916083916,0.5840332985727723
978,extraction_papers\ontocast_runs\run_500_more_20260721_105503\output\facts_be94743e05d6.ttl,One step future state forecast,"106,10,131,132,135","106,132,135,10,134",True,True,True,0.591,0.591,0.5805999999999999,0.5805999999999999,5,5,0,0,0.3490736383442266,0.3655148148148148
979,extraction_papers\ontocast_runs\run_500_more_20260721_105503\output\facts_bed905cc86c9.ttl,Fault detection,"230,245,218,175,166","230,211,166,218,72",True,True,True,0.509,0.509,0.5064,0.5052000000000001,5,5,0,0,0.5200240592740594,0.6071577880114465
980,extraction_papers\ontocast_runs\run_500_more_20260721_105503\output\facts_bee43307504c.ttl,Fault detection,"245,218,215,42,41","245,218,41,34,215",True,True,True,0.667,0.667,0.5589999999999999,0.5589999999999999,5,5,0,0,0.5090755735492578,0.5266130536130535
981,extraction_papers\ontocast_runs\run_500_more_20260721_105503\output\facts_bf01ee0b91ee.ttl,Health assessment,"73,221,188,239,153","73,193,7,104,227",True,True,True,0.552,0.552,0.5216000000000001,0.5166000000000001,5,5,0,0,0.42093982837326493,0.5934131054131054
982,extraction_papers\ontocast_runs\run_500_more_20260721_105503\output\facts_bf052b3f88d3.ttl,Remaining useful life estimation,"107,51,53,52,55","107,54,5,55,182",True,True,True,0.524,0.524,0.5192,0.5192,4,5,1,0,0.35367258794845,0.460783251231527
983,extraction_papers\ontocast_runs\run_500_more_20260721_105503\output\facts_c0866725e0d4.ttl,Fault detection,"230,166,167,200,98","230,41,200,34,44",True,True,True,0.605,0.605,0.605,0.6002,4,5,1,0,0.4395239643397538,0.4852415917415918
984,extraction_papers\ontocast_runs\run_500_more_20260721_105503\output\facts_c28682f68c21.ttl,Health assessment,"221,173,31,38,104","221,239,7,104,173",True,True,True,0.606,0.606,0.5942,0.591,5,5,0,0,0.49277462228501445,0.6130130829209777
985,extraction_papers\ontocast_runs\run_500_more_20260721_105503\output\facts_c3622e2f1fb9.ttl,Fault detection,"42,41,44,43,46","42,209,211,34,44",True,True,True,0.645,0.645,0.645,0.6242,5,5,0,0,0.2967919799498747,0.5775079744816587
986,extraction_papers\ontocast_runs\run_500_more_20260721_105503\output\facts_c39d5fbe9c9a.ttl,Remaining useful life estimation,"35,37,36,28,30","35,36,115,37,30",True,True,True,0.546,0.546,0.546,0.546,4,5,1,0,0.2680996168582376,0.29012887495646117
987,extraction_papers\ontocast_runs\run_500_more_20260721_105503\output\facts_c44a689492fd.ttl,Health assessment,"31,38,104,213,188","31,213,193,104,221",True,True,True,0.534,0.534,0.5288,0.5224,5,5,0,0,0.5442510197203322,0.5800615447498526
988,extraction_papers\ontocast_runs\run_500_more_20260721_105503\output\facts_c4a450408dd9.ttl,Remaining useful life estimation,"107,97,234,232,233","107,122,250,128,233",True,True,True,0.502,0.502,0.5012,0.5012,5,5,0,0,0.3583908045977012,0.5679032347997865
989,extraction_papers\ontocast_runs\run_500_more_20260721_105503\output\facts_c4e7ffa6ee8d.ttl,Fault detection,"20,19,72,209,211","20,211,44,215,42",True,True,True,0.589,0.589,0.5858,0.5841999999999999,4,5,1,0,0.41088492063492066,0.5826962438146649
990,extraction_papers\ontocast_runs\run_500_more_20260721_105503\output\facts_c5ee380d0d93.ttl,Remaining useful life estimation,"226,59,58,60,197","226,60,58,197,22",True,True,True,0.546,0.546,0.5392,0.5336000000000001,5,5,0,0,0.5326880469884321,0.5755361428378116
991,extraction_papers\ontocast_runs\run_500_more_20260721_105503\output\facts_c5f16e3d788f.ttl,Fault detection,"215,166,167,200,42","215,200,166,34,33",True,True,True,0.593,0.593,0.5899999999999999,0.5893999999999998,4,5,1,0,0.514609557109557,0.5343250276039749
992,extraction_papers\ontocast_runs\run_500_more_20260721_105503\output\facts_c63f847b3dd8.ttl,Fault detection,"230,72,42,41,44","230,41,72,44,34",True,True,True,0.517,0.517,0.5072,0.5072,5,5,0,0,0.4748851490828384,0.4555836358763187
993,extraction_papers\ontocast_runs\run_500_more_20260721_105503\output\facts_c656a6268582.ttl,Fault detection,"20,166,167,42,41","20,166,34,33,44",True,True,True,0.518,0.518,0.516,0.5149999999999999,4,5,1,0,0.36965709728867624,0.43890909090909097
994,extraction_papers\ontocast_runs\run_500_more_20260721_105503\output\facts_c68855388d77.ttl,Fault detection,"175,98,20,209,211","175,211,44,209,47",True,True,True,0.593,0.593,0.5902000000000001,0.5885999999999999,5,5,0,0,0.4543412698412698,0.5527217241822505
995,extraction_papers\ontocast_runs\run_500_more_20260721_105503\output\facts_c72f38e97f3d.ttl,Fault detection,"230,42,41,44,43","230,41,34,19,44",True,True,True,0.552,0.552,0.5224000000000001,0.5224000000000001,5,5,0,0,0.38838538654328125,0.4580749250749251
996,extraction_papers\ontocast_runs\run_500_more_20260721_105503\output\facts_c7a80b25b8d4.ttl,Fault detection,"195,42,41,44,43","195,44,34,33,209",True,True,True,0.502,0.502,0.5012,0.501,5,5,0,0,0.4713421440198434,0.5359075378230017
997,extraction_papers\ontocast_runs\run_500_more_20260721_105503\output\facts_c80f3e1918f5.ttl,Fault detection,"200,98,175,245,20","200,215,44,218,211",True,True,True,0.603,0.603,0.5968,0.5892,5,5,0,0,0.35960073260073255,0.620418674892359
998,extraction_papers\ontocast_runs\run_500_more_20260721_105503\output\facts_c8263fe309ca.ttl,Health assessment,"213,31,38,104,188","213,173,221,193,104",True,True,True,0.51,0.51,0.5092,0.506,5,5,0,0,0.5442510197203322,0.6092518676874309
999,extraction_papers\ontocast_runs\run_500_more_20260721_105503\output\facts_c8cbc84be15c.ttl,Fault detection,"72,98,42,41,44","72,44,47,41,29",True,True,True,0.507,0.507,0.505,0.5046,5,5,0,0,0.3933202110968478,0.39231854025307167
1000,extraction_papers\ontocast_runs\run_500_more_20260721_105503\output\facts_c8e92d608bd7.ttl,Fault detection,"215,230,42,41,44","215,34,19,42,44",True,True,True,0.518,0.518,0.5160000000000001,0.5156000000000001,5,5,0,0,0.45521279159437056,0.49655333701386334
1001,extraction_papers\ontocast_runs\run_500_more_20260721_105503\output\facts_c8e972bc7e17.ttl,Health assessment,"188,31,38,104,2","188,227,104,193,38",True,True,True,0.534,0.534,0.5184,0.5160000000000001,5,5,0,0,0.5176489761461331,0.5954527733967389
1002,extraction_papers\ontocast_runs\run_500_more_20260721_105503\output\facts_c99f6f132c7d.ttl,Remaining useful life estimation,"35,37,36,28,30","35,36,115,37,30",True,True,True,0.664,0.664,0.664,0.664,4,5,1,0,0.2680996168582376,0.29012887495646117
1003,extraction_papers\ontocast_runs\run_500_more_20260721_105503\output\facts_c9fd6a77e380.ttl,Health assessment,"239,153,154,193,73","239,104,7,73,173",True,True,True,0.615,0.615,0.6115999999999999,0.5942000000000001,4,5,1,0,0.3899738562091503,0.5961481481481481
1004,extraction_papers\ontocast_runs\run_500_more_20260721_105503\output\facts_cadda2082d0e.ttl,Fault detection,"200,215,98,230,42","200,215,44,34,33",True,True,True,0.539,0.539,0.5234,0.5214000000000001,5,5,0,0,0.49986763382816013,0.5344252668384247
1005,extraction_papers\ontocast_runs\run_500_more_20260721_105503\output\facts_cb41414ff45b.ttl,Fault detection,"166,167,200,72,245","166,218,200,245,211",True,True,True,0.514,0.514,0.514,0.5124,4,5,1,0,0.48313338202234224,0.6047261860946072
1006,extraction_papers\ontocast_runs\run_500_more_20260721_105503\output\facts_cb60f865f2c9.ttl,Health assessment,"31,38,104,173,227","31,213,193,104,173",True,True,True,0.515,0.515,0.5122,0.5084,5,5,0,0,0.4891651566518588,0.6149870205797826
1007,extraction_papers\ontocast_runs\run_500_more_20260721_105503\output\facts_cdb839ab2a34.ttl,Fault detection,"200,230,42,41,44","200,44,230,34,19",True,True,True,0.512,0.512,0.5098,0.5098,5,5,0,0,0.5114425486793908,0.4663034246455299
1008,extraction_papers\ontocast_runs\run_500_more_20260721_105503\output\facts_cdc0b4f352bb.ttl,Fault detection,"209,42,41,44,43","209,33,34,44,41",True,True,True,0.707,0.707,0.707,0.707,5,5,0,0,0.4394110275689223,0.4859203463203463
1009,extraction_papers\ontocast_runs\run_500_more_20260721_105503\output\facts_ce3b83abed23.ttl,Fault detection,"218,245,209,211,215","218,34,211,215,209",True,True,True,0.59,0.59,0.5878,0.5873999999999999,5,5,0,0,0.5414880952380952,0.6071765734265735
1010,extraction_papers\ontocast_runs\run_500_more_20260721_105503\output\facts_cf1f5d2ba6da.ttl,Fault detection,"230,166,167,175,72","230,211,166,72,218",True,True,True,0.514,0.514,0.514,0.5102,4,5,1,0,0.42508397090714156,0.6071577880114465
1011,extraction_papers\ontocast_runs\run_500_more_20260721_105503\output\facts_cf4580bd02cb.ttl,Fault detection,"209,42,41,44,43","209,33,34,44,41",True,True,True,0.577,0.577,0.577,0.577,5,5,0,0,0.4394110275689223,0.4859203463203463
1012,extraction_papers\ontocast_runs\run_500_more_20260721_105503\output\facts_d01fdfd7e505.ttl,Health assessment,"213,31,38,227,104","213,173,221,193,104",True,True,True,0.539,0.539,0.5198,0.5178,5,5,0,0,0.5594998638752882,0.6092518676874309
1013,extraction_papers\ontocast_runs\run_500_more_20260721_105503\output\facts_d059b408e111.ttl,Fault detection,"230,195,209,211,191","230,211,41,218,209",True,True,True,0.599,0.599,0.5908,0.5875999999999999,5,5,0,0,0.40037199627405806,0.5916379731379732
1014,extraction_papers\ontocast_runs\run_500_more_20260721_105503\output\facts_d0cf99a8d282.ttl,Fault detection,"42,41,44,43,46","42,34,44,41,29",True,True,True,0.546,0.546,0.546,0.546,5,5,0,0,0.2967919799498747,0.352885623148781
1015,extraction_papers\ontocast_runs\run_500_more_20260721_105503\output\facts_d2c7ac75036e.ttl,Fault detection,"175,72,209,211,191","175,218,211,166,215",True,True,True,0.52,0.52,0.5151999999999999,0.5122,5,5,0,0,0.4234239926739926,0.6174468586968587
1016,extraction_papers\ontocast_runs\run_500_more_20260721_105503\output\facts_d2e5dfd67513.ttl,Fault detection,"42,41,44,43,46","42,34,44,41,29",True,True,True,0.546,0.546,0.546,0.546,5,5,0,0,0.2967919799498747,0.352885623148781
1017,extraction_papers\ontocast_runs\run_500_more_20260721_105503\output\facts_d38ecdfeaeef.ttl,Fault detection,"209,42,41,44,43","209,33,34,44,41",True,True,True,0.707,0.707,0.707,0.707,5,5,0,0,0.4394110275689223,0.4859203463203463
1018,extraction_papers\ontocast_runs\run_500_more_20260721_105503\output\facts_d3b03bbd0128.ttl,Health assessment,"31,38,104,221,227","31,213,193,221,104",True,True,True,0.515,0.515,0.5129999999999999,0.51,5,5,0,0,0.4869005234140433,0.5800615447498526
1019,extraction_papers\ontocast_runs\run_500_more_20260721_105503\output\facts_d426846a60c4.ttl,Health assessment,"7,177,221,213,73","7,227,221,193,38",True,True,True,0.532,0.532,0.518,0.511,4,5,1,0,0.4313182695635967,0.5532098646631315
1020,extraction_papers\ontocast_runs\run_500_more_20260721_105503\output\facts_d4a43c4ff34f.ttl,Remaining useful life estimation,"107,256,197,22,21","107,197,22,208,256",True,True,True,0.532,0.532,0.5126000000000002,0.5122000000000001,5,5,0,0,0.532608694438206,0.5630141339535717
1021,extraction_papers\ontocast_runs\run_500_more_20260721_105503\output\facts_d6163d30c72f.ttl,Fault detection,"42,41,44,43,46","42,200,34,44,41",True,True,True,0.559,0.559,0.559,0.5526000000000001,5,5,0,0,0.2967919799498747,0.463518341307815
1022,extraction_papers\ontocast_runs\run_500_more_20260721_105503\output\facts_d7d13902a4c5.ttl,Health assessment,"2,7,177,239,213","2,7,239,38,213",True,True,True,0.513,0.513,0.5098,0.5082000000000001,4,5,1,0,0.5190666187395159,0.578455016556652
1023,extraction_papers\ontocast_runs\run_500_more_20260721_105503\output\facts_d804cd13ff79.ttl,Fault detection,"19,215,166,167,72","19,211,218,166,215",True,True,True,0.664,0.664,0.5476,0.5448000000000001,4,5,1,0,0.45772904940587866,0.6097162559662559
1024,extraction_papers\ontocast_runs\run_500_more_20260721_105503\output\facts_d82d2b95ae91.ttl,Health assessment,"73,213,227,31,38","73,7,239,104,227",True,True,True,0.517,0.517,0.511,0.51,5,5,0,0,0.5023938218969529,0.5960911680911681
1025,extraction_papers\ontocast_runs\run_500_more_20260721_105503\output\facts_d8eb1db857f6.ttl,Fault detection,"72,19,166,167,20","72,166,33,34,44",True,True,True,0.625,0.625,0.599,0.5958,3,5,1,0,0.37213150670467743,0.42109889135254985
1026,extraction_papers\ontocast_runs\run_500_more_20260721_105503\output\facts_d9be5c7ce28b.ttl,Health assessment,"31,38,104,213,221","31,213,104,193,221",True,True,True,0.574,0.574,0.5584,0.5452,5,5,0,0,0.5106008661321741,0.5800615447498526
1027,extraction_papers\ontocast_runs\run_500_more_20260721_105503\output\facts_d9c8a28c6182.ttl,Fault detection,"230,195,215,218,19","230,41,218,200,19",True,True,True,0.513,0.513,0.5102,0.5078,5,5,0,0,0.4821751759122893,0.5412875136559346
1028,extraction_papers\ontocast_runs\run_500_more_20260721_105503\output\facts_db0885e26c8c.ttl,Fault detection,"245,98,72,209,211","245,211,41,209,72",True,True,True,0.597,0.597,0.5922,0.5892,5,5,0,0,0.5081126373626373,0.5765702447958546
1029,extraction_papers\ontocast_runs\run_500_more_20260721_105503\output\facts_db1f79e7e962.ttl,One step future state forecast,"131,132,106,10,135","131,10,135,132,133",True,True,True,0.707,0.707,0.707,0.707,5,5,0,0,0.34907363834422656,0.32854030501089326
1030,extraction_papers\ontocast_runs\run_500_more_20260721_105503\output\facts_dbd84a4e60e3.ttl,Health assessment,"2,239,227,153,154","2,7,104,239,38",True,True,True,0.593,0.593,0.5922000000000001,0.5868,4,5,1,0,0.32305882352941173,0.5968007696326663
1031,extraction_papers\ontocast_runs\run_500_more_20260721_105503\output\facts_dc80fc97c2ac.ttl,Fault feature extraction,"231,18,17,190,32","231,190,229,198,235",True,True,True,0.533,0.533,0.5124,0.5092000000000001,4,5,1,0,0.5082912353347135,0.6022783882783883
1032,extraction_papers\ontocast_runs\run_500_more_20260721_105503\output\facts_dccb76a37d33.ttl,Health assessment,"31,38,104,227,188","31,213,104,239,221",True,True,True,0.559,0.559,0.5414000000000001,0.5274000000000001,5,5,0,0,0.5454302238422745,0.5927769588210243
1033,extraction_papers\ontocast_runs\run_500_more_20260721_105503\output\facts_ded74c5c4816.ttl,Remaining useful life estimation,"207,208,22,21,24","207,23,121,107,127",True,True,True,0.521,0.521,0.5186,0.5154,4,5,1,0,0.451346065347446,0.4892364997461717
1034,extraction_papers\ontocast_runs\run_500_more_20260721_105503\output\facts_def36f8670c0.ttl,Fault detection,"200,245,215,166,167","200,215,166,218,211",True,True,True,0.632,0.632,0.6,0.5988,4,5,1,0,0.5328571340939762,0.6198774544169281
1035,extraction_papers\ontocast_runs\run_500_more_20260721_105503\output\facts_df04a14fe010.ttl,One step future state forecast,"131,132,106,10,135","131,10,135,132,133",True,True,True,0.707,0.707,0.707,0.707,5,5,0,0,0.34907363834422656,0.32854030501089326
1036,extraction_papers\ontocast_runs\run_500_more_20260721_105503\output\facts_df24e041485e.ttl,Fault feature extraction,"32,253,198,17,70","32,190,198,229,235",True,True,True,0.546,0.546,0.5308,0.5204000000000001,5,5,0,0,0.4459120955873182,0.5967863247863249
1037,extraction_papers\ontocast_runs\run_500_more_20260721_105503\output\facts_e049a7b635d8.ttl,Fault detection,"209,211,191,175,98","209,33,211,175,44",True,True,True,0.595,0.595,0.5925999999999999,0.5905999999999999,5,5,0,0,0.4688882783882783,0.5739641636141637
1038,extraction_papers\ontocast_runs\run_500_more_20260721_105503\output\facts_e0867f5c7c21.ttl,Fault detection,"230,195,42,41,44","230,41,195,34,44",True,True,True,0.589,0.589,0.5839999999999999,0.5839999999999999,5,5,0,0,0.5206490055431997,0.4903532755903889
1039,extraction_papers\ontocast_runs\run_500_more_20260721_105503\output\facts_e0f37b2abd9b.ttl,Health assessment,"31,38,239,213,221","31,213,239,221,104",True,True,True,0.577,0.577,0.577,0.577,5,5,0,0,0.5621461887290472,0.5927769588210243
1040,extraction_papers\ontocast_runs\run_500_more_20260721_105503\output\facts_e147d0266de1.ttl,Fault detection,"215,195,175,218,245","215,195,166,218,20",True,True,True,0.604,0.604,0.5984,0.5948,5,5,0,0,0.5192270684641819,0.579756756702633
1041,extraction_papers\ontocast_runs\run_500_more_20260721_105503\output\facts_e15e43af9a53.ttl,Fault detection,"230,200,215,98,42","230,41,200,34,44",True,True,True,0.598,0.598,0.5878,0.587,5,5,0,0,0.4998676338281601,0.4852415917415918
1042,extraction_papers\ontocast_runs\run_500_more_20260721_105503\output\facts_e1bb0b3a326e.ttl,Health assessment,"31,38,104,221,173","31,7,104,239,221",True,True,True,0.531,0.531,0.5237999999999999,0.518,5,5,0,0,0.49277462228501445,0.5903500277562428
1043,extraction_papers\ontocast_runs\run_500_more_20260721_105503\output\facts_e1fbd2839a8f.ttl,Fault detection,"200,215,19,166,167","200,215,166,218,19",True,True,True,0.534,0.534,0.5194000000000001,0.5176000000000001,4,5,1,0,0.5214608636977058,0.5840332985727723
1044,extraction_papers\ontocast_runs\run_500_more_20260721_105503\output\facts_e24dbd3f4270.ttl,Fault detection,"215,166,167,72,209","215,200,166,218,211",True,True,True,0.598,0.598,0.5906,0.5878,4,5,1,0,0.5281532918301212,0.6198774544169281
1045,extraction_papers\ontocast_runs\run_500_more_20260721_105503\output\facts_e2e11d66f230.ttl,Fault detection,"195,19,200,215,20","195,44,218,245,211",True,True,True,0.524,0.524,0.5154,0.51,4,5,1,0,0.39734038705009944,0.6000158163714866
1046,extraction_papers\ontocast_runs\run_500_more_20260721_105503\output\facts_e4c6a92beaec.ttl,Fault detection,"19,215,218,20,230","19,211,218,166,215",True,True,True,0.524,0.524,0.5146,0.5120000000000001,4,5,1,0,0.40900793650793654,0.6097162559662559
1047,extraction_papers\ontocast_runs\run_500_more_20260721_105503\output\facts_e57239423e97.ttl,Remaining useful life estimation,"35,37,36,28,30","35,36,115,37,30",True,True,True,0.546,0.546,0.546,0.546,4,5,1,0,0.2680996168582376,0.29012887495646117
1048,extraction_papers\ontocast_runs\run_500_more_20260721_105503\output\facts_e63ca102b55f.ttl,Health assessment,"221,31,38,104,188","221,239,7,104,31",True,True,True,0.614,0.614,0.5923999999999999,0.592,5,5,0,0,0.4761469847406201,0.5903500277562428
1049,extraction_papers\ontocast_runs\run_500_more_20260721_105503\output\facts_e6992b804d17.ttl,Fault detection,"218,98,245,19,230","218,175,211,44,230",True,True,True,0.517,0.517,0.5112,0.5088,5,5,0,0,0.42507203907203905,0.6046794871794872
1050,extraction_papers\ontocast_runs\run_500_more_20260721_105503\output\facts_e6a42e1b816c.ttl,One step future state forecast,"106,131,132,135,133","106,132,135,10,134",True,True,True,0.587,0.587,0.5846,0.5838,5,5,0,0,0.2995798319327731,0.3655148148148148
1051,extraction_papers\ontocast_runs\run_500_more_20260721_105503\output\facts_e7586c5f3e90.ttl,Fault detection,"209,42,41,44,43","209,33,34,44,41",True,True,True,0.577,0.577,0.577,0.577,5,5,0,0,0.4394110275689223,0.4859203463203463
1052,extraction_papers\ontocast_runs\run_500_more_20260721_105503\output\facts_e7dd5b3c1da8.ttl,Health assessment,"239,153,154,193,188","239,104,188,31,153",True,True,True,0.539,0.539,0.5372,0.5256000000000001,4,5,1,0,0.43862851086380494,0.5791523249720998
1053,extraction_papers\ontocast_runs\run_500_more_20260721_105503\output\facts_e86db4320b62.ttl,Health assessment,"7,177,227,31,38","7,227,104,221,193",True,True,True,0.598,0.598,0.5946,0.5916,4,5,1,0,0.5003471059523885,0.6004300869695607
1054,extraction_papers\ontocast_runs\run_500_more_20260721_105503\output\facts_e87842fbcb67.ttl,Fault detection,"200,230,166,167,42","200,166,230,34,33",True,True,True,0.527,0.527,0.5157999999999999,0.5149999999999999,4,5,1,0,0.47821402281928593,0.4826223162802109
1055,extraction_papers\ontocast_runs\run_500_more_20260721_105503\output\facts_e8ae7f1e0a4d.ttl,Fault detection,"215,42,41,44,43","215,195,44,34,33",True,True,True,0.598,0.598,0.5955999999999999,0.5955999999999999,5,5,0,0,0.39560656448814346,0.5474298788840026
1056,extraction_papers\ontocast_runs\run_500_more_20260721_105503\output\facts_e8c8a5c919af.ttl,Remaining useful life estimation,"97,127,69,51,53","97,208,204,55,59",True,True,True,0.501,0.501,0.5006,0.5002,5,5,0,0,0.3625452503501284,0.5687076164851737
1057,extraction_papers\ontocast_runs\run_500_more_20260721_105503\output\facts_ea58497e74a2.ttl,Fault detection,"200,166,167,19,72","200,166,230,19,47",True,True,True,0.609,0.609,0.6013999999999999,0.5968,4,5,1,0,0.4352013973403575,0.4589823947981843
1058,extraction_papers\ontocast_runs\run_500_more_20260721_105503\output\facts_ea94175ddfd5.ttl,Fault detection,"195,19,20,72,166","195,44,215,19,211",True,True,True,0.527,0.527,0.517,0.5122,4,5,1,0,0.3773636178589661,0.59920869365457
1059,extraction_papers\ontocast_runs\run_500_more_20260721_105503\output\facts_ea99c14d2914.ttl,Remaining useful life estimation,"51,53,52,55,54","51,126,108,55,3",True,True,True,0.614,0.614,0.614,0.614,4,5,1,0,0.28709160571229536,0.4219032879215052
1060,extraction_papers\ontocast_runs\run_500_more_20260721_105503\output\facts_eaa56f09ab61.ttl,Fault detection,"200,230,72,209,211","200,44,230,211,34",True,True,True,0.512,0.512,0.5082000000000001,0.5072,5,5,0,0,0.4565833333333333,0.520430408772514
1061,extraction_papers\ontocast_runs\run_500_more_20260721_105503\output\facts_eaf7d8f16fac.ttl,Fault feature extraction,"229,32,253,198,231","229,18,70,190,235",True,True,True,0.504,0.504,0.5038,0.5018,5,5,0,0,0.5155140415140415,0.599411467177837
1062,extraction_papers\ontocast_runs\run_500_more_20260721_105503\output\facts_ebed388f41ed.ttl,Fault detection,"72,195,175,19,209","72,218,211,166,215",True,True,True,0.527,0.527,0.5132,0.5084,5,5,0,0,0.26842857142857135,0.6168215422788593
1063,extraction_papers\ontocast_runs\run_500_more_20260721_105503\output\facts_ec646a2507eb.ttl,Fault detection,"42,41,44,43,46","42,34,44,41,29",True,True,True,0.546,0.546,0.546,0.546,5,5,0,0,0.2967919799498747,0.352885623148781
1064,extraction_papers\ontocast_runs\run_500_more_20260721_105503\output\facts_ed1cdbe872df.ttl,Fault detection,"72,215,19,218,20","72,218,166,211,230",True,True,True,0.609,0.609,0.5871999999999999,0.5853999999999999,4,5,1,0,0.4374356368563685,0.6071577880114465
1065,extraction_papers\ontocast_runs\run_500_more_20260721_105503\output\facts_ed2d565265fb.ttl,Health assessment,"31,38,239,213,221","31,213,239,221,104",True,True,True,0.5,0.5,0.5,0.5,5,5,0,0,0.5621461887290472,0.5927769588210243
1066,extraction_papers\ontocast_runs\run_500_more_20260721_105503\output\facts_ede4e9db24aa.ttl,Remaining useful life estimation,"22,21,24,23,26","22,208,107,68,21",True,True,True,0.559,0.559,0.559,0.5302,3,5,1,0,0.16684210526315785,0.4661227206654865
1067,extraction_papers\ontocast_runs\run_500_more_20260721_105503\output\facts_edeaf0d7ae46.ttl,Multiple steps future state forecast,"102,103,101,136,139","102,143,141,146,101",True,True,True,0.511,0.511,0.511,0.511,5,5,0,0,0.23737981024588883,0.3244747335056125
1068,extraction_papers\ontocast_runs\run_500_more_20260721_105503\output\facts_eeefdc27abf1.ttl,Health assessment,"31,38,239,213,221","31,213,239,221,104",True,True,True,0.707,0.707,0.707,0.707,5,5,0,0,0.5621461887290472,0.5927769588210243
1069,extraction_papers\ontocast_runs\run_500_more_20260721_105503\output\facts_ef2959399ba1.ttl,Fault detection,"245,42,41,44,43","245,41,34,44,33",True,True,True,0.51,0.51,0.51,0.51,5,5,0,0,0.38654077501445916,0.4211804195804196
1070,extraction_papers\ontocast_runs\run_500_more_20260721_105503\output\facts_f05c2f8974c2.ttl,Fault feature extraction,"17,32,253,198,235","17,229,70,190,235",True,True,True,0.527,0.527,0.5166000000000001,0.513,5,5,0,0,0.45237681159420295,0.599411467177837
1071,extraction_papers\ontocast_runs\run_500_more_20260721_105503\output\facts_f2b10473f690.ttl,One step future state forecast,"131,132,106,10,135","131,10,135,132,133",True,True,True,0.707,0.707,0.707,0.707,5,5,0,0,0.34907363834422656,0.32854030501089326
1072,extraction_papers\ontocast_runs\run_500_more_20260721_105503\output\facts_f2bc603e13fb.ttl,Health assessment,"7,177,31,38,213","7,227,104,221,193",True,True,True,0.513,0.513,0.5124,0.508,4,5,1,0,0.49144919205566157,0.6004300869695607
1073,extraction_papers\ontocast_runs\run_500_more_20260721_105503\output\facts_f46ccc885a23.ttl,Health assessment,"73,7,177,31,38","73,7,239,104,227",True,True,True,0.51,0.51,0.5056,0.5048,4,5,1,0,0.45678742007428735,0.5960911680911681
1074,extraction_papers\ontocast_runs\run_500_more_20260721_105503\output\facts_f4e001ac1d13.ttl,Remaining useful life estimation,"51,53,52,55,54","51,126,108,55,3",True,True,True,0.532,0.532,0.532,0.532,4,5,1,0,0.28709160571229536,0.4219032879215052
1075,extraction_papers\ontocast_runs\run_500_more_20260721_105503\output\facts_f5847eac6656.ttl,Fault detection,"209,42,41,44,43","209,33,34,44,41",True,True,True,0.707,0.707,0.707,0.707,5,5,0,0,0.4394110275689223,0.4859203463203463
1076,extraction_papers\ontocast_runs\run_500_more_20260721_105503\output\facts_f5ac33f45024.ttl,One step future state forecast,"131,132,135,133,134","131,10,135,132,133",True,True,True,0.587,0.587,0.587,0.5857999999999999,5,5,0,0,0.24191316526610646,0.32854030501089326
1077,extraction_papers\ontocast_runs\run_500_more_20260721_105503\output\facts_f5c67c048340.ttl,Fault detection,"209,42,41,44,43","209,33,34,44,41",True,True,True,0.707,0.707,0.707,0.707,5,5,0,0,0.4394110275689223,0.4859203463203463
1078,extraction_papers\ontocast_runs\run_500_more_20260721_105503\output\facts_f71d2b80cc05.ttl,Fault detection,"42,41,44,43,46","42,215,34,44,41",True,True,True,0.536,0.536,0.536,0.5334000000000001,5,5,0,0,0.2967919799498747,0.44770641639062686
1079,extraction_papers\ontocast_runs\run_500_more_20260721_105503\output\facts_f7d51d04d425.ttl,Fault detection,"166,167,98,209,245","166,209,211,215,72",True,True,True,0.524,0.524,0.5168,0.5136000000000001,4,5,1,0,0.44236208236208235,0.6018443094845534
1080,extraction_papers\ontocast_runs\run_500_more_20260721_105503\output\facts_f7e7d9da6858.ttl,Fault detection,"166,167,98,19,200","166,218,200,215,211",True,True,True,0.515,0.515,0.5129999999999999,0.5092,4,5,1,0,0.42464167995746943,0.6198774544169281
1081,extraction_papers\ontocast_runs\run_500_more_20260721_105503\output\facts_f8174a8087bb.ttl,Fault detection,"98,42,41,44,43","98,42,44,166,34",True,True,True,0.523,0.523,0.5149999999999999,0.5149999999999999,5,5,0,0,0.30764828738512945,0.35625199362041465
1082,extraction_papers\ontocast_runs\run_500_more_20260721_105503\output\facts_f835ffdc4f12.ttl,Remaining useful life estimation,"181,234,232,233,15","181,249,233,128,122",True,True,True,0.544,0.544,0.5351999999999999,0.5351999999999999,5,5,0,0,0.34178785425101216,0.5624635404635405
1083,extraction_papers\ontocast_runs\run_500_more_20260721_105503\output\facts_f869591ea2c6.ttl,Fault detection,"98,218,245,166,167","98,218,200,245,42",True,True,True,0.594,0.594,0.5908,0.59,4,5,1,0,0.4793706293706294,0.5559275753486279
1084,extraction_papers\ontocast_runs\run_500_more_20260721_105503\output\facts_f88ea939effa.ttl,Health assessment,"213,73,31,38,104","213,227,221,104,38",True,True,True,0.622,0.622,0.6092,0.6054,5,5,0,0,0.49566038994169803,0.5572842396591147
1085,extraction_papers\ontocast_runs\run_500_more_20260721_105503\output\facts_f9248b9b0e78.ttl,Health assessment,"73,221,188,239,153","73,193,7,104,227",True,True,True,0.552,0.552,0.5216000000000001,0.5166000000000001,5,5,0,0,0.42093982837326493,0.5934131054131054
1086,extraction_papers\ontocast_runs\run_500_more_20260721_105503\output\facts_f95680ba53dc.ttl,Remaining useful life estimation,"234,232,233,15,14","234,122,249,128,16",True,True,True,0.621,0.621,0.621,0.621,4,5,1,0,0.3189603238866397,0.5494555202976256
1087,extraction_papers\ontocast_runs\run_500_more_20260721_105503\output\facts_fa4252c7bb84.ttl,Fault detection,"166,167,215,19,20","166,215,19,34,33",True,True,True,0.526,0.526,0.5214,0.5167999999999999,3,5,1,0,0.4216083916083916,0.492127738927739
1088,extraction_papers\ontocast_runs\run_500_more_20260721_105503\output\facts_fa795558aa10.ttl,Fault detection,"42,41,44,43,46","42,200,34,44,41",True,True,True,0.645,0.645,0.645,0.6378,5,5,0,0,0.2967919799498747,0.463518341307815
1089,extraction_papers\ontocast_runs\run_500_more_20260721_105503\output\facts_fb08fbf53c80.ttl,Remaining useful life estimation,"35,37,36,28,30","35,36,115,37,30",True,True,True,0.701,0.701,0.701,0.701,4,5,1,0,0.2680996168582376,0.29012887495646117
1090,extraction_papers\ontocast_runs\run_500_more_20260721_105503\output\facts_fbe2ab5fd0d9.ttl,Fault identification,"210,201,202,203,48","210,48,247,212,243",True,True,True,0.707,0.707,0.707,0.707,5,5,0,0,0.5280894698410694,0.6597099496709253
1091,extraction_papers\ontocast_runs\run_500_more_20260721_105503\output\facts_fc0208cc411f.ttl,Fault detection,"209,42,41,44,43","209,33,34,44,41",True,True,True,0.577,0.577,0.577,0.577,5,5,0,0,0.4394110275689223,0.4859203463203463
1092,extraction_papers\ontocast_runs\run_500_more_20260721_105503\output\facts_fc289f785b3b.ttl,Fault detection,"218,209,42,41,44","218,34,19,42,44",True,True,True,0.5,0.5,0.5,0.5,5,5,0,0,0.5477520724889147,0.5619777882935777
1093,extraction_papers\ontocast_runs\run_500_more_20260721_105503\output\facts_fdd15faf2cbd.ttl,Fault detection,"209,42,41,44,43","209,33,34,44,41",True,True,True,0.577,0.577,0.577,0.577,5,5,0,0,0.4394110275689223,0.4859203463203463
1094,extraction_papers\ontocast_runs\run_500_more_20260721_105503\output\facts_fefe415a3b8d.ttl,Fault detection,"166,167,98,209,211","166,209,211,215,72",True,True,True,0.591,0.591,0.5484,0.5314,4,5,1,0,0.5102200577200577,0.6018443094845534
1095,extraction_papers\ontocast_runs\run_500_more_20260721_105503\output\facts_ff1f16a3d91e.ttl,Remaining useful life estimation,"234,232,233,15,14","234,122,249,128,16",True,True,True,0.52,0.52,0.52,0.52,4,5,1,0,0.3189603238866397,0.5494555202976256
1096,extraction_papers\ontocast_runs\run_500_more_20260721_105503\output\facts_ff2e56662a40.ttl,Fault identification,"252,203,189,243,244","252,189,212,210,243",True,True,True,0.546,0.546,0.5232,0.5186,4,5,1,0,0.4632673217256742,0.5726891539354954
1097,extraction_papers\ontocast_runs\run_500_more_20260721_105503\output\facts_ff3a1cbf129d.ttl,Fault detection,"200,166,167,98,230","200,166,230,211,20",True,True,True,0.527,0.527,0.5151999999999999,0.5124000000000001,4,5,1,0,0.4395239643397538,0.5484547616126563
1098,extraction_papers\ontocast_runs\run_500_more_20260721_105503\output\facts_ff7525fd4cca.ttl,Fault detection,"230,175,218,209,42","230,41,218,175,209",True,True,True,0.513,0.513,0.5109999999999999,0.5109999999999999,5,5,0,0,0.5475128687102371,0.5562847985347986
1099,extraction_papers\ontocast_runs\run_500_more_20260721_105503\output\facts_fff2e56e0195.ttl,Remaining useful life estimation,"234,232,233,15,14","234,122,249,128,16",True,True,True,0.816,0.816,0.8160000000000001,0.8160000000000001,4,5,1,0,0.3189603238866397,0.5494555202976256
1100,extraction_papers\ontocast_runs\run_remaining_222_gpt-5.6-luna_20260723_010000\output\facts_01e57d818d7a.ttl,Remaining useful life estimation,"68,67,170,223,222","68,223,184,55,170",True,True,True,0.502,0.502,0.5012,0.5008,4,5,1,0,0.4466166622246477,0.5729799313323342
1101,extraction_papers\ontocast_runs\run_remaining_222_gpt-5.6-luna_20260723_010000\output\facts_03448a4640f9.ttl,Fault detection,"166,167,98,72,195","166,218,195,245,211",True,True,True,0.522,0.522,0.5147999999999999,0.5114,4,5,1,0,0.41144512893582535,0.5929041697134481
1102,extraction_papers\ontocast_runs\run_remaining_222_gpt-5.6-luna_20260723_010000\output\facts_03747957117e.ttl,Fault detection,"200,166,167,98,230","200,166,230,34,33",True,True,True,0.527,0.527,0.5226,0.5194000000000001,4,5,1,0,0.4395239643397538,0.4826223162802109
1103,extraction_papers\ontocast_runs\run_remaining_222_gpt-5.6-luna_20260723_010000\output\facts_03843da573ac.ttl,Fault identification,"252,255,243,244,210","252,210,212,216,255",True,True,True,0.515,0.515,0.5076,0.5072,4,5,1,0,0.45926766055482576,0.6286912914931706
1104,extraction_papers\ontocast_runs\run_remaining_222_gpt-5.6-luna_20260723_010000\output\facts_039472e41e58.ttl,Fault identification,"252,203,189,243,244","252,189,212,13,243",True,True,True,0.546,0.546,0.5192,0.5154000000000001,4,5,1,0,0.4632673217256742,0.5661668155692545
1105,extraction_papers\ontocast_runs\run_remaining_222_gpt-5.6-luna_20260723_010000\output\facts_072c701e1aec.ttl,Fault detection,"215,72,218,42,41","215,34,218,42,72",True,True,True,0.523,0.523,0.5144,0.5144,5,5,0,0,0.5696839072352552,0.5820309819619833
1106,extraction_papers\ontocast_runs\run_remaining_222_gpt-5.6-luna_20260723_010000\output\facts_07874aec4c9e.ttl,Fault detection,"42,41,44,43,46","42,215,34,44,166",True,True,True,0.527,0.527,0.527,0.5246000000000001,5,5,0,0,0.2967919799498747,0.45779612930928726
1107,extraction_papers\ontocast_runs\run_remaining_222_gpt-5.6-luna_20260723_010000\output\facts_092c3cae5ff0.ttl,Fault identification,"252,203,189,243,244","252,189,212,13,243",True,True,True,0.546,0.546,0.5192,0.5154000000000001,4,5,1,0,0.4632673217256742,0.5661668155692545
1108,extraction_papers\ontocast_runs\run_remaining_222_gpt-5.6-luna_20260723_010000\output\facts_098048959648.ttl,Fault detection,"42,41,44,43,46","42,209,211,34,44",True,True,True,0.534,0.534,0.534,0.532,5,5,0,0,0.2967919799498747,0.5775079744816587
1109,extraction_papers\ontocast_runs\run_remaining_222_gpt-5.6-luna_20260723_010000\output\facts_0af55af5ffa3.ttl,Fault detection,"20,230,195,245,175","20,211,218,44,215",True,True,True,0.515,0.515,0.5116,0.5067999999999999,5,5,0,0,0.3531071428571428,0.6101617826617826
1110,extraction_papers\ontocast_runs\run_remaining_222_gpt-5.6-luna_20260723_010000\output\facts_0b4edaadbf5f.ttl,Fault detection,"72,19,166,167,20","72,218,166,230,42",True,True,True,0.524,0.524,0.5154,0.5106,3,5,1,0,0.37213150670467743,0.5745567184206466
1111,extraction_papers\ontocast_runs\run_remaining_222_gpt-5.6-luna_20260723_010000\output\facts_0c5f1728e109.ttl,Fault detection,"72,195,19,175,215","72,215,44,46,42",True,True,True,0.527,0.527,0.5208,0.509,5,5,0,0,0.3558327542250725,0.4723329606850147
1112,extraction_papers\ontocast_runs\run_remaining_222_gpt-5.6-luna_20260723_010000\output\facts_0c6ece871905.ttl,Remaining useful life estimation,"234,232,233,15,14","234,122,249,128,16",True,True,True,0.543,0.543,0.543,0.543,4,5,1,0,0.3189603238866397,0.5494555202976256
1113,extraction_papers\ontocast_runs\run_remaining_222_gpt-5.6-luna_20260723_010000\output\facts_0f4e2fa7b7d4.ttl,Fault identification,"238,13,246,247,201","238,247,50,13,243",True,True,True,0.514,0.514,0.5134000000000001,0.5124,5,5,0,0,0.6414474969474968,0.6595602789023841
1114,extraction_papers\ontocast_runs\run_remaining_222_gpt-5.6-luna_20260723_010000\output\facts_1351d583d04f.ttl,One step future state forecast,"131,132,106,10,135","131,10,135,132,133",True,True,True,0.707,0.707,0.707,0.707,5,5,0,0,0.34907363834422656,0.32854030501089326
1115,extraction_papers\ontocast_runs\run_remaining_222_gpt-5.6-luna_20260723_010000\output\facts_137a8efdcb9b.ttl,Remaining useful life estimation,"181,234,232,233,15","181,249,233,128,122",True,True,True,0.544,0.544,0.5351999999999999,0.5351999999999999,5,5,0,0,0.34178785425101216,0.5624635404635405
1116,extraction_papers\ontocast_runs\run_remaining_222_gpt-5.6-luna_20260723_010000\output\facts_14a88b82d86a.ttl,Fault detection,"42,41,44,43,46","42,34,44,41,29",True,True,True,0.546,0.546,0.546,0.546,5,5,0,0,0.2967919799498747,0.352885623148781
1117,extraction_papers\ontocast_runs\run_remaining_222_gpt-5.6-luna_20260723_010000\output\facts_181b67b38202.ttl,Fault detection,"166,167,98,42,41","166,34,98,42,44",True,True,True,0.655,0.655,0.5852,0.5589999999999999,4,5,1,0,0.28563530037214246,0.3562519936204147
1118,extraction_papers\ontocast_runs\run_remaining_222_gpt-5.6-luna_20260723_010000\output\facts_19cfd06d6ac9.ttl,Fault feature extraction,"32,253,198,235,17","32,190,198,229,235",True,True,True,0.574,0.574,0.5502,0.5372,5,5,0,0,0.4523768115942029,0.5967863247863249
1119,extraction_papers\ontocast_runs\run_remaining_222_gpt-5.6-luna_20260723_010000\output\facts_1a25874fd12b.ttl,Fault detection,"98,20,215,166,167","98,215,42,44,166",True,True,True,0.511,0.511,0.5086,0.5078,4,5,1,0,0.415008547008547,0.4186467406862143
1120,extraction_papers\ontocast_runs\run_remaining_222_gpt-5.6-luna_20260723_010000\output\facts_1a4b59adbc4e.ttl,Fault feature extraction,"27,18,70,229,235","27,190,229,235,198",True,True,True,0.514,0.514,0.5096,0.5069999999999999,5,5,0,0,0.5353661040083251,0.5832307692307692
1121,extraction_papers\ontocast_runs\run_remaining_222_gpt-5.6-luna_20260723_010000\output\facts_1b66d6d835e9.ttl,Remaining useful life estimation,"59,58,60,35,37","59,60,120,30,36",True,True,True,0.54,0.54,0.5368,0.5352,5,5,0,0,0.3644955547307812,0.43304453441295543
1122,extraction_papers\ontocast_runs\run_remaining_222_gpt-5.6-luna_20260723_010000\output\facts_1b86996a0a8b.ttl,Remaining useful life estimation,"234,232,233,15,14","234,122,249,128,16",True,True,True,0.689,0.689,0.689,0.689,4,5,1,0,0.3189603238866397,0.5494555202976256
1123,extraction_papers\ontocast_runs\run_remaining_222_gpt-5.6-luna_20260723_010000\output\facts_1baa6cf968b4.ttl,Health assessment,"31,38,104,221,213","31,104,38,7,239",True,True,True,0.664,0.664,0.6042,0.6012000000000001,5,5,0,0,0.5106008661321741,0.5711250835622625
1124,extraction_papers\ontocast_runs\run_remaining_222_gpt-5.6-luna_20260723_010000\output\facts_1c03a0b7ff5f.ttl,Fault identification,"201,202,176,252,13","201,247,13,203,216",True,True,True,0.509,0.509,0.5088,0.5072000000000001,5,5,0,0,0.489799939985783,0.6944908885663603
1125,extraction_papers\ontocast_runs\run_remaining_222_gpt-5.6-luna_20260723_010000\output\facts_1c6cc49c9a71.ttl,Health assessment,"188,239,153,154,193","188,227,193,38,7",True,True,True,0.543,0.543,0.527,0.5182,4,5,1,0,0.43862851086380505,0.5554930787172168
1126,extraction_papers\ontocast_runs\run_remaining_222_gpt-5.6-luna_20260723_010000\output\facts_1da826f0c28c.ttl,Fault identification,"252,203,189,243,244","252,189,212,13,243",True,True,True,0.534,0.534,0.5168,0.5130000000000001,4,5,1,0,0.4632673217256742,0.5661668155692545
1127,extraction_papers\ontocast_runs\run_remaining_222_gpt-5.6-luna_20260723_010000\output\facts_1fe295632fa4.ttl,Fault detection,"166,167,98,42,41","166,34,98,167,42",True,True,True,0.756,0.756,0.6756,0.6756,4,4,1,1,0.28563530037214246,0.32378522062732584
1128,extraction_papers\ontocast_runs\run_remaining_222_gpt-5.6-luna_20260723_010000\output\facts_20236381df42.ttl,Health assessment,"31,38,104,227,73","31,213,239,104,221",True,True,True,0.546,0.546,0.5316000000000001,0.5206000000000001,5,5,0,0,0.45733195455600073,0.5927769588210243
1129,extraction_papers\ontocast_runs\run_remaining_222_gpt-5.6-luna_20260723_010000\output\facts_21b856a11c67.ttl,Fault detection,"98,20,230,200,209","98,218,211,215,200",True,True,True,0.523,0.523,0.5124,0.5107999999999999,5,5,0,0,0.36791025641025643,0.5949527183342973
1130,extraction_papers\ontocast_runs\run_remaining_222_gpt-5.6-luna_20260723_010000\output\facts_22703794e4e5.ttl,Fault detection,"42,41,44,43,46","42,200,34,44,41",True,True,True,0.559,0.559,0.559,0.5526000000000001,5,5,0,0,0.2967919799498747,0.463518341307815
1131,extraction_papers\ontocast_runs\run_remaining_222_gpt-5.6-luna_20260723_010000\output\facts_24142cf4e073.ttl,Fault detection,"72,19,166,167,20","72,166,33,34,44",True,True,True,0.625,0.625,0.599,0.5958,3,5,1,0,0.37213150670467743,0.42109889135254985
1132,extraction_papers\ontocast_runs\run_remaining_222_gpt-5.6-luna_20260723_010000\output\facts_242c68d37e3d.ttl,Health assessment,"31,38,104,73,221","31,213,193,104,221",True,True,True,0.595,0.595,0.5917999999999999,0.5878,5,5,0,0,0.41062228902792003,0.5800615447498526
1133,extraction_papers\ontocast_runs\run_remaining_222_gpt-5.6-luna_20260723_010000\output\facts_253959a56087.ttl,Fault detection,"42,41,44,43,46","42,218,200,215,34",True,True,True,0.524,0.524,0.524,0.517,5,5,0,0,0.2967919799498747,0.5994444546681389
1134,extraction_papers\ontocast_runs\run_remaining_222_gpt-5.6-luna_20260723_010000\output\facts_277681d7635d.ttl,Remaining useful life estimation,"226,59,58,60,127","226,60,69,55,127",True,True,True,0.664,0.664,0.6038,0.5846,5,5,0,0,0.4646996887279301,0.575651336139141
1135,extraction_papers\ontocast_runs\run_remaining_222_gpt-5.6-luna_20260723_010000\output\facts_286a7fd89b9f.ttl,Fault detection,"166,167,98,200,20","166,200,230,34,20",True,True,True,0.513,0.513,0.5114000000000001,0.5077999999999999,4,5,1,0,0.42464167995746943,0.4679393325972273
1136,extraction_papers\ontocast_runs\run_remaining_222_gpt-5.6-luna_20260723_010000\output\facts_29d7341cc46f.ttl,Fault detection,"215,166,167,72,209","215,200,166,218,211",True,True,True,0.518,0.518,0.5114,0.509,4,5,1,0,0.5281532918301212,0.6198774544169281
1137,extraction_papers\ontocast_runs\run_remaining_222_gpt-5.6-luna_20260723_010000\output\facts_2a85d1bfbdef.ttl,Fault detection,"166,167,245,175,215","166,215,175,245,33",True,True,True,0.519,0.519,0.5164,0.515,4,5,1,0,0.4675501165501165,0.48470069930069937
1138,extraction_papers\ontocast_runs\run_remaining_222_gpt-5.6-luna_20260723_010000\output\facts_2b20d0bd7e6a.ttl,Fault detection,"98,42,41,44,43","98,42,44,72,34",True,True,True,0.523,0.523,0.5166000000000001,0.5166000000000001,5,5,0,0,0.30764828738512945,0.39237183127812136
1139,extraction_papers\ontocast_runs\run_remaining_222_gpt-5.6-luna_20260723_010000\output\facts_2c16787ac9e0.ttl,Remaining useful life estimation,"35,37,36,28,30","35,36,115,37,30",True,True,True,0.546,0.546,0.546,0.546,4,5,1,0,0.2680996168582376,0.29012887495646117
1140,extraction_papers\ontocast_runs\run_remaining_222_gpt-5.6-luna_20260723_010000\output\facts_2d670524aef8.ttl,Fault detection,"215,42,41,44,43","215,34,19,42,44",True,True,True,0.509,0.509,0.509,0.509,5,5,0,0,0.39560656448814346,0.49655333701386334
1141,extraction_papers\ontocast_runs\run_remaining_222_gpt-5.6-luna_20260723_010000\output\facts_2f30ee3e2632.ttl,Fault identification,"216,196,201,202,176","216,255,247,13,176",True,True,True,0.523,0.523,0.5208,0.5159999999999999,5,5,0,0,0.5236432951106864,0.680473178005965
1142,extraction_papers\ontocast_runs\run_remaining_222_gpt-5.6-luna_20260723_010000\output\facts_31387fedf847.ttl,Remaining useful life estimation,"75,74,76,68,67","75,204,184,74,97",True,True,True,0.567,0.567,0.5509999999999999,0.5409999999999999,4,5,1,0,0.2653045434098066,0.5327199306329741
1143,extraction_papers\ontocast_runs\run_remaining_222_gpt-5.6-luna_20260723_010000\output\facts_32514aec473d.ttl,Fault detection,"42,41,44,43,46","42,19,34,44,41",True,True,True,0.523,0.523,0.523,0.5210000000000001,5,5,0,0,0.2967919799498747,0.4329744816586921
1144,extraction_papers\ontocast_runs\run_remaining_222_gpt-5.6-luna_20260723_010000\output\facts_32cdd644a2e6.ttl,Fault detection,"42,41,44,43,46","42,200,34,19,44",True,True,True,0.524,0.524,0.524,0.5198,5,5,0,0,0.2967919799498747,0.48870972886762354
1145,extraction_papers\ontocast_runs\run_remaining_222_gpt-5.6-luna_20260723_010000\output\facts_33bf865229ab.ttl,Fault detection,"166,167,98,42,41","166,34,98,42,44",True,True,True,0.655,0.655,0.5852,0.5589999999999999,4,5,1,0,0.28563530037214246,0.3562519936204147
1146,extraction_papers\ontocast_runs\run_remaining_222_gpt-5.6-luna_20260723_010000\output\facts_33f467285044.ttl,Fault detection,"42,41,44,43,46","42,200,215,34,44",True,True,True,0.534,0.534,0.534,0.5251999999999999,5,5,0,0,0.2967919799498747,0.5401235124524598
1147,extraction_papers\ontocast_runs\run_remaining_222_gpt-5.6-luna_20260723_010000\output\facts_33fbece269a0.ttl,Fault identification,"238,13,246,210,48","238,247,49,176,212",True,True,True,0.543,0.543,0.5166000000000001,0.5154,5,5,0,0,0.5016586080586081,0.6667912683522439
1148,extraction_papers\ontocast_runs\run_remaining_222_gpt-5.6-luna_20260723_010000\output\facts_3528fd45c52a.ttl,Health assessment,"31,38,104,213,239","31,213,193,104,221",True,True,True,0.524,0.524,0.5212,0.5176000000000001,5,5,0,0,0.5876053892447516,0.5800615447498526
1149,extraction_papers\ontocast_runs\run_remaining_222_gpt-5.6-luna_20260723_010000\output\facts_38c6ea0ea119.ttl,Health assessment,"213,227,31,38,239","213,173,221,193,104",True,True,True,0.512,0.512,0.5102,0.5095999999999999,5,5,0,0,0.5689712998324852,0.6092518676874309
1150,extraction_papers\ontocast_runs\run_remaining_222_gpt-5.6-luna_20260723_010000\output\facts_3ba067a41b30.ttl,Fault detection,"195,215,230,218,200","195,215,44,218,20",True,True,True,0.527,0.527,0.5164000000000001,0.5136000000000001,5,5,0,0,0.491327222695915,0.5842605390028071
1151,extraction_papers\ontocast_runs\run_remaining_222_gpt-5.6-luna_20260723_010000\output\facts_3c1ddd7c81fe.ttl,Fault detection,"215,230,98,195,175","215,195,44,218,20",True,True,True,0.529,0.529,0.5212,0.5164,5,5,0,0,0.4435346065732664,0.5842605390028071
1152,extraction_papers\ontocast_runs\run_remaining_222_gpt-5.6-luna_20260723_010000\output\facts_3e2178a00e50.ttl,Fault detection,"42,41,44,43,46","42,215,19,34,44",True,True,True,0.517,0.517,0.517,0.5149999999999999,5,5,0,0,0.2967919799498747,0.49655333701386334
1153,extraction_papers\ontocast_runs\run_remaining_222_gpt-5.6-luna_20260723_010000\output\facts_3e8e5fa6233e.ttl,Fault detection,"42,41,44,43,46","42,200,34,44,166",True,True,True,0.514,0.514,0.514,0.514,5,5,0,0,0.2967919799498747,0.47091866028708146
1154,extraction_papers\ontocast_runs\run_remaining_222_gpt-5.6-luna_20260723_010000\output\facts_409c55e04b54.ttl,Health assessment,"73,2,188,31,38","73,7,239,104,227",True,True,True,0.598,0.598,0.5913999999999999,0.5856,5,5,0,0,0.38805651923278484,0.5960911680911681
1155,extraction_papers\ontocast_runs\run_remaining_222_gpt-5.6-luna_20260723_010000\output\facts_41b573abff6d.ttl,Remaining useful life estimation,"107,35,37,36,28","107,35,36,115,37",True,True,True,0.601,0.601,0.5322000000000001,0.5322000000000001,4,5,1,0,0.3720689655172414,0.39143155694879833
1156,extraction_papers\ontocast_runs\run_remaining_222_gpt-5.6-luna_20260723_010000\output\facts_440d76ac7160.ttl,Health assessment,"31,38,104,173,239","31,213,193,104,221",True,True,True,0.517,0.517,0.5147999999999999,0.5122000000000001,5,5,0,0,0.5417539931027642,0.5800615447498526
1157,extraction_papers\ontocast_runs\run_remaining_222_gpt-5.6-luna_20260723_010000\output\facts_452b398e371f.ttl,Fault detection,"42,41,44,43,46","42,200,19,34,44",True,True,True,0.521,0.521,0.521,0.5197999999999999,5,5,0,0,0.2967919799498747,0.48870972886762354
1158,extraction_papers\ontocast_runs\run_remaining_222_gpt-5.6-luna_20260723_010000\output\facts_47ccb7197b1f.ttl,One step future state forecast,"131,132,106,10,135","131,10,135,132,133",True,True,True,0.577,0.577,0.577,0.577,5,5,0,0,0.34907363834422656,0.32854030501089326
1159,extraction_papers\ontocast_runs\run_remaining_222_gpt-5.6-luna_20260723_010000\output\facts_482dd37c6a86.ttl,Health assessment,"173,7,177,221,239","173,213,221,193,7",True,True,True,0.515,0.515,0.5086,0.507,4,5,1,0,0.5373898635477583,0.5928097596915846
1160,extraction_papers\ontocast_runs\run_remaining_222_gpt-5.6-luna_20260723_010000\output\facts_4869fc39c639.ttl,Health assessment,"2,31,38,239,104","2,7,104,239,38",True,True,True,0.518,0.518,0.5124000000000001,0.5116,5,5,0,0,0.5355552610448979,0.5968007696326663
1161,extraction_papers\ontocast_runs\run_remaining_222_gpt-5.6-luna_20260723_010000\output\facts_48810fde4054.ttl,Health assessment,"239,153,154,193,221","239,221,7,153,38",True,True,True,0.543,0.543,0.5406000000000001,0.526,4,5,1,0,0.43527210182318543,0.5435769525017683
1162,extraction_papers\ontocast_runs\run_remaining_222_gpt-5.6-luna_20260723_010000\output\facts_4a8e14b8cdd3.ttl,Fault detection,"230,166,167,20,215","230,211,41,72,218",True,True,True,0.517,0.517,0.5124,0.5062,4,5,1,0,0.44083041958041963,0.6074720807647637
1163,extraction_papers\ontocast_runs\run_remaining_222_gpt-5.6-luna_20260723_010000\output\facts_4d9acadccc67.ttl,Fault identification,"247,238,252,13,246","247,238,49,176,13",True,True,True,0.515,0.515,0.5118,0.5102,5,5,0,0,0.5845752553679382,0.6813373015873017
1164,extraction_papers\ontocast_runs\run_remaining_222_gpt-5.6-luna_20260723_010000\output\facts_50a1e18460c8.ttl,Remaining useful life estimation,"170,59,58,60,35","170,60,30,112,59",True,True,True,0.513,0.513,0.5105999999999999,0.5105999999999999,5,5,0,0,0.38630119736401003,0.4296867460025354
1165,extraction_papers\ontocast_runs\run_remaining_222_gpt-5.6-luna_20260723_010000\output\facts_50da3c79d8ac.ttl,Health assessment,"173,2,7,177,31","173,213,221,193,104",True,True,True,0.51,0.51,0.5084000000000001,0.5065999999999999,4,5,1,0,0.5141646966115052,0.6092518676874309
1166,extraction_papers\ontocast_runs\run_remaining_222_gpt-5.6-luna_20260723_010000\output\facts_53448c2aae37.ttl,Remaining useful life estimation,"75,74,76,157,158","75,226,157,74,127",True,True,True,0.552,0.552,0.5488000000000001,0.536,4,5,1,0,0.3313601953601954,0.47119257719257723
1167,extraction_papers\ontocast_runs\run_remaining_222_gpt-5.6-luna_20260723_010000\output\facts_55219e83c51c.ttl,Fault detection,"42,41,44,43,46","42,34,44,41,29",True,True,True,0.546,0.546,0.546,0.546,5,5,0,0,0.2967919799498747,0.352885623148781
1168,extraction_papers\ontocast_runs\run_remaining_222_gpt-5.6-luna_20260723_010000\output\facts_566d79f640d4.ttl,Fault feature extraction,"32,253,198,17,70","32,190,198,229,253",True,True,True,0.681,0.681,0.646,0.644,5,5,0,0,0.4459120955873182,0.607960927960928
1169,extraction_papers\ontocast_runs\run_remaining_222_gpt-5.6-luna_20260723_010000\output\facts_57c2c60f0151.ttl,Fault detection,"20,166,167,98,19","20,166,34,33,98",True,True,True,0.522,0.522,0.5206000000000001,0.5172000000000001,3,5,1,0,0.3391313131313131,0.3972444444444444
1170,extraction_papers\ontocast_runs\run_remaining_222_gpt-5.6-luna_20260723_010000\output\facts_5a974c9e2724.ttl,Health assessment,"213,221,188,7,177","213,173,221,193,104",True,True,True,0.609,0.609,0.5917999999999999,0.5898,4,5,1,0,0.3760111877565148,0.6092518676874309
1171,extraction_papers\ontocast_runs\run_remaining_222_gpt-5.6-luna_20260723_010000\output\facts_5c72dd41f880.ttl,Fault identification,"210,201,202,203,48","210,48,247,212,243",True,True,True,0.577,0.577,0.577,0.577,5,5,0,0,0.5280894698410694,0.6597099496709253
1172,extraction_papers\ontocast_runs\run_remaining_222_gpt-5.6-luna_20260723_010000\output\facts_5db748fcdacf.ttl,Fault identification,"203,189,201,202,176","203,201,210,189,243",True,True,True,0.523,0.523,0.5146,0.5138,5,5,0,0,0.5553233179180677,0.5800246043264912
1173,extraction_papers\ontocast_runs\run_remaining_222_gpt-5.6-luna_20260723_010000\output\facts_5dd9c7a4e0b1.ttl,Fault feature extraction,"32,253,198,70,17","32,190,198,229,235",True,True,True,0.574,0.574,0.5522,0.5354000000000001,5,5,0,0,0.44591209558731826,0.5967863247863249
1174,extraction_papers\ontocast_runs\run_remaining_222_gpt-5.6-luna_20260723_010000\output\facts_5e5dffc0405c.ttl,Fault detection,"98,42,41,44,43","98,42,44,34,41",True,True,True,0.536,0.536,0.5344,0.5344,5,5,0,0,0.30764828738512945,0.35107389686337054
1175,extraction_papers\ontocast_runs\run_remaining_222_gpt-5.6-luna_20260723_010000\output\facts_5ea2c4b65fc0.ttl,Remaining useful life estimation,"234,232,233,15,14","234,122,249,128,16",True,True,True,0.591,0.591,0.591,0.591,4,5,1,0,0.3189603238866397,0.5494555202976256
1176,extraction_papers\ontocast_runs\run_remaining_222_gpt-5.6-luna_20260723_010000\output\facts_602809aa5df4.ttl,One step future state forecast,"131,132,135,133,134","131,10,135,132,133",True,True,True,0.586,0.586,0.586,0.5849999999999999,5,5,0,0,0.24191316526610646,0.32854030501089326
1177,extraction_papers\ontocast_runs\run_remaining_222_gpt-5.6-luna_20260723_010000\output\facts_610c2c043112.ttl,Fault identification,"216,203,189,210,48","216,247,203,210,201",True,True,True,0.529,0.529,0.5178,0.5157999999999999,5,5,0,0,0.5927720886032206,0.6923406190245813
1178,extraction_papers\ontocast_runs\run_remaining_222_gpt-5.6-luna_20260723_010000\output\facts_638e55510273.ttl,Fault detection,"195,19,42,41,44","195,44,19,34,33",True,True,True,0.625,0.625,0.603,0.603,5,5,0,0,0.5184608428287213,0.5023265854420493
1179,extraction_papers\ontocast_runs\run_remaining_222_gpt-5.6-luna_20260723_010000\output\facts_63cfb09326c6.ttl,Fault detection,"215,19,200,20,175","215,200,166,19,42",True,True,True,0.506,0.506,0.5033999999999998,0.5029999999999999,4,5,1,0,0.3568833140543667,0.5435661268556005
1180,extraction_papers\ontocast_runs\run_remaining_222_gpt-5.6-luna_20260723_010000\output\facts_63d81f44a5a8.ttl,Fault detection,"42,41,44,43,46","42,200,34,44,166",True,True,True,0.53,0.53,0.53,0.53,5,5,0,0,0.2967919799498747,0.47091866028708146
1181,extraction_papers\ontocast_runs\run_remaining_222_gpt-5.6-luna_20260723_010000\output\facts_63ee7d0a864e.ttl,Remaining useful life estimation,"121,127,69,172,169","121,60,69,226,52",True,True,True,0.519,0.519,0.5174000000000001,0.5142,5,5,0,0,0.4163270090489603,0.5822034882912932
1182,extraction_papers\ontocast_runs\run_remaining_222_gpt-5.6-luna_20260723_010000\output\facts_644c5c2bc5e8.ttl,Fault detection,"98,42,41,44,43","98,42,44,34,41",True,True,True,0.536,0.536,0.5344,0.5344,5,5,0,0,0.30764828738512945,0.35107389686337054
1183,extraction_papers\ontocast_runs\run_remaining_222_gpt-5.6-luna_20260723_010000\output\facts_64e27135ed29.ttl,Fault detection,"230,215,195,218,245","230,211,166,218,72",True,True,True,0.552,0.552,0.523,0.5184,5,5,0,0,0.4538973981345116,0.6071577880114465
1184,extraction_papers\ontocast_runs\run_remaining_222_gpt-5.6-luna_20260723_010000\output\facts_65932973d86a.ttl,Fault feature extraction,"70,18,190,32,253","70,190,229,198,235",True,True,True,0.524,0.524,0.5122,0.5104,5,5,0,0,0.5414745524541229,0.605755152478044
1185,extraction_papers\ontocast_runs\run_remaining_222_gpt-5.6-luna_20260723_010000\output\facts_672e62c2debc.ttl,Fault detection,"195,230,42,41,44","195,44,230,34,20",True,True,True,0.6,0.6,0.5965999999999999,0.5965999999999999,5,5,0,0,0.5206490055431997,0.47140787391302846
1186,extraction_papers\ontocast_runs\run_remaining_222_gpt-5.6-luna_20260723_010000\output\facts_67da28787783.ttl,Remaining useful life estimation,"204,181,107,127,69","204,69,256,127,107",True,True,True,0.523,0.523,0.519,0.5174,5,5,0,0,0.553406234208589,0.5317155829569623
1187,extraction_papers\ontocast_runs\run_remaining_222_gpt-5.6-luna_20260723_010000\output\facts_67eacbaef38c.ttl,Fault detection,"19,72,215,200,175","19,211,218,166,215",True,True,True,0.524,0.524,0.5154,0.5112,5,5,0,0,0.34634324436795555,0.6097162559662559
1188,extraction_papers\ontocast_runs\run_remaining_222_gpt-5.6-luna_20260723_010000\output\facts_696621ed84be.ttl,Health assessment,"31,38,239,213,221","31,213,239,221,104",True,True,True,0.5,0.5,0.5,0.5,5,5,0,0,0.5621461887290472,0.5927769588210243
1189,extraction_papers\ontocast_runs\run_remaining_222_gpt-5.6-luna_20260723_010000\output\facts_6969dc93b9bb.ttl,Fault detection,"19,245,215,209,211","19,211,44,215,47",True,True,True,0.512,0.512,0.5112,0.5092000000000001,5,5,0,0,0.5229285714285714,0.5704924008739798
1190,extraction_papers\ontocast_runs\run_remaining_222_gpt-5.6-luna_20260723_010000\output\facts_6b2d7c4fe78f.ttl,Health assessment,"31,38,227,104,7","31,213,193,221,104",True,True,True,0.513,0.513,0.513,0.5105999999999999,5,5,0,0,0.5433933899685001,0.5800615447498526
1191,extraction_papers\ontocast_runs\run_remaining_222_gpt-5.6-luna_20260723_010000\output\facts_6ce9869fc1da.ttl,Health assessment,"31,38,104,7,177","31,213,239,104,221",True,True,True,0.605,0.605,0.6022,0.5923999999999999,4,5,1,0,0.4953851679929266,0.5927769588210243
1192,extraction_papers\ontocast_runs\run_remaining_222_gpt-5.6-luna_20260723_010000\output\facts_6d52613b3619.ttl,Fault detection,"98,209,42,41,44","98,209,42,44,34",True,True,True,0.501,0.501,0.5002,0.5002,5,5,0,0,0.4307435254803676,0.4510146578567632
1193,extraction_papers\ontocast_runs\run_remaining_222_gpt-5.6-luna_20260723_010000\output\facts_7024c526be02.ttl,Fault detection,"166,167,98,218,209","166,218,200,245,211",True,True,True,0.536,0.536,0.5252000000000001,0.5156,4,5,1,0,0.5002264402264402,0.6047261860946072
1194,extraction_papers\ontocast_runs\run_remaining_222_gpt-5.6-luna_20260723_010000\output\facts_70d54bc7cf1c.ttl,Fault detection,"72,215,209,211,191","72,218,44,211,230",True,True,True,0.525,0.525,0.513,0.5098,5,5,0,0,0.5327609071145656,0.6064306560648024
1195,extraction_papers\ontocast_runs\run_remaining_222_gpt-5.6-luna_20260723_010000\output\facts_70eda5da7729.ttl,Fault detection,"72,19,195,215,218","72,218,44,215,47",True,True,True,0.527,0.527,0.5144,0.51,5,5,0,0,0.5039957334035786,0.5656843656984865
1196,extraction_papers\ontocast_runs\run_remaining_222_gpt-5.6-luna_20260723_010000\output\facts_73edceab6847.ttl,Fault detection,"209,211,191,218,42","209,33,211,218,34",True,True,True,0.5,0.5,0.5,0.5,5,5,0,0,0.5685853629800998,0.6206324897324899
1197,extraction_papers\ontocast_runs\run_remaining_222_gpt-5.6-luna_20260723_010000\output\facts_76a7d852c8c9.ttl,Fault detection,"245,72,218,19,20","245,195,41,218,44",True,True,True,0.517,0.517,0.5130000000000001,0.5105999999999999,4,5,1,0,0.40020189701897024,0.5981280163135833
1198,extraction_papers\ontocast_runs\run_remaining_222_gpt-5.6-luna_20260723_010000\output\facts_781f5eb358bd.ttl,Fault feature extraction,"235,18,32,17,253","235,190,229,27,198",True,True,True,0.521,0.521,0.5126,0.5074,4,5,1,0,0.42593650793650795,0.5832307692307692
1199,extraction_papers\ontocast_runs\run_remaining_222_gpt-5.6-luna_20260723_010000\output\facts_784c635b412d.ttl,Remaining useful life estimation,"51,53,52,55,54","51,126,55,3,4",True,True,True,0.522,0.522,0.522,0.522,4,5,1,0,0.28709160571229536,0.4033877743803913
1200,extraction_papers\ontocast_runs\run_remaining_222_gpt-5.6-luna_20260723_010000\output\facts_785ddb1ecc01.ttl,Fault detection,"200,98,20,166,167","200,215,166,20,211",True,True,True,0.527,0.527,0.5182,0.5146,4,5,1,0,0.42464167995746943,0.594012595591543
1201,extraction_papers\ontocast_runs\run_remaining_222_gpt-5.6-luna_20260723_010000\output\facts_789d4e223de6.ttl,Fault detection,"230,245,218,215,42","230,41,218,34,44",True,True,True,0.508,0.508,0.5065999999999999,0.5058,5,5,0,0,0.45197937150568723,0.5295351315351315
1202,extraction_papers\ontocast_runs\run_remaining_222_gpt-5.6-luna_20260723_010000\output\facts_7936a6d31e36.ttl,Remaining useful life estimation,"59,58,60,207,208","59,207,60,35,36",True,True,True,0.518,0.518,0.518,0.518,5,5,0,0,0.49493479415200536,0.5409895079615322
1203,extraction_papers\ontocast_runs\run_remaining_222_gpt-5.6-luna_20260723_010000\output\facts_7ac79f3ecde7.ttl,Fault identification,"216,13,246,210,48","216,212,13,48,243",True,True,True,0.52,0.52,0.5164,0.5148,5,5,0,0,0.5640371794871795,0.6216562271062271
1204,extraction_papers\ontocast_runs\run_remaining_222_gpt-5.6-luna_20260723_010000\output\facts_7ba7791cad36.ttl,Fault identification,"216,252,243,244,238","216,247,243,192,210",True,True,True,0.519,0.519,0.5122,0.5094000000000001,4,5,1,0,0.4785408067542215,0.6672596866096867
1205,extraction_papers\ontocast_runs\run_remaining_222_gpt-5.6-luna_20260723_010000\output\facts_7d3afcd0b143.ttl,Health assessment,"239,153,154,193,73","239,104,7,73,173",True,True,True,0.533,0.533,0.5298,0.5146,4,5,1,0,0.3899738562091503,0.5961481481481481
1206,extraction_papers\ontocast_runs\run_remaining_222_gpt-5.6-luna_20260723_010000\output\facts_7d68dca0a95a.ttl,Remaining useful life estimation,"108,51,53,52,55","108,54,5,55,182",True,True,True,0.527,0.527,0.5198,0.5198,4,5,1,0,0.35367258794845,0.460783251231527
1207,extraction_papers\ontocast_runs\run_remaining_222_gpt-5.6-luna_20260723_010000\output\facts_7ee90e1dd3f8.ttl,Fault detection,"209,42,41,44,43","209,33,34,44,41",True,True,True,0.577,0.577,0.577,0.577,5,5,0,0,0.4394110275689223,0.4859203463203463
1208,extraction_papers\ontocast_runs\run_remaining_222_gpt-5.6-luna_20260723_010000\output\facts_7f3c33d3130b.ttl,Fault identification,"255,196,243,244,203","255,216,247,13,176",True,True,True,0.527,0.527,0.5152000000000001,0.5081999999999999,4,5,1,0,0.3894945632777368,0.680473178005965
1209,extraction_papers\ontocast_runs\run_remaining_222_gpt-5.6-luna_20260723_010000\output\facts_80160046114f.ttl,Fault feature extraction,"231,27,18,70,229","231,190,229,198,27",True,True,True,0.511,0.511,0.5065999999999999,0.5054000000000001,5,5,0,0,0.526950345737145,0.6081196581196583
1210,extraction_papers\ontocast_runs\run_remaining_222_gpt-5.6-luna_20260723_010000\output\facts_836811d75aa5.ttl,Remaining useful life estimation,"181,234,232,233,15","181,249,233,128,122",True,True,True,0.628,0.628,0.6176,0.6176,5,5,0,0,0.34178785425101216,0.5624635404635405
1211,extraction_papers\ontocast_runs\run_remaining_222_gpt-5.6-luna_20260723_010000\output\facts_842d44f1a21a.ttl,Fault identification,"13,246,196,201,202","13,247,202,212,246",True,True,True,0.517,0.517,0.5126,0.5111999999999999,5,5,0,0,0.5592300525561394,0.6670022626719339
1212,extraction_papers\ontocast_runs\run_remaining_222_gpt-5.6-luna_20260723_010000\output\facts_84f585c6cda9.ttl,One step future state forecast,"10,131,132,135,133","10,134,132,106,135",True,True,True,0.505,0.505,0.5042,0.5034,5,5,0,0,0.32854030501089326,0.3655148148148148
1213,extraction_papers\ontocast_runs\run_remaining_222_gpt-5.6-luna_20260723_010000\output\facts_8851ad1ea301.ttl,Fault detection,"215,175,245,166,167","215,200,166,218,211",True,True,True,0.509,0.509,0.5084,0.5074,4,5,1,0,0.4675501165501165,0.6198774544169281
1214,extraction_papers\ontocast_runs\run_remaining_222_gpt-5.6-luna_20260723_010000\output\facts_8871ed407bd4.ttl,Fault detection,"209,211,191,20,42","209,33,211,34,44",True,True,True,0.522,0.522,0.5192,0.5166000000000001,5,5,0,0,0.5561650279545016,0.5761606060606062
1215,extraction_papers\ontocast_runs\run_remaining_222_gpt-5.6-luna_20260723_010000\output\facts_8895eba68552.ttl,Fault detection,"215,200,245,20,230","215,200,166,218,20",True,True,True,0.593,0.593,0.59,0.588,5,5,0,0,0.40942543859649116,0.5840332985727723
1216,extraction_papers\ontocast_runs\run_remaining_222_gpt-5.6-luna_20260723_010000\output\facts_8931a2f90142.ttl,Fault detection,"72,195,175,200,20","72,44,47,41,42",True,True,True,0.527,0.527,0.5156000000000001,0.5126,5,5,0,0,0.19571428571428567,0.3943611467693624
1217,extraction_papers\ontocast_runs\run_remaining_222_gpt-5.6-luna_20260723_010000\output\facts_89721bc0ca3e.ttl,Fault detection,"209,42,41,44,43","209,33,34,44,41",True,True,True,0.5,0.5,0.5,0.5,5,5,0,0,0.4394110275689223,0.4859203463203463
1218,extraction_papers\ontocast_runs\run_remaining_222_gpt-5.6-luna_20260723_010000\output\facts_89e5b0acb912.ttl,Fault detection,"72,19,215,98,20","72,218,166,211,215",True,True,True,0.527,0.527,0.5120000000000001,0.5082000000000001,4,5,1,0,0.33530669466035323,0.6168215422788594
1219,extraction_papers\ontocast_runs\run_remaining_222_gpt-5.6-luna_20260723_010000\output\facts_8a066beed2f1.ttl,Health assessment,"213,188,173,31,38","213,173,221,193,104",True,True,True,0.523,0.523,0.5174000000000001,0.5148,5,5,0,0,0.5634360876789405,0.6092518676874309
1220,extraction_papers\ontocast_runs\run_remaining_222_gpt-5.6-luna_20260723_010000\output\facts_8ac5db464e7a.ttl,Health assessment,"73,221,239,153,154","73,193,7,227,213",True,True,True,0.51,0.51,0.5067999999999999,0.5056,4,5,1,0,0.3772721018231854,0.582271959954203
1221,extraction_papers\ontocast_runs\run_remaining_222_gpt-5.6-luna_20260723_010000\output\facts_8efd958c9afa.ttl,Fault identification,"252,203,189,243,244","252,189,212,13,243",True,True,True,0.546,0.546,0.5192,0.5154000000000001,4,5,1,0,0.4632673217256742,0.5661668155692545
1222,extraction_papers\ontocast_runs\run_remaining_222_gpt-5.6-luna_20260723_010000\output\facts_8fccbcfb2463.ttl,Remaining useful life estimation,"22,21,24,23,26","22,197,107,263,69",True,True,True,0.523,0.523,0.523,0.5154,3,5,1,0,0.16684210526315785,0.5845171664686072
1223,extraction_papers\ontocast_runs\run_remaining_222_gpt-5.6-luna_20260723_010000\output\facts_90157d8ccfad.ttl,Fault detection,"72,19,195,215,218","72,218,44,215,47",True,True,True,0.527,0.527,0.5144,0.51,5,5,0,0,0.5039957334035786,0.5656843656984865
1224,extraction_papers\ontocast_runs\run_remaining_222_gpt-5.6-luna_20260723_010000\output\facts_9087a6154225.ttl,Fault identification,"255,201,202,176,210","255,216,247,210,176",True,True,True,0.544,0.544,0.519,0.516,5,5,0,0,0.5672597801936718,0.680450584479273
1225,extraction_papers\ontocast_runs\run_remaining_222_gpt-5.6-luna_20260723_010000\output\facts_90a09225d19d.ttl,Remaining useful life estimation,"147,148,149,234,232","147,15,242,128,149",True,True,True,0.542,0.542,0.5388,0.5372,5,5,0,0,0.28929498164014683,0.5333735974443761
1226,extraction_papers\ontocast_runs\run_remaining_222_gpt-5.6-luna_20260723_010000\output\facts_90a74f6cecdf.ttl,Fault detection,"72,98,42,41,44","72,44,47,41,29",True,True,True,0.515,0.515,0.5109999999999999,0.5102,5,5,0,0,0.3933202110968478,0.39231854025307167
1227,extraction_papers\ontocast_runs\run_remaining_222_gpt-5.6-luna_20260723_010000\output\facts_92925fcec6f7.ttl,Fault feature extraction,"70,235,32,17,253","70,190,229,198,235",True,True,True,0.516,0.516,0.5119999999999999,0.5094000000000001,5,5,0,0,0.4278531267928859,0.605755152478044
1228,extraction_papers\ontocast_runs\run_remaining_222_gpt-5.6-luna_20260723_010000\output\facts_92bd1fa42ed6.ttl,Health assessment,"31,38,104,173,2","31,213,193,221,104",True,True,True,0.515,0.515,0.5146,0.5102000000000001,5,5,0,0,0.4775924031642117,0.5800615447498526
1229,extraction_papers\ontocast_runs\run_remaining_222_gpt-5.6-luna_20260723_010000\output\facts_92f84bca2575.ttl,Fault detection,"218,245,209,211,191","218,72,44,211,230",True,True,True,0.514,0.514,0.5109999999999999,0.5092,5,5,0,0,0.5130205535205536,0.6064306560648023
1230,extraction_papers\ontocast_runs\run_remaining_222_gpt-5.6-luna_20260723_010000\output\facts_93deedf6432c.ttl,Fault feature extraction,"190,27,229,235,70","190,70,229,198,235",True,True,True,0.513,0.513,0.5115999999999999,0.5098,5,5,0,0,0.5980641981846802,0.605755152478044
1231,extraction_papers\ontocast_runs\run_remaining_222_gpt-5.6-luna_20260723_010000\output\facts_94f305fad678.ttl,Fault detection,"42,41,44,43,46","42,72,215,44,34",True,True,True,0.546,0.546,0.546,0.5382000000000001,5,5,0,0,0.2967919799498747,0.49447069137537697
1232,extraction_papers\ontocast_runs\run_remaining_222_gpt-5.6-luna_20260723_010000\output\facts_96ba2247cc7b.ttl,Fault detection,"218,209,42,41,44","218,34,19,42,44",True,True,True,0.501,0.501,0.5002,0.5002,5,5,0,0,0.5477520724889147,0.5619777882935777
1233,extraction_papers\ontocast_runs\run_remaining_222_gpt-5.6-luna_20260723_010000\output\facts_96f54b4a2a75.ttl,Fault detection,"19,215,98,175,245","19,218,44,215,42",True,True,True,0.515,0.515,0.5115999999999999,0.508,5,5,0,0,0.39189346764346766,0.5459877257245679
1234,extraction_papers\ontocast_runs\run_remaining_222_gpt-5.6-luna_20260723_010000\output\facts_972bd570a912.ttl,Remaining useful life estimation,"35,37,36,28,30","35,36,115,37,30",True,True,True,0.546,0.546,0.546,0.546,4,5,1,0,0.2680996168582376,0.29012887495646117
1235,extraction_papers\ontocast_runs\run_remaining_222_gpt-5.6-luna_20260723_010000\output\facts_9a438d4a50c5.ttl,Fault identification,"196,210,48,50,49","196,201,247,210,243",True,True,True,0.507,0.507,0.5038,0.5032,5,5,0,0,0.57242662425294,0.66754477004477
1236,extraction_papers\ontocast_runs\run_remaining_222_gpt-5.6-luna_20260723_010000\output\facts_9b03a9e967eb.ttl,Fault detection,"230,195,166,167,42","230,41,195,34,44",True,True,True,0.517,0.517,0.5134,0.5117999999999999,4,5,1,0,0.478225326852565,0.4903532755903889
1237,extraction_papers\ontocast_runs\run_remaining_222_gpt-5.6-luna_20260723_010000\output\facts_9c3b24a4de9b.ttl,Health assessment,"213,31,38,104,188","213,227,221,193,104",True,True,True,0.504,0.504,0.504,0.503,5,5,0,0,0.5442510197203322,0.603223926999382
1238,extraction_papers\ontocast_runs\run_remaining_222_gpt-5.6-luna_20260723_010000\output\facts_9da3f1d26301.ttl,Fault detection,"42,41,44,43,46","42,230,34,44,41",True,True,True,0.532,0.532,0.532,0.5306,5,5,0,0,0.2967919799498747,0.4245729007834271
1239,extraction_papers\ontocast_runs\run_remaining_222_gpt-5.6-luna_20260723_010000\output\facts_9e6e93f2160c.ttl,Fault detection,"209,42,41,44,43","209,33,34,44,41",True,True,True,0.5,0.5,0.5,0.5,5,5,0,0,0.4394110275689223,0.4859203463203463
1240,extraction_papers\ontocast_runs\run_remaining_222_gpt-5.6-luna_20260723_010000\output\facts_9eec19823641.ttl,Fault detection,"209,211,191,19,245","209,42,211,215,72",True,True,True,0.591,0.591,0.5902000000000001,0.5878,5,5,0,0,0.5038876678876679,0.5960707847636602
1241,extraction_papers\ontocast_runs\run_remaining_222_gpt-5.6-luna_20260723_010000\output\facts_a0bdfe6195b5.ttl,Health assessment,"31,38,104,227,73","31,213,239,104,221",True,True,True,0.546,0.546,0.5316000000000001,0.5206000000000001,5,5,0,0,0.45733195455600073,0.5927769588210243
1242,extraction_papers\ontocast_runs\run_remaining_222_gpt-5.6-luna_20260723_010000\output\facts_a20b71e0f3db.ttl,Fault identification,"203,189,243,244,252","203,189,201,243,210",True,True,True,0.655,0.655,0.5924,0.5801999999999999,4,5,1,0,0.4632673217256742,0.5800246043264912
1243,extraction_papers\ontocast_runs\run_remaining_222_gpt-5.6-luna_20260723_010000\output\facts_a38ce9f66f1f.ttl,Fault detection,"230,218,19,200,195","230,211,42,218,72",True,True,True,0.519,0.519,0.5138,0.5092,5,5,0,0,0.44009794675692665,0.6092311532427065
1244,extraction_papers\ontocast_runs\run_remaining_222_gpt-5.6-luna_20260723_010000\output\facts_a39ad881a214.ttl,Fault detection,"98,42,41,44,43","98,42,44,34,41",True,True,True,0.536,0.536,0.5344,0.5344,5,5,0,0,0.30764828738512945,0.35107389686337054
1245,extraction_papers\ontocast_runs\run_remaining_222_gpt-5.6-luna_20260723_010000\output\facts_a3b399d2a36a.ttl,Fault identification,"252,201,202,176,203","252,247,210,212,189",True,True,True,0.59,0.59,0.529,0.5256,5,5,0,0,0.4137630279625868,0.6725538878465709
1246,extraction_papers\ontocast_runs\run_remaining_222_gpt-5.6-luna_20260723_010000\output\facts_a4e5fabfddd7.ttl,One step future state forecast,"131,132,106,10,135","131,10,135,132,133",True,True,True,0.577,0.577,0.577,0.577,5,5,0,0,0.34907363834422656,0.32854030501089326
1247,extraction_papers\ontocast_runs\run_remaining_222_gpt-5.6-luna_20260723_010000\output\facts_aa6451a77549.ttl,Fault identification,"210,201,202,203,48","210,48,247,212,243",True,True,True,0.577,0.577,0.577,0.577,5,5,0,0,0.5280894698410694,0.6597099496709253
1248,extraction_papers\ontocast_runs\run_remaining_222_gpt-5.6-luna_20260723_010000\output\facts_aae9846c0cba.ttl,Fault detection,"200,20,230,42,41","200,44,230,34,20",True,True,True,0.512,0.512,0.51,0.51,5,5,0,0,0.49961875843454784,0.4663034246455299
1249,extraction_papers\ontocast_runs\run_remaining_222_gpt-5.6-luna_20260723_010000\output\facts_aeb242bbc64f.ttl,One step future state forecast,"106,10,131,132,135","106,132,135,10,134",True,True,True,0.504,0.504,0.5025999999999999,0.5025999999999999,5,5,0,0,0.3490736383442266,0.3655148148148148
1250,extraction_papers\ontocast_runs\run_remaining_222_gpt-5.6-luna_20260723_010000\output\facts_af87d3fd9098.ttl,Fault detection,"215,166,167,200,98","215,200,166,218,211",True,True,True,0.523,0.523,0.5166000000000001,0.514,4,5,1,0,0.4931943524311945,0.6198774544169281
1251,extraction_papers\ontocast_runs\run_remaining_222_gpt-5.6-luna_20260723_010000\output\facts_af8bb19647a5.ttl,Fault detection,"230,42,41,44,43","230,41,200,34,19",True,True,True,0.517,0.517,0.5154000000000001,0.5136000000000001,5,5,0,0,0.38838538654328125,0.4638484235063182
1252,extraction_papers\ontocast_runs\run_remaining_222_gpt-5.6-luna_20260723_010000\output\facts_b14e095665e0.ttl,Health assessment,"227,31,38,221,104","227,213,221,193,104",True,True,True,0.516,0.516,0.5136,0.5119999999999999,5,5,0,0,0.4869005234140433,0.603223926999382
1253,extraction_papers\ontocast_runs\run_remaining_222_gpt-5.6-luna_20260723_010000\output\facts_b5683b42e377.ttl,Fault detection,"98,42,41,44,43","98,42,44,72,34",True,True,True,0.523,0.523,0.5166000000000001,0.5166000000000001,5,5,0,0,0.30764828738512945,0.39237183127812136
1254,extraction_papers\ontocast_runs\run_remaining_222_gpt-5.6-luna_20260723_010000\output\facts_b663b16ff991.ttl,Remaining useful life estimation,"22,21,24,23,26","22,184,223,121,75",True,True,True,0.513,0.513,0.513,0.509,3,5,1,0,0.16684210526315785,0.5770243267030452
1255,extraction_papers\ontocast_runs\run_remaining_222_gpt-5.6-luna_20260723_010000\output\facts_b7faba28aafe.ttl,Fault identification,"203,189,243,244,252","203,201,210,243,189",True,True,True,0.506,0.506,0.5048,0.5038,4,5,1,0,0.4632673217256742,0.5800246043264912
1256,extraction_papers\ontocast_runs\run_remaining_222_gpt-5.6-luna_20260723_010000\output\facts_ba8d3cc61f95.ttl,Fault detection,"72,98,42,41,44","72,44,47,41,29",True,True,True,0.515,0.515,0.5109999999999999,0.5102,5,5,0,0,0.3933202110968478,0.39231854025307167
1257,extraction_papers\ontocast_runs\run_remaining_222_gpt-5.6-luna_20260723_010000\output\facts_bcda1f1d73d1.ttl,Fault feature extraction,"18,229,32,17,253","18,229,70,190,27",True,True,True,0.515,0.515,0.5104,0.5076,4,5,1,0,0.521741784785263,0.6024185431005755
1258,extraction_papers\ontocast_runs\run_remaining_222_gpt-5.6-luna_20260723_010000\output\facts_bd459baa2840.ttl,Fault detection,"230,215,218,42,41","230,41,218,34,44",True,True,True,0.515,0.515,0.5122000000000001,0.5118,5,5,0,0,0.5161463755542703,0.5295351315351315
1259,extraction_papers\ontocast_runs\run_remaining_222_gpt-5.6-luna_20260723_010000\output\facts_bd8741b801f5.ttl,Fault identification,"247,210,48,50,49","247,238,49,212,13",True,True,True,0.53,0.53,0.5188,0.5172000000000001,5,5,0,0,0.6334748538011696,0.679337666398642
1260,extraction_papers\ontocast_runs\run_remaining_222_gpt-5.6-luna_20260723_010000\output\facts_c1421978e585.ttl,Fault detection,"98,230,72,195,209","98,211,215,209,42",True,True,True,0.506,0.506,0.503,0.502,5,5,0,0,0.3874935897435897,0.5799403958614484
1261,extraction_papers\ontocast_runs\run_remaining_222_gpt-5.6-luna_20260723_010000\output\facts_c1512a321cec.ttl,Health assessment,"213,31,38,104,173","213,173,221,104,193",True,True,True,0.527,0.527,0.5228,0.5172000000000001,5,5,0,0,0.5647640266911683,0.609251867687431
1262,extraction_papers\ontocast_runs\run_remaining_222_gpt-5.6-luna_20260723_010000\output\facts_c5eb67177d8f.ttl,Remaining useful life estimation,"75,74,76,157,158","75,226,157,74,127",True,True,True,0.552,0.552,0.5488000000000001,0.536,4,5,1,0,0.3313601953601954,0.47119257719257723
1263,extraction_papers\ontocast_runs\run_remaining_222_gpt-5.6-luna_20260723_010000\output\facts_c746f6b5ac4b.ttl,Health assessment,"188,7,177,227,239","188,227,104,193,38",True,True,True,0.546,0.546,0.5176000000000001,0.514,4,5,1,0,0.5038922493922494,0.5954527733967389
1264,extraction_papers\ontocast_runs\run_remaining_222_gpt-5.6-luna_20260723_010000\output\facts_c8483b99906a.ttl,Fault detection,"215,42,41,44,43","215,34,42,44,166",True,True,True,0.559,0.559,0.5358,0.5342,5,5,0,0,0.39560656448814346,0.4577961293092872
1265,extraction_papers\ontocast_runs\run_remaining_222_gpt-5.6-luna_20260723_010000\output\facts_cc6e8f194411.ttl,Fault detection,"42,41,44,43,46","42,34,44,41,29",True,True,True,0.546,0.546,0.546,0.546,5,5,0,0,0.2967919799498747,0.352885623148781
1266,extraction_papers\ontocast_runs\run_remaining_222_gpt-5.6-luna_20260723_010000\output\facts_cd64449792ac.ttl,Health assessment,"7,177,213,73,188","7,227,104,221,239",True,True,True,0.532,0.532,0.5229999999999999,0.5119999999999999,4,5,1,0,0.4102825552778824,0.6108508397061028
1267,extraction_papers\ontocast_runs\run_remaining_222_gpt-5.6-luna_20260723_010000\output\facts_ce64d01e6e6f.ttl,One step future state forecast,"106,131,132,135,133","106,132,135,10,134",True,True,True,0.582,0.582,0.5804,0.5804,5,5,0,0,0.2995798319327731,0.3655148148148148
1268,extraction_papers\ontocast_runs\run_remaining_222_gpt-5.6-luna_20260723_010000\output\facts_ce74b9389643.ttl,Fault detection,"42,41,44,43,46","42,195,215,34,44",True,True,True,0.515,0.515,0.515,0.5146000000000001,5,5,0,0,0.2967919799498747,0.5513122445920873
1269,extraction_papers\ontocast_runs\run_remaining_222_gpt-5.6-luna_20260723_010000\output\facts_cee29a015fdd.ttl,Remaining useful life estimation,"127,69,157,158,156","127,226,69,55,157",True,True,True,0.567,0.567,0.5622,0.5524,3,5,1,0,0.26573500329597893,0.51993281085964
1270,extraction_papers\ontocast_runs\run_remaining_222_gpt-5.6-luna_20260723_010000\output\facts_d080f31ebe42.ttl,Fault detection,"209,211,191,245,72","209,33,211,245,72",True,True,True,0.515,0.515,0.5138,0.5126000000000001,5,5,0,0,0.4980589133089133,0.5660427960927962
1271,extraction_papers\ontocast_runs\run_remaining_222_gpt-5.6-luna_20260723_010000\output\facts_d14f190f8d84.ttl,Fault identification,"252,243,244,201,202","252,210,212,216,243",True,True,True,0.534,0.534,0.5192,0.5156,4,5,1,0,0.3581264050901378,0.6026426963280622
1272,extraction_papers\ontocast_runs\run_remaining_222_gpt-5.6-luna_20260723_010000\output\facts_d1ed423c8259.ttl,Fault detection,"72,230,215,166,167","72,218,44,230,42",True,True,True,0.527,0.527,0.5124000000000001,0.5112,4,5,1,0,0.469986791663621,0.5723425355132672
1273,extraction_papers\ontocast_runs\run_remaining_222_gpt-5.6-luna_20260723_010000\output\facts_d30fb2476919.ttl,Health assessment,"221,188,31,38,104","221,239,7,104,31",True,True,True,0.519,0.519,0.5134000000000001,0.5118,5,5,0,0,0.4761469847406201,0.5903500277562428
1274,extraction_papers\ontocast_runs\run_remaining_222_gpt-5.6-luna_20260723_010000\output\facts_d3e0fb39267d.ttl,One step future state forecast,"10,106,131,132,135","10,134,132,106,135",True,True,True,0.588,0.588,0.5828,0.5828,5,5,0,0,0.3490736383442266,0.3655148148148148
1275,extraction_papers\ontocast_runs\run_remaining_222_gpt-5.6-luna_20260723_010000\output\facts_d5b6bf685d18.ttl,Fault detection,"72,175,218,20,230","72,218,211,42,230",True,True,True,0.52,0.52,0.5129999999999999,0.5102,5,5,0,0,0.4444149617320349,0.6092311532427066
1276,extraction_papers\ontocast_runs\run_remaining_222_gpt-5.6-luna_20260723_010000\output\facts_d640a2871d8b.ttl,Fault identification,"243,244,255,216,201","243,247,216,176,13",True,True,True,0.512,0.512,0.5104,0.508,4,5,1,0,0.5072857953521888,0.683497557997558
1277,extraction_papers\ontocast_runs\run_remaining_222_gpt-5.6-luna_20260723_010000\output\facts_d950a4f6fe1d.ttl,Remaining useful life estimation,"181,234,232,233,15","181,249,233,128,122",True,True,True,0.544,0.544,0.5351999999999999,0.5351999999999999,5,5,0,0,0.34178785425101216,0.5624635404635405
1278,extraction_papers\ontocast_runs\run_remaining_222_gpt-5.6-luna_20260723_010000\output\facts_db4663aa5cea.ttl,One step future state forecast,"10,106,131,132,135","10,134,132,106,135",True,True,True,0.51,0.51,0.5065999999999999,0.5065999999999999,5,5,0,0,0.3490736383442266,0.3655148148148148
1279,extraction_papers\ontocast_runs\run_remaining_222_gpt-5.6-luna_20260723_010000\output\facts_dbb9b16d8ee9.ttl,Fault detection,"20,166,167,200,72","20,166,34,200,33",True,True,True,0.525,0.525,0.5170000000000001,0.5154000000000001,4,5,1,0,0.43520139734035757,0.48291578947368424
1280,extraction_papers\ontocast_runs\run_remaining_222_gpt-5.6-luna_20260723_010000\output\facts_dcbe61b927e6.ttl,Fault detection,"20,19,72,209,211","20,211,44,215,42",True,True,True,0.51,0.51,0.5076,0.506,4,5,1,0,0.41088492063492066,0.5826962438146649
1281,extraction_papers\ontocast_runs\run_remaining_222_gpt-5.6-luna_20260723_010000\output\facts_de1cb3329ec1.ttl,Fault detection,"166,167,98,230,42","166,230,34,33,98",True,True,True,0.536,0.536,0.5254000000000001,0.5212000000000001,4,5,1,0,0.36271492250439624,0.39886122766122767
1282,extraction_papers\ontocast_runs\run_remaining_222_gpt-5.6-luna_20260723_010000\output\facts_de716dc27fa7.ttl,Fault identification,"196,243,244,252,201","196,201,210,243,189",True,True,True,0.52,0.52,0.5166000000000001,0.5142,4,5,1,0,0.4459049048512463,0.5828003663003662
1283,extraction_papers\ontocast_runs\run_remaining_222_gpt-5.6-luna_20260723_010000\output\facts_e037695a99e1.ttl,Fault detection,"166,167,98,19,200","166,218,200,19,47",True,True,True,0.512,0.512,0.5107999999999999,0.5085999999999999,4,5,1,0,0.42464167995746943,0.5586070625281152
1284,extraction_papers\ontocast_runs\run_remaining_222_gpt-5.6-luna_20260723_010000\output\facts_e0743ee6959c.ttl,Remaining useful life estimation,"157,158,156,234,232","157,16,122,242,249",True,True,True,0.518,0.518,0.5176000000000001,0.5172,3,5,1,0,0.2937894736842105,0.5790520252694166
1285,extraction_papers\ontocast_runs\run_remaining_222_gpt-5.6-luna_20260723_010000\output\facts_e48593a3eb5c.ttl,Fault detection,"42,41,44,43,46","42,34,44,19,41",True,True,True,0.681,0.681,0.681,0.6638,5,5,0,0,0.2967919799498747,0.43297448165869223
1286,extraction_papers\ontocast_runs\run_remaining_222_gpt-5.6-luna_20260723_010000\output\facts_e58918e79d02.ttl,Fault detection,"230,195,42,41,44","230,41,195,34,44",True,True,True,0.51,0.51,0.5058,0.5058,5,5,0,0,0.5206490055431997,0.4903532755903889
1287,extraction_papers\ontocast_runs\run_remaining_222_gpt-5.6-luna_20260723_010000\output\facts_e72f4c699cc9.ttl,Fault detection,"209,42,41,44,43","209,33,34,44,41",True,True,True,0.509,0.509,0.509,0.509,5,5,0,0,0.4394110275689223,0.4859203463203463
1288,extraction_papers\ontocast_runs\run_remaining_222_gpt-5.6-luna_20260723_010000\output\facts_e8f9b6381397.ttl,Fault feature extraction,"32,253,198,17,70","32,190,198,229,235",True,True,True,0.546,0.546,0.5308,0.5204000000000001,5,5,0,0,0.4459120955873182,0.5967863247863249
1289,extraction_papers\ontocast_runs\run_remaining_222_gpt-5.6-luna_20260723_010000\output\facts_e9c8c3223f44.ttl,Health assessment,"239,153,154,193,227","239,104,7,31,221",True,True,True,0.524,0.524,0.5236000000000001,0.5092000000000001,4,5,1,0,0.3726143790849673,0.5903500277562428
1290,extraction_papers\ontocast_runs\run_remaining_222_gpt-5.6-luna_20260723_010000\output\facts_e9d5f1b2e212.ttl,Remaining useful life estimation,"147,148,149,237,8","147,15,208,242,149",True,True,True,0.511,0.511,0.5098,0.5082000000000001,5,5,0,0,0.3854179651552727,0.5754157601052311
1291,extraction_papers\ontocast_runs\run_remaining_222_gpt-5.6-luna_20260723_010000\output\facts_ea8987a8d571.ttl,Fault detection,"19,20,245,175,230","19,44,34,230,33",True,True,True,0.597,0.597,0.5952,0.5831999999999999,4,5,1,0,0.2847142857142857,0.45906280386280385
1292,extraction_papers\ontocast_runs\run_remaining_222_gpt-5.6-luna_20260723_010000\output\facts_ea9c09b2de43.ttl,Health assessment,"221,73,188,227,31","221,239,7,227,104",True,True,True,0.546,0.546,0.5306000000000001,0.5196,5,5,0,0,0.40906977862520977,0.610850839706103
1293,extraction_papers\ontocast_runs\run_remaining_222_gpt-5.6-luna_20260723_010000\output\facts_eaacd0db92a8.ttl,Remaining useful life estimation,"22,21,24,23,26","22,263,147,92,149",True,True,True,0.521,0.521,0.521,0.5174000000000001,3,5,1,0,0.16684210526315785,0.4689275805793554
1294,extraction_papers\ontocast_runs\run_remaining_222_gpt-5.6-luna_20260723_010000\output\facts_eea52ea5e5f8.ttl,Fault detection,"166,167,98,20,230","166,200,230,34,20",True,True,True,0.593,0.593,0.5913999999999999,0.5893999999999999,4,5,1,0,0.3815135975135976,0.4679393325972273
1295,extraction_papers\ontocast_runs\run_remaining_222_gpt-5.6-luna_20260723_010000\output\facts_f0482c0aba6b.ttl,Fault feature extraction,"70,32,253,198,190","70,190,229,198,235",True,True,True,0.52,0.52,0.5156000000000001,0.5109999999999999,5,5,0,0,0.5374717919296232,0.605755152478044
1296,extraction_papers\ontocast_runs\run_remaining_222_gpt-5.6-luna_20260723_010000\output\facts_f04bcb2fbf2a.ttl,Fault detection,"98,209,42,41,44","98,209,42,44,34",True,True,True,0.501,0.501,0.5002,0.5002,5,5,0,0,0.4307435254803676,0.4510146578567632
1297,extraction_papers\ontocast_runs\run_remaining_222_gpt-5.6-luna_20260723_010000\output\facts_f30058b0f53d.ttl,Fault detection,"215,175,72,209,42","215,34,209,42,44",True,True,True,0.512,0.512,0.5107999999999999,0.5095999999999999,5,5,0,0,0.48314892884180427,0.5499869209737631
1298,extraction_papers\ontocast_runs\run_remaining_222_gpt-5.6-luna_20260723_010000\output\facts_f3fb4db14771.ttl,Fault identification,"255,201,202,176,243","255,216,247,176,210",True,True,True,0.512,0.512,0.5094,0.5064,5,5,0,0,0.5111352094804696,0.680450584479273
1299,extraction_papers\ontocast_runs\run_remaining_222_gpt-5.6-luna_20260723_010000\output\facts_f446d26fb265.ttl,Fault feature extraction,"32,253,198,17,27","32,190,229,198,235",True,True,True,0.515,0.515,0.5122,0.5077999999999999,5,5,0,0,0.4506625258799172,0.5967863247863248
1300,extraction_papers\ontocast_runs\run_remaining_222_gpt-5.6-luna_20260723_010000\output\facts_f47132de814d.ttl,Fault detection,"215,42,41,44,43","215,34,19,42,44",True,True,True,0.509,0.509,0.509,0.509,5,5,0,0,0.39560656448814346,0.49655333701386334
1301,extraction_papers\ontocast_runs\run_remaining_222_gpt-5.6-luna_20260723_010000\output\facts_f4da830ae406.ttl,Health modelling,"224,164,165,254,57","224,12,254,205,87",True,True,True,0.607,0.607,0.6016,0.5502,4,5,1,0,0.25199999999999995,0.5649331501831502
1302,extraction_papers\ontocast_runs\run_remaining_222_gpt-5.6-luna_20260723_010000\output\facts_f5578a4ce5d7.ttl,Health assessment,"173,2,221,7,73","173,213,221,239,104",True,True,True,0.517,0.517,0.5136,0.5094000000000001,5,5,0,0,0.4306101364522418,0.621040567810612
1303,extraction_papers\ontocast_runs\run_remaining_222_gpt-5.6-luna_20260723_010000\output\facts_f63a5b74e9e3.ttl,Remaining useful life estimation,"263,262,107,8,178","263,92,197,107,69",True,True,True,0.511,0.511,0.5092000000000001,0.5074,3,5,1,0,0.1744718309859155,0.5799928475412075
1304,extraction_papers\ontocast_runs\run_remaining_222_gpt-5.6-luna_20260723_010000\output\facts_f78baf4da1fb.ttl,Fault detection,"230,245,218,175,166","230,211,166,218,72",True,True,True,0.509,0.509,0.5064,0.5052000000000001,5,5,0,0,0.5200240592740594,0.6071577880114465
1305,extraction_papers\ontocast_runs\run_remaining_222_gpt-5.6-luna_20260723_010000\output\facts_fa07e1bcf7c7.ttl,Remaining useful life estimation,"107,108,204,223,181","107,223,172,222,8",True,True,True,0.532,0.532,0.524,0.518,4,5,1,0,0.42784084880636614,0.5546894523640518
1306,extraction_papers\ontocast_runs\run_remaining_222_gpt-5.6-luna_20260723_010000\output\facts_fa16148c05bc.ttl,One step future state forecast,"106,10,131,132,135","106,132,135,10,134",True,True,True,0.508,0.508,0.5034000000000001,0.5034000000000001,5,5,0,0,0.3490736383442266,0.3655148148148148
1307,extraction_papers\ontocast_runs\run_remaining_222_gpt-5.6-luna_20260723_010000\output\facts_fb2d996f709c.ttl,Health assessment,"188,221,31,38,227","188,227,104,193,38",True,True,True,0.579,0.579,0.5252000000000001,0.5238,5,5,0,0,0.46249821612884895,0.5954527733967389
1308,extraction_papers\ontocast_runs\run_remaining_222_gpt-5.6-luna_20260723_010000\output\facts_fc31dfbeb7ef.ttl,Health assessment,"31,38,239,213,221","31,213,239,221,104",True,True,True,0.707,0.707,0.707,0.707,5,5,0,0,0.5621461887290472,0.5927769588210243
1309,extraction_papers\ontocast_runs\run_remaining_500_gpt-5.6-luna_20260723_010000\output\facts_0096a913292f.ttl,Fault detection,"72,230,215,166,167","72,218,44,230,42",True,True,True,0.527,0.527,0.5124000000000001,0.5112,4,5,1,0,0.469986791663621,0.5723425355132672
1310,extraction_papers\ontocast_runs\run_remaining_500_gpt-5.6-luna_20260723_010000\output\facts_00ab9259d632.ttl,Health assessment,"73,221,188,239,153","73,193,7,104,227",True,True,True,0.552,0.552,0.5216000000000001,0.5166000000000001,5,5,0,0,0.42093982837326493,0.5934131054131054
1311,extraction_papers\ontocast_runs\run_remaining_500_gpt-5.6-luna_20260723_010000\output\facts_01f4534b1ddc.ttl,Fault detection,"20,166,167,98,19","20,166,34,33,98",True,True,True,0.522,0.522,0.5206000000000001,0.5172000000000001,3,5,1,0,0.3391313131313131,0.3972444444444444
1312,extraction_papers\ontocast_runs\run_remaining_500_gpt-5.6-luna_20260723_010000\output\facts_030f9dbc9a6c.ttl,Fault identification,"252,203,189,243,244","252,189,212,13,243",True,True,True,0.546,0.546,0.5192,0.5154000000000001,4,5,1,0,0.4632673217256742,0.5661668155692545
1313,extraction_papers\ontocast_runs\run_remaining_500_gpt-5.6-luna_20260723_010000\output\facts_0446eae59bd2.ttl,Fault detection,"175,215,20,98,72","175,218,166,230,209",True,True,True,0.512,0.512,0.5071999999999999,0.5044000000000001,5,5,0,0,0.3496336177372762,0.5611332833832834
1314,extraction_papers\ontocast_runs\run_remaining_500_gpt-5.6-luna_20260723_010000\output\facts_04a33d766a3e.ttl,Fault detection,"166,167,98,20,209","166,209,211,98,42",True,True,True,0.587,0.587,0.5578,0.5418000000000001,4,5,1,0,0.40155555555555555,0.5441169210906052
1315,extraction_papers\ontocast_runs\run_remaining_500_gpt-5.6-luna_20260723_010000\output\facts_051b4353fd33.ttl,Fault identification,"247,201,202,243,244","247,201,13,203,243",True,True,True,0.521,0.521,0.5194000000000001,0.5174000000000001,4,5,1,0,0.553387922705314,0.6666995000806322
1316,extraction_papers\ontocast_runs\run_remaining_500_gpt-5.6-luna_20260723_010000\output\facts_051b9bcaaf19.ttl,Remaining useful life estimation,"223,59,58,60,127","223,108,172,208,69",True,True,True,0.514,0.514,0.5132,0.51,5,5,0,0,0.3994259534541948,0.5865197698556951
1317,extraction_papers\ontocast_runs\run_remaining_500_gpt-5.6-luna_20260723_010000\output\facts_05bf96b62766.ttl,Fault detection,"166,200,72,98,209","166,200,218,245,211",True,True,True,0.522,0.522,0.5115999999999999,0.5094,5,5,0,0,0.43064416908864916,0.6047261860946072
1318,extraction_papers\ontocast_runs\run_remaining_500_gpt-5.6-luna_20260723_010000\output\facts_060ba91eb20d.ttl,Fault detection,"72,175,218,20,230","72,218,211,42,230",True,True,True,0.52,0.52,0.5129999999999999,0.5102,5,5,0,0,0.4444149617320349,0.6092311532427066
1319,extraction_papers\ontocast_runs\run_remaining_500_gpt-5.6-luna_20260723_010000\output\facts_064b58fba9ee.ttl,Fault feature extraction,"32,253,198,17,70","32,190,198,229,235",True,True,True,0.546,0.546,0.5308,0.5204000000000001,5,5,0,0,0.4459120955873182,0.5967863247863249
1320,extraction_papers\ontocast_runs\run_remaining_500_gpt-5.6-luna_20260723_010000\output\facts_06b9ca1cf6ae.ttl,Fault detection,"218,209,42,41,44","218,34,19,42,44",True,True,True,0.578,0.578,0.5771999999999999,0.5771999999999999,5,5,0,0,0.5477520724889147,0.5619777882935777
1321,extraction_papers\ontocast_runs\run_remaining_500_gpt-5.6-luna_20260723_010000\output\facts_09ed4e3bae46.ttl,Fault detection,"42,41,44,43,46","42,34,44,41,29",True,True,True,0.664,0.664,0.664,0.664,5,5,0,0,0.2967919799498747,0.352885623148781
1322,extraction_papers\ontocast_runs\run_remaining_500_gpt-5.6-luna_20260723_010000\output\facts_0a47efc026a6.ttl,Remaining useful life estimation,"35,37,36,28,30","35,36,115,37,30",True,True,True,0.664,0.664,0.664,0.664,4,5,1,0,0.2680996168582376,0.29012887495646117
1323,extraction_papers\ontocast_runs\run_remaining_500_gpt-5.6-luna_20260723_010000\output\facts_0b1b96e4b652.ttl,Fault detection,"98,218,209,42,41","98,218,209,42,44",True,True,True,0.501,0.501,0.5004,0.5004,5,5,0,0,0.5261062913694493,0.5263485637169848
1324,extraction_papers\ontocast_runs\run_remaining_500_gpt-5.6-luna_20260723_010000\output\facts_0c664880dd3c.ttl,Fault detection,"230,166,167,98,218","230,41,218,34,20",True,True,True,0.514,0.514,0.5134000000000001,0.5094,4,5,1,0,0.47389876789876795,0.5334317904317903
1325,extraction_papers\ontocast_runs\run_remaining_500_gpt-5.6-luna_20260723_010000\output\facts_0d2ec18f11d1.ttl,Health assessment,"31,38,104,221,213","31,213,193,104,221",True,True,True,0.533,0.533,0.527,0.5216000000000001,5,5,0,0,0.5106008661321741,0.5800615447498526
1326,extraction_papers\ontocast_runs\run_remaining_500_gpt-5.6-luna_20260723_010000\output\facts_0d60969295f2.ttl,Fault identification,"243,244,210,48,50","243,176,216,212,13",True,True,True,0.518,0.518,0.5132,0.5108,4,5,1,0,0.4919929824561403,0.6211681929181928
1327,extraction_papers\ontocast_runs\run_remaining_500_gpt-5.6-luna_20260723_010000\output\facts_0e1b49678af8.ttl,Remaining useful life estimation,"181,234,232,233,15","181,249,233,128,122",True,True,True,0.544,0.544,0.5351999999999999,0.5351999999999999,5,5,0,0,0.34178785425101216,0.5624635404635405
1328,extraction_papers\ontocast_runs\run_remaining_500_gpt-5.6-luna_20260723_010000\output\facts_0e4481a7eb0c.ttl,Fault detection,"20,42,41,44,43","20,44,34,230,33",True,True,True,0.521,0.521,0.5178,0.5178,5,5,0,0,0.3828822055137845,0.45906280386280385
1329,extraction_papers\ontocast_runs\run_remaining_500_gpt-5.6-luna_20260723_010000\output\facts_0eb43578e68e.ttl,Remaining useful life estimation,"75,74,76,157,158","75,15,242,74,157",True,True,True,0.583,0.583,0.5606,0.5482,4,5,1,0,0.3313601953601954,0.5563018527366355
1330,extraction_papers\ontocast_runs\run_remaining_500_gpt-5.6-luna_20260723_010000\output\facts_0f60e5da0843.ttl,Remaining useful life estimation,"256,8,178,107,147","256,60,222,208,172",True,True,True,0.527,0.527,0.5194,0.517,4,5,1,0,0.4231699176615426,0.5999723654138098
1331,extraction_papers\ontocast_runs\run_remaining_500_gpt-5.6-luna_20260723_010000\output\facts_10d6023c44c9.ttl,Fault feature extraction,"18,229,32,253,198","18,229,253,190,235",True,True,True,0.53,0.53,0.5258,0.5196,5,5,0,0,0.5450682168073472,0.596696607740086
1332,extraction_papers\ontocast_runs\run_remaining_500_gpt-5.6-luna_20260723_010000\output\facts_1184fed954d3.ttl,Fault detection,"72,230,215,166,167","72,218,44,230,42",True,True,True,0.527,0.527,0.5124000000000001,0.5112,4,5,1,0,0.469986791663621,0.5723425355132672
1333,extraction_papers\ontocast_runs\run_remaining_500_gpt-5.6-luna_20260723_010000\output\facts_121f202550f5.ttl,Fault detection,"20,42,41,44,43","20,44,215,34,33",True,True,True,0.517,0.517,0.5146000000000001,0.5146000000000001,5,5,0,0,0.3828822055137845,0.49213228438228435
1334,extraction_papers\ontocast_runs\run_remaining_500_gpt-5.6-luna_20260723_010000\output\facts_1323e03ba2da.ttl,Remaining useful life estimation,"92,157,158,156,204","92,204,184,69,157",True,True,True,0.559,0.559,0.5306,0.523,3,5,1,0,0.3877666295057599,0.5867080874822126
1335,extraction_papers\ontocast_runs\run_remaining_500_gpt-5.6-luna_20260723_010000\output\facts_1343234cf080.ttl,Fault detection,"98,42,41,44,43","98,42,44,34,41",True,True,True,0.536,0.536,0.5344,0.5344,5,5,0,0,0.30764828738512945,0.35107389686337054
1336,extraction_papers\ontocast_runs\run_remaining_500_gpt-5.6-luna_20260723_010000\output\facts_14222ad185b5.ttl,Fault detection,"42,41,44,43,46","42,72,215,44,34",True,True,True,0.546,0.546,0.546,0.538,5,5,0,0,0.2967919799498747,0.49447069137537697
1337,extraction_papers\ontocast_runs\run_remaining_500_gpt-5.6-luna_20260723_010000\output\facts_150ec758bcaf.ttl,Fault feature extraction,"231,18,17,190,32","231,190,229,198,235",True,True,True,0.533,0.533,0.5124,0.5092000000000001,4,5,1,0,0.5082912353347135,0.6022783882783883
1338,extraction_papers\ontocast_runs\run_remaining_500_gpt-5.6-luna_20260723_010000\output\facts_15133eb05d65.ttl,Remaining useful life estimation,"181,234,232,233,15","181,249,233,128,122",True,True,True,0.544,0.544,0.5351999999999999,0.5351999999999999,5,5,0,0,0.34178785425101216,0.5624635404635405
1339,extraction_papers\ontocast_runs\run_remaining_500_gpt-5.6-luna_20260723_010000\output\facts_152d6e89992d.ttl,Health assessment,"31,38,239,213,221","31,213,239,221,104",True,True,True,0.577,0.577,0.577,0.577,5,5,0,0,0.5621461887290472,0.5927769588210243
1340,extraction_papers\ontocast_runs\run_remaining_500_gpt-5.6-luna_20260723_010000\output\facts_16497921a57e.ttl,Remaining useful life estimation,"35,37,36,28,30","35,36,115,37,30",True,True,True,0.515,0.515,0.515,0.515,4,5,1,0,0.2680996168582376,0.29012887495646117
1341,extraction_papers\ontocast_runs\run_remaining_500_gpt-5.6-luna_20260723_010000\output\facts_16bcae5566a3.ttl,Fault detection,"72,195,19,215,166","72,215,44,46,42",True,True,True,0.527,0.527,0.515,0.509,5,5,0,0,0.4925037313913979,0.4723329606850147
1342,extraction_papers\ontocast_runs\run_remaining_500_gpt-5.6-luna_20260723_010000\output\facts_1763f50408fc.ttl,Fault feature extraction,"70,32,253,229,198","70,190,229,198,235",True,True,True,0.516,0.516,0.5152000000000001,0.5106,5,5,0,0,0.5104201421068891,0.605755152478044
1343,extraction_papers\ontocast_runs\run_remaining_500_gpt-5.6-luna_20260723_010000\output\facts_183dfb997644.ttl,Remaining useful life estimation,"204,256,181,223,107","204,222,256,184,169",True,True,True,0.517,0.517,0.515,0.511,5,5,0,0,0.45649602122015914,0.561760504363203
1344,extraction_papers\ontocast_runs\run_remaining_500_gpt-5.6-luna_20260723_010000\output\facts_195833fe582a.ttl,Fault detection,"195,215,166,167,98","195,215,166,218,20",True,True,True,0.52,0.52,0.5132000000000001,0.5119999999999999,4,5,1,0,0.49110039330657884,0.579756756702633
1345,extraction_papers\ontocast_runs\run_remaining_500_gpt-5.6-luna_20260723_010000\output\facts_19c140c61889.ttl,Fault detection,"195,19,200,72,215","195,44,215,19,34",True,True,True,0.527,0.527,0.5194,0.5164,5,5,0,0,0.3884074602208312,0.5398423028861172
1346,extraction_papers\ontocast_runs\run_remaining_500_gpt-5.6-luna_20260723_010000\output\facts_1a10e2b11331.ttl,Health assessment,"213,31,38,104,221","213,173,221,193,104",True,True,True,0.504,0.504,0.504,0.5034,5,5,0,0,0.5106008661321743,0.6092518676874309
1347,extraction_papers\ontocast_runs\run_remaining_500_gpt-5.6-luna_20260723_010000\output\facts_1a68d0cb7455.ttl,Fault detection,"215,19,72,245,218","215,200,44,218,19",True,True,True,0.598,0.598,0.5908,0.5882,5,5,0,0,0.46719357336430506,0.5826408971145813
1348,extraction_papers\ontocast_runs\run_remaining_500_gpt-5.6-luna_20260723_010000\output\facts_1bb0c9c81b25.ttl,Fault identification,"203,189,238,255,13","203,50,247,210,216",True,True,True,0.521,0.521,0.5176000000000001,0.513,5,5,0,0,0.5099314872157432,0.6853603026676512
1349,extraction_papers\ontocast_runs\run_remaining_500_gpt-5.6-luna_20260723_010000\output\facts_1e2a219145c1.ttl,Fault detection,"215,209,211,191,19","215,200,44,211,19",True,True,True,0.526,0.526,0.5156000000000001,0.5136,5,5,0,0,0.5412725885225884,0.597670699183857
1350,extraction_papers\ontocast_runs\run_remaining_500_gpt-5.6-luna_20260723_010000\output\facts_1e8aafd3522f.ttl,Remaining useful life estimation,"127,69,157,158,156","127,226,69,55,157",True,True,True,0.567,0.567,0.5561999999999999,0.5516,3,5,1,0,0.26573500329597893,0.51993281085964
1351,extraction_papers\ontocast_runs\run_remaining_500_gpt-5.6-luna_20260723_010000\output\facts_1f3407b2861d.ttl,Fault detection,"218,166,167,98,209","218,34,166,209,33",True,True,True,0.506,0.506,0.5056,0.5048,4,5,1,0,0.5002264402264404,0.5931355311355311
1352,extraction_papers\ontocast_runs\run_remaining_500_gpt-5.6-luna_20260723_010000\output\facts_1f9fe4910c47.ttl,Fault detection,"215,166,167,72,209","215,200,166,218,211",True,True,True,0.518,0.518,0.5114,0.509,4,5,1,0,0.5281532918301212,0.6198774544169281
1353,extraction_papers\ontocast_runs\run_remaining_500_gpt-5.6-luna_20260723_010000\output\facts_219ab79cc639.ttl,One step future state forecast,"131,132,135,133,134","131,10,135,132,133",True,True,True,0.502,0.502,0.502,0.502,5,5,0,0,0.24191316526610646,0.32854030501089326
1354,extraction_papers\ontocast_runs\run_remaining_500_gpt-5.6-luna_20260723_010000\output\facts_22ec0f660993.ttl,Fault detection,"200,42,41,44,43","200,44,34,33,41",True,True,True,0.547,0.547,0.5286000000000001,0.5286000000000001,5,5,0,0,0.44875939849624064,0.4612727272727272
1355,extraction_papers\ontocast_runs\run_remaining_500_gpt-5.6-luna_20260723_010000\output\facts_24007ac0747b.ttl,Health assessment,"221,213,239,153,154","221,239,7,104,173",True,True,True,0.64,0.64,0.6055999999999999,0.5986,4,5,1,0,0.5267071805035912,0.6130130829209777
1356,extraction_papers\ontocast_runs\run_remaining_500_gpt-5.6-luna_20260723_010000\output\facts_2422d523644d.ttl,Fault feature extraction,"32,253,198,17,235","32,198,229,253,190",True,True,True,0.664,0.664,0.6036,0.6022000000000001,5,5,0,0,0.4523768115942029,0.6079609279609278
1357,extraction_papers\ontocast_runs\run_remaining_500_gpt-5.6-luna_20260723_010000\output\facts_2426b80bfc88.ttl,Remaining useful life estimation,"226,59,58,60,127","226,60,69,55,127",True,True,True,0.664,0.664,0.6038,0.5846,5,5,0,0,0.4646996887279301,0.575651336139141
1358,extraction_papers\ontocast_runs\run_remaining_500_gpt-5.6-luna_20260723_010000\output\facts_24cab02c15db.ttl,Remaining useful life estimation,"234,232,233,15,14","234,122,249,128,16",True,True,True,0.689,0.689,0.689,0.689,4,5,1,0,0.3189603238866397,0.5494555202976256
1359,extraction_papers\ontocast_runs\run_remaining_500_gpt-5.6-luna_20260723_010000\output\facts_24ffaa57f421.ttl,Fault detection,"200,98,20,166,167","200,215,166,20,211",True,True,True,0.527,0.527,0.5182,0.5146,4,5,1,0,0.42464167995746943,0.594012595591543
1360,extraction_papers\ontocast_runs\run_remaining_500_gpt-5.6-luna_20260723_010000\output\facts_263c01111d8a.ttl,Remaining useful life estimation,"51,53,52,55,54","51,207,204,36,55",True,True,True,0.577,0.577,0.577,0.577,4,5,1,0,0.28709160571229536,0.541168684973563
1361,extraction_papers\ontocast_runs\run_remaining_500_gpt-5.6-luna_20260723_010000\output\facts_26a11fd4b51b.ttl,Fault identification,"252,203,189,243,244","252,189,212,13,243",True,True,True,0.546,0.546,0.5192,0.5154000000000001,4,5,1,0,0.4632673217256742,0.5661668155692545
1362,extraction_papers\ontocast_runs\run_remaining_500_gpt-5.6-luna_20260723_010000\output\facts_26e4ffeefb6d.ttl,Remaining useful life estimation,"157,158,156,181,263","157,16,122,242,232",True,True,True,0.512,0.512,0.5118,0.5112000000000001,3,5,1,0,0.44423076923076915,0.5482300064542628
1363,extraction_papers\ontocast_runs\run_remaining_500_gpt-5.6-luna_20260723_010000\output\facts_27cb1e0555b0.ttl,Fault detection,"166,167,195,218,42","166,218,195,34,33",True,True,True,0.513,0.513,0.5118,0.5109999999999999,4,5,1,0,0.5557693509239902,0.5844061519236776
1364,extraction_papers\ontocast_runs\run_remaining_500_gpt-5.6-luna_20260723_010000\output\facts_2815645b7cbe.ttl,Remaining useful life estimation,"234,232,233,15,14","234,122,249,128,16",True,True,True,0.621,0.621,0.621,0.621,4,5,1,0,0.3189603238866397,0.5494555202976256
1365,extraction_papers\ontocast_runs\run_remaining_500_gpt-5.6-luna_20260723_010000\output\facts_28d4f3a6e1f1.ttl,Fault detection,"200,209,211,191,20","200,44,218,245,211",True,True,True,0.512,0.512,0.5046000000000002,0.504,5,5,0,0,0.41734798534798523,0.6059416489942806
1366,extraction_papers\ontocast_runs\run_remaining_500_gpt-5.6-luna_20260723_010000\output\facts_298c665878c6.ttl,Health assessment,"173,31,38,104,239","173,213,221,193,104",True,True,True,0.603,0.603,0.5898,0.5875999999999999,5,5,0,0,0.5417539931027642,0.6092518676874309
1367,extraction_papers\ontocast_runs\run_remaining_500_gpt-5.6-luna_20260723_010000\output\facts_298f27adbe6f.ttl,Fault detection,"98,42,41,44,43","98,42,44,72,34",True,True,True,0.523,0.523,0.5166000000000001,0.5166000000000001,5,5,0,0,0.30764828738512945,0.39237183127812136
1368,extraction_papers\ontocast_runs\run_remaining_500_gpt-5.6-luna_20260723_010000\output\facts_299a4858fcac.ttl,Fault detection,"98,42,41,44,43","98,42,44,72,34",True,True,True,0.523,0.523,0.5166000000000001,0.5166000000000001,5,5,0,0,0.30764828738512945,0.39237183127812136
1369,extraction_papers\ontocast_runs\run_remaining_500_gpt-5.6-luna_20260723_010000\output\facts_29c4059c39b3.ttl,Fault detection,"175,209,211,191,72","175,218,211,44,230",True,True,True,0.52,0.52,0.5132,0.509,5,5,0,0,0.4234239926739926,0.6046794871794872
1370,extraction_papers\ontocast_runs\run_remaining_500_gpt-5.6-luna_20260723_010000\output\facts_2a096148f97a.ttl,Fault detection,"42,41,44,43,46","42,215,34,44,41",True,True,True,0.536,0.536,0.536,0.5334000000000001,5,5,0,0,0.2967919799498747,0.44770641639062686
1371,extraction_papers\ontocast_runs\run_remaining_500_gpt-5.6-luna_20260723_010000\output\facts_2b2f3b0fbef2.ttl,Fault detection,"42,41,44,43,46","42,34,44,41,29",True,True,True,0.546,0.546,0.546,0.546,5,5,0,0,0.2967919799498747,0.352885623148781
1372,extraction_papers\ontocast_runs\run_remaining_500_gpt-5.6-luna_20260723_010000\output\facts_2cdc9fa9a911.ttl,One step future state forecast,"131,132,106,10,135","131,10,135,132,133",True,True,True,0.707,0.707,0.707,0.707,5,5,0,0,0.34907363834422656,0.32854030501089326
1373,extraction_papers\ontocast_runs\run_remaining_500_gpt-5.6-luna_20260723_010000\output\facts_2d027f687e40.ttl,Fault feature extraction,"32,253,198,17,70","32,190,198,229,235",True,True,True,0.546,0.546,0.5308,0.5204000000000001,5,5,0,0,0.4459120955873182,0.5967863247863249
1374,extraction_papers\ontocast_runs\run_remaining_500_gpt-5.6-luna_20260723_010000\output\facts_2d1f80cc6e1e.ttl,Health assessment,"221,2,7,177,213","221,239,7,104,227",True,True,True,0.513,0.513,0.5114,0.5094000000000001,4,5,1,0,0.47131826956359674,0.610850839706103
1375,extraction_papers\ontocast_runs\run_remaining_500_gpt-5.6-luna_20260723_010000\output\facts_2dd9e9da5c51.ttl,Fault detection,"230,195,42,41,44","230,41,195,34,44",True,True,True,0.544,0.544,0.5212,0.5212,5,5,0,0,0.5206490055431997,0.4903532755903889
1376,extraction_papers\ontocast_runs\run_remaining_500_gpt-5.6-luna_20260723_010000\output\facts_2fbf5e63a063.ttl,Health assessment,"227,173,73,188,7","227,213,221,193,104",True,True,True,0.51,0.51,0.5088,0.505,5,5,0,0,0.5348232160732161,0.603223926999382
1377,extraction_papers\ontocast_runs\run_remaining_500_gpt-5.6-luna_20260723_010000\output\facts_2fffa8e3c121.ttl,Fault identification,"210,201,202,203,48","210,48,247,212,243",True,True,True,0.5,0.5,0.5,0.5,5,5,0,0,0.5280894698410694,0.6597099496709253
1378,extraction_papers\ontocast_runs\run_remaining_500_gpt-5.6-luna_20260723_010000\output\facts_300bec1895bb.ttl,Fault feature extraction,"32,253,198,17,235","32,198,229,253,190",True,True,True,0.664,0.664,0.6036,0.6022000000000001,5,5,0,0,0.4523768115942029,0.6079609279609278
1379,extraction_papers\ontocast_runs\run_remaining_500_gpt-5.6-luna_20260723_010000\output\facts_3134f3073462.ttl,One step future state forecast,"131,132,135,133,134","131,135,132,133,10",True,True,True,0.601,0.601,0.601,0.5818,5,5,0,0,0.24191316526610646,0.32854030501089326
1380,extraction_papers\ontocast_runs\run_remaining_500_gpt-5.6-luna_20260723_010000\output\facts_32153205f0de.ttl,Fault detection,"209,211,191,230,20","209,166,211,215,230",True,True,True,0.518,0.518,0.5172000000000001,0.515,5,5,0,0,0.4867765567765566,0.5878951881451882
1381,extraction_papers\ontocast_runs\run_remaining_500_gpt-5.6-luna_20260723_010000\output\facts_333a61490d9a.ttl,Fault detection,"209,42,41,44,43","209,33,34,44,41",True,True,True,0.577,0.577,0.577,0.577,5,5,0,0,0.4394110275689223,0.4859203463203463
1382,extraction_papers\ontocast_runs\run_remaining_500_gpt-5.6-luna_20260723_010000\output\facts_3367603e1de4.ttl,Health assessment,"73,221,213,188,2","73,193,213,104,227",True,True,True,0.543,0.543,0.5262,0.5182,5,5,0,0,0.34854670329670334,0.5958116462976275
1383,extraction_papers\ontocast_runs\run_remaining_500_gpt-5.6-luna_20260723_010000\output\facts_3422fae673a8.ttl,Health assessment,"73,173,7,177,221","73,7,239,104,173",True,True,True,0.527,0.527,0.5156000000000001,0.513,4,5,1,0,0.48357309941520465,0.5961481481481481
1384,extraction_papers\ontocast_runs\run_remaining_500_gpt-5.6-luna_20260723_010000\output\facts_349274f02790.ttl,Health assessment,"239,153,154,193,73","239,104,7,73,173",True,True,True,0.533,0.533,0.5298,0.5146,4,5,1,0,0.3899738562091503,0.5961481481481481
1385,extraction_papers\ontocast_runs\run_remaining_500_gpt-5.6-luna_20260723_010000\output\facts_35282e71f229.ttl,Remaining useful life estimation,"59,58,60,226,256","59,60,226,256,58",True,False,True,0.688,0.688,0.669,0.6689999999999999,5,5,0,0,0.5075457504507568,0.5075457504507568
1386,extraction_papers\ontocast_runs\run_remaining_500_gpt-5.6-luna_20260723_010000\output\facts_357f2a5efd31.ttl,Remaining useful life estimation,"121,237,92,197,51","121,5,197,54,51",True,True,True,0.612,0.612,0.5968,0.5968,5,5,0,0,0.5249986013986013,0.5674750904268147
1387,extraction_papers\ontocast_runs\run_remaining_500_gpt-5.6-luna_20260723_010000\output\facts_35d46030058b.ttl,Fault feature extraction,"32,253,198,17,70","32,190,198,229,235",True,True,True,0.546,0.546,0.5308,0.5204000000000001,5,5,0,0,0.4459120955873182,0.5967863247863249
1388,extraction_papers\ontocast_runs\run_remaining_500_gpt-5.6-luna_20260723_010000\output\facts_35f4e74709d7.ttl,Fault detection,"166,167,98,42,41","166,34,98,167,42",True,True,True,0.68,0.68,0.5952,0.5952000000000001,4,4,1,1,0.28563530037214246,0.32378522062732584
1389,extraction_papers\ontocast_runs\run_remaining_500_gpt-5.6-luna_20260723_010000\output\facts_35fbd08f2630.ttl,Health assessment,"213,31,38,104,188","213,227,221,193,104",True,True,True,0.504,0.504,0.504,0.503,5,5,0,0,0.5442510197203322,0.603223926999382
1390,extraction_papers\ontocast_runs\run_remaining_500_gpt-5.6-luna_20260723_010000\output\facts_36936b01fb2e.ttl,Remaining useful life estimation,"35,37,36,28,30","35,36,115,37,30",True,True,True,0.546,0.546,0.546,0.546,4,5,1,0,0.2680996168582376,0.29012887495646117
1391,extraction_papers\ontocast_runs\run_remaining_500_gpt-5.6-luna_20260723_010000\output\facts_36f43f0025e1.ttl,Fault identification,"203,189,247,252,210","203,201,247,210,189",True,True,True,0.533,0.533,0.5234,0.5218,5,5,0,0,0.6444189998016505,0.6821499182159559
1392,extraction_papers\ontocast_runs\run_remaining_500_gpt-5.6-luna_20260723_010000\output\facts_370ee13a9424.ttl,Fault detection,"166,167,98,19,200","166,218,200,215,211",True,True,True,0.595,0.595,0.5925999999999999,0.5882,4,5,1,0,0.42464167995746943,0.6198774544169281
1393,extraction_papers\ontocast_runs\run_remaining_500_gpt-5.6-luna_20260723_010000\output\facts_37b40ef255db.ttl,Fault detection,"20,245,218,209,211","20,211,218,44,215",True,True,True,0.511,0.511,0.5102,0.5092,5,5,0,0,0.5272539682539683,0.6101617826617826
1394,extraction_papers\ontocast_runs\run_remaining_500_gpt-5.6-luna_20260723_010000\output\facts_39be8c540085.ttl,Fault identification,"210,201,202,203,48","210,48,247,212,243",True,True,True,0.5,0.5,0.5,0.5,5,5,0,0,0.5280894698410694,0.6597099496709253
1395,extraction_papers\ontocast_runs\run_remaining_500_gpt-5.6-luna_20260723_010000\output\facts_3a8e507554e8.ttl,Remaining useful life estimation,"155,225,108,222,169","155,60,222,208,197",True,True,True,0.517,0.517,0.513,0.5118,5,5,0,0,0.4019225520929375,0.6275743462171416
1396,extraction_papers\ontocast_runs\run_remaining_500_gpt-5.6-luna_20260723_010000\output\facts_3ab66fb2201d.ttl,One step future state forecast,"131,132,135,133,134","131,10,135,132,133",True,True,True,0.512,0.512,0.512,0.5102,5,5,0,0,0.24191316526610646,0.32854030501089326
1397,extraction_papers\ontocast_runs\run_remaining_500_gpt-5.6-luna_20260723_010000\output\facts_3b586abe39e1.ttl,Remaining useful life estimation,"234,232,233,15,14","234,122,249,128,16",True,True,True,0.689,0.689,0.689,0.689,4,5,1,0,0.3189603238866397,0.5494555202976256
1398,extraction_papers\ontocast_runs\run_remaining_500_gpt-5.6-luna_20260723_010000\output\facts_3b8c5a111f6c.ttl,Multiple steps future state forecast,"130,129,11,220,228","130,228,101,220,139",True,True,True,0.504,0.504,0.503,0.502,5,5,0,0,0.542608152958153,0.5661682465044533
1399,extraction_papers\ontocast_runs\run_remaining_500_gpt-5.6-luna_20260723_010000\output\facts_3bc301582762.ttl,Fault detection,"42,41,44,43,46","42,195,34,44,41",True,True,True,0.574,0.574,0.574,0.5693999999999999,5,5,0,0,0.2967919799498747,0.48022479817162395
1400,extraction_papers\ontocast_runs\run_remaining_500_gpt-5.6-luna_20260723_010000\output\facts_3c011fe3aee5.ttl,Fault detection,"19,72,209,211,215","19,211,44,215,46",True,True,True,0.524,0.524,0.5098,0.5088,5,5,0,0,0.5188329461866047,0.5735546398046398
1401,extraction_papers\ontocast_runs\run_remaining_500_gpt-5.6-luna_20260723_010000\output\facts_3c4c829f2331.ttl,One step future state forecast,"106,131,132,10,135","106,132,135,10,134",True,True,True,0.5,0.5,0.5,0.5,5,5,0,0,0.34907363834422656,0.3655148148148148
1402,extraction_papers\ontocast_runs\run_remaining_500_gpt-5.6-luna_20260723_010000\output\facts_3d97e1f5a45b.ttl,Fault detection,"200,166,167,98,230","200,166,230,211,20",True,True,True,0.527,0.527,0.5151999999999999,0.5124000000000001,4,5,1,0,0.4395239643397538,0.5484547616126563
1403,extraction_papers\ontocast_runs\run_remaining_500_gpt-5.6-luna_20260723_010000\output\facts_3da2913bf9c8.ttl,Remaining useful life estimation,"181,234,232,233,15","181,249,233,128,122",True,True,True,0.628,0.628,0.6176,0.6176,5,5,0,0,0.34178785425101216,0.5624635404635405
1404,extraction_papers\ontocast_runs\run_remaining_500_gpt-5.6-luna_20260723_010000\output\facts_3e17bc99fa2c.ttl,Remaining useful life estimation,"181,234,232,233,15","181,249,233,128,122",True,True,True,0.544,0.544,0.5351999999999999,0.5351999999999999,5,5,0,0,0.34178785425101216,0.5624635404635405
1405,extraction_papers\ontocast_runs\run_remaining_500_gpt-5.6-luna_20260723_010000\output\facts_3e3e77a4b84b.ttl,Fault detection,"218,245,230,42,41","218,34,42,245,44",True,True,True,0.528,0.528,0.5156,0.5138,5,5,0,0,0.49874725274725273,0.5337816569395517
1406,extraction_papers\ontocast_runs\run_remaining_500_gpt-5.6-luna_20260723_010000\output\facts_3ec47bcaffeb.ttl,Health assessment,"221,31,38,239,213","221,239,7,104,227",True,True,True,0.514,0.514,0.5092000000000001,0.5086,5,5,0,0,0.5621461887290474,0.610850839706103
1407,extraction_papers\ontocast_runs\run_remaining_500_gpt-5.6-luna_20260723_010000\output\facts_3f833cb4f599.ttl,Remaining useful life estimation,"35,37,36,28,30","35,36,115,37,30",True,True,True,0.685,0.685,0.685,0.685,4,5,1,0,0.2680996168582376,0.29012887495646117
1408,extraction_papers\ontocast_runs\run_remaining_500_gpt-5.6-luna_20260723_010000\output\facts_3f8ba96123e4.ttl,Fault detection,"72,20,230,175,42","72,44,230,47,41",True,True,True,0.511,0.511,0.5098,0.5096,5,5,0,0,0.3800882659274828,0.44494248755095994
1409,extraction_papers\ontocast_runs\run_remaining_500_gpt-5.6-luna_20260723_010000\output\facts_3f9a289d14e7.ttl,Fault identification,"255,196,247,210,48","255,216,247,13,50",True,True,True,0.514,0.514,0.5117999999999999,0.51,5,5,0,0,0.6280427163607492,0.6853987172112712
1410,extraction_papers\ontocast_runs\run_remaining_500_gpt-5.6-luna_20260723_010000\output\facts_3fc569199c15.ttl,Health assessment,"239,153,154,193,7","239,104,7,31,221",True,True,True,0.597,0.597,0.596,0.5883999999999999,4,5,1,0,0.4645664488017429,0.5903500277562428
1411,extraction_papers\ontocast_runs\run_remaining_500_gpt-5.6-luna_20260723_010000\output\facts_4015a44e79dd.ttl,Fault identification,"203,255,189,216,196","203,201,247,210,216",True,True,True,0.524,0.524,0.5224,0.5164,5,5,0,0,0.5312353213597414,0.6923406190245812
1412,extraction_papers\ontocast_runs\run_remaining_500_gpt-5.6-luna_20260723_010000\output\facts_41383d7ce5b4.ttl,Fault identification,"255,252,201,202,176","255,216,247,13,176",True,True,True,0.512,0.512,0.5071999999999999,0.5048,5,5,0,0,0.44522344729889535,0.680473178005965
1413,extraction_papers\ontocast_runs\run_remaining_500_gpt-5.6-luna_20260723_010000\output\facts_42209aa8ee1b.ttl,Remaining useful life estimation,"35,37,36,28,30","35,36,115,37,30",True,True,True,0.546,0.546,0.546,0.546,4,5,1,0,0.2680996168582376,0.29012887495646117
1414,extraction_papers\ontocast_runs\run_remaining_500_gpt-5.6-luna_20260723_010000\output\facts_42de4fbdda0f.ttl,Health assessment,"31,38,104,173,227","31,213,193,104,173",True,True,True,0.515,0.515,0.5122,0.5084,5,5,0,0,0.4891651566518588,0.6149870205797826
1415,extraction_papers\ontocast_runs\run_remaining_500_gpt-5.6-luna_20260723_010000\output\facts_43094ea664ab.ttl,Fault detection,"200,98,209,211,191","200,215,166,218,211",True,True,True,0.53,0.53,0.518,0.5136000000000001,5,5,0,0,0.41984065934065934,0.6198774544169281
1416,extraction_papers\ontocast_runs\run_remaining_500_gpt-5.6-luna_20260723_010000\output\facts_454514024d48.ttl,Remaining useful life estimation,"181,234,232,233,15","181,249,233,128,122",True,True,True,0.544,0.544,0.5351999999999999,0.5351999999999999,5,5,0,0,0.34178785425101216,0.5624635404635405
1417,extraction_papers\ontocast_runs\run_remaining_500_gpt-5.6-luna_20260723_010000\output\facts_459413046140.ttl,Fault feature extraction,"190,17,235,70,18","190,70,229,198,235",True,True,True,0.529,0.529,0.5202,0.5144,4,5,1,0,0.49798448452193866,0.605755152478044
1418,extraction_papers\ontocast_runs\run_remaining_500_gpt-5.6-luna_20260723_010000\output\facts_459ef212549b.ttl,Fault detection,"98,209,211,191,72","98,218,211,215,209",True,True,True,0.519,0.519,0.5174,0.5144,5,5,0,0,0.4702176434676435,0.575776862026862
1419,extraction_papers\ontocast_runs\run_remaining_500_gpt-5.6-luna_20260723_010000\output\facts_45f5df6effd5.ttl,Fault detection,"42,41,44,43,46","42,20,34,44,166",True,True,True,0.534,0.534,0.534,0.5302,5,5,0,0,0.2967919799498747,0.44143540669856457
1420,extraction_papers\ontocast_runs\run_remaining_500_gpt-5.6-luna_20260723_010000\output\facts_4634bb445c64.ttl,Fault detection,"209,211,191,20,166","209,166,211,33,44",True,True,True,0.518,0.518,0.5152,0.5122,5,5,0,0,0.5603436563436562,0.57415772005772
1421,extraction_papers\ontocast_runs\run_remaining_500_gpt-5.6-luna_20260723_010000\output\facts_464a329c89ed.ttl,Health assessment,"31,38,104,227,73","31,213,239,104,221",True,True,True,0.546,0.546,0.5316000000000001,0.5206000000000001,5,5,0,0,0.45733195455600073,0.5927769588210243
1422,extraction_papers\ontocast_runs\run_remaining_500_gpt-5.6-luna_20260723_010000\output\facts_46f189ae61aa.ttl,Remaining useful life estimation,"75,74,76,35,37","75,35,74,36,119",True,True,True,0.589,0.589,0.5882,0.5878,5,5,0,0,0.311501326259947,0.374710875331565
1423,extraction_papers\ontocast_runs\run_remaining_500_gpt-5.6-luna_20260723_010000\output\facts_473c53917748.ttl,Remaining useful life estimation,"59,58,60,237,223","59,60,120,30,237",True,True,True,0.517,0.517,0.515,0.5132000000000001,5,5,0,0,0.37922344322344326,0.43430769230769234
1424,extraction_papers\ontocast_runs\run_remaining_500_gpt-5.6-luna_20260723_010000\output\facts_47473d80f1bc.ttl,Remaining useful life estimation,"108,223,127,69,35","108,223,30,69,120",True,True,True,0.505,0.505,0.5044,0.5044,5,5,0,0,0.5192237925963747,0.530523186186769
1425,extraction_papers\ontocast_runs\run_remaining_500_gpt-5.6-luna_20260723_010000\output\facts_4793bc961674.ttl,Fault identification,"252,255,243,244,210","252,210,212,216,255",True,True,True,0.515,0.515,0.5076,0.5072,4,5,1,0,0.45926766055482576,0.6286912914931706
1426,extraction_papers\ontocast_runs\run_remaining_500_gpt-5.6-luna_20260723_010000\output\facts_47ca90cdb761.ttl,Fault detection,"215,200,42,41,44","215,200,44,34,19",True,True,True,0.529,0.529,0.5256000000000001,0.5238,5,5,0,0,0.5436605937921728,0.5327483437615016
1427,extraction_papers\ontocast_runs\run_remaining_500_gpt-5.6-luna_20260723_010000\output\facts_4809b62a29f9.ttl,Fault identification,"210,48,50,49,212","210,48,212,216,243",True,True,True,0.529,0.529,0.529,0.5234,5,5,0,0,0.5878796157059314,0.6275808302808303
1428,extraction_papers\ontocast_runs\run_remaining_500_gpt-5.6-luna_20260723_010000\output\facts_485f337ce59a.ttl,Fault detection,"200,215,166,167,209","200,215,166,218,211",True,True,True,0.521,0.521,0.516,0.5154,4,5,1,0,0.5618851061219482,0.6198774544169281
1429,extraction_papers\ontocast_runs\run_remaining_500_gpt-5.6-luna_20260723_010000\output\facts_4bb1cfbc8210.ttl,Fault identification,"243,244,238,255,196","243,247,216,196,13",True,True,True,0.517,0.517,0.514,0.5107999999999999,4,5,1,0,0.4280983606557377,0.6744193121693123
1430,extraction_papers\ontocast_runs\run_remaining_500_gpt-5.6-luna_20260723_010000\output\facts_4be70ad87e4e.ttl,Fault detection,"215,166,167,72,209","215,200,166,218,211",True,True,True,0.518,0.518,0.5114,0.509,4,5,1,0,0.5281532918301212,0.6198774544169281
1431,extraction_papers\ontocast_runs\run_remaining_500_gpt-5.6-luna_20260723_010000\output\facts_4d28a57d03c1.ttl,Health assessment,"213,221,239,153,154","213,173,221,193,104",True,True,True,0.508,0.508,0.5064,0.5046,4,5,1,0,0.5267071805035912,0.6092518676874309
1432,extraction_papers\ontocast_runs\run_remaining_500_gpt-5.6-luna_20260723_010000\output\facts_4e71fb4e3664.ttl,Fault detection,"42,41,44,43,46","42,209,211,34,44",True,True,True,0.534,0.534,0.534,0.532,5,5,0,0,0.2967919799498747,0.5775079744816587
1433,extraction_papers\ontocast_runs\run_remaining_500_gpt-5.6-luna_20260723_010000\output\facts_500c2ab9d345.ttl,Remaining useful life estimation,"35,37,36,28,30","35,36,115,37,30",True,True,True,0.767,0.767,0.767,0.767,4,5,1,0,0.2680996168582376,0.29012887495646117
1434,extraction_papers\ontocast_runs\run_remaining_500_gpt-5.6-luna_20260723_010000\output\facts_503cf7b88b30.ttl,Fault detection,"200,209,211,215,191","200,215,166,218,211",True,True,True,0.513,0.513,0.5074,0.5058,5,5,0,0,0.4855994312704839,0.6198774544169281
1435,extraction_papers\ontocast_runs\run_remaining_500_gpt-5.6-luna_20260723_010000\output\facts_51e1661fff3e.ttl,Remaining useful life estimation,"121,107,147,148,149","121,223,149,226,170",True,True,True,0.511,0.511,0.511,0.5098,5,5,0,0,0.37365661587810745,0.5675337995337996
1436,extraction_papers\ontocast_runs\run_remaining_500_gpt-5.6-luna_20260723_010000\output\facts_51f7076121ce.ttl,Fault detection,"42,41,44,43,46","42,34,44,41,29",True,True,True,0.546,0.546,0.546,0.546,5,5,0,0,0.2967919799498747,0.352885623148781
1437,extraction_papers\ontocast_runs\run_remaining_500_gpt-5.6-luna_20260723_010000\output\facts_527d8ef6ead9.ttl,Fault detection,"98,42,41,44,43","98,42,44,72,34",True,True,True,0.523,0.523,0.5166000000000001,0.5166000000000001,5,5,0,0,0.30764828738512945,0.39237183127812136
1438,extraction_papers\ontocast_runs\run_remaining_500_gpt-5.6-luna_20260723_010000\output\facts_52acf1d0fb1d.ttl,Fault detection,"42,41,44,43,46","42,34,44,41,29",True,True,True,0.534,0.534,0.534,0.534,5,5,0,0,0.2967919799498747,0.352885623148781
1439,extraction_papers\ontocast_runs\run_remaining_500_gpt-5.6-luna_20260723_010000\output\facts_535a0e7a6856.ttl,Fault detection,"72,195,19,175,215","72,215,44,46,42",True,True,True,0.527,0.527,0.5208,0.509,5,5,0,0,0.3558327542250725,0.4723329606850147
1440,extraction_papers\ontocast_runs\run_remaining_500_gpt-5.6-luna_20260723_010000\output\facts_5370a9fac5bd.ttl,Fault detection,"20,166,167,175,209","20,211,218,166,215",True,True,True,0.515,0.515,0.5136000000000001,0.5098,4,5,1,0,0.44780402930402924,0.6097162559662559
1441,extraction_papers\ontocast_runs\run_remaining_500_gpt-5.6-luna_20260723_010000\output\facts_54609ac6592d.ttl,Health assessment,"213,173,2,188,7","213,173,221,193,104",True,True,True,0.552,0.552,0.5176000000000001,0.5146,5,5,0,0,0.5501643055451467,0.6092518676874309
1442,extraction_papers\ontocast_runs\run_remaining_500_gpt-5.6-luna_20260723_010000\output\facts_56314cfda697.ttl,Fault identification,"216,13,246,243,244","216,247,243,13,192",True,True,True,0.523,0.523,0.5149999999999999,0.5124000000000001,4,5,1,0,0.5120576923076923,0.6701096866096866
1443,extraction_papers\ontocast_runs\run_remaining_500_gpt-5.6-luna_20260723_010000\output\facts_56ac328411a3.ttl,Remaining useful life estimation,"75,74,76,157,158","75,15,242,74,157",True,True,True,0.583,0.583,0.5606,0.5482,4,5,1,0,0.3313601953601954,0.5563018527366355
1444,extraction_papers\ontocast_runs\run_remaining_500_gpt-5.6-luna_20260723_010000\output\facts_5730dc8ec3cf.ttl,Health assessment,"227,173,188,7,177","227,213,221,239,104",True,True,True,0.51,0.51,0.509,0.5054000000000001,4,5,1,0,0.5317478192478193,0.615901516011452
1445,extraction_papers\ontocast_runs\run_remaining_500_gpt-5.6-luna_20260723_010000\output\facts_57f6c0a78093.ttl,Remaining useful life estimation,"107,82,81,84,83","107,122,123,81,95",True,True,True,0.536,0.536,0.5232,0.5176000000000001,3,5,1,0,0.29414482758620697,0.5641883627744229
1446,extraction_papers\ontocast_runs\run_remaining_500_gpt-5.6-luna_20260723_010000\output\facts_58bf3f32b151.ttl,Fault detection,"19,20,230,218,245","19,218,44,215,34",True,True,True,0.52,0.52,0.5156000000000001,0.5122,4,5,1,0,0.3678412698412699,0.5698473748473748
1447,extraction_papers\ontocast_runs\run_remaining_500_gpt-5.6-luna_20260723_010000\output\facts_5902718d1d09.ttl,Fault identification,"216,196,247,203,252","216,247,196,13,243",True,True,True,0.523,0.523,0.5192,0.5172,5,5,0,0,0.5731737351380701,0.6744193121693123
1448,extraction_papers\ontocast_runs\run_remaining_500_gpt-5.6-luna_20260723_010000\output\facts_5b5707c091a8.ttl,Fault detection,"42,41,44,43,46","42,34,44,41,29",True,True,True,0.546,0.546,0.546,0.546,5,5,0,0,0.2967919799498747,0.352885623148781
1449,extraction_papers\ontocast_runs\run_remaining_500_gpt-5.6-luna_20260723_010000\output\facts_5bfd1659a6f9.ttl,Health assessment,"221,73,188,31,38","221,239,7,104,31",True,True,True,0.539,0.539,0.5244,0.516,5,5,0,0,0.3669711944939384,0.5903500277562428
1450,extraction_papers\ontocast_runs\run_remaining_500_gpt-5.6-luna_20260723_010000\output\facts_5c12913d931e.ttl,Fault detection,"166,167,98,42,41","166,34,98,42,44",True,True,True,0.655,0.655,0.5852,0.5589999999999999,4,5,1,0,0.28563530037214246,0.3562519936204147
1451,extraction_papers\ontocast_runs\run_remaining_500_gpt-5.6-luna_20260723_010000\output\facts_5dcff467006b.ttl,Fault detection,"209,42,41,44,43","209,33,34,44,41",True,True,True,0.707,0.707,0.707,0.707,5,5,0,0,0.4394110275689223,0.4859203463203463
1452,extraction_papers\ontocast_runs\run_remaining_500_gpt-5.6-luna_20260723_010000\output\facts_5e70f0903857.ttl,Fault detection,"245,98,218,200,42","245,200,41,218,34",True,True,True,0.517,0.517,0.5136000000000001,0.5118,5,5,0,0,0.555927575348628,0.5634384738068949
1453,extraction_papers\ontocast_runs\run_remaining_500_gpt-5.6-luna_20260723_010000\output\facts_5e7e0d3a4eac.ttl,One step future state forecast,"106,10,131,132,135","106,132,135,10,134",True,True,True,0.508,0.508,0.5025999999999999,0.5025999999999999,5,5,0,0,0.3490736383442266,0.3655148148148148
1454,extraction_papers\ontocast_runs\run_remaining_500_gpt-5.6-luna_20260723_010000\output\facts_5ea657695774.ttl,Fault detection,"20,175,42,41,44","20,44,34,33,41",True,True,True,0.522,0.522,0.5174000000000001,0.5164000000000001,5,5,0,0,0.429201609793715,0.4320060606060606
1455,extraction_papers\ontocast_runs\run_remaining_500_gpt-5.6-luna_20260723_010000\output\facts_5f1c730ffac3.ttl,Fault detection,"209,42,41,44,43","209,33,34,44,41",True,True,True,0.577,0.577,0.577,0.577,5,5,0,0,0.4394110275689223,0.4859203463203463
1456,extraction_papers\ontocast_runs\run_remaining_500_gpt-5.6-luna_20260723_010000\output\facts_5f3615cee7cc.ttl,Remaining useful life estimation,"35,37,36,28,30","35,36,115,37,30",True,True,True,0.664,0.664,0.664,0.664,4,5,1,0,0.2680996168582376,0.29012887495646117
1457,extraction_papers\ontocast_runs\run_remaining_500_gpt-5.6-luna_20260723_010000\output\facts_6020c9f0caa2.ttl,Fault detection,"209,42,41,44,43","209,33,34,44,41",True,True,True,0.577,0.577,0.577,0.577,5,5,0,0,0.4394110275689223,0.4859203463203463
1458,extraction_papers\ontocast_runs\run_remaining_500_gpt-5.6-luna_20260723_010000\output\facts_6039951e6e68.ttl,Health assessment,"221,188,239,153,154","221,239,7,104,227",True,True,True,0.502,0.502,0.5012,0.501,4,5,1,0,0.4335934231445068,0.610850839706103
1459,extraction_papers\ontocast_runs\run_remaining_500_gpt-5.6-luna_20260723_010000\output\facts_606736c491cf.ttl,Remaining useful life estimation,"234,232,233,15,14","234,122,249,128,16",True,True,True,0.689,0.689,0.689,0.689,4,5,1,0,0.3189603238866397,0.5494555202976256
1460,extraction_papers\ontocast_runs\run_remaining_500_gpt-5.6-luna_20260723_010000\output\facts_61448afe33a2.ttl,Health assessment,"188,173,221,213,31","188,227,104,239,38",True,True,True,0.504,0.504,0.502,0.5014,5,5,0,0,0.5269204496503558,0.6021002474924888
1461,extraction_papers\ontocast_runs\run_remaining_500_gpt-5.6-luna_20260723_010000\output\facts_61801de7faa6.ttl,Fault detection,"98,42,41,44,43","98,42,44,34,41",True,True,True,0.536,0.536,0.5344,0.5344,5,5,0,0,0.30764828738512945,0.35107389686337054
1462,extraction_papers\ontocast_runs\run_remaining_500_gpt-5.6-luna_20260723_010000\output\facts_61d1b8ca213e.ttl,Fault detection,"209,211,191,200,42","209,33,211,34,44",True,True,True,0.543,0.543,0.536,0.5316000000000001,5,5,0,0,0.48369362508836183,0.5761606060606062
1463,extraction_papers\ontocast_runs\run_remaining_500_gpt-5.6-luna_20260723_010000\output\facts_626fc331ec69.ttl,Remaining useful life estimation,"127,69,157,158,156","127,226,69,55,157",True,True,True,0.567,0.567,0.5561999999999999,0.5516,3,5,1,0,0.26573500329597893,0.51993281085964
1464,extraction_papers\ontocast_runs\run_remaining_500_gpt-5.6-luna_20260723_010000\output\facts_6461b07c5e49.ttl,Remaining useful life estimation,"92,35,37,36,28","92,36,112,37,30",True,True,True,0.529,0.529,0.5194,0.5194,4,5,1,0,0.288544061302682,0.3176868686868687
1465,extraction_papers\ontocast_runs\run_remaining_500_gpt-5.6-luna_20260723_010000\output\facts_6485cdf21e07.ttl,Health assessment,"239,153,154,193,173","239,104,7,31,221",True,True,True,0.597,0.597,0.5965999999999999,0.5873999999999999,4,5,1,0,0.37585620915032675,0.5903500277562428
1466,extraction_papers\ontocast_runs\run_remaining_500_gpt-5.6-luna_20260723_010000\output\facts_650a7fb7b013.ttl,Remaining useful life estimation,"234,232,233,15,14","234,122,249,128,16",True,True,True,0.707,0.707,0.707,0.707,4,5,1,0,0.3189603238866397,0.5494555202976256
1467,extraction_papers\ontocast_runs\run_remaining_500_gpt-5.6-luna_20260723_010000\output\facts_66a208fdc2d6.ttl,Fault identification,"203,189,201,202,176","203,201,210,216,243",True,True,True,0.523,0.523,0.5146,0.5104,5,5,0,0,0.5553233179180677,0.6071438765636878
1468,extraction_papers\ontocast_runs\run_remaining_500_gpt-5.6-luna_20260723_010000\output\facts_66f4714ceff7.ttl,Remaining useful life estimation,"107,75,74,76,22","107,223,22,75,74",True,True,True,0.539,0.539,0.5274,0.5248,5,5,0,0,0.38412285355298054,0.5066329750104706
1469,extraction_papers\ontocast_runs\run_remaining_500_gpt-5.6-luna_20260723_010000\output\facts_670f54cfda24.ttl,Fault identification,"252,203,189,243,244","252,189,212,13,243",True,True,True,0.546,0.546,0.5192,0.5154000000000001,4,5,1,0,0.4632673217256742,0.5661668155692545
1470,extraction_papers\ontocast_runs\run_remaining_500_gpt-5.6-luna_20260723_010000\output\facts_67177be8c292.ttl,Fault identification,"243,244,210,48,50","243,176,216,212,13",True,True,True,0.508,0.508,0.5067999999999999,0.506,4,5,1,0,0.4919929824561403,0.6211681929181928
1471,extraction_papers\ontocast_runs\run_remaining_500_gpt-5.6-luna_20260723_010000\output\facts_6772a3bbadfb.ttl,Fault detection,"215,166,167,200,72","215,200,166,34,33",True,True,True,0.536,0.536,0.5288000000000002,0.5228,4,5,1,0,0.51347437863805,0.5343250276039749
1472,extraction_papers\ontocast_runs\run_remaining_500_gpt-5.6-luna_20260723_010000\output\facts_67828081cd2d.ttl,Fault detection,"42,41,44,43,46","42,34,44,41,29",True,True,True,0.546,0.546,0.546,0.546,5,5,0,0,0.2967919799498747,0.352885623148781
1473,extraction_papers\ontocast_runs\run_remaining_500_gpt-5.6-luna_20260723_010000\output\facts_686ae6735d60.ttl,Fault detection,"215,19,72,166,167","215,200,166,218,19",True,True,True,0.523,0.523,0.516,0.5142,4,5,1,0,0.45772904940587866,0.5840332985727723
1474,extraction_papers\ontocast_runs\run_remaining_500_gpt-5.6-luna_20260723_010000\output\facts_68927456c5a2.ttl,Fault detection,"42,41,44,43,46","42,195,230,34,44",True,True,True,0.515,0.515,0.515,0.5124000000000001,5,5,0,0,0.2967919799498747,0.4939304471979458
1475,extraction_papers\ontocast_runs\run_remaining_500_gpt-5.6-luna_20260723_010000\output\facts_68edc7bfc419.ttl,Fault detection,"166,72,230,98,209","166,209,230,72,33",True,True,True,0.581,0.581,0.5791999999999999,0.5788,5,5,0,0,0.4572614465480319,0.5301503354369207
1476,extraction_papers\ontocast_runs\run_remaining_500_gpt-5.6-luna_20260723_010000\output\facts_692880c67298.ttl,One step future state forecast,"106,131,132,135,133","106,132,135,10,134",True,True,True,0.587,0.587,0.5846,0.5838,5,5,0,0,0.2995798319327731,0.3655148148148148
1477,extraction_papers\ontocast_runs\run_remaining_500_gpt-5.6-luna_20260723_010000\output\facts_6937f8f6e632.ttl,Fault feature extraction,"32,253,198,190,70","32,190,229,198,235",True,True,True,0.52,0.52,0.5172,0.5146,5,5,0,0,0.5374717919296232,0.5967863247863248
1478,extraction_papers\ontocast_runs\run_remaining_500_gpt-5.6-luna_20260723_010000\output\facts_6a36ce857769.ttl,Fault detection,"42,41,44,43,46","42,34,44,41,29",True,True,True,0.664,0.664,0.664,0.664,5,5,0,0,0.2967919799498747,0.352885623148781
1479,extraction_papers\ontocast_runs\run_remaining_500_gpt-5.6-luna_20260723_010000\output\facts_6a4e77784ccd.ttl,Fault detection,"42,41,44,43,46","42,72,44,34,98",True,True,True,0.515,0.515,0.515,0.5146,5,5,0,0,0.2967919799498747,0.39237183127812136
1480,extraction_papers\ontocast_runs\run_remaining_500_gpt-5.6-luna_20260723_010000\output\facts_6a79677e8da7.ttl,Fault detection,"218,245,209,211,191","218,72,211,166,230",True,True,True,0.597,0.597,0.5908,0.5874,5,5,0,0,0.5130205535205536,0.6071577880114465
1481,extraction_papers\ontocast_runs\run_remaining_500_gpt-5.6-luna_20260723_010000\output\facts_6b203fabc136.ttl,Fault identification,"196,252,201,202,176","196,201,210,243,176",True,True,True,0.527,0.527,0.5186,0.5146000000000001,5,5,0,0,0.41661472814919265,0.594728021978022
1482,extraction_papers\ontocast_runs\run_remaining_500_gpt-5.6-luna_20260723_010000\output\facts_6b8545b78ee4.ttl,Remaining useful life estimation,"127,222,172,184,69","127,184,222,225,172",True,True,True,0.524,0.524,0.524,0.5227999999999999,5,5,0,0,0.48304280094626384,0.504469846158002
1483,extraction_papers\ontocast_runs\run_remaining_500_gpt-5.6-luna_20260723_010000\output\facts_6b9efd7a0165.ttl,Health assessment,"239,153,154,193,227","239,104,7,31,221",True,True,True,0.598,0.598,0.5972,0.5898,4,5,1,0,0.3726143790849673,0.5903500277562428
1484,extraction_papers\ontocast_runs\run_remaining_500_gpt-5.6-luna_20260723_010000\output\facts_6bce914faee8.ttl,Fault detection,"20,218,175,195,42","20,218,44,34,195",True,True,True,0.514,0.514,0.5102,0.5094,5,5,0,0,0.5215866854553778,0.5760046814582896
1485,extraction_papers\ontocast_runs\run_remaining_500_gpt-5.6-luna_20260723_010000\output\facts_6ca4f84c1511.ttl,Fault identification,"252,203,243,244,189","252,247,189,255,210",True,True,True,0.559,0.559,0.5262,0.5204000000000001,4,5,1,0,0.4632673217256742,0.672145503459178
1486,extraction_papers\ontocast_runs\run_remaining_500_gpt-5.6-luna_20260723_010000\output\facts_6cb8aede6e57.ttl,Remaining useful life estimation,"127,69,226,157,158","127,69,226,60,157",True,True,True,0.684,0.684,0.5962000000000001,0.595,4,5,1,0,0.45314167826362955,0.5422490924320192
1487,extraction_papers\ontocast_runs\run_remaining_500_gpt-5.6-luna_20260723_010000\output\facts_6d246defadfc.ttl,Fault detection,"209,211,191,42,41","209,33,211,34,44",True,True,True,0.604,0.604,0.6012,0.5998,5,5,0,0,0.5749542767174346,0.5761606060606062
1488,extraction_papers\ontocast_runs\run_remaining_500_gpt-5.6-luna_20260723_010000\output\facts_6d3bfcb2d45a.ttl,Fault detection,"19,42,41,44,43","19,44,34,33,41",True,True,True,0.517,0.517,0.513,0.513,5,5,0,0,0.3828822055137845,0.4320060606060606
1489,extraction_papers\ontocast_runs\run_remaining_500_gpt-5.6-luna_20260723_010000\output\facts_6da34c123972.ttl,Fault detection,"215,42,41,44,43","215,195,44,34,33",True,True,True,0.518,0.518,0.5156000000000001,0.5156000000000001,5,5,0,0,0.39560656448814346,0.5474298788840026
1490,extraction_papers\ontocast_runs\run_remaining_500_gpt-5.6-luna_20260723_010000\output\facts_6e448e9baa63.ttl,One step future state forecast,"131,132,135,133,134","131,10,135,132,133",True,True,True,0.508,0.508,0.508,0.507,5,5,0,0,0.24191316526610646,0.32854030501089326
1491,extraction_papers\ontocast_runs\run_remaining_500_gpt-5.6-luna_20260723_010000\output\facts_6ef0b30b64e0.ttl,Fault detection,"166,167,42,41,44","166,34,33,44,41",True,True,True,0.536,0.536,0.5288,0.5264,4,5,1,0,0.285390749601276,0.35929696969696967
1492,extraction_papers\ontocast_runs\run_remaining_500_gpt-5.6-luna_20260723_010000\output\facts_6f04f92f41f4.ttl,Fault detection,"42,41,44,43,46","42,218,19,34,215",True,True,True,0.609,0.609,0.609,0.5985999999999999,5,5,0,0,0.2967919799498747,0.5680818815687236
1493,extraction_papers\ontocast_runs\run_remaining_500_gpt-5.6-luna_20260723_010000\output\facts_6f5202a005cf.ttl,Fault detection,"245,42,41,44,43","245,41,34,44,33",True,True,True,0.514,0.514,0.5124,0.5124,5,5,0,0,0.38654077501445916,0.4211804195804196
1494,extraction_papers\ontocast_runs\run_remaining_500_gpt-5.6-luna_20260723_010000\output\facts_6f8237fb1105.ttl,Fault detection,"42,41,44,43,46","42,34,44,41,29",True,True,True,0.546,0.546,0.546,0.546,5,5,0,0,0.2967919799498747,0.352885623148781
1495,extraction_papers\ontocast_runs\run_remaining_500_gpt-5.6-luna_20260723_010000\output\facts_70c78d1f7d9d.ttl,Health assessment,"188,7,177,227,239","188,227,104,193,38",True,True,True,0.546,0.546,0.5176000000000001,0.514,4,5,1,0,0.5038922493922494,0.5954527733967389
1496,extraction_papers\ontocast_runs\run_remaining_500_gpt-5.6-luna_20260723_010000\output\facts_7145880fa0ec.ttl,Fault detection,"230,98,245,218,166","230,211,166,218,72",True,True,True,0.598,0.598,0.5892,0.585,5,5,0,0,0.47939371739371744,0.6071577880114465
1497,extraction_papers\ontocast_runs\run_remaining_500_gpt-5.6-luna_20260723_010000\output\facts_7154c2f15adf.ttl,Fault detection,"19,215,98,175,245","19,218,44,215,42",True,True,True,0.515,0.515,0.5115999999999999,0.508,5,5,0,0,0.39189346764346766,0.5459877257245679
1498,extraction_papers\ontocast_runs\run_remaining_500_gpt-5.6-luna_20260723_010000\output\facts_71eaf3887b66.ttl,One step future state forecast,"106,10,131,132,135","106,132,135,10,134",True,True,True,0.586,0.586,0.5837999999999999,0.5837999999999999,5,5,0,0,0.3490736383442266,0.3655148148148148
1499,extraction_papers\ontocast_runs\run_remaining_500_gpt-5.6-luna_20260723_010000\output\facts_72449a959f3c.ttl,Fault detection,"72,42,41,44,43","72,44,230,47,41",True,True,True,0.554,0.554,0.5388000000000001,0.5372000000000001,5,5,0,0,0.39475426370805056,0.44494248755095994
1500,extraction_papers\ontocast_runs\run_remaining_500_gpt-5.6-luna_20260723_010000\output\facts_7341cad185f7.ttl,Fault detection,"215,72,42,41,44","215,34,42,72,44",True,True,True,0.513,0.513,0.5094000000000001,0.5094000000000001,5,5,0,0,0.4842448287698609,0.49447069137537686
1501,extraction_papers\ontocast_runs\run_remaining_500_gpt-5.6-luna_20260723_010000\output\facts_739f1a2257d6.ttl,Remaining useful life estimation,"263,262,107,234,232","263,122,249,242,128",True,True,True,0.52,0.52,0.5184,0.5176,4,5,1,0,0.3175,0.5710012897512897
1502,extraction_papers\ontocast_runs\run_remaining_500_gpt-5.6-luna_20260723_010000\output\facts_742569db1b34.ttl,Fault identification,"247,255,238,203,243","247,238,255,201,13",True,True,True,0.542,0.542,0.5182,0.5157999999999999,5,5,0,0,0.5870448556495571,0.68496389039012
1503,extraction_papers\ontocast_runs\run_remaining_500_gpt-5.6-luna_20260723_010000\output\facts_75e741edf08b.ttl,One step future state forecast,"131,132,135,133,134","131,10,135,132,133",True,True,True,0.508,0.508,0.508,0.507,5,5,0,0,0.24191316526610646,0.32854030501089326
1504,extraction_papers\ontocast_runs\run_remaining_500_gpt-5.6-luna_20260723_010000\output\facts_7601be1727eb.ttl,Fault detection,"42,41,44,43,46","42,195,34,44,19",True,True,True,0.565,0.565,0.565,0.5504,5,5,0,0,0.2967919799498747,0.505408951150134
1505,extraction_papers\ontocast_runs\run_remaining_500_gpt-5.6-luna_20260723_010000\output\facts_764d62b539a9.ttl,Fault detection,"166,167,200,98,230","166,200,230,34,33",True,True,True,0.513,0.513,0.5096,0.5074,4,5,1,0,0.4395239643397538,0.4826223162802109
1506,extraction_papers\ontocast_runs\run_remaining_500_gpt-5.6-luna_20260723_010000\output\facts_774f6a062fc1.ttl,Fault detection,"215,230,166,167,218","215,195,166,218,19",True,True,True,0.536,0.536,0.5178,0.5157999999999999,4,5,1,0,0.4916108891108891,0.579756756702633
1507,extraction_papers\ontocast_runs\run_remaining_500_gpt-5.6-luna_20260723_010000\output\facts_77c48f15a97b.ttl,Fault detection,"72,215,42,41,44","72,215,44,47,41",True,True,True,0.523,0.523,0.5154,0.5154,5,5,0,0,0.4842448287698609,0.469530237413421
1508,extraction_papers\ontocast_runs\run_remaining_500_gpt-5.6-luna_20260723_010000\output\facts_79e539b9907e.ttl,Fault detection,"209,42,41,44,43","209,33,34,44,41",True,True,True,0.577,0.577,0.577,0.577,5,5,0,0,0.4394110275689223,0.4859203463203463
1509,extraction_papers\ontocast_runs\run_remaining_500_gpt-5.6-luna_20260723_010000\output\facts_7af20d9d3082.ttl,Fault feature extraction,"32,253,198,18,229","32,190,198,229,235",True,True,True,0.559,0.559,0.5394,0.5274000000000001,5,5,0,0,0.5450682168073472,0.5967863247863249
1510,extraction_papers\ontocast_runs\run_remaining_500_gpt-5.6-luna_20260723_010000\output\facts_7b45e17c92d7.ttl,Fault detection,"42,41,44,43,46","42,215,34,44,41",True,True,True,0.619,0.619,0.619,0.616,5,5,0,0,0.2967919799498747,0.44770641639062686
1511,extraction_papers\ontocast_runs\run_remaining_500_gpt-5.6-luna_20260723_010000\output\facts_7dcef0231e6b.ttl,Fault detection,"209,211,191,98,20","209,42,211,215,98",True,True,True,0.518,0.518,0.5172000000000001,0.5142,5,5,0,0,0.48985592185592186,0.5799403958614484
1512,extraction_papers\ontocast_runs\run_remaining_500_gpt-5.6-luna_20260723_010000\output\facts_7e210743000f.ttl,Fault identification,"252,243,244,210,48","252,210,212,216,243",True,True,True,0.534,0.534,0.5187999999999999,0.518,4,5,1,0,0.4699739837398374,0.6026426963280622
1513,extraction_papers\ontocast_runs\run_remaining_500_gpt-5.6-luna_20260723_010000\output\facts_7fdad9a52dc6.ttl,Fault identification,"247,13,246,201,202","247,201,13,212,216",True,True,True,0.525,0.525,0.5166000000000001,0.5147999999999999,5,5,0,0,0.6711079524340393,0.6981154441764197
1514,extraction_papers\ontocast_runs\run_remaining_500_gpt-5.6-luna_20260723_010000\output\facts_800ab1cc29a2.ttl,Health assessment,"239,153,154,193,7","239,104,7,31,221",True,True,True,0.511,0.511,0.5104,0.5062,4,5,1,0,0.4645664488017429,0.5903500277562428
1515,extraction_papers\ontocast_runs\run_remaining_500_gpt-5.6-luna_20260723_010000\output\facts_80fd96cc9371.ttl,Fault detection,"166,167,98,42,41","166,34,98,42,44",True,True,True,0.655,0.655,0.5852,0.5589999999999999,4,5,1,0,0.28563530037214246,0.3562519936204147
1516,extraction_papers\ontocast_runs\run_remaining_500_gpt-5.6-luna_20260723_010000\output\facts_8145db8d38ec.ttl,Fault detection,"166,167,98,19,200","166,218,200,215,211",True,True,True,0.515,0.515,0.5129999999999999,0.5092,4,5,1,0,0.42464167995746943,0.6198774544169281
1517,extraction_papers\ontocast_runs\run_remaining_500_gpt-5.6-luna_20260723_010000\output\facts_81d93d178930.ttl,Remaining useful life estimation,"263,262,237,59,58","263,237,69,60,127",True,True,True,0.524,0.524,0.5214000000000001,0.5204000000000001,4,5,1,0,0.3857619047619047,0.5158701263579312
1518,extraction_papers\ontocast_runs\run_remaining_500_gpt-5.6-luna_20260723_010000\output\facts_8313c9633a46.ttl,Fault detection,"42,41,44,43,46","42,209,211,34,44",True,True,True,0.565,0.565,0.565,0.5482,5,5,0,0,0.2967919799498747,0.5775079744816587
1519,extraction_papers\ontocast_runs\run_remaining_500_gpt-5.6-luna_20260723_010000\output\facts_83aca1cd40c5.ttl,Fault detection,"209,211,191,19,166","209,166,211,215,175",True,True,True,0.529,0.529,0.5256000000000001,0.5204000000000001,5,5,0,0,0.5603436563436562,0.6026370296370296
1520,extraction_papers\ontocast_runs\run_remaining_500_gpt-5.6-luna_20260723_010000\output\facts_84118bc90a2e.ttl,Fault detection,"175,42,41,44,43","175,29,215,43,39",True,True,True,0.509,0.509,0.509,0.5084,5,5,0,0,0.3799199922884133,0.4755389975877781
1521,extraction_papers\ontocast_runs\run_remaining_500_gpt-5.6-luna_20260723_010000\output\facts_846e4da09ef1.ttl,Fault detection,"42,41,44,43,46","42,34,44,166,98",True,True,True,0.521,0.521,0.521,0.521,5,5,0,0,0.2967919799498747,0.3562519936204146
1522,extraction_papers\ontocast_runs\run_remaining_500_gpt-5.6-luna_20260723_010000\output\facts_85052b5fde74.ttl,Fault identification,"196,201,202,176,216","196,201,247,13,216",True,True,True,0.517,0.517,0.5144,0.5118,5,5,0,0,0.5236432951106864,0.7040649165649164
1523,extraction_papers\ontocast_runs\run_remaining_500_gpt-5.6-luna_20260723_010000\output\facts_854f9525f7c2.ttl,Health assessment,"31,38,104,221,213","31,104,38,7,239",True,True,True,0.664,0.664,0.6042,0.6012000000000001,5,5,0,0,0.5106008661321741,0.5711250835622625
1524,extraction_papers\ontocast_runs\run_remaining_500_gpt-5.6-luna_20260723_010000\output\facts_8558c8b8a2da.ttl,Remaining useful life estimation,"127,69,226,35,37","127,226,69,30,120",True,True,True,0.601,0.601,0.5658,0.5658,5,5,0,0,0.47195419978430914,0.48470221440953143
1525,extraction_papers\ontocast_runs\run_remaining_500_gpt-5.6-luna_20260723_010000\output\facts_85fbda59e3ca.ttl,Fault detection,"215,166,167,72,209","215,200,166,218,211",True,True,True,0.518,0.518,0.5114,0.509,4,5,1,0,0.5281532918301212,0.6198774544169281
1526,extraction_papers\ontocast_runs\run_remaining_500_gpt-5.6-luna_20260723_010000\output\facts_8621a17b378c.ttl,Fault feature extraction,"190,235,18,70,32","190,70,229,198,235",True,True,True,0.518,0.518,0.51,0.5082,5,5,0,0,0.5479736918689249,0.605755152478044
1527,extraction_papers\ontocast_runs\run_remaining_500_gpt-5.6-luna_20260723_010000\output\facts_8699c9dda289.ttl,Fault detection,"72,195,19,215,166","72,215,44,46,42",True,True,True,0.527,0.527,0.515,0.509,5,5,0,0,0.4925037313913979,0.4723329606850147
1528,extraction_papers\ontocast_runs\run_remaining_500_gpt-5.6-luna_20260723_010000\output\facts_874a0e0b2027.ttl,Remaining useful life estimation,"226,59,58,60,127","226,60,69,155,127",True,True,True,0.573,0.573,0.543,0.5347999999999999,5,5,0,0,0.4646996887279301,0.5671621008493318
1529,extraction_papers\ontocast_runs\run_remaining_500_gpt-5.6-luna_20260723_010000\output\facts_87f23e08e1f1.ttl,Fault detection,"209,42,41,44,43","209,33,34,44,41",True,True,True,0.577,0.577,0.577,0.577,5,5,0,0,0.4394110275689223,0.4859203463203463
1530,extraction_papers\ontocast_runs\run_remaining_500_gpt-5.6-luna_20260723_010000\output\facts_88b06e430dd2.ttl,Fault detection,"215,175,245,166,167","215,200,166,218,211",True,True,True,0.509,0.509,0.5084,0.5074,4,5,1,0,0.4675501165501165,0.6198774544169281
1531,extraction_papers\ontocast_runs\run_remaining_500_gpt-5.6-luna_20260723_010000\output\facts_892f9ff654a7.ttl,Remaining useful life estimation,"59,58,60,35,37","59,60,120,30,36",True,True,True,0.62,0.62,0.6144,0.6115999999999999,5,5,0,0,0.3644955547307812,0.43304453441295543
1532,extraction_papers\ontocast_runs\run_remaining_500_gpt-5.6-luna_20260723_010000\output\facts_89c528ad5243.ttl,Fault detection,"209,211,215,191,218","209,166,211,215,72",True,True,True,0.513,0.513,0.512,0.5105999999999999,5,5,0,0,0.5343221408221408,0.6018443094845534
1533,extraction_papers\ontocast_runs\run_remaining_500_gpt-5.6-luna_20260723_010000\output\facts_89e8038cd325.ttl,Health assessment,"221,73,213,2,173","221,239,213,173,104",True,True,True,0.64,0.64,0.6176,0.6058,5,5,0,0,0.42757827155355443,0.6210405678106121
1534,extraction_papers\ontocast_runs\run_remaining_500_gpt-5.6-luna_20260723_010000\output\facts_8ac05466939c.ttl,Fault feature extraction,"32,253,198,17,235","32,198,229,253,190",True,True,True,0.664,0.664,0.6036,0.6022000000000001,5,5,0,0,0.4523768115942029,0.6079609279609278
1535,extraction_papers\ontocast_runs\run_remaining_500_gpt-5.6-luna_20260723_010000\output\facts_8ad1ddeb43e5.ttl,Remaining useful life estimation,"121,222,184,263,262","121,122,222,263,123",True,True,True,0.521,0.521,0.5154,0.5142,4,5,1,0,0.4304954022988506,0.5557981758869184
1536,extraction_papers\ontocast_runs\run_remaining_500_gpt-5.6-luna_20260723_010000\output\facts_8b7895e3d200.ttl,Fault detection,"209,42,41,44,43","209,33,34,44,41",True,True,True,0.577,0.577,0.577,0.577,5,5,0,0,0.4394110275689223,0.4859203463203463
1537,extraction_papers\ontocast_runs\run_remaining_500_gpt-5.6-luna_20260723_010000\output\facts_8c1ece5d3ef1.ttl,Health assessment,"31,38,104,73,188","31,7,104,239,221",True,True,True,0.605,0.605,0.6016,0.5944,5,5,0,0,0.47737958547322085,0.5903500277562428
1538,extraction_papers\ontocast_runs\run_remaining_500_gpt-5.6-luna_20260723_010000\output\facts_8d30ba7f5b7b.ttl,Health assessment,"31,38,104,173,2","31,213,193,221,104",True,True,True,0.515,0.515,0.5146,0.5102000000000001,5,5,0,0,0.4775924031642117,0.5800615447498526
1539,extraction_papers\ontocast_runs\run_remaining_500_gpt-5.6-luna_20260723_010000\output\facts_8d35672305df.ttl,Fault detection,"19,200,195,215,20","19,211,44,215,200",True,True,True,0.514,0.514,0.5130000000000001,0.5115999999999999,4,5,1,0,0.39734038705009944,0.5976706991838571
1540,extraction_papers\ontocast_runs\run_remaining_500_gpt-5.6-luna_20260723_010000\output\facts_8d8b1b0aa7e4.ttl,Health assessment,"213,31,38,104,239","213,173,221,193,104",True,True,True,0.501,0.501,0.501,0.5008,5,5,0,0,0.5876053892447517,0.6092518676874309
1541,extraction_papers\ontocast_runs\run_remaining_500_gpt-5.6-luna_20260723_010000\output\facts_8e2fb5424178.ttl,Health assessment,"221,188,213,73,31","221,239,7,104,173",True,True,True,0.531,0.531,0.5208,0.5144,5,5,0,0,0.4133436808270273,0.6130130829209777
1542,extraction_papers\ontocast_runs\run_remaining_500_gpt-5.6-luna_20260723_010000\output\facts_8e9b4e4896e7.ttl,Health assessment,"213,227,173,73,31","213,173,221,193,104",True,True,True,0.527,0.527,0.5142,0.5115999999999999,5,5,0,0,0.5361319749603703,0.6092518676874309
1543,extraction_papers\ontocast_runs\run_remaining_500_gpt-5.6-luna_20260723_010000\output\facts_8f8e35756c95.ttl,Remaining useful life estimation,"107,157,158,156,127","107,223,157,208,69",True,True,True,0.598,0.598,0.598,0.5943999999999999,3,5,1,0,0.3220316868592731,0.5865197698556951
1544,extraction_papers\ontocast_runs\run_remaining_500_gpt-5.6-luna_20260723_010000\output\facts_90046e067fc5.ttl,Remaining useful life estimation,"75,74,76,157,158","75,226,157,74,127",True,True,True,0.552,0.552,0.5488000000000001,0.536,4,5,1,0,0.3313601953601954,0.47119257719257723
1545,extraction_papers\ontocast_runs\run_remaining_500_gpt-5.6-luna_20260723_010000\output\facts_91405671917c.ttl,Remaining useful life estimation,"181,204,256,35,37","181,111,256,30,37",True,True,True,0.52,0.52,0.5126,0.5117999999999999,5,5,0,0,0.4702316534040672,0.47828749028749035
1546,extraction_papers\ontocast_runs\run_remaining_500_gpt-5.6-luna_20260723_010000\output\facts_91df9176f791.ttl,Remaining useful life estimation,"107,222,184,223,169","107,223,222,233,16",True,True,True,0.517,0.517,0.5142,0.5134000000000001,5,5,0,0,0.5267625487955323,0.5375939876215738
1547,extraction_papers\ontocast_runs\run_remaining_500_gpt-5.6-luna_20260723_010000\output\facts_929e8eacab06.ttl,Fault identification,"252,203,189,243,244","252,189,212,13,243",True,True,True,0.546,0.546,0.5192,0.5154000000000001,4,5,1,0,0.4632673217256742,0.5661668155692545
1548,extraction_papers\ontocast_runs\run_remaining_500_gpt-5.6-luna_20260723_010000\output\facts_931d2045891f.ttl,One step future state forecast,"10,106,131,132,135","10,134,132,106,135",True,True,True,0.526,0.526,0.5105999999999999,0.5105999999999999,5,5,0,0,0.3490736383442266,0.3655148148148148
1549,extraction_papers\ontocast_runs\run_remaining_500_gpt-5.6-luna_20260723_010000\output\facts_94baf47856f2.ttl,Fault detection,"20,19,72,209,211","20,211,44,215,42",True,True,True,0.51,0.51,0.5076,0.506,4,5,1,0,0.41088492063492066,0.5826962438146649
1550,extraction_papers\ontocast_runs\run_remaining_500_gpt-5.6-luna_20260723_010000\output\facts_958c5788cbb4.ttl,Fault detection,"42,41,44,43,46","42,34,44,41,29",True,True,True,0.664,0.664,0.664,0.664,5,5,0,0,0.2967919799498747,0.352885623148781
1551,extraction_papers\ontocast_runs\run_remaining_500_gpt-5.6-luna_20260723_010000\output\facts_95da473de9aa.ttl,Fault detection,"42,41,44,43,46","42,72,44,34,98",True,True,True,0.515,0.515,0.515,0.5146,5,5,0,0,0.2967919799498747,0.39237183127812136
1552,extraction_papers\ontocast_runs\run_remaining_500_gpt-5.6-luna_20260723_010000\output\facts_9779d21369c9.ttl,Fault identification,"247,252,255,196,216","247,201,189,255,176",True,True,True,0.515,0.515,0.5126,0.5092000000000001,5,5,0,0,0.6381605579176551,0.678322134150003
1553,extraction_papers\ontocast_runs\run_remaining_500_gpt-5.6-luna_20260723_010000\output\facts_97b4ec133f74.ttl,Remaining useful life estimation,"234,232,233,15,14","234,122,249,128,16",True,True,True,0.543,0.543,0.543,0.543,4,5,1,0,0.3189603238866397,0.5494555202976256
1554,extraction_papers\ontocast_runs\run_remaining_500_gpt-5.6-luna_20260723_010000\output\facts_9876407b52cf.ttl,Health assessment,"227,73,239,221,153","227,213,221,193,104",True,True,True,0.522,0.522,0.5147999999999999,0.5108,5,5,0,0,0.43462882696938426,0.603223926999382
1555,extraction_papers\ontocast_runs\run_remaining_500_gpt-5.6-luna_20260723_010000\output\facts_992eca23346f.ttl,Remaining useful life estimation,"207,208,169,8,178","207,149,256,169,8",True,True,True,0.55,0.55,0.5352,0.5276000000000001,4,5,1,0,0.4030794708425427,0.5385488689714043
1556,extraction_papers\ontocast_runs\run_remaining_500_gpt-5.6-luna_20260723_010000\output\facts_997ba1e83522.ttl,Health assessment,"239,153,154,193,213","239,104,7,73,213",True,True,True,0.543,0.543,0.5398000000000001,0.526,4,5,1,0,0.5073448922343919,0.5762843677610032
1557,extraction_papers\ontocast_runs\run_remaining_500_gpt-5.6-luna_20260723_010000\output\facts_99836d643bbf.ttl,Health assessment,"31,38,239,213,221","31,213,239,221,104",True,True,True,0.577,0.577,0.577,0.577,5,5,0,0,0.5621461887290472,0.5927769588210243
1558,extraction_papers\ontocast_runs\run_remaining_500_gpt-5.6-luna_20260723_010000\output\facts_9b3a73543329.ttl,Fault detection,"230,245,218,175,166","230,211,166,218,72",True,True,True,0.509,0.509,0.5064,0.5052000000000001,5,5,0,0,0.5200240592740594,0.6071577880114465
1559,extraction_papers\ontocast_runs\run_remaining_500_gpt-5.6-luna_20260723_010000\output\facts_9c32faf39d38.ttl,Health assessment,"31,38,239,213,221","31,213,239,221,104",True,True,True,0.577,0.577,0.577,0.577,5,5,0,0,0.5621461887290472,0.5927769588210243
1560,extraction_papers\ontocast_runs\run_remaining_500_gpt-5.6-luna_20260723_010000\output\facts_9c7c6b0864ab.ttl,Remaining useful life estimation,"226,59,58,60,204","226,60,58,55,127",True,True,True,0.59,0.59,0.5778000000000001,0.5584,5,5,0,0,0.48504843304843315,0.5445944255700353
1561,extraction_papers\ontocast_runs\run_remaining_500_gpt-5.6-luna_20260723_010000\output\facts_9c8b15693d26.ttl,Remaining useful life estimation,"51,53,52,55,54","51,207,204,36,55",True,True,True,0.577,0.577,0.577,0.577,4,5,1,0,0.28709160571229536,0.541168684973563
1562,extraction_papers\ontocast_runs\run_remaining_500_gpt-5.6-luna_20260723_010000\output\facts_9d4c5911e7e3.ttl,Health assessment,"31,38,104,227,188","31,213,104,239,221",True,True,True,0.559,0.559,0.5414000000000001,0.5274000000000001,5,5,0,0,0.5454302238422745,0.5927769588210243
1563,extraction_papers\ontocast_runs\run_remaining_500_gpt-5.6-luna_20260723_010000\output\facts_9e5bfe950a14.ttl,Fault detection,"200,20,230,19,209","200,44,230,211,20",True,True,True,0.512,0.512,0.5094,0.5084,4,5,1,0,0.31249999999999994,0.5505706574127627
1564,extraction_papers\ontocast_runs\run_remaining_500_gpt-5.6-luna_20260723_010000\output\facts_9e7a0cc451f9.ttl,Health assessment,"188,239,153,154,193","188,227,104,193,38",True,True,True,0.509,0.509,0.5066,0.5058,4,5,1,0,0.43862851086380505,0.5954527733967389
1565,extraction_papers\ontocast_runs\run_remaining_500_gpt-5.6-luna_20260723_010000\output\facts_9e9b25268747.ttl,Health assessment,"213,31,38,104,221","213,173,221,193,104",True,True,True,0.504,0.504,0.504,0.5034,5,5,0,0,0.5106008661321743,0.6092518676874309
1566,extraction_papers\ontocast_runs\run_remaining_500_gpt-5.6-luna_20260723_010000\output\facts_9f2c1cdabe89.ttl,Fault detection,"42,41,44,43,46","42,230,34,44,41",True,True,True,0.622,0.622,0.622,0.6165999999999999,5,5,0,0,0.2967919799498747,0.4245729007834271
1567,extraction_papers\ontocast_runs\run_remaining_500_gpt-5.6-luna_20260723_010000\output\facts_9f36a5d7078a.ttl,Remaining useful life estimation,"51,53,52,55,54","51,207,204,36,55",True,True,True,0.707,0.707,0.707,0.707,4,5,1,0,0.28709160571229536,0.541168684973563
1568,extraction_papers\ontocast_runs\run_remaining_500_gpt-5.6-luna_20260723_010000\output\facts_9f496ac833c2.ttl,Health assessment,"2,31,38,104,173","2,7,104,239,38",True,True,True,0.518,0.518,0.514,0.5102,5,5,0,0,0.4775924031642117,0.5968007696326663
1569,extraction_papers\ontocast_runs\run_remaining_500_gpt-5.6-luna_20260723_010000\output\facts_9fbad0900ce0.ttl,Fault detection,"209,42,41,44,43","209,33,34,44,41",True,True,True,0.5,0.5,0.5,0.5,5,5,0,0,0.4394110275689223,0.4859203463203463
1570,extraction_papers\ontocast_runs\run_remaining_500_gpt-5.6-luna_20260723_010000\output\facts_a090f16a9f6e.ttl,Health assessment,"221,31,38,104,227","221,239,7,104,31",True,True,True,0.555,0.555,0.5374000000000001,0.5312,5,5,0,0,0.4869005234140434,0.5903500277562428
1571,extraction_papers\ontocast_runs\run_remaining_500_gpt-5.6-luna_20260723_010000\output\facts_a192cdbf8b1b.ttl,Fault detection,"42,41,44,43,46","42,195,215,34,44",True,True,True,0.527,0.527,0.527,0.5242000000000001,5,5,0,0,0.2967919799498747,0.5513122445920873
1572,extraction_papers\ontocast_runs\run_remaining_500_gpt-5.6-luna_20260723_010000\output\facts_a28b084e1b66.ttl,One step future state forecast,"131,132,135,133,134","131,10,135,132,133",True,True,True,0.518,0.518,0.518,0.5172000000000001,5,5,0,0,0.24191316526610646,0.32854030501089326
1573,extraction_papers\ontocast_runs\run_remaining_500_gpt-5.6-luna_20260723_010000\output\facts_a2917babd251.ttl,Fault detection,"215,42,41,44,43","215,34,19,42,44",True,True,True,0.588,0.588,0.5871999999999999,0.5871999999999999,5,5,0,0,0.39560656448814346,0.49655333701386334
1574,extraction_papers\ontocast_runs\run_remaining_500_gpt-5.6-luna_20260723_010000\output\facts_a2f18bc5fd10.ttl,Remaining useful life estimation,"51,53,52,55,54","51,207,204,36,55",True,True,True,0.5,0.5,0.5,0.5,4,5,1,0,0.28709160571229536,0.541168684973563
1575,extraction_papers\ontocast_runs\run_remaining_500_gpt-5.6-luna_20260723_010000\output\facts_a38b4cc01b17.ttl,Remaining useful life estimation,"222,184,169,35,37","222,184,120,30,169",True,True,True,0.523,0.523,0.5199999999999999,0.5199999999999999,5,5,0,0,0.453296351824088,0.47604485635969895
1576,extraction_papers\ontocast_runs\run_remaining_500_gpt-5.6-luna_20260723_010000\output\facts_a39b6b2de917.ttl,Fault detection,"230,42,41,44,43","230,41,72,44,34",True,True,True,0.51,0.51,0.5092,0.5088,5,5,0,0,0.38838538654328125,0.4555836358763187
1577,extraction_papers\ontocast_runs\run_remaining_500_gpt-5.6-luna_20260723_010000\output\facts_a4130cae873e.ttl,Remaining useful life estimation,"197,204,107,172,207","197,222,208,107,60",True,True,True,0.535,0.535,0.522,0.5178,5,5,0,0,0.5566677610538072,0.6216531705119863
1578,extraction_papers\ontocast_runs\run_remaining_500_gpt-5.6-luna_20260723_010000\output\facts_a421ee5aa019.ttl,Health assessment,"31,38,104,227,73","31,213,239,104,221",True,True,True,0.546,0.546,0.5316000000000001,0.5206000000000001,5,5,0,0,0.45733195455600073,0.5927769588210243
1579,extraction_papers\ontocast_runs\run_remaining_500_gpt-5.6-luna_20260723_010000\output\facts_a6159777176f.ttl,Fault detection,"209,42,41,44,43","209,33,34,44,41",True,True,True,0.577,0.577,0.577,0.577,5,5,0,0,0.4394110275689223,0.4859203463203463
1580,extraction_papers\ontocast_runs\run_remaining_500_gpt-5.6-luna_20260723_010000\output\facts_a6bd6e281258.ttl,Fault detection,"19,215,98,175,245","19,218,44,215,42",True,True,True,0.515,0.515,0.5115999999999999,0.508,5,5,0,0,0.39189346764346766,0.5459877257245679
1581,extraction_papers\ontocast_runs\run_remaining_500_gpt-5.6-luna_20260723_010000\output\facts_a6d58aa973c3.ttl,Health assessment,"221,31,38,104,239","221,239,7,104,31",True,True,True,0.514,0.514,0.5104,0.51,5,5,0,0,0.5456848485867531,0.5903500277562428
1582,extraction_papers\ontocast_runs\run_remaining_500_gpt-5.6-luna_20260723_010000\output\facts_a82a1224c806.ttl,Health assessment,"213,173,2,73,7","213,173,221,193,104",True,True,True,0.595,0.595,0.5913999999999999,0.5875999999999999,5,5,0,0,0.5289545490853902,0.6092518676874309
1583,extraction_papers\ontocast_runs\run_remaining_500_gpt-5.6-luna_20260723_010000\output\facts_a8b5e4ff77a7.ttl,Fault detection,"20,245,98,209,211","20,211,218,166,215",True,True,True,0.548,0.548,0.524,0.5186,5,5,0,0,0.4948388278388278,0.6097162559662559
1584,extraction_papers\ontocast_runs\run_remaining_500_gpt-5.6-luna_20260723_010000\output\facts_a8ed53d67d62.ttl,Fault identification,"247,252,13,246,196","247,238,201,255,176",True,True,True,0.518,0.518,0.5154,0.5096,5,5,0,0,0.6067989020915849,0.6734927040172941
1585,extraction_papers\ontocast_runs\run_remaining_500_gpt-5.6-luna_20260723_010000\output\facts_a9a7405a25fc.ttl,Fault identification,"210,201,202,203,48","210,48,247,212,243",True,True,True,0.577,0.577,0.577,0.577,5,5,0,0,0.5280894698410694,0.6597099496709253
1586,extraction_papers\ontocast_runs\run_remaining_500_gpt-5.6-luna_20260723_010000\output\facts_a9a814c4137c.ttl,Health assessment,"31,38,104,227,73","31,213,239,104,221",True,True,True,0.546,0.546,0.5316000000000001,0.5206000000000001,5,5,0,0,0.45733195455600073,0.5927769588210243
1587,extraction_papers\ontocast_runs\run_remaining_500_gpt-5.6-luna_20260723_010000\output\facts_ab08757cb1f6.ttl,Health assessment,"239,153,154,193,221","239,104,7,31,221",True,True,True,0.517,0.517,0.5164,0.5102,4,5,1,0,0.43527210182318543,0.5903500277562428
1588,extraction_papers\ontocast_runs\run_remaining_500_gpt-5.6-luna_20260723_010000\output\facts_ac21400542c6.ttl,One step future state forecast,"106,10,131,132,135","106,132,135,10,134",True,True,True,0.502,0.502,0.5006,0.5006,5,5,0,0,0.3490736383442266,0.3655148148148148
1589,extraction_papers\ontocast_runs\run_remaining_500_gpt-5.6-luna_20260723_010000\output\facts_ac4f9c281bfd.ttl,Fault detection,"209,42,41,44,43","209,33,34,44,41",True,True,True,0.707,0.707,0.707,0.707,5,5,0,0,0.4394110275689223,0.4859203463203463
1590,extraction_papers\ontocast_runs\run_remaining_500_gpt-5.6-luna_20260723_010000\output\facts_ad0ba7e2d3af.ttl,Fault detection,"42,41,44,43,46","42,34,44,41,29",True,True,True,0.791,0.791,0.791,0.791,5,5,0,0,0.2967919799498747,0.352885623148781
1591,extraction_papers\ontocast_runs\run_remaining_500_gpt-5.6-luna_20260723_010000\output\facts_adad193aa049.ttl,Fault detection,"72,19,20,175,195","72,218,166,211,230",True,True,True,0.542,0.542,0.5166000000000001,0.5109999999999999,4,5,1,0,0.2064285714285714,0.6071577880114465
1592,extraction_papers\ontocast_runs\run_remaining_500_gpt-5.6-luna_20260723_010000\output\facts_ae10bdfec88d.ttl,Remaining useful life estimation,"35,37,36,28,30","35,36,115,37,30",True,True,True,0.664,0.664,0.664,0.664,4,5,1,0,0.2680996168582376,0.29012887495646117
1593,extraction_papers\ontocast_runs\run_remaining_500_gpt-5.6-luna_20260723_010000\output\facts_ae468cb8df63.ttl,Fault detection,"20,209,211,166,167","20,211,166,33,44",True,True,True,0.519,0.519,0.5158,0.5134,4,5,1,0,0.5525238095238095,0.5460948051948054
1594,extraction_papers\ontocast_runs\run_remaining_500_gpt-5.6-luna_20260723_010000\output\facts_ae728c23e391.ttl,Fault identification,"243,244,252,255,201","243,176,246,201,13",True,True,True,0.504,0.504,0.5034000000000001,0.5024,4,5,1,0,0.4112880790540926,0.5978545787545787
1595,extraction_papers\ontocast_runs\run_remaining_500_gpt-5.6-luna_20260723_010000\output\facts_afd110cb82db.ttl,Fault feature extraction,"235,32,253,198,70","235,190,229,27,198",True,True,True,0.521,0.521,0.5156000000000001,0.5118,5,5,0,0,0.42124995218971123,0.5832307692307692
1596,extraction_papers\ontocast_runs\run_remaining_500_gpt-5.6-luna_20260723_010000\output\facts_b0087e9ce2fc.ttl,One step future state forecast,"106,10,131,132,135","106,132,135,10,134",True,True,True,0.582,0.582,0.5806,0.5806,5,5,0,0,0.3490736383442266,0.3655148148148148
1597,extraction_papers\ontocast_runs\run_remaining_500_gpt-5.6-luna_20260723_010000\output\facts_b02caaded237.ttl,Fault detection,"175,200,72,209,211","175,215,211,44,209",True,True,True,0.593,0.593,0.593,0.5906,5,5,0,0,0.36352380952380947,0.5977878510378509
1598,extraction_papers\ontocast_runs\run_remaining_500_gpt-5.6-luna_20260723_010000\output\facts_b08d90731df7.ttl,One step future state forecast,"131,132,135,133,134","131,10,135,132,133",True,True,True,0.523,0.523,0.523,0.5204000000000001,5,5,0,0,0.24191316526610646,0.32854030501089326
1599,extraction_papers\ontocast_runs\run_remaining_500_gpt-5.6-luna_20260723_010000\output\facts_b1ff7a7499ed.ttl,Fault detection,"218,98,19,230,200","218,175,211,44,230",True,True,True,0.517,0.517,0.5124000000000001,0.5096,5,5,0,0,0.4797495019600283,0.6046794871794872
1600,extraction_papers\ontocast_runs\run_remaining_500_gpt-5.6-luna_20260723_010000\output\facts_b2927a1cf215.ttl,Remaining useful life estimation,"226,59,58,60,197","226,60,58,197,22",True,True,True,0.546,0.546,0.5392,0.5336000000000001,5,5,0,0,0.5326880469884321,0.5755361428378116
1601,extraction_papers\ontocast_runs\run_remaining_500_gpt-5.6-luna_20260723_010000\output\facts_b2a07349e3b9.ttl,Health assessment,"188,73,31,38,104","188,227,104,193,38",True,True,True,0.515,0.515,0.5104,0.5089999999999999,5,5,0,0,0.47737958547322085,0.5954527733967389
1602,extraction_papers\ontocast_runs\run_remaining_500_gpt-5.6-luna_20260723_010000\output\facts_b2a4ffcab7fe.ttl,Health assessment,"239,153,154,193,213","239,104,7,153,221",True,True,True,0.542,0.542,0.5358,0.5218,4,5,1,0,0.5073448922343919,0.5916861708696074
1603,extraction_papers\ontocast_runs\run_remaining_500_gpt-5.6-luna_20260723_010000\output\facts_b40731adfdff.ttl,Fault detection,"98,42,41,44,43","98,42,44,72,34",True,True,True,0.523,0.523,0.5166000000000001,0.5166000000000001,5,5,0,0,0.30764828738512945,0.39237183127812136
1604,extraction_papers\ontocast_runs\run_remaining_500_gpt-5.6-luna_20260723_010000\output\facts_b45da2824e64.ttl,Remaining useful life estimation,"127,69,157,158,156","127,226,69,55,157",True,True,True,0.567,0.567,0.5561999999999999,0.5516,3,5,1,0,0.26573500329597893,0.51993281085964
1605,extraction_papers\ontocast_runs\run_remaining_500_gpt-5.6-luna_20260723_010000\output\facts_b4a61f0a6a20.ttl,Remaining useful life estimation,"51,53,52,55,54","51,207,204,36,55",True,True,True,0.577,0.577,0.577,0.577,4,5,1,0,0.28709160571229536,0.541168684973563
1606,extraction_papers\ontocast_runs\run_remaining_500_gpt-5.6-luna_20260723_010000\output\facts_b537faeb99d0.ttl,Fault feature extraction,"32,253,198,229,17","32,190,229,198,235",True,True,True,0.509,0.509,0.507,0.5048,5,5,0,0,0.5450682168073472,0.5967863247863248
1607,extraction_papers\ontocast_runs\run_remaining_500_gpt-5.6-luna_20260723_010000\output\facts_b56baf66b483.ttl,Remaining useful life estimation,"127,69,204,226,92","127,204,184,76,222",True,True,True,0.522,0.522,0.5178,0.516,5,5,0,0,0.5755849282678551,0.568244721713987
1608,extraction_papers\ontocast_runs\run_remaining_500_gpt-5.6-luna_20260723_010000\output\facts_b5e935ce04bd.ttl,Fault identification,"252,201,202,176,203","252,210,212,189,243",True,True,True,0.515,0.515,0.514,0.5115999999999999,5,5,0,0,0.4137630279625868,0.5726891539354954
1609,extraction_papers\ontocast_runs\run_remaining_500_gpt-5.6-luna_20260723_010000\output\facts_b5ef7e801c17.ttl,Fault detection,"20,195,175,98,72","20,44,215,195,34",True,True,True,0.53,0.53,0.5186,0.516,5,5,0,0,0.2618809523809523,0.5398423028861172
1610,extraction_papers\ontocast_runs\run_remaining_500_gpt-5.6-luna_20260723_010000\output\facts_b62559d10800.ttl,Health assessment,"31,38,104,173,2","31,213,193,221,104",True,True,True,0.515,0.515,0.5146,0.5102000000000001,5,5,0,0,0.4775924031642117,0.5800615447498526
1611,extraction_papers\ontocast_runs\run_remaining_500_gpt-5.6-luna_20260723_010000\output\facts_b6a121d8e218.ttl,Fault detection,"209,42,41,44,43","209,33,34,44,41",True,True,True,0.577,0.577,0.577,0.577,5,5,0,0,0.4394110275689223,0.4859203463203463
1612,extraction_papers\ontocast_runs\run_remaining_500_gpt-5.6-luna_20260723_010000\output\facts_b704fb68cc76.ttl,Fault detection,"166,167,98,42,41","166,34,98,42,44",True,True,True,0.655,0.655,0.5852,0.5589999999999999,4,5,1,0,0.28563530037214246,0.3562519936204147
1613,extraction_papers\ontocast_runs\run_remaining_500_gpt-5.6-luna_20260723_010000\output\facts_b715a415ff75.ttl,Fault identification,"252,203,189,243,244","252,189,212,13,243",True,True,True,0.63,0.63,0.5996,0.5952,4,5,1,0,0.4632673217256742,0.5661668155692545
1614,extraction_papers\ontocast_runs\run_remaining_500_gpt-5.6-luna_20260723_010000\output\facts_b756afc27c6e.ttl,Remaining useful life estimation,"226,59,58,60,127","226,60,69,55,127",True,True,True,0.664,0.664,0.6038,0.5846,5,5,0,0,0.4646996887279301,0.575651336139141
1615,extraction_papers\ontocast_runs\run_remaining_500_gpt-5.6-luna_20260723_010000\output\facts_b7848c43e4e2.ttl,Fault detection,"98,230,245,209,211","98,218,211,215,200",True,True,True,0.523,0.523,0.5144,0.5106,5,5,0,0,0.5010982905982906,0.5949527183342973
1616,extraction_papers\ontocast_runs\run_remaining_500_gpt-5.6-luna_20260723_010000\output\facts_b9675b32c53e.ttl,Fault detection,"72,215,19,218,20","72,218,166,211,230",True,True,True,0.527,0.527,0.5084,0.5065999999999999,4,5,1,0,0.4374356368563685,0.6071577880114465
1617,extraction_papers\ontocast_runs\run_remaining_500_gpt-5.6-luna_20260723_010000\output\facts_bad5c82696ea.ttl,Remaining useful life estimation,"35,37,36,28,30","35,36,115,37,30",True,True,True,0.664,0.664,0.664,0.664,4,5,1,0,0.2680996168582376,0.29012887495646117
1618,extraction_papers\ontocast_runs\run_remaining_500_gpt-5.6-luna_20260723_010000\output\facts_bb5276db5af5.ttl,Fault detection,"200,166,167,98,19","200,215,166,218,211",True,True,True,0.503,0.503,0.5014,0.5008,4,5,1,0,0.42464167995746943,0.6198774544169281
1619,extraction_papers\ontocast_runs\run_remaining_500_gpt-5.6-luna_20260723_010000\output\facts_bc6ed95171e5.ttl,Fault detection,"42,41,44,43,46","42,209,215,34,44",True,True,True,0.534,0.534,0.534,0.5266,5,5,0,0,0.2967919799498747,0.5499869209737632
1620,extraction_papers\ontocast_runs\run_remaining_500_gpt-5.6-luna_20260723_010000\output\facts_bceca1cecb61.ttl,Fault feature extraction,"32,253,198,17,70","32,190,198,229,235",True,True,True,0.546,0.546,0.5308,0.5204000000000001,5,5,0,0,0.4459120955873182,0.5967863247863249
1621,extraction_papers\ontocast_runs\run_remaining_500_gpt-5.6-luna_20260723_010000\output\facts_bd83563c2760.ttl,Health assessment,"213,31,38,104,173","213,173,221,193,104",True,True,True,0.598,0.598,0.5955999999999999,0.5933999999999999,5,5,0,0,0.5647640266911683,0.6092518676874309
1622,extraction_papers\ontocast_runs\run_remaining_500_gpt-5.6-luna_20260723_010000\output\facts_bfd5aa76ec13.ttl,Fault detection,"218,19,230,98,245","218,175,44,230,42",True,True,True,0.517,0.517,0.5132,0.5095999999999999,5,5,0,0,0.42507203907203917,0.5552472527472527
1623,extraction_papers\ontocast_runs\run_remaining_500_gpt-5.6-luna_20260723_010000\output\facts_c19b83e15528.ttl,Fault feature extraction,"27,235,70,190,32","27,190,235,229,198",True,True,True,0.515,0.515,0.5096,0.5088000000000001,5,5,0,0,0.5461529929240773,0.5832307692307692
1624,extraction_papers\ontocast_runs\run_remaining_500_gpt-5.6-luna_20260723_010000\output\facts_c1a79cf788d5.ttl,Remaining useful life estimation,"51,53,52,55,54","51,207,204,36,55",True,True,True,0.577,0.577,0.577,0.577,4,5,1,0,0.28709160571229536,0.541168684973563
1625,extraction_papers\ontocast_runs\run_remaining_500_gpt-5.6-luna_20260723_010000\output\facts_c34db95e4551.ttl,Fault detection,"175,195,209,211,215","175,215,211,44,209",True,True,True,0.509,0.509,0.5067999999999999,0.5062000000000001,5,5,0,0,0.5134240021147237,0.5977878510378509
1626,extraction_papers\ontocast_runs\run_remaining_500_gpt-5.6-luna_20260723_010000\output\facts_c368b34a1ac5.ttl,Fault feature extraction,"231,18,17,190,32","231,190,229,198,235",True,True,True,0.533,0.533,0.5124,0.5092000000000001,4,5,1,0,0.5082912353347135,0.6022783882783883
1627,extraction_papers\ontocast_runs\run_remaining_500_gpt-5.6-luna_20260723_010000\output\facts_c4944ec42b6f.ttl,Fault detection,"195,230,215,218,209","195,215,166,218,20",True,True,True,0.515,0.515,0.5096,0.5077999999999999,5,5,0,0,0.4836354933726068,0.579756756702633
1628,extraction_papers\ontocast_runs\run_remaining_500_gpt-5.6-luna_20260723_010000\output\facts_c70a2f63afaf.ttl,Fault detection,"98,72,42,41,44","98,42,44,72,166",True,True,True,0.523,0.523,0.513,0.5124000000000001,5,5,0,0,0.3933202110968478,0.394388921305481
1629,extraction_papers\ontocast_runs\run_remaining_500_gpt-5.6-luna_20260723_010000\output\facts_c9f7c54abe5c.ttl,Fault detection,"209,42,41,44,43","209,33,34,44,41",True,True,True,0.577,0.577,0.577,0.577,5,5,0,0,0.4394110275689223,0.4859203463203463
1630,extraction_papers\ontocast_runs\run_remaining_500_gpt-5.6-luna_20260723_010000\output\facts_cbfa9564244f.ttl,One step future state forecast,"10,106,131,132,135","10,134,132,106,135",True,True,True,0.508,0.508,0.5035999999999999,0.5035999999999999,5,5,0,0,0.3490736383442266,0.3655148148148148
1631,extraction_papers\ontocast_runs\run_remaining_500_gpt-5.6-luna_20260723_010000\output\facts_cc4a95d70392.ttl,Remaining useful life estimation,"51,53,52,55,54","51,207,204,36,55",True,True,True,0.577,0.577,0.577,0.577,4,5,1,0,0.28709160571229536,0.541168684973563
1632,extraction_papers\ontocast_runs\run_remaining_500_gpt-5.6-luna_20260723_010000\output\facts_cd82c0dc69b9.ttl,Fault identification,"210,201,202,203,48","210,48,247,212,243",True,True,True,0.577,0.577,0.577,0.577,5,5,0,0,0.5280894698410694,0.6597099496709253
1633,extraction_papers\ontocast_runs\run_remaining_500_gpt-5.6-luna_20260723_010000\output\facts_ce1c41427c85.ttl,Health assessment,"213,221,73,2,7","213,227,221,193,104",True,True,True,0.51,0.51,0.5094000000000001,0.5072,5,5,0,0,0.44049211198977556,0.603223926999382
1634,extraction_papers\ontocast_runs\run_remaining_500_gpt-5.6-luna_20260723_010000\output\facts_ced72b29fe51.ttl,Fault detection,"19,215,166,167,72","19,211,218,166,215",True,True,True,0.664,0.664,0.5476,0.5448000000000001,4,5,1,0,0.45772904940587866,0.6097162559662559
1635,extraction_papers\ontocast_runs\run_remaining_500_gpt-5.6-luna_20260723_010000\output\facts_cf067d9ee5a4.ttl,Fault detection,"42,41,44,43,46","42,72,44,34,98",True,True,True,0.515,0.515,0.515,0.5146,5,5,0,0,0.2967919799498747,0.39237183127812136
1636,extraction_papers\ontocast_runs\run_remaining_500_gpt-5.6-luna_20260723_010000\output\facts_cf1d87a8fd94.ttl,Fault detection,"215,19,230,166,167","215,209,166,175,218",True,True,True,0.596,0.596,0.5896,0.5888,4,5,1,0,0.4408304195804195,0.5854775224775224
1637,extraction_papers\ontocast_runs\run_remaining_500_gpt-5.6-luna_20260723_010000\output\facts_d182b247ea3e.ttl,Remaining useful life estimation,"172,237,35,37,36","172,237,30,120,36",True,True,True,0.521,0.521,0.5186,0.5186,5,5,0,0,0.30246902522764596,0.3232698412698413
1638,extraction_papers\ontocast_runs\run_remaining_500_gpt-5.6-luna_20260723_010000\output\facts_d18cf8b03641.ttl,Remaining useful life estimation,"121,68,67,170,51","121,60,208,68,170",True,True,True,0.502,0.502,0.5012000000000001,0.5008,4,5,1,0,0.3942430622009569,0.5965971921491285
1639,extraction_papers\ontocast_runs\run_remaining_500_gpt-5.6-luna_20260723_010000\output\facts_d1cb3434b501.ttl,Fault detection,"98,42,41,44,43","98,42,44,72,34",True,True,True,0.523,0.523,0.5166000000000001,0.5166000000000001,5,5,0,0,0.30764828738512945,0.39237183127812136
1640,extraction_papers\ontocast_runs\run_remaining_500_gpt-5.6-luna_20260723_010000\output\facts_d22f61589c6b.ttl,Fault feature extraction,"32,253,198,17,70","32,190,229,198,235",True,True,True,0.523,0.523,0.5199999999999999,0.515,5,5,0,0,0.4459120955873182,0.5967863247863248
1641,extraction_papers\ontocast_runs\run_remaining_500_gpt-5.6-luna_20260723_010000\output\facts_d2960e1252d9.ttl,Fault feature extraction,"32,253,198,17,27","32,190,229,198,235",True,True,True,0.515,0.515,0.5122,0.5077999999999999,5,5,0,0,0.4506625258799172,0.5967863247863248
1642,extraction_papers\ontocast_runs\run_remaining_500_gpt-5.6-luna_20260723_010000\output\facts_d33eee2521db.ttl,Fault detection,"72,195,166,167,230","72,218,166,211,230",True,True,True,0.585,0.585,0.584,0.5821999999999999,4,5,1,0,0.467125670616367,0.6071577880114465
1643,extraction_papers\ontocast_runs\run_remaining_500_gpt-5.6-luna_20260723_010000\output\facts_d385d2f0408a.ttl,Fault detection,"42,41,44,43,46","42,230,34,44,215",True,True,True,0.515,0.515,0.515,0.5136000000000001,5,5,0,0,0.2967919799498747,0.47132483306167516
1644,extraction_papers\ontocast_runs\run_remaining_500_gpt-5.6-luna_20260723_010000\output\facts_d3f9b4a961be.ttl,Remaining useful life estimation,"35,37,36,28,30","35,36,115,37,30",True,True,True,0.546,0.546,0.546,0.546,4,5,1,0,0.2680996168582376,0.29012887495646117
1645,extraction_papers\ontocast_runs\run_remaining_500_gpt-5.6-luna_20260723_010000\output\facts_d4c1c10b7f4e.ttl,Fault detection,"42,41,44,43,46","42,34,44,41,29",True,True,True,0.63,0.63,0.63,0.63,5,5,0,0,0.2967919799498747,0.352885623148781
1646,extraction_papers\ontocast_runs\run_remaining_500_gpt-5.6-luna_20260723_010000\output\facts_d65e2fde1af0.ttl,Fault identification,"243,244,210,48,50","243,247,246,212,201",True,True,True,0.5,0.5,0.5,0.5,4,5,1,0,0.4919929824561403,0.6625463355073111
1647,extraction_papers\ontocast_runs\run_remaining_500_gpt-5.6-luna_20260723_010000\output\facts_d66b61d3bacb.ttl,Fault detection,"209,42,41,44,43","209,33,34,44,41",True,True,True,0.577,0.577,0.577,0.577,5,5,0,0,0.4394110275689223,0.4859203463203463
1648,extraction_papers\ontocast_runs\run_remaining_500_gpt-5.6-luna_20260723_010000\output\facts_d6a1170241c0.ttl,Fault detection,"98,20,218,209,42","98,218,209,42,44",True,True,True,0.501,0.501,0.5004,0.5002,5,5,0,0,0.49452644431591797,0.5263485637169848
1649,extraction_papers\ontocast_runs\run_remaining_500_gpt-5.6-luna_20260723_010000\output\facts_d6d07ba7be53.ttl,Remaining useful life estimation,"169,170,237,207,208","169,208,181,256,222",True,True,True,0.522,0.522,0.5142,0.5105999999999999,4,5,1,0,0.3974528301886793,0.596850985709151
1650,extraction_papers\ontocast_runs\run_remaining_500_gpt-5.6-luna_20260723_010000\output\facts_d6eb41a2735f.ttl,Fault detection,"166,167,98,42,41","166,34,98,167,42",True,True,True,0.756,0.756,0.6756,0.6756,4,4,1,1,0.28563530037214246,0.32378522062732584
1651,extraction_papers\ontocast_runs\run_remaining_500_gpt-5.6-luna_20260723_010000\output\facts_d7142ea77ea0.ttl,Remaining useful life estimation,"121,169,223,234,232","121,122,16,249,128",True,True,True,0.521,0.521,0.5144,0.5130000000000001,5,5,0,0,0.42109046742730954,0.5593008393008392
1652,extraction_papers\ontocast_runs\run_remaining_500_gpt-5.6-luna_20260723_010000\output\facts_d76e693cac57.ttl,Fault detection,"209,42,41,44,43","209,33,34,44,41",True,True,True,0.5,0.5,0.5,0.5,5,5,0,0,0.4394110275689223,0.4859203463203463
1653,extraction_papers\ontocast_runs\run_remaining_500_gpt-5.6-luna_20260723_010000\output\facts_d7c68483888e.ttl,Fault detection,"200,166,167,98,230","200,166,230,34,33",True,True,True,0.527,0.527,0.5226,0.5194000000000001,4,5,1,0,0.4395239643397538,0.4826223162802109
1654,extraction_papers\ontocast_runs\run_remaining_500_gpt-5.6-luna_20260723_010000\output\facts_d877a5e9a05b.ttl,Fault detection,"209,42,41,44,43","209,33,34,44,41",True,True,True,0.707,0.707,0.707,0.707,5,5,0,0,0.4394110275689223,0.4859203463203463
1655,extraction_papers\ontocast_runs\run_remaining_500_gpt-5.6-luna_20260723_010000\output\facts_d9fc11b05d7c.ttl,Remaining useful life estimation,"170,51,53,52,55","170,208,204,55,54",True,True,True,0.5,0.5,0.5,0.5,4,5,1,0,0.3134626262626262,0.5530436803852549
1656,extraction_papers\ontocast_runs\run_remaining_500_gpt-5.6-luna_20260723_010000\output\facts_dadabd133627.ttl,One step future state forecast,"131,132,135,133,134","131,10,135,132,133",True,True,True,0.515,0.515,0.515,0.5130000000000001,5,5,0,0,0.24191316526610646,0.32854030501089326
1657,extraction_papers\ontocast_runs\run_remaining_500_gpt-5.6-luna_20260723_010000\output\facts_db415dbacdea.ttl,Remaining useful life estimation,"234,232,233,15,14","234,122,249,128,16",True,True,True,0.621,0.621,0.621,0.621,4,5,1,0,0.3189603238866397,0.5494555202976256
1658,extraction_papers\ontocast_runs\run_remaining_500_gpt-5.6-luna_20260723_010000\output\facts_db57f5560ec2.ttl,Fault detection,"42,41,44,43,46","42,215,34,44,245",True,True,True,0.527,0.527,0.527,0.5242,5,5,0,0,0.2967919799498747,0.468634983437615
1659,extraction_papers\ontocast_runs\run_remaining_500_gpt-5.6-luna_20260723_010000\output\facts_db6b9acca585.ttl,Remaining useful life estimation,"121,234,232,233,15","121,122,250,128,248",True,True,True,0.527,0.527,0.5189999999999999,0.5189999999999999,5,5,0,0,0.3483076923076923,0.5652115776253707
1660,extraction_papers\ontocast_runs\run_remaining_500_gpt-5.6-luna_20260723_010000\output\facts_dbffc6ea378f.ttl,Remaining useful life estimation,"51,53,52,55,54","51,207,204,36,55",True,True,True,0.577,0.577,0.577,0.577,4,5,1,0,0.28709160571229536,0.541168684973563
1661,extraction_papers\ontocast_runs\run_remaining_500_gpt-5.6-luna_20260723_010000\output\facts_dc143a0d3ce7.ttl,Fault identification,"210,201,202,203,48","210,48,247,212,243",True,True,True,0.577,0.577,0.577,0.577,5,5,0,0,0.5280894698410694,0.6597099496709253
1662,extraction_papers\ontocast_runs\run_remaining_500_gpt-5.6-luna_20260723_010000\output\facts_dc19997586aa.ttl,Fault detection,"98,245,200,20,209","98,211,245,200,42",True,True,True,0.521,0.521,0.5136000000000001,0.5132,5,5,0,0,0.3879102564102564,0.5415761519182571
1663,extraction_papers\ontocast_runs\run_remaining_500_gpt-5.6-luna_20260723_010000\output\facts_dcd261d527c3.ttl,Fault detection,"98,20,195,42,41","98,195,42,44,20",True,True,True,0.531,0.531,0.5206000000000001,0.5206000000000002,5,5,0,0,0.46589148128052094,0.4739565322240308
1664,extraction_papers\ontocast_runs\run_remaining_500_gpt-5.6-luna_20260723_010000\output\facts_dd8649c94efa.ttl,Remaining useful life estimation,"172,121,127,69,234","172,16,122,242,249",True,True,True,0.53,0.53,0.5256000000000001,0.5196,5,5,0,0,0.443630975262811,0.5790520252694166
1665,extraction_papers\ontocast_runs\run_remaining_500_gpt-5.6-luna_20260723_010000\output\facts_dd88997e6605.ttl,Health assessment,"31,38,104,173,7","31,213,193,104,221",True,True,True,0.515,0.515,0.5146,0.5114000000000001,5,5,0,0,0.5456807442000949,0.5800615447498526
1666,extraction_papers\ontocast_runs\run_remaining_500_gpt-5.6-luna_20260723_010000\output\facts_ddcef1b51f01.ttl,Fault identification,"216,201,202,176,255","216,255,247,13,176",True,True,True,0.513,0.513,0.5096,0.5082,5,5,0,0,0.5534244156295118,0.680473178005965
1667,extraction_papers\ontocast_runs\run_remaining_500_gpt-5.6-luna_20260723_010000\output\facts_decaaa356f22.ttl,Health assessment,"239,153,154,193,227","239,221,7,227,38",True,True,True,0.533,0.533,0.5294000000000001,0.5142,4,5,1,0,0.3726143790849673,0.5594524966698289
1668,extraction_papers\ontocast_runs\run_remaining_500_gpt-5.6-luna_20260723_010000\output\facts_df7e1d820c0d.ttl,Fault detection,"209,211,191,200,42","209,33,211,34,44",True,True,True,0.543,0.543,0.536,0.5316000000000001,5,5,0,0,0.48369362508836183,0.5761606060606062
1669,extraction_papers\ontocast_runs\run_remaining_500_gpt-5.6-luna_20260723_010000\output\facts_dfd5f29532e4.ttl,Fault identification,"201,202,176,243,244","201,247,189,255,176",True,True,True,0.514,0.514,0.5132000000000001,0.5086,4,5,1,0,0.463853734671126,0.678322134150003
1670,extraction_papers\ontocast_runs\run_remaining_500_gpt-5.6-luna_20260723_010000\output\facts_e0371815423d.ttl,Fault detection,"175,20,42,41,44","175,215,44,47,41",True,True,True,0.541,0.541,0.5176000000000001,0.5170000000000001,5,5,0,0,0.429201609793715,0.47031342780026997
1671,extraction_papers\ontocast_runs\run_remaining_500_gpt-5.6-luna_20260723_010000\output\facts_e0503cea8e6c.ttl,Fault detection,"72,20,175,98,195","72,218,44,211,209",True,True,True,0.53,0.53,0.5174,0.5128,5,5,0,0,0.2618809523809523,0.603833891718038
1672,extraction_papers\ontocast_runs\run_remaining_500_gpt-5.6-luna_20260723_010000\output\facts_e08b9fdb8856.ttl,Fault detection,"72,230,215,166,167","72,218,44,230,42",True,True,True,0.527,0.527,0.5124000000000001,0.5112,4,5,1,0,0.469986791663621,0.5723425355132672
1673,extraction_papers\ontocast_runs\run_remaining_500_gpt-5.6-luna_20260723_010000\output\facts_e11d777d1644.ttl,Remaining useful life estimation,"108,222,169,184,155","108,223,222,208,97",True,True,True,0.524,0.524,0.5204,0.5168000000000001,5,5,0,0,0.45755267820635137,0.5829877272297572
1674,extraction_papers\ontocast_runs\run_remaining_500_gpt-5.6-luna_20260723_010000\output\facts_e192b046ee2f.ttl,Fault detection,"42,41,44,43,46","42,72,230,44,34",True,True,True,0.597,0.597,0.597,0.5957999999999999,5,5,0,0,0.2967919799498747,0.461936769264112
1675,extraction_papers\ontocast_runs\run_remaining_500_gpt-5.6-luna_20260723_010000\output\facts_e328568eaa47.ttl,Health assessment,"239,153,154,193,73","239,104,7,73,173",True,True,True,0.533,0.533,0.5298,0.5146,4,5,1,0,0.3899738562091503,0.5961481481481481
1676,extraction_papers\ontocast_runs\run_remaining_500_gpt-5.6-luna_20260723_010000\output\facts_e49a2d6392c9.ttl,Fault detection,"20,98,175,72,195","20,218,44,195,47",True,True,True,0.53,0.53,0.5222,0.5151999999999999,5,5,0,0,0.2618809523809523,0.5666394501983216
1677,extraction_papers\ontocast_runs\run_remaining_500_gpt-5.6-luna_20260723_010000\output\facts_e64107019048.ttl,Fault feature extraction,"32,253,198,17,70","32,190,198,229,235",True,True,True,0.63,0.63,0.6126,0.6007999999999999,5,5,0,0,0.4459120955873182,0.5967863247863249
1678,extraction_papers\ontocast_runs\run_remaining_500_gpt-5.6-luna_20260723_010000\output\facts_e6b4890e4fde.ttl,Fault detection,"200,166,167,98,230","200,166,230,34,33",True,True,True,0.527,0.527,0.5226,0.5194000000000001,4,5,1,0,0.4395239643397538,0.4826223162802109
1679,extraction_papers\ontocast_runs\run_remaining_500_gpt-5.6-luna_20260723_010000\output\facts_e6c9e8b98f0d.ttl,Health assessment,"31,38,239,213,221","31,213,239,221,104",True,True,True,0.577,0.577,0.577,0.577,5,5,0,0,0.5621461887290472,0.5927769588210243
1680,extraction_papers\ontocast_runs\run_remaining_500_gpt-5.6-luna_20260723_010000\output\facts_e73fdabd018a.ttl,Fault detection,"19,72,215,200,175","19,211,218,166,215",True,True,True,0.524,0.524,0.5154,0.5112,5,5,0,0,0.34634324436795555,0.6097162559662559
1681,extraction_papers\ontocast_runs\run_remaining_500_gpt-5.6-luna_20260723_010000\output\facts_e81b7efab900.ttl,Remaining useful life estimation,"107,35,37,36,28","107,35,36,115,37",True,True,True,0.601,0.601,0.5322000000000001,0.5322000000000001,4,5,1,0,0.3720689655172414,0.39143155694879833
1682,extraction_papers\ontocast_runs\run_remaining_500_gpt-5.6-luna_20260723_010000\output\facts_e8454d13af94.ttl,Remaining useful life estimation,"107,181,147,148,149","107,60,149,233,16",True,True,True,0.532,0.532,0.521,0.5170000000000001,5,5,0,0,0.44929686632533467,0.5301859416445623
1683,extraction_papers\ontocast_runs\run_remaining_500_gpt-5.6-luna_20260723_010000\output\facts_e869c68d4742.ttl,Health assessment,"173,221,239,153,154","173,213,221,193,38",True,True,True,0.515,0.515,0.5077999999999999,0.5058,4,5,1,0,0.41772755417956653,0.58329435537216
1684,extraction_papers\ontocast_runs\run_remaining_500_gpt-5.6-luna_20260723_010000\output\facts_eb8d7e0a7afe.ttl,Fault detection,"200,218,245,209,42","200,44,218,245,34",True,True,True,0.581,0.581,0.5781999999999999,0.5781999999999999,5,5,0,0,0.5524094852515906,0.5690839511365827
1685,extraction_papers\ontocast_runs\run_remaining_500_gpt-5.6-luna_20260723_010000\output\facts_ec7d4004949a.ttl,Fault detection,"72,175,218,20,230","72,218,211,42,230",True,True,True,0.52,0.52,0.5129999999999999,0.5102,5,5,0,0,0.4444149617320349,0.6092311532427066
1686,extraction_papers\ontocast_runs\run_remaining_500_gpt-5.6-luna_20260723_010000\output\facts_ed34cd5a39f8.ttl,Remaining useful life estimation,"51,53,52,55,54","51,207,204,36,55",True,True,True,0.707,0.707,0.707,0.707,4,5,1,0,0.28709160571229536,0.541168684973563
1687,extraction_papers\ontocast_runs\run_remaining_500_gpt-5.6-luna_20260723_010000\output\facts_edd26611cd3c.ttl,Fault detection,"245,72,209,20,211","245,211,41,209,72",True,True,True,0.593,0.593,0.5881999999999998,0.5875999999999999,5,5,0,0,0.4828809523809524,0.5765702447958546
1688,extraction_papers\ontocast_runs\run_remaining_500_gpt-5.6-luna_20260723_010000\output\facts_edeecf941976.ttl,Health assessment,"2,31,38,227,104","2,7,104,239,38",True,True,True,0.518,0.518,0.5156000000000001,0.5106,5,5,0,0,0.4738235674511354,0.5968007696326663
1689,extraction_papers\ontocast_runs\run_remaining_500_gpt-5.6-luna_20260723_010000\output\facts_ef3405981275.ttl,Health assessment,"7,177,239,153,154","7,227,104,221,193",True,True,True,0.592,0.592,0.5908,0.5866,3,5,1,0,0.4840849673202615,0.6004300869695607
1690,extraction_papers\ontocast_runs\run_remaining_500_gpt-5.6-luna_20260723_010000\output\facts_ef65454c5275.ttl,Fault detection,"209,42,41,44,43","209,33,34,44,41",True,True,True,0.577,0.577,0.577,0.577,5,5,0,0,0.4394110275689223,0.4859203463203463
1691,extraction_papers\ontocast_runs\run_remaining_500_gpt-5.6-luna_20260723_010000\output\facts_f0f7494f9635.ttl,Health assessment,"213,188,31,38,104","213,173,193,38,104",True,True,True,0.597,0.597,0.5933999999999999,0.5904,5,5,0,0,0.5442510197203322,0.6117605715175003
1692,extraction_papers\ontocast_runs\run_remaining_500_gpt-5.6-luna_20260723_010000\output\facts_f1cd5e21d9f6.ttl,One step future state forecast,"106,10,131,132,135","106,132,135,10,134",True,True,True,0.508,0.508,0.5034000000000001,0.5034000000000001,5,5,0,0,0.3490736383442266,0.3655148148148148
1693,extraction_papers\ontocast_runs\run_remaining_500_gpt-5.6-luna_20260723_010000\output\facts_f23072a127c9.ttl,Remaining useful life estimation,"222,184,75,74,76","222,184,120,76,30",True,True,True,0.631,0.631,0.6237999999999999,0.6157999999999999,5,5,0,0,0.3953744922410589,0.4931845029866019
1694,extraction_papers\ontocast_runs\run_remaining_500_gpt-5.6-luna_20260723_010000\output\facts_f30a3dd8f4ed.ttl,One step future state forecast,"106,131,132,10,135","106,132,135,10,134",True,True,True,0.594,0.594,0.5852,0.5852,5,5,0,0,0.34907363834422656,0.3655148148148148
1695,extraction_papers\ontocast_runs\run_remaining_500_gpt-5.6-luna_20260723_010000\output\facts_f3e14d37e65c.ttl,Fault detection,"215,42,41,44,43","215,200,44,34,33",True,True,True,0.509,0.509,0.509,0.5087999999999999,5,5,0,0,0.39560656448814346,0.5344252668384247
1696,extraction_papers\ontocast_runs\run_remaining_500_gpt-5.6-luna_20260723_010000\output\facts_f3e1ac0209d9.ttl,Remaining useful life estimation,"127,69,157,158,156","127,226,69,55,157",True,True,True,0.567,0.567,0.5561999999999999,0.5516,3,5,1,0,0.26573500329597893,0.51993281085964
1697,extraction_papers\ontocast_runs\run_remaining_500_gpt-5.6-luna_20260723_010000\output\facts_f3f5d5dc739f.ttl,Fault detection,"42,41,44,43,46","42,218,34,44,41",True,True,True,0.585,0.585,0.585,0.5713999999999999,5,5,0,0,0.2967919799498747,0.5107697565592303
1698,extraction_papers\ontocast_runs\run_remaining_500_gpt-5.6-luna_20260723_010000\output\facts_f552323a9b17.ttl,Remaining useful life estimation,"234,232,233,15,14","234,122,249,128,16",True,True,True,0.689,0.689,0.689,0.689,4,5,1,0,0.3189603238866397,0.5494555202976256
1699,extraction_papers\ontocast_runs\run_remaining_500_gpt-5.6-luna_20260723_010000\output\facts_f6f0120980fc.ttl,Remaining useful life estimation,"157,158,156,127,69","157,204,226,69,127",True,True,True,0.651,0.651,0.6062000000000001,0.5572,3,5,1,0,0.2657350032959789,0.5853932944282891
1700,extraction_papers\ontocast_runs\run_remaining_500_gpt-5.6-luna_20260723_010000\output\facts_f73d5f570338.ttl,Fault detection,"98,209,42,41,44","98,209,42,44,34",True,True,True,0.579,0.579,0.5773999999999999,0.5773999999999999,5,5,0,0,0.4307435254803676,0.4510146578567632
1701,extraction_papers\ontocast_runs\run_remaining_500_gpt-5.6-luna_20260723_010000\output\facts_f84b7a600d17.ttl,Health assessment,"188,239,153,154,193","188,227,104,193,38",True,True,True,0.519,0.519,0.5174,0.5112,4,5,1,0,0.43862851086380505,0.5954527733967389
1702,extraction_papers\ontocast_runs\run_remaining_500_gpt-5.6-luna_20260723_010000\output\facts_f8f1d60c5f9c.ttl,One step future state forecast,"106,10,131,132,135","106,132,135,10,134",True,True,True,0.517,0.517,0.5068,0.5068,5,5,0,0,0.3490736383442266,0.3655148148148148
1703,extraction_papers\ontocast_runs\run_remaining_500_gpt-5.6-luna_20260723_010000\output\facts_f9e0c3b7e92e.ttl,Fault detection,"42,41,44,43,46","42,34,19,44,41",True,True,True,0.59,0.59,0.59,0.5768,5,5,0,0,0.2967919799498747,0.4329744816586921
1704,extraction_papers\ontocast_runs\run_remaining_500_gpt-5.6-luna_20260723_010000\output\facts_fa331d96dfd0.ttl,Fault detection,"42,41,44,43,46","42,72,44,34,98",True,True,True,0.515,0.515,0.515,0.5146,5,5,0,0,0.2967919799498747,0.39237183127812136
1705,extraction_papers\ontocast_runs\run_remaining_500_gpt-5.6-luna_20260723_010000\output\facts_fae7e975c642.ttl,Fault detection,"200,98,20,209,211","200,215,166,211,20",True,True,True,0.559,0.559,0.5246,0.5218,5,5,0,0,0.4542222222222222,0.594012595591543
1706,extraction_papers\ontocast_runs\run_remaining_500_gpt-5.6-luna_20260723_010000\output\facts_fafefeeb3d55.ttl,Fault detection,"98,42,41,44,43","98,42,44,175,34",True,True,True,0.518,0.518,0.514,0.514,5,5,0,0,0.30764828738512945,0.3763368093894409
1707,extraction_papers\ontocast_runs\run_remaining_500_gpt-5.6-luna_20260723_010000\output\facts_fb9f85d44b7e.ttl,Remaining useful life estimation,"35,37,36,28,30","35,36,115,37,30",True,True,True,0.559,0.559,0.559,0.559,4,5,1,0,0.2680996168582376,0.29012887495646117
1708,extraction_papers\ontocast_runs\run_remaining_500_gpt-5.6-luna_20260723_010000\output\facts_fbe7da367282.ttl,Fault detection,"218,42,41,44,43","218,34,19,42,200",True,True,True,0.514,0.514,0.5132,0.5132,5,5,0,0,0.449162328899171,0.5647187052713368
1709,extraction_papers\ontocast_runs\run_remaining_500_gpt-5.6-luna_20260723_010000\output\facts_fccaa8ddd01d.ttl,Fault detection,"42,41,44,43,46","42,218,34,44,215",True,True,True,0.574,0.574,0.574,0.5504,5,5,0,0,0.2967919799498747,0.5608550221708116
1710,extraction_papers\ontocast_runs\run_remaining_500_gpt-5.6-luna_20260723_010000\output\facts_fd1ae1edef08.ttl,Fault detection,"42,41,44,43,46","42,215,34,44,41",True,True,True,0.536,0.536,0.536,0.5334000000000001,5,5,0,0,0.2967919799498747,0.44770641639062686
1711,extraction_papers\ontocast_runs\run_remaining_500_gpt-5.6-luna_20260723_010000\output\facts_fd4fd24fd715.ttl,Fault detection,"72,19,209,211,215","72,218,211,166,230",True,True,True,0.539,0.539,0.5204,0.5126,5,5,0,0,0.5188329461866047,0.6071577880114465
1712,extraction_papers\ontocast_runs\run_remaining_500_gpt-5.6-luna_20260723_010000\output\facts_fd8c2fc0deba.ttl,Fault detection,"166,167,98,200,209","166,200,211,33,98",True,True,True,0.523,0.523,0.5218,0.5202,4,5,1,0,0.45706592238171184,0.51983007518797
1713,extraction_papers\ontocast_runs\run_remaining_500_gpt-5.6-luna_20260723_010000\output\facts_ff29a0eff0a3.ttl,Fault detection,"166,167,98,215,245","166,200,215,98,211",True,True,True,0.654,0.654,0.6254000000000001,0.6122,4,5,1,0,0.4163150738150739,0.579624150703098
1714,extraction_papers\ontocast_runs\run_remaining_500_gpt-5.6-luna_20260723_010000\output\facts_ff8c1f54a541.ttl,Remaining useful life estimation,"51,53,52,55,54","51,207,204,36,55",True,True,True,0.577,0.577,0.577,0.577,4,5,1,0,0.28709160571229536,0.541168684973563
1715,extraction_papers\ontocast_runs\run_retry_failed_106_gpt-5.6-luna_20260725_220000\output\facts_01be2c74ae5e.ttl,Fault detection,"72,195,19,215,166","72,215,44,46,42",True,True,True,0.527,0.527,0.515,0.509,5,5,0,0,0.4925037313913979,0.4723329606850147
1716,extraction_papers\ontocast_runs\run_retry_failed_106_gpt-5.6-luna_20260725_220000\output\facts_0208dfb874f0.ttl,Fault identification,"238,13,246,210,48","238,49,176,212,13",True,True,True,0.592,0.592,0.5887999999999999,0.5873999999999999,5,5,0,0,0.5016586080586081,0.613031746031746
1717,extraction_papers\ontocast_runs\run_retry_failed_106_gpt-5.6-luna_20260725_220000\output\facts_0223a171e0d2.ttl,Fault detection,"215,42,41,44,43","215,34,19,42,44",True,True,True,0.588,0.588,0.5871999999999999,0.5871999999999999,5,5,0,0,0.39560656448814346,0.49655333701386334
1718,extraction_papers\ontocast_runs\run_retry_failed_106_gpt-5.6-luna_20260725_220000\output\facts_057ee2d61ab9.ttl,Fault detection,"20,19,166,167,230","20,211,166,218,215",True,True,True,0.522,0.522,0.5198,0.513,3,5,1,0,0.3943356643356643,0.6097162559662559
1719,extraction_papers\ontocast_runs\run_retry_failed_106_gpt-5.6-luna_20260725_220000\output\facts_057fcbb86f5a.ttl,Health assessment,"73,188,31,38,104","73,7,239,104,227",True,True,True,0.518,0.518,0.5149999999999999,0.5115999999999999,5,5,0,0,0.47737958547322085,0.5960911680911681
1720,extraction_papers\ontocast_runs\run_retry_failed_106_gpt-5.6-luna_20260725_220000\output\facts_0622eb5e2542.ttl,Remaining useful life estimation,"35,37,36,28,30","35,36,115,37,30",True,True,True,0.546,0.546,0.546,0.546,4,5,1,0,0.2680996168582376,0.29012887495646117
1721,extraction_papers\ontocast_runs\run_retry_failed_106_gpt-5.6-luna_20260725_220000\output\facts_097175fccb51.ttl,Fault detection,"215,209,211,191,175","215,211,209,44,175",True,True,True,0.522,0.522,0.5158,0.5144,5,5,0,0,0.5329652014652014,0.5977878510378511
1722,extraction_papers\ontocast_runs\run_retry_failed_106_gpt-5.6-luna_20260725_220000\output\facts_0a35a9d01d3b.ttl,Remaining useful life estimation,"35,37,36,28,30","35,36,115,37,30",True,True,True,0.559,0.559,0.559,0.559,4,5,1,0,0.2680996168582376,0.29012887495646117
1723,extraction_papers\ontocast_runs\run_retry_failed_106_gpt-5.6-luna_20260725_220000\output\facts_0ace59f016bb.ttl,Fault detection,"98,195,20,230,209","98,218,211,215,200",True,True,True,0.604,0.604,0.593,0.5904,5,5,0,0,0.3704102564102564,0.5949527183342973
1724,extraction_papers\ontocast_runs\run_retry_failed_106_gpt-5.6-luna_20260725_220000\output\facts_0d9faa6aaa72.ttl,Remaining useful life estimation,"22,21,24,23,26","22,108,92,147,149",True,True,True,0.523,0.523,0.523,0.52,3,5,1,0,0.16684210526315785,0.4127272377683047
1725,extraction_papers\ontocast_runs\run_retry_failed_106_gpt-5.6-luna_20260725_220000\output\facts_0e914695ea05.ttl,One step future state forecast,"106,10,131,132,135","106,132,135,10,134",True,True,True,0.586,0.586,0.5795999999999999,0.5795999999999999,5,5,0,0,0.3490736383442266,0.3655148148148148
1726,extraction_papers\ontocast_runs\run_retry_failed_106_gpt-5.6-luna_20260725_220000\output\facts_10c47ec7eac9.ttl,Health assessment,"227,173,73,188,7","227,213,221,193,104",True,True,True,0.51,0.51,0.5088,0.505,5,5,0,0,0.5348232160732161,0.603223926999382
1727,extraction_papers\ontocast_runs\run_retry_failed_106_gpt-5.6-luna_20260725_220000\output\facts_1327739e1297.ttl,Remaining useful life estimation,"169,207,208,22,21","169,208,223,155,22",True,True,True,0.535,0.535,0.5274,0.5224,5,5,0,0,0.4793470099547073,0.5773418349082815
1728,extraction_papers\ontocast_runs\run_retry_failed_106_gpt-5.6-luna_20260725_220000\output\facts_16f155a3d6e0.ttl,Fault detection,"19,175,215,20,230","19,44,215,34,33",True,True,True,0.515,0.515,0.5123999999999999,0.5109999999999999,4,5,1,0,0.34170787545787545,0.49213228438228435
1729,extraction_papers\ontocast_runs\run_retry_failed_106_gpt-5.6-luna_20260725_220000\output\facts_18a359482a7e.ttl,Fault detection,"215,42,41,44,43","215,34,19,42,44",True,True,True,0.509,0.509,0.509,0.509,5,5,0,0,0.39560656448814346,0.49655333701386334
1730,extraction_papers\ontocast_runs\run_retry_failed_106_gpt-5.6-luna_20260725_220000\output\facts_1baac2332fd1.ttl,Fault detection,"215,195,175,218,245","215,195,166,218,20",True,True,True,0.523,0.523,0.5184000000000001,0.5151999999999999,5,5,0,0,0.5192270684641819,0.579756756702633
1731,extraction_papers\ontocast_runs\run_retry_failed_106_gpt-5.6-luna_20260725_220000\output\facts_1da4b167547b.ttl,Fault identification,"216,255,238,203,189","216,255,247,13,50",True,True,True,0.598,0.598,0.593,0.591,5,5,0,0,0.5312540116858088,0.6853987172112712
1732,extraction_papers\ontocast_runs\run_retry_failed_106_gpt-5.6-luna_20260725_220000\output\facts_1e0e70ed831c.ttl,Remaining useful life estimation,"51,53,52,55,54","51,207,204,36,55",True,True,True,0.577,0.577,0.577,0.577,4,5,1,0,0.28709160571229536,0.541168684973563
1733,extraction_papers\ontocast_runs\run_retry_failed_106_gpt-5.6-luna_20260725_220000\output\facts_29104c9d16e5.ttl,Fault detection,"195,20,209,211,191","195,215,166,218,20",True,True,True,0.517,0.517,0.5142,0.5098,5,5,0,0,0.41429202069408255,0.579756756702633
1734,extraction_papers\ontocast_runs\run_retry_failed_106_gpt-5.6-luna_20260725_220000\output\facts_2f53dcd8b4aa.ttl,Fault detection,"20,166,167,98,19","20,166,34,33,98",True,True,True,0.522,0.522,0.5206000000000001,0.5172000000000001,3,5,1,0,0.3391313131313131,0.3972444444444444
1735,extraction_papers\ontocast_runs\run_retry_failed_106_gpt-5.6-luna_20260725_220000\output\facts_33964ba9b8b2.ttl,Fault identification,"243,244,252,196,13","243,216,196,13,252",True,True,True,0.517,0.517,0.5144,0.5122000000000001,4,5,1,0,0.474226614848566,0.5733068658983294
1736,extraction_papers\ontocast_runs\run_retry_failed_106_gpt-5.6-luna_20260725_220000\output\facts_3974232ade42.ttl,Fault detection,"42,41,44,43,46","42,72,44,34,98",True,True,True,0.515,0.515,0.515,0.5146,5,5,0,0,0.2967919799498747,0.39237183127812136
1737,extraction_papers\ontocast_runs\run_retry_failed_106_gpt-5.6-luna_20260725_220000\output\facts_3cac35877c96.ttl,Fault detection,"245,215,19,20,230","245,195,41,98,215",True,True,True,0.514,0.514,0.5120000000000001,0.5112,4,5,1,0,0.30175,0.5241012203718389
1738,extraction_papers\ontocast_runs\run_retry_failed_106_gpt-5.6-luna_20260725_220000\output\facts_41c75674ddfd.ttl,Remaining useful life estimation,"68,67,197,35,37","68,197,120,30,36",True,True,True,0.502,0.502,0.5016,0.5014,4,5,1,0,0.49052959188421974,0.5162971659919029
1739,extraction_papers\ontocast_runs\run_retry_failed_106_gpt-5.6-luna_20260725_220000\output\facts_434800ee9102.ttl,Fault detection,"200,230,175,19,72","200,215,44,19,47",True,True,True,0.512,0.512,0.5094000000000001,0.507,5,5,0,0,0.28910714285714284,0.5201933198380566
1740,extraction_papers\ontocast_runs\run_retry_failed_106_gpt-5.6-luna_20260725_220000\output\facts_4978aedd4173.ttl,Health assessment,"31,38,239,213,221","31,213,239,221,104",True,True,True,0.5,0.5,0.5,0.5,5,5,0,0,0.5621461887290472,0.5927769588210243
1741,extraction_papers\ontocast_runs\run_retry_failed_106_gpt-5.6-luna_20260725_220000\output\facts_4ad539c51bdd.ttl,Remaining useful life estimation,"197,263,262,207,208","197,21,208,172,108",True,True,True,0.515,0.515,0.5118,0.5102,4,5,1,0,0.3529164749194662,0.5811790516933116
1742,extraction_papers\ontocast_runs\run_retry_failed_106_gpt-5.6-luna_20260725_220000\output\facts_518ea588523f.ttl,Fault detection,"166,72,230,98,200","166,218,200,245,42",True,True,True,0.541,0.541,0.5152000000000001,0.509,5,5,0,0,0.43536403255851264,0.5898148693411851
1743,extraction_papers\ontocast_runs\run_retry_failed_106_gpt-5.6-luna_20260725_220000\output\facts_57217e4cf0c1.ttl,Remaining useful life estimation,"172,108,107,75,74","172,108,76,55,92",True,True,True,0.521,0.521,0.5162000000000001,0.5142,4,5,1,0,0.38759504862953137,0.4643579638752053
1744,extraction_papers\ontocast_runs\run_retry_failed_106_gpt-5.6-luna_20260725_220000\output\facts_597c86dc1f45.ttl,Fault detection,"200,98,20,166,167","200,215,166,20,211",True,True,True,0.609,0.609,0.5988,0.5946,4,5,1,0,0.42464167995746943,0.594012595591543
1745,extraction_papers\ontocast_runs\run_retry_failed_106_gpt-5.6-luna_20260725_220000\output\facts_5dcaad73a9a3.ttl,Fault detection,"166,167,98,20,175","166,20,34,33,98",True,True,True,0.523,0.523,0.52,0.5172,4,5,1,0,0.361373654123654,0.3972444444444445
1746,extraction_papers\ontocast_runs\run_retry_failed_106_gpt-5.6-luna_20260725_220000\output\facts_5f51a3145650.ttl,Health assessment,"227,221,7,177,239","227,213,221,193,7",True,True,True,0.53,0.53,0.5204,0.5196,4,5,1,0,0.5382475633528265,0.5898017620234788
1747,extraction_papers\ontocast_runs\run_retry_failed_106_gpt-5.6-luna_20260725_220000\output\facts_60eade06be07.ttl,Remaining useful life estimation,"234,232,233,15,14","234,122,249,128,16",True,True,True,0.553,0.553,0.553,0.553,4,5,1,0,0.3189603238866397,0.5494555202976256
1748,extraction_papers\ontocast_runs\run_retry_failed_106_gpt-5.6-luna_20260725_220000\output\facts_68ed44cb6f3a.ttl,Fault identification,"203,189,216,243,244","203,201,247,210,216",True,True,True,0.515,0.515,0.5130000000000001,0.5104,4,5,1,0,0.5157477192618702,0.6923406190245812
1749,extraction_papers\ontocast_runs\run_retry_failed_106_gpt-5.6-luna_20260725_220000\output\facts_72bbd6e7329a.ttl,Remaining useful life estimation,"75,74,76,222,184","75,204,184,233,74",True,True,True,0.596,0.596,0.576,0.5536000000000001,5,5,0,0,0.3953744922410589,0.5625364548494983
1750,extraction_papers\ontocast_runs\run_retry_failed_106_gpt-5.6-luna_20260725_220000\output\facts_72f8ed368da8.ttl,Fault feature extraction,"18,32,17,253,198","18,229,70,190,235",True,True,True,0.515,0.515,0.5102,0.5062,4,5,1,0,0.41973775017253273,0.599411467177837
1751,extraction_papers\ontocast_runs\run_retry_failed_106_gpt-5.6-luna_20260725_220000\output\facts_73b3f8b6d6a9.ttl,Remaining useful life estimation,"226,59,58,60,127","226,60,69,55,127",True,True,True,0.767,0.767,0.6969999999999998,0.6748,5,5,0,0,0.4646996887279301,0.575651336139141
1752,extraction_papers\ontocast_runs\run_retry_failed_106_gpt-5.6-luna_20260725_220000\output\facts_762f81c08566.ttl,Fault detection,"98,230,209,211,215","98,211,215,209,42",True,True,True,0.506,0.506,0.5014000000000001,0.5012000000000001,5,5,0,0,0.5392054334554335,0.5799403958614484
1753,extraction_papers\ontocast_runs\run_retry_failed_106_gpt-5.6-luna_20260725_220000\output\facts_77d08ec311ea.ttl,Fault detection,"20,166,167,98,19","20,166,34,33,98",True,True,True,0.522,0.522,0.5206000000000001,0.5172000000000001,3,5,1,0,0.3391313131313131,0.3972444444444444
1754,extraction_papers\ontocast_runs\run_retry_failed_106_gpt-5.6-luna_20260725_220000\output\facts_786670fd5149.ttl,Health assessment,"227,213,31,38,104","227,213,221,239,104",True,True,True,0.506,0.506,0.5044,0.5027999999999999,5,5,0,0,0.5594998638752882,0.615901516011452
1755,extraction_papers\ontocast_runs\run_retry_failed_106_gpt-5.6-luna_20260725_220000\output\facts_78bc5734ed30.ttl,Fault detection,"209,211,98,191,200","209,33,211,34,44",True,True,True,0.523,0.523,0.5227999999999999,0.5182,5,5,0,0,0.4198406593406593,0.5761606060606062
1756,extraction_papers\ontocast_runs\run_retry_failed_106_gpt-5.6-luna_20260725_220000\output\facts_7a83d0b55d72.ttl,Remaining useful life estimation,"92,108,51,53,52","92,108,5,55,125",True,True,True,0.611,0.611,0.5974,0.5974,5,5,0,0,0.38385440613026817,0.4563908045977011
1757,extraction_papers\ontocast_runs\run_retry_failed_106_gpt-5.6-luna_20260725_220000\output\facts_7d5923a34560.ttl,One step future state forecast,"131,132,135,133,134","131,10,135,132,133",True,True,True,0.58,0.58,0.58,0.5796,5,5,0,0,0.24191316526610646,0.32854030501089326
1758,extraction_papers\ontocast_runs\run_retry_failed_106_gpt-5.6-luna_20260725_220000\output\facts_7fa6b47b521f.ttl,One step future state forecast,"131,132,135,133,134","131,10,135,132,133",True,True,True,0.587,0.587,0.587,0.5857999999999999,5,5,0,0,0.24191316526610646,0.32854030501089326
1759,extraction_papers\ontocast_runs\run_retry_failed_106_gpt-5.6-luna_20260725_220000\output\facts_8845d890a7ef.ttl,Fault detection,"98,42,41,44,43","98,42,44,72,34",True,True,True,0.523,0.523,0.5166000000000001,0.5166000000000001,5,5,0,0,0.30764828738512945,0.39237183127812136
1760,extraction_papers\ontocast_runs\run_retry_failed_106_gpt-5.6-luna_20260725_220000\output\facts_8eb9b6d4bd89.ttl,Remaining useful life estimation,"22,21,24,23,26","22,208,181,76,172",True,True,True,0.506,0.506,0.506,0.5050000000000001,3,5,1,0,0.16684210526315785,0.5705764683843134
1761,extraction_papers\ontocast_runs\run_retry_failed_106_gpt-5.6-luna_20260725_220000\output\facts_913eb9a58eaf.ttl,Remaining useful life estimation,"127,69,157,158,156","127,226,69,55,157",True,True,True,0.567,0.567,0.5561999999999999,0.5516,3,5,1,0,0.26573500329597893,0.51993281085964
1762,extraction_papers\ontocast_runs\run_retry_failed_106_gpt-5.6-luna_20260725_220000\output\facts_932e3eb80c16.ttl,Remaining useful life estimation,"92,107,197,108,263","92,181,107,69,197",True,True,True,0.515,0.515,0.508,0.5078,4,5,1,0,0.5178179339817272,0.5987906665804059
1763,extraction_papers\ontocast_runs\run_retry_failed_106_gpt-5.6-luna_20260725_220000\output\facts_95f624bceec1.ttl,Remaining useful life estimation,"35,37,36,28,30","35,36,115,37,30",True,True,True,0.546,0.546,0.546,0.546,4,5,1,0,0.2680996168582376,0.29012887495646117
1764,extraction_papers\ontocast_runs\run_retry_failed_106_gpt-5.6-luna_20260725_220000\output\facts_9659aa3e1965.ttl,Fault detection,"98,166,167,42,41","98,42,166,44,34",True,True,True,0.533,0.533,0.5198,0.518,4,5,1,0,0.28563530037214246,0.35625199362041465
1765,extraction_papers\ontocast_runs\run_retry_failed_106_gpt-5.6-luna_20260725_220000\output\facts_96a5838a3554.ttl,Fault detection,"98,209,42,41,44","98,209,42,44,34",True,True,True,0.501,0.501,0.5002,0.5002,5,5,0,0,0.4307435254803676,0.4510146578567632
1766,extraction_papers\ontocast_runs\run_retry_failed_106_gpt-5.6-luna_20260725_220000\output\facts_9fdba1c65cdc.ttl,Health assessment,"239,153,154,193,221","239,104,7,31,221",True,True,True,0.534,0.534,0.531,0.5144,4,5,1,0,0.43527210182318543,0.5903500277562428
1767,extraction_papers\ontocast_runs\run_retry_failed_106_gpt-5.6-luna_20260725_220000\output\facts_a738f196b1a3.ttl,Fault detection,"195,72,230,42,41","195,44,230,34,33",True,True,True,0.595,0.595,0.5851999999999999,0.5845999999999999,5,5,0,0,0.5047275512866807,0.49219544991091385
1768,extraction_papers\ontocast_runs\run_retry_failed_106_gpt-5.6-luna_20260725_220000\output\facts_a77e99e90f91.ttl,Fault identification,"196,203,255,189,216","196,216,13,49,189",True,True,True,0.543,0.543,0.5214,0.5174000000000001,5,5,0,0,0.5312353213597414,0.6023946886446887
1769,extraction_papers\ontocast_runs\run_retry_failed_106_gpt-5.6-luna_20260725_220000\output\facts_ad76ea21976d.ttl,Remaining useful life estimation,"75,74,76,222,184","75,197,8,74,92",True,True,True,0.601,0.601,0.5730000000000001,0.5542,5,5,0,0,0.3953744922410589,0.5786122547249308
1770,extraction_papers\ontocast_runs\run_retry_failed_106_gpt-5.6-luna_20260725_220000\output\facts_ad9d56ff72a8.ttl,Health assessment,"188,31,38,104,227","188,227,104,193,38",True,True,True,0.515,0.515,0.5096,0.5084,5,5,0,0,0.5454302238422745,0.5954527733967389
1771,extraction_papers\ontocast_runs\run_retry_failed_106_gpt-5.6-luna_20260725_220000\output\facts_b07d19e87200.ttl,Fault identification,"210,48,50,49,212","210,48,247,212,243",True,True,True,0.5,0.5,0.5,0.5,5,5,0,0,0.5878796157059314,0.6597099496709253
1772,extraction_papers\ontocast_runs\run_retry_failed_106_gpt-5.6-luna_20260725_220000\output\facts_b0cb34d45b5c.ttl,Fault detection,"200,98,20,166,167","200,215,166,20,211",True,True,True,0.527,0.527,0.5182,0.5146,4,5,1,0,0.42464167995746943,0.594012595591543
1773,extraction_papers\ontocast_runs\run_retry_failed_106_gpt-5.6-luna_20260725_220000\output\facts_b25f6a437a51.ttl,Fault detection,"166,167,98,175,42","166,175,98,42,44",True,True,True,0.536,0.536,0.5286000000000001,0.5244000000000001,4,5,1,0,0.3422735042735042,0.3769780395043553
1774,extraction_papers\ontocast_runs\run_retry_failed_106_gpt-5.6-luna_20260725_220000\output\facts_b2adb782929b.ttl,Fault detection,"42,41,44,43,46","42,34,44,166,98",True,True,True,0.515,0.515,0.515,0.5142,5,5,0,0,0.2967919799498747,0.3562519936204146
1775,extraction_papers\ontocast_runs\run_retry_failed_106_gpt-5.6-luna_20260725_220000\output\facts_b538a7d38541.ttl,Fault identification,"203,189,216,243,244","203,50,247,210,216",True,True,True,0.523,0.523,0.5196,0.5119999999999999,4,5,1,0,0.5157477192618702,0.6853603026676512
1776,extraction_papers\ontocast_runs\run_retry_failed_106_gpt-5.6-luna_20260725_220000\output\facts_bc8411d6a7d8.ttl,Fault detection,"215,166,167,72,209","215,200,166,218,211",True,True,True,0.518,0.518,0.5114,0.509,4,5,1,0,0.5281532918301212,0.6198774544169281
1777,extraction_papers\ontocast_runs\run_retry_failed_106_gpt-5.6-luna_20260725_220000\output\facts_bd7efb611a78.ttl,One step future state forecast,"106,10,131,132,135","106,132,135,10,134",True,True,True,0.504,0.504,0.5025999999999999,0.5025999999999999,5,5,0,0,0.3490736383442266,0.3655148148148148
1778,extraction_papers\ontocast_runs\run_retry_failed_106_gpt-5.6-luna_20260725_220000\output\facts_be64d4b18487.ttl,Health assessment,"213,73,188,221,2","213,173,221,239,104",True,True,True,0.522,0.522,0.5149999999999999,0.5092000000000001,5,5,0,0,0.3485467032967033,0.621040567810612
1779,extraction_papers\ontocast_runs\run_retry_failed_106_gpt-5.6-luna_20260725_220000\output\facts_c1788b8e6ae3.ttl,Fault feature extraction,"32,17,253,190,198","32,190,229,198,235",True,True,True,0.595,0.595,0.595,0.591,5,5,0,0,0.5426017943409247,0.5967863247863248
1780,extraction_papers\ontocast_runs\run_retry_failed_106_gpt-5.6-luna_20260725_220000\output\facts_c184d051345a.ttl,Health assessment,"73,188,239,153,154","73,7,239,227,213",True,True,True,0.51,0.51,0.5074,0.5062,4,5,1,0,0.41507295530824945,0.5830473147482493
1781,extraction_papers\ontocast_runs\run_retry_failed_106_gpt-5.6-luna_20260725_220000\output\facts_c496fb4486fe.ttl,One step future state forecast,"131,132,135,133,134","131,10,135,132,133",True,True,True,0.59,0.59,0.59,0.5887999999999999,5,5,0,0,0.24191316526610646,0.32854030501089326
1782,extraction_papers\ontocast_runs\run_retry_failed_106_gpt-5.6-luna_20260725_220000\output\facts_c6b53e7df067.ttl,Fault feature extraction,"32,27,253,198,229","32,190,229,198,27",True,True,True,0.515,0.515,0.514,0.5116,5,5,0,0,0.5200219780219781,0.6011672771672772
1783,extraction_papers\ontocast_runs\run_retry_failed_106_gpt-5.6-luna_20260725_220000\output\facts_c802bf6d9934.ttl,Fault feature extraction,"32,27,235,17,18","32,190,229,198,235",True,True,True,0.577,0.577,0.577,0.577,4,5,1,0,0.4246031746031746,0.5967863247863248
1784,extraction_papers\ontocast_runs\run_retry_failed_106_gpt-5.6-luna_20260725_220000\output\facts_c9c814a46ec8.ttl,Remaining useful life estimation,"157,158,156,22,21","157,21,127,69,35",True,True,True,0.527,0.527,0.5254000000000001,0.5198,3,5,1,0,0.2572425629290618,0.3749213000619005
1785,extraction_papers\ontocast_runs\run_retry_failed_106_gpt-5.6-luna_20260725_220000\output\facts_d0337df5bd2e.ttl,Fault detection,"166,167,200,215,209","166,200,218,215,211",True,True,True,0.533,0.533,0.5262,0.5212,4,5,1,0,0.5618851061219482,0.6198774544169281
1786,extraction_papers\ontocast_runs\run_retry_failed_106_gpt-5.6-luna_20260725_220000\output\facts_d45d77e06d03.ttl,Health assessment,"239,153,154,193,7","239,104,153,7,193",True,True,True,0.621,0.621,0.6003999999999999,0.5792,4,5,1,0,0.4645664488017429,0.582898609016256
1787,extraction_papers\ontocast_runs\run_retry_failed_106_gpt-5.6-luna_20260725_220000\output\facts_d6094a109234.ttl,Fault detection,"195,72,175,209,211","195,44,245,211,42",True,True,True,0.542,0.542,0.518,0.5122000000000001,5,5,0,0,0.37296784486990664,0.5831208297640745
1788,extraction_papers\ontocast_runs\run_retry_failed_106_gpt-5.6-luna_20260725_220000\output\facts_d9f8809ffbc4.ttl,Remaining useful life estimation,"121,147,148,149,35","121,149,112,36,147",True,True,True,0.52,0.52,0.5172,0.5168,5,5,0,0,0.3495841753541834,0.43934186046511625
1789,extraction_papers\ontocast_runs\run_retry_failed_106_gpt-5.6-luna_20260725_220000\output\facts_daa20f097baa.ttl,Fault detection,"72,20,230,175,42","72,44,230,47,41",True,True,True,0.559,0.559,0.5204,0.5192,5,5,0,0,0.3800882659274828,0.44494248755095994
1790,extraction_papers\ontocast_runs\run_retry_failed_106_gpt-5.6-luna_20260725_220000\output\facts_db582593a13d.ttl,Remaining useful life estimation,"181,234,232,233,15","181,249,233,128,122",True,True,True,0.544,0.544,0.5351999999999999,0.5351999999999999,5,5,0,0,0.34178785425101216,0.5624635404635405
1791,extraction_papers\ontocast_runs\run_retry_failed_106_gpt-5.6-luna_20260725_220000\output\facts_ddfd22b279ee.ttl,Remaining useful life estimation,"51,53,52,55,54","51,207,204,36,55",True,True,True,0.577,0.577,0.577,0.577,4,5,1,0,0.28709160571229536,0.541168684973563
1792,extraction_papers\ontocast_runs\run_retry_failed_106_gpt-5.6-luna_20260725_220000\output\facts_e03a80e0c970.ttl,One step future state forecast,"10,131,132,135,133","10,134,132,106,135",True,True,True,0.589,0.589,0.5873999999999999,0.5863999999999999,5,5,0,0,0.32854030501089326,0.3655148148148148
1793,extraction_papers\ontocast_runs\run_retry_failed_106_gpt-5.6-luna_20260725_220000\output\facts_e45ff217208b.ttl,Fault detection,"42,41,44,43,46","42,34,44,41,29",True,True,True,0.664,0.664,0.664,0.664,5,5,0,0,0.2967919799498747,0.352885623148781
1794,extraction_papers\ontocast_runs\run_retry_failed_106_gpt-5.6-luna_20260725_220000\output\facts_e9ac71afa540.ttl,Fault identification,"216,203,189,238,196","216,255,247,13,176",True,True,True,0.523,0.523,0.5178,0.5124,5,5,0,0,0.43155359734605014,0.680473178005965
1795,extraction_papers\ontocast_runs\run_retry_failed_106_gpt-5.6-luna_20260725_220000\output\facts_ea107312ea02.ttl,Fault detection,"20,19,72,209,211","20,211,44,215,42",True,True,True,0.51,0.51,0.5076,0.506,4,5,1,0,0.41088492063492066,0.5826962438146649
1796,extraction_papers\ontocast_runs\run_retry_failed_106_gpt-5.6-luna_20260725_220000\output\facts_ea8831b64092.ttl,Fault detection,"200,209,211,215,191","200,215,44,211,34",True,True,True,0.514,0.514,0.51,0.5096,5,5,0,0,0.4855994312704839,0.5786213596345176
1797,extraction_papers\ontocast_runs\run_retry_failed_106_gpt-5.6-luna_20260725_220000\output\facts_f28c64e6b48f.ttl,Fault detection,"215,42,41,44,43","215,200,44,34,33",True,True,True,0.509,0.509,0.509,0.5087999999999999,5,5,0,0,0.39560656448814346,0.5344252668384247
1798,extraction_papers\ontocast_runs\run_retry_failed_106_gpt-5.6-luna_20260725_220000\output\facts_f4130e2616df.ttl,Fault detection,"215,245,218,209,42","215,34,209,218,42",True,True,True,0.513,0.513,0.5105999999999999,0.5102,5,5,0,0,0.5226048293811452,0.5965948306079885
1799,extraction_papers\ontocast_runs\run_retry_failed_106_gpt-5.6-luna_20260725_220000\output\facts_f4971fc52a5d.ttl,Fault identification,"203,189,243,244,252","203,201,247,210,243",True,True,True,0.523,0.523,0.519,0.5134,4,5,1,0,0.4632673217256742,0.6641992305388532
1800,extraction_papers\ontocast_runs\run_retry_failed_106_gpt-5.6-luna_20260725_220000\output\facts_f6cc1ea1ac0f.ttl,Fault detection,"42,41,44,43,46","42,195,215,34,44",True,True,True,0.605,0.605,0.605,0.6026,5,5,0,0,0.2967919799498747,0.5513122445920873
1801,extraction_papers\ontocast_runs\run_retry_failed_106_gpt-5.6-luna_20260725_220000\output\facts_f818f5510e79.ttl,Remaining useful life estimation,"172,223,222,184,225","172,226,223,155,51",True,True,True,0.533,0.533,0.5156,0.5134000000000001,5,5,0,0,0.5643185110741332,0.5842172729231552
1802,extraction_papers\ontocast_runs\run_retry_failed_106_gpt-5.6-luna_20260725_220000\output\facts_f8973d2f08e8.ttl,Fault detection,"215,42,41,44,43","215,34,42,44,166",True,True,True,0.518,0.518,0.5156000000000001,0.5146000000000001,5,5,0,0,0.39560656448814346,0.4577961293092872
1803,extraction_papers\ontocast_runs\run_retry_failed_106_gpt-5.6-luna_20260725_220000\output\facts_fcec25df8534.ttl,Fault detection,"72,215,166,167,98","72,215,44,47,166",True,True,True,0.507,0.507,0.5062,0.5054000000000001,4,5,1,0,0.4303553952822245,0.47445793220472304
1804,extraction_papers\ontocast_runs\run_retry_final_17_gpt-5.6-luna_20260726_040000\output\facts_490a449c42af.ttl,One step future state forecast,"131,132,106,10,135","131,10,135,132,133",True,True,True,0.707,0.707,0.707,0.707,5,5,0,0,0.34907363834422656,0.32854030501089326
1805,extraction_papers\ontocast_runs\run_retry_final_17_gpt-5.6-luna_20260726_040000\output\facts_74ba58cd5455.ttl,Fault detection,"98,42,41,44,43","98,42,44,72,34",True,True,True,0.604,0.604,0.5968,0.5968,5,5,0,0,0.30764828738512945,0.39237183127812136
1806,extraction_papers\ontocast_runs\run_retry_final_17_gpt-5.6-luna_20260726_040000\output\facts_7942dfd4779f.ttl,Health assessment,"188,227,173,7,177","188,227,104,193,38",True,True,True,0.595,0.595,0.5858000000000001,0.5847999999999999,4,5,1,0,0.5317478192478193,0.5954527733967389
1807,extraction_papers\ontocast_runs\run_retry_final_17_gpt-5.6-luna_20260726_040000\output\facts_7dc648546698.ttl,Health assessment,"221,31,38,104,188","221,239,7,104,31",True,True,True,0.6,0.6,0.5934,0.5893999999999999,5,5,0,0,0.4761469847406201,0.5903500277562428
1808,extraction_papers\ontocast_runs\run_retry_final_17_gpt-5.6-luna_20260726_040000\output\facts_af8c198ee5bc.ttl,Health assessment,"239,153,154,193,7","239,104,7,73,227",True,True,True,0.597,0.597,0.596,0.5898,4,5,1,0,0.4645664488017429,0.5960911680911681
1809,extraction_papers\ontocast_runs\run_retry_final_17_gpt-5.6-luna_20260726_040000\output\facts_b8bbed5b77b6.ttl,Remaining useful life estimation,"234,232,233,15,14","234,122,249,128,16",True,True,True,0.689,0.689,0.689,0.689,4,5,1,0,0.3189603238866397,0.5494555202976256
1810,extraction_papers\ontocast_runs\run_retry_final_17_gpt-5.6-luna_20260726_040000\output\facts_c5c01e9a5c74.ttl,Fault detection,"215,209,42,41,44","215,211,209,44,34",True,True,True,0.602,0.602,0.5955999999999999,0.5955999999999999,5,5,0,0,0.5185415461731251,0.6121585359085359
1811,extraction_papers\ontocast_runs\run_retry_final_17_gpt-5.6-luna_20260726_040000\output\facts_c856a1686ca0.ttl,Remaining useful life estimation,"92,181,107,108,51","92,181,107,5,55",True,True,True,0.619,0.619,0.608,0.6075999999999999,4,5,1,0,0.4805124989952575,0.5582496736979496
1812,extraction_papers\ontocast_runs\run_retry_final_17_gpt-5.6-luna_20260726_040000\output\facts_dec5ceac239e.ttl,One step future state forecast,"10,106,131,132,135","10,134,132,106,135",True,True,True,0.508,0.508,0.5074000000000001,0.5074000000000001,5,5,0,0,0.3490736383442266,0.3655148148148148
1813,extraction_papers\ontocast_runs\run_retry_final_8_sanitized_gpt-5.6-luna_20260726_090000\output\facts_08b922ecd166.ttl,Remaining useful life estimation,"204,108,97,127,147","204,149,108,97,69",True,True,True,0.531,0.531,0.5218,0.5218,5,5,0,0,0.4966733137430812,0.5179389877710717
1814,extraction_papers\ontocast_runs\run_retry_final_8_sanitized_gpt-5.6-luna_20260726_090000\output\facts_1632a6ddd186.ttl,Fault detection,"72,245,218,20,209","72,218,211,166,230",True,True,True,0.595,0.595,0.591,0.5878,5,5,0,0,0.4476622144792877,0.6071577880114465
1815,extraction_papers\ontocast_runs\run_retry_final_8_sanitized_gpt-5.6-luna_20260726_090000\output\facts_1b467dde5841.ttl,Health assessment,"213,227,239,153,154","213,227,221,193,104",True,True,True,0.517,0.517,0.514,0.5112,4,5,1,0,0.5155721233137396,0.603223926999382
1816,extraction_papers\ontocast_runs\run_retry_final_8_sanitized_gpt-5.6-luna_20260726_090000\output\facts_b036ff041b2c.ttl,Fault detection,"42,41,44,43,46","42,215,34,44,41",True,True,True,0.602,0.602,0.602,0.5997999999999999,5,5,0,0,0.2967919799498747,0.44770641639062686
1817,extraction_papers\ontocast_runs\run_retry_final_8_sanitized_gpt-5.6-luna_20260726_090000\output\facts_cacb88534863.ttl,One step future state forecast,"10,106,131,132,135","10,134,132,106,135",True,True,True,0.593,0.593,0.5836,0.5836,5,5,0,0,0.3490736383442266,0.3655148148148148
1818,extraction_papers\ontocast_runs\run_retry_final_8_sanitized_gpt-5.6-luna_20260726_090000\output\facts_d0f5cc0a6ada.ttl,One step future state forecast,"106,131,132,135,133","106,132,135,10,134",True,True,True,0.589,0.589,0.5850000000000001,0.5844,5,5,0,0,0.2995798319327731,0.3655148148148148
1819,extraction_papers\ontocast_runs\run_retry_final_8_sanitized_gpt-5.6-luna_20260726_090000\output\facts_e2f30efd728e.ttl,One step future state forecast,"106,131,132,135,133","106,132,135,10,134",True,True,True,0.502,0.502,0.502,0.5018,5,5,0,0,0.2995798319327731,0.3655148148148148
1820,extraction_papers\ontocast_runs\run_retry_final_8_sanitized_gpt-5.6-luna_20260726_090000\output\facts_f2bee3e4193d.ttl,One step future state forecast,"131,132,106,10,135","131,10,135,132,133",True,True,True,0.707,0.707,0.707,0.707,5,5,0,0,0.34907363834422656,0.32854030501089326
1821,extraction_papers\ontocast_runs\run_retry_paper3215_gpt-5.6-luna_20260725_220000\output\facts_4a52db9e0787.ttl,One step future state forecast,"131,132,106,10,135","131,10,135,132,133",True,True,True,0.707,0.707,0.707,0.707,5,5,0,0,0.34907363834422656,0.32854030501089326
