screening_decision,screening_reason_category,screening_confidence,screening_notes,corpus_id,year,title,authors,source_title,doi,doi_url,doi_prefix,publisher_family,open_access,scopus_link,eid,retrieval_status,attempted_candidates,notes,expected_pdf_filename
excluded,generic_nonmaintenance_ai_control,high,controversial scan: Focuses on manufacturing quality-control ensemble fusion; asset degradation or maintenance decision is only a keyword-level linkage.,paper-0002,2026,ExpLusion: Explanation-driven Late Fusion for enhanced production process monitoring,Ferraro A.; Galli A.; Gallo M.; La Gatta V.; Postiglione M.; Moscato V.,Computers and Industrial Engineering,10.1016/j.cie.2026.112101,https://doi.org/10.1016/j.cie.2026.112101,10.1016,Elsevier / ScienceDirect,All Open Access; Hybrid Gold Open Access,https://www.scopus.com/pages/publications/105038043185?origin=resultslist,2-s2.0-105038043185,requires_manual_download,0,No candidate OA PDF URL produced a usable PDF automatically.,paper-0002_explusion_explanation_driven_late_fusion_for_enhanced_production_process_monitoring.pdf
excluded,generic_nonmaintenance_ai_control,medium,Hot water control optimization,paper-0008,2026,Digital twin-based improvement of a domestic hot water control algorithm: A case study,Grela J.; Latoń D.,Energy and Buildings,10.1016/j.enbuild.2026.117354,https://doi.org/10.1016/j.enbuild.2026.117354,10.1016,Elsevier / ScienceDirect,All Open Access; Hybrid Gold Open Access,https://www.scopus.com/pages/publications/105034490838?origin=resultslist,2-s2.0-105034490838,requires_manual_download,0,No candidate OA PDF URL produced a usable PDF automatically.,paper-0008_digital_twin_based_improvement_of_a_domestic_hot_water_control_algorithm_a_case_study.pdf
excluded,acronym_collision,high,PDM is melanoma prognosis,paper-0010,2026,Genomic copy number burden distinguishes the diagnosis and prognosis of primary dermal melanoma,Zhao P.; Chew C.; Szeto P.; Berry W.; Photiou L.; Wong N.C.; Dinan A.; McLean C.A.; Marshall V.M.; Cheung J.; Adler N.R.; Goodarzy F.; Andrews M.C.; Mar V.J.; Papenfuss A.T.; Shackleton M.,British Journal of Dermatology,10.1093/bjd/ljaf507,https://doi.org/10.1093/bjd/ljaf507,10.1093,Oxford University Press,All Open Access; Hybrid Gold Open Access,https://www.scopus.com/pages/publications/105035846541?origin=resultslist,2-s2.0-105035846541,requires_manual_download,2,No candidate OA PDF URL produced a usable PDF automatically.,paper-0010_genomic_copy_number_burden_distinguishes_the_diagnosis_and_prognosis_of_primary_dermal_melan.pdf
excluded,generic_nonmaintenance_ai_control,medium,controversial scan: Manufacturing anomaly/root-cause analysis targets process deviations and optimization; the physical asset health target is unclear.,paper-0013,2026,Multi-objective optimization-based sequential clustering and classification approach for anomaly detection and root cause analysis in the multi-stage manufacturing process,Nguyen T.P.Q.; Hoang T.N.H.G.; Le T.H.A.,Engineering Research Express,10.1088/2631-8695/ae6421,https://doi.org/10.1088/2631-8695/ae6421,10.1088,IOP/ECS,All Open Access; Hybrid Gold Open Access,https://www.scopus.com/pages/publications/105037897099?origin=resultslist,2-s2.0-105037897099,requires_manual_download,1,No candidate OA PDF URL produced a usable PDF automatically.,paper-0013_multi_objective_optimization_based_sequential_clustering_and_classification_approach_for_ano.pdf
excluded,generic_nonmaintenance_ai_control,medium,generic cleanup: Lubrication simulation lacks maintenance decision,paper-0014,2026,Lubrication film thickness prediction in the sliding contacts of axial piston pumps using physics-informed neural network,Qiu H.; Tinsley L.; Ompusunggu A.P.,Tribology International,10.1016/j.triboint.2026.112049,https://doi.org/10.1016/j.triboint.2026.112049,10.1016,Elsevier / ScienceDirect,All Open Access; Hybrid Gold Open Access,https://www.scopus.com/pages/publications/105035498196?origin=resultslist,2-s2.0-105035498196,requires_manual_download,0,No candidate OA PDF URL produced a usable PDF automatically.,paper-0014_lubrication_film_thickness_prediction_in_the_sliding_contacts_of_axial_piston_pumps_using_ph.pdf
excluded,other_nonmaintenance,high,strict update: Pipeline design failure modeling not maintenance,paper-0017,2026,Data-driven machine learning and finite element-informed surrogate modeling for design optimization and failure prediction of reinforced thermoplastic pipes,Rezvanfar A.A.; Farokhi Nejad A.; Tamin M.N.; Dickhut T.; R. Koloor S.S.,Journal of Materials Research and Technology,10.1016/j.jmrt.2026.05.062,https://doi.org/10.1016/j.jmrt.2026.05.062,10.1016,Elsevier / ScienceDirect,All Open Access; Gold Open Access,https://www.scopus.com/pages/publications/105039050233?origin=resultslist,2-s2.0-105039050233,requires_manual_download,0,No candidate OA PDF URL produced a usable PDF automatically.,paper-0017_data_driven_machine_learning_and_finite_element_informed_surrogate_modeling_for_design_optim.pdf
excluded,business_social_finance,high,Supply chain resilience study,paper-0018,2026,A capability hierarchy for building resilience in multi-actor agri-food supply chains: a digitalisation perspective,Freund A.; Jámbor Z.; Nagy J.,Journal of Manufacturing Technology Management,10.1108/JMTM-12-2024-0718,https://doi.org/10.1108/JMTM-12-2024-0718,10.1108,Other,All Open Access; Hybrid Gold Open Access,https://www.scopus.com/pages/publications/105033445257?origin=resultslist,2-s2.0-105033445257,requires_manual_download,1,No candidate OA PDF URL produced a usable PDF automatically.,paper-0018_a_capability_hierarchy_for_building_resilience_in_multi_actor_agri_food_supply_chains_a_digi.pdf
excluded,environment_natural_system,high,Forest canopy mapping,paper-0038,2026,National scale tree canopy cover modelling using google earth engine and stacking ensemble: A case study of the Greek forests,Vatitsi K.; Chrysafis I.; Bellos K.; Kokkoris I.P.; Mallinis G.,Science of the Total Environment,10.1016/j.scitotenv.2026.181628,https://doi.org/10.1016/j.scitotenv.2026.181628,10.1016,Elsevier / ScienceDirect,All Open Access; Hybrid Gold Open Access,https://www.scopus.com/pages/publications/105031766092?origin=resultslist,2-s2.0-105031766092,requires_manual_download,0,No candidate OA PDF URL produced a usable PDF automatically.,paper-0038_national_scale_tree_canopy_cover_modelling_using_google_earth_engine_and_stacking_ensemble_a.pdf
excluded,environment_natural_system,high,civil infra update: pothole pavement monitoring,paper-0043,2026,3D vision and depth sensing for intelligent pothole detection using time-of-flight imaging,Ponnusamy B.,Measurement: Sensors,10.1016/j.measen.2026.102002,https://doi.org/10.1016/j.measen.2026.102002,10.1016,Elsevier / ScienceDirect,All Open Access; Gold Open Access,https://www.scopus.com/pages/publications/105039028226?origin=resultslist,2-s2.0-105039028226,requires_manual_download,0,No candidate OA PDF URL produced a usable PDF automatically.,paper-0043_3d_vision_and_depth_sensing_for_intelligent_pothole_detection_using_time_of_flight_imaging.pdf
excluded,generic_nonmaintenance_ai_control,high,Generic digital twin semantics,paper-0044,2026,Semantic drift evaluation in language and data-specific digital twin frameworks,Abbasi F.; Pruski C.; Sottet J.-S.,Future Generation Computer Systems,10.1016/j.future.2025.108240,https://doi.org/10.1016/j.future.2025.108240,10.1016,Elsevier / ScienceDirect,All Open Access; Green Open Access; Hybrid Gold Open Access,https://www.scopus.com/pages/publications/105024752563?origin=resultslist,2-s2.0-105024752563,requires_manual_download,0,No candidate OA PDF URL produced a usable PDF automatically.,paper-0044_semantic_drift_evaluation_in_language_and_data_specific_digital_twin_frameworks.pdf
excluded,generic_nonmaintenance_ai_control,medium,Flight mode recognition only,paper-0063,2026,Dynamic Multi-Stream Network with Confidence Gating for efficient flight condition recognition,Restifo A.; Villa E.; Baldi A.; Mariani U.; Tanelli M.,Machine Learning with Applications,10.1016/j.mlwa.2026.100896,https://doi.org/10.1016/j.mlwa.2026.100896,10.1016,Elsevier / ScienceDirect,All Open Access; Gold Open Access,https://www.scopus.com/pages/publications/105037790523?origin=resultslist,2-s2.0-105037790523,requires_manual_download,0,No candidate OA PDF URL produced a usable PDF automatically.,paper-0063_dynamic_multi_stream_network_with_confidence_gating_for_efficient_flight_condition_recogniti.pdf
excluded,generic_nonmaintenance_ai_control,high,generic cleanup: Generic EIS method lacks asset use-case,paper-0064,2026,Towards robust comparison of distributions of relaxation times,Gradišar Ž.; Gorenc Ž.; Subotić V.; Boškoski P.,Electrochimica Acta,10.1016/j.electacta.2026.148339,https://doi.org/10.1016/j.electacta.2026.148339,10.1016,Elsevier / ScienceDirect,All Open Access; Green Open Access; Hybrid Gold Open Access,https://www.scopus.com/pages/publications/105029055857?origin=resultslist,2-s2.0-105029055857,requires_manual_download,0,No candidate OA PDF URL produced a usable PDF automatically.,paper-0064_towards_robust_comparison_of_distributions_of_relaxation_times.pdf
excluded,environment_natural_system,high,civil infra update: railway track irregularity monitoring,paper-0074,2026,An approach based on a single bogie-mounted sensor for estimating track vertical irregularity from in-service railway vehicles,Araya Reyes C.E.; La Paglia I.; Di Gialleonardo E.; Facchinetti A.; Bruni S.,Advances in Engineering Software,10.1016/j.advengsoft.2026.104209,https://doi.org/10.1016/j.advengsoft.2026.104209,10.1016,Elsevier / ScienceDirect,All Open Access; Green Open Access; Hybrid Gold Open Access,https://www.scopus.com/pages/publications/105038169375?origin=resultslist,2-s2.0-105038169375,requires_manual_download,0,No candidate OA PDF URL produced a usable PDF automatically.,paper-0074_an_approach_based_on_a_single_bogie_mounted_sensor_for_estimating_track_vertical_irregularit.pdf
excluded,generic_nonmaintenance_ai_control,high,IoT energy efficiency design,paper-0078,2026,LoLiPoP-IoT: Advancing the energy-efficient Internet of Things,Lojda J.; Smrz P.; Strnadel J.; Simek V.; Staron P.,Microprocessors and Microsystems,10.1016/j.micpro.2026.105266,https://doi.org/10.1016/j.micpro.2026.105266,10.1016,Elsevier / ScienceDirect,All Open Access; Hybrid Gold Open Access,https://www.scopus.com/pages/publications/105032844343?origin=resultslist,2-s2.0-105032844343,requires_manual_download,0,No candidate OA PDF URL produced a usable PDF automatically.,paper-0078_lolipop_iot_advancing_the_energy_efficient_internet_of_things.pdf
excluded,acronym_collision,high,PDM is Poincare mapping,paper-0084,2026,"Zero time discontinuity mapping (ZDM) and Poincaré discontinuity mapping (PDM) in a neighborhood of a regular grazing point of order 2k,k≥2,k∈N in impacting hybrid systems",Lima M.F.S.; Perdigão T.R.,Communications in Nonlinear Science and Numerical Simulation,10.1016/j.cnsns.2026.109899,https://doi.org/10.1016/j.cnsns.2026.109899,10.1016,Elsevier / ScienceDirect,All Open Access; Hybrid Gold Open Access,https://www.scopus.com/pages/publications/105033082315?origin=resultslist,2-s2.0-105033082315,requires_manual_download,0,No candidate OA PDF URL produced a usable PDF automatically.,paper-0084_zero_time_discontinuity_mapping_zdm_and_poincar_discontinuity_mapping_pdm_in_a_neighborhood.pdf
excluded,clinical_human_outcome,high,Cardiovascular self care outcomes,paper-0093,2026,The self-efficacy perception in cardiovascular patients: A cohort study on self-care management,Di Giacomo D.; Cogodi E.; Piermarini L.; Scarà A.; Sciarra L.; Ferri C.; Romano S.,Journal of Psychosomatic Research,10.1016/j.jpsychores.2026.112675,https://doi.org/10.1016/j.jpsychores.2026.112675,10.1016,Elsevier / ScienceDirect,All Open Access; Hybrid Gold Open Access,https://www.scopus.com/pages/publications/105035532188?origin=resultslist,2-s2.0-105035532188,requires_manual_download,0,No candidate OA PDF URL produced a usable PDF automatically.,paper-0093_the_self_efficacy_perception_in_cardiovascular_patients_a_cohort_study_on_self_care_manageme.pdf
excluded,biology_biotech_non_equipment,high,Cow and calf biological performance,paper-0094,2026,Maternal chromium propionate supplementation in late gestation and its association with cow performance and skeletal muscle programming in beef calves,Knapper E.A.; Kladt L.V.; Avalos-Rosario I.I.; Dean S.E.; Silva W.; Serão N.V.L.; Hergenreder J.E.; Neto E.L.; Wood K.M.; Steele M.A.; Gionbelli M.P.; Duarte M.S.,Animal Feed Science and Technology,10.1016/j.anifeedsci.2026.116776,https://doi.org/10.1016/j.anifeedsci.2026.116776,10.1016,Elsevier / ScienceDirect,All Open Access; Hybrid Gold Open Access,https://www.scopus.com/pages/publications/105035238228?origin=resultslist,2-s2.0-105035238228,requires_manual_download,0,No candidate OA PDF URL produced a usable PDF automatically.,paper-0094_maternal_chromium_propionate_supplementation_in_late_gestation_and_its_association_with_cow.pdf
excluded,other_nonmaintenance,high,Microphone sensor development,paper-0096,2026,Microfabricated optical interference microphone for high signal-to-noise ratio up to 70.2 dB,Luo X.; Hu Y.; Peng X.; Liu Q.; Su Y.; Liu Y.; Han J.; Huang L.; Chen D.; Wang Y.; Wang L.; Wu Z.; Chen H.,Optics Express,10.1364/OE.588482,https://doi.org/10.1364/OE.588482,10.1364,Other,All Open Access; Gold Open Access,https://www.scopus.com/pages/publications/105036452919?origin=resultslist,2-s2.0-105036452919,requires_manual_download,0,No candidate OA PDF URL produced a usable PDF automatically.,paper-0096_microfabricated_optical_interference_microphone_for_high_signal_to_noise_ratio_up_to_70_2_db.pdf
excluded,environment_natural_system,medium,controversial scan: Predicts power-quality disturbances and carbon impacts for grid stability/control rather than maintenance of a specific physical asset.,paper-0126,2026,Adaptive Q-Wavelet Transform and Kalman Filtering for Power Quality Disturbance Prediction and Carbon Emission Impact Analysis in Smart Grids,Raj A.; Nandi A.; Sawant S.K.; Swain A.K.; Yadav A.P.; parida A.K.; Mahmoud M.M.; Blazek V.; Wapet D.E.M.; Fahmy S.N.,Engineering Reports,10.1002/eng2.70825,https://doi.org/10.1002/eng2.70825,10.1002,Wiley / IET / Hindawi,All Open Access; Gold Open Access; Green Open Access,https://www.scopus.com/pages/publications/105039245981?origin=resultslist,2-s2.0-105039245981,requires_manual_download,1,No candidate OA PDF URL produced a usable PDF automatically.,paper-0126_adaptive_q_wavelet_transform_and_kalman_filtering_for_power_quality_disturbance_prediction_a.pdf
excluded,generic_nonmaintenance_ai_control,high,generic cleanup: Generic RUL uncertainty framework lacks asset case,paper-0131,2026,A novel uncertainty-aware framework for remaining useful life prediction integrating uncertainty quantification and calibration,Xu W.; Gao S.; Wang Z.; Zio E.,Reliability Engineering and System Safety,10.1016/j.ress.2026.112763,https://doi.org/10.1016/j.ress.2026.112763,10.1016,Elsevier / ScienceDirect,All Open Access; Hybrid Gold Open Access,https://www.scopus.com/pages/publications/105035864373?origin=resultslist,2-s2.0-105035864373,requires_manual_download,0,No candidate OA PDF URL produced a usable PDF automatically.,paper-0131_a_novel_uncertainty_aware_framework_for_remaining_useful_life_prediction_integrating_uncerta.pdf
excluded,other_nonmaintenance,medium,strict update: Polyimide aging study lacks maintenance decision,paper-0139,2026,High temperature performance of polyimide under accelerated thermal aging: linking chemical modifications to electrical properties,Jin J.; Fabiani D.; Suraci S.V.,Polymer Degradation and Stability,10.1016/j.polymdegradstab.2026.111939,https://doi.org/10.1016/j.polymdegradstab.2026.111939,10.1016,Elsevier / ScienceDirect,All Open Access; Green Open Access; Hybrid Gold Open Access,https://www.scopus.com/pages/publications/105027281020?origin=resultslist,2-s2.0-105027281020,requires_manual_download,0,No candidate OA PDF URL produced a usable PDF automatically.,paper-0139_high_temperature_performance_of_polyimide_under_accelerated_thermal_aging_linking_chemical_m.pdf
excluded,other_nonmaintenance,high,FRP fire response modeling,paper-0141,2026,Experimental and numerical study of through-thickness heat transfer and pyrolysis in FRP laminates under radiative heat flux,Stevens S.; Jarrett W.; Aspinall T.; Denham K.; Erskine E.; Hadden R.M.,Fire Safety Journal,10.1016/j.firesaf.2026.104689,https://doi.org/10.1016/j.firesaf.2026.104689,10.1016,Elsevier / ScienceDirect,All Open Access; Hybrid Gold Open Access,https://www.scopus.com/pages/publications/105032175577?origin=resultslist,2-s2.0-105032175577,requires_manual_download,0,No candidate OA PDF URL produced a usable PDF automatically.,paper-0141_experimental_and_numerical_study_of_through_thickness_heat_transfer_and_pyrolysis_in_frp_lam.pdf
excluded,environment_natural_system,high,civil infra update: reinforced concrete maintenance modeling,paper-0151,2026,Effect of uncertainty in calibrated chloride diffusion coefficients on maintenance and life-cycle decisions of reinforced concrete structures,Flah M.; Nehdi M.L.,Cement and Concrete Composites,10.1016/j.cemconcomp.2026.106552,https://doi.org/10.1016/j.cemconcomp.2026.106552,10.1016,Elsevier / ScienceDirect,All Open Access; Hybrid Gold Open Access,https://www.scopus.com/pages/publications/105034478447?origin=resultslist,2-s2.0-105034478447,requires_manual_download,0,No candidate OA PDF URL produced a usable PDF automatically.,paper-0151_effect_of_uncertainty_in_calibrated_chloride_diffusion_coefficients_on_maintenance_and_life.pdf
excluded,environment_natural_system,high,civil infra update: bridge damage detection,paper-0156,2026,Optimal reduced-order model for Vehicle-Bridge Interaction and bridge damage detection using model based SHM-ML techniques,Karyofyllas G.; Giagopoulos D.,Mechanical Systems and Signal Processing,10.1016/j.ymssp.2026.114188,https://doi.org/10.1016/j.ymssp.2026.114188,10.1016,Elsevier / ScienceDirect,All Open Access; Hybrid Gold Open Access,https://www.scopus.com/pages/publications/105034628277?origin=resultslist,2-s2.0-105034628277,requires_manual_download,0,No candidate OA PDF URL produced a usable PDF automatically.,paper-0156_optimal_reduced_order_model_for_vehicle_bridge_interaction_and_bridge_damage_detection_using.pdf
excluded,generic_nonmaintenance_ai_control,high,Generic mode discovery method,paper-0176,2026,Evolving Markov Chains: Online Mode Discovery and Recognition From Data Streams,Coskun K.; Tumer B.; Hiller B.C.; Becker M.,IEEE Transactions on Pattern Analysis and Machine Intelligence,10.1109/TPAMI.2026.3660046,https://doi.org/10.1109/TPAMI.2026.3660046,10.1109,IEEE,All Open Access; Hybrid Gold Open Access,https://www.scopus.com/pages/publications/105031508312?origin=resultslist,2-s2.0-105031508312,requires_manual_download,0,No candidate OA PDF URL produced a usable PDF automatically.,paper-0176_evolving_markov_chains_online_mode_discovery_and_recognition_from_data_streams.pdf
excluded,generic_nonmaintenance_ai_control,high,GenAI power policy overview,paper-0180,2026,"Generative AI for the power sector: Methodology, safety, trustworthiness, and policy",Alshehri K.; Sayed-Mouchaweh M.,Next Energy,10.1016/j.nxener.2026.100636,https://doi.org/10.1016/j.nxener.2026.100636,10.1016,Elsevier / ScienceDirect,All Open Access; Gold Open Access,https://www.scopus.com/pages/publications/105037514206?origin=resultslist,2-s2.0-105037514206,requires_manual_download,0,No candidate OA PDF URL produced a usable PDF automatically.,paper-0180_generative_ai_for_the_power_sector_methodology_safety_trustworthiness_and_policy.pdf
excluded,other_nonmaintenance,high,strict update: Composite failure mechanics lacks maintenance use-case,paper-0181,2026,Multi-fidelity probabilistic failure onset analysis of composite structures under uncertainties,Zamani D.; Pagani A.; Petrolo M.; Carrera E.,Computer Methods in Applied Mechanics and Engineering,10.1016/j.cma.2026.118849,https://doi.org/10.1016/j.cma.2026.118849,10.1016,Elsevier / ScienceDirect,All Open Access; Hybrid Gold Open Access,https://www.scopus.com/pages/publications/105034059440?origin=resultslist,2-s2.0-105034059440,requires_manual_download,0,No candidate OA PDF URL produced a usable PDF automatically.,paper-0181_multi_fidelity_probabilistic_failure_onset_analysis_of_composite_structures_under_uncertaint.pdf
excluded,environment_natural_system,high,civil infra update: bridge damage mapping,paper-0186,2026,Automated bridge damage mapping from UAV imagery slicing with BIM-based enrichment,Cabral R.; Santos R.; Correia J.; Ribeiro D.,Engineering Structures,10.1016/j.engstruct.2026.122909,https://doi.org/10.1016/j.engstruct.2026.122909,10.1016,Elsevier / ScienceDirect,All Open Access; Hybrid Gold Open Access,https://www.scopus.com/pages/publications/105037872388?origin=resultslist,2-s2.0-105037872388,requires_manual_download,0,No candidate OA PDF URL produced a usable PDF automatically.,paper-0186_automated_bridge_damage_mapping_from_uav_imagery_slicing_with_bim_based_enrichment.pdf
excluded,generic_nonmaintenance_ai_control,medium,Road temperature forecasting only,paper-0196,2026,A theory-guided multi-scale temporal fusion network for road surface temperature nowcasting,Wang K.; Bao Y.; Wei X.; Zhu C.; Liu D.,iScience,10.1016/j.isci.2026.115085,https://doi.org/10.1016/j.isci.2026.115085,10.1016,Elsevier / ScienceDirect,All Open Access; Gold Open Access; Green Open Access,https://www.scopus.com/pages/publications/105031689376?origin=resultslist,2-s2.0-105031689376,requires_manual_download,0,No candidate OA PDF URL produced a usable PDF automatically.,paper-0196_a_theory_guided_multi_scale_temporal_fusion_network_for_road_surface_temperature_nowcasting.pdf
excluded,generic_nonmaintenance_ai_control,high,power quality disturbances,paper-0220,2026,Ensemble learning for event detection and disturbance classification in power quality data from solar energy systems,Shiroya N.J.; Dey M.; Rana S.P.,Next Energy,10.1016/j.nxener.2026.100556,https://doi.org/10.1016/j.nxener.2026.100556,10.1016,Elsevier / ScienceDirect,All Open Access; Gold Open Access; Green Open Access,https://www.scopus.com/pages/publications/105033107378?origin=resultslist,2-s2.0-105033107378,requires_manual_download,0,No candidate OA PDF URL produced a usable PDF automatically.,paper-0220_ensemble_learning_for_event_detection_and_disturbance_classification_in_power_quality_data_f.pdf
excluded,generic_nonmaintenance_ai_control,medium,manufacturing data space only,paper-0230,2026,Deploying the common European manufacturing data space: The UNDERPIN and SM4RTENANCE frameworks’ perspective,Ntafalias A.; Ambrosio M.J.; Nizamis A.; Papadopoulos P.; Polcaro C.; Lázaro O.,Data in Brief,10.1016/j.dib.2026.112673,https://doi.org/10.1016/j.dib.2026.112673,10.1016,Elsevier / ScienceDirect,All Open Access; Gold Open Access; Green Open Access,https://www.scopus.com/pages/publications/105034251715?origin=resultslist,2-s2.0-105034251715,requires_manual_download,0,No candidate OA PDF URL produced a usable PDF automatically.,paper-0230_deploying_the_common_european_manufacturing_data_space_the_underpin_and_sm4rtenance_framewor.pdf
excluded,environment_natural_system,high,civil infra update: reinforced concrete cracking,paper-0241,2026,A transfer learning approach to predict corrosion-induced concrete cracking based on steel weight loss distributions,Jia S.; Akiyama M.; Frangopol D.M.,Structural Safety,10.1016/j.strusafe.2025.102684,https://doi.org/10.1016/j.strusafe.2025.102684,10.1016,Elsevier / ScienceDirect,All Open Access; Hybrid Gold Open Access,https://www.scopus.com/pages/publications/105026120019?origin=resultslist,2-s2.0-105026120019,requires_manual_download,0,No candidate OA PDF URL produced a usable PDF automatically.,paper-0241_a_transfer_learning_approach_to_predict_corrosion_induced_concrete_cracking_based_on_steel_w.pdf
excluded,software_it_cyber,medium,"controversial scan: Remote-handling networking supports maintenance/inspection operations in fusion facilities, but it is not predictive maintenance or asset-health prediction.",paper-0248,2026,Remote handling operation for IFMIF-DONES supported by time-sensitive networking,Vázquez V.; Valenzuela E.; Shepstone R.; Megías C.; Miccichè G.; Ros E.; Barranco F.,Nuclear Fusion,10.1088/1741-4326/ae511e,https://doi.org/10.1088/1741-4326/ae511e,10.1088,IOP/ECS,All Open Access; Gold Open Access; Green Open Access,https://www.scopus.com/pages/publications/105033454402?origin=resultslist,2-s2.0-105033454402,requires_manual_download,1,No candidate OA PDF URL produced a usable PDF automatically.,paper-0248_remote_handling_operation_for_ifmif_dones_supported_by_time_sensitive_networking.pdf
excluded,generic_nonmaintenance_ai_control,medium,generic MLOps monitoring app,paper-0271,2026,ObServML: Deployable Python application for compact and modular systems monitoring,Ipkovich Á.; Abonyi J.; Kummer A.,SoftwareX,10.1016/j.softx.2026.102596,https://doi.org/10.1016/j.softx.2026.102596,10.1016,Elsevier / ScienceDirect,All Open Access; Gold Open Access; Green Open Access,https://www.scopus.com/pages/publications/105032186539?origin=resultslist,2-s2.0-105032186539,requires_manual_download,0,No candidate OA PDF URL produced a usable PDF automatically.,paper-0271_observml_deployable_python_application_for_compact_and_modular_systems_monitoring.pdf
excluded,generic_nonmaintenance_ai_control,medium,battery SOC only,paper-0281,2026,Robust and data-efficient battery state of charge estimation via transfer learning-enhanced physics-informed neural networks,Hong S.; Kim H.; Kim J.; Baek J.,Journal of Energy Storage,10.1016/j.est.2026.120671,https://doi.org/10.1016/j.est.2026.120671,10.1016,Elsevier / ScienceDirect,All Open Access; Hybrid Gold Open Access,https://www.scopus.com/pages/publications/105027945626?origin=resultslist,2-s2.0-105027945626,requires_manual_download,0,No candidate OA PDF URL produced a usable PDF automatically.,paper-0281_robust_and_data_efficient_battery_state_of_charge_estimation_via_transfer_learning_enhanced.pdf
excluded,other_nonmaintenance,medium,composite design failure,paper-0283,2026,Uncertainty quantification for competing failure mechanisms in unidirectionally reinforced carbon–carbon composites,Skweres S.B.; Creveling P.J.; Sommer D.E.; Roberts S.A.; Sangid M.D.,Materials and Design,10.1016/j.matdes.2026.116019,https://doi.org/10.1016/j.matdes.2026.116019,10.1016,Elsevier / ScienceDirect,All Open Access; Gold Open Access; Green Open Access,https://www.scopus.com/pages/publications/105036824517?origin=resultslist,2-s2.0-105036824517,requires_manual_download,0,No candidate OA PDF URL produced a usable PDF automatically.,paper-0283_uncertainty_quantification_for_competing_failure_mechanisms_in_unidirectionally_reinforced_c.pdf
excluded,generic_nonmaintenance_ai_control,medium,battery material regeneration,paper-0288,2026,Machine Learning Framework for Optimising Regeneration of Lithium-Ion Battery Cathode Materials,Alyoubi M.; Zoromba M.S.; Abdel-Aziz M.H.; Bassyouni M.; Mahmoud E.R.I.; Ali I.; Abdelkader A.M.,Energy Technology,10.1002/ente.202502551,https://doi.org/10.1002/ente.202502551,10.1002,Wiley / IET / Hindawi,All Open Access; Hybrid Gold Open Access,https://www.scopus.com/pages/publications/105036303251?origin=resultslist,2-s2.0-105036303251,requires_manual_download,1,No candidate OA PDF URL produced a usable PDF automatically.,paper-0288_machine_learning_framework_for_optimising_regeneration_of_lithium_ion_battery_cathode_materi.pdf
excluded,environment_natural_system,high,civil infra update: steel railway bridge fatigue,paper-0299,2026,Direct estimation of fatigue stress spectra from bridge vibration signals using an attention-enhanced convolutional neural network,Meng B.-W.; Bayane I.; Leander J.,Engineering Structures,10.1016/j.engstruct.2026.122514,https://doi.org/10.1016/j.engstruct.2026.122514,10.1016,Elsevier / ScienceDirect,All Open Access; Hybrid Gold Open Access,https://www.scopus.com/pages/publications/105034575826?origin=resultslist,2-s2.0-105034575826,requires_manual_download,0,No candidate OA PDF URL produced a usable PDF automatically.,paper-0299_direct_estimation_of_fatigue_stress_spectra_from_bridge_vibration_signals_using_an_attention.pdf
excluded,generic_nonmaintenance_ai_control,high,energy conversion optimization,paper-0303,2026,"What opportunities does the fusion of AI with UT present for sustainable energy solutions, including power-to-gas methane conversion and combined heat and power applications?",Yu J.; Ali A.B.M.; Al-Nussairi A.K.J.; Singh N.S.S.; Banizaman H.; Al-Zahiwat M.M.; Liu Y.; Huang W.,Energy Reports,10.1016/j.egyr.2026.109283,https://doi.org/10.1016/j.egyr.2026.109283,10.1016,Elsevier / ScienceDirect,All Open Access; Gold Open Access,https://www.scopus.com/pages/publications/105038445615?origin=resultslist,2-s2.0-105038445615,requires_manual_download,0,No candidate OA PDF URL produced a usable PDF automatically.,paper-0303_what_opportunities_does_the_fusion_of_ai_with_ut_present_for_sustainable_energy_solutions_in.pdf
excluded,clinical_human_outcome,high,IVF outcome prediction,paper-0311,2026,Double-stranded sperm DNA fragmentation measured with neutral comet assay as a predictor of IVF outcomes: evidence from three European clinics in a multi-centred prospective study,Humaidan P.; Povlsen B.B.; Drakeley A.J.; Jensen M.B.; Gabrielsen A.V.; McDowell S.H.; Moore L.; Ledgerwood C.J.; Rae L.; Sloan A.; Lawlor M.; Poots L.; Bailie E.; Lunt R.L.; Newton E.; Gregoire R.C.; Moore T.C.B.; Esteves S.C.,Human Reproduction,10.1093/humrep/deag046,https://doi.org/10.1093/humrep/deag046,10.1093,Oxford University Press,All Open Access; Green Open Access; Hybrid Gold Open Access,https://www.scopus.com/pages/publications/105037792372?origin=resultslist,2-s2.0-105037792372,requires_manual_download,1,No candidate OA PDF URL produced a usable PDF automatically.,paper-0311_double_stranded_sperm_dna_fragmentation_measured_with_neutral_comet_assay_as_a_predictor_of.pdf
excluded,generic_nonmaintenance_ai_control,medium,crystal growth process monitoring,paper-0312,2026,A slow-feature-enhanced dual-stream deep network for Czochralski crystal growth condition monitoring in semiconductor silicon single crystal manufacturing process,Ren J.-C.; Huang Z.-X.; Liu D.; Wan Y.,AIP Advances,10.1063/5.0333221,https://doi.org/10.1063/5.0333221,10.1063,AIP,All Open Access; Gold Open Access; Green Open Access,https://www.scopus.com/pages/publications/105039287894?origin=resultslist,2-s2.0-105039287894,requires_manual_download,0,No candidate OA PDF URL produced a usable PDF automatically.,paper-0312_a_slow_feature_enhanced_dual_stream_deep_network_for_czochralski_crystal_growth_condition_mo.pdf
excluded,software_it_cyber,high,firmware software faults,paper-0314,2026,Statistical-based metric threshold setting method for software fault prediction in firmware projects: An industrial experience,Amalfitano D.; De Luca M.; Rita Fasolino A.; Tramontana P.,Journal of Systems and Software,10.1016/j.jss.2026.112818,https://doi.org/10.1016/j.jss.2026.112818,10.1016,Elsevier / ScienceDirect,All Open Access; Hybrid Gold Open Access,https://www.scopus.com/pages/publications/105030468179?origin=resultslist,2-s2.0-105030468179,requires_manual_download,0,No candidate OA PDF URL produced a usable PDF automatically.,paper-0314_statistical_based_metric_threshold_setting_method_for_software_fault_prediction_in_firmware.pdf
excluded,other_nonmaintenance,medium,burnishing process damage,paper-0321,2026,Numerical modeling of damage accumulation mechanism in ball burnishing with undefined ball motion of AA6061-T6,Sakhaei A.H.; Baseri H.; Mirnia M.J.,CIRP Journal of Manufacturing Science and Technology,10.1016/j.cirpj.2025.12.013,https://doi.org/10.1016/j.cirpj.2025.12.013,10.1016,Elsevier / ScienceDirect,All Open Access; Hybrid Gold Open Access,https://www.scopus.com/pages/publications/105026135333?origin=resultslist,2-s2.0-105026135333,requires_manual_download,0,No candidate OA PDF URL produced a usable PDF automatically.,paper-0321_numerical_modeling_of_damage_accumulation_mechanism_in_ball_burnishing_with_undefined_ball_m.pdf
excluded,generic_nonmaintenance_ai_control,high,metamaterial design AI,paper-0325,2026,Artificial intelligence driven design and fabrication of metamaterials and metasurfaces,Al-Raeei M.,Results in Materials,10.1016/j.rinma.2026.100954,https://doi.org/10.1016/j.rinma.2026.100954,10.1016,Elsevier / ScienceDirect,All Open Access; Gold Open Access,https://www.scopus.com/pages/publications/105037517343?origin=resultslist,2-s2.0-105037517343,requires_manual_download,0,No candidate OA PDF URL produced a usable PDF automatically.,paper-0325_artificial_intelligence_driven_design_and_fabrication_of_metamaterials_and_metasurfaces.pdf
excluded,software_it_cyber,high,cloud Byzantine failures,paper-0328,2026,Optimal Generative Adversarial Network-Bidirectional Long Short-Term Memory-Based Byzantine Failure Prediction and Failure Tolerance in Cloud Computing,Manju R.; Muthusenthil B.,International Journal of Software Engineering and Knowledge Engineering,10.1142/S0218194025500998,https://doi.org/10.1142/S0218194025500998,10.1142,Other,All Open Access; Hybrid Gold Open Access,https://www.scopus.com/pages/publications/105028650383?origin=resultslist,2-s2.0-105028650383,requires_manual_download,2,No candidate OA PDF URL produced a usable PDF automatically.,paper-0328_optimal_generative_adversarial_network_bidirectional_long_short_term_memory_based_byzantine.pdf
excluded,other_nonmaintenance,high,strict update: Hydrogen tank mechanics lacks maintenance decision,paper-0342,2026,Failure prediction in composite hydrogen storage tanks using recurrent deep learning models,Qarssis Y.; Nachtane M.; Karine A.; Faik A.; Tarfaoui M.,Journal of Energy Storage,10.1016/j.est.2026.122150,https://doi.org/10.1016/j.est.2026.122150,10.1016,Elsevier / ScienceDirect,All Open Access; Hybrid Gold Open Access,https://www.scopus.com/pages/publications/105035237932?origin=resultslist,2-s2.0-105035237932,requires_manual_download,0,No candidate OA PDF URL produced a usable PDF automatically.,paper-0342_failure_prediction_in_composite_hydrogen_storage_tanks_using_recurrent_deep_learning_models.pdf
excluded,other_nonmaintenance,medium,backfill material failure,paper-0345,2026,Study on the failure mechanism and acoustic emission characteristics of cemented gangue backfill under load-gradation synergy,Han S.; Wen P.; Pei G.; Pu C.; Jiang J.; Zhou H.; Yan X.; Yu Y.; Zeng C.; Zhang M.; Guo W.,Results in Engineering,10.1016/j.rineng.2026.110661,https://doi.org/10.1016/j.rineng.2026.110661,10.1016,Elsevier / ScienceDirect,All Open Access; Gold Open Access,https://www.scopus.com/pages/publications/105036505813?origin=resultslist,2-s2.0-105036505813,requires_manual_download,0,No candidate OA PDF URL produced a usable PDF automatically.,paper-0345_study_on_the_failure_mechanism_and_acoustic_emission_characteristics_of_cemented_gangue_back.pdf
excluded,generic_nonmaintenance_ai_control,medium,generic IIoT framework,paper-0356,2026,An architectural framework design for a standardised industrial internet of things solution,Sladek P.; Maryska M.; Doucek P.,Array,10.1016/j.array.2026.100856,https://doi.org/10.1016/j.array.2026.100856,10.1016,Elsevier / ScienceDirect,All Open Access; Gold Open Access,https://www.scopus.com/pages/publications/105038248220?origin=resultslist,2-s2.0-105038248220,requires_manual_download,0,No candidate OA PDF URL produced a usable PDF automatically.,paper-0356_an_architectural_framework_design_for_a_standardised_industrial_internet_of_things_solution.pdf
excluded,generic_nonmaintenance_ai_control,high,energy optimization review,paper-0364,2026,AI-driven computational approaches for enhancing energy devices and systems: From materials to grid optimization,Xu Z.; Zhao K.; Wang Y.; Luo H.; Zhao J.,Energy Reports,10.1016/j.egyr.2026.109346,https://doi.org/10.1016/j.egyr.2026.109346,10.1016,Elsevier / ScienceDirect,All Open Access; Gold Open Access,https://www.scopus.com/pages/publications/105037159011?origin=resultslist,2-s2.0-105037159011,requires_manual_download,0,No candidate OA PDF URL produced a usable PDF automatically.,paper-0364_ai_driven_computational_approaches_for_enhancing_energy_devices_and_systems_from_materials_t.pdf
excluded,other_nonmaintenance,medium,adhesive material failure,paper-0367,2026,Progressive static failure prediction of short fibre reinforced epoxy adhesive material: A combined experimental and numerical approach,Hematipour M.; Dean A.; Tariq M.; Scheffler S.; Rolfes R.,Composite Structures,10.1016/j.compstruct.2025.119959,https://doi.org/10.1016/j.compstruct.2025.119959,10.1016,Elsevier / ScienceDirect,All Open Access; Hybrid Gold Open Access,https://www.scopus.com/pages/publications/105027321007?origin=resultslist,2-s2.0-105027321007,requires_manual_download,0,No candidate OA PDF URL produced a usable PDF automatically.,paper-0367_progressive_static_failure_prediction_of_short_fibre_reinforced_epoxy_adhesive_material_a_co.pdf
excluded,other_nonmaintenance,medium,probe roughness study,paper-0371,2026,Correlations Between Eddy Current Probe Responses and Areal Surface Roughness Parameters,Kinnunen K.; Viitala R.,IEEE/ASME Transactions on Mechatronics,10.1109/TMECH.2025.3601018,https://doi.org/10.1109/TMECH.2025.3601018,10.1109,IEEE,All Open Access; Green Open Access; Hybrid Gold Open Access,https://www.scopus.com/pages/publications/105015056684?origin=resultslist,2-s2.0-105015056684,requires_manual_download,0,No candidate OA PDF URL produced a usable PDF automatically.,paper-0371_correlations_between_eddy_current_probe_responses_and_areal_surface_roughness_parameters.pdf
excluded,environment_natural_system,high,civil infra update: RC structure corrosion prediction,paper-0382,2026,Multimodal NDT-integrated neural network with cGAN augmentation for predicting reinforcement corrosion in RC structures,Lee M.; Min J.; Lee B.; Choi H.; Kim H.-K.,Construction and Building Materials,10.1016/j.conbuildmat.2026.146058,https://doi.org/10.1016/j.conbuildmat.2026.146058,10.1016,Elsevier / ScienceDirect,All Open Access; Hybrid Gold Open Access,https://www.scopus.com/pages/publications/105035041686?origin=resultslist,2-s2.0-105035041686,requires_manual_download,0,No candidate OA PDF URL produced a usable PDF automatically.,paper-0382_multimodal_ndt_integrated_neural_network_with_cgan_augmentation_for_predicting_reinforcement.pdf
excluded,software_it_cyber,high,cloud task failures,paper-0397,2026,A deep learning approach for early prediction of task failures in cloud computing environments,Aldomi S.; Suleiman H.; Shatnawi A.; Alawneh L.,Systems and Soft Computing,10.1016/j.sasc.2026.200442,https://doi.org/10.1016/j.sasc.2026.200442,10.1016,Elsevier / ScienceDirect,All Open Access; Gold Open Access,https://www.scopus.com/pages/publications/105027329099?origin=resultslist,2-s2.0-105027329099,requires_manual_download,0,No candidate OA PDF URL produced a usable PDF automatically.,paper-0397_a_deep_learning_approach_for_early_prediction_of_task_failures_in_cloud_computing_environmen.pdf
excluded,environment_natural_system,high,civil infra update: pavement condition monitoring,paper-0399,2026,"Design and laboratory evaluation of a low-cost, portable sensor-based system for pavement condition monitoring",Wołukanis K.; Moreno-Navarro F.; Gámiz F.; Rubio-Gámez M.D.C.,Results in Engineering,10.1016/j.rineng.2026.110155,https://doi.org/10.1016/j.rineng.2026.110155,10.1016,Elsevier / ScienceDirect,All Open Access; Gold Open Access; Green Open Access,https://www.scopus.com/pages/publications/105034624144?origin=resultslist,2-s2.0-105034624144,requires_manual_download,0,No candidate OA PDF URL produced a usable PDF automatically.,paper-0399_design_and_laboratory_evaluation_of_a_low_cost_portable_sensor_based_system_for_pavement_con.pdf
excluded,environment_natural_system,medium,civil infra update: generic SHM data recovery,paper-0417,2026,Spectrally normalised Wasserstein generative adversarial imputation framework for multi-modal SHM data recovery in digital-twin systems,Saha S.; Linforth S.; Desai N.; Ngo T.,Advanced Engineering Informatics,10.1016/j.aei.2026.104734,https://doi.org/10.1016/j.aei.2026.104734,10.1016,Elsevier / ScienceDirect,All Open Access; Hybrid Gold Open Access,https://www.scopus.com/pages/publications/105037733631?origin=resultslist,2-s2.0-105037733631,requires_manual_download,0,No candidate OA PDF URL produced a usable PDF automatically.,paper-0417_spectrally_normalised_wasserstein_generative_adversarial_imputation_framework_for_multi_moda.pdf
excluded,software_it_cyber,high,Port cybersecurity risk not maintenance,paper-0425,2026,Assessing cybersecurity resilience of digital ports using a BN-FAIR framework,Liu X.; Zhou Y.; Yuen K.F.,Transportation Research Part D: Transport and Environment,10.1016/j.trd.2026.105379,https://doi.org/10.1016/j.trd.2026.105379,10.1016,Elsevier / ScienceDirect,All Open Access; Green Open Access,https://www.scopus.com/pages/publications/105036333677?origin=resultslist,2-s2.0-105036333677,requires_manual_download,0,No candidate OA PDF URL produced a usable PDF automatically.,paper-0425_assessing_cybersecurity_resilience_of_digital_ports_using_a_bn_fair_framework.pdf
excluded,environment_natural_system,high,Agricultural drought monitoring,paper-0426,2026,High-resolution monitoring of intra-seasonal agricultural drought using sentinel-2 and machine learning across bimodal growing seasons in Kenya,Mirmazloumi S.M.; Kipkulei H.; Waswa R.; Landmann T.; Dienya T.; Schwarz M.; Ramoino F.; Albergel C.; Ghazaryan G.,Ecological Indicators,10.1016/j.ecolind.2026.114790,https://doi.org/10.1016/j.ecolind.2026.114790,10.1016,Elsevier / ScienceDirect,All Open Access; Gold Open Access,https://www.scopus.com/pages/publications/105034065422?origin=resultslist,2-s2.0-105034065422,requires_manual_download,0,No candidate OA PDF URL produced a usable PDF automatically.,paper-0426_high_resolution_monitoring_of_intra_seasonal_agricultural_drought_using_sentinel_2_and_machi.pdf
excluded,software_it_cyber,high,LDoS cyberattack detection,paper-0450,2026,A predictive neural network architecture for early detection of low-rate cyberattacks,Nakıp M.,Knowledge-Based Systems,10.1016/j.knosys.2026.115995,https://doi.org/10.1016/j.knosys.2026.115995,10.1016,Elsevier / ScienceDirect,All Open Access; Hybrid Gold Open Access,https://www.scopus.com/pages/publications/105035648594?origin=resultslist,2-s2.0-105035648594,requires_manual_download,0,No candidate OA PDF URL produced a usable PDF automatically.,paper-0450_a_predictive_neural_network_architecture_for_early_detection_of_low_rate_cyberattacks.pdf
excluded,other_nonmaintenance,medium,strict update: Drill-pipe strength prediction lacks maintenance use-case,paper-0455,2026,Hybrid experimental-numerical-machine learning study for high temperature working limit characteristics and efficient failure prediction of aluminum-drill-pipe-tool-joint-assemblies,Cheng J.; Hao S.; Jin X.; Jiang Y.; Zhou Y.; Sun Y.; Gao K.,Results in Engineering,10.1016/j.rineng.2026.110823,https://doi.org/10.1016/j.rineng.2026.110823,10.1016,Elsevier / ScienceDirect,All Open Access; Gold Open Access,https://www.scopus.com/pages/publications/105037765329?origin=resultslist,2-s2.0-105037765329,requires_manual_download,0,No candidate OA PDF URL produced a usable PDF automatically.,paper-0455_hybrid_experimental_numerical_machine_learning_study_for_high_temperature_working_limit_char.pdf
excluded,other_nonmaintenance,high,Energy harvesting device not maintenance,paper-0458,2026,A cantilever-beam-structured triboelectric nanogenerator for micro-vibration energy harvesting,Chang W.; Guo H.,iScience,10.1016/j.isci.2026.115690,https://doi.org/10.1016/j.isci.2026.115690,10.1016,Elsevier / ScienceDirect,All Open Access; Gold Open Access; Green Open Access,https://www.scopus.com/pages/publications/105037051182?origin=resultslist,2-s2.0-105037051182,requires_manual_download,0,No candidate OA PDF URL produced a usable PDF automatically.,paper-0458_a_cantilever_beam_structured_triboelectric_nanogenerator_for_micro_vibration_energy_harvesti.pdf
excluded,other_nonmaintenance,high,strict update: Pipe fracture mechanics lacks maintenance decision,paper-0460,2026,"A brittle failure evaluation of a semi-elliptical surface crack in a pipe mock-up using three variations of the advanced master curve assessment accounting for ductile crack growth, constraint loss and crack front length",Lindqvist S.; Veijola T.,International Journal of Pressure Vessels and Piping,10.1016/j.ijpvp.2026.105796,https://doi.org/10.1016/j.ijpvp.2026.105796,10.1016,Elsevier / ScienceDirect,All Open Access; Hybrid Gold Open Access,https://www.scopus.com/pages/publications/105035677902?origin=resultslist,2-s2.0-105035677902,requires_manual_download,0,No candidate OA PDF URL produced a usable PDF automatically.,paper-0460_a_brittle_failure_evaluation_of_a_semi_elliptical_surface_crack_in_a_pipe_mock_up_using_thre.pdf
excluded,generic_nonmaintenance_ai_control,high,Ship fuel efficiency modeling not maintenance,paper-0461,2026,Ship operational data driven fuel efficiency assessment for shaft generator using input convex neural network,Kim D.; Jang S.; Lee J.-I.; Rhee S.H.; Kwon H.; Jeong H.,Energy Reports,10.1016/j.egyr.2025.108993,https://doi.org/10.1016/j.egyr.2025.108993,10.1016,Elsevier / ScienceDirect,All Open Access; Gold Open Access,https://www.scopus.com/pages/publications/105026287211?origin=resultslist,2-s2.0-105026287211,requires_manual_download,0,No candidate OA PDF URL produced a usable PDF automatically.,paper-0461_ship_operational_data_driven_fuel_efficiency_assessment_for_shaft_generator_using_input_conv.pdf
excluded,generic_nonmaintenance_ai_control,high,Lean manufacturing barriers not maintenance,paper-0465,2026,Integration of industry 4.0 technologies to overcome lean manufacturing barriers in Sri Lanka’s apparel sector,Silva N.; Hettiarachchi D.I.; Perera P.; Perera C.,International Journal of Lean Six Sigma,10.1108/IJLSS-09-2025-0257,https://doi.org/10.1108/IJLSS-09-2025-0257,10.1108,Other,All Open Access; Hybrid Gold Open Access,https://www.scopus.com/pages/publications/105035616876?origin=resultslist,2-s2.0-105035616876,requires_manual_download,2,No candidate OA PDF URL produced a usable PDF automatically.,paper-0465_integration_of_industry_4_0_technologies_to_overcome_lean_manufacturing_barriers_in_sri_lank.pdf
excluded,generic_nonmaintenance_ai_control,medium,Micro-hydro design control not maintenance,paper-0467,2026,Design and evaluation of a smart inline micro-hydro power plant for fluid transmission networks with adaptive control and self-cleaning capabilities,Hosseinnezhad A.; Sabri H.,Flow Measurement and Instrumentation,10.1016/j.flowmeasinst.2026.103237,https://doi.org/10.1016/j.flowmeasinst.2026.103237,10.1016,Elsevier / ScienceDirect,All Open Access; Hybrid Gold Open Access,https://www.scopus.com/pages/publications/105030325445?origin=resultslist,2-s2.0-105030325445,requires_manual_download,0,No candidate OA PDF URL produced a usable PDF automatically.,paper-0467_design_and_evaluation_of_a_smart_inline_micro_hydro_power_plant_for_fluid_transmission_netwo.pdf
excluded,clinical_human_outcome,high,Heart failure prediction,paper-0468,2026,Deep learning for heart failure prediction from chest X-ray in AF,Tsai D.-H.; Chang S.-N.; Huang P.-S.; Chen J.-J.; Wu C.-K.; Hwang J.-J.; Faisal M.; Wang Y.-C.; Leu J.-S.; Tsai C.-T.,Array,10.1016/j.array.2026.100874,https://doi.org/10.1016/j.array.2026.100874,10.1016,Elsevier / ScienceDirect,All Open Access; Gold Open Access,https://www.scopus.com/pages/publications/105039019536?origin=resultslist,2-s2.0-105039019536,requires_manual_download,0,No candidate OA PDF URL produced a usable PDF automatically.,paper-0468_deep_learning_for_heart_failure_prediction_from_chest_x_ray_in_af.pdf
excluded,other_nonmaintenance,high,Rail vibration energy harvesting only,paper-0475,2026,A railway electromagnetic power generation system based on double-sided rack mechanism,Zhang B.; Chai R.; Yang G.; Li H.; Wei X.; Trivailo P.; Lu S.; Zhou S.,Smart Materials and Structures,10.1088/1361-665X/ae5883,https://doi.org/10.1088/1361-665X/ae5883,10.1088,IOP/ECS,All Open Access; Hybrid Gold Open Access,https://www.scopus.com/pages/publications/105036232733?origin=resultslist,2-s2.0-105036232733,requires_manual_download,1,No candidate OA PDF URL produced a usable PDF automatically.,paper-0475_a_railway_electromagnetic_power_generation_system_based_on_double_sided_rack_mechanism.pdf
excluded,environment_natural_system,high,Rock failure criterion not maintenance,paper-0480,2026,A three-dimensional Hoek-Brown elastic-perfectly plastic constitutive model based on an analytical explicit solution,Schwartzkopff A.K.; Sainoki A.; Karakus M.; Akdag S.,Computers and Geotechnics,10.1016/j.compgeo.2026.108075,https://doi.org/10.1016/j.compgeo.2026.108075,10.1016,Elsevier / ScienceDirect,All Open Access; Hybrid Gold Open Access,https://www.scopus.com/pages/publications/105033334360?origin=resultslist,2-s2.0-105033334360,requires_manual_download,0,No candidate OA PDF URL produced a usable PDF automatically.,paper-0480_a_three_dimensional_hoek_brown_elastic_perfectly_plastic_constitutive_model_based_on_an_anal.pdf
excluded,environment_natural_system,high,civil infra update: mine shaft structural maintenance,paper-0490,2026,"Development of a predictive, risk-based model to assess the effects of maintenance decisions on vertical mine shaft structures",Wannenburg J.W.; Ngcobo G.N.; Heyns P.S.,Tunnelling and Underground Space Technology,10.1016/j.tust.2026.107481,https://doi.org/10.1016/j.tust.2026.107481,10.1016,Elsevier / ScienceDirect,All Open Access; Hybrid Gold Open Access,https://www.scopus.com/pages/publications/105028427268?origin=resultslist,2-s2.0-105028427268,requires_manual_download,0,No candidate OA PDF URL produced a usable PDF automatically.,paper-0490_development_of_a_predictive_risk_based_model_to_assess_the_effects_of_maintenance_decisions.pdf
excluded,environment_natural_system,high,strict update: Tunnel stability prediction in clay excluded,paper-0494,2026,An innovative UBRTME–ANN hybrid approach for failure characteristic prediction of circular tunnels in heterogeneous undrained clay,Yang F.; Ding Z.; Zheng X.; Qin A.; Yang J.,Tunnelling and Underground Space Technology,10.1016/j.tust.2026.107573,https://doi.org/10.1016/j.tust.2026.107573,10.1016,Elsevier / ScienceDirect,All Open Access; Hybrid Gold Open Access,https://www.scopus.com/pages/publications/105031620603?origin=resultslist,2-s2.0-105031620603,requires_manual_download,0,No candidate OA PDF URL produced a usable PDF automatically.,paper-0494_an_innovative_ubrtme_ann_hybrid_approach_for_failure_characteristic_prediction_of_circular_t.pdf
excluded,other_nonmaintenance,high,Road thermal energy model not maintenance,paper-0495,2026,"Study of a road thermal collector prototype: mathematical model, numerical simulations and experimental validation",Biondi A.; Buscemi A.; Bonomolo M.; Guarino S.; Di Liberto M.,Energy Conversion and Management: X,10.1016/j.ecmx.2026.101736,https://doi.org/10.1016/j.ecmx.2026.101736,10.1016,Elsevier / ScienceDirect,All Open Access; Gold Open Access,https://www.scopus.com/pages/publications/105033863813?origin=resultslist,2-s2.0-105033863813,requires_manual_download,0,No candidate OA PDF URL produced a usable PDF automatically.,paper-0495_study_of_a_road_thermal_collector_prototype_mathematical_model_numerical_simulations_and_exp.pdf
excluded,generic_nonmaintenance_ai_control,high,Generic digital twin consistency framework,paper-0496,2026,A consistency management framework for digital twin models,Muctadir H.M.; Kamburjan E.; Cleophas L.; van den Brand M.,Journal of Systems and Software,10.1016/j.jss.2025.112750,https://doi.org/10.1016/j.jss.2025.112750,10.1016,Elsevier / ScienceDirect,All Open Access; Green Open Access; Hybrid Gold Open Access,https://www.scopus.com/pages/publications/105027462247?origin=resultslist,2-s2.0-105027462247,requires_manual_download,0,No candidate OA PDF URL produced a usable PDF automatically.,paper-0496_a_consistency_management_framework_for_digital_twin_models.pdf
excluded,other_nonmaintenance,high,Material circularity assessment not maintenance,paper-0498,2026,A framework for assessing material Circularity: Integrating key performance indicators across the building life cycle,Gunawardhana P.; Perera B.A.K.S.; Fernando M.H.; Amarasinghe I.,Journal of Cleaner Production,10.1016/j.jclepro.2026.148571,https://doi.org/10.1016/j.jclepro.2026.148571,10.1016,Elsevier / ScienceDirect,All Open Access; Hybrid Gold Open Access,https://www.scopus.com/pages/publications/105039276604?origin=resultslist,2-s2.0-105039276604,requires_manual_download,0,No candidate OA PDF URL produced a usable PDF automatically.,paper-0498_a_framework_for_assessing_material_circularity_integrating_key_performance_indicators_across.pdf
excluded,other_nonmaintenance,medium,Battery crash safety not maintenance,paper-0505,2026,Crash Failure Prediction of Lithium-ion Batteries Based on Finite Element and Machine Learning Methods,Ma Y.; He H.; Wang N.; Tang H.; Xia H.; Chen G.; Song Z.; Chen W.,Latin American Journal of Solids and Structures,10.1590/1679-7825/e8785,https://doi.org/10.1590/1679-7825/e8785,10.1590,Other,All Open Access; Gold Open Access,https://www.scopus.com/pages/publications/105032535758?origin=resultslist,2-s2.0-105032535758,requires_manual_download,0,No candidate OA PDF URL produced a usable PDF automatically.,paper-0505_crash_failure_prediction_of_lithium_ion_batteries_based_on_finite_element_and_machine_learni.pdf
excluded,generic_nonmaintenance_ai_control,medium,Battery SoC prediction not maintenance,paper-0511,2026,Real-time adaptive neural network-based state of charge prediction of battery pack in a digital twin framework,Farooq S.; Harshith M.; Bhatkhande A.; Kumaresan N.; Karthikeyan B.; Rammohan A.,Array,10.1016/j.array.2025.100638,https://doi.org/10.1016/j.array.2025.100638,10.1016,Elsevier / ScienceDirect,All Open Access; Gold Open Access; Green Open Access,https://www.scopus.com/pages/publications/105024211166?origin=resultslist,2-s2.0-105024211166,requires_manual_download,0,No candidate OA PDF URL produced a usable PDF automatically.,paper-0511_real_time_adaptive_neural_network_based_state_of_charge_prediction_of_battery_pack_in_a_digi.pdf
excluded,environment_natural_system,high,civil infra update: bridge digital twin SHM,paper-0535,2026,A demonstration of a digital twin framework for structural health monitoring: Application to bridge infrastructures,Nasim M.; Rajabifard A.; Chen Y.; Samali B.,Journal of Infrastructure Intelligence and Resilience,10.1016/j.iintel.2025.100184,https://doi.org/10.1016/j.iintel.2025.100184,10.1016,Elsevier / ScienceDirect,All Open Access; Gold Open Access,https://www.scopus.com/pages/publications/105024348142?origin=resultslist,2-s2.0-105024348142,requires_manual_download,0,No candidate OA PDF URL produced a usable PDF automatically.,paper-0535_a_demonstration_of_a_digital_twin_framework_for_structural_health_monitoring_application_to.pdf
excluded,other_nonmaintenance,high,strict update: Cavitation erosion model lacks asset case,paper-0559,2026,A universal phenomenological model for cavitation erosion based on a modified Weibull distribution,Yang X.,Results in Engineering,10.1016/j.rineng.2026.109545,https://doi.org/10.1016/j.rineng.2026.109545,10.1016,Elsevier / ScienceDirect,All Open Access; Gold Open Access,https://www.scopus.com/pages/publications/105030338174?origin=resultslist,2-s2.0-105030338174,requires_manual_download,0,No candidate OA PDF URL produced a usable PDF automatically.,paper-0559_a_universal_phenomenological_model_for_cavitation_erosion_based_on_a_modified_weibull_distri.pdf
excluded,environment_natural_system,high,civil infra update: railway track fault classification,paper-0564,2026,Railway Track Fault Classification for Predictive Maintenance Using Deep Learning Algorithms Based on a 2D Train-Track-Bridge Interaction Model,Memon S.; Moin L.; Usama M.; Almutairi A.; Salhi A.; Hussain I.; Rehman M.U.,IET Intelligent Transport Systems,10.1049/itr2.70191,https://doi.org/10.1049/itr2.70191,10.1049,Wiley / IET / Hindawi,All Open Access; Gold Open Access,https://www.scopus.com/pages/publications/105033215461?origin=resultslist,2-s2.0-105033215461,requires_manual_download,10,No candidate OA PDF URL produced a usable PDF automatically.,paper-0564_railway_track_fault_classification_for_predictive_maintenance_using_deep_learning_algorithms.pdf
excluded,generic_nonmaintenance_ai_control,medium,controversial scan: Lab-scale hydrogen microgrid digital twin is mainly monitoring/control proof-of-concept; PdM is only a stated future benefit.,paper-0572,2026,Lab-scale green hydrogen and fuel cell microgrid digital twin,Clennar T.; Du Y.; Liu Z.,Energy Conversion and Management,10.1016/j.enconman.2025.120928,https://doi.org/10.1016/j.enconman.2025.120928,10.1016,Elsevier / ScienceDirect,All Open Access; Hybrid Gold Open Access,https://www.scopus.com/pages/publications/105024860845?origin=resultslist,2-s2.0-105024860845,requires_manual_download,0,No candidate OA PDF URL produced a usable PDF automatically.,paper-0572_lab_scale_green_hydrogen_and_fuel_cell_microgrid_digital_twin.pdf
excluded,other_nonmaintenance,high,strict update: Facilities appliance classification lacks maintenance focus,paper-0587,2026,Automating appliance verification in facilities management using a denoised Voltage-Current feature extraction and classification pipeline,Lee S.; Doctor F.; Anisi M.H.; Goud S.; Wang X.,Journal of Industrial Information Integration,10.1016/j.jii.2025.101040,https://doi.org/10.1016/j.jii.2025.101040,10.1016,Elsevier / ScienceDirect,All Open Access; Hybrid Gold Open Access,https://www.scopus.com/pages/publications/105025125458?origin=resultslist,2-s2.0-105025125458,requires_manual_download,0,No candidate OA PDF URL produced a usable PDF automatically.,paper-0587_automating_appliance_verification_in_facilities_management_using_a_denoised_voltage_current.pdf
excluded,other_nonmaintenance,medium,Impact failure mechanics without maintenance,paper-0613,2026,Failure behavior of power transmission engineering lap structures under dynamic impacts,Li Z.; Yuan X.; Yuxiang L.; Wang K.; Zhao Y.; Sun J.; Li J.; Yang G.; Qiu C.; Yuan Y.,International Journal of Impact Engineering,10.1016/j.ijimpeng.2025.105515,https://doi.org/10.1016/j.ijimpeng.2025.105515,10.1016,Elsevier / ScienceDirect,All Open Access; Hybrid Gold Open Access,https://www.scopus.com/pages/publications/105014806068?origin=resultslist,2-s2.0-105014806068,requires_manual_download,0,No candidate OA PDF URL produced a usable PDF automatically.,paper-0613_failure_behavior_of_power_transmission_engineering_lap_structures_under_dynamic_impacts.pdf
excluded,other_nonmaintenance,high,Composite material failure mechanics,paper-0635,2026,Effect of microdamage on the failure of open-hole UD GFRP laminates: A combined experimental and numerical study,Şener Ö.; Kayran A.,Mechanics of Materials,10.1016/j.mechmat.2025.105524,https://doi.org/10.1016/j.mechmat.2025.105524,10.1016,Elsevier / ScienceDirect,All Open Access; Green Open Access,https://www.scopus.com/pages/publications/105021849906?origin=resultslist,2-s2.0-105021849906,requires_manual_download,0,No candidate OA PDF URL produced a usable PDF automatically.,paper-0635_effect_of_microdamage_on_the_failure_of_open_hole_ud_gfrp_laminates_a_combined_experimental.pdf
excluded,generic_nonmaintenance_ai_control,high,Train motion classification only,paper-0639,2026,Train motion prognostics and classification from multi-source decentralised sensors using unsupervised data-driven technology,Huang J.; Sresakoolchai J.; Kaewunruen S.; Muniasamy N.,Transportation Engineering,10.1016/j.treng.2026.100423,https://doi.org/10.1016/j.treng.2026.100423,10.1016,Elsevier / ScienceDirect,All Open Access; Gold Open Access; Green Open Access,https://www.scopus.com/pages/publications/105029291472?origin=resultslist,2-s2.0-105029291472,requires_manual_download,0,No candidate OA PDF URL produced a usable PDF automatically.,paper-0639_train_motion_prognostics_and_classification_from_multi_source_decentralised_sensors_using_un.pdf
excluded,software_it_cyber,high,controversial scan: Targets 5G radio link failures and QoS alerts rather than maintenance of a clearly defined physical asset.,paper-0659,2026,Predictive Maintenance and Reliability in Intelligent 5G Networks Based on Graph Neural Networks,Ampratwum I.; Elhadef M.; Nayak A.,IEEE Access,10.1109/ACCESS.2026.3673933,https://doi.org/10.1109/ACCESS.2026.3673933,10.1109,IEEE,All Open Access; Gold Open Access; Green Open Access,https://www.scopus.com/pages/publications/105032832483?origin=resultslist,2-s2.0-105032832483,requires_manual_download,0,No candidate OA PDF URL produced a usable PDF automatically.,paper-0659_predictive_maintenance_and_reliability_in_intelligent_5g_networks_based_on_graph_neural_netw.pdf
excluded,environment_natural_system,high,civil infra update: prestressed concrete bridge monitoring,paper-0661,2026,Long-term monitoring of externally prestressed concrete bridges using semi-closed elasto-magnetic sensors,Wu S.,Journal of Infrastructure Intelligence and Resilience,10.1016/j.iintel.2025.100182,https://doi.org/10.1016/j.iintel.2025.100182,10.1016,Elsevier / ScienceDirect,All Open Access; Gold Open Access,https://www.scopus.com/pages/publications/105021252846?origin=resultslist,2-s2.0-105021252846,requires_manual_download,0,No candidate OA PDF URL produced a usable PDF automatically.,paper-0661_long_term_monitoring_of_externally_prestressed_concrete_bridges_using_semi_closed_elasto_mag.pdf
excluded,generic_nonmaintenance_ai_control,high,HVAC comfort energy optimization,paper-0664,2026,Hybrid modeling and implementation of an intelligent evaporative cooling system with charcoal moisture buffering,Shrivastava A.; Mishra G.P.,Engineering Research Express,10.1088/2631-8695/ae4f53,https://doi.org/10.1088/2631-8695/ae4f53,10.1088,IOP/ECS,All Open Access; Hybrid Gold Open Access,https://www.scopus.com/pages/publications/105033477594?origin=resultslist,2-s2.0-105033477594,requires_manual_download,1,No candidate OA PDF URL produced a usable PDF automatically.,paper-0664_hybrid_modeling_and_implementation_of_an_intelligent_evaporative_cooling_system_with_charcoa.pdf
excluded,generic_nonmaintenance_ai_control,medium,Generator output modeling only,paper-0666,2026,Research on output power modeling of all-electric marine diesel generator set based on data-driven,Xiao L.; Yu W.; Wang H.; Chen Y.,Ocean Engineering,10.1016/j.oceaneng.2025.123955,https://doi.org/10.1016/j.oceaneng.2025.123955,10.1016,Elsevier / ScienceDirect,All Open Access; Green Open Access; Hybrid Gold Open Access,https://www.scopus.com/pages/publications/105030061163?origin=resultslist,2-s2.0-105030061163,requires_manual_download,1,No candidate OA PDF URL produced a usable PDF automatically.,paper-0666_research_on_output_power_modeling_of_all_electric_marine_diesel_generator_set_based_on_data.pdf
excluded,other_nonmaintenance,high,strict update: Architectural heritage conservation is excluded,paper-0691,2026,Digital twin for cultural heritage: A computational approach to predictive conservation,Colace F.; Limongiello M.; Lorusso A.; Pellegrino M.; Santaniello D.; Santoriello A.,Digital Applications in Archaeology and Cultural Heritage,10.1016/j.daach.2026.e00519,https://doi.org/10.1016/j.daach.2026.e00519,10.1016,Elsevier / ScienceDirect,All Open Access; Hybrid Gold Open Access,https://www.scopus.com/pages/publications/105031361181?origin=resultslist,2-s2.0-105031361181,requires_manual_download,0,No candidate OA PDF URL produced a usable PDF automatically.,paper-0691_digital_twin_for_cultural_heritage_a_computational_approach_to_predictive_conservation.pdf
excluded,environment_natural_system,high,Beaver river condition assessment,paper-0703,2026,A preliminary study and assessment of the effects of beaver engineering on river condition and its relevance for biodiversity net gain,Gurnell A.M.; Gurnell J.,Journal of Environmental Management,10.1016/j.jenvman.2026.128818,https://doi.org/10.1016/j.jenvman.2026.128818,10.1016,Elsevier / ScienceDirect,All Open Access; Hybrid Gold Open Access,https://www.scopus.com/pages/publications/105029478375?origin=resultslist,2-s2.0-105029478375,requires_manual_download,0,No candidate OA PDF URL produced a usable PDF automatically.,paper-0703_a_preliminary_study_and_assessment_of_the_effects_of_beaver_engineering_on_river_condition_a.pdf
excluded,generic_nonmaintenance_ai_control,medium,Floating PV performance modeling,paper-0739,2026,Digital twins for a floating photovoltaic system with experimental data mining and artificial intelligence modelling,Yang D.; Shi W.; Aliseda J.; Gerval N.; Rathakrishnan S.; Ibrahim K.; Lyu X.; Mi C.; Huang L.,Solar Energy,10.1016/j.solener.2025.114249,https://doi.org/10.1016/j.solener.2025.114249,10.1016,Elsevier / ScienceDirect,All Open Access; Hybrid Gold Open Access,https://www.scopus.com/pages/publications/105024449994?origin=resultslist,2-s2.0-105024449994,requires_manual_download,0,No candidate OA PDF URL produced a usable PDF automatically.,paper-0739_digital_twins_for_a_floating_photovoltaic_system_with_experimental_data_mining_and_artificia.pdf
excluded,business_social_finance,high,Bank failure financial prediction,paper-0743,2026,Structure Learning–Based Interaction Feature Construction for Bank Failure Prediction,Lee C.; Pyo S.; Cho M.,IEEE Access,10.1109/ACCESS.2026.3689132,https://doi.org/10.1109/ACCESS.2026.3689132,10.1109,IEEE,All Open Access; Gold Open Access; Green Open Access,https://www.scopus.com/pages/publications/105037887766?origin=resultslist,2-s2.0-105037887766,requires_manual_download,0,No candidate OA PDF URL produced a usable PDF automatically.,paper-0743_structure_learning_based_interaction_feature_construction_for_bank_failure_prediction.pdf
excluded,generic_nonmaintenance_ai_control,medium,generic cleanup: Injection molding process monitoring lacks asset maintenance focus,paper-0762,2026,"Integrated capacitance–pressure–temperature sensor for injection molding applications: Shrinkage estimation, process monitoring, and leakage detection",Zheng W.; Hu G.; Dong H.; Hu H.; Lee S.W.R.; Gao F.,Measurement: Journal of the International Measurement Confederation,10.1016/j.measurement.2025.119664,https://doi.org/10.1016/j.measurement.2025.119664,10.1016,Elsevier / ScienceDirect,All Open Access; Hybrid Gold Open Access,https://www.scopus.com/pages/publications/105021082626?origin=resultslist,2-s2.0-105021082626,requires_manual_download,0,No candidate OA PDF URL produced a usable PDF automatically.,paper-0762_integrated_capacitance_pressure_temperature_sensor_for_injection_molding_applications_shrink.pdf
excluded,generic_nonmaintenance_ai_control,high,Vibrating screen flowrate prediction,paper-0764,2026,"Prediction of feed flowrates, based on vibration patterns, generated by vibration sensors on an industrial circular vibrating screen using a set of ML models",Krukenfellner P.; Rueckert E.; Flachberger H.,Minerals Engineering,10.1016/j.mineng.2025.109963,https://doi.org/10.1016/j.mineng.2025.109963,10.1016,Elsevier / ScienceDirect,All Open Access; Hybrid Gold Open Access,https://www.scopus.com/pages/publications/105023160974?origin=resultslist,2-s2.0-105023160974,requires_manual_download,0,No candidate OA PDF URL produced a usable PDF automatically.,paper-0764_prediction_of_feed_flowrates_based_on_vibration_patterns_generated_by_vibration_sensors_on_a.pdf
excluded,clinical_human_outcome,high,Human cardiovascular risk prediction,paper-0766,2026,Impact of Renal Disease Markers on Cardiovascular Disease Risk Prediction When Coronary Calcium Score Is Known,Barzilay J.; Trujillo R.; Hansen S.; Blaha M.; Budoff M.; McClelland R.L.,Journal of the American Heart Association,10.1161/JAHA.125.043845,https://doi.org/10.1161/JAHA.125.043845,10.1161,Other,All Open Access; Gold Open Access; Green Open Access,https://www.scopus.com/pages/publications/105029426691?origin=resultslist,2-s2.0-105029426691,requires_manual_download,5,No candidate OA PDF URL produced a usable PDF automatically.,paper-0766_impact_of_renal_disease_markers_on_cardiovascular_disease_risk_prediction_when_coronary_calc.pdf
excluded,other_nonmaintenance,high,Composite material pressure damage,paper-0770,2026,Progressive study of water pressure-induced damage in hollow glass microsphere/epoxy resin composite materials based on the theory of elastic strain energy,Wang J.; Tang W.; Sun H.; Cui W.; Chen J.; Gao B.; Kang L.,Forces in Mechanics,10.1016/j.finmec.2025.100348,https://doi.org/10.1016/j.finmec.2025.100348,10.1016,Elsevier / ScienceDirect,All Open Access; Gold Open Access; Green Open Access,https://www.scopus.com/pages/publications/105027647871?origin=resultslist,2-s2.0-105027647871,requires_manual_download,0,No candidate OA PDF URL produced a usable PDF automatically.,paper-0770_progressive_study_of_water_pressure_induced_damage_in_hollow_glass_microsphere_epoxy_resin_c.pdf
excluded,acronym_collision,high,PDM means pickled mustard,paper-0796,2026,Exploration of the Core Microorganisms and Mechanisms of Biogenic Amine Production During PDM Fermentations,Xu H.; Zhou H.; Zhou N.; Jiang X.; Pei Q.; Huang S.; Xiong T.; Liu Z.,Journal of Food Science,10.1111/1750-3841.70784,https://doi.org/10.1111/1750-3841.70784,10.1111,Wiley / IET / Hindawi,All Open Access; Bronze Open Access,https://www.scopus.com/pages/publications/105026069433?origin=resultslist,2-s2.0-105026069433,requires_manual_download,2,No candidate OA PDF URL produced a usable PDF automatically.,paper-0796_exploration_of_the_core_microorganisms_and_mechanisms_of_biogenic_amine_production_during_pd.pdf
excluded,acronym_collision,high,CBM means circular business model,paper-0797,2026,THE DETERMINING ROLE OF FIRM INNOVATIVENESS IN THE IMPLEMENTATION OF CIRCULAR BUSINESS MODELS: AN EMPIRICAL STUDY OF THE MANUFACTURING INDUSTRY IN BOSNIA AND HERZEGOVINA; [ULOGA INOVATIVNOSTI TVRTKE U PROVEDBI KRUŽNOG POSLOVNOG MODELA (CBM)],Umihanić U.; Tipurić D.,Management (Croatia),10.30924/mjcmi.31.1.2,https://doi.org/10.30924/mjcmi.31.1.2,10.30924,Other,All Open Access; Gold Open Access; Green Open Access,https://www.scopus.com/pages/publications/105032456164?origin=resultslist,2-s2.0-105032456164,requires_manual_download,1,No candidate OA PDF URL produced a usable PDF automatically.,paper-0797_the_determining_role_of_firm_innovativeness_in_the_implementation_of_circular_business_model.pdf
excluded,environment_natural_system,high,civil infra update: high-speed slab track debonding,paper-0816,2026,Dynamic assessment of interlayer debonding in high-speed slab tracks using frequency-domain simulation,Liu X.-Z.; Zhu L.-Y.; Li Z.-W.,Results in Engineering,10.1016/j.rineng.2025.108515,https://doi.org/10.1016/j.rineng.2025.108515,10.1016,Elsevier / ScienceDirect,All Open Access; Gold Open Access; Green Open Access,https://www.scopus.com/pages/publications/105023959882?origin=resultslist,2-s2.0-105023959882,requires_manual_download,0,No candidate OA PDF URL produced a usable PDF automatically.,paper-0816_dynamic_assessment_of_interlayer_debonding_in_high_speed_slab_tracks_using_frequency_domain.pdf
excluded,generic_nonmaintenance_ai_control,high,controversial scan: NPP digital twin is primarily for robot behavior simulation and plant performance; PdM is incidental with no degradation model.,paper-0835,2026,iFANnpp: Nuclear power plant digital twin for robots and autonomous intelligence,Do Y.; Zebrowitz M.; Stahl J.; Zhang F.,Annals of Nuclear Energy,10.1016/j.anucene.2025.111993,https://doi.org/10.1016/j.anucene.2025.111993,10.1016,Elsevier / ScienceDirect,All Open Access; Hybrid Gold Open Access,https://www.scopus.com/pages/publications/105024216010?origin=resultslist,2-s2.0-105024216010,requires_manual_download,0,No candidate OA PDF URL produced a usable PDF automatically.,paper-0835_ifannpp_nuclear_power_plant_digital_twin_for_robots_and_autonomous_intelligence.pdf
excluded,other_nonmaintenance,medium,Material fracture modeling only,paper-0842,2026,Extension and validation of the Finite Fracture Mechanics Coupled Criterion to V-notched specimens under small scale yielding conditions,Yosibash Z.; Cornetti P.,Theoretical and Applied Fracture Mechanics,10.1016/j.tafmec.2025.105237,https://doi.org/10.1016/j.tafmec.2025.105237,10.1016,Elsevier / ScienceDirect,All Open Access; Hybrid Gold Open Access,https://www.scopus.com/pages/publications/105018168174?origin=resultslist,2-s2.0-105018168174,requires_manual_download,0,No candidate OA PDF URL produced a usable PDF automatically.,paper-0842_extension_and_validation_of_the_finite_fracture_mechanics_coupled_criterion_to_v_notched_spe.pdf
excluded,environment_natural_system,high,civil infra update: rail surface wear fatigue,paper-0845,2026,Effect of the rail surface topography on wear and fatigue,Edjeou W.; Larsson P.-O.; Larsson R.; Almqvist A.,Wear,10.1016/j.wear.2025.206218,https://doi.org/10.1016/j.wear.2025.206218,10.1016,Elsevier / ScienceDirect,All Open Access; Green Open Access; Hybrid Gold Open Access,https://www.scopus.com/pages/publications/105024452869?origin=resultslist,2-s2.0-105024452869,requires_manual_download,0,No candidate OA PDF URL produced a usable PDF automatically.,paper-0845_effect_of_the_rail_surface_topography_on_wear_and_fatigue.pdf
excluded,acronym_collision,high,PHM means Psyllium husk mucilage,paper-0870,2026,"Rapid microwave-assisted combined extraction and image-guided purification of Psyllium husk hydrocolloids: Structure, amino acid profiling, and functional properties",Tosif M.M.; Bains A.; Dhull S.B.; Sadh P.K.; Ali N.; Khan M.R.; AlAsmari A.F.; Muzaffar N.; Chawla P.,Food Chemistry: X,10.1016/j.fochx.2025.103402,https://doi.org/10.1016/j.fochx.2025.103402,10.1016,Elsevier / ScienceDirect,All Open Access; Gold Open Access; Green Open Access,https://www.scopus.com/pages/publications/105030038405?origin=resultslist,2-s2.0-105030038405,requires_manual_download,0,No candidate OA PDF URL produced a usable PDF automatically.,paper-0870_rapid_microwave_assisted_combined_extraction_and_image_guided_purification_of_psyllium_husk.pdf
excluded,environment_natural_system,medium,civil infra update: metallic infrastructure corrosion,paper-0896,2026,Digital Twin Framework for Predictive Maintenance and Materials Selection Facing Climate Change,Zheludkevich M.; Jacob D.,Electrochemical Society Interface,10.1149/2.F09261IF,https://doi.org/10.1149/2.F09261IF,10.1149,IOP/ECS,All Open Access; Gold Open Access,https://www.scopus.com/pages/publications/105034389283?origin=resultslist,2-s2.0-105034389283,requires_manual_download,0,No candidate OA PDF URL produced a usable PDF automatically.,paper-0896_digital_twin_framework_for_predictive_maintenance_and_materials_selection_facing_climate_cha.pdf
excluded,environment_natural_system,high,Ecosystem condition monitoring,paper-0902,2026,A continental-scale approach to ecosystem condition monitoring using satellite imagery and deep learning,Owers C.J.; Mokany K.; Ware C.; Harwood T.D.; Yang J.; Donohue R.J.; McVicar T.R.; Lehmann E.A.; Willams K.J.; Schmidt R.K.; Paget M.; Ferrier S.; Pelletier C.,Ecological Informatics,10.1016/j.ecoinf.2026.103639,https://doi.org/10.1016/j.ecoinf.2026.103639,10.1016,Elsevier / ScienceDirect,All Open Access; Gold Open Access; Green Open Access,https://www.scopus.com/pages/publications/105029951429?origin=resultslist,2-s2.0-105029951429,requires_manual_download,0,No candidate OA PDF URL produced a usable PDF automatically.,paper-0902_a_continental_scale_approach_to_ecosystem_condition_monitoring_using_satellite_imagery_and_d.pdf
excluded,environment_natural_system,high,civil infra update: pedestrian bridge monitoring,paper-0905,2026,AAE-CycleWGAN fusion framework for generating fused strain data from sparse to dense domains in bridge monitoring systems,Hassani S.; Dackermann U.; Mousavi M.; Mustapha S.; Li J.,Information Fusion,10.1016/j.inffus.2025.103736,https://doi.org/10.1016/j.inffus.2025.103736,10.1016,Elsevier / ScienceDirect,All Open Access; Hybrid Gold Open Access,https://www.scopus.com/pages/publications/105017803174?origin=resultslist,2-s2.0-105017803174,requires_manual_download,0,No candidate OA PDF URL produced a usable PDF automatically.,paper-0905_aae_cyclewgan_fusion_framework_for_generating_fused_strain_data_from_sparse_to_dense_domains.pdf
excluded,other_nonmaintenance,high,strict update: Pressure vessel creep mechanics lacks maintenance decision,paper-0920,2026,Predicting creep failure time of thick-walled spherical vessels considering large strains,Arya V.K.,Applications in Engineering Science,10.1016/j.apples.2025.100267,https://doi.org/10.1016/j.apples.2025.100267,10.1016,Elsevier / ScienceDirect,All Open Access; Gold Open Access; Green Open Access,https://www.scopus.com/pages/publications/105024186729?origin=resultslist,2-s2.0-105024186729,requires_manual_download,0,No candidate OA PDF URL produced a usable PDF automatically.,paper-0920_predicting_creep_failure_time_of_thick_walled_spherical_vessels_considering_large_strains.pdf
excluded,generic_nonmaintenance_ai_control,medium,Renovation performance tracking only,paper-0922,2026,Stakeholder-informed renovation digital twin for multi-domain monitoring: Pilot implementation and acceptance evaluation,Doukari O.; Bacnak T.; Mahamedi E.,Energy and Buildings,10.1016/j.enbuild.2026.116979,https://doi.org/10.1016/j.enbuild.2026.116979,10.1016,Elsevier / ScienceDirect,All Open Access; Hybrid Gold Open Access,https://www.scopus.com/pages/publications/105027640875?origin=resultslist,2-s2.0-105027640875,requires_manual_download,0,No candidate OA PDF URL produced a usable PDF automatically.,paper-0922_stakeholder_informed_renovation_digital_twin_for_multi_domain_monitoring_pilot_implementatio.pdf
excluded,environment_natural_system,high,civil infra update: CRTSIII slab track SHM,paper-0926,2026,Life-cycle oriented strain reconstruction of CRTSIII slab tracks using quasi-distributed fiber Bragg grating sensing and deep learning toward sustainable high-speed rail,Yang D.; Xie X.; Li F.; Guo X.; Jiang H.; Shi X.; Zhang X.; Cui H.; Wang L.; Wu H.; Xiang P.,Developments in the Built Environment,10.1016/j.dibe.2026.100879,https://doi.org/10.1016/j.dibe.2026.100879,10.1016,Elsevier / ScienceDirect,All Open Access; Gold Open Access; Green Open Access,https://www.scopus.com/pages/publications/105031050818?origin=resultslist,2-s2.0-105031050818,requires_manual_download,0,No candidate OA PDF URL produced a usable PDF automatically.,paper-0926_life_cycle_oriented_strain_reconstruction_of_crtsiii_slab_tracks_using_quasi_distributed_fib.pdf
excluded,other_nonmaintenance,medium,Design failure modeling not maintenance,paper-0971,2026,Predictive modeling of tolerance-dependent failure behavior of self-pierce riveted joints: From coupon-level tests to sub-component validation,Olfert V.; Yang K.; Rochel P.; Bähr P.; Hein D.; Sommer S.; Meschut G.,Journal of Manufacturing Processes,10.1016/j.jmapro.2025.12.058,https://doi.org/10.1016/j.jmapro.2025.12.058,10.1016,Elsevier / ScienceDirect,All Open Access; Green Open Access; Hybrid Gold Open Access,https://www.scopus.com/pages/publications/105025711349?origin=resultslist,2-s2.0-105025711349,requires_manual_download,0,No candidate OA PDF URL produced a usable PDF automatically.,paper-0971_predictive_modeling_of_tolerance_dependent_failure_behavior_of_self_pierce_riveted_joints_fr.pdf
excluded,generic_nonmaintenance_ai_control,medium,generic cleanup: Ship digital twin focuses fuel prediction not maintenance,paper-0973,2026,Digital twin development for ship fuel consumption predictions using multiple model adaptive estimation with Eigensystem Realization Algorithm and Observer/Kalman Filter Identification,Taghavi M.; Perera L.P.,Ocean Engineering,10.1016/j.oceaneng.2025.123743,https://doi.org/10.1016/j.oceaneng.2025.123743,10.1016,Elsevier / ScienceDirect,All Open Access; Hybrid Gold Open Access,https://www.scopus.com/pages/publications/105030026612?origin=resultslist,2-s2.0-105030026612,requires_manual_download,0,No candidate OA PDF URL produced a usable PDF automatically.,paper-0973_digital_twin_development_for_ship_fuel_consumption_predictions_using_multiple_model_adaptive.pdf
excluded,other_nonmaintenance,medium,controversial scan: RENE system monitors experiment/environment parameters for stable operation; abstract lacks predictive maintenance or failure/degradation modeling.,paper-0993,2026,Integrated Monitoring and Predictive Maintenance System for the Reactor Experiment for Neutrino and Exotics (RENE),Choi J.Y.; Yang B.; Jung D.; Moon D.H.; Heo C.; Yun E.; Park H.W.; Lee J.S.; Park J.; Oh J.; Lee S.; Gwon S.; Kim N.R.; Jeon M.H.; Meang Y.C.; Kim T.R.; Choi P.; Joo K.K.; Park R.G.; Kim S.Y.; Yeo I.; Shin C.D.; Pac M.Y.; Jang J.-S.; Kim E.-J.; Hwang H.; Goh J.; Hwang W.; Ryu J.; Park J.; Bae K.J.; Hong S.; Kim H.; Kim D.; Yoo J.; Choi S.; Lee W.; Park J.; Cheoun M.-K.; Yu I.,Progress of Theoretical and Experimental Physics,10.1093/ptep/ptag009,https://doi.org/10.1093/ptep/ptag009,10.1093,Oxford University Press,All Open Access; Gold Open Access,https://www.scopus.com/pages/publications/105032676822?origin=resultslist,2-s2.0-105032676822,requires_manual_download,1,No candidate OA PDF URL produced a usable PDF automatically.,paper-0993_integrated_monitoring_and_predictive_maintenance_system_for_the_reactor_experiment_for_neutr.pdf
excluded,other_nonmaintenance,medium,3D printing failure simulation only,paper-0997,2026,Process-informed smooth particle hydrodynamics-finite element (SPH-FE) simulation of 3D concrete printing: From flow behaviour to structural failure,An D.; Zhu Z.; Rahman M.; Zhang Y.X.; Yang R.C.,Journal of Building Engineering,10.1016/j.jobe.2026.115447,https://doi.org/10.1016/j.jobe.2026.115447,10.1016,Elsevier / ScienceDirect,All Open Access; Hybrid Gold Open Access,https://www.scopus.com/pages/publications/105028616569?origin=resultslist,2-s2.0-105028616569,requires_manual_download,0,No candidate OA PDF URL produced a usable PDF automatically.,paper-0997_process_informed_smooth_particle_hydrodynamics_finite_element_sph_fe_simulation_of_3d_concre.pdf
excluded,generic_nonmaintenance_ai_control,high,generic cleanup: Manufacturing twin focuses supply disruption decisions,paper-1002,2025,A simulation-based digital twin model for data-driven decision optimization,Keshvarinia M.; MacKenzie C.A.; Zhao Z.,Decision Analytics Journal,10.1016/j.dajour.2025.100646,https://doi.org/10.1016/j.dajour.2025.100646,10.1016,Elsevier / ScienceDirect,All Open Access; Gold Open Access,https://www.scopus.com/pages/publications/105018488673?origin=resultslist,2-s2.0-105018488673,requires_manual_download,0,No candidate OA PDF URL produced a usable PDF automatically.,paper-1002_a_simulation_based_digital_twin_model_for_data_driven_decision_optimization.pdf
excluded,other_nonmaintenance,high,strict update: Composite plate deformation twin lacks maintenance use case,paper-1015,2026,Real-time deformation digital twin of composite plates via distributed fiber optic sensing,Li Y.; Pan Y.; Sharif-Khodaei Z.,Advanced Engineering Informatics,10.1016/j.aei.2025.103992,https://doi.org/10.1016/j.aei.2025.103992,10.1016,Elsevier / ScienceDirect,All Open Access; Hybrid Gold Open Access,https://www.scopus.com/pages/publications/105020572232?origin=resultslist,2-s2.0-105020572232,requires_manual_download,0,No candidate OA PDF URL produced a usable PDF automatically.,paper-1015_real_time_deformation_digital_twin_of_composite_plates_via_distributed_fiber_optic_sensing.pdf
excluded,environment_natural_system,high,Natural rock mechanics study,paper-1020,2026,Thermo-hydro-mechanical coupling analysis of dynamic responses of green sandstone subjected to high-strain rates: Experimental study and damage-based modeling,Liu S.; Chen Z.,Journal of Rock Mechanics and Geotechnical Engineering,10.1016/j.jrmge.2025.11.001,https://doi.org/10.1016/j.jrmge.2025.11.001,10.1016,Elsevier / ScienceDirect,All Open Access; Gold Open Access,https://www.scopus.com/pages/publications/105022429060?origin=resultslist,2-s2.0-105022429060,requires_manual_download,0,No candidate OA PDF URL produced a usable PDF automatically.,paper-1020_thermo_hydro_mechanical_coupling_analysis_of_dynamic_responses_of_green_sandstone_subjected.pdf
excluded,clinical_human_outcome,high,Clinical dental implant outcome,paper-1028,2026,Predicting dental implant failure risk from panoramic radiographs using deep learning,Zhao Y.; Zhao X.; Wang L.; Hu Z.; Zhang S.; Li Y.; Tong P.,Biomedical Signal Processing and Control,10.1016/j.bspc.2025.108498,https://doi.org/10.1016/j.bspc.2025.108498,10.1016,Elsevier / ScienceDirect,All Open Access; Hybrid Gold Open Access,https://www.scopus.com/pages/publications/105012368768?origin=resultslist,2-s2.0-105012368768,requires_manual_download,0,No candidate OA PDF URL produced a usable PDF automatically.,paper-1028_predicting_dental_implant_failure_risk_from_panoramic_radiographs_using_deep_learning.pdf
excluded,software_it_cyber,high,Feature store model maintenance,paper-1048,2026,SHIFT: Self-Healing Intelligence in Feature Store and Data Store Transitions,Seo S.-H.; Lim D.-J.,IEEE Access,10.1109/ACCESS.2026.3658719,https://doi.org/10.1109/ACCESS.2026.3658719,10.1109,IEEE,All Open Access; Gold Open Access,https://www.scopus.com/pages/publications/105029007363?origin=resultslist,2-s2.0-105029007363,requires_manual_download,0,No candidate OA PDF URL produced a usable PDF automatically.,paper-1048_shift_self_healing_intelligence_in_feature_store_and_data_store_transitions.pdf
excluded,generic_nonmaintenance_ai_control,high,Computer vision quality management,paper-1052,2026,Computer vision in Quality 4.0: empirical insights from industrial demands,Marinho F.D.O.; Zomer T.T.D.S.; Durão L.F.C.D.S.; Cauchick-Miguel P.A.; Zancul E.,Production,10.1590/0103-6513.20250096,https://doi.org/10.1590/0103-6513.20250096,10.1590,Other,All Open Access; Gold Open Access,https://www.scopus.com/pages/publications/105035559764?origin=resultslist,2-s2.0-105035559764,requires_manual_download,0,No candidate OA PDF URL produced a usable PDF automatically.,paper-1052_computer_vision_in_quality_4_0_empirical_insights_from_industrial_demands.pdf
excluded,generic_nonmaintenance_ai_control,medium,Forging process monitoring not maintenance,paper-1063,2026,A 120-GHz Industrial Radar Sensor Network for Condition Monitoring of a Forging Process,Jiang Y.; Knaack M.; Aljoscha Martin C.; Tost F.; Alimov A.; Hartel S.; Gardill M.,IEEE Sensors Journal,10.1109/JSEN.2025.3636060,https://doi.org/10.1109/JSEN.2025.3636060,10.1109,IEEE,All Open Access; Hybrid Gold Open Access,https://www.scopus.com/pages/publications/105023551576?origin=resultslist,2-s2.0-105023551576,requires_manual_download,0,No candidate OA PDF URL produced a usable PDF automatically.,paper-1063_a_120_ghz_industrial_radar_sensor_network_for_condition_monitoring_of_a_forging_process.pdf
excluded,generic_nonmaintenance_ai_control,medium,Injection molding product defects,paper-1075,2026,Improving Efficiency Through Data Selection for Remote Injection Molding Condition Monitoring Systems Using the Mahalanobis–Taguchi Method,Kudo K.; Abe Y.; Fukushima M.; Fukushima Y.; Kawada N.,International Journal of Automation Technology,10.20965/ijat.2026.p0093,https://doi.org/10.20965/ijat.2026.p0093,10.20965,Other,All Open Access; Gold Open Access,https://www.scopus.com/pages/publications/105028089700?origin=resultslist,2-s2.0-105028089700,requires_manual_download,2,Removed automatically downloaded PDF after title audit; no candidate matched the paper title/DOI.,paper-1075_improving_efficiency_through_data_selection_for_remote_injection_molding_condition_monitorin.pdf
excluded,environment_natural_system,high,civil infra update: Tunnel infrastructure facility maintenance system,paper-1077,2025,Data-driven digital twin-based smart tunnel maintenance system,Khan M.S.,Intelligent Geoengineering,10.1016/j.ige.2025.09.002,https://doi.org/10.1016/j.ige.2025.09.002,10.1016,Elsevier / ScienceDirect,All Open Access; Hybrid Gold Open Access,https://www.scopus.com/pages/publications/105035653439?origin=resultslist,2-s2.0-105035653439,requires_manual_download,0,No candidate OA PDF URL produced a usable PDF automatically.,paper-1077_data_driven_digital_twin_based_smart_tunnel_maintenance_system.pdf
excluded,generic_nonmaintenance_ai_control,medium,Wind optimization without maintenance,paper-1084,2026,Agentic AI in Wind Energy Systems: Multi-Agent Architectures for Optimization and Resilience,Hasan A.; Kandemir E.; Mordasov D.; Trong Nguyen D.,IEEE Access,10.1109/ACCESS.2026.3654529,https://doi.org/10.1109/ACCESS.2026.3654529,10.1109,IEEE,All Open Access; Gold Open Access,https://www.scopus.com/pages/publications/105028184594?origin=resultslist,2-s2.0-105028184594,requires_manual_download,0,No candidate OA PDF URL produced a usable PDF automatically.,paper-1084_agentic_ai_in_wind_energy_systems_multi_agent_architectures_for_optimization_and_resilience.pdf
excluded,generic_nonmaintenance_ai_control,medium,Compressor test time reduction,paper-1097,2026,Soft-sensing for compressor test time reduction with time-delay neural networks,Schwedersky B.B.; Flesch R.C.C.; Machado J.P.Z.; Nascimento A.S.B.; Schaefer M.M.; Moser D.R.,ISA Transactions,10.1016/j.isatra.2026.02.004,https://doi.org/10.1016/j.isatra.2026.02.004,10.1016,Elsevier / ScienceDirect,All Open Access; Hybrid Gold Open Access,https://www.scopus.com/pages/publications/105034137034?origin=resultslist,2-s2.0-105034137034,requires_manual_download,0,No candidate OA PDF URL produced a usable PDF automatically.,paper-1097_soft_sensing_for_compressor_test_time_reduction_with_time_delay_neural_networks.pdf
excluded,generic_nonmaintenance_ai_control,high,PV power forecasting optimization,paper-1117,2026,Feature selection and hyperparameter tuning in transformer-based deep learning models for photovoltaic power forecasting using the Swordfish Movement Optimization Algorithm (SMOA),El-kenawy E.-S.M.; Alhussan A.A.; Mattar E.A.; Radwan M.,International Journal of Electrical Power and Energy Systems,10.1016/j.ijepes.2025.111509,https://doi.org/10.1016/j.ijepes.2025.111509,10.1016,Elsevier / ScienceDirect,All Open Access; Gold Open Access; Green Open Access,https://www.scopus.com/pages/publications/105026857650?origin=resultslist,2-s2.0-105026857650,requires_manual_download,0,No candidate OA PDF URL produced a usable PDF automatically.,paper-1117_feature_selection_and_hyperparameter_tuning_in_transformer_based_deep_learning_models_for_ph.pdf
excluded,environment_natural_system,high,strict update: Rock fracture precursor monitoring is geotechnical,paper-1119,2026,Image processing based infrared precursor recognition for NPR cable anchored rock with inclination angles,Wang J.; Chang Y.; He M.,Journal of Rock Mechanics and Geotechnical Engineering,10.1016/j.jrmge.2026.01.007,https://doi.org/10.1016/j.jrmge.2026.01.007,10.1016,Elsevier / ScienceDirect,All Open Access; Gold Open Access,https://www.scopus.com/pages/publications/105036454196?origin=resultslist,2-s2.0-105036454196,requires_manual_download,0,No candidate OA PDF URL produced a usable PDF automatically.,paper-1119_image_processing_based_infrared_precursor_recognition_for_npr_cable_anchored_rock_with_incli.pdf
excluded,software_it_cyber,high,DNN neuron vulnerability,paper-1128,2026,Developing a Deep Reinforcement Learning-Based Framework for Identifying Vulnerable Neurons Across Deep Neural Networks,Su P.; Yan Z.; Chen D.,IEEE Transactions on Reliability,10.1109/TR.2026.3673605,https://doi.org/10.1109/TR.2026.3673605,10.1109,IEEE,All Open Access; Hybrid Gold Open Access,https://www.scopus.com/pages/publications/105033392910?origin=resultslist,2-s2.0-105033392910,requires_manual_download,0,No candidate OA PDF URL produced a usable PDF automatically.,paper-1128_developing_a_deep_reinforcement_learning_based_framework_for_identifying_vulnerable_neurons.pdf
excluded,clinical_human_outcome,high,Heart failure clinical prediction,paper-1131,2026,Predicting heart failure using MIMIC-IV and MIMIC-IV-ED: a comparative study of machine learning and deep learning models,Teoh J.R.; Hasikin K.; Wong J.H.D.; Ng W.L.; Lee K.W.; Kiew L.V.; Wu X.; Lai K.W.,PeerJ Computer Science,10.7717/peerj-cs.3743,https://doi.org/10.7717/peerj-cs.3743,10.7717,Other,All Open Access; Gold Open Access; Green Open Access,https://www.scopus.com/pages/publications/105035714387?origin=resultslist,2-s2.0-105035714387,requires_manual_download,1,No candidate OA PDF URL produced a usable PDF automatically.,paper-1131_predicting_heart_failure_using_mimic_iv_and_mimic_iv_ed_a_comparative_study_of_machine_learn.pdf
excluded,other_nonmaintenance,medium,strict update: Insulation nanocomposite aging classification lacks maintenance decision,paper-1135,2025,Classification of gamma-irradiated aluminum-epoxy nanocomposites utilizing laser-induced breakdown spectroscopy and machine learning techniques,Kumar G.R.; Naresh C.; Sarathi R.,Nano Express,10.1088/2632-959X/ae0b9a,https://doi.org/10.1088/2632-959X/ae0b9a,10.1088,IOP/ECS,All Open Access; Gold Open Access; Green Open Access,https://www.scopus.com/pages/publications/105018171769?origin=resultslist,2-s2.0-105018171769,requires_manual_download,1,No candidate OA PDF URL produced a usable PDF automatically.,paper-1135_classification_of_gamma_irradiated_aluminum_epoxy_nanocomposites_utilizing_laser_induced_bre.pdf
excluded,environment_natural_system,high,civil infra update: Railway track condition monitoring,paper-1159,2025,Data-driven sparse coding for onboard condition monitoring of railway tracks,Baasch B.; Groos J.C.; Heusel J.; Noll M.-C.,Mechanical Systems and Signal Processing,10.1016/j.ymssp.2025.113542,https://doi.org/10.1016/j.ymssp.2025.113542,10.1016,Elsevier / ScienceDirect,All Open Access; Hybrid Gold Open Access,https://www.scopus.com/pages/publications/105020258172?origin=resultslist,2-s2.0-105020258172,requires_manual_download,0,No candidate OA PDF URL produced a usable PDF automatically.,paper-1159_data_driven_sparse_coding_for_onboard_condition_monitoring_of_railway_tracks.pdf
excluded,generic_nonmaintenance_ai_control,medium,Hydropower design optimization,paper-1164,2026,Supporting the digitalisation of existing hydropower plants using computational fluid dynamics modelling,Ohiemi I.E.; McNabola A.,Renewable Energy,10.1016/j.renene.2025.124174,https://doi.org/10.1016/j.renene.2025.124174,10.1016,Elsevier / ScienceDirect,All Open Access; Hybrid Gold Open Access,https://www.scopus.com/pages/publications/105012637121?origin=resultslist,2-s2.0-105012637121,requires_manual_download,0,No candidate OA PDF URL produced a usable PDF automatically.,paper-1164_supporting_the_digitalisation_of_existing_hydropower_plants_using_computational_fluid_dynami.pdf
excluded,environment_natural_system,high,civil infra update: Reinforced concrete bridge specimen damage,paper-1181,2025,"Combined fatigue-corrosion damage in reinforced concrete: Experimental analysis, surface crack monitoring, and mechanical modeling",Li H.; Liao W.; Zhu H.,Construction and Building Materials,10.1016/j.conbuildmat.2025.144595,https://doi.org/10.1016/j.conbuildmat.2025.144595,10.1016,Elsevier / ScienceDirect,All Open Access; Hybrid Gold Open Access,https://www.scopus.com/pages/publications/105022844309?origin=resultslist,2-s2.0-105022844309,requires_manual_download,0,No candidate OA PDF URL produced a usable PDF automatically.,paper-1181_combined_fatigue_corrosion_damage_in_reinforced_concrete_experimental_analysis_surface_crack.pdf
excluded,generic_nonmaintenance_ai_control,high,Manufacturing inefficiency classification,paper-1197,2026,XAI-enabled framework for smart and resilient manufacturing: Multi-level classification of operational inefficiencies,Alahmadi M.,Journal of Engineering Research (Kuwait),10.1016/j.jer.2026.04.029,https://doi.org/10.1016/j.jer.2026.04.029,10.1016,Elsevier / ScienceDirect,All Open Access; Gold Open Access,https://www.scopus.com/pages/publications/105037320621?origin=resultslist,2-s2.0-105037320621,requires_manual_download,0,No candidate OA PDF URL produced a usable PDF automatically.,paper-1197_xai_enabled_framework_for_smart_and_resilient_manufacturing_multi_level_classification_of_op.pdf
excluded,environment_natural_system,high,civil infra update: Road condition and pothole detection,paper-1199,2026,A Federated Learning Approach for Scalable Road Condition Detection in Connected Vehicles,Khandakar A.; Michelson D.G.; Hossain Md.M.; Rabbani S.G.; Ahamed Md.F.; Ayari M.A.,IEEE Open Journal of Intelligent Transportation Systems,10.1109/OJITS.2026.3670716,https://doi.org/10.1109/OJITS.2026.3670716,10.1109,IEEE,All Open Access; Gold Open Access; Green Open Access,https://www.scopus.com/pages/publications/105032151189?origin=resultslist,2-s2.0-105032151189,requires_manual_download,0,No candidate OA PDF URL produced a usable PDF automatically.,paper-1199_a_federated_learning_approach_for_scalable_road_condition_detection_in_connected_vehicles.pdf
excluded,generic_nonmaintenance_ai_control,medium,generic cleanup: Floating platform offset monitoring lacks maintenance decision,paper-1202,2026,Investigating Metocean Effects on Floating Offshore Wind Platform Positional Offset Using Sentinel-2 Imagery,Filipe L.V.; Mota T.; Da Fonseca F.C.; Vieira M.,IEEE Access,10.1109/ACCESS.2026.3662158,https://doi.org/10.1109/ACCESS.2026.3662158,10.1109,IEEE,All Open Access; Gold Open Access; Green Open Access,https://www.scopus.com/pages/publications/105029831227?origin=resultslist,2-s2.0-105029831227,requires_manual_download,0,No candidate OA PDF URL produced a usable PDF automatically.,paper-1202_investigating_metocean_effects_on_floating_offshore_wind_platform_positional_offset_using_se.pdf
excluded,environment_natural_system,high,civil infra update: Railway track fastener tightness evaluation,paper-1213,2026,TrinityNet: A Novel Cross-Modality Generative Reasoning Framework for Zero-Label Railway Fastener Tightness Evaluation,Wang W.; Shah S.M.A.H.; Rahman T.U.; Shah S.F.H.; Ehsan H.; Wang J.; Wei W.; Qiu S.; Zaheer Q.,IET Intelligent Transport Systems,10.1049/itr2.70164,https://doi.org/10.1049/itr2.70164,10.1049,Wiley / IET / Hindawi,All Open Access; Gold Open Access,https://www.scopus.com/pages/publications/105029084986?origin=resultslist,2-s2.0-105029084986,requires_manual_download,10,No candidate OA PDF URL produced a usable PDF automatically.,paper-1213_trinitynet_a_novel_cross_modality_generative_reasoning_framework_for_zero_label_railway_fast.pdf
excluded,software_it_cyber,high,Task offloading not maintenance,paper-1215,2026,Firefly: Probabilistic Edge-Driven Task Offloading for Real-Time DTN-IoT Using Time-Series Foundation Models,Muller K.; Ruhland T.; Guimaraes C.; Kaiser J.; Franchi N.,IEEE Open Journal of the Communications Society,10.1109/OJCOMS.2026.3672750,https://doi.org/10.1109/OJCOMS.2026.3672750,10.1109,IEEE,All Open Access; Gold Open Access; Green Open Access,https://www.scopus.com/pages/publications/105032783783?origin=resultslist,2-s2.0-105032783783,requires_manual_download,0,No candidate OA PDF URL produced a usable PDF automatically.,paper-1215_firefly_probabilistic_edge_driven_task_offloading_for_real_time_dtn_iot_using_time_series_fo.pdf
excluded,environment_natural_system,high,Groundwater remediation study,paper-1220,2025,Remediation of chlorinated aliphatic hydrocarbons in groundwater using ZVI and low-voltage DC field: Long-term performance and insights from pilot-scale experimental study,Kleinknecht S.M.; Nosek J.; Pavelková A.; Leicht K.; Kvapil P.; Trevisan L.; Song X.; Klaas N.; Haslauer C.P.; Junginger T.,Journal of Hazardous Materials,10.1016/j.jhazmat.2025.140517,https://doi.org/10.1016/j.jhazmat.2025.140517,10.1016,Elsevier / ScienceDirect,All Open Access; Hybrid Gold Open Access,https://www.scopus.com/pages/publications/105022303945?origin=resultslist,2-s2.0-105022303945,requires_manual_download,0,No candidate OA PDF URL produced a usable PDF automatically.,paper-1220_remediation_of_chlorinated_aliphatic_hydrocarbons_in_groundwater_using_zvi_and_low_voltage_d.pdf
excluded,other_nonmaintenance,medium,strict update: Printed electronics ink aging lacks asset maintenance use case,paper-1224,2026,Thermal aging of conductive and dielectric inks for flexible printed electronics: Toward reliable strain gauge application,Dos Santos E.; Rival G.; Mioko Deme B.; Degraff J.; Liang R.; Le M.-Q.; Cottinet P.-J.,Materials Today Communications,10.1016/j.mtcomm.2025.114346,https://doi.org/10.1016/j.mtcomm.2025.114346,10.1016,Elsevier / ScienceDirect,All Open Access; Green Open Access; Hybrid Gold Open Access,https://www.scopus.com/pages/publications/105022426549?origin=resultslist,2-s2.0-105022426549,requires_manual_download,0,No candidate OA PDF URL produced a usable PDF automatically.,paper-1224_thermal_aging_of_conductive_and_dielectric_inks_for_flexible_printed_electronics_toward_reli.pdf
excluded,generic_nonmaintenance_ai_control,medium,generic cleanup: Broad smart transport review not maintenance focused,paper-1229,2025,Industry 4.0 for smart transport systems: Foundations and applications,Ahmad W.; Khan S.; Mazhar T.; Shahzad T.; Jiang W.; Hamam H.,Telematics and Informatics Reports,10.1016/j.teler.2025.100255,https://doi.org/10.1016/j.teler.2025.100255,10.1016,Elsevier / ScienceDirect,All Open Access; Gold Open Access; Green Open Access,https://www.scopus.com/pages/publications/105018053882?origin=resultslist,2-s2.0-105018053882,requires_manual_download,0,No candidate OA PDF URL produced a usable PDF automatically.,paper-1229_industry_4_0_for_smart_transport_systems_foundations_and_applications.pdf
excluded,environment_natural_system,high,civil infra update: Railway rail crack distance estimation,paper-1239,2026,Skip-Feedback Neural Network With Unsupervised Feature Learning for Railway Crack Distance Estimation,Pavitpok S.; Phasukkit P.,IEEE Access,10.1109/ACCESS.2026.3651372,https://doi.org/10.1109/ACCESS.2026.3651372,10.1109,IEEE,All Open Access; Gold Open Access,https://www.scopus.com/pages/publications/105026878538?origin=resultslist,2-s2.0-105026878538,requires_manual_download,0,No candidate OA PDF URL produced a usable PDF automatically.,paper-1239_skip_feedback_neural_network_with_unsupervised_feature_learning_for_railway_crack_distance_e.pdf
excluded,environment_natural_system,high,Crop condition monitoring,paper-1243,2026,Quantifying systematic biases in satellite-based crop condition monitoring induced by inter-annual planting dynamics,Jing K.; Zhang M.; Wu B.; Zhao H.; Zeng H.; Rembold F.; Meroni M.; Ma H.; Yang P.; Xia L.; Ahmed S.; Rojas O.,International Journal of Digital Earth,10.1080/17538947.2026.2633927,https://doi.org/10.1080/17538947.2026.2633927,10.1080,Taylor & Francis,All Open Access; Gold Open Access; Green Open Access,https://www.scopus.com/pages/publications/105030937434?origin=resultslist,2-s2.0-105030937434,requires_manual_download,1,No candidate OA PDF URL produced a usable PDF automatically.,paper-1243_quantifying_systematic_biases_in_satellite_based_crop_condition_monitoring_induced_by_inter.pdf
excluded,generic_nonmaintenance_ai_control,high,"controversial scan: Second-life battery PV-storage viability for rural heating; no condition monitoring, RUL, or maintenance decision is central.",paper-1255,2026,On the Viability of Reused Vehicle Li-Ion Batteries as PV Storage for High-Altitude Rural Areas: Case Study in Cusco-Peru,Berastain A.; Pichilingue D.; Zaga R.; Munoz A.; Enrique Ortiz-Vidal L.; Fernandez E.; Cuisano J.,IEEE Access,10.1109/ACCESS.2026.3657190,https://doi.org/10.1109/ACCESS.2026.3657190,10.1109,IEEE,All Open Access; Gold Open Access,https://www.scopus.com/pages/publications/105028422131?origin=resultslist,2-s2.0-105028422131,requires_manual_download,0,No candidate OA PDF URL produced a usable PDF automatically.,paper-1255_on_the_viability_of_reused_vehicle_li_ion_batteries_as_pv_storage_for_high_altitude_rural_ar.pdf
excluded,environment_natural_system,high,Forest resilience modeling,paper-1279,2026,Hyperspectral species maps and LiDAR-based structured population models show future forest fire frequency may compromise forest resilience,McLean J.; Jucker T.; Rosen A.; McMahon S.M.; Salguero-Gómez R.,Remote Sensing in Ecology and Conservation,10.1002/rse2.70057,https://doi.org/10.1002/rse2.70057,10.1002,Wiley / IET / Hindawi,All Open Access; Gold Open Access; Green Open Access,https://www.scopus.com/pages/publications/105029476837?origin=resultslist,2-s2.0-105029476837,requires_manual_download,1,No candidate OA PDF URL produced a usable PDF automatically.,paper-1279_hyperspectral_species_maps_and_lidar_based_structured_population_models_show_future_forest_f.pdf
excluded,generic_nonmaintenance_ai_control,high,Motor design dataset only,paper-1285,2025,Dataset for optimized design parameters of three-phase induction motors with validation through machine learning,Potnuru U.K.; Teegala S.K.; Kalabarige L.R.; Ippili V.; Holla M.R.,Data in Brief,10.1016/j.dib.2025.112274,https://doi.org/10.1016/j.dib.2025.112274,10.1016,Elsevier / ScienceDirect,All Open Access; Gold Open Access; Green Open Access,https://www.scopus.com/pages/publications/105022883064?origin=resultslist,2-s2.0-105022883064,requires_manual_download,0,No candidate OA PDF URL produced a usable PDF automatically.,paper-1285_dataset_for_optimized_design_parameters_of_three_phase_induction_motors_with_validation_thro.pdf
excluded,clinical_human_outcome,high,Older adult loneliness monitoring,paper-1290,2026,IoT-Based Loneliness Monitoring for Older Adults: Lessons From Japanese and US Communities,Mizumoto T.; Erdélyi V.; Ji X.; Yuh A.; Nakagawa T.; Suehiro T.; Nagahara H.; Gondo Y.; Demiris G.; Sokolsky O.; Lee I.; Higashino T.,IEEE Access,10.1109/ACCESS.2026.3667333,https://doi.org/10.1109/ACCESS.2026.3667333,10.1109,IEEE,All Open Access; Gold Open Access,https://www.scopus.com/pages/publications/105031406041?origin=resultslist,2-s2.0-105031406041,requires_manual_download,0,No candidate OA PDF URL produced a usable PDF automatically.,paper-1290_iot_based_loneliness_monitoring_for_older_adults_lessons_from_japanese_and_us_communities.pdf
excluded,environment_natural_system,high,civil infra update: Quay wall geotechnical life cycle modeling,paper-1294,2026,Hybrid surrogate models of quay walls,Cerek K.; Klos D.; Hadjiloo E.; Grabe J.,Proceedings of the Institution of Civil Engineers: Civil Engineering,10.1680/jcien.25.00451,https://doi.org/10.1680/jcien.25.00451,10.1680,Other,All Open Access; Hybrid Gold Open Access,https://www.scopus.com/pages/publications/105039194254?origin=resultslist,2-s2.0-105039194254,requires_manual_download,0,No candidate OA PDF URL produced a usable PDF automatically.,paper-1294_hybrid_surrogate_models_of_quay_walls.pdf
excluded,environment_natural_system,high,civil infra update: Concrete anchorage fatigue warning,paper-1300,2025,Smart sensing and automated fatigue warning in concrete anchorages using thermocouples and thermal imaging,Mellios N.; Ahmad M.; Rousakis T.; Spyridis P.,Developments in the Built Environment,10.1016/j.dibe.2025.100778,https://doi.org/10.1016/j.dibe.2025.100778,10.1016,Elsevier / ScienceDirect,All Open Access; Gold Open Access,https://www.scopus.com/pages/publications/105018301828?origin=resultslist,2-s2.0-105018301828,requires_manual_download,0,No candidate OA PDF URL produced a usable PDF automatically.,paper-1300_smart_sensing_and_automated_fatigue_warning_in_concrete_anchorages_using_thermocouples_and_t.pdf
excluded,other_nonmaintenance,medium,Smoke hazard monitoring,paper-1301,2026,Augmenting Smoke Detection Systems via Radar and Deep Learning for Continuous Hazard and Condition Monitoring: A Multispectral Analysis,Schmitz R.; Schenkel F.; Korner T.; Schultze T.; Baer C.; Balzer J.C.; Barowski J.; Rolfes I.; Schulz C.,IEEE Transactions on Radar Systems,10.1109/TRS.2026.3682428,https://doi.org/10.1109/TRS.2026.3682428,10.1109,IEEE,All Open Access; Hybrid Gold Open Access,https://www.scopus.com/pages/publications/105036100521?origin=resultslist,2-s2.0-105036100521,requires_manual_download,0,No candidate OA PDF URL produced a usable PDF automatically.,paper-1301_augmenting_smoke_detection_systems_via_radar_and_deep_learning_for_continuous_hazard_and_con.pdf
excluded,environment_natural_system,medium,Rock slope failure prediction,paper-1312,2026,Online accelerating precursor identification and dynamic probabilistic prediction for rock slope failures using Bayesian inference,Chen M.; Fu Z.; Xiong F.; Jiang J.; Jiang Q.,Journal of Rock Mechanics and Geotechnical Engineering,10.1016/j.jrmge.2025.08.048,https://doi.org/10.1016/j.jrmge.2025.08.048,10.1016,Elsevier / ScienceDirect,All Open Access; Gold Open Access; Green Open Access,https://www.scopus.com/pages/publications/105036295583?origin=resultslist,2-s2.0-105036295583,requires_manual_download,0,No candidate OA PDF URL produced a usable PDF automatically.,paper-1312_online_accelerating_precursor_identification_and_dynamic_probabilistic_prediction_for_rock_s.pdf
excluded,generic_nonmaintenance_ai_control,medium,Additive process monitoring,paper-1338,2026,Identification of coexisting dynamic coupling regimes in high-speed directed energy deposition,Gajek P.; Wexel H.; Zanger F.,CIRP Annals,10.1016/j.cirp.2026.04.091,https://doi.org/10.1016/j.cirp.2026.04.091,10.1016,Elsevier / ScienceDirect,All Open Access; Hybrid Gold Open Access,https://www.scopus.com/pages/publications/105036682193?origin=resultslist,2-s2.0-105036682193,requires_manual_download,0,No candidate OA PDF URL produced a usable PDF automatically.,paper-1338_identification_of_coexisting_dynamic_coupling_regimes_in_high_speed_directed_energy_depositi.pdf
excluded,generic_nonmaintenance_ai_control,high,Mining IoT standardization,paper-1350,2026,A RAMI 4.0-Based Roadmap for Standardizing IoT Integration in the Mining Industry: Application to Mineral Processing,Shirbazo A.; Li B.; Ata S.; Ramandi H.L.; Saydam S.,IEEE Access,10.1109/ACCESS.2026.3679509,https://doi.org/10.1109/ACCESS.2026.3679509,10.1109,IEEE,All Open Access; Gold Open Access,https://www.scopus.com/pages/publications/105035022149?origin=resultslist,2-s2.0-105035022149,requires_manual_download,0,No candidate OA PDF URL produced a usable PDF automatically.,paper-1350_a_rami_4_0_based_roadmap_for_standardizing_iot_integration_in_the_mining_industry_applicatio.pdf
excluded,environment_natural_system,medium,civil infra update: Generic infrastructure digital twin operations,paper-1364,2026,ChatTwin: Bridging the usability gap to digital twin adoption in infrastructure operations and maintenance with a Natural Language Interface,Luo P.; Wen X.; Jiang Y.; Pärn E.; Brilakis I.,Automation in Construction,10.1016/j.autcon.2025.106655,https://doi.org/10.1016/j.autcon.2025.106655,10.1016,Elsevier / ScienceDirect,All Open Access; Green Open Access; Hybrid Gold Open Access,https://www.scopus.com/pages/publications/105023648225?origin=resultslist,2-s2.0-105023648225,requires_manual_download,0,No candidate OA PDF URL produced a usable PDF automatically.,paper-1364_chattwin_bridging_the_usability_gap_to_digital_twin_adoption_in_infrastructure_operations_an.pdf
excluded,generic_nonmaintenance_ai_control,high,Household energy forecasting,paper-1374,2025,Interpretable Physics-Informed Neural Networks for energy consumption prediction using IoT sensors,Hossain S.; Rahman A.; Ahmed S.; Enam S.; Ahmed M.T.,Array,10.1016/j.array.2025.100552,https://doi.org/10.1016/j.array.2025.100552,10.1016,Elsevier / ScienceDirect,All Open Access; Gold Open Access; Green Open Access,https://www.scopus.com/pages/publications/105020825918?origin=resultslist,2-s2.0-105020825918,requires_manual_download,0,No candidate OA PDF URL produced a usable PDF automatically.,paper-1374_interpretable_physics_informed_neural_networks_for_energy_consumption_prediction_using_iot_s.pdf
excluded,business_social_finance,medium,controversial scan: Broad IoT renewable-energy performance/energy-management study; PdM is only one of several operational claims.,paper-1396,2026,IoT-Enabled Technologies for Advancing Renewable Energy Systems,Ahmed Y.A.; Rahma A.M.S.; Abdulazim W.R.; Ahmed R.K.A.; Khazal F.A.K.,International Journal on Informatics Visualization,10.62527/joiv.10.1.5093,https://doi.org/10.62527/joiv.10.1.5093,10.62527,Other,All Open Access; Gold Open Access,https://www.scopus.com/pages/publications/105030677760?origin=resultslist,2-s2.0-105030677760,requires_manual_download,0,No candidate OA PDF URL produced a usable PDF automatically.,paper-1396_iot_enabled_technologies_for_advancing_renewable_energy_systems.pdf
excluded,environment_natural_system,high,civil infra update: Reinforced concrete beam damage evaluation,paper-1397,2025,Experimental evaluation of damage in RC beams using natural frequency and mechanical behavior,Cao Y.; Nishimura A.; Liu Z.; Zhang H.; Luo X.; Okoshi M.; Zhou J.,Case Studies in Construction Materials,10.1016/j.cscm.2025.e05269,https://doi.org/10.1016/j.cscm.2025.e05269,10.1016,Elsevier / ScienceDirect,All Open Access; Gold Open Access; Green Open Access,https://www.scopus.com/pages/publications/105015581541?origin=resultslist,2-s2.0-105015581541,requires_manual_download,0,No candidate OA PDF URL produced a usable PDF automatically.,paper-1397_experimental_evaluation_of_damage_in_rc_beams_using_natural_frequency_and_mechanical_behavio.pdf
excluded,environment_natural_system,high,strict update: Seismic fragility not maintenance,paper-1420,2026,Seismic fragility analysis for prestressed concrete containments of nuclear power plants based on stripe-based approach,Kim C.; Nguyen H.D.; Kwon O.-S.; Shin M.,Soil Dynamics and Earthquake Engineering,10.1016/j.soildyn.2025.109804,https://doi.org/10.1016/j.soildyn.2025.109804,10.1016,Elsevier / ScienceDirect,All Open Access; Hybrid Gold Open Access,https://www.scopus.com/pages/publications/105015507855?origin=resultslist,2-s2.0-105015507855,requires_manual_download,0,No candidate OA PDF URL produced a usable PDF automatically.,paper-1420_seismic_fragility_analysis_for_prestressed_concrete_containments_of_nuclear_power_plants_bas.pdf
excluded,business_social_finance,high,"controversial scan: Predicts indoor air quality in labs; maintenance is IAQ/ventilation management, not clearly asset condition.",paper-1421,2026,A Maintenance 4.0 Framework for Proactive Indoor Air Quality Management in Laboratory Environments,Abdullah A.Y.; Shaban I.A.; Alnahdi M.M.; Al Ameri H.M.A.Q.,Indoor Air,10.1155/ina/6839868,https://doi.org/10.1155/ina/6839868,10.1155,Wiley / IET / Hindawi,All Open Access; Hybrid Gold Open Access,https://www.scopus.com/pages/publications/105039333255?origin=resultslist,2-s2.0-105039333255,requires_manual_download,1,No candidate OA PDF URL produced a usable PDF automatically.,paper-1421_a_maintenance_4_0_framework_for_proactive_indoor_air_quality_management_in_laboratory_enviro.pdf
excluded,generic_nonmaintenance_ai_control,medium,operating regime segmentation only,paper-1423,2026,A Change Point Detection Framework for Operating Regime Segmentation in Induction Motor Drives,Zivkovic L.; Bensic T.; Kurtovic G.; Sievers M.,IEEE Access,10.1109/ACCESS.2026.3692292,https://doi.org/10.1109/ACCESS.2026.3692292,10.1109,IEEE,All Open Access; Gold Open Access; Green Open Access,https://www.scopus.com/pages/publications/105038987922?origin=resultslist,2-s2.0-105038987922,requires_manual_download,0,No candidate OA PDF URL produced a usable PDF automatically.,paper-1423_a_change_point_detection_framework_for_operating_regime_segmentation_in_induction_motor_driv.pdf
excluded,environment_natural_system,high,natural landslide monitoring,paper-1432,2026,"Automated Time-Series InSAR Monitoring and Failure Prediction of Active Landslides: A Case Study of the Xinmo Landslide, China",Li H.; Li Y.; Zeren Z.; Duan H.,IEEE Journal of Selected Topics in Applied Earth Observations and Remote Sensing,10.1109/JSTARS.2026.3662761,https://doi.org/10.1109/JSTARS.2026.3662761,10.1109,IEEE,All Open Access; Gold Open Access; Green Open Access,https://www.scopus.com/pages/publications/105030072922?origin=resultslist,2-s2.0-105030072922,requires_manual_download,0,No candidate OA PDF URL produced a usable PDF automatically.,paper-1432_automated_time_series_insar_monitoring_and_failure_prediction_of_active_landslides_a_case_st.pdf
excluded,generic_nonmaintenance_ai_control,high,generic cleanup: Educational sensor network no asset case,paper-1448,2025,DESIGN AND IMPLEMENTATION OF A MULTI-TECHNOLOGY WIRELESS SENSOR NETWORK FOR CONDITION MONITORING,Rakay R.; Sarga P.; Prada E.; Applications M.,MM Science Journal,10.17973/MMSJ.2025_12_2025111,https://doi.org/10.17973/MMSJ.2025_12_2025111,10.17973,Other,All Open Access; Gold Open Access,https://www.scopus.com/pages/publications/105025964579?origin=resultslist,2-s2.0-105025964579,requires_manual_download,10,No candidate OA PDF URL produced a usable PDF automatically.,paper-1448_design_and_implementation_of_a_multi_technology_wireless_sensor_network_for_condition_monito.pdf
excluded,environment_natural_system,high,agricultural field extraction,paper-1472,2025,Breaking the limitations of scenes and sensors variability: A novel unsupervised domain adaptive instance segmentation framework for agricultural field extraction,Wei R.; Yang L.; Li X.; Zhu C.; Zhang L.; Wang J.; Liu J.; Zhu L.; Zhou C.,Remote Sensing of Environment,10.1016/j.rse.2025.115051,https://doi.org/10.1016/j.rse.2025.115051,10.1016,Elsevier / ScienceDirect,All Open Access; Hybrid Gold Open Access,https://www.scopus.com/pages/publications/105027628317?origin=resultslist,2-s2.0-105027628317,requires_manual_download,0,No candidate OA PDF URL produced a usable PDF automatically.,paper-1472_breaking_the_limitations_of_scenes_and_sensors_variability_a_novel_unsupervised_domain_adapt.pdf
excluded,clinical_human_outcome,high,patient ICU outcome prediction,paper-1477,2025,Prediction of ICU needs and organ failures in infectious patients using machine learning,Ma C.; Xu R.; Su D.; Yang J.; Zhou Z.; Chen Q.; Guo Y.; Huang L.; Ning W.,iScience,10.1016/j.isci.2025.114142,https://doi.org/10.1016/j.isci.2025.114142,10.1016,Elsevier / ScienceDirect,All Open Access; Gold Open Access; Green Open Access,https://www.scopus.com/pages/publications/105024193027?origin=resultslist,2-s2.0-105024193027,requires_manual_download,0,No candidate OA PDF URL produced a usable PDF automatically.,paper-1477_prediction_of_icu_needs_and_organ_failures_in_infectious_patients_using_machine_learning.pdf
excluded,other_nonmaintenance,medium,strict update: Construction maintenance framework no equipment,paper-1482,2025,Implementation of machine learning technologies in construction maintenance: A strategic analysis,Lo A.; Alshehhi A.,Machine Learning with Applications,10.1016/j.mlwa.2025.100731,https://doi.org/10.1016/j.mlwa.2025.100731,10.1016,Elsevier / ScienceDirect,All Open Access; Gold Open Access,https://www.scopus.com/pages/publications/105027857048?origin=resultslist,2-s2.0-105027857048,requires_manual_download,0,No candidate OA PDF URL produced a usable PDF automatically.,paper-1482_implementation_of_machine_learning_technologies_in_construction_maintenance_a_strategic_anal.pdf
excluded,clinical_human_outcome,high,wearable patient monitoring,paper-1487,2025,AI-driven wearable health devices with health-aware control and secure Prognostics: Experimental and Simulation-Based Validation,Jain A.; Bhullar S.,Array,10.1016/j.array.2025.100532,https://doi.org/10.1016/j.array.2025.100532,10.1016,Elsevier / ScienceDirect,All Open Access; Gold Open Access; Green Open Access,https://www.scopus.com/pages/publications/105018463022?origin=resultslist,2-s2.0-105018463022,requires_manual_download,0,No candidate OA PDF URL produced a usable PDF automatically.,paper-1487_ai_driven_wearable_health_devices_with_health_aware_control_and_secure_prognostics_experimen.pdf
excluded,software_it_cyber,high,wireless network routing security,paper-1508,2025,An energy efficient clustering and routing protocol with data fault prediction using hybrid EAAM with BiLSTM-GRU-IDS in wireless sensor networks,Mahalakshmi G.; Ramalingam S.; Manikandan A.; Murugesan S.,Ain Shams Engineering Journal,10.1016/j.asej.2025.103655,https://doi.org/10.1016/j.asej.2025.103655,10.1016,Elsevier / ScienceDirect,All Open Access; Gold Open Access; Green Open Access,https://www.scopus.com/pages/publications/105013497486?origin=resultslist,2-s2.0-105013497486,requires_manual_download,0,No candidate OA PDF URL produced a usable PDF automatically.,paper-1508_an_energy_efficient_clustering_and_routing_protocol_with_data_fault_prediction_using_hybrid.pdf
excluded,other_nonmaintenance,high,cultural heritage documentation,paper-1514,2025,3D Digital Conservation of the Changsha Kiln Site and Its Ancient Ceramics,Pan Y.; Dong M.; Zhang W.; Xiang H.; Ma Q.; Li Y.; Huang X.; Zhou H.; Wang Q.; Niu W.,Transactions in GIS,10.1111/tgis.70173,https://doi.org/10.1111/tgis.70173,10.1111,Wiley / IET / Hindawi,All Open Access; Bronze Open Access,https://www.scopus.com/pages/publications/105025554719?origin=resultslist,2-s2.0-105025554719,requires_manual_download,2,No candidate OA PDF URL produced a usable PDF automatically.,paper-1514_3d_digital_conservation_of_the_changsha_kiln_site_and_its_ancient_ceramics.pdf
excluded,clinical_human_outcome,high,lung cancer radiomics,paper-1520,2025,The suitability of radiomics extracted from 4DCT motion-compensated reconstruction,Sargeant C.A.H.; Davey A.; McWilliam A.,Journal of Applied Clinical Medical Physics,10.1002/acm2.70254,https://doi.org/10.1002/acm2.70254,10.1002,Wiley / IET / Hindawi,All Open Access; Gold Open Access; Green Open Access,https://www.scopus.com/pages/publications/105017646724?origin=resultslist,2-s2.0-105017646724,requires_manual_download,1,No candidate OA PDF URL produced a usable PDF automatically.,paper-1520_the_suitability_of_radiomics_extracted_from_4dct_motion_compensated_reconstruction.pdf
excluded,generic_nonmaintenance_ai_control,high,transport operations economics,paper-1530,2025,The effectiveness of autonomous public transport systems in densely populated urban areas,Gusev M.; Gilroy S.,Transport Economics and Management,10.1016/j.team.2024.11.004,https://doi.org/10.1016/j.team.2024.11.004,10.1016,Elsevier / ScienceDirect,All Open Access; Gold Open Access,https://www.scopus.com/pages/publications/105011068814?origin=resultslist,2-s2.0-105011068814,requires_manual_download,0,No candidate OA PDF URL produced a usable PDF automatically.,paper-1530_the_effectiveness_of_autonomous_public_transport_systems_in_densely_populated_urban_areas.pdf
excluded,other_nonmaintenance,high,strict update: Coating corrosion mechanism study,paper-1539,2025,Failure mechanisms and corrosion behavior of epoxy-based protective coatings prepared on 20# steel exposed to cooling water,Ren K.; Zhang J.; Liu Y.; Hou Q.; Zhang R.; Krishnamurthy M.; Zuo Z.; Zhao Y.; Yu Z.,International Journal of Electrochemical Science,10.1016/j.ijoes.2025.101207,https://doi.org/10.1016/j.ijoes.2025.101207,10.1016,Elsevier / ScienceDirect,All Open Access; Gold Open Access,https://www.scopus.com/pages/publications/105018514914?origin=resultslist,2-s2.0-105018514914,requires_manual_download,0,No candidate OA PDF URL produced a usable PDF automatically.,paper-1539_failure_mechanisms_and_corrosion_behavior_of_epoxy_based_protective_coatings_prepared_on_20.pdf
excluded,other_nonmaintenance,high,particle beam monitoring instrument,paper-1546,2025,The CMS Phase-2 Fast Beam Condition Monitor prototype test with beam,Auzinger G.; Bakhshiansohi H.; Dabrowski A.E.; Delannoy A.G.; Dalavi V.; Dienemann N.; Dragicevic M.; Garcia M.F.; Guthoff M.; Gyöngyösi B.; Jenihhin M.; Kadlecsik Á.; Kaplon J.; Karacheban O.; Korcsmáros B.; Lokhovitskiy A.; Liu W.H.; Loos R.; Mallows S.; Mihhailov D.; Obradovic M.; Orfanelli S.; Pari M.; Pásztor G.; Pereira Carneiro F.L.; Princova M.; Ristic B.; Romero C.; Schwandt J.; Sedghi M.; Shevelev A.; Shibin K.; Spanier S.; Steinbrueck G.; Stickland D.P.; Tsirou A.; Ujvári B.; Velasco M.; Verdini P.G.; Wegrzyn G.J.; Wiehe M.; Wilbern D.; Winney P.D.,Journal of Instrumentation,10.1088/1748-0221/20/11/P11008,https://doi.org/10.1088/1748-0221/20/11/P11008,10.1088,IOP/ECS,All Open Access; Green Open Access; Hybrid Gold Open Access,https://www.scopus.com/pages/publications/105033974678?origin=resultslist,2-s2.0-105033974678,requires_manual_download,1,No candidate OA PDF URL produced a usable PDF automatically.,paper-1546_the_cms_phase_2_fast_beam_condition_monitor_prototype_test_with_beam.pdf
excluded,other_nonmaintenance,high,strict update: TBC corrosion mechanism study,paper-1553,2025,Early-stage mechanistic insights into vanadium-induced hot corrosion of yttria-stabilized zirconia thermal barrier coatings,Ankah N.K.; Gasem Z.M.; Asumadu T.K.; Bodunrin M.O.; Klenam D.E.P.; Soboyejo W.O.,Progress in Engineering Science,10.1016/j.pes.2025.100157,https://doi.org/10.1016/j.pes.2025.100157,10.1016,Elsevier / ScienceDirect,All Open Access; Hybrid Gold Open Access,https://www.scopus.com/pages/publications/105018306701?origin=resultslist,2-s2.0-105018306701,requires_manual_download,0,No candidate OA PDF URL produced a usable PDF automatically.,paper-1553_early_stage_mechanistic_insights_into_vanadium_induced_hot_corrosion_of_yttria_stabilized_zi.pdf
excluded,other_nonmaintenance,high,strict update: RC slab shear prediction only,paper-1557,2025,Automated ensemble learning for shear strength prediction in marine reinforced concrete slabs: A self-optimizing stacked framework,Wei J.; Chen B.; Jia B.; Gao Z.-Y.; Xia P.; Peng K.-D.; Ren J.; Ji X.-H.; Sui Z.-J.,Case Studies in Construction Materials,10.1016/j.cscm.2025.e05243,https://doi.org/10.1016/j.cscm.2025.e05243,10.1016,Elsevier / ScienceDirect,All Open Access; Gold Open Access; Green Open Access,https://www.scopus.com/pages/publications/105014759966?origin=resultslist,2-s2.0-105014759966,requires_manual_download,1,No candidate OA PDF URL produced a usable PDF automatically.,paper-1557_automated_ensemble_learning_for_shear_strength_prediction_in_marine_reinforced_concrete_slab.pdf
excluded,other_nonmaintenance,medium,porous metal plasticity modeling,paper-1568,2025,Hybrid modeling of porous metal plasticity: Integrating micromorphic theories with data-driven methods,Enakoutsa K.; Burson R.; Li Y.,Next Materials,10.1016/j.nxmate.2025.101145,https://doi.org/10.1016/j.nxmate.2025.101145,10.1016,Elsevier / ScienceDirect,All Open Access; Gold Open Access,https://www.scopus.com/pages/publications/105015846062?origin=resultslist,2-s2.0-105015846062,requires_manual_download,0,No candidate OA PDF URL produced a usable PDF automatically.,paper-1568_hybrid_modeling_of_porous_metal_plasticity_integrating_micromorphic_theories_with_data_drive.pdf
excluded,other_nonmaintenance,medium,strict update: Generic concrete ASR sensor study,paper-1585,2025,Electrochemical monitoring of alkali-silica reaction using carbon nanomaterial-integrated cementitious sensors,Jiang C.; Hu X.,Microchemical Journal,10.1016/j.microc.2025.115410,https://doi.org/10.1016/j.microc.2025.115410,10.1016,Elsevier / ScienceDirect,All Open Access; Hybrid Gold Open Access,https://www.scopus.com/pages/publications/105016396242?origin=resultslist,2-s2.0-105016396242,requires_manual_download,0,No candidate OA PDF URL produced a usable PDF automatically.,paper-1585_electrochemical_monitoring_of_alkali_silica_reaction_using_carbon_nanomaterial_integrated_ce.pdf
excluded,environment_natural_system,high,civil infra update: Rail track life prediction,paper-1588,2025,Machine learning based life prediction of rail tracks using environmental and operational factors,Ji K.; Wang G.H.; Choi I.; Jeon J.-S.,Developments in the Built Environment,10.1016/j.dibe.2025.100718,https://doi.org/10.1016/j.dibe.2025.100718,10.1016,Elsevier / ScienceDirect,All Open Access; Gold Open Access; Green Open Access,https://www.scopus.com/pages/publications/105010954499?origin=resultslist,2-s2.0-105010954499,requires_manual_download,0,No candidate OA PDF URL produced a usable PDF automatically.,paper-1588_machine_learning_based_life_prediction_of_rail_tracks_using_environmental_and_operational_fa.pdf
excluded,clinical_human_outcome,high,TAVR clinical failure prediction,paper-1597,2025,Multimodal Machine Learning-Based Technical Failure Prediction in Patients Undergoing Transcatheter Aortic Valve Replacement,Tomii D.; Shiri I.; Baj G.; Nakase M.; Kazaj P.M.; Samim D.; Bartkowiak J.; Praz F.; Lanz J.; Stortecky S.; Reineke D.; Windecker S.; Pilgrim T.; Gräni C.,JACC: Advances,10.1016/j.jacadv.2025.102168,https://doi.org/10.1016/j.jacadv.2025.102168,10.1016,Elsevier / ScienceDirect,All Open Access; Gold Open Access; Green Open Access,https://www.scopus.com/pages/publications/105016153011?origin=resultslist,2-s2.0-105016153011,requires_manual_download,0,No candidate OA PDF URL produced a usable PDF automatically.,paper-1597_multimodal_machine_learning_based_technical_failure_prediction_in_patients_undergoing_transc.pdf
excluded,generic_nonmaintenance_ai_control,high,photocatalyst materials study,paper-1605,2025,Ag2CdP2S6 2D semiconductor photocatalyst: Pioneering efficient green hydrogen production through solar water splitting,Chafai A.,Next Materials,10.1016/j.nxmate.2025.100933,https://doi.org/10.1016/j.nxmate.2025.100933,10.1016,Elsevier / ScienceDirect,All Open Access; Gold Open Access; Green Open Access,https://www.scopus.com/pages/publications/105011274571?origin=resultslist,2-s2.0-105011274571,requires_manual_download,0,No candidate OA PDF URL produced a usable PDF automatically.,paper-1605_ag2cdp2s6_2d_semiconductor_photocatalyst_pioneering_efficient_green_hydrogen_production_thro.pdf
excluded,generic_nonmaintenance_ai_control,high,generic cleanup: PV performance monitor not maintenance,paper-1622,2025,Smart monitoring of photovoltaic energy systems: An IoT-based prototype approach,Rouibah N.; El Hammoumi A.; Bouttout A.; Haddad S.; Oukaci S.; Limam A.; Benghanem M.,Scientific African,10.1016/j.sciaf.2025.e02973,https://doi.org/10.1016/j.sciaf.2025.e02973,10.1016,Elsevier / ScienceDirect,All Open Access; Gold Open Access; Green Open Access,https://www.scopus.com/pages/publications/105016479133?origin=resultslist,2-s2.0-105016479133,requires_manual_download,0,No candidate OA PDF URL produced a usable PDF automatically.,paper-1622_smart_monitoring_of_photovoltaic_energy_systems_an_iot_based_prototype_approach.pdf
excluded,generic_nonmaintenance_ai_control,medium,robot deformation prediction only,paper-1626,2025,Advancing remote handling capabilities in the nuclear industry with AI-based surrogate models for robotic technologies,Zeb A.; Kokkonen P.; Tahkola M.; Brace W.; Milella F.,Fusion Engineering and Design,10.1016/j.fusengdes.2025.115286,https://doi.org/10.1016/j.fusengdes.2025.115286,10.1016,Elsevier / ScienceDirect,All Open Access; Hybrid Gold Open Access,https://www.scopus.com/pages/publications/105008495517?origin=resultslist,2-s2.0-105008495517,requires_manual_download,0,No candidate OA PDF URL produced a usable PDF automatically.,paper-1626_advancing_remote_handling_capabilities_in_the_nuclear_industry_with_ai_based_surrogate_model.pdf
excluded,generic_nonmaintenance_ai_control,medium,generic cleanup: Method paper lacks asset use-case,paper-1629,2025,Selective embedding for deep learning,Sehri M.; Hua Z.; Boldt F.D.A.; Dumond P.,Knowledge-Based Systems,10.1016/j.knosys.2025.114535,https://doi.org/10.1016/j.knosys.2025.114535,10.1016,Elsevier / ScienceDirect,All Open Access; Hybrid Gold Open Access,https://www.scopus.com/pages/publications/105016880968?origin=resultslist,2-s2.0-105016880968,requires_manual_download,0,No candidate OA PDF URL produced a usable PDF automatically.,paper-1629_selective_embedding_for_deep_learning.pdf
excluded,other_nonmaintenance,medium,design failure indices only,paper-1653,2025,Multiscale modelling strategy for a novel wingbox structure with increased bend-twist coupling,Miranda M.; Li R.; Iorga L.; Pinho S.T.,Composite Structures,10.1016/j.compstruct.2025.119291,https://doi.org/10.1016/j.compstruct.2025.119291,10.1016,Elsevier / ScienceDirect,All Open Access; Hybrid Gold Open Access,https://www.scopus.com/pages/publications/105007414084?origin=resultslist,2-s2.0-105007414084,requires_manual_download,0,No candidate OA PDF URL produced a usable PDF automatically.,paper-1653_multiscale_modelling_strategy_for_a_novel_wingbox_structure_with_increased_bend_twist_coupli.pdf
excluded,environment_natural_system,high,civil infra update: Building condition assessment and prediction,paper-1661,2025,Iterative building condition assessment and prediction using unified 3D point clouds and a BIM model: A case study,Wettewa S.; Chai P.; Weerasinghe N.; Hou L.; Edirisinghe R.; Zhang G.(.; Setunge S.,Journal of Infrastructure Intelligence and Resilience,10.1016/j.iintel.2025.100180,https://doi.org/10.1016/j.iintel.2025.100180,10.1016,Elsevier / ScienceDirect,All Open Access; Gold Open Access,https://www.scopus.com/pages/publications/105020917356?origin=resultslist,2-s2.0-105020917356,requires_manual_download,0,No candidate OA PDF URL produced a usable PDF automatically.,paper-1661_iterative_building_condition_assessment_and_prediction_using_unified_3d_point_clouds_and_a_b.pdf
excluded,software_it_cyber,high,technical debt prediction,paper-1662,2025,DebtGuard: A Predictive Model For Managing Technical Debt In Agile Development,Lalitha R.; Ponugoti S.; Selvi S.; Girija N.,Egyptian Informatics Journal,10.1016/j.eij.2025.100806,https://doi.org/10.1016/j.eij.2025.100806,10.1016,Elsevier / ScienceDirect,All Open Access; Gold Open Access,https://www.scopus.com/pages/publications/105020068972?origin=resultslist,2-s2.0-105020068972,requires_manual_download,0,No candidate OA PDF URL produced a usable PDF automatically.,paper-1662_debtguard_a_predictive_model_for_managing_technical_debt_in_agile_development.pdf
excluded,clinical_human_outcome,high,heart disease prediction,paper-1667,2025,An Efficient CNN-Based Deep Learning Model with Ada-Belief Optimizer for Heart Disease Prediction,Challa N.P.; Alluri M.V.; Balaji U.; Revanth K.; Althaph B.,Boletim da Sociedade Paranaense de Matematica,10.5269/bspm.78577,https://doi.org/10.5269/bspm.78577,10.5269,Other,All Open Access; Gold Open Access,https://www.scopus.com/pages/publications/105030612780?origin=resultslist,2-s2.0-105030612780,requires_manual_download,0,No candidate OA PDF URL produced a usable PDF automatically.,paper-1667_an_efficient_cnn_based_deep_learning_model_with_ada_belief_optimizer_for_heart_disease_predi.pdf
excluded,clinical_human_outcome,high,glioblastoma treatment failure,paper-1671,2025,Site of first treatment failure after standard-of-care for newly diagnosed glioblastoma in a Danish cohort,Clarke A.M.; Lukacova S.; Hedegaard Dahlrot R.; Aaquist Haslund C.; Muhic A.; Folsted Kallehauge J.; Lind Laursen K.; Rønn Hansen C.; Smulders B.; Trip A.K.,Neuro-Oncology Practice,10.1093/nop/npaf051,https://doi.org/10.1093/nop/npaf051,10.1093,Oxford University Press,All Open Access; Gold Open Access; Green Open Access,https://www.scopus.com/pages/publications/105025880828?origin=resultslist,2-s2.0-105025880828,requires_manual_download,1,No candidate OA PDF URL produced a usable PDF automatically.,paper-1671_site_of_first_treatment_failure_after_standard_of_care_for_newly_diagnosed_glioblastoma_in_a.pdf
excluded,other_nonmaintenance,medium,component material optimization,paper-1673,2025,Experimental investigation of cylinder liners and performance optimization using ANN,Shinde S.T.; Borole K.R.; Chaudhary K.; Shinde N.,MethodsX,10.1016/j.mex.2025.103426,https://doi.org/10.1016/j.mex.2025.103426,10.1016,Elsevier / ScienceDirect,All Open Access; Gold Open Access; Green Open Access,https://www.scopus.com/pages/publications/105008581974?origin=resultslist,2-s2.0-105008581974,requires_manual_download,0,No candidate OA PDF URL produced a usable PDF automatically.,paper-1673_experimental_investigation_of_cylinder_liners_and_performance_optimization_using_ann.pdf
excluded,generic_nonmaintenance_ai_control,high,biogas cycle optimization,paper-1681,2025,An intelligent NSGA-II-based optimization of a novel biogas-fed oxyfuel gas turbine cycle using CO2 capture option coupled with a multi-heat recovery network and a multi-effect desalination cycle,Haghghi M.A.; Feili M.; Nourani P.; Bahman A.M.,Desalination,10.1016/j.desal.2025.118957,https://doi.org/10.1016/j.desal.2025.118957,10.1016,Elsevier / ScienceDirect,All Open Access; Hybrid Gold Open Access,https://www.scopus.com/pages/publications/105003658086?origin=resultslist,2-s2.0-105003658086,requires_manual_download,0,No candidate OA PDF URL produced a usable PDF automatically.,paper-1681_an_intelligent_nsga_ii_based_optimization_of_a_novel_biogas_fed_oxyfuel_gas_turbine_cycle_us.pdf
excluded,software_it_cyber,high,WSN routing protocol,paper-1682,2025,Power-aware clustering and routing protocol utilizing virtual hexagonal cells and computational intelligence for smart cities with dual mobility and power-constrained IoT sensors,Elyyan R.R.; Darabkh K.A.,Results in Engineering,10.1016/j.rineng.2025.107687,https://doi.org/10.1016/j.rineng.2025.107687,10.1016,Elsevier / ScienceDirect,All Open Access; Gold Open Access; Green Open Access,https://www.scopus.com/pages/publications/105020856009?origin=resultslist,2-s2.0-105020856009,requires_manual_download,0,No candidate OA PDF URL produced a usable PDF automatically.,paper-1682_power_aware_clustering_and_routing_protocol_utilizing_virtual_hexagonal_cells_and_computatio.pdf
excluded,business_social_finance,high,food business sustainability,paper-1683,2025,EXPLORING THE ROLE OF ARTIFICIAL INTELLIGENCE IN SUSTAINABLE FOOD PROCESSING IN INDIA,Mor R.S.; Singh R.; Malik M.; Sarwar D.; Pandey M.; Singh H.,Logforum,10.17270/J.LOG.001284,https://doi.org/10.17270/J.LOG.001284,10.17270,Other,All Open Access; Gold Open Access,https://www.scopus.com/pages/publications/105023063782?origin=resultslist,2-s2.0-105023063782,requires_manual_download,1,No candidate OA PDF URL produced a usable PDF automatically.,paper-1683_exploring_the_role_of_artificial_intelligence_in_sustainable_food_processing_in_india.pdf
excluded,generic_nonmaintenance_ai_control,high,utilization efficiency not maintenance,paper-1688,2025,Data-driven insights for optimizing EV charging infrastructure: a case study on efficiency and utilization,Mostofa K.Z.; Fokrul Islam M.; Islam M.A.; Basher M.K.; Abedin T.; Yap B.K.; Nur-E-Alam M.,Global Energy Interconnection,10.1016/j.gloei.2025.05.005,https://doi.org/10.1016/j.gloei.2025.05.005,10.1016,Elsevier / ScienceDirect,All Open Access; Gold Open Access; Green Open Access,https://www.scopus.com/pages/publications/105012104874?origin=resultslist,2-s2.0-105012104874,requires_manual_download,0,No candidate OA PDF URL produced a usable PDF automatically.,paper-1688_data_driven_insights_for_optimizing_ev_charging_infrastructure_a_case_study_on_efficiency_an.pdf
excluded,environment_natural_system,high,civil infra update: Road crack detection dataset generation,paper-1689,2025,High quality training set development for road crack detection using progressive data-driven models with integrated identification,Li S.; Yao X.; Al Maimuri N.M.L.; Ali E.; Ali H.E.; Aslza H.; Escorcia-Gutierrez J.,Case Studies in Construction Materials,10.1016/j.cscm.2025.e05416,https://doi.org/10.1016/j.cscm.2025.e05416,10.1016,Elsevier / ScienceDirect,All Open Access; Gold Open Access; Green Open Access,https://www.scopus.com/pages/publications/105023837834?origin=resultslist,2-s2.0-105023837834,requires_manual_download,0,No candidate OA PDF URL produced a usable PDF automatically.,paper-1689_high_quality_training_set_development_for_road_crack_detection_using_progressive_data_driven.pdf
excluded,software_it_cyber,high,software defect prediction,paper-1726,2025,Software Defect Prediction evaluation: New metrics based on the ROC curve,Lavazza L.; Morasca S.; Rotoloni G.,Information and Software Technology,10.1016/j.infsof.2025.107865,https://doi.org/10.1016/j.infsof.2025.107865,10.1016,Elsevier / ScienceDirect,All Open Access; Green Open Access; Hybrid Gold Open Access,https://www.scopus.com/pages/publications/105012919407?origin=resultslist,2-s2.0-105012919407,requires_manual_download,0,No candidate OA PDF URL produced a usable PDF automatically.,paper-1726_software_defect_prediction_evaluation_new_metrics_based_on_the_roc_curve.pdf
excluded,other_nonmaintenance,high,strict update: Welded plate crack propagation only,paper-1727,2025,Predicting fast crack propagation in welded steel plates with random flaws using Recurrent Neural Networks,Yıldırım H.C.,Advanced Engineering Informatics,10.1016/j.aei.2025.103671,https://doi.org/10.1016/j.aei.2025.103671,10.1016,Elsevier / ScienceDirect,All Open Access; Hybrid Gold Open Access,https://www.scopus.com/pages/publications/105013095198?origin=resultslist,2-s2.0-105013095198,requires_manual_download,0,No candidate OA PDF URL produced a usable PDF automatically.,paper-1727_predicting_fast_crack_propagation_in_welded_steel_plates_with_random_flaws_using_recurrent_n.pdf
excluded,other_nonmaintenance,high,impact material modeling only,paper-1734,2025,Comparative analysis of material models on the fracture behavior of Weldox 700E steel plate under high velocity impact,Ojha N.K.; Saxena R.K.,Physica Scripta,10.1088/1402-4896/ae132b,https://doi.org/10.1088/1402-4896/ae132b,10.1088,IOP/ECS,All Open Access; Hybrid Gold Open Access,https://www.scopus.com/pages/publications/105020668388?origin=resultslist,2-s2.0-105020668388,requires_manual_download,1,No candidate OA PDF URL produced a usable PDF automatically.,paper-1734_comparative_analysis_of_material_models_on_the_fracture_behavior_of_weldox_700e_steel_plate.pdf
excluded,other_nonmaintenance,medium,power quality not maintenance,paper-1756,2025,A voltage sag detection framework based on constraint-driven neural networks,Shi L.; Cui Q.; Zhang Y.; Wu H.; Gao J.; Li W.,International Journal of Electrical Power and Energy Systems,10.1016/j.ijepes.2025.111420,https://doi.org/10.1016/j.ijepes.2025.111420,10.1016,Elsevier / ScienceDirect,All Open Access; Gold Open Access,https://www.scopus.com/pages/publications/105023134105?origin=resultslist,2-s2.0-105023134105,requires_manual_download,0,No candidate OA PDF URL produced a usable PDF automatically.,paper-1756_a_voltage_sag_detection_framework_based_on_constraint_driven_neural_networks.pdf
excluded,software_it_cyber,high,industrial network fault tolerance,paper-1767,2025,BiLSTM-Based Fault Anticipation for Predictive Activation of FRER in Time-Sensitive Industrial Networks,Seliem M.; Roedig U.; Sreenan C.; Pesch D.,IoT,10.3390/iot6040060,https://doi.org/10.3390/iot6040060,10.3390,MDPI edge case,All Open Access; Gold Open Access; Green Open Access,https://www.scopus.com/pages/publications/105025683224?origin=resultslist,2-s2.0-105025683224,requires_manual_download,5,No candidate OA PDF URL produced a usable PDF automatically.,paper-1767_bilstm_based_fault_anticipation_for_predictive_activation_of_frer_in_time_sensitive_industri.pdf
excluded,generic_nonmaintenance_ai_control,medium,generic digital twin resilience,paper-1782,2025,Resilient cognitive twin: A generative approach,Ge C.; Qin S.,Advanced Engineering Informatics,10.1016/j.aei.2025.103768,https://doi.org/10.1016/j.aei.2025.103768,10.1016,Elsevier / ScienceDirect,All Open Access; Hybrid Gold Open Access,https://www.scopus.com/pages/publications/105013629102?origin=resultslist,2-s2.0-105013629102,requires_manual_download,0,No candidate OA PDF URL produced a usable PDF automatically.,paper-1782_resilient_cognitive_twin_a_generative_approach.pdf
excluded,environment_natural_system,high,olive tree detection,paper-1790,2025,Enhanced multi-scale detection of olive tree crowns in UAV orthophotos using a deep learning architecture,Hnida Y.; Mahraz M.A.; Yahyaouy A.; Achebour A.; Riffi J.; Tairi H.,Smart Agricultural Technology,10.1016/j.atech.2025.101126,https://doi.org/10.1016/j.atech.2025.101126,10.1016,Elsevier / ScienceDirect,All Open Access; Gold Open Access; Green Open Access,https://www.scopus.com/pages/publications/105009899370?origin=resultslist,2-s2.0-105009899370,requires_manual_download,0,No candidate OA PDF URL produced a usable PDF automatically.,paper-1790_enhanced_multi_scale_detection_of_olive_tree_crowns_in_uav_orthophotos_using_a_deep_learning.pdf
excluded,environment_natural_system,high,civil infra update: Bridge intervention decision support,paper-1795,2025,Ranking bridge intervention scenarios with a risk-based predictive decision support system,Brighenti F.; Bado M.F.; Romeo F.; Rebellato A.; Zonta D.,Automation in Construction,10.1016/j.autcon.2025.106553,https://doi.org/10.1016/j.autcon.2025.106553,10.1016,Elsevier / ScienceDirect,All Open Access; Green Open Access; Hybrid Gold Open Access,https://www.scopus.com/pages/publications/105017844753?origin=resultslist,2-s2.0-105017844753,requires_manual_download,0,No candidate OA PDF URL produced a usable PDF automatically.,paper-1795_ranking_bridge_intervention_scenarios_with_a_risk_based_predictive_decision_support_system.pdf
excluded,environment_natural_system,high,Crop field delineation,paper-1806,2025,Early-season delineation of agricultural fields using a fully convolutional multi-task network and satellite images,Amin G.; Oberlin T.; Demarez V.,Science of Remote Sensing,10.1016/j.srs.2025.100256,https://doi.org/10.1016/j.srs.2025.100256,10.1016,Elsevier / ScienceDirect,All Open Access; Gold Open Access,https://www.scopus.com/pages/publications/105011256894?origin=resultslist,2-s2.0-105011256894,requires_manual_download,0,No candidate OA PDF URL produced a usable PDF automatically.,paper-1806_early_season_delineation_of_agricultural_fields_using_a_fully_convolutional_multi_task_netwo.pdf
excluded,environment_natural_system,medium,civil infra update: Offshore wind foundation scour monitoring,paper-1807,2025,Scour identification around offshore wind turbine monopile foundations using an unsupervised anomaly detection approach,Abdelhak M.; Tott-Buswell J.; Prendergast L.J.; Ghiasi R.; Malekjafarian A.,Ocean Engineering,10.1016/j.oceaneng.2025.122365,https://doi.org/10.1016/j.oceaneng.2025.122365,10.1016,Elsevier / ScienceDirect,All Open Access; Hybrid Gold Open Access,https://www.scopus.com/pages/publications/105012866474?origin=resultslist,2-s2.0-105012866474,requires_manual_download,0,No candidate OA PDF URL produced a usable PDF automatically.,paper-1807_scour_identification_around_offshore_wind_turbine_monopile_foundations_using_an_unsupervised.pdf
excluded,environment_natural_system,high,Landslide slope failure prediction,paper-1835,2025,A real-time prediction method of slope failure using Bayesian approach based on slope surface tilting measurements,Chen N.; He P.; Chen J.; Huang X.; Fang K.; Xie J.; Gorobtsov D.N.; Novgorodova M.A.,Engineering Geology,10.1016/j.enggeo.2025.108412,https://doi.org/10.1016/j.enggeo.2025.108412,10.1016,Elsevier / ScienceDirect,All Open Access; Green Open Access,https://www.scopus.com/pages/publications/105018333250?origin=resultslist,2-s2.0-105018333250,requires_manual_download,0,No candidate OA PDF URL produced a usable PDF automatically.,paper-1835_a_real_time_prediction_method_of_slope_failure_using_bayesian_approach_based_on_slope_surfac.pdf
excluded,other_nonmaintenance,high,strict update: Alloy fatigue material study only,paper-1855,2025,Influence of prior corrosion on fatigue behaviour in a simulated recycled 6082 Al-alloy,Sarkar A.; Tråstadkjølen S.U.; Wilson H.; Holmestad J.; Nyhus B.; Razavi N.,Materialia,10.1016/j.mtla.2025.102556,https://doi.org/10.1016/j.mtla.2025.102556,10.1016,Elsevier / ScienceDirect,All Open Access; Hybrid Gold Open Access,https://www.scopus.com/pages/publications/105018593353?origin=resultslist,2-s2.0-105018593353,requires_manual_download,0,No candidate OA PDF URL produced a usable PDF automatically.,paper-1855_influence_of_prior_corrosion_on_fatigue_behaviour_in_a_simulated_recycled_6082_al_alloy.pdf
excluded,generic_nonmaintenance_ai_control,medium,Machining energy optimization,paper-1859,2025,DATA ANALYSIS FOR ENERGY-EFFICIENCY IN TURNING AND MADS AGENT SYSTEM SOLUTION,Vaienti M.C.; Araujo A.C.; Lecuyer G.; Cohen G.; Bosetti P.,MM Science Journal,10.17973/MMSJ.2025_11_2025129,https://doi.org/10.17973/MMSJ.2025_11_2025129,10.17973,Other,All Open Access; Gold Open Access,https://www.scopus.com/pages/publications/105023105174?origin=resultslist,2-s2.0-105023105174,requires_manual_download,10,No candidate OA PDF URL produced a usable PDF automatically.,paper-1859_data_analysis_for_energy_efficiency_in_turning_and_mads_agent_system_solution.pdf
excluded,generic_nonmaintenance_ai_control,medium,Shipbuilding defect quality control,paper-1890,2025,Advancing sustainable shipbuilding through a hybrid risk prioritization model: integrating FMEA and machine learning,Yılmaz A.F.; Köse O.,"Engineering Science and Technology, an International Journal",10.1016/j.jestch.2025.102158,https://doi.org/10.1016/j.jestch.2025.102158,10.1016,Elsevier / ScienceDirect,All Open Access; Gold Open Access,https://www.scopus.com/pages/publications/105011747020?origin=resultslist,2-s2.0-105011747020,requires_manual_download,0,No candidate OA PDF URL produced a usable PDF automatically.,paper-1890_advancing_sustainable_shipbuilding_through_a_hybrid_risk_prioritization_model_integrating_fm.pdf
excluded,other_nonmaintenance,high,strict update: Creep failure in model material only,paper-1924,2025,Universal characteristics of local strain fields for creep failure prediction,Mammadli B.; Mäkinen T.; Frydrych K.; Asteris P.G.; Papanikolaou S.,International Journal of Mechanical Sciences,10.1016/j.ijmecsci.2025.110612,https://doi.org/10.1016/j.ijmecsci.2025.110612,10.1016,Elsevier / ScienceDirect,All Open Access; Green Open Access; Hybrid Gold Open Access,https://www.scopus.com/pages/publications/105011837178?origin=resultslist,2-s2.0-105011837178,requires_manual_download,0,No candidate OA PDF URL produced a usable PDF automatically.,paper-1924_universal_characteristics_of_local_strain_fields_for_creep_failure_prediction.pdf
excluded,environment_natural_system,high,Rangeland vegetation monitoring,paper-1966,2025,Correspondence Between Satellite-Derived and Long-Term Field Observations of Vegetation Cover at Great Basin Experimental Treatments,Rigge M.; Case M.F.; Shaff S.E.; Ellsworth L.; Bunde B.; Postma K.,Rangeland Ecology and Management,10.1016/j.rama.2025.09.007,https://doi.org/10.1016/j.rama.2025.09.007,10.1016,Elsevier / ScienceDirect,All Open Access; Hybrid Gold Open Access,https://www.scopus.com/pages/publications/105018964039?origin=resultslist,2-s2.0-105018964039,requires_manual_download,0,No candidate OA PDF URL produced a usable PDF automatically.,paper-1966_correspondence_between_satellite_derived_and_long_term_field_observations_of_vegetation_cove.pdf
excluded,generic_nonmaintenance_ai_control,high,generic cleanup: Generic IIoT twin modeling lacks maintenance task,paper-1973,2025,Enhancing Industrial Internet of Things performance through deep transfer learning-based neural network digital twin modeling in data-scarce environments,Mahmood T.; Saba T.; Rehman A.; Wang Y.,Journal of Industrial Information Integration,10.1016/j.jii.2025.100956,https://doi.org/10.1016/j.jii.2025.100956,10.1016,Elsevier / ScienceDirect,All Open Access; Hybrid Gold Open Access,https://www.scopus.com/pages/publications/105016012355?origin=resultslist,2-s2.0-105016012355,requires_manual_download,0,No candidate OA PDF URL produced a usable PDF automatically.,paper-1973_enhancing_industrial_internet_of_things_performance_through_deep_transfer_learning_based_neu.pdf
excluded,clinical_human_outcome,high,Malaria treatment outcome,paper-1979,2025,Development of a clinical risk scoring system for artesunate treatment failure prediction in malaria patients,Kim D.; Lee D.H.; Song Y.; Kim J.S.; Gwak H.S.,International Journal for Parasitology: Drugs and Drug Resistance,10.1016/j.ijpddr.2025.100621,https://doi.org/10.1016/j.ijpddr.2025.100621,10.1016,Elsevier / ScienceDirect,All Open Access; Gold Open Access; Green Open Access,https://www.scopus.com/pages/publications/105018246870?origin=resultslist,2-s2.0-105018246870,requires_manual_download,0,No candidate OA PDF URL produced a usable PDF automatically.,paper-1979_development_of_a_clinical_risk_scoring_system_for_artesunate_treatment_failure_prediction_in.pdf
excluded,other_nonmaintenance,high,Joint strength design prediction,paper-1993,2025,A joint effort: Probabilistic methods for hybrid joint strength prediction,Evers T.; Richter P.; Vallée T.; Yokozeki K.; Viehöfer M.A.,International Journal of Adhesion and Adhesives,10.1016/j.ijadhadh.2025.104156,https://doi.org/10.1016/j.ijadhadh.2025.104156,10.1016,Elsevier / ScienceDirect,All Open Access; Green Open Access; Hybrid Gold Open Access,https://www.scopus.com/pages/publications/105015870085?origin=resultslist,2-s2.0-105015870085,requires_manual_download,0,No candidate OA PDF URL produced a usable PDF automatically.,paper-1993_a_joint_effort_probabilistic_methods_for_hybrid_joint_strength_prediction.pdf
excluded,clinical_human_outcome,high,Heart failure clinical risk,paper-2000,2025,Development of an Electronic Medical Record–Based Score for Heart Failure Prediction in Cancer Survivors,Soh C.H.; Nguyen L.; Chu A.; Salim A.; Abdel-Qadir H.; Marwick T.H.,JACC: Advances,10.1016/j.jacadv.2025.102129,https://doi.org/10.1016/j.jacadv.2025.102129,10.1016,Elsevier / ScienceDirect,All Open Access; Gold Open Access; Green Open Access,https://www.scopus.com/pages/publications/105015362435?origin=resultslist,2-s2.0-105015362435,requires_manual_download,0,No candidate OA PDF URL produced a usable PDF automatically.,paper-2000_development_of_an_electronic_medical_record_based_score_for_heart_failure_prediction_in_canc.pdf
excluded,environment_natural_system,medium,civil infra update: smart water infrastructure operations focus,paper-2002,2025,Contributions toward net-zero carbon in the water sector: application to a case study,Ramos H.M.; Pérez-Sánchez M.; Correia T.; Bekçi E.; Besharat M.; Kuriqi A.; Coronado-Hernandez O.E.,"Aqua Water Infrastructure, Ecosystems and Society",10.2166/aqua.2025.031,https://doi.org/10.2166/aqua.2025.031,10.2166,Other,All Open Access; Gold Open Access; Green Open Access,https://www.scopus.com/pages/publications/105018200583?origin=resultslist,2-s2.0-105018200583,requires_manual_download,0,No candidate OA PDF URL produced a usable PDF automatically.,paper-2002_contributions_toward_net_zero_carbon_in_the_water_sector_application_to_a_case_study.pdf
excluded,environment_natural_system,high,civil infra update: winter road surface condition monitoring,paper-2020,2025,Advancing winter road maintenance: An AI-driven web platform for real-time road condition monitoring and spatial analysis,Urbiztondo M.; Wu M.; Kwon T.J.,Transportation Research Interdisciplinary Perspectives,10.1016/j.trip.2025.101575,https://doi.org/10.1016/j.trip.2025.101575,10.1016,Elsevier / ScienceDirect,All Open Access; Gold Open Access; Green Open Access,https://www.scopus.com/pages/publications/105013593982?origin=resultslist,2-s2.0-105013593982,requires_manual_download,0,No candidate OA PDF URL produced a usable PDF automatically.,paper-2020_advancing_winter_road_maintenance_an_ai_driven_web_platform_for_real_time_road_condition_mon.pdf
excluded,generic_nonmaintenance_ai_control,medium,Spindle dynamics for machining quality,paper-2024,2025,Numerical control machine tool spindle dynamic characteristics analysis in high efficiency machining,Fei S.; Piao C.,AIP Advances,10.1063/5.0280256,https://doi.org/10.1063/5.0280256,10.1063,AIP,All Open Access; Gold Open Access; Green Open Access,https://www.scopus.com/pages/publications/105009850325?origin=resultslist,2-s2.0-105009850325,requires_manual_download,0,No candidate OA PDF URL produced a usable PDF automatically.,paper-2024_numerical_control_machine_tool_spindle_dynamic_characteristics_analysis_in_high_efficiency_m.pdf
excluded,environment_natural_system,high,civil infra update: concrete structure deterioration assessment,paper-2026,2025,"An automated platform to detect, assess, and quantify deterioration in concrete structures",Odeh I.; Shafei B.,Developments in the Built Environment,10.1016/j.dibe.2025.100728,https://doi.org/10.1016/j.dibe.2025.100728,10.1016,Elsevier / ScienceDirect,All Open Access; Gold Open Access; Green Open Access,https://www.scopus.com/pages/publications/105013233133?origin=resultslist,2-s2.0-105013233133,requires_manual_download,0,No candidate OA PDF URL produced a usable PDF automatically.,paper-2026_an_automated_platform_to_detect_assess_and_quantify_deterioration_in_concrete_structures.pdf
excluded,generic_nonmaintenance_ai_control,medium,generic cleanup: PV performance prediction lacks maintenance decision,paper-2052,2025,Long-term comparative analysis of machine learning models: A deep dive into applications of artificial intelligence for enhancing photovoltaic performance prediction,Yaghoubi A.A.; Gandomzadeh M.; Gholami A.; Gavagsaz-Ghoachani R.; Zandi M.,International Journal of Electrical Power and Energy Systems,10.1016/j.ijepes.2025.110866,https://doi.org/10.1016/j.ijepes.2025.110866,10.1016,Elsevier / ScienceDirect,All Open Access; Gold Open Access; Green Open Access,https://www.scopus.com/pages/publications/105009598322?origin=resultslist,2-s2.0-105009598322,requires_manual_download,0,No candidate OA PDF URL produced a usable PDF automatically.,paper-2052_long_term_comparative_analysis_of_machine_learning_models_a_deep_dive_into_applications_of_a.pdf
excluded,environment_natural_system,high,civil infra update: historical building structural assessment,paper-2058,2025,Sensitivity driven model updating: a multi-step procedure for structural assessment,Lenticchia E.; Miraglia G.; Cusicanqui Lopez J.A.; Ceravolo R.,Journal of Building Engineering,10.1016/j.jobe.2025.112941,https://doi.org/10.1016/j.jobe.2025.112941,10.1016,Elsevier / ScienceDirect,All Open Access; Hybrid Gold Open Access,https://www.scopus.com/pages/publications/105006574443?origin=resultslist,2-s2.0-105006574443,requires_manual_download,0,No candidate OA PDF URL produced a usable PDF automatically.,paper-2058_sensitivity_driven_model_updating_a_multi_step_procedure_for_structural_assessment.pdf
excluded,generic_nonmaintenance_ai_control,high,Energy system operation optimization,paper-2065,2025,"A novel cascade heat integration configuration for electricity/freshwater/hydrogen outputs using SOFC-GT, multi-effect desalination, and PEM electrolysis using machine learning optimization",Zuo Z.; Wang J.; Samad S.; Othman N.A.; Almadhor A.; Ghandour R.; Alsayer I.A.; Abduvalieva D.; Alkhalaf S.; Babiker S.G.,Case Studies in Thermal Engineering,10.1016/j.csite.2025.106275,https://doi.org/10.1016/j.csite.2025.106275,10.1016,Elsevier / ScienceDirect,All Open Access; Gold Open Access; Green Open Access,https://www.scopus.com/pages/publications/105006881166?origin=resultslist,2-s2.0-105006881166,requires_manual_download,0,No candidate OA PDF URL produced a usable PDF automatically.,paper-2065_a_novel_cascade_heat_integration_configuration_for_electricity_freshwater_hydrogen_outputs_u.pdf
excluded,generic_nonmaintenance_ai_control,medium,"controversial scan: Self-powered wireless temperature sensor for vehicle monitoring; no fault, degradation, prognosis, or maintenance decision model is demonstrated.",paper-2066,2025,A self-powered wireless temperature sensing system using flexible thermoelectric generators under simulated thermal condition,Wang H.; Niu A.; Waktole D.A.; Jia B.; Zuo Z.; Wang W.,Measurement: Journal of the International Measurement Confederation,10.1016/j.measurement.2025.117637,https://doi.org/10.1016/j.measurement.2025.117637,10.1016,Elsevier / ScienceDirect,All Open Access; Hybrid Gold Open Access,https://www.scopus.com/pages/publications/105003102537?origin=resultslist,2-s2.0-105003102537,requires_manual_download,0,No candidate OA PDF URL produced a usable PDF automatically.,paper-2066_a_self_powered_wireless_temperature_sensing_system_using_flexible_thermoelectric_generators.pdf
excluded,generic_nonmaintenance_ai_control,medium,Autonomous driving safety boundary monitoring,paper-2087,2025,Learnable Operational Design Condition monitor for failure prediction in autonomous driving,Xu H.; Bian Y.; Li Y.; Qin H.; Zhou H.; Chang F.; Wang S.; Ye Q.,Accident Analysis and Prevention,10.1016/j.aap.2025.108139,https://doi.org/10.1016/j.aap.2025.108139,10.1016,Elsevier / ScienceDirect,All Open Access; Hybrid Gold Open Access,https://www.scopus.com/pages/publications/105009147387?origin=resultslist,2-s2.0-105009147387,requires_manual_download,0,No candidate OA PDF URL produced a usable PDF automatically.,paper-2087_learnable_operational_design_condition_monitor_for_failure_prediction_in_autonomous_driving.pdf
excluded,environment_natural_system,medium,"controversial scan: Lunar DT/XR/XD conceptual framework treats predictive maintenance as one broad capability among many, with no specific PdM model.",paper-2098,2025,"LUNAR-XDT: An integrated framework for sustainable lunar manufacturing using digital twin (DT), extended reality (XR), and extreme design (XD) principles",Kumar Karanam S.A.; Hartman N.W.,Manufacturing Letters,10.1016/j.mfglet.2025.06.193,https://doi.org/10.1016/j.mfglet.2025.06.193,10.1016,Elsevier / ScienceDirect,All Open Access; Hybrid Gold Open Access,https://www.scopus.com/pages/publications/105014807033?origin=resultslist,2-s2.0-105014807033,requires_manual_download,0,No candidate OA PDF URL produced a usable PDF automatically.,paper-2098_lunar_xdt_an_integrated_framework_for_sustainable_lunar_manufacturing_using_digital_twin_dt.pdf
excluded,generic_nonmaintenance_ai_control,high,generic cleanup: Generic IIoT anomaly detector lacks maintenance use,paper-2104,2025,A robust anomaly detector for imbalanced industrial internet of things data,Riaz R.; Han G.; Shaukat K.; Ullah Khan N.; Zhu H.,Journal of Computational Design and Engineering,10.1093/jcde/qwaf085,https://doi.org/10.1093/jcde/qwaf085,10.1093,Oxford University Press,All Open Access; Gold Open Access,https://www.scopus.com/pages/publications/105016459983?origin=resultslist,2-s2.0-105016459983,requires_manual_download,2,No candidate OA PDF URL produced a usable PDF automatically.,paper-2104_a_robust_anomaly_detector_for_imbalanced_industrial_internet_of_things_data.pdf
excluded,generic_nonmaintenance_ai_control,medium,generic cleanup: VR digital twin framework lacks maintenance task,paper-2108,2025,A real-time VR-enabled digital twin framework for multi-user interaction in Industry 4.0,Dewberry N.K.; AlHmoud I.; Benton K.; Suarez D.; Chen Y.-P.; Karkaria V.; Tsai Y.-K.; Brock M.; Alazzawi N.; Chowdhury S.; Chen W.; Cao J.; Gokaraju B.,Manufacturing Letters,10.1016/j.mfglet.2025.06.168,https://doi.org/10.1016/j.mfglet.2025.06.168,10.1016,Elsevier / ScienceDirect,All Open Access; Hybrid Gold Open Access,https://www.scopus.com/pages/publications/105014935027?origin=resultslist,2-s2.0-105014935027,requires_manual_download,0,No candidate OA PDF URL produced a usable PDF automatically.,paper-2108_a_real_time_vr_enabled_digital_twin_framework_for_multi_user_interaction_in_industry_4_0.pdf
excluded,other_nonmaintenance,high,Humidity sensor material study,paper-2136,2025,Biopolymer Optical Fibers for High-Sensitivity Quantitative Humidity Monitoring,Patrakka J.; Hynninen V.; Huttunen P.; Nonappa,ACS Applied Materials and Interfaces,10.1021/acsami.5c10056,https://doi.org/10.1021/acsami.5c10056,10.1021,Other,All Open Access; Green Open Access; Hybrid Gold Open Access,https://www.scopus.com/pages/publications/105015718741?origin=resultslist,2-s2.0-105015718741,requires_manual_download,10,No candidate OA PDF URL produced a usable PDF automatically.,paper-2136_biopolymer_optical_fibers_for_high_sensitivity_quantitative_humidity_monitoring.pdf
excluded,environment_natural_system,high,civil infra update: reinforced concrete deterioration modeling,paper-2138,2025,Rational-RC: A Python package for probabilistic life-cycle deterioration modelling of reinforced concrete structures,Li G.; Zacaruk J.; Boulfiza M.,SoftwareX,10.1016/j.softx.2025.102238,https://doi.org/10.1016/j.softx.2025.102238,10.1016,Elsevier / ScienceDirect,All Open Access; Gold Open Access; Green Open Access,https://www.scopus.com/pages/publications/105008987405?origin=resultslist,2-s2.0-105008987405,requires_manual_download,0,No candidate OA PDF URL produced a usable PDF automatically.,paper-2138_rational_rc_a_python_package_for_probabilistic_life_cycle_deterioration_modelling_of_reinfor.pdf
excluded,software_it_cyber,high,Open-source code fault prediction,paper-2139,2025,Boost-Classifier-Driven Fault Prediction Across Heterogeneous Open-Source Repositories,König P.; Raubitzek S.; Schatten A.; Toth D.; Obermann F.; König C.; Mallinger K.,Big Data and Cognitive Computing,10.3390/bdcc9070174,https://doi.org/10.3390/bdcc9070174,10.3390,MDPI edge case,All Open Access; Gold Open Access; Green Open Access,https://www.scopus.com/pages/publications/105011679243?origin=resultslist,2-s2.0-105011679243,requires_manual_download,5,No candidate OA PDF URL produced a usable PDF automatically.,paper-2139_boost_classifier_driven_fault_prediction_across_heterogeneous_open_source_repositories.pdf
excluded,other_nonmaintenance,high,strict update: RC beam debonding structural failure only,paper-2141,2025,Prediction of intermediate crack debonding failure in FRP-strengthened reinforced concrete beams based on ensemble learning,Li S.; Zhang S.; Wang B.; Gao Y.; Yu Y.,AIP Advances,10.1063/5.0289806,https://doi.org/10.1063/5.0289806,10.1063,AIP,All Open Access; Gold Open Access; Green Open Access,https://www.scopus.com/pages/publications/105015545208?origin=resultslist,2-s2.0-105015545208,requires_manual_download,1,No candidate OA PDF URL produced a usable PDF automatically.,paper-2141_prediction_of_intermediate_crack_debonding_failure_in_frp_strengthened_reinforced_concrete_b.pdf
excluded,software_it_cyber,high,QUIC denial of service defense,paper-2149,2025,iQUIC: An intelligent framework for defending QUIC connection ID-based DoS attack using advantage actor–critic RL,Dey D.; Ghosh N.,Computers and Security,10.1016/j.cose.2025.104463,https://doi.org/10.1016/j.cose.2025.104463,10.1016,Elsevier / ScienceDirect,All Open Access; Hybrid Gold Open Access,https://www.scopus.com/pages/publications/105003372216?origin=resultslist,2-s2.0-105003372216,requires_manual_download,0,No candidate OA PDF URL produced a usable PDF automatically.,paper-2149_iquic_an_intelligent_framework_for_defending_quic_connection_id_based_dos_attack_using_advan.pdf
excluded,clinical_human_outcome,high,Kidney disease prognosis prediction,paper-2150,2025,Predicting prognosis in ANCA-associated vasculitis with kidney involvement,Maalouli C.; Aydin S.; Collard A.; Cambier J.-F.; Dejardin A.; Georges B.; Gillerot G.; Vanderperren B.; Vandooren A.-K.; Jadoul M.; Morelle J.; Demoulin N.,Clinical Kidney Journal,10.1093/ckj/sfaf268,https://doi.org/10.1093/ckj/sfaf268,10.1093,Oxford University Press,All Open Access; Gold Open Access; Green Open Access,https://www.scopus.com/pages/publications/105016850736?origin=resultslist,2-s2.0-105016850736,requires_manual_download,2,No candidate OA PDF URL produced a usable PDF automatically.,paper-2150_predicting_prognosis_in_anca_associated_vasculitis_with_kidney_involvement.pdf
excluded,generic_nonmaintenance_ai_control,medium,generic cleanup: Harmonic reducer dynamics model lacks maintenance use,paper-2156,2025,A new computationally efficient model of the non-linear dynamics in harmonic drive reducers,Guida R.; Bertolino A.C.; De Martin A.; Sorli M.,Mechanism and Machine Theory,10.1016/j.mechmachtheory.2025.105992,https://doi.org/10.1016/j.mechmachtheory.2025.105992,10.1016,Elsevier / ScienceDirect,All Open Access; Hybrid Gold Open Access,https://www.scopus.com/pages/publications/105000067790?origin=resultslist,2-s2.0-105000067790,requires_manual_download,0,No candidate OA PDF URL produced a usable PDF automatically.,paper-2156_a_new_computationally_efficient_model_of_the_non_linear_dynamics_in_harmonic_drive_reducers.pdf
excluded,clinical_human_outcome,high,Hip arthroplasty clinical trial,paper-2174,2025,The effect of tranexamic acid on blood coagulation in primary total hip arthroplasty using rotational thromboelastometry: a randomized controlled trial,Yoon U.; Beausang D.; Elia E.; Torjman M.; Mojica J.; Purtill J.; Nazarian D.; Courtney P.M.; Kang Y.,eClinicalMedicine,10.1016/j.eclinm.2025.103374,https://doi.org/10.1016/j.eclinm.2025.103374,10.1016,Elsevier / ScienceDirect,All Open Access; Gold Open Access; Green Open Access,https://www.scopus.com/pages/publications/105011047988?origin=resultslist,2-s2.0-105011047988,requires_manual_download,0,No candidate OA PDF URL produced a usable PDF automatically.,paper-2174_the_effect_of_tranexamic_acid_on_blood_coagulation_in_primary_total_hip_arthroplasty_using_r.pdf
excluded,other_nonmaintenance,high,Composite material failure criterion,paper-2179,2025,Machine learning empowered failure criterion of fiber-reinforced polymer composite,Wang X.; Zhang J.; Petru M.; Kang G.,Engineering Structures,10.1016/j.engstruct.2025.120217,https://doi.org/10.1016/j.engstruct.2025.120217,10.1016,Elsevier / ScienceDirect,All Open Access; Hybrid Gold Open Access,https://www.scopus.com/pages/publications/105001481931?origin=resultslist,2-s2.0-105001481931,requires_manual_download,0,No candidate OA PDF URL produced a usable PDF automatically.,paper-2179_machine_learning_empowered_failure_criterion_of_fiber_reinforced_polymer_composite.pdf
excluded,other_nonmaintenance,medium,Drill pipe design failure model,paper-2182,2025,Mechanical behavior and design optimization of composite and hybrid metal-composite drill pipes under combined loading conditions,Zheng Z.; Lv Y.; Fan W.; Wei Z.; Zhang S.; Wei J.; Menshykova M.; Menshykov O.; Wang T.,Engineering Structures,10.1016/j.engstruct.2025.120288,https://doi.org/10.1016/j.engstruct.2025.120288,10.1016,Elsevier / ScienceDirect,All Open Access; Hybrid Gold Open Access,https://www.scopus.com/pages/publications/105002373934?origin=resultslist,2-s2.0-105002373934,requires_manual_download,0,No candidate OA PDF URL produced a usable PDF automatically.,paper-2182_mechanical_behavior_and_design_optimization_of_composite_and_hybrid_metal_composite_drill_pi.pdf
excluded,other_nonmaintenance,medium,strict update: Battery electrode failure mechanics lacks maintenance use,paper-2202,2025,Probabilistic interface failure model of composite electrodes in all-solid-state batteries under mechanical-diffusion coupling,Zhang Z.; Wen J.,Theoretical and Applied Mechanics Letters,10.1016/j.taml.2025.100593,https://doi.org/10.1016/j.taml.2025.100593,10.1016,Elsevier / ScienceDirect,All Open Access; Gold Open Access; Green Open Access,https://www.scopus.com/pages/publications/105003921544?origin=resultslist,2-s2.0-105003921544,requires_manual_download,0,No candidate OA PDF URL produced a usable PDF automatically.,paper-2202_probabilistic_interface_failure_model_of_composite_electrodes_in_all_solid_state_batteries_u.pdf
excluded,environment_natural_system,high,controversial scan: Buried municipal water-supply pipe failure-pressure/material-response study; strict scope treats this as civil infrastructure rather than equipment PdM.,paper-2229,2025,Mechanical response and failure pressure prediction of cracked PVC-UH buried thin-walled pipes,Tang P.; Lu C.; Hu S.; Guo Y.; Deng N.; Mo S.,Case Studies in Construction Materials,10.1016/j.cscm.2025.e04438,https://doi.org/10.1016/j.cscm.2025.e04438,10.1016,Elsevier / ScienceDirect,All Open Access; Gold Open Access; Green Open Access,https://www.scopus.com/pages/publications/85218627889?origin=resultslist,2-s2.0-85218627889,requires_manual_download,0,No candidate OA PDF URL produced a usable PDF automatically.,paper-2229_mechanical_response_and_failure_pressure_prediction_of_cracked_pvc_uh_buried_thin_walled_pip.pdf
excluded,clinical_human_outcome,high,cancer probiotic prognosis,paper-2238,2025,Prognostic Impact of Clostridium butyricum MIYAIRI (CBM588) in Combination With Pembrolizumab for Advanced Urothelial Carcinoma: A Retrospective Cohort Study,Arima J.; Yoshino H.; Tatarano S.; Mitsuke A.; Osako Y.; Sakaguchi T.; Matsushita R.; Inoguchi S.; Yamada Y.; Enokida H.,Cancer Reports,10.1002/cnr2.70308,https://doi.org/10.1002/cnr2.70308,10.1002,Wiley / IET / Hindawi,All Open Access; Gold Open Access; Green Open Access,https://www.scopus.com/pages/publications/105012582813?origin=resultslist,2-s2.0-105012582813,requires_manual_download,1,No candidate OA PDF URL produced a usable PDF automatically.,paper-2238_prognostic_impact_of_clostridium_butyricum_miyairi_cbm588_in_combination_with_pembrolizumab.pdf
excluded,other_nonmaintenance,medium,controversial scan: Protective-relay wavelet runtime testing targets grid stability and transient protection rather than a maintenance or asset-health decision.,paper-2247,2025,Evaluating wavelet decomposition techniques in protective relays under continuous run-time simulated operation,Awada E.; Al-Mahrouk A.; Al-Rousan W.; Radwan E.,Results in Engineering,10.1016/j.rineng.2025.106936,https://doi.org/10.1016/j.rineng.2025.106936,10.1016,Elsevier / ScienceDirect,All Open Access; Gold Open Access,https://www.scopus.com/pages/publications/105014108533?origin=resultslist,2-s2.0-105014108533,requires_manual_download,0,No candidate OA PDF URL produced a usable PDF automatically.,paper-2247_evaluating_wavelet_decomposition_techniques_in_protective_relays_under_continuous_run_time_s.pdf
excluded,environment_natural_system,high,civil infra update: steel bridge corrosion fatigue degradation,paper-2253,2025,Corrosion-fatigue synergy in steel bridges: Mechanisms and mechanical degradation,Huang L.; Wan L.; Zuo Z.; Cai Z.; Wang X.; Liu H.; Liu J.,Results in Engineering,10.1016/j.rineng.2025.106235,https://doi.org/10.1016/j.rineng.2025.106235,10.1016,Elsevier / ScienceDirect,All Open Access; Gold Open Access; Green Open Access,https://www.scopus.com/pages/publications/105010331886?origin=resultslist,2-s2.0-105010331886,requires_manual_download,0,No candidate OA PDF URL produced a usable PDF automatically.,paper-2253_corrosion_fatigue_synergy_in_steel_bridges_mechanisms_and_mechanical_degradation.pdf
excluded,other_nonmaintenance,high,strict update: Fused silica optics material damage mechanics,paper-2258,2025,Role of atomic electronic structure defects in initiating laser-induced modification and failure of brittle-hard fused silica optics,Yang D.; Liu Z.; Zhao L.; Cheng J.; Chen M.; Wang S.; Geng F.; Sun Y.; Xu Q.,Optica,10.1364/OPTICA.563181,https://doi.org/10.1364/OPTICA.563181,10.1364,Other,All Open Access; Gold Open Access,https://www.scopus.com/pages/publications/105014118212?origin=resultslist,2-s2.0-105014118212,requires_manual_download,0,No candidate OA PDF URL produced a usable PDF automatically.,paper-2258_role_of_atomic_electronic_structure_defects_in_initiating_laser_induced_modification_and_fai.pdf
excluded,generic_nonmaintenance_ai_control,high,static MOSFET modeling only,paper-2266,2025,Optimized semi-physical EKV model for simulation of SiC MOSFETs,Bonkoungou B.D.R.; Gwoziecki R.; Perez G.; Sterna L.; Khatir Z.,Microelectronics Reliability,10.1016/j.microrel.2025.115780,https://doi.org/10.1016/j.microrel.2025.115780,10.1016,Elsevier / ScienceDirect,All Open Access; Green Open Access; Hybrid Gold Open Access,https://www.scopus.com/pages/publications/105005208866?origin=resultslist,2-s2.0-105005208866,requires_manual_download,1,No candidate OA PDF URL produced a usable PDF automatically.,paper-2266_optimized_semi_physical_ekv_model_for_simulation_of_sic_mosfets.pdf
excluded,environment_natural_system,high,natural landslide early warning,paper-2281,2025,Verification of a Two-Stage Slope Condition Estimation Method Using Real-Time Monitoring Records of a Rainfall-Induced Landslide,Ishizawa T.; Danjo T.,Journal of Disaster Research,10.20965/JDR.2025.P0673,https://doi.org/10.20965/JDR.2025.P0673,10.20965,Other,All Open Access; Gold Open Access,https://www.scopus.com/pages/publications/105019969861?origin=resultslist,2-s2.0-105019969861,requires_manual_download,0,No candidate OA PDF URL produced a usable PDF automatically.,paper-2281_verification_of_a_two_stage_slope_condition_estimation_method_using_real_time_monitoring_rec.pdf
excluded,environment_natural_system,high,controversial scan: Water transmission-line failure-risk and rehabilitation planning is civil water infrastructure despite maintenance-planning language.,paper-2290,2025,Risk-Based Water Pipe Failure Prediction through Machine Learning and Hydraulic Models,Ko T.; Farmani R.; Keedwell E.; Beig Zali R.,Journal of Water Resources Planning and Management,10.1061/JWRMD5.WRENG-6958,https://doi.org/10.1061/JWRMD5.WRENG-6958,10.1061,Other,All Open Access; Green Open Access,https://www.scopus.com/pages/publications/105010567141?origin=resultslist,2-s2.0-105010567141,requires_manual_download,1,No candidate OA PDF URL produced a usable PDF automatically.,paper-2290_risk_based_water_pipe_failure_prediction_through_machine_learning_and_hydraulic_models.pdf
excluded,business_social_finance,high,social welfare policy focus,paper-2302,2025,AI-Driven Smart Grid Solutions for Energy Justice: Integrating Technical Efficiency with Inclusive Social Welfare Policy Design,Senyapar H.N.D.; Bayindir R.,International Journal of Smart Grid,10.20508/ijsmartgrid.v9i3.426.g400,https://doi.org/10.20508/ijsmartgrid.v9i3.426.g400,10.20508,Other,All Open Access; Gold Open Access,https://www.scopus.com/pages/publications/105015422585?origin=resultslist,2-s2.0-105015422585,requires_manual_download,5,No candidate OA PDF URL produced a usable PDF automatically.,paper-2302_ai_driven_smart_grid_solutions_for_energy_justice_integrating_technical_efficiency_with_incl.pdf
excluded,environment_natural_system,high,civil infra update: road pothole detection,paper-2315,2025,Road pothole detection algorithm based on improved YOLOv10n,Gu W.; Ruan X.; Liu X.; Zou Y.; Huang Y.,Engineering Research Express,10.1088/2631-8695/ae02e3,https://doi.org/10.1088/2631-8695/ae02e3,10.1088,IOP/ECS,All Open Access; Hybrid Gold Open Access,https://www.scopus.com/pages/publications/105016149341?origin=resultslist,2-s2.0-105016149341,requires_manual_download,1,No candidate OA PDF URL produced a usable PDF automatically.,paper-2315_road_pothole_detection_algorithm_based_on_improved_yolov10n.pdf
excluded,environment_natural_system,high,civil infra update: bridge digital twin structural monitoring,paper-2343,2025,Digital twin-based structural health monitoring and measurements of dynamic characteristics in balanced cantilever bridge,Jirawattanasomkul T.; Hang L.; Srivaranun S.; Likitlersuang S.; Jongvivatsakul P.; Yodsudjai W.; Thammarak P.,Resilient Cities and Structures,10.1016/j.rcns.2025.08.001,https://doi.org/10.1016/j.rcns.2025.08.001,10.1016,Elsevier / ScienceDirect,All Open Access; Gold Open Access; Green Open Access,https://www.scopus.com/pages/publications/105013554867?origin=resultslist,2-s2.0-105013554867,requires_manual_download,0,No candidate OA PDF URL produced a usable PDF automatically.,paper-2343_digital_twin_based_structural_health_monitoring_and_measurements_of_dynamic_characteristics.pdf
excluded,environment_natural_system,high,olive soil monitoring,paper-2354,2025,Integrating sensor technology in organic table olive cultivation: A case study,Liopa-Tsakalidi A.; Kalorizou H.; Gana V.; Thomopoulos V.; Giannaros A.,Smart Agricultural Technology,10.1016/j.atech.2025.101037,https://doi.org/10.1016/j.atech.2025.101037,10.1016,Elsevier / ScienceDirect,All Open Access; Gold Open Access,https://www.scopus.com/pages/publications/105006942149?origin=resultslist,2-s2.0-105006942149,requires_manual_download,0,No candidate OA PDF URL produced a usable PDF automatically.,paper-2354_integrating_sensor_technology_in_organic_table_olive_cultivation_a_case_study.pdf
excluded,generic_nonmaintenance_ai_control,medium,operating state analysis not maintenance,paper-2363,2025,Chaotic characteristics of pressure fluctuations and operation state recognition in S-shaped region of a pump turbine,Liu B.; Feng J.; Zhu G.; Ge Z.; Gao L.; Luo X.,Mechanical Systems and Signal Processing,10.1016/j.ymssp.2025.113294,https://doi.org/10.1016/j.ymssp.2025.113294,10.1016,Elsevier / ScienceDirect,All Open Access; Hybrid Gold Open Access,https://www.scopus.com/pages/publications/105015036843?origin=resultslist,2-s2.0-105015036843,requires_manual_download,0,No candidate OA PDF URL produced a usable PDF automatically.,paper-2363_chaotic_characteristics_of_pressure_fluctuations_and_operation_state_recognition_in_s_shaped.pdf
excluded,other_nonmaintenance,medium,design optimization of components,paper-2365,2025,Failure analysis for the optimisation of internally pressurised additive manufactured components,Cuesta I.I.; Díaz A.; Rodríguez-Aparicio R.; Alegre J.M.,Engineering Failure Analysis,10.1016/j.engfailanal.2025.109614,https://doi.org/10.1016/j.engfailanal.2025.109614,10.1016,Elsevier / ScienceDirect,All Open Access; Hybrid Gold Open Access,https://www.scopus.com/pages/publications/105002734939?origin=resultslist,2-s2.0-105002734939,requires_manual_download,0,No candidate OA PDF URL produced a usable PDF automatically.,paper-2365_failure_analysis_for_the_optimisation_of_internally_pressurised_additive_manufactured_compon.pdf
excluded,software_it_cyber,high,software defect prediction,paper-2366,2025,Improved prediction of software defect: A particle swarm optimization based ELM approach,Pradhan D.; Muduli D.,"e-Prime - Advances in Electrical Engineering, Electronics and Energy",10.1016/j.prime.2025.101081,https://doi.org/10.1016/j.prime.2025.101081,10.1016,Elsevier / ScienceDirect,All Open Access; Gold Open Access; Green Open Access,https://www.scopus.com/pages/publications/105012407241?origin=resultslist,2-s2.0-105012407241,requires_manual_download,0,No candidate OA PDF URL produced a usable PDF automatically.,paper-2366_improved_prediction_of_software_defect_a_particle_swarm_optimization_based_elm_approach.pdf
excluded,other_nonmaintenance,medium,strict update: Flywheel crack simulation lacks maintenance decision,paper-2375,2025,Crack propagation in an energy storage flywheel rotor using finite element method,Nuñez A.B.; Ubando A.T.; Gonzaga J.A.; Navea R.F.R.; Santos G.N.C.; Chen W.-H.,Results in Engineering,10.1016/j.rineng.2025.105842,https://doi.org/10.1016/j.rineng.2025.105842,10.1016,Elsevier / ScienceDirect,All Open Access; Gold Open Access; Green Open Access,https://www.scopus.com/pages/publications/105009128046?origin=resultslist,2-s2.0-105009128046,requires_manual_download,0,No candidate OA PDF URL produced a usable PDF automatically.,paper-2375_crack_propagation_in_an_energy_storage_flywheel_rotor_using_finite_element_method.pdf
excluded,software_it_cyber,high,controversial scan: Theoretical passive-assessment model for water pipeline networks; no electromechanical asset or maintenance decision is demonstrated.,paper-2387,2025,Extended theoretical model for water pipeline passive assessment using ambient noise correlation,Wang S.; Li Z.; Lee P.,Mechanical Systems and Signal Processing,10.1016/j.ymssp.2025.113223,https://doi.org/10.1016/j.ymssp.2025.113223,10.1016,Elsevier / ScienceDirect,All Open Access; Hybrid Gold Open Access,https://www.scopus.com/pages/publications/105013675060?origin=resultslist,2-s2.0-105013675060,requires_manual_download,0,No candidate OA PDF URL produced a usable PDF automatically.,paper-2387_extended_theoretical_model_for_water_pipeline_passive_assessment_using_ambient_noise_correla.pdf
excluded,other_nonmaintenance,high,"controversial scan: Piezoelectric strain-sensor characterization lacks a specific asset, fault, degradation mechanism, or maintenance decision.",paper-2419,2025,Piezoelectric sensor characterization for structural strain measurements,Ghaderiaram A.; Vafa N.; Schlangen E.; Fotouhi M.,Sensors and Actuators A: Physical,10.1016/j.sna.2025.116659,https://doi.org/10.1016/j.sna.2025.116659,10.1016,Elsevier / ScienceDirect,All Open Access; Hybrid Gold Open Access,https://www.scopus.com/pages/publications/105004259524?origin=resultslist,2-s2.0-105004259524,requires_manual_download,0,No candidate OA PDF URL produced a usable PDF automatically.,paper-2419_piezoelectric_sensor_characterization_for_structural_strain_measurements.pdf
excluded,other_nonmaintenance,medium,strict update: Pipeline weld fatigue mechanics only,paper-2434,2025,Fatigue life prediction and crack growth analysis of weld zones in API X60 steel using Weibull distribution and Monte Carlo simulations,Bahram K.; Belhamiani M.; Chaib M.; Hamidou B.; Slimane A.; Bouchouicha B.,Theoretical and Applied Fracture Mechanics,10.1016/j.tafmec.2025.104962,https://doi.org/10.1016/j.tafmec.2025.104962,10.1016,Elsevier / ScienceDirect,All Open Access; Hybrid Gold Open Access,https://www.scopus.com/pages/publications/105002258494?origin=resultslist,2-s2.0-105002258494,requires_manual_download,0,No candidate OA PDF URL produced a usable PDF automatically.,paper-2434_fatigue_life_prediction_and_crack_growth_analysis_of_weld_zones_in_api_x60_steel_using_weibu.pdf
excluded,software_it_cyber,high,controversial scan: GenAI opportunities paper for water distribution networks is broad utility management; PdM is only one possible application.,paper-2437,2025,Making waves: Generative artificial intelligence in water distribution networks: Opportunities and challenges,Taiwo R.; Yussif A.-M.; Zayed T.,Water Research X,10.1016/j.wroa.2025.100316,https://doi.org/10.1016/j.wroa.2025.100316,10.1016,Elsevier / ScienceDirect,All Open Access; Gold Open Access; Green Open Access,https://www.scopus.com/pages/publications/85217628395?origin=resultslist,2-s2.0-85217628395,requires_manual_download,0,No candidate OA PDF URL produced a usable PDF automatically.,paper-2437_making_waves_generative_artificial_intelligence_in_water_distribution_networks_opportunities.pdf
excluded,clinical_human_outcome,high,patient feeding intolerance prediction,paper-2441,2025,Development and validation of a dynamic nomogram for predicting enteral nutrition feeding intolerance in patients with severe traumatic brain injury: An external validation study,Pan Y.; Min C.; Li J.; Lin W.; Li B.; Wang Y.; Zhang S.; Jing W.; Dang X.,Medicine (United States),10.1097/MD.0000000000042993,https://doi.org/10.1097/MD.0000000000042993,10.1097,Other,All Open Access; Gold Open Access; Green Open Access,https://www.scopus.com/pages/publications/105010082210?origin=resultslist,2-s2.0-105010082210,requires_manual_download,0,No candidate OA PDF URL produced a usable PDF automatically.,paper-2441_development_and_validation_of_a_dynamic_nomogram_for_predicting_enteral_nutrition_feeding_in.pdf
excluded,software_it_cyber,high,IIoT cybersecurity intrusion response,paper-2452,2025,Adaptive Intrusion Response via Federated Meta-Learning for IIoT Zero-Day Mitigation,Al-Zoubi H.Q.R.; Salahat M.; Al-Dmour N.A.,Journal of Soft Computing and Data Mining,10.30880/jscdm.2025.06.01.026,https://doi.org/10.30880/jscdm.2025.06.01.026,10.30880,Other,All Open Access; Gold Open Access,https://www.scopus.com/pages/publications/105010741965?origin=resultslist,2-s2.0-105010741965,requires_manual_download,0,No candidate OA PDF URL produced a usable PDF automatically.,paper-2452_adaptive_intrusion_response_via_federated_meta_learning_for_iiot_zero_day_mitigation.pdf
excluded,generic_nonmaintenance_ai_control,medium,urban rail energy scheduling not maintenance,paper-2454,2025,An analytical framework for optimizing urban rail schedules with energy recovery and sensor integration,Farshad H.,Decision Analytics Journal,10.1016/j.dajour.2025.100623,https://doi.org/10.1016/j.dajour.2025.100623,10.1016,Elsevier / ScienceDirect,All Open Access; Gold Open Access,https://www.scopus.com/pages/publications/105013991538?origin=resultslist,2-s2.0-105013991538,requires_manual_download,0,No candidate OA PDF URL produced a usable PDF automatically.,paper-2454_an_analytical_framework_for_optimizing_urban_rail_schedules_with_energy_recovery_and_sensor.pdf
excluded,business_social_finance,high,human worker workload monitoring,paper-2458,2025,Methodology for manipulation of workload in manual assembly experiments,Waldherr F.; Krugh M.; Jansari V.; Mears L.,Manufacturing Letters,10.1016/j.mfglet.2025.06.167,https://doi.org/10.1016/j.mfglet.2025.06.167,10.1016,Elsevier / ScienceDirect,All Open Access; Hybrid Gold Open Access,https://www.scopus.com/pages/publications/105014915806?origin=resultslist,2-s2.0-105014915806,requires_manual_download,0,No candidate OA PDF URL produced a usable PDF automatically.,paper-2458_methodology_for_manipulation_of_workload_in_manual_assembly_experiments.pdf
excluded,clinical_human_outcome,high,heart failure prediction,paper-2459,2025,Integration of graph neural networks and long short-term memory models for advancing heart failure prediction,Alrashdi I.; Taloba A.I.,Alexandria Engineering Journal,10.1016/j.aej.2025.05.014,https://doi.org/10.1016/j.aej.2025.05.014,10.1016,Elsevier / ScienceDirect,All Open Access; Gold Open Access; Green Open Access,https://www.scopus.com/pages/publications/105004657666?origin=resultslist,2-s2.0-105004657666,requires_manual_download,0,No candidate OA PDF URL produced a usable PDF automatically.,paper-2459_integration_of_graph_neural_networks_and_long_short_term_memory_models_for_advancing_heart_f.pdf
excluded,other_nonmaintenance,high,strict update: Cultural heritage conservation system,paper-2469,2025,Situation-aware Cyber–Physical–Social System for Cultural Heritage,Colace F.; D'Aniello G.; De Santo M.; Gaeta R.; Zuchtriegel G.,Intelligent Systems with Applications,10.1016/j.iswa.2025.200544,https://doi.org/10.1016/j.iswa.2025.200544,10.1016,Elsevier / ScienceDirect,All Open Access; Gold Open Access; Green Open Access,https://www.scopus.com/pages/publications/105008227604?origin=resultslist,2-s2.0-105008227604,requires_manual_download,0,No candidate OA PDF URL produced a usable PDF automatically.,paper-2469_situation_aware_cyber_physical_social_system_for_cultural_heritage.pdf
excluded,business_social_finance,high,credit union failure prediction,paper-2481,2025,Modeling and predicting failure in US credit unions,Peng Q.; McKillop D.; Quinn B.; Liu K.,International Journal of Forecasting,10.1016/j.ijforecast.2024.12.004,https://doi.org/10.1016/j.ijforecast.2024.12.004,10.1016,Elsevier / ScienceDirect,All Open Access; Green Open Access,https://www.scopus.com/pages/publications/85215403989?origin=resultslist,2-s2.0-85215403989,requires_manual_download,0,No candidate OA PDF URL produced a usable PDF automatically.,paper-2481_modeling_and_predicting_failure_in_us_credit_unions.pdf
excluded,generic_nonmaintenance_ai_control,high,industrial steam energy management,paper-2493,2025,Implementation of digitalization technologies for optimizing energy efficiency and thermal management in steam industrial processes,Martínez-García F.M.; Molina García A.; Alarcón M.; Gómez de León F.C.; Sánchez Robles J.,Renewable and Sustainable Energy Reviews,10.1016/j.rser.2025.115783,https://doi.org/10.1016/j.rser.2025.115783,10.1016,Elsevier / ScienceDirect,All Open Access; Green Open Access; Hybrid Gold Open Access,https://www.scopus.com/pages/publications/105003749332?origin=resultslist,2-s2.0-105003749332,requires_manual_download,0,No candidate OA PDF URL produced a usable PDF automatically.,paper-2493_implementation_of_digitalization_technologies_for_optimizing_energy_efficiency_and_thermal_m.pdf
excluded,other_nonmaintenance,high,strict update: Smart building energy models,paper-2497,2025,Data-driven predictive models for sustainable smart buildings,Rajaram P.; O․V․ G.S.,Results in Engineering,10.1016/j.rineng.2025.105916,https://doi.org/10.1016/j.rineng.2025.105916,10.1016,Elsevier / ScienceDirect,All Open Access; Gold Open Access; Green Open Access,https://www.scopus.com/pages/publications/105009338003?origin=resultslist,2-s2.0-105009338003,requires_manual_download,0,No candidate OA PDF URL produced a usable PDF automatically.,paper-2497_data_driven_predictive_models_for_sustainable_smart_buildings.pdf
excluded,generic_nonmaintenance_ai_control,medium,generic cleanup: PV power forecasting not maintenance,paper-2500,2025,Comparative analysis of experimental and modelling of bifacial PV panel: a step towards digital twin,Halwani S.; Hamid A.-K.; Ahmad F.F.; Hussein M.,International Journal of Thermofluids,10.1016/j.ijft.2025.101377,https://doi.org/10.1016/j.ijft.2025.101377,10.1016,Elsevier / ScienceDirect,All Open Access; Gold Open Access; Green Open Access,https://www.scopus.com/pages/publications/105014001387?origin=resultslist,2-s2.0-105014001387,requires_manual_download,0,No candidate OA PDF URL produced a usable PDF automatically.,paper-2500_comparative_analysis_of_experimental_and_modelling_of_bifacial_pv_panel_a_step_towards_digit.pdf
excluded,clinical_human_outcome,high,patient right heart failure prediction,paper-2508,2025,A Predictive Marker for Right Heart Failure after Left Ventricular Assist Device Implantation: The Direct Bilirubin to Total Bilirubin Ratio,Qing P.; Zhao S.; Zhou X.; Du J.; Zou L.; Duan F.; Chen H.; Wang X.; Hu S.,ASAIO Journal,10.1097/MAT.0000000000002398,https://doi.org/10.1097/MAT.0000000000002398,10.1097,Other,All Open Access; Green Open Access; Hybrid Gold Open Access,https://www.scopus.com/pages/publications/105001118903?origin=resultslist,2-s2.0-105001118903,requires_manual_download,1,Removed automatically downloaded PDF after title audit; no candidate matched the paper title/DOI.,paper-2508_a_predictive_marker_for_right_heart_failure_after_left_ventricular_assist_device_implantatio.pdf
excluded,other_nonmaintenance,high,building material recycling study,paper-2512,2025,Recycled filtered contaminants from liquid-fed pyrolysis as novel building composite material,Romani A.; Kulas D.; Curro J.; Shonnard D.R.; Pearce J.M.,Journal of Building Engineering,10.1016/j.jobe.2025.112025,https://doi.org/10.1016/j.jobe.2025.112025,10.1016,Elsevier / ScienceDirect,All Open Access; Green Open Access; Hybrid Gold Open Access,https://www.scopus.com/pages/publications/85217261253?origin=resultslist,2-s2.0-85217261253,requires_manual_download,0,No candidate OA PDF URL produced a usable PDF automatically.,paper-2512_recycled_filtered_contaminants_from_liquid_fed_pyrolysis_as_novel_building_composite_materia.pdf
excluded,environment_natural_system,medium,controversial scan: Virtual-sensing paper evaluated partly on train-bridge live-load prediction; maintenance use is only potential and includes civil SHM.,paper-2514,2025,Graph neural networks for virtual sensing in complex systems: Addressing heterogeneous temporal dynamics,Zhao M.; Taal C.; Baggerohr S.; Fink O.,Mechanical Systems and Signal Processing,10.1016/j.ymssp.2025.112544,https://doi.org/10.1016/j.ymssp.2025.112544,10.1016,Elsevier / ScienceDirect,All Open Access; Hybrid Gold Open Access,https://www.scopus.com/pages/publications/105000330938?origin=resultslist,2-s2.0-105000330938,requires_manual_download,0,No candidate OA PDF URL produced a usable PDF automatically.,paper-2514_graph_neural_networks_for_virtual_sensing_in_complex_systems_addressing_heterogeneous_tempor.pdf
excluded,generic_nonmaintenance_ai_control,high,generic cleanup: Generic signal imputation method,paper-2523,2025,Data imputation in the frequency domain using Echo State Networks,Sánchez L.; Costa N.; Couso I.,Engineering Applications of Artificial Intelligence,10.1016/j.engappai.2025.110129,https://doi.org/10.1016/j.engappai.2025.110129,10.1016,Elsevier / ScienceDirect,All Open Access; Hybrid Gold Open Access,https://www.scopus.com/pages/publications/85216292582?origin=resultslist,2-s2.0-85216292582,requires_manual_download,0,No candidate OA PDF URL produced a usable PDF automatically.,paper-2523_data_imputation_in_the_frequency_domain_using_echo_state_networks.pdf
excluded,other_nonmaintenance,medium,glazing failure risk design,paper-2525,2025,Fragility curves for hail resistance of toughened glass,Cui Y.; Lam N.; Shi S.; Gad E.; Zhang L.,Journal of Building Engineering,10.1016/j.jobe.2025.112249,https://doi.org/10.1016/j.jobe.2025.112249,10.1016,Elsevier / ScienceDirect,All Open Access; Hybrid Gold Open Access,https://www.scopus.com/pages/publications/86000565497?origin=resultslist,2-s2.0-86000565497,requires_manual_download,0,No candidate OA PDF URL produced a usable PDF automatically.,paper-2525_fragility_curves_for_hail_resistance_of_toughened_glass.pdf
excluded,generic_nonmaintenance_ai_control,high,steam generator modeling only,paper-2536,2025,Multi-stage identification framework for steam generator modeling with gap metrics,Wang H.; Zhang P.; Xing K.; Wang J.; Yuan M.,Ain Shams Engineering Journal,10.1016/j.asej.2025.103382,https://doi.org/10.1016/j.asej.2025.103382,10.1016,Elsevier / ScienceDirect,All Open Access; Gold Open Access; Green Open Access,https://www.scopus.com/pages/publications/105001331797?origin=resultslist,2-s2.0-105001331797,requires_manual_download,0,No candidate OA PDF URL produced a usable PDF automatically.,paper-2536_multi_stage_identification_framework_for_steam_generator_modeling_with_gap_metrics.pdf
excluded,business_social_finance,high,controversial scan: Urban water-supply infrastructure asset management for buried pipes; civil utility infrastructure rather than industrial/electromechanical equipment.,paper-2538,2025,Ilorin metropolitan water supply infrastructure (WSI) asset management under limited data,Okeola O.; Laaro Y.; Abdulkadir T.; Salami A.,Water Practice and Technology,10.2166/wpt.2025.057,https://doi.org/10.2166/wpt.2025.057,10.2166,Other,All Open Access; Gold Open Access,https://www.scopus.com/pages/publications/105007012081?origin=resultslist,2-s2.0-105007012081,requires_manual_download,0,No candidate OA PDF URL produced a usable PDF automatically.,paper-2538_ilorin_metropolitan_water_supply_infrastructure_wsi_asset_management_under_limited_data.pdf
excluded,environment_natural_system,medium,"controversial scan: Broad generative-AI solar-energy overview spanning design, site selection, forecasting, and grids; predictive maintenance is only one application.",paper-2547,2025,Revolutionizing solar energy resources: The central role of generative AI in elevating system sustainability and efficiency,Mousavi R.; Mousavi A.; Mousavi Y.; Tavasoli M.; Arab A.; Kucukdemiral I.B.; Alfi A.; Fekih A.,Applied Energy,10.1016/j.apenergy.2025.125296,https://doi.org/10.1016/j.apenergy.2025.125296,10.1016,Elsevier / ScienceDirect,All Open Access; Green Open Access; Hybrid Gold Open Access,https://www.scopus.com/pages/publications/85214571986?origin=resultslist,2-s2.0-85214571986,requires_manual_download,0,No candidate OA PDF URL produced a usable PDF automatically.,paper-2547_revolutionizing_solar_energy_resources_the_central_role_of_generative_ai_in_elevating_system.pdf
excluded,other_nonmaintenance,high,strict update: Post failure boiler metallurgy study,paper-2563,2025,Investigating short-term overheating failures in secondary superheater outlet of boiler steam power plant,Wijayanti I.D.; Syahbania S.A.; Sidharta I.; Sutikno; Ubaidillah U.,Results in Engineering,10.1016/j.rineng.2025.105452,https://doi.org/10.1016/j.rineng.2025.105452,10.1016,Elsevier / ScienceDirect,All Open Access; Gold Open Access,https://www.scopus.com/pages/publications/105006674453?origin=resultslist,2-s2.0-105006674453,requires_manual_download,0,No candidate OA PDF URL produced a usable PDF automatically.,paper-2563_investigating_short_term_overheating_failures_in_secondary_superheater_outlet_of_boiler_stea.pdf
excluded,acronym_collision,high,CBM-I cognitive bias modification,paper-2565,2025,Addressing Cognitive Bias in Adolescents with Neurodevelopmental Disorders Using 3-D Animated Serious Games,Stewart S.; Houghton S.J.; Macqueen L.,Pediatric Reports,10.3390/pediatric17020028,https://doi.org/10.3390/pediatric17020028,10.3390,MDPI edge case,All Open Access; Gold Open Access; Green Open Access,https://www.scopus.com/pages/publications/105003496077?origin=resultslist,2-s2.0-105003496077,requires_manual_download,3,No candidate OA PDF URL produced a usable PDF automatically.,paper-2565_addressing_cognitive_bias_in_adolescents_with_neurodevelopmental_disorders_using_3_d_animate.pdf
excluded,clinical_human_outcome,high,CKD kidney failure prediction,paper-2574,2025,A Novel Kidney Failure Prediction Model in Individuals With CKD: Impact of Serum Bilirubin Levels,Inoguchi T.; Okui T.; Nojiri C.; Yamashita T.; Nakayama M.; Haruyama N.; Fukuizumi K.; Wakata Y.; Nakashima N.,Journal of Clinical Endocrinology and Metabolism,10.1210/clinem/dgae430,https://doi.org/10.1210/clinem/dgae430,10.1210,Other,All Open Access; Bronze Open Access; Green Open Access,https://www.scopus.com/pages/publications/105003203995?origin=resultslist,2-s2.0-105003203995,requires_manual_download,1,No candidate OA PDF URL produced a usable PDF automatically.,paper-2574_a_novel_kidney_failure_prediction_model_in_individuals_with_ckd_impact_of_serum_bilirubin_le.pdf
excluded,environment_natural_system,high,civil infra update: road quality measurement,paper-2597,2025,Vehicle maneuver recognition and correction algorithm for road quality measurement system optimization,Nagy R.; Szalai I.,Measurement: Sensors,10.1016/j.measen.2025.101816,https://doi.org/10.1016/j.measen.2025.101816,10.1016,Elsevier / ScienceDirect,All Open Access; Gold Open Access; Green Open Access,https://www.scopus.com/pages/publications/85217259490?origin=resultslist,2-s2.0-85217259490,requires_manual_download,0,No candidate OA PDF URL produced a usable PDF automatically.,paper-2597_vehicle_maneuver_recognition_and_correction_algorithm_for_road_quality_measurement_system_op.pdf
excluded,other_nonmaintenance,high,strict update: Medical implant failure prediction,paper-2602,2025,Hip prosthesis failure prediction through radiological deep sequence learning,Masciulli F.; Corti A.; Lindemann A.; Chiappetta K.; Loppini M.; Corino V.D.A.,International Journal of Medical Informatics,10.1016/j.ijmedinf.2025.105802,https://doi.org/10.1016/j.ijmedinf.2025.105802,10.1016,Elsevier / ScienceDirect,All Open Access; Green Open Access; Hybrid Gold Open Access,https://www.scopus.com/pages/publications/85216360213?origin=resultslist,2-s2.0-85216360213,requires_manual_download,0,No candidate OA PDF URL produced a usable PDF automatically.,paper-2602_hip_prosthesis_failure_prediction_through_radiological_deep_sequence_learning.pdf
excluded,generic_nonmaintenance_ai_control,high,Product design optimization focus,paper-2605,2025,Human-AI Teaming in a Digital Twin Model for Virtual Product Development; [Mensch-KI-Zusammenarbeit in einem Digitalen Zwillingsmodell für die virtuelle Produktentwicklung],Orimi A.G.; Saralajew S.; Feng J.; Dai Z.; Hamlaoui R.; Stauss T.; Lachmayer R.,ZWF Zeitschrift fuer Wirtschaftlichen Fabrikbetrieb,10.1515/zwf-2024-0141,https://doi.org/10.1515/zwf-2024-0141,10.1515,Other,All Open Access; Green Open Access; Hybrid Gold Open Access,https://www.scopus.com/pages/publications/105004686224?origin=resultslist,2-s2.0-105004686224,requires_manual_download,1,No candidate OA PDF URL produced a usable PDF automatically.,paper-2605_human_ai_teaming_in_a_digital_twin_model_for_virtual_product_development_mensch_ki_zusammena.pdf
excluded,generic_nonmaintenance_ai_control,high,generic cleanup: Microfluidic clogging lab study,paper-2622,2025,Early detection of pore clogging in microfluidic systems with 3D convolutional neural network,Yi W.; Kim D.Y.; Jin H.; Yoon S.; Ahn K.H.,Separation and Purification Technology,10.1016/j.seppur.2024.130428,https://doi.org/10.1016/j.seppur.2024.130428,10.1016,Elsevier / ScienceDirect,All Open Access; Hybrid Gold Open Access,https://www.scopus.com/pages/publications/85209243214?origin=resultslist,2-s2.0-85209243214,requires_manual_download,0,No candidate OA PDF URL produced a usable PDF automatically.,paper-2622_early_detection_of_pore_clogging_in_microfluidic_systems_with_3d_convolutional_neural_networ.pdf
excluded,environment_natural_system,high,strict update: Hydraulic fracturing geomechanics not maintenance,paper-2634,2025,Prediction of casing failure risk locations under multi-stage hydraulic fracturing inter-well interference in “well factory” mode,Tuo Y.-H.; Lin T.-J.; Yu H.; Lian Z.-H.; Chen F.-X.,Petroleum Science,10.1016/j.petsci.2025.02.016,https://doi.org/10.1016/j.petsci.2025.02.016,10.1016,Elsevier / ScienceDirect,All Open Access; Gold Open Access,https://www.scopus.com/pages/publications/105001006917?origin=resultslist,2-s2.0-105001006917,requires_manual_download,0,No candidate OA PDF URL produced a usable PDF automatically.,paper-2634_prediction_of_casing_failure_risk_locations_under_multi_stage_hydraulic_fracturing_inter_wel.pdf
excluded,generic_nonmaintenance_ai_control,medium,generic cleanup: Robot control paper with incidental maintenance,paper-2665,2025,"Advanced multi-loop control for 4DOF robotic arms: Integrating digital twins, neural networks, and model predictive control",Chen J.; Al-Nussairi A.K.J.; Chyad M.H.; Azarinfar H.; Khosravi M.; Jin K.; Zhang J.,Energy Reports,10.1016/j.egyr.2025.03.052,https://doi.org/10.1016/j.egyr.2025.03.052,10.1016,Elsevier / ScienceDirect,All Open Access; Gold Open Access,https://www.scopus.com/pages/publications/105001933967?origin=resultslist,2-s2.0-105001933967,requires_manual_download,0,No candidate OA PDF URL produced a usable PDF automatically.,paper-2665_advanced_multi_loop_control_for_4dof_robotic_arms_integrating_digital_twins_neural_networks.pdf
excluded,generic_nonmaintenance_ai_control,high,Power plant process optimization,paper-2666,2025,Numerical thermodynamic-economic study and machine learning-based optimization of an innovative biogas-driven integrated power plant combined with sustainable liquid CO2 and liquid H2 production-storage processes,Yuan R.; Shi F.; Abed A.M.; Shaban M.; Samad S.; Almadhor A.; Abdullaeva B.; Aoudia M.; Alkhalaf S.; Babiker S.G.,Case Studies in Thermal Engineering,10.1016/j.csite.2025.106043,https://doi.org/10.1016/j.csite.2025.106043,10.1016,Elsevier / ScienceDirect,All Open Access; Gold Open Access; Green Open Access,https://www.scopus.com/pages/publications/105003640479?origin=resultslist,2-s2.0-105003640479,requires_manual_download,0,No candidate OA PDF URL produced a usable PDF automatically.,paper-2666_numerical_thermodynamic_economic_study_and_machine_learning_based_optimization_of_an_innovat.pdf
excluded,environment_natural_system,medium,"controversial scan: Wheel-rail friction estimation supports low-adhesion mitigation and operations safety, not fault/degradation maintenance of an asset.",paper-2672,2025,Estimation of wheel-rail friction coefficient using deep CNN on axlebox accelerations,Abdurahman B.; Hubbard P.; Harrison T.; Ward C.; Fletcher D.; Lewis R.; Chandrasekhar K.; Vincent D.,Mechanical Systems and Signal Processing,10.1016/j.ymssp.2025.112756,https://doi.org/10.1016/j.ymssp.2025.112756,10.1016,Elsevier / ScienceDirect,All Open Access; Hybrid Gold Open Access,https://www.scopus.com/pages/publications/105002853849?origin=resultslist,2-s2.0-105002853849,requires_manual_download,0,No candidate OA PDF URL produced a usable PDF automatically.,paper-2672_estimation_of_wheel_rail_friction_coefficient_using_deep_cnn_on_axlebox_accelerations.pdf
excluded,acronym_collision,high,CBM means construction materials,paper-2675,2025,Disproportionate impacts of building materials production facilities on neighboring communities,Kim A.; Chaboya G.; Kwon H.; Miller S.A.,Environmental Research: Infrastructure and Sustainability,10.1088/2634-4505/ad9d78,https://doi.org/10.1088/2634-4505/ad9d78,10.1088,IOP/ECS,All Open Access; Gold Open Access; Green Open Access,https://www.scopus.com/pages/publications/85214661650?origin=resultslist,2-s2.0-85214661650,requires_manual_download,1,No candidate OA PDF URL produced a usable PDF automatically.,paper-2675_disproportionate_impacts_of_building_materials_production_facilities_on_neighboring_communit.pdf
excluded,generic_nonmaintenance_ai_control,high,generic cleanup: Generic FBG demodulation hardware,paper-2686,2025,Cost-effective and lightweight FBG demodulation system based on edge AI,Zhou R.; Peng X.; Wang X.; Zhang H.; Zhai T.; Li G.; Gu X.; Zhang Z.,Optics Express,10.1364/OE.558223,https://doi.org/10.1364/OE.558223,10.1364,Other,All Open Access; Gold Open Access,https://www.scopus.com/pages/publications/105002999685?origin=resultslist,2-s2.0-105002999685,requires_manual_download,0,No candidate OA PDF URL produced a usable PDF automatically.,paper-2686_cost_effective_and_lightweight_fbg_demodulation_system_based_on_edge_ai.pdf
excluded,generic_nonmaintenance_ai_control,high,generic cleanup: Welding quality inspection not maintenance,paper-2690,2025,Evaluation of Time-Domain Acoustic Signature in TIG Welding of 5083 Aluminum Alloy: A Methodological Comparison of Feature Reduction Approaches,Gautham V.M.; Sumesh A.; Jithin E.V.; Rameshkumar K.; Thekkuden D.T.,Results in Engineering,10.1016/j.rineng.2025.105062,https://doi.org/10.1016/j.rineng.2025.105062,10.1016,Elsevier / ScienceDirect,All Open Access; Gold Open Access; Green Open Access,https://www.scopus.com/pages/publications/105004415391?origin=resultslist,2-s2.0-105004415391,requires_manual_download,0,No candidate OA PDF URL produced a usable PDF automatically.,paper-2690_evaluation_of_time_domain_acoustic_signature_in_tig_welding_of_5083_aluminum_alloy_a_methodo.pdf
excluded,environment_natural_system,medium,civil infra update: generic structural damage inverse analysis,paper-2698,2025,Towards efficient structural inverse analysis based on AI-driven differentiable optimization method,Wang C.; Zhang C.; Yang C.; Fan J.-S.,Mechanical Systems and Signal Processing,10.1016/j.ymssp.2025.112618,https://doi.org/10.1016/j.ymssp.2025.112618,10.1016,Elsevier / ScienceDirect,All Open Access; Hybrid Gold Open Access,https://www.scopus.com/pages/publications/105000694187?origin=resultslist,2-s2.0-105000694187,requires_manual_download,0,No candidate OA PDF URL produced a usable PDF automatically.,paper-2698_towards_efficient_structural_inverse_analysis_based_on_ai_driven_differentiable_optimization.pdf
excluded,generic_nonmaintenance_ai_control,high,generic cleanup: PV dust power prediction only,paper-2717,2025,Comparative analysis dust accumulation impact on PV performance using artificial neural network and machine learning algorithms,Shukla A.; Pachauri R.K.; Hussain A.; Ali A.; Khan B.,Results in Engineering,10.1016/j.rineng.2025.105024,https://doi.org/10.1016/j.rineng.2025.105024,10.1016,Elsevier / ScienceDirect,All Open Access; Gold Open Access; Green Open Access,https://www.scopus.com/pages/publications/105003991803?origin=resultslist,2-s2.0-105003991803,requires_manual_download,0,No candidate OA PDF URL produced a usable PDF automatically.,paper-2717_comparative_analysis_dust_accumulation_impact_on_pv_performance_using_artificial_neural_netw.pdf
excluded,biology_biotech_non_equipment,high,Plant protease biology,paper-2719,2025,The Deg5 and Deg8 thylakoid lumenal proteases are dispensable for photosynthesis and fruit ripening in Solanum lycopersicum,Itafa E.A.; Tiwari V.; Cohen M.; Kamara I.; Regon P.; Butenko Y.; Savidor A.; Adam Z.; Charuvi D.,Plant Physiology and Biochemistry,10.1016/j.plaphy.2025.109657,https://doi.org/10.1016/j.plaphy.2025.109657,10.1016,Elsevier / ScienceDirect,All Open Access; Hybrid Gold Open Access,https://www.scopus.com/pages/publications/85217918538?origin=resultslist,2-s2.0-85217918538,requires_manual_download,0,No candidate OA PDF URL produced a usable PDF automatically.,paper-2719_the_deg5_and_deg8_thylakoid_lumenal_proteases_are_dispensable_for_photosynthesis_and_fruit_r.pdf
excluded,software_it_cyber,high,controversial scan: Water-distribution-network leak/burst prediction for urban utility pipes; civil infrastructure rather than in-scope industrial pipeline/equipment.,paper-2734,2025,Explainable deep learning models for predicting water pipe failures,Taiwo R.; Zayed T.; Bakhtawar B.; Adey B.T.,Journal of Environmental Management,10.1016/j.jenvman.2025.124738,https://doi.org/10.1016/j.jenvman.2025.124738,10.1016,Elsevier / ScienceDirect,All Open Access; Green Open Access; Hybrid Gold Open Access,https://www.scopus.com/pages/publications/85219495307?origin=resultslist,2-s2.0-85219495307,requires_manual_download,0,No candidate OA PDF URL produced a usable PDF automatically.,paper-2734_explainable_deep_learning_models_for_predicting_water_pipe_failures.pdf
excluded,software_it_cyber,high,Software maintainability prediction,paper-2738,2025,Software maintainability prediction based on change metric using neural network models,Vescan A.; Barac-Antonescu D.,Engineering Applications of Artificial Intelligence,10.1016/j.engappai.2025.110032,https://doi.org/10.1016/j.engappai.2025.110032,10.1016,Elsevier / ScienceDirect,All Open Access; Hybrid Gold Open Access,https://www.scopus.com/pages/publications/85215627556?origin=resultslist,2-s2.0-85215627556,requires_manual_download,0,No candidate OA PDF URL produced a usable PDF automatically.,paper-2738_software_maintainability_prediction_based_on_change_metric_using_neural_network_models.pdf
excluded,generic_nonmaintenance_ai_control,high,Transport user experience model,paper-2766,2025,Toward a conceptual model to improve the user experience of a sustainable and secure intelligent transport system,Alsaleh A.,Acta Psychologica,10.1016/j.actpsy.2025.104892,https://doi.org/10.1016/j.actpsy.2025.104892,10.1016,Elsevier / ScienceDirect,All Open Access; Gold Open Access; Green Open Access,https://www.scopus.com/pages/publications/86000616022?origin=resultslist,2-s2.0-86000616022,requires_manual_download,0,No candidate OA PDF URL produced a usable PDF automatically.,paper-2766_toward_a_conceptual_model_to_improve_the_user_experience_of_a_sustainable_and_secure_intelli.pdf
excluded,other_nonmaintenance,high,strict update: Generic material failure report generation,paper-2791,2025,Engineering material failure analysis report generation based on QWen and Llama2,Chang S.; Wan M.; Wang J.; Du H.; Zhang P.; Shi P.,Results in Engineering,10.1016/j.rineng.2025.104532,https://doi.org/10.1016/j.rineng.2025.104532,10.1016,Elsevier / ScienceDirect,All Open Access; Gold Open Access; Green Open Access,https://www.scopus.com/pages/publications/105000080486?origin=resultslist,2-s2.0-105000080486,requires_manual_download,0,No candidate OA PDF URL produced a usable PDF automatically.,paper-2791_engineering_material_failure_analysis_report_generation_based_on_qwen_and_llama2.pdf
excluded,other_nonmaintenance,high,Wind blade structural modeling only,paper-2808,2025,A critical verification of beam and shell models of wind turbine blades,Camarena E.; Anderson E.,Composite Structures,10.1016/j.compstruct.2025.118999,https://doi.org/10.1016/j.compstruct.2025.118999,10.1016,Elsevier / ScienceDirect,All Open Access; Green Open Access,https://www.scopus.com/pages/publications/86000160538?origin=resultslist,2-s2.0-86000160538,requires_manual_download,0,No candidate OA PDF URL produced a usable PDF automatically.,paper-2808_a_critical_verification_of_beam_and_shell_models_of_wind_turbine_blades.pdf
excluded,generic_nonmaintenance_ai_control,medium,Liquid concentration sensor not asset health,paper-2810,2025,Compact MEMS-based sensor for refractive index monitoring of liquids,Handte T.; Bohm S.; Goj B.; Dittrich L.; Runge E.; Sinzinger S.,Sensors and Actuators A: Physical,10.1016/j.sna.2025.116328,https://doi.org/10.1016/j.sna.2025.116328,10.1016,Elsevier / ScienceDirect,All Open Access; Hybrid Gold Open Access,https://www.scopus.com/pages/publications/85218411980?origin=resultslist,2-s2.0-85218411980,requires_manual_download,0,No candidate OA PDF URL produced a usable PDF automatically.,paper-2810_compact_mems_based_sensor_for_refractive_index_monitoring_of_liquids.pdf
excluded,other_nonmaintenance,high,Masonry strengthening structural analysis only,paper-2839,2025,FEM investigation of the effect of structural bonding patterns on masonry walls strengthened by FRP,Ahiwale D.D.; Kontoni D.N.; Jadhav A.V.,Engineering Research Express,10.1088/2631-8695/adb3f3,https://doi.org/10.1088/2631-8695/adb3f3,10.1088,IOP/ECS,All Open Access; Hybrid Gold Open Access,https://www.scopus.com/pages/publications/85218922183?origin=resultslist,2-s2.0-85218922183,requires_manual_download,1,No candidate OA PDF URL produced a usable PDF automatically.,paper-2839_fem_investigation_of_the_effect_of_structural_bonding_patterns_on_masonry_walls_strengthened.pdf
excluded,environment_natural_system,high,civil infra update: road maintenance decision making,paper-2853,2025,Capturing uncertainty intuition in road maintenance decision-making using an evidential neural network,Hei T.; Lin Z.; Dong Z.; Tong Z.; Ma T.,Computer-Aided Civil and Infrastructure Engineering,10.1111/mice.13374,https://doi.org/10.1111/mice.13374,10.1111,Wiley / IET / Hindawi,All Open Access; Bronze Open Access,https://www.scopus.com/pages/publications/105001075481?origin=resultslist,2-s2.0-105001075481,requires_manual_download,2,No candidate OA PDF URL produced a usable PDF automatically.,paper-2853_capturing_uncertainty_intuition_in_road_maintenance_decision_making_using_an_evidential_neur.pdf
excluded,generic_nonmaintenance_ai_control,high,Wearable AR interaction optimization,paper-2866,2025,Human-machine interaction in mechanical systems through sensor enabled wearable augmented reality interfaces,Balamurugan K.; Sudhakar G.; Xavier K.F.; Bharathiraja N.; Kaur G.,Measurement: Sensors,10.1016/j.measen.2025.101880,https://doi.org/10.1016/j.measen.2025.101880,10.1016,Elsevier / ScienceDirect,All Open Access; Gold Open Access; Green Open Access,https://www.scopus.com/pages/publications/105005516033?origin=resultslist,2-s2.0-105005516033,requires_manual_download,0,No candidate OA PDF URL produced a usable PDF automatically.,paper-2866_human_machine_interaction_in_mechanical_systems_through_sensor_enabled_wearable_augmented_re.pdf
excluded,generic_nonmaintenance_ai_control,high,generic cleanup: Circular end of life product sorting,paper-2875,2025,Extending lifespan: Wear and non-wear component analysis in end-of-life products,Ahmed W.; Bäckstrand J.; Siva V.; Sarius N.; Sundberg H.-Å.,MethodsX,10.1016/j.mex.2025.103423,https://doi.org/10.1016/j.mex.2025.103423,10.1016,Elsevier / ScienceDirect,All Open Access; Gold Open Access; Green Open Access,https://www.scopus.com/pages/publications/105008209278?origin=resultslist,2-s2.0-105008209278,requires_manual_download,0,No candidate OA PDF URL produced a usable PDF automatically.,paper-2875_extending_lifespan_wear_and_non_wear_component_analysis_in_end_of_life_products.pdf
excluded,generic_nonmaintenance_ai_control,high,Urban digital twin wellness monitoring,paper-2879,2025,3D Urban Digital Twinning on the Web with Low-Cost Technology: 3D Geospatial Data and IoT Integration for Wellness Monitoring,La Guardia M.,Big Data and Cognitive Computing,10.3390/bdcc9040107,https://doi.org/10.3390/bdcc9040107,10.3390,MDPI edge case,All Open Access; Gold Open Access; Green Open Access,https://www.scopus.com/pages/publications/105003311996?origin=resultslist,2-s2.0-105003311996,requires_manual_download,5,No candidate OA PDF URL produced a usable PDF automatically.,paper-2879_3d_urban_digital_twinning_on_the_web_with_low_cost_technology_3d_geospatial_data_and_iot_int.pdf
excluded,other_nonmaintenance,high,Aircraft noise modeling not maintenance,paper-2883,2025,The effect of using N1% as input for aircraft noise modelling,van der Grift R.C.; Snellen M.; Amiri-Simkooei A.,Transportation Research Part D: Transport and Environment,10.1016/j.trd.2025.104710,https://doi.org/10.1016/j.trd.2025.104710,10.1016,Elsevier / ScienceDirect,All Open Access; Hybrid Gold Open Access,https://www.scopus.com/pages/publications/105000390745?origin=resultslist,2-s2.0-105000390745,requires_manual_download,0,No candidate OA PDF URL produced a usable PDF automatically.,paper-2883_the_effect_of_using_n1_as_input_for_aircraft_noise_modelling.pdf
excluded,environment_natural_system,high,Crop condition monitoring,paper-2892,2025,Improving crop condition monitoring using phenologically aligned vegetation index anomalies – A case study in central Iowa,Zhao H.; Gao F.; Anderson M.; Cirone R.; Chang G.J.,International Journal of Applied Earth Observation and Geoinformation,10.1016/j.jag.2025.104526,https://doi.org/10.1016/j.jag.2025.104526,10.1016,Elsevier / ScienceDirect,All Open Access; Gold Open Access; Green Open Access,https://www.scopus.com/pages/publications/105002047090?origin=resultslist,2-s2.0-105002047090,requires_manual_download,0,No candidate OA PDF URL produced a usable PDF automatically.,paper-2892_improving_crop_condition_monitoring_using_phenologically_aligned_vegetation_index_anomalies.pdf
excluded,acronym_collision,high,CBM means combined boiling model,paper-2931,2025,Numerical modelling of conjugate heat transfer in force convective flow environment using a combined boiling model (CBM),Štrucl J.; Marn J.; Zadravec M.,Results in Engineering,10.1016/j.rineng.2025.104958,https://doi.org/10.1016/j.rineng.2025.104958,10.1016,Elsevier / ScienceDirect,All Open Access; Gold Open Access; Green Open Access,https://www.scopus.com/pages/publications/105002888371?origin=resultslist,2-s2.0-105002888371,requires_manual_download,0,No candidate OA PDF URL produced a usable PDF automatically.,paper-2931_numerical_modelling_of_conjugate_heat_transfer_in_force_convective_flow_environment_using_a.pdf
excluded,software_it_cyber,high,IoT system monitoring infrastructure,paper-2935,2025,CONCERN: A model-based monitoring infrastructure,Calabrò A.; Marchetti E.; Skrzypek P.; Marchel J.,Internet of Things (The Netherlands),10.1016/j.iot.2025.101557,https://doi.org/10.1016/j.iot.2025.101557,10.1016,Elsevier / ScienceDirect,All Open Access; Green Open Access; Hybrid Gold Open Access,https://www.scopus.com/pages/publications/86000139535?origin=resultslist,2-s2.0-86000139535,requires_manual_download,0,No candidate OA PDF URL produced a usable PDF automatically.,paper-2935_concern_a_model_based_monitoring_infrastructure.pdf
excluded,generic_nonmaintenance_ai_control,high,Assembly robot task failure prediction,paper-2951,2025,Skill Implemented Motion Planning for Precision Assembly Task of Part Mating Gears,Yamashita T.; Suzuki H.; Tasaki R.,Journal of Robotics and Mechatronics,10.20965/jrm.2025.p0434,https://doi.org/10.20965/jrm.2025.p0434,10.20965,Other,All Open Access; Gold Open Access,https://www.scopus.com/pages/publications/105005458301?origin=resultslist,2-s2.0-105005458301,requires_manual_download,0,No candidate OA PDF URL produced a usable PDF automatically.,paper-2951_skill_implemented_motion_planning_for_precision_assembly_task_of_part_mating_gears.pdf
excluded,environment_natural_system,high,civil infra update: highway pavement condition prediction,paper-2955,2025,Modeling heterogeneous spatiotemporal pavement data for condition prediction and preventive maintenance in digital twin-enabled highway management,Lu L.; d'Avigneau A.M.; Pan Y.; Sun Z.; Luo P.; Brilakis I.,Automation in Construction,10.1016/j.autcon.2025.106134,https://doi.org/10.1016/j.autcon.2025.106134,10.1016,Elsevier / ScienceDirect,All Open Access; Hybrid Gold Open Access,https://www.scopus.com/pages/publications/105000613760?origin=resultslist,2-s2.0-105000613760,requires_manual_download,0,No candidate OA PDF URL produced a usable PDF automatically.,paper-2955_modeling_heterogeneous_spatiotemporal_pavement_data_for_condition_prediction_and_preventive.pdf
excluded,clinical_human_outcome,high,Kidney allograft failure prediction,paper-2963,2025,Competing and Noncompeting Risk Models for Predicting Kidney Allograft Failure,Truchot A.; Raynaud M.; Helanterä I.; Aubert O.; Kamar N.; Divard G.; Astor B.; Legendre C.; Hertig A.; Buchler M.; Crespo M.; Akalin E.; Pujol G.S.; Ribeiro de Castro M.C.; Matas A.J.; Ulloa C.; Jordan S.C.; Huang E.; Juric I.; Basic-Jukic N.; Coemans M.; Naesens M.; Friedewald J.J.; Silva H.T.; Lefaucheur C.; Segev D.L.; Collins G.S.; Loupy A.,Journal of the American Society of Nephrology,10.1681/ASN.0000000517,https://doi.org/10.1681/ASN.0000000517,10.1681,Other,All Open Access; Green Open Access,https://www.scopus.com/pages/publications/85216938964?origin=resultslist,2-s2.0-85216938964,requires_manual_download,1,Removed automatically downloaded PDF after title audit; no candidate matched the paper title/DOI.,paper-2963_competing_and_noncompeting_risk_models_for_predicting_kidney_allograft_failure.pdf
excluded,generic_nonmaintenance_ai_control,medium,Visual quality inspection framework,paper-2969,2025,XEdgeAI: A human-centered industrial inspection framework with data-centric Explainable Edge AI approach,Nguyen H.T.T.; Nguyen L.P.T.; Cao H.,Information Fusion,10.1016/j.inffus.2024.102782,https://doi.org/10.1016/j.inffus.2024.102782,10.1016,Elsevier / ScienceDirect,All Open Access; Hybrid Gold Open Access,https://www.scopus.com/pages/publications/85209376404?origin=resultslist,2-s2.0-85209376404,requires_manual_download,0,No candidate OA PDF URL produced a usable PDF automatically.,paper-2969_xedgeai_a_human_centered_industrial_inspection_framework_with_data_centric_explainable_edge.pdf
excluded,generic_nonmaintenance_ai_control,high,Electrolyzer performance test protocol,paper-2970,2025,Wind turbine power fluctuation test protocol for proton exchange membrane water electrolysis,Pascher F.; Giesenberg L.; Yáñez C.C.; Huhn M.; Münchgesang W.,Journal of Power Sources,10.1016/j.jpowsour.2025.236485,https://doi.org/10.1016/j.jpowsour.2025.236485,10.1016,Elsevier / ScienceDirect,All Open Access; Hybrid Gold Open Access,https://www.scopus.com/pages/publications/85218853513?origin=resultslist,2-s2.0-85218853513,requires_manual_download,0,No candidate OA PDF URL produced a usable PDF automatically.,paper-2970_wind_turbine_power_fluctuation_test_protocol_for_proton_exchange_membrane_water_electrolysis.pdf
excluded,other_nonmaintenance,high,Timber joint design failure analysis,paper-2991,2025,An analytical procedure for failure and stiffness prediction of glued-in rod timber connections,Alavi S.K.; Valipour H.R.; Bradford M.A.,International Journal of Adhesion and Adhesives,10.1016/j.ijadhadh.2025.103992,https://doi.org/10.1016/j.ijadhadh.2025.103992,10.1016,Elsevier / ScienceDirect,All Open Access; Hybrid Gold Open Access,https://www.scopus.com/pages/publications/85218908066?origin=resultslist,2-s2.0-85218908066,requires_manual_download,0,No candidate OA PDF URL produced a usable PDF automatically.,paper-2991_an_analytical_procedure_for_failure_and_stiffness_prediction_of_glued_in_rod_timber_connecti.pdf
excluded,generic_nonmaintenance_ai_control,high,AR assistance and safety framework,paper-2993,2025,Adaptive Augmented Reality Architecture for Optimising Assistance and Safety in Industry 4.0,Morales Méndez G.; del Cerro Velázquez F.,Big Data and Cognitive Computing,10.3390/bdcc9050133,https://doi.org/10.3390/bdcc9050133,10.3390,MDPI edge case,All Open Access; Gold Open Access; Green Open Access,https://www.scopus.com/pages/publications/105006702241?origin=resultslist,2-s2.0-105006702241,requires_manual_download,5,No candidate OA PDF URL produced a usable PDF automatically.,paper-2993_adaptive_augmented_reality_architecture_for_optimising_assistance_and_safety_in_industry_4_0.pdf
excluded,generic_nonmaintenance_ai_control,medium,controversial scan: Induction-motor parameter/loss estimation is mainly for control/performance; condition monitoring and fault classification are described as future modifications.,paper-3030,2025,Estimation of induction motor equivalent circuit parameters and losses from transient measurement,Bhowmick D.; Chowdhury S.K.,ISA Transactions,10.1016/j.isatra.2024.12.012,https://doi.org/10.1016/j.isatra.2024.12.012,10.1016,Elsevier / ScienceDirect,All Open Access; Hybrid Gold Open Access,https://www.scopus.com/pages/publications/85214203526?origin=resultslist,2-s2.0-85214203526,requires_manual_download,0,No candidate OA PDF URL produced a usable PDF automatically.,paper-3030_estimation_of_induction_motor_equivalent_circuit_parameters_and_losses_from_transient_measur.pdf
excluded,environment_natural_system,medium,controversial scan: Rail curve-squeal/noise and rail-grinding case study; maintenance target is track/rail acoustics rather than clear vehicle/equipment PdM.,paper-3045,2025,A case study of railway curve squeal radiated from both the outer and inner wheel,Torstensson P.T.; Pieringer A.; Höjer M.; Nilsson R.; Simonsson V.,Applied Acoustics,10.1016/j.apacoust.2024.110327,https://doi.org/10.1016/j.apacoust.2024.110327,10.1016,Elsevier / ScienceDirect,All Open Access; Green Open Access; Hybrid Gold Open Access,https://www.scopus.com/pages/publications/85205417862?origin=resultslist,2-s2.0-85205417862,requires_manual_download,0,No candidate OA PDF URL produced a usable PDF automatically.,paper-3045_a_case_study_of_railway_curve_squeal_radiated_from_both_the_outer_and_inner_wheel.pdf
excluded,generic_nonmaintenance_ai_control,high,Traffic flow prediction only,paper-3048,2025,Efficient implementation of a wavelet neural network model for short-term traffic flow prediction: Sensitivity analysis,Mrad S.; Mraihi R.; Murthy A.S.,International Journal of Transportation Science and Technology,10.1016/j.ijtst.2024.02.004,https://doi.org/10.1016/j.ijtst.2024.02.004,10.1016,Elsevier / ScienceDirect,All Open Access; Gold Open Access; Green Open Access,https://www.scopus.com/pages/publications/105001676548?origin=resultslist,2-s2.0-105001676548,requires_manual_download,0,No candidate OA PDF URL produced a usable PDF automatically.,paper-3048_efficient_implementation_of_a_wavelet_neural_network_model_for_short_term_traffic_flow_predi.pdf
excluded,other_nonmaintenance,high,Composite material failure modeling only,paper-3087,2025,"Multiscale model for bottom-up prediction of failure parameters of unidirectional carbon-fiber-reinforced composite lamina from the atomic to filament-scales, and its application to failure modeling of open-hole quasi-isotropic composite laminates",Watanabe T.; Kawagoe Y.; Hoshikawa Y.; Nakai Y.; Ryuzono K.; Okabe T.,International Journal of Solids and Structures,10.1016/j.ijsolstr.2024.113130,https://doi.org/10.1016/j.ijsolstr.2024.113130,10.1016,Elsevier / ScienceDirect,All Open Access; Hybrid Gold Open Access,https://www.scopus.com/pages/publications/85209595069?origin=resultslist,2-s2.0-85209595069,requires_manual_download,0,No candidate OA PDF URL produced a usable PDF automatically.,paper-3087_multiscale_model_for_bottom_up_prediction_of_failure_parameters_of_unidirectional_carbon_fib.pdf
excluded,generic_nonmaintenance_ai_control,medium,Production cycle anomaly platform,paper-3091,2025,Exploring machine learning methods for the identification of production cycles and anomaly detection,Iuhasz G.; Fortiş T.-F.; Panica S.,Internet of Things (The Netherlands),10.1016/j.iot.2025.101508,https://doi.org/10.1016/j.iot.2025.101508,10.1016,Elsevier / ScienceDirect,All Open Access; Hybrid Gold Open Access,https://www.scopus.com/pages/publications/85215828201?origin=resultslist,2-s2.0-85215828201,requires_manual_download,0,No candidate OA PDF URL produced a usable PDF automatically.,paper-3091_exploring_machine_learning_methods_for_the_identification_of_production_cycles_and_anomaly_d.pdf
excluded,generic_nonmaintenance_ai_control,medium,"controversial scan: PMSM inductance estimation supports control and may aid condition monitoring, but no fault/degradation diagnosis or maintenance use is demonstrated.",paper-3108,2025,Speed Harmonic based Saturation Free Inductance Modeling and Estimation of Interior PMSM Using Measurements Under One Load Condition,Feng G.; Lu Y.; Tong Z.; Ding B.; Yan G.,CES Transactions on Electrical Machines and Systems,10.30941/CESTEMS.2025.00010,https://doi.org/10.30941/CESTEMS.2025.00010,10.30941,Other,All Open Access; Gold Open Access; Green Open Access,https://www.scopus.com/pages/publications/105003387967?origin=resultslist,2-s2.0-105003387967,requires_manual_download,2,No candidate OA PDF URL produced a usable PDF automatically.,paper-3108_speed_harmonic_based_saturation_free_inductance_modeling_and_estimation_of_interior_pmsm_usi.pdf
excluded,software_it_cyber,high,Cloud job failure prediction,paper-3128,2025,Enhancing Cloud Job Failure Prediction With a Novel Multilayer Voting-Based Framework,Elkaradawy A.; Elshenawy A.; Harb H.,IEEE Access,10.1109/ACCESS.2025.3593808,https://doi.org/10.1109/ACCESS.2025.3593808,10.1109,IEEE,All Open Access; Gold Open Access; Green Open Access,https://www.scopus.com/pages/publications/105012264863?origin=resultslist,2-s2.0-105012264863,requires_manual_download,0,No candidate OA PDF URL produced a usable PDF automatically.,paper-3128_enhancing_cloud_job_failure_prediction_with_a_novel_multilayer_voting_based_framework.pdf
excluded,environment_natural_system,medium,civil infra update: building maintenance data not equipment specific,paper-3131,2025,Enhancing associative classification on imbalanced data through ontology-based feature extraction and resampling,Mba Kouhoue J.; Lonlac J.; Lesage A.; Doniec A.; Lecoeuche S.,Knowledge-Based Systems,10.1016/j.knosys.2024.112897,https://doi.org/10.1016/j.knosys.2024.112897,10.1016,Elsevier / ScienceDirect,All Open Access; Green Open Access,https://www.scopus.com/pages/publications/85213048744?origin=resultslist,2-s2.0-85213048744,requires_manual_download,1,No candidate OA PDF URL produced a usable PDF automatically.,paper-3131_enhancing_associative_classification_on_imbalanced_data_through_ontology_based_feature_extra.pdf
excluded,software_it_cyber,high,Network link failure prediction,paper-3132,2025,Machine learning approaches for predicting link failures in production networks,Wubete B.W.; Esfandiari B.; Kunz T.,Computer Networks,10.1016/j.comnet.2025.111098,https://doi.org/10.1016/j.comnet.2025.111098,10.1016,Elsevier / ScienceDirect,All Open Access; Hybrid Gold Open Access,https://www.scopus.com/pages/publications/85217280067?origin=resultslist,2-s2.0-85217280067,requires_manual_download,0,No candidate OA PDF URL produced a usable PDF automatically.,paper-3132_machine_learning_approaches_for_predicting_link_failures_in_production_networks.pdf
excluded,environment_natural_system,medium,Rock failure geotechnical study,paper-3133,2025,Failure prediction of fissured rock under freeze-thaw cycles based on critical slowing down theory of acoustic emission multi-parameter,Liang X.; Liu Z.; Peng K.; Wang H.; Zhang S.; Yuan C.,Results in Engineering,10.1016/j.rineng.2024.103874,https://doi.org/10.1016/j.rineng.2024.103874,10.1016,Elsevier / ScienceDirect,All Open Access; Gold Open Access; Green Open Access,https://www.scopus.com/pages/publications/85213870000?origin=resultslist,2-s2.0-85213870000,requires_manual_download,0,No candidate OA PDF URL produced a usable PDF automatically.,paper-3133_failure_prediction_of_fissured_rock_under_freeze_thaw_cycles_based_on_critical_slowing_down.pdf
excluded,environment_natural_system,high,Rangeland vegetation mapping,paper-3146,2025,Spatial Scale Dependence of Error in Fractional Component Cover Maps,Rigge M.; Bunde B.; McCord S.E.; Harrison G.; Assal T.J.; Smith J.L.,Rangeland Ecology and Management,10.1016/j.rama.2025.01.004,https://doi.org/10.1016/j.rama.2025.01.004,10.1016,Elsevier / ScienceDirect,All Open Access; Hybrid Gold Open Access,https://www.scopus.com/pages/publications/85217883705?origin=resultslist,2-s2.0-85217883705,requires_manual_download,0,No candidate OA PDF URL produced a usable PDF automatically.,paper-3146_spatial_scale_dependence_of_error_in_fractional_component_cover_maps.pdf
excluded,other_nonmaintenance,high,strict update: Composite material creep test lacks asset maintenance,paper-3161,2025,Remaining useful life prediction of flax fibre biocomposites under creep load by acoustic emission and deep learning,Hao J.; Rupp M.; Lomov S.V.; Fuentes C.A.; Van Vuure A.W.,Composites Part A: Applied Science and Manufacturing,10.1016/j.compositesa.2024.108572,https://doi.org/10.1016/j.compositesa.2024.108572,10.1016,Elsevier / ScienceDirect,All Open Access; Green Open Access,https://www.scopus.com/pages/publications/85208148797?origin=resultslist,2-s2.0-85208148797,requires_manual_download,0,No candidate OA PDF URL produced a usable PDF automatically.,paper-3161_remaining_useful_life_prediction_of_flax_fibre_biocomposites_under_creep_load_by_acoustic_em.pdf
excluded,software_it_cyber,high,Software fault prediction,paper-3163,2025,Improving Software Fault Prediction With a Hybrid DE-WOA Optimizer and ANFIS-Enhanced Ensemble Learning,Lakshmi P.J.; Krishna T.V.S.; Kumar N.B.; Rao D.S.N.M.; Hosseinpour A.; Lenin N.C.,IEEE Access,10.1109/ACCESS.2025.3603980,https://doi.org/10.1109/ACCESS.2025.3603980,10.1109,IEEE,All Open Access; Gold Open Access; Green Open Access,https://www.scopus.com/pages/publications/105014776324?origin=resultslist,2-s2.0-105014776324,requires_manual_download,0,No candidate OA PDF URL produced a usable PDF automatically.,paper-3163_improving_software_fault_prediction_with_a_hybrid_de_woa_optimizer_and_anfis_enhanced_ensemb.pdf
excluded,generic_nonmaintenance_ai_control,medium,Process monitoring no maintenance purpose,paper-3164,2025,Adaptive monitoring for multimode nonstationary processes using cointegration analysis and probabilistic slow feature analysis,Zhang J.; Wang M.; Xu X.; Zhou D.; Hong X.,Control Engineering Practice,10.1016/j.conengprac.2024.106209,https://doi.org/10.1016/j.conengprac.2024.106209,10.1016,Elsevier / ScienceDirect,All Open Access; Hybrid Gold Open Access,https://www.scopus.com/pages/publications/85212232741?origin=resultslist,2-s2.0-85212232741,requires_manual_download,0,No candidate OA PDF URL produced a usable PDF automatically.,paper-3164_adaptive_monitoring_for_multimode_nonstationary_processes_using_cointegration_analysis_and_p.pdf
excluded,generic_nonmaintenance_ai_control,medium,Manufacturing process monitoring focus,paper-3168,2025,Unsupervised multimodal fusion of in-process sensor data for advanced manufacturing process monitoring,McKinney M.; Garland A.; Cillessen D.; Adamczyk J.; Bolintineanu D.; Heiden M.; Fowler E.; Boyce B.L.,Journal of Manufacturing Systems,10.1016/j.jmsy.2024.12.003,https://doi.org/10.1016/j.jmsy.2024.12.003,10.1016,Elsevier / ScienceDirect,All Open Access; Green Open Access; Hybrid Gold Open Access,https://www.scopus.com/pages/publications/85212138597?origin=resultslist,2-s2.0-85212138597,requires_manual_download,0,No candidate OA PDF URL produced a usable PDF automatically.,paper-3168_unsupervised_multimodal_fusion_of_in_process_sensor_data_for_advanced_manufacturing_process.pdf
excluded,other_nonmaintenance,high,Organometallic chemistry study,paper-3177,2025,Trapping of Key “Ate” Intermediates of NHC-Group IV Relevant to Catalyzing Copolymerization of Cyclohexene Oxide with CO2,Suresh L.; Lalrempuia R.; Fjermestad T.; Törnroos K.W.; Bour J.; Frache G.; Nova A.; Le Roux E.,Organometallics,10.1021/acs.organomet.4c00371,https://doi.org/10.1021/acs.organomet.4c00371,10.1021,Other,All Open Access; Green Open Access; Hybrid Gold Open Access,https://www.scopus.com/pages/publications/85210281511?origin=resultslist,2-s2.0-85210281511,requires_manual_download,0,No candidate OA PDF URL produced a usable PDF automatically.,paper-3177_trapping_of_key_ate_intermediates_of_nhc_group_iv_relevant_to_catalyzing_copolymerization_of.pdf
excluded,software_it_cyber,high,IT ticket incident forecasting,paper-3190,2025,Design and Evaluation of Incident Forecasting Improvement With Deep Learning Toward a Predictive Maintenance Framework in the Contact Center Industry,Prasetio S.; Wibisono G.,IEEE Access,10.1109/ACCESS.2025.3630645,https://doi.org/10.1109/ACCESS.2025.3630645,10.1109,IEEE,All Open Access; Gold Open Access; Green Open Access,https://www.scopus.com/pages/publications/105021669246?origin=resultslist,2-s2.0-105021669246,requires_manual_download,0,No candidate OA PDF URL produced a usable PDF automatically.,paper-3190_design_and_evaluation_of_incident_forecasting_improvement_with_deep_learning_toward_a_predic.pdf
excluded,environment_natural_system,high,civil infra update: bridge scour and foundation,paper-3205,2025,Digital twin for predictive maintenance on the Espartxo Bridge. Application to early detection of under-foundation scour,Sánchez-Haro J.; García M.; Capellán G.; da Costa A.; Perez P.; Añó J.,Structures,10.1016/j.istruc.2024.107916,https://doi.org/10.1016/j.istruc.2024.107916,10.1016,Elsevier / ScienceDirect,All Open Access; Green Open Access; Hybrid Gold Open Access,https://www.scopus.com/pages/publications/85211015609?origin=resultslist,2-s2.0-85211015609,requires_manual_download,0,No candidate OA PDF URL produced a usable PDF automatically.,paper-3205_digital_twin_for_predictive_maintenance_on_the_espartxo_bridge_application_to_early_detectio.pdf
excluded,software_it_cyber,high,Distributed systems KPI failure prediction,paper-3218,2025,Improving distributed systems failure prediction via multi-objective feature selection and deep forest,Yuan Z.; Zhang Y.; Yu Y.; Lv T.; Huang T.,International Journal of Intelligent Networks,10.1016/j.ijin.2025.07.002,https://doi.org/10.1016/j.ijin.2025.07.002,10.1016,Elsevier / ScienceDirect,All Open Access; Gold Open Access; Green Open Access,https://www.scopus.com/pages/publications/105013650757?origin=resultslist,2-s2.0-105013650757,requires_manual_download,0,No candidate OA PDF URL produced a usable PDF automatically.,paper-3218_improving_distributed_systems_failure_prediction_via_multi_objective_feature_selection_and_d.pdf
excluded,software_it_cyber,high,Hybrid SDN link failure prediction,paper-3231,2025,Performance enhancement in hybrid SDN using advanced deep learning with multi-objective optimization frameworks under heterogeneous environments,Bishla D.; Kumar B.,International Journal of Communication Systems,10.1002/dac.5989,https://doi.org/10.1002/dac.5989,10.1002,Wiley / IET / Hindawi,All Open Access; Bronze Open Access,https://www.scopus.com/pages/publications/85203600935?origin=resultslist,2-s2.0-85203600935,requires_manual_download,2,No candidate OA PDF URL produced a usable PDF automatically.,paper-3231_performance_enhancement_in_hybrid_sdn_using_advanced_deep_learning_with_multi_objective_opti.pdf
excluded,software_it_cyber,high,HPC software stewardship not maintenance,paper-3236,2025,Software stewardship and advancement of a high-performance computing scientific application: QMCPACK,Godoy W.F.; Hahn S.E.; Walsh M.M.; Fackler P.W.; Krogel J.T.; Doak P.W.; Kent P.R.C.; Correa A.A.; Luo Y.; Dewing M.,Future Generation Computer Systems,10.1016/j.future.2024.107502,https://doi.org/10.1016/j.future.2024.107502,10.1016,Elsevier / ScienceDirect,All Open Access; Green Open Access,https://www.scopus.com/pages/publications/85203550221?origin=resultslist,2-s2.0-85203550221,requires_manual_download,0,No candidate OA PDF URL produced a usable PDF automatically.,paper-3236_software_stewardship_and_advancement_of_a_high_performance_computing_scientific_application.pdf
excluded,generic_nonmaintenance_ai_control,medium,generic cleanup: Mining IIoT platform lacks specific maintenance asset,paper-3237,2025,A multi-level IIOT platform for boosting mines digitalization,Miñón R.; López-de-Armentia J.; Bonilla L.; Brazaola A.; Laña I.; Palacios M.C.; Mueller S.; Blaszczak M.; Zeiner H.; Tschuden J.; Quadri M.Y.; Garcia-Milà I.; Bartoli A.; Gormolla N.; Fernández A.; Segarra P.; Sanchidrián J.A.; Hartlieb P.,Future Generation Computer Systems,10.1016/j.future.2024.107501,https://doi.org/10.1016/j.future.2024.107501,10.1016,Elsevier / ScienceDirect,All Open Access; Green Open Access; Hybrid Gold Open Access,https://www.scopus.com/pages/publications/85202934351?origin=resultslist,2-s2.0-85202934351,requires_manual_download,0,No candidate OA PDF URL produced a usable PDF automatically.,paper-3237_a_multi_level_iiot_platform_for_boosting_mines_digitalization.pdf
excluded,generic_nonmaintenance_ai_control,medium,Machining process monitoring without maintenance,paper-3242,2025,Multi-scale hybrid attention aggregation networks for multi-modal monitoring in laser-induced thermal-crack processing,Zhao C.; Sun J.; Fang J.; Li X.; Zhao F.; Lei J.,Mechanical Systems and Signal Processing,10.1016/j.ymssp.2024.111883,https://doi.org/10.1016/j.ymssp.2024.111883,10.1016,Elsevier / ScienceDirect,All Open Access; Hybrid Gold Open Access,https://www.scopus.com/pages/publications/85202194846?origin=resultslist,2-s2.0-85202194846,requires_manual_download,0,No candidate OA PDF URL produced a usable PDF automatically.,paper-3242_multi_scale_hybrid_attention_aggregation_networks_for_multi_modal_monitoring_in_laser_induce.pdf
excluded,generic_nonmaintenance_ai_control,high,Sustainability decision model without maintenance,paper-3243,2025,Sustainable decision support system in Industry 4.0 under uncertainties with m-polar picture fuzzy information aggregation,Razzaq A.; Khan Z.A.; Riaz M.; Pamucar D.,Alexandria Engineering Journal,10.1016/j.aej.2024.11.104,https://doi.org/10.1016/j.aej.2024.11.104,10.1016,Elsevier / ScienceDirect,All Open Access; Gold Open Access; Green Open Access,https://www.scopus.com/pages/publications/85213562837?origin=resultslist,2-s2.0-85213562837,requires_manual_download,0,No candidate OA PDF URL produced a usable PDF automatically.,paper-3243_sustainable_decision_support_system_in_industry_4_0_under_uncertainties_with_m_polar_picture.pdf
excluded,generic_nonmaintenance_ai_control,high,generic cleanup: Battery regrouping for second life not maintenance,paper-3252,2025,A novel application-aware retired lithium-ion batteries regrouping approach to enable improved second life,Piombo G.; Faraji Niri M.; Marco J.,Journal of Cleaner Production,10.1016/j.jclepro.2024.144526,https://doi.org/10.1016/j.jclepro.2024.144526,10.1016,Elsevier / ScienceDirect,All Open Access; Hybrid Gold Open Access,https://www.scopus.com/pages/publications/85214348501?origin=resultslist,2-s2.0-85214348501,requires_manual_download,0,No candidate OA PDF URL produced a usable PDF automatically.,paper-3252_a_novel_application_aware_retired_lithium_ion_batteries_regrouping_approach_to_enable_improv.pdf
excluded,software_it_cyber,high,Software fault feature selection,paper-3275,2025,Exploring Consistent Feature Selection for Software Fault Prediction: An XAI-Based Model-Agnostic Approach,Khan A.; Ali A.; Khan J.; Ullah F.; Faheem M.,IEEE Access,10.1109/ACCESS.2025.3558913,https://doi.org/10.1109/ACCESS.2025.3558913,10.1109,IEEE,All Open Access; Gold Open Access; Green Open Access,https://www.scopus.com/pages/publications/105002672281?origin=resultslist,2-s2.0-105002672281,requires_manual_download,0,No candidate OA PDF URL produced a usable PDF automatically.,paper-3275_exploring_consistent_feature_selection_for_software_fault_prediction_an_xai_based_model_agno.pdf
excluded,generic_nonmaintenance_ai_control,medium,PV efficiency modeling without maintenance,paper-3283,2025,Enhancing photovoltaic system efficiency through a digital twin framework: A comprehensive modeling approach,Hamid A.-K.; Farag M.M.; Hussein M.,International Journal of Thermofluids,10.1016/j.ijft.2025.101078,https://doi.org/10.1016/j.ijft.2025.101078,10.1016,Elsevier / ScienceDirect,All Open Access; Gold Open Access; Green Open Access,https://www.scopus.com/pages/publications/85215086235?origin=resultslist,2-s2.0-85215086235,requires_manual_download,0,No candidate OA PDF URL produced a usable PDF automatically.,paper-3283_enhancing_photovoltaic_system_efficiency_through_a_digital_twin_framework_a_comprehensive_mo.pdf
excluded,environment_natural_system,high,civil infra update: railway track failures,paper-3288,2025,A graph convolutional network for optimal intelligent predictive maintenance of railway tracks,MajidiParast S.; Neamatian Monemi R.; Gelareh S.,Decision Analytics Journal,10.1016/j.dajour.2024.100542,https://doi.org/10.1016/j.dajour.2024.100542,10.1016,Elsevier / ScienceDirect,All Open Access; Gold Open Access,https://www.scopus.com/pages/publications/85213546106?origin=resultslist,2-s2.0-85213546106,requires_manual_download,0,No candidate OA PDF URL produced a usable PDF automatically.,paper-3288_a_graph_convolutional_network_for_optimal_intelligent_predictive_maintenance_of_railway_trac.pdf
excluded,environment_natural_system,high,Loess slope mechanics not asset maintenance,paper-3294,2025,Influences of strain rate on mechanical behaviors of unsaturated and quasi-saturated loess under varying drainage conditions,Zhang T.; Li S.; Lan H.; Zhang H.; Zhang F.,Journal of Rock Mechanics and Geotechnical Engineering,10.1016/j.jrmge.2024.03.014,https://doi.org/10.1016/j.jrmge.2024.03.014,10.1016,Elsevier / ScienceDirect,All Open Access; Gold Open Access; Green Open Access,https://www.scopus.com/pages/publications/85193684305?origin=resultslist,2-s2.0-85193684305,requires_manual_download,0,No candidate OA PDF URL produced a usable PDF automatically.,paper-3294_influences_of_strain_rate_on_mechanical_behaviors_of_unsaturated_and_quasi_saturated_loess_u.pdf
excluded,other_nonmaintenance,high,strict update: Composite failure mechanics without maintenance decision,paper-3308,2025,The Failure Prediction of Reinforced Composite Quasi-Brittle Structures by an Improved Version of the Extended Lumped Damage Approach,Teles D.V.C.; Amorim D.L.N.F.; Leonel E.D.,International Journal for Numerical Methods in Engineering,10.1002/nme.70006,https://doi.org/10.1002/nme.70006,10.1002,Wiley / IET / Hindawi,All Open Access; Green Open Access,https://www.scopus.com/pages/publications/85216961693?origin=resultslist,2-s2.0-85216961693,requires_manual_download,1,No candidate OA PDF URL produced a usable PDF automatically.,paper-3308_the_failure_prediction_of_reinforced_composite_quasi_brittle_structures_by_an_improved_versi.pdf
excluded,software_it_cyber,high,Cloud infrastructure failure prediction,paper-3338,2025,Towards Self-Healing Cloud Infrastructures: Predictive Maintenance with Reinforcement Learning and Generative Models,Shah J.K.; Matam P.,"International Journal of Engineering, Science and Information Technology",10.52088/ijesty.v5i3.1185,https://doi.org/10.52088/ijesty.v5i3.1185,10.52088,Other,All Open Access; Gold Open Access,https://www.scopus.com/pages/publications/105017806011?origin=resultslist,2-s2.0-105017806011,requires_manual_download,1,No candidate OA PDF URL produced a usable PDF automatically.,paper-3338_towards_self_healing_cloud_infrastructures_predictive_maintenance_with_reinforcement_learnin.pdf
excluded,environment_natural_system,high,civil infra update: pavement management,paper-3342,2025,Gradient boosting decision trees to study laboratory and field performance in pavement management,Berangi M.; Lontra B.M.; Anupam K.; Erkens S.; Van Vliet D.; Snippe A.; Moenielal M.,Computer-Aided Civil and Infrastructure Engineering,10.1111/mice.13322,https://doi.org/10.1111/mice.13322,10.1111,Wiley / IET / Hindawi,All Open Access; Hybrid Gold Open Access,https://www.scopus.com/pages/publications/85201288536?origin=resultslist,2-s2.0-85201288536,requires_manual_download,2,No candidate OA PDF URL produced a usable PDF automatically.,paper-3342_gradient_boosting_decision_trees_to_study_laboratory_and_field_performance_in_pavement_manag.pdf
excluded,business_social_finance,high,Bank failure prediction for prudential policy,paper-3351,2025,Tailored microprudential recommendations for bank profit retention using a risk tolerance framework,Jakubik P.; Moinescu B.G.,International Review of Economics and Finance,10.1016/j.iref.2025.103951,https://doi.org/10.1016/j.iref.2025.103951,10.1016,Elsevier / ScienceDirect,All Open Access; Gold Open Access; Green Open Access,https://www.scopus.com/pages/publications/85218913373?origin=resultslist,2-s2.0-85218913373,requires_manual_download,0,No candidate OA PDF URL produced a usable PDF automatically.,paper-3351_tailored_microprudential_recommendations_for_bank_profit_retention_using_a_risk_tolerance_fr.pdf
excluded,software_it_cyber,high,Software fault prediction,paper-3358,2025,Optimizing fault prediction in software based on MnasNet/LSTM optimized by an improved lotus flower algorithm,Long W.; Qixin Z.; Zakharov M.A.; Lee S.,Egyptian Informatics Journal,10.1016/j.eij.2025.100623,https://doi.org/10.1016/j.eij.2025.100623,10.1016,Elsevier / ScienceDirect,All Open Access; Gold Open Access,https://www.scopus.com/pages/publications/85218271695?origin=resultslist,2-s2.0-85218271695,requires_manual_download,0,No candidate OA PDF URL produced a usable PDF automatically.,paper-3358_optimizing_fault_prediction_in_software_based_on_mnasnet_lstm_optimized_by_an_improved_lotus.pdf
excluded,biology_biotech_non_equipment,high,Enzyme oxidation of cellulose fibers,paper-3366,2025,LPMO-Catalyzed Oxidation of Cellulosic Fibers with Controlled Addition of a Reductant and H2O2,Marjamaa K.; Rahikainen J.; Støpamo F.G.; Sulaeva I.; Hosia W.; Maiorova N.; King A.W.T.; Potthast A.; Kruus K.; Eijsink V.G.H.; Várnai A.,ACS Sustainable Chemistry and Engineering,10.1021/acssuschemeng.4c06802,https://doi.org/10.1021/acssuschemeng.4c06802,10.1021,Other,All Open Access; Green Open Access; Hybrid Gold Open Access,https://www.scopus.com/pages/publications/85214806670?origin=resultslist,2-s2.0-85214806670,requires_manual_download,1,No candidate OA PDF URL produced a usable PDF automatically.,paper-3366_lpmo_catalyzed_oxidation_of_cellulosic_fibers_with_controlled_addition_of_a_reductant_and_h2.pdf
excluded,generic_nonmaintenance_ai_control,high,generic cleanup: Generic stochastic RUL model lacks asset case,paper-3367,2025,Remaining useful life prediction based on exponential dispersion process with random drifts,Wang P.; Tang Y.,Statistical Theory and Related Fields,10.1080/24754269.2025.2555043,https://doi.org/10.1080/24754269.2025.2555043,10.1080,Taylor & Francis,All Open Access; Gold Open Access; Green Open Access,https://www.scopus.com/pages/publications/105017967023?origin=resultslist,2-s2.0-105017967023,requires_manual_download,1,No candidate OA PDF URL produced a usable PDF automatically.,paper-3367_remaining_useful_life_prediction_based_on_exponential_dispersion_process_with_random_drifts.pdf
excluded,other_nonmaintenance,high,Wireless sensor design not maintenance,paper-3373,2025,Innovative battery-free wireless piezoresistive sensor for green-IoT applications,Costanza M.; Laaraibi A.-R.A.; Pagano A.; Jodin G.; Razan F.; Tinnirello I.; Margueron S.; Rosa R.L.,Internet of Things (The Netherlands),10.1016/j.iot.2024.101483,https://doi.org/10.1016/j.iot.2024.101483,10.1016,Elsevier / ScienceDirect,All Open Access; Green Open Access; Hybrid Gold Open Access,https://www.scopus.com/pages/publications/85214198512?origin=resultslist,2-s2.0-85214198512,requires_manual_download,1,No candidate OA PDF URL produced a usable PDF automatically.,paper-3373_innovative_battery_free_wireless_piezoresistive_sensor_for_green_iot_applications.pdf
excluded,other_nonmaintenance,medium,Flow measurement method without asset health,paper-3387,2025,"Unsteady flow rate in transient, incompressible pipe flow",Brumand-Poor F.; Kotte T.; Pasquini E.; Kratschun F.; Enking J.; Schmitz K.,ZAMM Zeitschrift fur Angewandte Mathematik und Mechanik,10.1002/zamm.202300125,https://doi.org/10.1002/zamm.202300125,10.1002,Wiley / IET / Hindawi,All Open Access; Hybrid Gold Open Access,https://www.scopus.com/pages/publications/85208249468?origin=resultslist,2-s2.0-85208249468,requires_manual_download,2,No candidate OA PDF URL produced a usable PDF automatically.,paper-3387_unsteady_flow_rate_in_transient_incompressible_pipe_flow.pdf
excluded,acronym_collision,high,PDM means pulse density modulation,paper-3390,2025,A comparative study of AVC-PDM and AVC-PWM based cyclo-inverter fed induction heating systems,Rubavathy S.J.; J S.; Durai Babu B.; Sasikala K.; Gomathi S.,Results in Engineering,10.1016/j.rineng.2025.104402,https://doi.org/10.1016/j.rineng.2025.104402,10.1016,Elsevier / ScienceDirect,All Open Access; Gold Open Access; Green Open Access,https://www.scopus.com/pages/publications/85219084835?origin=resultslist,2-s2.0-85219084835,requires_manual_download,0,No candidate OA PDF URL produced a usable PDF automatically.,paper-3390_a_comparative_study_of_avc_pdm_and_avc_pwm_based_cyclo_inverter_fed_induction_heating_system.pdf
excluded,generic_nonmaintenance_ai_control,medium,Material digitalization without maintenance use,paper-3397,2025,Concept for databased material property description along the process chain press hardening: Implementing the Digital Material Twin and the Digital Material Shadow,Wang J.; Naber H.; Ackermann M.; Brasche F.; Gramlich A.; Krupp U.,Computational Materials Science,10.1016/j.commatsci.2025.113666,https://doi.org/10.1016/j.commatsci.2025.113666,10.1016,Elsevier / ScienceDirect,All Open Access; Hybrid Gold Open Access,https://www.scopus.com/pages/publications/85214657808?origin=resultslist,2-s2.0-85214657808,requires_manual_download,0,No candidate OA PDF URL produced a usable PDF automatically.,paper-3397_concept_for_databased_material_property_description_along_the_process_chain_press_hardening.pdf
excluded,generic_nonmaintenance_ai_control,high,"controversial scan: Focus is consumer IoT anomaly/security detection, including wearables/health data and unauthorized access, not physical-asset maintenance.",paper-3407,2025,Safeguarding IoT consumer devices: Deep learning with TinyML driven real-time anomaly detection for predictive maintenance,Katib I.; Albassam E.; Sharaf S.A.; Ragab M.,Ain Shams Engineering Journal,10.1016/j.asej.2025.103281,https://doi.org/10.1016/j.asej.2025.103281,10.1016,Elsevier / ScienceDirect,All Open Access; Gold Open Access; Green Open Access,https://www.scopus.com/pages/publications/85215977013?origin=resultslist,2-s2.0-85215977013,requires_manual_download,0,No candidate OA PDF URL produced a usable PDF automatically.,paper-3407_safeguarding_iot_consumer_devices_deep_learning_with_tinyml_driven_real_time_anomaly_detecti.pdf
excluded,generic_nonmaintenance_ai_control,high,Solar flow measurement no maintenance,paper-3408,2025,Experimental Demonstration of a mass flow determination in Concentrated solar systems via collector defocusing using Time-of-Flight method,Kraft T.; Bern G.; Gomez S.; Platzer W.,Solar Energy,10.1016/j.solener.2024.113194,https://doi.org/10.1016/j.solener.2024.113194,10.1016,Elsevier / ScienceDirect,All Open Access; Green Open Access; Hybrid Gold Open Access,https://www.scopus.com/pages/publications/85213526496?origin=resultslist,2-s2.0-85213526496,requires_manual_download,0,No candidate OA PDF URL produced a usable PDF automatically.,paper-3408_experimental_demonstration_of_a_mass_flow_determination_in_concentrated_solar_systems_via_co.pdf
excluded,generic_nonmaintenance_ai_control,medium,generic cleanup: Circuit board segmentation for quality assurance,paper-3411,2025,Enhanced Circuit Board Analysis: Infrared Image Segmentation Utilizing Markov Random Field (MRF) and Level Set Techniques,Praveenkumar T.; Anthoniraj S.; Kumarganesh S.; Somaskandan M.; Martin Sagayam K.; Pandey B.K.; Pandey D.; Sahani S.K.,Engineering Reports,10.1002/eng2.70029,https://doi.org/10.1002/eng2.70029,10.1002,Wiley / IET / Hindawi,All Open Access; Gold Open Access; Green Open Access,https://www.scopus.com/pages/publications/105000342672?origin=resultslist,2-s2.0-105000342672,requires_manual_download,1,No candidate OA PDF URL produced a usable PDF automatically.,paper-3411_enhanced_circuit_board_analysis_infrared_image_segmentation_utilizing_markov_random_field_mr.pdf
excluded,generic_nonmaintenance_ai_control,medium,generic cleanup: PHM dataset tool lacks asset use case,paper-3421,2025,PHMD: An easy data access tool for prognosis and health management datasets,Solís-Martín D.; Galán-Páez J.; Borrego-Díaz J.,SoftwareX,10.1016/j.softx.2025.102039,https://doi.org/10.1016/j.softx.2025.102039,10.1016,Elsevier / ScienceDirect,All Open Access; Gold Open Access,https://www.scopus.com/pages/publications/85215419386?origin=resultslist,2-s2.0-85215419386,requires_manual_download,0,No candidate OA PDF URL produced a usable PDF automatically.,paper-3421_phmd_an_easy_data_access_tool_for_prognosis_and_health_management_datasets.pdf
excluded,generic_nonmaintenance_ai_control,medium,Second-life battery network optimization only,paper-3435,2025,Optimize Performance of Second-Life Batteries in an Electric Vehicle Charging Network,Neigum K.; Wang Z.; Tang Y.; Shahrokhi S.,IEEE Access,10.1109/ACCESS.2025.3621351,https://doi.org/10.1109/ACCESS.2025.3621351,10.1109,IEEE,All Open Access; Gold Open Access; Green Open Access,https://www.scopus.com/pages/publications/105019553195?origin=resultslist,2-s2.0-105019553195,requires_manual_download,0,No candidate OA PDF URL produced a usable PDF automatically.,paper-3435_optimize_performance_of_second_life_batteries_in_an_electric_vehicle_charging_network.pdf
excluded,generic_nonmaintenance_ai_control,medium,generic cleanup: Generic VAE method lacks asset maintenance case,paper-3440,2025,Integrating imprecise data in generative models using interval-valued Variational Autoencoders,Sánchez L.; Costa N.; Couso I.; Strauss O.,Information Fusion,10.1016/j.inffus.2024.102659,https://doi.org/10.1016/j.inffus.2024.102659,10.1016,Elsevier / ScienceDirect,All Open Access; Hybrid Gold Open Access,https://www.scopus.com/pages/publications/85202927535?origin=resultslist,2-s2.0-85202927535,requires_manual_download,0,No candidate OA PDF URL produced a usable PDF automatically.,paper-3440_integrating_imprecise_data_in_generative_models_using_interval_valued_variational_autoencode.pdf
excluded,other_nonmaintenance,medium,Electrochemical migration mechanism only,paper-3451,2025,Insights into copper electrochemical migration through numerical modeling and Monte Carlo simulation,Dayoub A.; Gharaibeh A.; Illés B.; Medgyes B.,Results in Engineering,10.1016/j.rineng.2024.103820,https://doi.org/10.1016/j.rineng.2024.103820,10.1016,Elsevier / ScienceDirect,All Open Access; Gold Open Access,https://www.scopus.com/pages/publications/85212974962?origin=resultslist,2-s2.0-85212974962,requires_manual_download,0,No candidate OA PDF URL produced a usable PDF automatically.,paper-3451_insights_into_copper_electrochemical_migration_through_numerical_modeling_and_monte_carlo_si.pdf
excluded,business_social_finance,medium,controversial scan: Legal/data-storage framework for automotive PdM implementation; outside strict technical predictive-maintenance or asset-health modeling scope.,paper-3470,2025,Legal Framework and Data Storage Background of Online Collected Data for Predictive Maintenance and Repair Purposes in the Automotive Sector in the European Union,Nagy J.; Karácsony G.; Kelemen R.; Lakatos I.,IEEE Access,10.1109/ACCESS.2025.3594772,https://doi.org/10.1109/ACCESS.2025.3594772,10.1109,IEEE,All Open Access; Gold Open Access; Green Open Access,https://www.scopus.com/pages/publications/105012487380?origin=resultslist,2-s2.0-105012487380,requires_manual_download,0,No candidate OA PDF URL produced a usable PDF automatically.,paper-3470_legal_framework_and_data_storage_background_of_online_collected_data_for_predictive_maintena.pdf
excluded,clinical_human_outcome,high,Brain tumor detection in MRI,paper-3474,2025,Brain tumor segmentation and detection in MRI using convolutional neural networks and VGG16,Ganesh S.; Gomathi R.; Kannadhasan S.,Cancer biomarkers : section A of Disease markers,10.1177/18758592241311184,https://doi.org/10.1177/18758592241311184,10.1177,SAGE,All Open Access; Green Open Access; Hybrid Gold Open Access,https://www.scopus.com/pages/publications/105002855217?origin=resultslist,2-s2.0-105002855217,requires_manual_download,1,No candidate OA PDF URL produced a usable PDF automatically.,paper-3474_brain_tumor_segmentation_and_detection_in_mri_using_convolutional_neural_networks_and_vgg16.pdf
excluded,environment_natural_system,high,Urban land-use efficiency assessment,paper-3493,2025,Assessment of Chinese urban land-use efficiency (SDG11.3.1) utilizing high-precision urban built-up area data,Wang H.; Liu Y.; Sun L.; Ning X.; Li G.,Geography and Sustainability,10.1016/j.geosus.2024.06.007,https://doi.org/10.1016/j.geosus.2024.06.007,10.1016,Elsevier / ScienceDirect,All Open Access; Gold Open Access; Green Open Access,https://www.scopus.com/pages/publications/85214293312?origin=resultslist,2-s2.0-85214293312,requires_manual_download,0,No candidate OA PDF URL produced a usable PDF automatically.,paper-3493_assessment_of_chinese_urban_land_use_efficiency_sdg11_3_1_utilizing_high_precision_urban_bui.pdf
excluded,other_nonmaintenance,high,Material damage modeling only,paper-3495,2025,Modelling of stress-state-dependent ductile damage with gradient-enhancement exemplified for clinch joining,Friedlein J.; Mergheim J.; Steinmann P.,Journal of the Mechanics and Physics of Solids,10.1016/j.jmps.2025.106026,https://doi.org/10.1016/j.jmps.2025.106026,10.1016,Elsevier / ScienceDirect,All Open Access; Hybrid Gold Open Access,https://www.scopus.com/pages/publications/85215110894?origin=resultslist,2-s2.0-85215110894,requires_manual_download,0,No candidate OA PDF URL produced a usable PDF automatically.,paper-3495_modelling_of_stress_state_dependent_ductile_damage_with_gradient_enhancement_exemplified_for.pdf
excluded,software_it_cyber,high,Cloud service fault forecasting,paper-3504,2025,Explainable GNN-Based Approach to Fault Forecasting in Cloud Service Debugging,Unyi D.; Rigó E.; Gyires-Tóth B.; Lovas R.,IEEE Transactions on Network and Service Management,10.1109/TNSM.2025.3602223,https://doi.org/10.1109/TNSM.2025.3602223,10.1109,IEEE,All Open Access; Hybrid Gold Open Access,https://www.scopus.com/pages/publications/105014390422?origin=resultslist,2-s2.0-105014390422,requires_manual_download,0,No candidate OA PDF URL produced a usable PDF automatically.,paper-3504_explainable_gnn_based_approach_to_fault_forecasting_in_cloud_service_debugging.pdf
excluded,other_nonmaintenance,high,Porous material constitutive modeling,paper-3514,2025,Microvoiding and constitutive damage modeling with artificial neural networks,Li N.; Chew H.B.,International Journal of Solids and Structures,10.1016/j.ijsolstr.2024.113125,https://doi.org/10.1016/j.ijsolstr.2024.113125,10.1016,Elsevier / ScienceDirect,All Open Access; Hybrid Gold Open Access,https://www.scopus.com/pages/publications/85208257126?origin=resultslist,2-s2.0-85208257126,requires_manual_download,0,No candidate OA PDF URL produced a usable PDF automatically.,paper-3514_microvoiding_and_constitutive_damage_modeling_with_artificial_neural_networks.pdf
excluded,generic_nonmaintenance_ai_control,medium,Residential power quality metering only,paper-3515,2025,Smart Metering Enabled by the Internet of Things for Monitoring Residential Energy Consumption and Power Quality,de Sousa T.B.; De Rabelo R.A.L.,IEEE Access,10.1109/ACCESS.2025.3627191,https://doi.org/10.1109/ACCESS.2025.3627191,10.1109,IEEE,All Open Access; Gold Open Access; Green Open Access,https://www.scopus.com/pages/publications/105020730070?origin=resultslist,2-s2.0-105020730070,requires_manual_download,0,No candidate OA PDF URL produced a usable PDF automatically.,paper-3515_smart_metering_enabled_by_the_internet_of_things_for_monitoring_residential_energy_consumpti.pdf
excluded,business_social_finance,high,Warehouse inventory optimization,paper-3523,2025,Intelligent Warehousing: A Machine Learning and IoT Framework for Precision Inventory Optimization,Arvind V.R.; Shrinidhi R.M.; Deepa T.; Maheedhar M.,IEEE Access,10.1109/ACCESS.2025.3614679,https://doi.org/10.1109/ACCESS.2025.3614679,10.1109,IEEE,All Open Access; Gold Open Access; Green Open Access,https://www.scopus.com/pages/publications/105017445281?origin=resultslist,2-s2.0-105017445281,requires_manual_download,0,No candidate OA PDF URL produced a usable PDF automatically.,paper-3523_intelligent_warehousing_a_machine_learning_and_iot_framework_for_precision_inventory_optimiz.pdf
excluded,environment_natural_system,high,Coral reef condition monitoring,paper-3525,2025,Classification of Coral Images Using Support Vector Machine with Gray Level Co-Occurrence Matrix Feature Extraction,Nababan A.P.R.; Haryanto T.; Wijaya S.H.,International Journal on Informatics Visualization,10.62527/joiv.9.3.2708,https://doi.org/10.62527/joiv.9.3.2708,10.62527,Other,All Open Access; Gold Open Access; Green Open Access,https://www.scopus.com/pages/publications/105011682139?origin=resultslist,2-s2.0-105011682139,requires_manual_download,0,No candidate OA PDF URL produced a usable PDF automatically.,paper-3525_classification_of_coral_images_using_support_vector_machine_with_gray_level_co_occurrence_ma.pdf
excluded,environment_natural_system,high,civil infra update: pavement condition assessment,paper-3527,2025,A Novel CNN-SVM Hybrid Framework for Automated Pavement Condition Assessment,Chavan A.R.; Pimplikar S.S.,International Journal of Computing and Digital Systems,10.12785/ijcds/1571160947,https://doi.org/10.12785/ijcds/1571160947,10.12785,Other,All Open Access; Gold Open Access,https://www.scopus.com/pages/publications/105023075962?origin=resultslist,2-s2.0-105023075962,requires_manual_download,0,No candidate OA PDF URL produced a usable PDF automatically.,paper-3527_a_novel_cnn_svm_hybrid_framework_for_automated_pavement_condition_assessment.pdf
excluded,generic_nonmaintenance_ai_control,high,AI recognition model failure prediction,paper-3530,2025,Unified Calibration-Based Failure Prediction Quantization for Automatic Target Recognition,Dang S.; Zhang Y.; Xia Z.; Jiang X.; Gui S.; Feng X.,IEEE Journal of Selected Topics in Applied Earth Observations and Remote Sensing,10.1109/JSTARS.2025.3593300,https://doi.org/10.1109/JSTARS.2025.3593300,10.1109,IEEE,All Open Access; Gold Open Access; Green Open Access,https://www.scopus.com/pages/publications/105012457163?origin=resultslist,2-s2.0-105012457163,requires_manual_download,0,No candidate OA PDF URL produced a usable PDF automatically.,paper-3530_unified_calibration_based_failure_prediction_quantization_for_automatic_target_recognition.pdf
excluded,generic_nonmaintenance_ai_control,medium,Beam dynamics surrogate for simulation,paper-3531,2025,Neural Differential Equation-Based Two-Stage Approach for Generalization of Beam Dynamics,Kapoor T.; Wang H.; Stamou A.; Sayed K.E.; Nunez A.; Tartakovsky D.M.; Dollevoet R.,IEEE Transactions on Industrial Informatics,10.1109/TII.2024.3507213,https://doi.org/10.1109/TII.2024.3507213,10.1109,IEEE,All Open Access; Green Open Access; Hybrid Gold Open Access,https://www.scopus.com/pages/publications/105001069624?origin=resultslist,2-s2.0-105001069624,requires_manual_download,0,No candidate OA PDF URL produced a usable PDF automatically.,paper-3531_neural_differential_equation_based_two_stage_approach_for_generalization_of_beam_dynamics.pdf
excluded,business_social_finance,high,Bankruptcy prediction models,paper-3562,2025,Downside risk applied to bankruptcy predicting models,Saleem U.; Noreen U.; Shafique A.; Danila N.,Cogent Economics and Finance,10.1080/23322039.2025.2560023,https://doi.org/10.1080/23322039.2025.2560023,10.1080,Taylor & Francis,All Open Access; Gold Open Access,https://www.scopus.com/pages/publications/105017929545?origin=resultslist,2-s2.0-105017929545,requires_manual_download,1,No candidate OA PDF URL produced a usable PDF automatically.,paper-3562_downside_risk_applied_to_bankruptcy_predicting_models.pdf
excluded,generic_nonmaintenance_ai_control,medium,Remote control of machine only,paper-3566,2025,Smart Control Upgrade: IoT-Enhanced Remote Management of Straightening Machine with NodeMCU ESP8266,Irawan B.; Muhlasin; Erzed N.; Herwanto A.; Rahaman M.; Mooduto H.A.,International Journal on Informatics Visualization,10.62527/joiv.9.5.2975,https://doi.org/10.62527/joiv.9.5.2975,10.62527,Other,All Open Access; Gold Open Access; Green Open Access,https://www.scopus.com/pages/publications/105020702508?origin=resultslist,2-s2.0-105020702508,requires_manual_download,1,No candidate OA PDF URL produced a usable PDF automatically.,paper-3566_smart_control_upgrade_iot_enhanced_remote_management_of_straightening_machine_with_nodemcu_e.pdf
excluded,clinical_human_outcome,high,Stroke nursing patient monitoring,paper-3568,2025,Interpretation of nursing guidelines for intravenous thrombolysis in acute ischemic stroke,Yu Y.; Guo H.; Tang L.; Zhou J.; Liu G.; Geng Q.,Journal of Integrative Nursing,10.4103/jin.jin_141_24,https://doi.org/10.4103/jin.jin_141_24,10.4103,Other,All Open Access; Gold Open Access; Green Open Access,https://www.scopus.com/pages/publications/105001709501?origin=resultslist,2-s2.0-105001709501,requires_manual_download,0,No candidate OA PDF URL produced a usable PDF automatically.,paper-3568_interpretation_of_nursing_guidelines_for_intravenous_thrombolysis_in_acute_ischemic_stroke.pdf
excluded,environment_natural_system,high,civil infra update: civil structural health monitoring,paper-3574,2025,A Dynamic Dimension Reduction Method for Structural Health Monitoring Data Based on Sparse Bayesian Inference,Zeng H.; Zhu Y.-C.,Structural Control and Health Monitoring,10.1155/stc/5560897,https://doi.org/10.1155/stc/5560897,10.1155,Wiley / IET / Hindawi,All Open Access; Gold Open Access,https://www.scopus.com/pages/publications/105023486311?origin=resultslist,2-s2.0-105023486311,requires_manual_download,10,No candidate OA PDF URL produced a usable PDF automatically.,paper-3574_a_dynamic_dimension_reduction_method_for_structural_health_monitoring_data_based_on_sparse_b.pdf
excluded,generic_nonmaintenance_ai_control,medium,controversial scan: Fault classification is for abstract industrial processes/datasets with no clear physical equipment or maintenance action.,paper-3578,2025,Improved Machine Learning for Multiclass Fault Classification in Industrial Processes,Dhibi K.; Fezai R.; Basha N.; Ibrahim G.; Ahmed Choudhury H.; Sufiyan Challiwala M.; Malluhi B.; Nounou H.; Elbashir N.; Nounou M.,IEEE Access,10.1109/ACCESS.2025.3633702,https://doi.org/10.1109/ACCESS.2025.3633702,10.1109,IEEE,All Open Access; Gold Open Access,https://www.scopus.com/pages/publications/105022817188?origin=resultslist,2-s2.0-105022817188,requires_manual_download,0,No candidate OA PDF URL produced a usable PDF automatically.,paper-3578_improved_machine_learning_for_multiclass_fault_classification_in_industrial_processes.pdf
excluded,environment_natural_system,medium,civil infra update: railway infrastructure RCM data,paper-3583,2025,A Secure and Scalable Blockchain Framework for Data Sharing and Cost Distribution in Railway Condition Monitoring,Alzahrani R.A.; Easton J.M.,IEEE Access,10.1109/ACCESS.2025.3603413,https://doi.org/10.1109/ACCESS.2025.3603413,10.1109,IEEE,All Open Access; Gold Open Access; Green Open Access,https://www.scopus.com/pages/publications/105014388793?origin=resultslist,2-s2.0-105014388793,requires_manual_download,0,No candidate OA PDF URL produced a usable PDF automatically.,paper-3583_a_secure_and_scalable_blockchain_framework_for_data_sharing_and_cost_distribution_in_railway.pdf
excluded,generic_nonmaintenance_ai_control,medium,generic cleanup: Sensor calibration method not maintenance decision,paper-3585,2025,Development and Evaluation of a Calibration Methodology for Pressure-Resistive Sensors in a Specialized Diagnostic Laboratory,Zelnik R.; Ruzarovsky R.; Horak T.; Csekei M.; Michal D.; Sido J.,IEEE Access,10.1109/ACCESS.2025.3563429,https://doi.org/10.1109/ACCESS.2025.3563429,10.1109,IEEE,All Open Access; Gold Open Access; Green Open Access,https://www.scopus.com/pages/publications/105003685487?origin=resultslist,2-s2.0-105003685487,requires_manual_download,0,No candidate OA PDF URL produced a usable PDF automatically.,paper-3585_development_and_evaluation_of_a_calibration_methodology_for_pressure_resistive_sensors_in_a.pdf
excluded,generic_nonmaintenance_ai_control,medium,generic cleanup: Demand forecasting not asset condition maintenance,paper-3599,2025,Novel Predictive Factors to Boost Short-Term Electricity Demand Forecasting Using Machine Learning Models,Sleem A.A.; Syed M.N.,IEEE Access,10.1109/ACCESS.2025.3600864,https://doi.org/10.1109/ACCESS.2025.3600864,10.1109,IEEE,All Open Access; Gold Open Access; Green Open Access,https://www.scopus.com/pages/publications/105013770286?origin=resultslist,2-s2.0-105013770286,requires_manual_download,0,No candidate OA PDF URL produced a usable PDF automatically.,paper-3599_novel_predictive_factors_to_boost_short_term_electricity_demand_forecasting_using_machine_le.pdf
excluded,generic_nonmaintenance_ai_control,medium,TBM cutter force operational monitoring only,paper-3600,2025,Laboratory experimental study of a real-time monitoring system for TBM cutter force,Zheng S.; Gong Q.; Jiang Y.; Cao Y.; Liu Y.; Han B.,KSCE Journal of Civil Engineering,10.1016/j.kscej.2024.100003,https://doi.org/10.1016/j.kscej.2024.100003,10.1016,Elsevier / ScienceDirect,All Open Access; Gold Open Access,https://www.scopus.com/pages/publications/85218074793?origin=resultslist,2-s2.0-85218074793,requires_manual_download,0,No candidate OA PDF URL produced a usable PDF automatically.,paper-3600_laboratory_experimental_study_of_a_real_time_monitoring_system_for_tbm_cutter_force.pdf
excluded,environment_natural_system,high,civil infra update: rail surface roughness,paper-3601,2025,Evaluating the impact of rail surface roughness post-grinding: An experimental and elastoplastic modelling approach,Edjeou W.; Moström O.; Asplund M.; Larsson-Kråik P.-O.; Peréz-Ràfols F.; Larsson R.; Almqvist A.,Tribology International,10.1016/j.triboint.2024.110270,https://doi.org/10.1016/j.triboint.2024.110270,10.1016,Elsevier / ScienceDirect,All Open Access; Green Open Access; Hybrid Gold Open Access,https://www.scopus.com/pages/publications/85204785045?origin=resultslist,2-s2.0-85204785045,requires_manual_download,0,No candidate OA PDF URL produced a usable PDF automatically.,paper-3601_evaluating_the_impact_of_rail_surface_roughness_post_grinding_an_experimental_and_elastoplas.pdf
excluded,generic_nonmaintenance_ai_control,high,Generic Petri net prognosis no asset,paper-3614,2025,Online Fault Prognosis of Labeled Petri Nets,de Freitas B.I.; Toguyeni A.; Basilio J.C.,IEEE Control Systems Letters,10.1109/LCSYS.2025.3573606,https://doi.org/10.1109/LCSYS.2025.3573606,10.1109,IEEE,All Open Access; Green Open Access; Hybrid Gold Open Access,https://www.scopus.com/pages/publications/105006894597?origin=resultslist,2-s2.0-105006894597,requires_manual_download,0,No candidate OA PDF URL produced a usable PDF automatically.,paper-3614_online_fault_prognosis_of_labeled_petri_nets.pdf
excluded,generic_nonmaintenance_ai_control,high,Rail adhesion estimation for control,paper-3638,2025,Functional Verification of Extended Kalman Filter on FPGA for Railway Wheelset Parameters Estimation,Mal K.; Memon T.D.; Kalwar I.H.; Junejo A.R.; Memon M.H.; Memon T.R.; Memon S.A.; Chowdhry B.S.,IEEE Access,10.1109/ACCESS.2025.3563643,https://doi.org/10.1109/ACCESS.2025.3563643,10.1109,IEEE,All Open Access; Gold Open Access; Green Open Access,https://www.scopus.com/pages/publications/105003591671?origin=resultslist,2-s2.0-105003591671,requires_manual_download,0,No candidate OA PDF URL produced a usable PDF automatically.,paper-3638_functional_verification_of_extended_kalman_filter_on_fpga_for_railway_wheelset_parameters_es.pdf
excluded,environment_natural_system,high,civil infra update: railway track anomalies,paper-3640,2025,Anomaly Detection in Railway Tracks Using Hybrid Clustering and Spectral Analysis for Predictive Maintenance,Pineda-Jaramillo J.; Bigi F.; Villalba-Sanchis I.; Salvador-Zuriaga P.,IEEE Access,10.1109/ACCESS.2025.3611009,https://doi.org/10.1109/ACCESS.2025.3611009,10.1109,IEEE,All Open Access; Gold Open Access; Green Open Access,https://www.scopus.com/pages/publications/105016533651?origin=resultslist,2-s2.0-105016533651,requires_manual_download,0,No candidate OA PDF URL produced a usable PDF automatically.,paper-3640_anomaly_detection_in_railway_tracks_using_hybrid_clustering_and_spectral_analysis_for_predic.pdf
excluded,software_it_cyber,high,Telecom network digital twin,paper-3650,2025,End-to-end transport network digital twins with cloud-native SDN controllers and generative AI [Invited],Abishek A.; Adanza D.; Alemany P.; Gifre L.; Casellas R.; Martinez R.; Munoz R.; Vilalta R.,Journal of Optical Communications and Networking,10.1364/JOCN.550864,https://doi.org/10.1364/JOCN.550864,10.1364,Other,All Open Access; Green Open Access,https://www.scopus.com/pages/publications/105004047749?origin=resultslist,2-s2.0-105004047749,requires_manual_download,0,No candidate OA PDF URL produced a usable PDF automatically.,paper-3650_end_to_end_transport_network_digital_twins_with_cloud_native_sdn_controllers_and_generative.pdf
excluded,other_nonmaintenance,high,Material strength prediction not maintenance,paper-3662,2025,Hybrid mechanics-informed machine learning models for predicting mechanical failure in graphene sponge: a low-data strategy for mechanical engineering applications,Younus K.K.; Kareem M.G.; Mussttaf H.H.,Open Engineering,10.1515/eng-2025-0155,https://doi.org/10.1515/eng-2025-0155,10.1515,Other,All Open Access; Gold Open Access,https://www.scopus.com/pages/publications/105033113738?origin=resultslist,2-s2.0-105033113738,requires_manual_download,1,No candidate OA PDF URL produced a usable PDF automatically.,paper-3662_hybrid_mechanics_informed_machine_learning_models_for_predicting_mechanical_failure_in_graph.pdf
excluded,biology_biotech_non_equipment,high,Crop pest population study,paper-3667,2025,Efficacy of Aqueous and Alcoholic Extracts of Piper nigrum against Aphis gossypii and Associated Pest Population Dynamics on Cucumber,Alshraa A.; Al-Hamawandy S.A.K.; Kathiar S.; Dagher I.J.,Plant Protection,10.33804/pp.009.03.5741,https://doi.org/10.33804/pp.009.03.5741,10.33804,Other,All Open Access; Gold Open Access,https://www.scopus.com/pages/publications/105018340386?origin=resultslist,2-s2.0-105018340386,requires_manual_download,3,No candidate OA PDF URL produced a usable PDF automatically.,paper-3667_efficacy_of_aqueous_and_alcoholic_extracts_of_piper_nigrum_against_aphis_gossypii_and_associ.pdf
excluded,generic_nonmaintenance_ai_control,medium,"controversial scan: Drive-mode classification for trucks may aid diagnostics, but it predicts operating mode rather than condition, fault, or RUL.",paper-3686,2025,DriveSense: A Noise-Resilient Framework for Driving Mode Identification,Kumar P.; Li W.; Ozpineci B.,IEEE Access,10.1109/ACCESS.2025.3608615,https://doi.org/10.1109/ACCESS.2025.3608615,10.1109,IEEE,All Open Access; Gold Open Access; Green Open Access,https://www.scopus.com/pages/publications/105015858846?origin=resultslist,2-s2.0-105015858846,requires_manual_download,0,No candidate OA PDF URL produced a usable PDF automatically.,paper-3686_drivesense_a_noise_resilient_framework_for_driving_mode_identification.pdf
excluded,other_nonmaintenance,high,Hypergraph algorithm maintenance only,paper-3694,2025,THE DECOMPOSITION AND MAINTENANCE OF HYPERCORES ON EDGE-WEIGHTED HYPERGRAPHS,Xu Y.; Zhang F.; Liu B.,Mathematical Foundations of Computing,10.3934/mfc.2023050,https://doi.org/10.3934/mfc.2023050,10.3934,Other,All Open Access; Gold Open Access,https://www.scopus.com/pages/publications/86000739357?origin=resultslist,2-s2.0-86000739357,requires_manual_download,2,No candidate OA PDF URL produced a usable PDF automatically.,paper-3694_the_decomposition_and_maintenance_of_hypercores_on_edge_weighted_hypergraphs.pdf
excluded,generic_nonmaintenance_ai_control,medium,controversial scan: Vehicle-emission forecasting targets high-emitting vehicles and environmental compliance; predictive maintenance is incidental.,paper-3698,2025,IVEMPS: IoT-Based Vehicle Emission Monitoring and Prediction System,Farrag O.; Mansour A.; Abed B.; Abu Alhaj A.; Landolsi T.; Al-Ali A.R.,IEEE Access,10.1109/ACCESS.2025.3572726,https://doi.org/10.1109/ACCESS.2025.3572726,10.1109,IEEE,All Open Access; Gold Open Access; Green Open Access,https://www.scopus.com/pages/publications/105006775200?origin=resultslist,2-s2.0-105006775200,requires_manual_download,0,No candidate OA PDF URL produced a usable PDF automatically.,paper-3698_ivemps_iot_based_vehicle_emission_monitoring_and_prediction_system.pdf
excluded,clinical_human_outcome,high,Patient heart failure risk prediction,paper-3710,2025,Daily Treatment Monitoring for Patients Receiving Home-Based Peritoneal Dialysis and Prediction of Heart Failure Risk: mHealth Tool Development and Modeling Study,Wu J.; Zeng Y.; Yang J.; Yao Y.; Xu X.; Song G.; Yi W.; Wang T.; Zheng Y.; Jia Z.; Yan X.,JMIR Formative Research,10.2196/56254,https://doi.org/10.2196/56254,10.2196,Other,All Open Access; Gold Open Access; Green Open Access,https://www.scopus.com/pages/publications/85219691478?origin=resultslist,2-s2.0-85219691478,requires_manual_download,1,No candidate OA PDF URL produced a usable PDF automatically.,paper-3710_daily_treatment_monitoring_for_patients_receiving_home_based_peritoneal_dialysis_and_predict.pdf
excluded,generic_nonmaintenance_ai_control,medium,CAN data embedding not maintenance,paper-3711,2025,BinaryCAN: Learning Compact Binary Embeddings From Automotive CAN Bus Data,Kovalenko A.; Ahmad A.; Karandeev A.; Maslov A.; Makarov I.,IEEE Access,10.1109/ACCESS.2025.3645489,https://doi.org/10.1109/ACCESS.2025.3645489,10.1109,IEEE,All Open Access; Gold Open Access,https://www.scopus.com/pages/publications/105025261539?origin=resultslist,2-s2.0-105025261539,requires_manual_download,0,No candidate OA PDF URL produced a usable PDF automatically.,paper-3711_binarycan_learning_compact_binary_embeddings_from_automotive_can_bus_data.pdf
excluded,environment_natural_system,high,Landslide natural hazard monitoring,paper-3722,2025,Condition monitoring of heterogeneous landslide deformation in spatio-temporal domain using advanced graph attention network,Li H.; Zhu Y.; Xu Q.; Tang R.; Pu C.; He Y.,"Geomatics, Natural Hazards and Risk",10.1080/19475705.2025.2519429,https://doi.org/10.1080/19475705.2025.2519429,10.1080,Taylor & Francis,All Open Access; Gold Open Access; Green Open Access,https://www.scopus.com/pages/publications/105008463514?origin=resultslist,2-s2.0-105008463514,requires_manual_download,1,No candidate OA PDF URL produced a usable PDF automatically.,paper-3722_condition_monitoring_of_heterogeneous_landslide_deformation_in_spatio_temporal_domain_using.pdf
excluded,generic_nonmaintenance_ai_control,high,generic cleanup: Voltage disturbance detection lacks maintenance focus,paper-3723,2025,Detection Framework for Few-Shot Voltage Disturbances in Power Systems Using Evaluation Learning,Sima W.; Zhang H.; Yang M.,CSEE Journal of Power and Energy Systems,10.17775/CSEEJPES.2021.04870,https://doi.org/10.17775/CSEEJPES.2021.04870,10.17775,Other,All Open Access; Gold Open Access; Green Open Access,https://www.scopus.com/pages/publications/105013163918?origin=resultslist,2-s2.0-105013163918,requires_manual_download,2,No candidate OA PDF URL produced a usable PDF automatically.,paper-3723_detection_framework_for_few_shot_voltage_disturbances_in_power_systems_using_evaluation_lear.pdf
excluded,clinical_human_outcome,high,Mole biomarker prognosis,paper-3724,2025,Human epidermal growth factor receptor 2 and proliferation Ki-67 biomarkers using a tissue microarray to refine the histopathological subtyping of hydatidiform moles: Limitations and prognostic value,López C.L.; Oliveira N.S.C.; Rodrigues F.R.; Gouvêa A.L.F.; Cunha K.S.G.; Brito A.C.; Braga A.; Lopes V.G.S.,Clinics,10.1016/j.clinsp.2025.100766,https://doi.org/10.1016/j.clinsp.2025.100766,10.1016,Elsevier / ScienceDirect,All Open Access; Gold Open Access; Green Open Access,https://www.scopus.com/pages/publications/105016508447?origin=resultslist,2-s2.0-105016508447,requires_manual_download,0,No candidate OA PDF URL produced a usable PDF automatically.,paper-3724_human_epidermal_growth_factor_receptor_2_and_proliferation_ki_67_biomarkers_using_a_tissue_m.pdf
excluded,software_it_cyber,high,Communications architecture not maintenance,paper-3727,2025,Dedicated Communication for Sensing: A New Use Case for Private 5G and Open RAN for mMTC,Yoo H.-M.; Lee S.-Y.; Kim G.; Rhee J.-S.; Hong E.-K.,Journal of Communications and Networks,10.23919/JCN.2025.000031,https://doi.org/10.23919/JCN.2025.000031,10.23919,Other,All Open Access; Gold Open Access,https://www.scopus.com/pages/publications/105024074450?origin=resultslist,2-s2.0-105024074450,requires_manual_download,2,No candidate OA PDF URL produced a usable PDF automatically.,paper-3727_dedicated_communication_for_sensing_a_new_use_case_for_private_5g_and_open_ran_for_mmtc.pdf
excluded,environment_natural_system,high,civil infra update: historic bridge corrosion,paper-3730,2025,Probabilistic failure assessment of steel eyebars by considering multi-phase nonlinear corrosion model,Kövesdi B.; Kollár D.; Szabó B.; Dunai L.,Journal of Constructional Steel Research,10.1016/j.jcsr.2024.109127,https://doi.org/10.1016/j.jcsr.2024.109127,10.1016,Elsevier / ScienceDirect,All Open Access; Hybrid Gold Open Access,https://www.scopus.com/pages/publications/85208266655?origin=resultslist,2-s2.0-85208266655,requires_manual_download,0,No candidate OA PDF URL produced a usable PDF automatically.,paper-3730_probabilistic_failure_assessment_of_steel_eyebars_by_considering_multi_phase_nonlinear_corro.pdf
excluded,software_it_cyber,high,MEC service failure migration,paper-3737,2025,A Method for Service Function Chain Migration Based on Server Failure Prediction in Mobile Edge Computing Environment,Kabdjou J.; Shinomiya N.,IEEE Access,10.1109/ACCESS.2025.3564967,https://doi.org/10.1109/ACCESS.2025.3564967,10.1109,IEEE,All Open Access; Gold Open Access; Green Open Access,https://www.scopus.com/pages/publications/105004070716?origin=resultslist,2-s2.0-105004070716,requires_manual_download,0,No candidate OA PDF URL produced a usable PDF automatically.,paper-3737_a_method_for_service_function_chain_migration_based_on_server_failure_prediction_in_mobile_e.pdf
excluded,generic_nonmaintenance_ai_control,high,Craft design AI generation,paper-3749,2025,Deep Learning-Driven Craft Design: Integrating AI Into Traditional Handicraft Creation,Chen Y.; Lou Y.,IEEE Access,10.1109/ACCESS.2025.3614185,https://doi.org/10.1109/ACCESS.2025.3614185,10.1109,IEEE,All Open Access; Gold Open Access; Green Open Access,https://www.scopus.com/pages/publications/105017732834?origin=resultslist,2-s2.0-105017732834,requires_manual_download,0,No candidate OA PDF URL produced a usable PDF automatically.,paper-3749_deep_learning_driven_craft_design_integrating_ai_into_traditional_handicraft_creation.pdf
excluded,environment_natural_system,high,Wind speed forecasting not asset health,paper-3754,2025,Enhanced Random Vector Functional Link Networks With Bayesian-Based Hyperparameter Optimization for Wind Speed Forecasting,Seman L.O.; Carolina Rodrigues Klaar A.; Henrique Dal Molin Ribeiro M.; Frizzo Stefenon S.,IEEE Access,10.1109/ACCESS.2025.3640434,https://doi.org/10.1109/ACCESS.2025.3640434,10.1109,IEEE,All Open Access; Gold Open Access; Green Open Access,https://www.scopus.com/pages/publications/105024106644?origin=resultslist,2-s2.0-105024106644,requires_manual_download,0,No candidate OA PDF URL produced a usable PDF automatically.,paper-3754_enhanced_random_vector_functional_link_networks_with_bayesian_based_hyperparameter_optimizat.pdf
excluded,software_it_cyber,high,Storage system performance modeling,paper-3757,2025,Performance Modeling of Data Storage Systems Using Generative Models,Al-Maeeni A.R.; Temirkhanov A.; Ryzhikov A.; Hushchyn M.,IEEE Access,10.1109/ACCESS.2025.3552409,https://doi.org/10.1109/ACCESS.2025.3552409,10.1109,IEEE,All Open Access; Gold Open Access; Green Open Access,https://www.scopus.com/pages/publications/105001567643?origin=resultslist,2-s2.0-105001567643,requires_manual_download,0,No candidate OA PDF URL produced a usable PDF automatically.,paper-3757_performance_modeling_of_data_storage_systems_using_generative_models.pdf
excluded,generic_nonmaintenance_ai_control,high,Generic CPS classifier design,paper-3763,2025,Bringing Machine Learning Classifiers Into Critical Cyber-Physical Systems: A Matter of Design,Sayin B.; Zoppi T.; Marchini N.; Khokhar F.A.; Passerini A.,IEEE Access,10.1109/ACCESS.2025.3568501,https://doi.org/10.1109/ACCESS.2025.3568501,10.1109,IEEE,All Open Access; Gold Open Access; Green Open Access,https://www.scopus.com/pages/publications/105005014638?origin=resultslist,2-s2.0-105005014638,requires_manual_download,0,No candidate OA PDF URL produced a usable PDF automatically.,paper-3763_bringing_machine_learning_classifiers_into_critical_cyber_physical_systems_a_matter_of_desig.pdf
excluded,environment_natural_system,high,civil infra update: road pavement vibration monitoring,paper-3768,2025,Genetic algorithm optimization and sensitivity analysis of bicycle characteristics for vibration monitoring,Ghaderi O.; Cafiso S.; Caponetto R.; Mangiameli M.; Pappalardo G.,International Journal of Transportation Science and Technology,10.1016/j.ijtst.2025.05.006,https://doi.org/10.1016/j.ijtst.2025.05.006,10.1016,Elsevier / ScienceDirect,All Open Access; Gold Open Access,https://www.scopus.com/pages/publications/105008085992?origin=resultslist,2-s2.0-105008085992,requires_manual_download,0,No candidate OA PDF URL produced a usable PDF automatically.,paper-3768_genetic_algorithm_optimization_and_sensitivity_analysis_of_bicycle_characteristics_for_vibra.pdf
excluded,business_social_finance,high,Bank failure prediction,paper-3771,2025,Balancing Explainability and Privacy in Bank Failure Prediction: A Differentially Private Glass-Box Approach,Byun J.; Lee J.; Lee H.; Son B.,IEEE Access,10.1109/ACCESS.2024.3523967,https://doi.org/10.1109/ACCESS.2024.3523967,10.1109,IEEE,All Open Access; Gold Open Access; Green Open Access,https://www.scopus.com/pages/publications/85214094799?origin=resultslist,2-s2.0-85214094799,requires_manual_download,0,No candidate OA PDF URL produced a usable PDF automatically.,paper-3771_balancing_explainability_and_privacy_in_bank_failure_prediction_a_differentially_private_gla.pdf
excluded,clinical_human_outcome,high,Healthcare disease prediction,paper-3773,2025,Bl-Boost:A Blockchain-based XG-Boost EHR Scheme In Healthcare 5.0 Ecosystems,Deshmukh V.; Pathak S.; Bhattacharya P.,International Journal of Computing and Digital Systems,10.12785/ijcds/1571033989,https://doi.org/10.12785/ijcds/1571033989,10.12785,Other,All Open Access; Gold Open Access,https://www.scopus.com/pages/publications/85217556868?origin=resultslist,2-s2.0-85217556868,requires_manual_download,0,No candidate OA PDF URL produced a usable PDF automatically.,paper-3773_bl_boost_a_blockchain_based_xg_boost_ehr_scheme_in_healthcare_5_0_ecosystems.pdf
excluded,environment_natural_system,high,civil infra update: road crack detection,paper-3777,2025,Road Crack Detection and Orientation Estimation Using Airborne Synthetic Aperture Radar,Babu A.; Baumgartner S.V.; Krieger G.,IEEE Journal of Selected Topics in Applied Earth Observations and Remote Sensing,10.1109/JSTARS.2025.3613166,https://doi.org/10.1109/JSTARS.2025.3613166,10.1109,IEEE,All Open Access; Gold Open Access; Green Open Access,https://www.scopus.com/pages/publications/105017410974?origin=resultslist,2-s2.0-105017410974,requires_manual_download,0,No candidate OA PDF URL produced a usable PDF automatically.,paper-3777_road_crack_detection_and_orientation_estimation_using_airborne_synthetic_aperture_radar.pdf
excluded,generic_nonmaintenance_ai_control,high,Wastewater treatment AI review,paper-3778,2025,Challenges and requirements of AI-based waste water treatment systems; [Herausforderungen und Anforderungen an KI-gestützte Abwasserbehandlungssysteme],Dalibard A.; Kriem L.S.; Beckett M.; Scherle S.; Yeh Y.-C.; Schließmann U.,At-Automatisierungstechnik,10.1515/auto-2024-0023,https://doi.org/10.1515/auto-2024-0023,10.1515,Other,All Open Access; Hybrid Gold Open Access,https://www.scopus.com/pages/publications/85214713514?origin=resultslist,2-s2.0-85214713514,requires_manual_download,1,No candidate OA PDF URL produced a usable PDF automatically.,paper-3778_challenges_and_requirements_of_ai_based_waste_water_treatment_systems_herausforderungen_und.pdf
excluded,other_nonmaintenance,high,Human activity recognition,paper-3781,2025,Improved Human Activity Recognition Using Stacked Sparse Autoencoder (SSAE) Algorithm,Aziz F.; Mustamin N.F.; Rijal M.; Tanniewa A.M.,International Journal on Informatics Visualization,10.62527/joiv.9.4.3079,https://doi.org/10.62527/joiv.9.4.3079,10.62527,Other,All Open Access; Gold Open Access; Green Open Access,https://www.scopus.com/pages/publications/105013138439?origin=resultslist,2-s2.0-105013138439,requires_manual_download,0,No candidate OA PDF URL produced a usable PDF automatically.,paper-3781_improved_human_activity_recognition_using_stacked_sparse_autoencoder_ssae_algorithm.pdf
excluded,biology_biotech_non_equipment,high,Biohumus production process,paper-3796,2025,"A Study of Artificial Intelligence in Biohumus Generation and Related Issues based on Research in Kaskelen, Kazakhstan",Abilbek Z.; Ibrahim U.A.; Bizhanova A.; Aidarbayev N.; Zholdasbek K.; Shakirov S.,WSEAS Transactions on Environment and Development,10.37394/232015.2025.21.72,https://doi.org/10.37394/232015.2025.21.72,10.37394,Other,All Open Access; Gold Open Access,https://www.scopus.com/pages/publications/105011488907?origin=resultslist,2-s2.0-105011488907,requires_manual_download,1,No candidate OA PDF URL produced a usable PDF automatically.,paper-3796_a_study_of_artificial_intelligence_in_biohumus_generation_and_related_issues_based_on_resear.pdf
excluded,environment_natural_system,high,civil infra update: road pothole detection,paper-3800,2025,Machine Learning Model for Road Anomaly Detection Using Smartphone Accelerometer Data,Zareei M.; López Castañeda C.A.; Alanazi F.; Granda F.; Pèrez-Diaz J.A.,IEEE Access,10.1109/ACCESS.2025.3586812,https://doi.org/10.1109/ACCESS.2025.3586812,10.1109,IEEE,All Open Access; Gold Open Access; Green Open Access,https://www.scopus.com/pages/publications/105010343718?origin=resultslist,2-s2.0-105010343718,requires_manual_download,0,No candidate OA PDF URL produced a usable PDF automatically.,paper-3800_machine_learning_model_for_road_anomaly_detection_using_smartphone_accelerometer_data.pdf
excluded,generic_nonmaintenance_ai_control,high,Grid data use lacks maintenance focus,paper-3810,2025,Leveraging the Potential of Novel Data in Power Line Communication of Electricity Grids,Balada C.; Bondorf M.; Ahmed S.; Zdrallek M.; Dengel A.,IEEE Access,10.1109/ACCESS.2025.3560811,https://doi.org/10.1109/ACCESS.2025.3560811,10.1109,IEEE,All Open Access; Gold Open Access; Green Open Access,https://www.scopus.com/pages/publications/105002848418?origin=resultslist,2-s2.0-105002848418,requires_manual_download,0,No candidate OA PDF URL produced a usable PDF automatically.,paper-3810_leveraging_the_potential_of_novel_data_in_power_line_communication_of_electricity_grids.pdf
excluded,generic_nonmaintenance_ai_control,high,Healthcare digital twin lacks maintenance focus,paper-3812,2025,FEDTWIN–trustworthy digital twin as a service for visually impaired,Natarajan H.P.; Annadurai P.,Automatika,10.1080/00051144.2025.2572148,https://doi.org/10.1080/00051144.2025.2572148,10.1080,Taylor & Francis,All Open Access; Gold Open Access; Green Open Access,https://www.scopus.com/pages/publications/105020707632?origin=resultslist,2-s2.0-105020707632,requires_manual_download,1,No candidate OA PDF URL produced a usable PDF automatically.,paper-3812_fedtwin_trustworthy_digital_twin_as_a_service_for_visually_impaired.pdf
excluded,environment_natural_system,high,civil infra update: building moisture damage,paper-3824,2025,Predictive modeling and estimation of moisture damages in Swedish buildings: A machine learning approach,Wu P.-Y.; Johansson T.; Mundt-Petersen S.O.; Mjörnell K.,Sustainable Cities and Society,10.1016/j.scs.2024.105997,https://doi.org/10.1016/j.scs.2024.105997,10.1016,Elsevier / ScienceDirect,All Open Access; Green Open Access; Hybrid Gold Open Access,https://www.scopus.com/pages/publications/85211971013?origin=resultslist,2-s2.0-85211971013,requires_manual_download,0,No candidate OA PDF URL produced a usable PDF automatically.,paper-3824_predictive_modeling_and_estimation_of_moisture_damages_in_swedish_buildings_a_machine_learni.pdf
excluded,software_it_cyber,high,DDoS mitigation not asset maintenance,paper-3827,2025,Neural Network DDoS Mitigation System With Forensic Audit Support for Cyber Police,Vladov S.; Ścisło Ł.; Sachenko A.; Foros H.; Zhuravlov D.; Vysotska V.; Varlakhov V.; Sachenko S.; Krupiński J.; Brusakova O.,IEEE Access,10.1109/ACCESS.2025.3634478,https://doi.org/10.1109/ACCESS.2025.3634478,10.1109,IEEE,All Open Access; Gold Open Access,https://www.scopus.com/pages/publications/105022610552?origin=resultslist,2-s2.0-105022610552,requires_manual_download,0,No candidate OA PDF URL produced a usable PDF automatically.,paper-3827_neural_network_ddos_mitigation_system_with_forensic_audit_support_for_cyber_police.pdf
excluded,software_it_cyber,high,Software defect prediction only,paper-3831,2025,Using Permutation-Based Feature Importance for Improved Machine Learning Model Performance at Reduced Costs,Khan A.; Ali A.; Khan J.; Ullah F.; Faheem M.,IEEE Access,10.1109/ACCESS.2025.3544625,https://doi.org/10.1109/ACCESS.2025.3544625,10.1109,IEEE,All Open Access; Gold Open Access; Green Open Access,https://www.scopus.com/pages/publications/85218874952?origin=resultslist,2-s2.0-85218874952,requires_manual_download,0,No candidate OA PDF URL produced a usable PDF automatically.,paper-3831_using_permutation_based_feature_importance_for_improved_machine_learning_model_performance_a.pdf
excluded,generic_nonmaintenance_ai_control,medium,Smart agriculture lacks asset maintenance target,paper-3835,2025,"A Federated Explainable AI Framework for Smart Agriculture: Enhancing Transparency, Efficiency, and Sustainability",Tahir H.A.; Alayed W.; Hassan W.U.,IEEE Access,10.1109/ACCESS.2025.3571340,https://doi.org/10.1109/ACCESS.2025.3571340,10.1109,IEEE,All Open Access; Gold Open Access; Green Open Access,https://www.scopus.com/pages/publications/105005784914?origin=resultslist,2-s2.0-105005784914,requires_manual_download,0,No candidate OA PDF URL produced a usable PDF automatically.,paper-3835_a_federated_explainable_ai_framework_for_smart_agriculture_enhancing_transparency_efficiency.pdf
excluded,generic_nonmaintenance_ai_control,high,Grid state estimation lacks maintenance focus,paper-3841,2025,Dynamic State Estimation in Power Electronics-Dominated Grids Using a Digital Twin Approach,Idrisov I.; Veretennikov I.; Ibanez F.M.,IEEE Access,10.1109/ACCESS.2025.3554258,https://doi.org/10.1109/ACCESS.2025.3554258,10.1109,IEEE,All Open Access; Gold Open Access; Green Open Access,https://www.scopus.com/pages/publications/105002307778?origin=resultslist,2-s2.0-105002307778,requires_manual_download,0,No candidate OA PDF URL produced a usable PDF automatically.,paper-3841_dynamic_state_estimation_in_power_electronics_dominated_grids_using_a_digital_twin_approach.pdf
excluded,environment_natural_system,high,civil infra update: cable stayed bridge cables,paper-3842,2025,An Advanced Computer Vision Method for Noncontact Vibration Measurement of Cables in Cable-Stayed Bridges,Lu N.; Zeng W.; Cui J.; Luo Y.; Liu X.; Liu Y.,Structural Control and Health Monitoring,10.1155/stc/1254049,https://doi.org/10.1155/stc/1254049,10.1155,Wiley / IET / Hindawi,All Open Access; Gold Open Access,https://www.scopus.com/pages/publications/105003795824?origin=resultslist,2-s2.0-105003795824,requires_manual_download,10,No candidate OA PDF URL produced a usable PDF automatically.,paper-3842_an_advanced_computer_vision_method_for_noncontact_vibration_measurement_of_cables_in_cable_s.pdf
excluded,other_nonmaintenance,medium,Wind turbine model lacks maintenance task,paper-3849,2025,Direct-Driver Wind Turbine Model: A Bond Graph Approach,Torres-Tinoco A.; Tapia-Sanchez R.; Medina-Rios A.,IEEE Access,10.1109/ACCESS.2025.3587092,https://doi.org/10.1109/ACCESS.2025.3587092,10.1109,IEEE,All Open Access; Gold Open Access; Green Open Access,https://www.scopus.com/pages/publications/105010219967?origin=resultslist,2-s2.0-105010219967,requires_manual_download,0,No candidate OA PDF URL produced a usable PDF automatically.,paper-3849_direct_driver_wind_turbine_model_a_bond_graph_approach.pdf
excluded,biology_biotech_non_equipment,high,Food quality not equipment maintenance,paper-3850,2025,IoT-Based Food Quality Monitoring System,Tailor R.; Parikh S.; Kumar K.; Collins T.; El-Ocla H.,IET Wireless Sensor Systems,10.1049/wss2.70008,https://doi.org/10.1049/wss2.70008,10.1049,Wiley / IET / Hindawi,All Open Access; Gold Open Access; Green Open Access,https://www.scopus.com/pages/publications/105006832935?origin=resultslist,2-s2.0-105006832935,requires_manual_download,10,No candidate OA PDF URL produced a usable PDF automatically.,paper-3850_iot_based_food_quality_monitoring_system.pdf
excluded,environment_natural_system,high,civil infra update: pavement maintenance strategy,paper-3858,2025,Evaluation of Optimized Pavement Maintenance for User Costs and Vehicle Emissions on the Indian Urban Roads,Jain B.; Tiwari D.; Parida M.; Anbanandam R.,Advances in Civil Engineering,10.1155/adce/8835012,https://doi.org/10.1155/adce/8835012,10.1155,Wiley / IET / Hindawi,All Open Access; Gold Open Access; Green Open Access,https://www.scopus.com/pages/publications/105011139579?origin=resultslist,2-s2.0-105011139579,requires_manual_download,10,No candidate OA PDF URL produced a usable PDF automatically.,paper-3858_evaluation_of_optimized_pavement_maintenance_for_user_costs_and_vehicle_emissions_on_the_ind.pdf
excluded,generic_nonmaintenance_ai_control,high,Traffic anomaly detection not maintenance,paper-3859,2025,Traffic Flow Outlier Detection for Smart Mobility Using Gaussian Process Regression Assisted Stochastic Differential Equations,Cheng Q.; Dai G.; Ru B.; Liu Z.; Ma W.; Liu H.; Gu Z.,Transportation Research Part E: Logistics and Transportation Review,10.1016/j.tre.2024.103840,https://doi.org/10.1016/j.tre.2024.103840,10.1016,Elsevier / ScienceDirect,All Open Access; Green Open Access,https://www.scopus.com/pages/publications/85208016844?origin=resultslist,2-s2.0-85208016844,requires_manual_download,0,No candidate OA PDF URL produced a usable PDF automatically.,paper-3859_traffic_flow_outlier_detection_for_smart_mobility_using_gaussian_process_regression_assisted.pdf
excluded,software_it_cyber,high,Optical network control not maintenance,paper-3863,2025,"Shaping the future of optical networks by integrating SDN, telemetry, and AI [Invited]",Castoldi P.; Cugini F.; Gharbaoui M.; Giorgetti A.; Paolucci F.; Ruscelli A.L.; Sambo N.; Sgambelluri A.; Valcarenghi L.,Journal of Optical Communications and Networking,10.1364/JOCN.553843,https://doi.org/10.1364/JOCN.553843,10.1364,Other,All Open Access; Green Open Access,https://www.scopus.com/pages/publications/105003093676?origin=resultslist,2-s2.0-105003093676,requires_manual_download,0,No candidate OA PDF URL produced a usable PDF automatically.,paper-3863_shaping_the_future_of_optical_networks_by_integrating_sdn_telemetry_and_ai_invited.pdf
excluded,software_it_cyber,high,LLM inference scheduling not maintenance,paper-3889,2025,Dynamic Batch Processing with FlexiDecode Scheduler for Efficient LLM Inference in IIoT,Jia X.; Gu B.; Chen J.; Gao L.; Pang W.; Lv G.; Qu Y.; Cui L.,Big Data Mining and Analytics,10.26599/BDMA.2025.9020025,https://doi.org/10.26599/BDMA.2025.9020025,10.26599,Other,All Open Access; Gold Open Access; Green Open Access,https://www.scopus.com/pages/publications/105016842328?origin=resultslist,2-s2.0-105016842328,requires_manual_download,2,No candidate OA PDF URL produced a usable PDF automatically.,paper-3889_dynamic_batch_processing_with_flexidecode_scheduler_for_efficient_llm_inference_in_iiot.pdf
excluded,environment_natural_system,high,civil infra update: rail corrugation detection,paper-3890,2025,A feature extraction framework for metro rail corrugation detection using onboard vibration and noise monitoring data,Lian Y.; Zhang Y.; Gao T.; Liu X.,Intelligent Transportation Infrastructure,10.1093/iti/liaf010,https://doi.org/10.1093/iti/liaf010,10.1093,Oxford University Press,All Open Access; Gold Open Access,https://www.scopus.com/pages/publications/105008477891?origin=resultslist,2-s2.0-105008477891,requires_manual_download,2,No candidate OA PDF URL produced a usable PDF automatically.,paper-3890_a_feature_extraction_framework_for_metro_rail_corrugation_detection_using_onboard_vibration.pdf
excluded,acronym_collision,high,PDM means pulse density modulation,paper-3892,2025,An Antirotation Wireless Power Transfer System With a Flexible Magnetic Coupler for Autonomous Underwater Vehicles,Zhang B.; Jiang C.Q.; Yang F.; Chen C.; Lu Y.; Zhou J.,IEEE Transactions on Power Electronics,10.1109/TPEL.2024.3473946,https://doi.org/10.1109/TPEL.2024.3473946,10.1109,IEEE,All Open Access; Green Open Access,https://www.scopus.com/pages/publications/85206940787?origin=resultslist,2-s2.0-85206940787,requires_manual_download,0,No candidate OA PDF URL produced a usable PDF automatically.,paper-3892_an_antirotation_wireless_power_transfer_system_with_a_flexible_magnetic_coupler_for_autonomo.pdf
excluded,generic_nonmaintenance_ai_control,medium,Generic anomaly detection no asset target,paper-3894,2025,AD-NEv: A Scalable Multilevel Neuroevolution Framework for Multivariate Anomaly Detection,Pietroń M.; Żurek D.; Faber K.; Corizzo R.,IEEE Transactions on Neural Networks and Learning Systems,10.1109/TNNLS.2024.3439404,https://doi.org/10.1109/TNNLS.2024.3439404,10.1109,IEEE,All Open Access; Hybrid Gold Open Access,https://www.scopus.com/pages/publications/105004390537?origin=resultslist,2-s2.0-105004390537,requires_manual_download,0,No candidate OA PDF URL produced a usable PDF automatically.,paper-3894_ad_nev_a_scalable_multilevel_neuroevolution_framework_for_multivariate_anomaly_detection.pdf
excluded,other_nonmaintenance,high,Energy harvester design no maintenance,paper-3900,2025,Development and Analysis of a Non-Resonant Wide-Band Tri-Axial Electromagnetic Energy Harvester,Khan H.; Khan F.U.,IEEE Access,10.1109/ACCESS.2025.3571908,https://doi.org/10.1109/ACCESS.2025.3571908,10.1109,IEEE,All Open Access; Gold Open Access; Green Open Access,https://www.scopus.com/pages/publications/105005575806?origin=resultslist,2-s2.0-105005575806,requires_manual_download,0,No candidate OA PDF URL produced a usable PDF automatically.,paper-3900_development_and_analysis_of_a_non_resonant_wide_band_tri_axial_electromagnetic_energy_harves.pdf
excluded,software_it_cyber,high,Edge data trading not maintenance,paper-3908,2025,Efficient Data Trading and Placement in Blockchain-Based Edge Computing Systems,Yang S.; Qiu K.; Zhang F.; Cao L.; Li F.; Tang M.; Zhu L.,IEEE Open Journal of the Communications Society,10.1109/OJCOMS.2024.3492914,https://doi.org/10.1109/OJCOMS.2024.3492914,10.1109,IEEE,All Open Access; Gold Open Access; Green Open Access,https://www.scopus.com/pages/publications/105003140153?origin=resultslist,2-s2.0-105003140153,requires_manual_download,0,No candidate OA PDF URL produced a usable PDF automatically.,paper-3908_efficient_data_trading_and_placement_in_blockchain_based_edge_computing_systems.pdf
excluded,environment_natural_system,high,civil infra update: railway track diagnostics,paper-3909,2025,Railway track condition monitoring based on sensor data and artificial neural networks,Kots I.; Isaeva A.; Denisenko M.; Sinyukin A.; Kovalev A.,Turkish Journal of Electrical Engineering and Computer Sciences,10.55730/1300-0632.4154,https://doi.org/10.55730/1300-0632.4154,10.55730,Other,All Open Access; Hybrid Gold Open Access,https://www.scopus.com/pages/publications/105025154620?origin=resultslist,2-s2.0-105025154620,requires_manual_download,3,No candidate OA PDF URL produced a usable PDF automatically.,paper-3909_railway_track_condition_monitoring_based_on_sensor_data_and_artificial_neural_networks.pdf
excluded,clinical_human_outcome,high,Lung monitoring not equipment maintenance,paper-3913,2025,A Near-Field Radio Frequency System for Continuous Left and Right Lung Volume Sensing,Kapoor A.; Conroy T.B.; Gangwar K.; Kan E.C.; Araos J.,IEEE Sensors Journal,10.1109/JSEN.2025.3538501,https://doi.org/10.1109/JSEN.2025.3538501,10.1109,IEEE,All Open Access; Green Open Access,https://www.scopus.com/pages/publications/105002584225?origin=resultslist,2-s2.0-105002584225,requires_manual_download,0,No candidate OA PDF URL produced a usable PDF automatically.,paper-3913_a_near_field_radio_frequency_system_for_continuous_left_and_right_lung_volume_sensing.pdf
excluded,environment_natural_system,high,Watershed soil quality assessment,paper-3925,2025,"Soil quality assessment and land capability evaluation for determining integrated watershed management model through SWOT analysis and AHP method in Arjasa Sub-watershed, Indonesia",Hermiyanto B.; Mawarni C.; Winarso S.; Budiman S.A.,Watershed Ecology and the Environment,10.1016/j.wsee.2025.02.001,https://doi.org/10.1016/j.wsee.2025.02.001,10.1016,Elsevier / ScienceDirect,All Open Access; Gold Open Access; Green Open Access,https://www.scopus.com/pages/publications/105000645434?origin=resultslist,2-s2.0-105000645434,requires_manual_download,0,No candidate OA PDF URL produced a usable PDF automatically.,paper-3925_soil_quality_assessment_and_land_capability_evaluation_for_determining_integrated_watershed.pdf
excluded,software_it_cyber,high,Software fault prediction only,paper-3932,2025,Software Fault Prediction With an Iterative Fuzzy Logic System Considering Interpretability With Imbalanced Datasets,Shahi B.; Tahayori H.,Advances in Fuzzy Systems,10.1155/adfs/1212691,https://doi.org/10.1155/adfs/1212691,10.1155,Wiley / IET / Hindawi,All Open Access; Gold Open Access; Green Open Access,https://www.scopus.com/pages/publications/105018515959?origin=resultslist,2-s2.0-105018515959,requires_manual_download,2,No candidate OA PDF URL produced a usable PDF automatically.,paper-3932_software_fault_prediction_with_an_iterative_fuzzy_logic_system_considering_interpretability.pdf
excluded,other_nonmaintenance,medium,Fire suppression comparison not maintenance,paper-3934,2025,COMPARISON OF FIRE SUPPRESSION MATERIALS FOR ENSURING FIRE SAFETY IN ELECTRIC COMMERCIAL VEHICLE MANUFACTURING PLANTS,Senyurek U.; Ata K.C.; Celik C.; Soyhan H.S.,Thermal Science,10.2298/TSCI2505657S,https://doi.org/10.2298/TSCI2505657S,10.2298,Other,All Open Access; Gold Open Access,https://www.scopus.com/pages/publications/105026662646?origin=resultslist,2-s2.0-105026662646,requires_manual_download,1,No candidate OA PDF URL produced a usable PDF automatically.,paper-3934_comparison_of_fire_suppression_materials_for_ensuring_fire_safety_in_electric_commercial_veh.pdf
excluded,clinical_human_outcome,high,Heart failure prediction,paper-3938,2025,Forecasting and Predictive Model Building for Heart Failure Data using Machine Learning Techniques,Sukanya K.; Khadar Babu S.K.,Baghdad Science Journal,10.21123/2411-7986.5071,https://doi.org/10.21123/2411-7986.5071,10.21123,Other,All Open Access; Gold Open Access,https://www.scopus.com/pages/publications/105017513029?origin=resultslist,2-s2.0-105017513029,requires_manual_download,2,No candidate OA PDF URL produced a usable PDF automatically.,paper-3938_forecasting_and_predictive_model_building_for_heart_failure_data_using_machine_learning_tech.pdf
excluded,other_nonmaintenance,medium,strict update: Lab-scale tower deflection lacks maintenance decision,paper-3939,2025,"Experimental and computational analysis of deflection angles in a lab-scale wind tower using gyroscope, wind sensor, and load sensor",Chanchamnan S.; Phornphanit M.; Kim S.; Heng L.; Mun S.D.,Journal of Ocean Engineering and Science,10.1016/j.joes.2025.11.013,https://doi.org/10.1016/j.joes.2025.11.013,10.1016,Elsevier / ScienceDirect,All Open Access; Gold Open Access,https://www.scopus.com/pages/publications/105025169025?origin=resultslist,2-s2.0-105025169025,requires_manual_download,0,No candidate OA PDF URL produced a usable PDF automatically.,paper-3939_experimental_and_computational_analysis_of_deflection_angles_in_a_lab_scale_wind_tower_using.pdf
excluded,software_it_cyber,high,5G network optimization not maintenance,paper-3941,2025,"Harnessing Machine Learning for Intelligent Networking in 5G Technology and Beyond: Advancements, Applications and Challenges",Dulaj K.; Alhammadi A.; Shayea I.; El-Saleh A.A.; Alnakhli M.,IEEE Open Journal of Intelligent Transportation Systems,10.1109/OJITS.2025.3564361,https://doi.org/10.1109/OJITS.2025.3564361,10.1109,IEEE,All Open Access; Gold Open Access; Green Open Access,https://www.scopus.com/pages/publications/105003686043?origin=resultslist,2-s2.0-105003686043,requires_manual_download,0,No candidate OA PDF URL produced a usable PDF automatically.,paper-3941_harnessing_machine_learning_for_intelligent_networking_in_5g_technology_and_beyond_advanceme.pdf
excluded,generic_nonmaintenance_ai_control,medium,Traction inverter thermal control only,paper-3948,2025,Artificial Intelligence-Driven Thermal Management in Electric Vehicle Traction Inverters: Cooling System Optimization and Real-Time Temperature Prediction,Egin Martin G.; Verbrugge B.; Mahedi Hasan M.; El Baghdadi M.; Romano C.; Hegazy O.,IEEE Access,10.1109/ACCESS.2025.3612315,https://doi.org/10.1109/ACCESS.2025.3612315,10.1109,IEEE,All Open Access; Gold Open Access; Green Open Access,https://www.scopus.com/pages/publications/105016722353?origin=resultslist,2-s2.0-105016722353,requires_manual_download,1,No candidate OA PDF URL produced a usable PDF automatically.,paper-3948_artificial_intelligence_driven_thermal_management_in_electric_vehicle_traction_inverters_coo.pdf
excluded,software_it_cyber,medium,Communication architecture lacks maintenance focus,paper-3949,2025,Ad-hoc Networks and Cloud Databases for Renewable Energy Systems,Ahmed O.S.; Mahmoud M.S.; Khalid R.W.; Khaleel B.M.; Waleed G.,International Journal on Informatics Visualization,10.62527/joiv.9.5.4628,https://doi.org/10.62527/joiv.9.5.4628,10.62527,Other,All Open Access; Gold Open Access; Green Open Access,https://www.scopus.com/pages/publications/105025350307?origin=resultslist,2-s2.0-105025350307,requires_manual_download,1,No candidate OA PDF URL produced a usable PDF automatically.,paper-3949_ad_hoc_networks_and_cloud_databases_for_renewable_energy_systems.pdf
excluded,environment_natural_system,high,civil infra update: railway infrastructure UAV inspection,paper-3954,2025,HTFN: A Hybrid Deep Reinforcement Learning Framework for UAV-Based Railway Inspection With Deepseek Integration,Wang C.,IEEE Access,10.1109/ACCESS.2025.3634110,https://doi.org/10.1109/ACCESS.2025.3634110,10.1109,IEEE,All Open Access; Gold Open Access; Green Open Access,https://www.scopus.com/pages/publications/105022652237?origin=resultslist,2-s2.0-105022652237,requires_manual_download,0,No candidate OA PDF URL produced a usable PDF automatically.,paper-3954_htfn_a_hybrid_deep_reinforcement_learning_framework_for_uav_based_railway_inspection_with_de.pdf
excluded,other_nonmaintenance,high,Product condition monitoring not maintenance,paper-3972,2025,Light-Based IoT-Enabled Battery-Free Active Product Monitoring for Sustainable Smart Packaging Applications,Perera A.; Katz M.,IEEE Access,10.1109/ACCESS.2025.3618384,https://doi.org/10.1109/ACCESS.2025.3618384,10.1109,IEEE,All Open Access; Gold Open Access; Green Open Access,https://www.scopus.com/pages/publications/105018211421?origin=resultslist,2-s2.0-105018211421,requires_manual_download,0,No candidate OA PDF URL produced a usable PDF automatically.,paper-3972_light_based_iot_enabled_battery_free_active_product_monitoring_for_sustainable_smart_packagi.pdf
excluded,software_it_cyber,high,"controversial scan: Ultra-wideband adaptive networking supports power monitoring communications, not asset fault diagnosis or maintenance decision-making.",paper-3984,2025,Research on Wireless Sensor Adaptive Networking for Power Monitoring Based on Ultra Wide Band,Wen K.; Zhao H.; Zhao S.,"IET Generation, Transmission and Distribution",10.1049/gtd2.70105,https://doi.org/10.1049/gtd2.70105,10.1049,Wiley / IET / Hindawi,All Open Access; Gold Open Access,https://www.scopus.com/pages/publications/105008272840?origin=resultslist,2-s2.0-105008272840,requires_manual_download,10,No candidate OA PDF URL produced a usable PDF automatically.,paper-3984_research_on_wireless_sensor_adaptive_networking_for_power_monitoring_based_on_ultra_wide_ban.pdf
excluded,environment_natural_system,high,"controversial scan: Robot viewpoint planning is for visual inspection of civil engineering structures, explicitly outside the strict equipment PdM scope.",paper-3985,2025,Viewpoint Generation Algorithm for Gimbal-Mounted Robots for Visual Inspection of Civil Engineering Structures,Haneda M.; Wu W.; Funabora Y.; Doki S.; Doki K.,IEEE Access,10.1109/ACCESS.2025.3546992,https://doi.org/10.1109/ACCESS.2025.3546992,10.1109,IEEE,All Open Access; Gold Open Access; Green Open Access,https://www.scopus.com/pages/publications/86000766472?origin=resultslist,2-s2.0-86000766472,requires_manual_download,0,No candidate OA PDF URL produced a usable PDF automatically.,paper-3985_viewpoint_generation_algorithm_for_gimbal_mounted_robots_for_visual_inspection_of_civil_engi.pdf
