removed_at,corpus_id,pdf_path,screening_reason_category,screening_confidence,screening_notes,title,doi
2026-06-04T15:43:31,paper-0031,extraction_papers\paper-0031_fracture_propagation_and_water_seepage_behavior_in_overburden_strata_at_tunbao_coal_mine.pdf,environment_natural_system,medium,Mine strata seepage mechanisms,Fracture propagation and water seepage behavior in overburden strata at Tunbao coal mine,10.1038/s41598-025-29348-w
2026-06-04T15:43:31,paper-0037,extraction_papers\paper-0037_gbc_ast_a_cluster_based_oversampling_method_for_heart_failure_prediction_in_imbalanced_medic.pdf,clinical_human_outcome,high,Heart failure prediction,GBC-AST: a cluster-based oversampling method for heart failure prediction in imbalanced medical data sets,10.1186/s12911-026-03436-x
2026-06-04T15:43:31,paper-0061,extraction_papers\paper-0061_active_inspection_with_knowledge_distillation_for_cost_effective_fault_prediction_in_manufac.pdf,generic_nonmaintenance_ai_control,high,Product inspection quality prediction,Active inspection with knowledge distillation for cost-effective fault prediction in manufacturing process,10.1038/s41598-026-39412-8
2026-06-04T15:43:31,paper-0080,extraction_papers\paper-0080_a_comparative_study_of_strain_and_stress_based_failure_prediction_methods_in_single_point_in.pdf,other_nonmaintenance,high,Sheet forming material failure,A comparative study of strain- and stress-based failure prediction methods in single-point incremental forming of Al/Ti two-layer sheets considering different strain paths,10.1038/s41598-025-34971-8
2026-06-04T15:43:31,paper-0087,extraction_papers\paper-0087_assessment_of_the_soil_erosion_and_sedimentation_levels_of_selected_small_water_impounding_s.pdf,environment_natural_system,high,Soil erosion sedimentation assessment,"Assessment of the soil erosion and sedimentation levels of selected Small Water Impounding Systems (SWIS) in Nueva Ecija, Philippines",10.15243/jdmlm.2026.132.9717
2026-06-04T15:43:31,paper-0095,extraction_papers\paper-0095_dynamic_microbiota_in_water_kefir_microbial_shift_and_ecological_selection_during_fermentati.pdf,biology_biotech_non_equipment,high,Microbiota fermentation dynamics,Dynamic microbiota in water kefir: microbial shift and ecological selection during fermentation,10.1186/s12866-025-04461-y
2026-06-04T15:43:31,paper-0097,extraction_papers\paper-0097_mathematical_modeling_of_a_hydro_mechanical_system_with_a_positive_displacement_motor_and_hy.pdf,acronym_collision,high,PDM is positive displacement motor,Mathematical Modeling of a Hydro-mechanical System with a Positive Displacement Motor and Hydraulic Thruster to Optimize the Drilling Process for Extended-reach Drilling Wells,10.5829/ije.2026.39.05b.03
2026-06-04T15:43:31,paper-0119,extraction_papers\paper-0119_protein_qid74_protects_the_cell_wall_of_trichoderma_from_degradation_caused_by_its_own_chiti.pdf,acronym_collision,high,CBM is carbohydrate binding module,"Protein QID74 protects the cell wall of Trichoderma from degradation caused by its own chitinase, which lacks a carbohydrate-binding module",10.1128/mbio.00018-26
2026-06-04T15:43:31,paper-0130,extraction_papers\paper-0130_a_framework_for_the_predictive_monitoring_and_data_quality_assurance_in_the_cloud_continuum.pdf,software_it_cyber,high,Cloud continuum monitoring,A framework for the predictive monitoring and data quality assurance in the cloud continuum,10.1186/s13677-026-00881-x
2026-06-04T15:43:31,paper-0158,extraction_papers\paper-0158_artificial_neural_network_based_classification_of_industrial_sustainability_profiles_for_dif.pdf,business_social_finance,high,Sustainability fiscal policy classification,Artificial Neural Network-Based Classification of Industrial Sustainability Profiles for Differentiated Fiscal Policy Design in Remanufacturing Processes,10.3390/pr14091501
2026-06-04T15:43:31,paper-0169,extraction_papers\paper-0169_multi_objective_evaluation_of_lightweight_ai_models_on_low_cost_edge_devices_using_pareto_fr.pdf,generic_nonmaintenance_ai_control,high,Edge AI benchmarking,Multi-Objective Evaluation of Lightweight AI Models on Low-Cost Edge Devices Using Pareto Fronts,10.3390/app16083679
2026-06-04T15:43:31,paper-0170,extraction_papers\paper-0170_cascade_framework_for_software_fault_prediction_using_abc_based_feature_selection_and_smote.pdf,software_it_cyber,high,Software fault prediction,Cascade framework for software fault prediction using ABC-based feature selection and SMOTE,10.1007/s44163-026-01125-2
2026-06-04T15:43:31,paper-0192,extraction_papers\paper-0192_advanced_imputation_techniques_in_failure_prediction_with_optimized_machine_learning_models.pdf,generic_nonmaintenance_ai_control,medium,Generic imputation for failure prediction,Advanced imputation techniques in failure prediction with optimized machine learning models using genetic algorithms,10.1007/s10791-026-10013-3
2026-06-04T15:43:31,paper-0211,extraction_papers\paper-0211_explainable_machine_learning_for_postoperative_respiratory_failure_prediction_in_open_heart.pdf,clinical_human_outcome,high,patient respiratory failure,Explainable machine learning for postoperative respiratory failure prediction in open-heart surgery patients — a study based on the MIMIC-IV database,10.1186/s12911-026-03425-0
2026-06-04T15:43:31,paper-0234,extraction_papers\paper-0234_quantum_aware_secure_blockchain_intrusion_detection_system_for_industrial_iot_networks.pdf,software_it_cyber,high,IIoT intrusion detection,Quantum-aware secure blockchain intrusion detection system for industrial IoT networks,10.1038/s41598-025-31985-0
2026-06-04T15:43:31,paper-0249,extraction_papers\paper-0249_a_composable_architectural_model_for_digital_twin_computing_applications.pdf,generic_nonmaintenance_ai_control,medium,generic digital twin architecture,A Composable Architectural Model for Digital Twin Computing Applications,10.3390/app16094541
2026-06-04T15:43:31,paper-0266,extraction_papers\paper-0266_the_joint_association_of_the_combined_triglyceride_glucose_index_and_atherogenic_index_of_pl.pdf,clinical_human_outcome,high,stroke risk prediction,The joint association of the combined triglyceride-glucose index and atherogenic index of plasma with hypertension on stroke risk across different glycemic status: a prospective cohort study,10.1186/s12933-026-03080-9
2026-06-04T15:43:31,paper-0274,extraction_papers\paper-0274_coupled_effect_of_unloading_rate_and_water_content_on_mortar_under_differential_cyclic_loadi.pdf,other_nonmaintenance,medium,mortar material testing,Coupled effect of unloading rate and water content on mortar under differential cyclic loading,10.1038/s41598-026-36289-5
2026-06-04T15:43:31,paper-0291,extraction_papers\paper-0291_study_on_electromagnetic_transient_characteristics_and_mechanism_of_pantograph_catenary_arc.pdf,other_nonmaintenance,medium,arc physics study,Study on Electromagnetic Transient Characteristics and Mechanism of Pantograph–Catenary Arc Under Typical Operating Conditions,10.3390/app16073486
2026-06-04T15:43:31,paper-0292,extraction_papers\paper-0292_cloud_disaster_recovery_model_based_on_failure_prediction.pdf,software_it_cyber,high,cloud disaster recovery,Cloud disaster recovery model based on failure prediction,10.1186/s13677-026-00846-0
2026-06-04T15:43:31,paper-0296,extraction_papers\paper-0296_design_and_validation_of_remote_collaboration_modes_for_part_manufacturing_under_reduced_wor.pdf,generic_nonmaintenance_ai_control,high,telework manufacturing framework,Design and validation of remote collaboration modes for part manufacturing under reduced workforce conditions,10.1007/s11740-026-01430-w
2026-06-04T15:43:31,paper-0316,extraction_papers\paper-0316_intelligent_computing_architectures_for_sustainable_large_scale_iot_ecosystems_enabling_ai_d.pdf,generic_nonmaintenance_ai_control,high,generic IoT architecture,Intelligent computing architectures for sustainable large-scale IoT ecosystems enabling AI-driven industrial transformation,10.1007/s43926-026-00325-7
2026-06-04T15:43:31,paper-0317,extraction_papers\paper-0317_lights_out_factory_advancements_challenges_and_prospects_for_fully_autonomous_manufacturing.pdf,generic_nonmaintenance_ai_control,medium,autonomous manufacturing overview,"Lights-Out Factory: Advancements, Challenges, and Prospects for Fully Autonomous Manufacturing",10.14716/ijtech.v17i2.7651
2026-06-04T15:43:31,paper-0332,extraction_papers\paper-0332_wavelet_convolutional_neural_network_for_fault_prediction_in_coal_mine_seismic_data.pdf,environment_natural_system,high,geological seismic faults,Wavelet-convolutional neural network for fault prediction in coal mine seismic data,10.1038/s41598-025-33312-z
2026-06-04T15:43:31,paper-0341,extraction_papers\paper-0341_digital_representation_of_nde_systems_data_networking_and_information_modeling.pdf,generic_nonmaintenance_ai_control,medium,NDE data modeling,Digital Representation of NDE Systems: Data Networking and Information Modeling †,10.3390/app16073447
2026-06-04T15:43:31,paper-0349,extraction_papers\paper-0349_integrating_conversational_ai_agents_with_digital_twins_a_systems_engineering_approach_to_co.pdf,generic_nonmaintenance_ai_control,medium,occupancy forecasting twin,Integrating Conversational AI Agents with Digital Twins: A Systems Engineering Approach to Complex Infrastructure Management and Predictive Decision-Making,10.3390/electronics15091869
2026-06-04T15:43:31,paper-0401,extraction_papers\paper-0401_research_and_application_of_functional_model_construction_method_for_production_equipment_op.pdf,generic_nonmaintenance_ai_control,medium,Production equipment modeling lacks maintenance focus,Research and Application of Functional Model Construction Method for Production Equipment Operation Management and Control Oriented to Diversified and Personalized Scenarios,10.3390/machines14040368
2026-06-04T15:43:31,paper-0404,extraction_papers\paper-0404_intelligent_agents_for_sustainable_maritime_logistics_architectures_applications_and_the_pat.pdf,generic_nonmaintenance_ai_control,high,Maritime logistics agents not maintenance,"Intelligent Agents for Sustainable Maritime Logistics: Architectures, Applications, and the Path to Robust Autonomy",10.3390/su18073231
2026-06-04T15:43:31,paper-0407,extraction_papers\paper-0407_serum_cystatin_c_as_a_biomarker_for_diabetic_retinopathy_and_its_role_in_diabetic_retinopath.pdf,clinical_human_outcome,high,Diabetic retinopathy biomarker study,Serum cystatin C as a biomarker for diabetic retinopathy and its role in diabetic retinopathy-diabetic kidney disease comorbidity,10.1186/s12967-025-07552-6
2026-06-04T15:43:31,paper-0411,extraction_papers\paper-0411_correction_functions_and_refinement_algorithms_for_enhancing_the_performance_of_machine_lear.pdf,generic_nonmaintenance_ai_control,medium,Generic ML refinement without asset maintenance,Correction Functions and Refinement Algorithms for Enhancing the Performance of Machine Learning Models,10.3390/automation7020045
2026-06-04T15:43:31,paper-0412,extraction_papers\paper-0412_research_on_noise_reduction_and_analysis_of_reciprocating_friction_vibration_signals_based_o.pdf,generic_nonmaintenance_ai_control,medium,Signal denoising lacks fault or maintenance objective,Research on Noise Reduction and Analysis of Reciprocating Friction Vibration Signals Based on the Complementary Ensemble Empirical Mode Decomposition,10.3390/s26082433
2026-06-04T15:43:31,paper-0415,extraction_papers\paper-0415_in_hospital_testing_of_nivpredict_an_ai_tool_for_early_prediction_of_non_invasive_ventilatio.pdf,clinical_human_outcome,high,Ventilation outcome prediction in patients,In-hospital testing of NIVPredict - an AI tool for early prediction of non-invasive ventilation outcome in acute respiratory failure,10.1186/s13054-026-05894-1
2026-06-04T15:43:31,paper-0433,extraction_papers\paper-0433_impact_of_class_balancing_techniques_or_events_per_variable_ratio_on_the_conclusion_of_the_s.pdf,software_it_cyber,high,Software fault prediction,Impact of class balancing techniques or events per variable ratio on the conclusion of the software faults prediction models,10.1007/s11334-025-00623-3
2026-06-04T15:43:31,paper-0435,extraction_papers\paper-0435_production_optimization_indexed_to_market_demand_using_deep_neural_networks.pdf,business_social_finance,high,Market demand forecasting not asset health,Production optimization indexed to market demand using deep neural networks,10.1007/s12008-025-02386-4
2026-06-04T15:43:31,paper-0437,extraction_papers\paper-0437_perfluoroalkyl_compound_levels_in_breast_milk_of_mothers_in_riyadh_kingdom_of_saudi_arabia.pdf,biology_biotech_non_equipment,high,Breast milk PFAS biomonitoring,"Perfluoroalkyl compound levels in breast milk of mothers in Riyadh, Kingdom of Saudi Arabia",10.1038/s41598-026-43202-7
2026-06-04T15:43:31,paper-0453,extraction_papers\paper-0453_sensor_based_fault_diagnosis_and_prognosis_of_neurophysiological_states_a_transformer_autoen.pdf,clinical_human_outcome,high,EEG human state monitoring not equipment,Sensor-Based Fault Diagnosis and Prognosis of Neurophysiological States: A Transformer Autoencoder Approach to EEG Monitoring,10.3390/s26092913
2026-06-04T15:43:31,paper-0454,extraction_papers\paper-0454_es2_leafseg_lightweight_state_space_modeling_driven_agricultural_leaf_segmentation.pdf,environment_natural_system,high,Crop leaf segmentation,ES2-LeafSeg: Lightweight State Space Modeling-Driven Agricultural Leaf Segmentation,10.3390/app16083745
2026-06-04T15:43:31,paper-0499,extraction_papers\paper-0499_the_impact_of_blockchain_systems_on_the_transparency_of_international_logistics_operations.pdf,business_social_finance,high,Logistics transparency blockchain study,The impact of blockchain systems on the transparency of international logistics operations,10.31893/multiscience.2026404
2026-06-04T15:43:31,paper-0503,extraction_papers\paper-0503_a_data_driven_framework_for_the_development_of_reliability_aware_business_process_digital_tw.pdf,business_social_finance,high,Business process twins not asset maintenance,A Data-Driven Framework for the Development of Reliability-Aware Business Process Digital Twins,10.3390/technologies14020136
2026-06-04T15:43:31,paper-0515,extraction_papers\paper-0515_the_right_voice_for_the_right_task_exploratory_insights_on_persona_and_voice_embodiment_in_c.pdf,generic_nonmaintenance_ai_control,high,Industrial training chatbot study,The Right Voice for the Right Task: Exploratory Insights on Persona and Voice Embodiment in Conversational AI for Industrial Training,10.1080/10447318.2026.2651373
2026-06-04T15:43:31,paper-0522,extraction_papers\paper-0522_a_predictive_model_for_extent_of_failure_in_sedimentary_rocks_incorporating_shear_stiffness.pdf,environment_natural_system,medium,Sedimentary rock failure not maintenance,A Predictive Model for Extent of Failure in Sedimentary Rocks Incorporating Shear Stiffness Dependency and Crack Initiation Thresholds,10.1007/s00603-025-04975-x
2026-06-04T15:43:31,paper-0528,extraction_papers\paper-0528_beyond_and_beneath_displacement_time_series_towards_insar_based_early_warnings_and_deformati.pdf,environment_natural_system,high,Landslide early warning natural hazard,"Beyond and beneath displacement time series: towards InSAR-based early warnings and deformation analysis of the Achoma landslide, Peru",10.5194/nhess-26-863-2026
2026-06-04T15:43:31,paper-0534,extraction_papers\paper-0534_synthesis_and_tribological_properties_of_multifunctional_nitrogen_containing_heterocyclic_di.pdf,acronym_collision,high,PDM lubricant compound acronym,Synthesis and Tribological Properties of Multifunctional Nitrogen-Containing Heterocyclic Dialkyl Dithiocarbamate Derivatives,10.3390/lubricants14010035
2026-06-04T15:43:31,paper-0554,extraction_papers\paper-0554_enhancing_manet_routing_with_machine_learning_based_link_failure_prediction.pdf,software_it_cyber,high,MANET link failure prediction,Enhancing MANET Routing with Machine Learning-based Link Failure Prediction,10.22266/ijies2026.0131.06
2026-06-04T15:43:31,paper-0582,extraction_papers\paper-0582_astrocytes_in_the_ventral_tegmental_area_are_involved_in_cotinine_self_administration_in_mal.pdf,biology_biotech_non_equipment,high,Rat astrocyte neuroscience study,Astrocytes in the Ventral Tegmental Area Are Involved in Cotinine Self-Administration in Male Wistar Rats,10.3390/brainsci16020197
2026-06-04T15:43:31,paper-0620,extraction_papers\paper-0620_a_time_series_based_performance_monitoring_and_fault_early_warning_system_for_distributed_so.pdf,software_it_cyber,high,Distributed software fault prediction,A TIME-SERIES-BASED PERFORMANCE MONITORING AND FAULT EARLY WARNING SYSTEM FOR DISTRIBUTED SOFTWARE SYSTEMS USING IOT DATA AND MACHINE LEARNING,10.17683/ijomam/issue23.9
2026-06-04T15:43:31,paper-0628,extraction_papers\paper-0628_elastomeric_sensor_array_for_displacement_measurement_in_pneumatic_rolling_rubber_for_automo.pdf,other_nonmaintenance,medium,Displacement sensor without maintenance,Elastomeric Sensor Array for Displacement Measurement in Pneumatic Rolling Rubber for Automotive Dampening Applications,10.1007/s40684-025-00768-3
2026-06-04T15:43:31,paper-0640,extraction_papers\paper-0640_optimizing_software_fault_prediction_using_atomic_orbital_search_for_sustainable_software_de.pdf,software_it_cyber,high,Software fault prediction,Optimizing Software Fault Prediction Using Atomic Orbital Search for Sustainable Software Development,10.47852/bonviewJCCE52024884
2026-06-04T15:43:31,paper-0688,extraction_papers\paper-0688_interpretable_software_defect_prediction_using_hierarchical_multi_head_attention_networks_on.pdf,software_it_cyber,high,Software defect prediction,Interpretable Software Defect Prediction Using Hierarchical Multi-head Attention Networks on Defect Log Data,10.22266/ijies2026.0131.09
2026-06-04T15:43:31,paper-0689,extraction_papers\paper-0689_prognostic_performance_of_thymidine_kinase_1_activity_in_patients_with_hormone_receptor_posi.pdf,clinical_human_outcome,high,Breast cancer prognostic biomarker,Prognostic performance of thymidine kinase 1 activity in patients with hormone receptor-positive and HER2-negative metastatic breast cancer treated with CDK4/6 and aromatase inhibitors,10.1007/s10549-025-07879-0
2026-06-04T15:43:31,paper-0694,extraction_papers\paper-0694_whale_entanglements_disentangled_through_the_lens_of_cumulative_habitat_compression.pdf,environment_natural_system,high,Whale entanglement ecosystem study,Whale entanglements disentangled through the lens of cumulative habitat compression,10.1371/journal.pclm.0000723
2026-06-04T15:43:31,paper-0695,extraction_papers\paper-0695_asoi_anomaly_separation_and_overlap_index_an_internal_evaluation_metric_for_unsupervised_ano.pdf,generic_nonmaintenance_ai_control,high,Generic anomaly metric,"ASOI: anomaly separation and overlap index, an internal evaluation metric for unsupervised anomaly detection",10.1007/s40747-025-02204-0
2026-06-04T15:43:31,paper-0700,extraction_papers\paper-0700_edge_computing_task_scheduling_mechanism_based_on_multi_dimensional_feature_extraction_and_a.pdf,software_it_cyber,high,Edge computing task scheduling,Edge computing task scheduling mechanism based on multi-dimensional feature extraction and attention fusion,10.1371/journal.pone.0343042
2026-06-04T15:43:31,paper-0701,extraction_papers\paper-0701_climate_resilient_maritime_transport_probabilistic_modeling_of_operational_costs_under_incre.pdf,other_nonmaintenance,high,Operational cost weather modeling,Climate Resilient Maritime Transport: Probabilistic Modeling of Operational Costs Under Increasing Weather Variability in the Baltic Sea,10.3390/su18031592
2026-06-04T15:43:31,paper-0705,extraction_papers\paper-0705_real_time_detection_of_blowing_snow_events_on_rural_mountainous_freeways_using_existing_webc.pdf,environment_natural_system,high,Road weather condition detection,Real-Time Detection of Blowing Snow Events on Rural Mountainous Freeways Using Existing Webcam Infrastructure and Convolutional Neural Networks,10.3390/electronics15061188
2026-06-04T15:43:31,paper-0734,extraction_papers\paper-0734_effect_of_interlayer_dip_angle_on_the_mechanical_response_of_xigeda_sandstone_mudstone_model.pdf,environment_natural_system,high,Rainfall slope failure study,Effect of Interlayer Dip Angle on the Mechanical Response of Xigeda Sandstone–Mudstone Model Slopes Under Rainfall Conditions,10.3390/w18060718
2026-06-04T15:43:31,paper-0746,extraction_papers\paper-0746_effects_of_balanced_dietary_patterns_and_or_integrated_exercise_on_serum_1_5_anhydroglucitol.pdf,acronym_collision,high,PDM means prediabetes,"Effects of Balanced Dietary Patterns and/or Integrated Exercise on Serum 1,5-Anhydroglucitol and CVD Risk Factors in Individuals with Prediabetes",10.3390/life16020198
2026-06-04T15:43:31,paper-0755,extraction_papers\paper-0755_handling_data_drift_in_deep_learning_based_quality_monitoring_evaluating_calibration_methods.pdf,generic_nonmaintenance_ai_control,high,Welding quality model drift,Handling data drift in deep learning-based quality monitoring: evaluating calibration methods using the example of friction stir welding,10.1007/s10845-025-02569-6
2026-06-04T15:43:31,paper-0756,extraction_papers\paper-0756_semi_supervised_generative_adversarial_networks_gans_for_adhesion_condition_identification_i.pdf,generic_nonmaintenance_ai_control,medium,Rail adhesion estimation for control,Semi-Supervised Generative Adversarial Networks (GANs) for Adhesion Condition Identification in Intelligent and Autonomous Railway Systems,10.3390/ai7020078
2026-06-04T15:43:31,paper-0760,extraction_papers\paper-0760_bayesian_probabilistic_machine_learning_analysis_of_ceramic_coated_ultra_high_temperature_ca.pdf,other_nonmaintenance,high,Composite material failure analysis,Bayesian probabilistic machine learning analysis of ceramic-coated ultra-high-temperature carbon/carbon composites,10.1111/ijac.70085
2026-06-04T15:43:31,paper-0777,extraction_papers\paper-0777_body_mass_records_of_zoo_managed_rhinoceros_ceratotherium_simum_diceros_bicornis_rhinoceros.pdf,biology_biotech_non_equipment,high,Animal body mass health,"Body Mass Records of Zoo-Managed Rhinoceros (Ceratotherium simum, Diceros bicornis, Rhinoceros unicornis) as Compared to Field Data of Free-Ranging Specimens",10.1002/zoo.70034
2026-06-04T15:43:31,paper-0813,extraction_papers\paper-0813_what_knowledge_transfers_in_tabular_anomaly_detection_a_teacher_student_distillation_analysi.pdf,generic_nonmaintenance_ai_control,high,Generic tabular anomaly detection,What Knowledge Transfers in Tabular Anomaly Detection? A Teacher–Student Distillation Analysis,10.3390/make8030060
2026-06-04T15:43:31,paper-0828,extraction_papers\paper-0828_comprehensive_early_alert_and_adaptive_local_response_framework_for_wildfire_risk_in_transmi.pdf,environment_natural_system,medium,Wildfire risk not asset maintenance,Comprehensive Early Alert and Adaptive Local Response Framework for Wildfire Risk in Transmission Line Corridors Using Coupled Global Factors in Power System,10.3390/pr14050752
2026-06-04T15:43:31,paper-0838,extraction_papers\paper-0838_on_some_aspects_of_distributed_control_logic_in_intelligent_railways.pdf,generic_nonmaintenance_ai_control,high,Rail control logic not maintenance,On Some Aspects of Distributed Control Logic in Intelligent Railways,10.3390/futuretransp6010018
2026-06-04T15:43:31,paper-0855,extraction_papers\paper-0855_towards_on_machine_surface_metrology_using_image_based_frequency_analysis_for_surface_variat.pdf,generic_nonmaintenance_ai_control,medium,Surface quality monitoring only,Towards On-Machine Surface Metrology Using Image-Based Frequency Analysis for Surface Variation Analysis,10.3390/jmmp10020069
2026-06-04T15:43:31,paper-0858,extraction_papers\paper-0858_on_the_equivalence_of_imp_and_rodob_based_controllers_application_to_bldc_motor_position_con.pdf,generic_nonmaintenance_ai_control,high,Motor control method not maintenance,On the Equivalence of IMP and RODOB-Based Controllers: Application to BLDC Motor Position Control,10.3390/en19030774
2026-06-04T15:43:31,paper-0867,extraction_papers\paper-0867_explainable_bank_failure_prediction_models_counterfactual_explanations_to_reduce_the_failure.pdf,business_social_finance,high,Bank failure prediction,Explainable Bank Failure Prediction Models: Counterfactual Explanations to Reduce the Failure Risk,10.1007/s10614-026-11353-4
2026-06-04T15:43:31,paper-0906,extraction_papers\paper-0906_an_intelligent_multi_class_xgboost_based_model_for_optimizing_devops_continuous_integration.pdf,software_it_cyber,high,CI/CD software failure prediction,An Intelligent Multi-Class XGBoost-Based Model for Optimizing DevOps Continuous Integration and Continuous Deployment Failure Prediction,10.3390/info17020178
2026-06-04T15:43:31,paper-0930,extraction_papers\paper-0930_ccnets_a_modular_causal_learning_framework_for_pattern_recognition_in_imbalanced_datasets.pdf,generic_nonmaintenance_ai_control,high,Generic imbalanced anomaly framework,CCNETS: A Modular Causal Learning Framework for Pattern Recognition in Imbalanced Datasets,10.3390/app16041998
2026-06-04T15:43:31,paper-0935,extraction_papers\paper-0935_multi_sensor_setup_for_high_precision_3ma_measurements_of_samples_with_uneven_surfaces.pdf,other_nonmaintenance,medium,Manufacturing quality NDT not maintenance,Multi sensor setup for high precision 3MA measurements of samples with uneven surfaces,10.1007/s11740-025-01393-4
2026-06-04T15:43:31,paper-0936,extraction_papers\paper-0936_energy_efficient_start_up_optimization_via_digital_twin_for_a_vegetable_broth_sterilization.pdf,generic_nonmaintenance_ai_control,high,Food process startup optimization,Energy-efficient start-up optimization via digital twin for a vegetable broth sterilization process,10.1016/j.jfoodeng.2025.112822
2026-06-04T15:43:31,paper-0949,extraction_papers\paper-0949_high_accuracy_mangrove_extraction_and_degradation_diagnosis_using_time_series_remote_sensing.pdf,environment_natural_system,high,Mangrove degradation monitoring,"High-Accuracy Mangrove Extraction and Degradation Diagnosis Using Time-Series Remote Sensing and Deep Learning: A Case Study of the Largest Delta in the Northern Beibu Gulf, China",10.3390/w18050617
2026-06-04T15:43:31,paper-0956,extraction_papers\paper-0956_a_principal_component_analysis_framework_for_evaluating_mining_induced_risk_a_case_study_of.pdf,environment_natural_system,medium,Seismic risk not maintenance,A Principal Component Analysis Framework for Evaluating Mining-Induced Risk: A Case Study of a Chilean Underground Mine,10.3390/app16031211
2026-06-04T15:43:31,paper-0962,extraction_papers\paper-0962_siderophore_producing_bacteria_from_the_santiago_river_a_quantitative_study_and_biocomposite.pdf,biology_biotech_non_equipment,high,Bacterial biocomposite study,Siderophore-Producing Bacteria from the Santiago River: A Quantitative Study and Biocomposite Applications,10.3390/microorganisms14020382
2026-06-04T15:43:31,paper-0983,extraction_papers\paper-0983_experimenting_with_smart_containers_and_blockchain_a_new_frontier_for_data_security.pdf,software_it_cyber,high,Blockchain data security only,Experimenting with Smart Containers and Blockchain: A New Frontier for Data Security,10.3390/app16062669
2026-06-04T15:43:31,paper-1006,extraction_papers\paper-1006_ai_augmented_reliability_in_ci_cd_a_framework_for_predictive_adaptive_and_self_correcting_pi.pdf,software_it_cyber,high,CICD pipeline software reliability,"AI-augmented reliability in CI/CD: a framework for predictive, adaptive, and self-correcting pipelines",10.3389/frai.2026.1776546
2026-06-04T15:43:31,paper-1017,extraction_papers\paper-1017_influence_of_prefabricated_fissure_angles_on_mechanical_and_infrared_properties_of_red_sands.pdf,environment_natural_system,high,Natural rock failure study,Influence of prefabricated fissure angles on mechanical and infrared properties of red sandstone and failure prediction based on deep learning,10.1038/s41598-025-19033-3
2026-06-04T15:43:31,paper-1038,extraction_papers\paper-1038_digital_twin_of_folk_art_museums_for_education.pdf,other_nonmaintenance,medium,Museum education twin not maintenance,DIGITAL TWIN OF FOLK ART MUSEUMS FOR EDUCATION,10.29121/shodhkosh.v6.i2s.2025.6723
2026-06-04T15:43:31,paper-1065,extraction_papers\paper-1065_performance_characterization_of_a_commercial_uwb_localization_relative_to_low_cost_vision_ba.pdf,other_nonmaintenance,high,Localization sensor characterization,Performance Characterization of a Commercial UWB Localization Relative to Low-Cost Vision-Based Tracking,10.3390/machines14010062
2026-06-04T15:43:31,paper-1068,extraction_papers\paper-1068_service_engineering_4_0_applicability_results_from_stakeholders_engagement_assessment_in_the.pdf,generic_nonmaintenance_ai_control,medium,Construction service adoption study,Service Engineering 4.0 Applicability: Results From Stakeholders′ Engagement Assessment in the Public Building Construction Projects,10.1155/je/5557271
2026-06-04T15:43:31,paper-1080,extraction_papers\paper-1080_managing_sculpture_workshops_through_digital_twins.pdf,generic_nonmaintenance_ai_control,medium,Art workshop management not health,MANAGING SCULPTURE WORKSHOPS THROUGH DIGITAL TWINS,10.29121/shodhkosh.v6.i1s.2025.6626
2026-06-04T15:43:31,paper-1082,extraction_papers\paper-1082_performance_evaluation_of_five_axis_cnc_milling_via_spindle_current_and_vibration_monitoring.pdf,generic_nonmaintenance_ai_control,medium,CNC performance monitoring only,Performance Evaluation of Five-Axis CNC Milling via Spindle Current and Vibration Monitoring,10.3390/met16010129
2026-06-04T15:43:31,paper-1086,extraction_papers\paper-1086_development_and_validation_of_a_machine_learning_model_for_incident_heart_failure_prediction.pdf,clinical_human_outcome,high,Clinical heart failure prediction,Development and Validation of a Machine Learning Model for Incident Heart Failure Prediction in Chronic Kidney Disease: A Multicenter Cohort Study,10.1161/JAHA.125.046156
2026-06-04T15:43:31,paper-1089,extraction_papers\paper-1089_artificial_neural_network_ann_optimization_with_mogeo_molecular_docking_pharmacokinetic_stud.pdf,biology_biotech_non_equipment,high,Molecular docking chemistry study,"Artificial Neural Network (ANN) Optimization With MoGEO, Molecular Docking, Pharmacokinetic Studies and DFT Studies of Ruthenium (III) and Vanadium (V) Complexes",10.1002/aoc.70465
2026-06-04T15:43:31,paper-1090,extraction_papers\paper-1090_results_of_geochemical_condition_monitoring_at_an_oil_field_in_the_central_part_of_western_s.pdf,environment_natural_system,high,Groundwater geochemical monitoring,RESULTS OF GEOCHEMICAL CONDITION MONITORING AT AN OIL FIELD IN THE CENTRAL PART OF WESTERN SIBERIA,10.24874/PES08.01.023
2026-06-04T15:43:31,paper-1098,extraction_papers\paper-1098_building_energy_efficiency_intelligent_scheduling_integrating_big_data_analysis_and_artifici.pdf,generic_nonmaintenance_ai_control,high,Building energy scheduling,Building energy efficiency intelligent scheduling integrating big data analysis and artificial intelligence,10.1504/IJICT.2026.153550
2026-06-04T15:43:31,paper-1106,extraction_papers\paper-1106_automation_of_cyber_physical_monitoring_of_patients_condition_in_smart_wards.pdf,clinical_human_outcome,high,Patient monitoring in smart wards,AUTOMATION OF CYBER-PHYSICAL MONITORING OF PATIENTS’ CONDITION IN SMART WARDS; [>АВТОМАТИЗАЦИЯ КИБЕРФИЗИЧЕСКОГО МОНИТОРИНГА СОСТОЯНИЯ ПАЦИЕНТОВ В УМНЫХ ПАЛАТАХ],10.15622/ia.24.6.11
2026-06-04T15:43:31,paper-1111,extraction_papers\paper-1111_robots_ledgers_and_revpar_a_blockchain_enabled_ai_robotics_conceptual_model_for_sustainable.pdf,business_social_finance,high,Hotel revenue management model,"Robots, ledgers, and RevPAR: a blockchain-enabled AI–robotics conceptual model for sustainable hotel revenue and asset management",10.3389/frobt.2026.1779342
2026-06-04T15:43:31,paper-1118,extraction_papers\paper-1118_detection_of_cyber_attacks_in_electric_vehicle_charging_systems_using_a_remaining_useful_lif.pdf,software_it_cyber,high,Cyberattack remaining time prediction,Detection of cyber attacks in electric vehicle charging systems using a remaining useful life generative adversarial network,10.1038/s41598-025-92895-9
2026-06-04T15:43:31,paper-1122,extraction_papers\paper-1122_introducing_entrepreneurial_resilience_in_small_business_failure_prediction.pdf,business_social_finance,high,Small business failure prediction,Introducing entrepreneurial resilience in small business failure prediction,10.1080/26437015.2025.2461043
2026-06-04T15:43:31,paper-1127,extraction_papers\paper-1127_a_system_level_critical_assessment_of_electric_mobility_integrating_electric_vehicle_powertr.pdf,generic_nonmaintenance_ai_control,medium,Broad e mobility review,"A system-level critical assessment of electric mobility integrating electric vehicle powertrains, advanced battery technologies, grid impacts, artificial intelligence, and sustainability",10.1177/01445987261420536
2026-06-04T15:43:31,paper-1136,extraction_papers\paper-1136_a_lightweight_end_to_end_encrypted_data_pipeline_for_iiot_an_aes_gcm_implementation_for_esp3.pdf,software_it_cyber,high,IIoT encryption pipeline,"A Lightweight, End-to-End Encrypted Data Pipeline for IIoT: An AES-GCM Implementation for ESP32, MQTT, and Raspberry Pi",10.3390/info17010033
2026-06-04T15:43:31,paper-1139,extraction_papers\paper-1139_study_on_transient_thermal_characteristics_of_aviation_wet_clutches_with_conical_separate_di.pdf,other_nonmaintenance,medium,Clutch thermal design study,Study on Transient Thermal Characteristics of Aviation Wet Clutches with Conical Separate Discs for Helicopters in Successive Shifting,10.3390/lubricants14010010
2026-06-04T15:43:31,paper-1150,extraction_papers\paper-1150_application_oriented_proposal_and_validation_of_an_accelerated_engagement_strategy_for_hydra.pdf,generic_nonmaintenance_ai_control,medium,Clutch control strategy,Application-oriented proposal and validation of an accelerated engagement strategy for hydraulic wet clutches: system-level modeling and experimental evaluation,10.1007/s10010-025-00918-8
2026-06-04T15:43:31,paper-1151,extraction_papers\paper-1151_machine_learning_based_estimation_of_ripple_losses_in_high_temperature_superconductors_for_c.pdf,generic_nonmaintenance_ai_control,medium,Superconducting loss estimation,Machine Learning-Based Estimation of Ripple Losses in High Temperature Superconductors for Cryo-Electric Aviation Applications,10.1109/TASC.2026.3665130
2026-06-04T15:43:31,paper-1155,extraction_papers\paper-1155_on_multi_parameter_optimization_and_proactive_reliability_in_5g_and_beyond_cellular_networks.pdf,software_it_cyber,high,Cellular network reliability not maintenance,On Multi-Parameter Optimization and Proactive Reliability in 5G and Beyond Cellular Networks,10.3390/s25247651
2026-06-04T15:43:31,paper-1161,extraction_papers\paper-1161_shapelet_transformation_of_multivariate_time_series_for_iot_anomaly_detection.pdf,generic_nonmaintenance_ai_control,medium,Generic IoT anomaly detection,Shapelet Transformation of Multivariate Time Series for IoT Anomaly Detection,10.48084/etasr.17048
2026-06-04T15:43:31,paper-1165,extraction_papers\paper-1165_a_deep_reinforcement_learning_enhanced_multi_agent_system_for_ontology_based_health_manageme.pdf,generic_nonmaintenance_ai_control,medium,Nanomaterial design PHM,A Deep Reinforcement Learning-Enhanced Multi-Agent System for Ontology-Based Health Management in Nanotechnology,10.3390/electronics14234580
2026-06-04T15:43:31,paper-1182,extraction_papers\paper-1182_a_novel_method_for_estimating_the_body_weight_and_size_of_sows_using_3d_point_cloud.pdf,biology_biotech_non_equipment,high,Sow biological measurement,A Novel Method for Estimating the Body Weight and Size of Sows Using 3D Point Cloud,10.3390/ani16010072
2026-06-04T15:43:31,paper-1192,extraction_papers\paper-1192_a_digital_twin_approach_to_enhancing_the_reliability_of_inland_waterway_transport_via_water.pdf,generic_nonmaintenance_ai_control,medium,Water level logistics twin,A digital twin approach to enhancing the reliability of inland waterway transport via water-level forecasting and port call coordination,10.1057/s41278-026-00352-9
2026-06-04T15:43:31,paper-1196,extraction_papers\paper-1196_a_real_time_iot_and_cloud_monitoring_framework_for_performance_enhancement_of_solar_evacuate.pdf,generic_nonmaintenance_ai_control,medium,Solar heater performance monitoring,A Real-Time IoT and Cloud Monitoring Framework for Performance Enhancement of Solar Evacuated Tube Heaters,10.32604/fhmt.2025.074995
2026-06-04T15:43:31,paper-1216,extraction_papers\paper-1216_industry_4_0_enabled_sustainable_manufacturing.pdf,generic_nonmaintenance_ai_control,high,Sustainable manufacturing overview,Industry 4.0 Enabled Sustainable Manufacturing,10.3390/su18010156
2026-06-04T15:43:31,paper-1217,extraction_papers\paper-1217_dynamically_tunable_polarized_mid_infrared_light_emitting_diodes_from_polarization_singulari.pdf,acronym_collision,high,CBM means conduction band minimum,Dynamically tunable polarized mid-infrared light-emitting diodes from polarization singularities in a band-edge Weyl node,10.1038/s41467-025-66014-1
2026-06-04T15:43:31,paper-1242,extraction_papers\paper-1242_leveraging_the_dao_for_edge_to_cloud_data_sharing_and_availability.pdf,software_it_cyber,high,Edge data governance only,Leveraging the DAO for Edge-to-Cloud Data Sharing and Availability,10.3390/fi18010037
2026-06-04T15:43:31,paper-1248,extraction_papers\paper-1248_optimizing_large_scale_data_processing_in_smart_manufacturing_a_benchmarking_study_on_automo.pdf,software_it_cyber,medium,Python data processing benchmark,Optimizing Large-Scale Data Processing in Smart Manufacturing: A Benchmarking Study on Automotive Industry Data,10.30939/ijastech..1676422
2026-06-04T15:43:31,paper-1250,extraction_papers\paper-1250_performance_of_cacao_clones_resistant_to_frosty_pod_rot_under_agroforestry_systems_and_full.pdf,biology_biotech_non_equipment,high,Cacao disease biology,Performance of cacao clones resistant to frosty pod rot under agroforestry systems and full sun in the Colombian Amazon,10.1007/s10457-025-01384-5
2026-06-04T15:43:31,paper-1259,extraction_papers\paper-1259_corporate_failure_prediction_in_crisis_periods_the_case_of_visegrad_four_large_corporates.pdf,business_social_finance,high,Corporate bankruptcy prediction,Corporate failure prediction in crisis periods: the case of Visegrad Four large corporates,10.1057/s41283-025-00181-9
2026-06-04T15:43:31,paper-1271,extraction_papers\paper-1271_deep_learning_architectures_for_software_fault_prediction_the_impact_of_error_type_metrics_a.pdf,software_it_cyber,high,Software fault prediction,Deep Learning Architectures for Software Fault Prediction: The Impact of Error-Type Metrics and Class Imbalance,10.1002/cpe.70472
2026-06-04T15:43:31,paper-1281,extraction_papers\paper-1281_a_prognostic_theory_of_treatment_response_for_major_depressive_disorder_a_dynamic_systems_fr.pdf,clinical_human_outcome,high,Depression treatment prognosis,A Prognostic Theory of Treatment Response for Major Depressive Disorder: A Dynamic Systems Framework for Forecasting Clinical Trajectories,10.3390/app152312524
2026-06-04T15:43:31,paper-1286,extraction_papers\paper-1286_management_perspectives_on_ai_powered_sculpture_galleries.pdf,business_social_finance,high,Gallery management not assets,MANAGEMENT PERSPECTIVES ON AI-POWERED SCULPTURE GALLERIES,10.29121/shodhkosh.v6.i1s.2025.6634
2026-06-04T15:43:31,paper-1291,extraction_papers\paper-1291_failure_prediction_by_using_a_recurrent_neural_network_in_incremental_sheet_forming_with_act.pdf,generic_nonmaintenance_ai_control,medium,Workpiece cracking process prediction,Failure prediction by using a recurrent neural network in incremental sheet forming with active medium,10.1007/s12289-025-01957-w
2026-06-04T15:43:31,paper-1292,extraction_papers\paper-1292_motion_stage_precision_prediction_for_photonic_integrated_circuit_assembly.pdf,generic_nonmaintenance_ai_control,medium,Motion precision process optimization,Motion stage precision prediction for photonic integrated circuit assembly,10.1007/s10845-024-02539-4
2026-06-04T15:43:31,paper-1362,extraction_papers\paper-1362_numerical_simulation_of_the_formation_of_frozen_walls_in_subway_cross_passages_under_seepage.pdf,other_nonmaintenance,high,Construction freezing simulation,Numerical Simulation of the Formation of Frozen Walls in Subway Cross Passages Under Seepage Conditions,10.3390/app16010308
2026-06-04T15:43:31,paper-1376,extraction_papers\paper-1376_a_novel_dynamic_scheduling_model_for_application_in_multimode_approach.pdf,generic_nonmaintenance_ai_control,high,Job scheduling optimization,A novel dynamic scheduling model for application in multimode approach,10.1038/s41598-025-10710-x
2026-06-04T15:43:31,paper-1382,extraction_papers\paper-1382_performance_enhancement_of_wireless_bldc_motor_using_adaptive_reinforcement_learning_for_sus.pdf,acronym_collision,high,PDM means pulse density modulation,Performance Enhancement of Wireless BLDC Motor Using Adaptive Reinforcement Learning for Sustainable Pumping Applications,10.3390/su172310881
2026-06-04T15:43:31,paper-1387,extraction_papers\paper-1387_technological_forecasting_of_port_digitalization_using_patent_analysis.pdf,generic_nonmaintenance_ai_control,high,Port technology forecasting,Technological forecasting of port digitalization using patent analysis,10.1057/s41278-026-00346-7
2026-06-04T15:43:31,paper-1389,extraction_papers\paper-1389_cloud_based_management_of_art_institutions_using_ai.pdf,business_social_finance,high,Art institution management,CLOUD-BASED MANAGEMENT OF ART INSTITUTIONS USING AI,10.29121/shodhkosh.v6.i1s.2025.6667
2026-06-04T15:43:31,paper-1398,extraction_papers\paper-1398_development_of_digital_twins_for_library_information_system_simulation.pdf,software_it_cyber,high,Library information system simulation,Development of Digital Twins for Library Information System Simulation,10.51983/ijiss-2026.16.1.33
2026-06-04T15:43:31,paper-1400,extraction_papers\paper-1400_atomistic_simulation_study_on_spall_failure_and_damage_evolution_in_single_crystalline_ta_at.pdf,other_nonmaintenance,high,Material spall simulation,Atomistic Simulation Study on Spall Failure and Damage Evolution in Single-Crystalline Ta at Elevated Temperatures,10.32604/cmc.2025.071624
2026-06-04T15:43:31,paper-1401,extraction_papers\paper-1401_blockchain_and_smart_contracts_with_barzilai_borwein_intelligence_for_industrial_cyber_physi.pdf,software_it_cyber,high,ICPS cybersecurity not maintenance,Blockchain and Smart Contracts with Barzilai-Borwein Intelligence for Industrial Cyber-Physical System,10.32604/cmc.2025.071124
2026-06-04T15:43:31,paper-1403,extraction_papers\paper-1403_response_relationship_between_ash_content_and_nanopore_structure_of_deep_coal_seams_in_north.pdf,acronym_collision,high,CBM means coalbed methane,Response Relationship Between Ash Content and Nanopore Structure of Deep Coal Seams in North China Craton,10.3390/pr14010029
2026-06-04T15:43:31,paper-1411,extraction_papers\paper-1411_reference_architecture_for_the_design_and_implementation_of_ai_systems_in_manufacturing_in_c.pdf,generic_nonmaintenance_ai_control,high,AI governance architecture only,Reference architecture for the design and implementation of AI systems in manufacturing in conformity to ISO/IEC 42001,10.1080/0951192X.2026.2664187
2026-06-04T15:43:31,paper-1415,extraction_papers\paper-1415_winter_road_surface_condition_recognition_in_snowy_regions_based_on_image_to_image_translati.pdf,other_nonmaintenance,high,winter road safety classification,Winter Road Surface Condition Recognition in Snowy Regions Based on Image-to-Image Translation,10.3390/s26010241
2026-06-04T15:43:31,paper-1424,extraction_papers\paper-1424_a_bayesian_optimized_lsboost_framework_for_energy_usage_intensity_prediction_in_a_university.pdf,generic_nonmaintenance_ai_control,high,building energy prediction only,A Bayesian optimized LSboost framework for energy usage intensity prediction in a university office building,10.1177/01436244261435319
2026-06-04T15:43:31,paper-1431,extraction_papers\paper-1431_interpretable_deep_learning_framework_based_on_contrast_enhanced_mri_for_predicting_histolog.pdf,clinical_human_outcome,high,cancer grade prediction,Interpretable deep learning framework based on contrast-enhanced MRI for predicting histological grade of hepatocellular carcinoma,10.21037/qims-2025-269
2026-06-04T15:43:31,paper-1451,extraction_papers\paper-1451_generative_ai_capabilities_for_green_supply_chain_management_improvement_extended_dynamic_ca.pdf,business_social_finance,high,supply chain management capabilities,Generative AI capabilities for green supply chain management improvement: extended dynamic capabilities view,10.1080/13675567.2025.2479006
2026-06-04T15:43:31,paper-1492,extraction_papers\paper-1492_a_temporal_deep_learning_algorithm_for_prediction_of_extubation_failures_in_critical_care_pa.pdf,clinical_human_outcome,high,ICU extubation failure prediction,A temporal deep learning algorithm for prediction of extubation failures in critical care patients,10.1007/s10877-026-01439-7
2026-06-04T15:43:31,paper-1501,extraction_papers\paper-1501_dnn_based_software_reliability_model_for_fault_prediction_and_optimal_release_time_determina.pdf,software_it_cyber,high,software reliability prediction,DNN-based Software Reliability Model for Fault Prediction and Optimal Release Time Determination,10.33889/IJMEMS.2025.10.5.057
2026-06-04T15:43:31,paper-1503,extraction_papers\paper-1503_frequency_selective_dual_linearly_polarized_76_to_81_ghz_automotive_radar_system_concept_for.pdf,other_nonmaintenance,medium,street condition radar concept,Frequency-Selective Dual Linearly Polarized 76 to 81 GHz Automotive Radar System Concept for Street Condition Monitoring,10.5194/ars-23-87-2025
2026-06-04T15:43:31,paper-1504,extraction_papers\paper-1504_digital_twin_driven_electrode_optimization_for_wearable_bladder_monitoring_via_bioimpedance.pdf,clinical_human_outcome,high,bladder volume patient monitoring,Digital twin driven electrode optimization for wearable bladder monitoring via bioimpedance,10.1038/s41746-025-01441-4
2026-06-04T15:43:31,paper-1507,extraction_papers\paper-1507_deep_learning_based_method_for_optimizing_property_service_experience.pdf,business_social_finance,medium,property service optimization,Deep learning-based method for optimizing property service experience,10.1007/s44163-025-00670-6
2026-06-04T15:43:31,paper-1509,extraction_papers\paper-1509_ductile_fracture_of_l360qs_pipeline_steel_under_multi_axial_stress_states.pdf,other_nonmaintenance,medium,material fracture mechanics only,Ductile Fracture of L360QS Pipeline Steel Under Multi-Axial Stress States,10.3390/ma18245582
2026-06-04T15:43:31,paper-1513,extraction_papers\paper-1513_numerical_modeling_and_thermal_analysis_of_an_energy_efficient_smart_greenhouse.pdf,generic_nonmaintenance_ai_control,high,greenhouse climate optimization,Numerical Modeling and Thermal Analysis of an Energy-Efficient Smart Greenhouse,10.1002/ese3.70248
2026-06-04T15:43:31,paper-1526,extraction_papers\paper-1526_a_hybrid_mutual_information_and_heatmap_driven_under_sampling_algorithm_for_imbalanced_binar.pdf,generic_nonmaintenance_ai_control,high,generic classification algorithm,A Hybrid Mutual-Information and Heatmap Driven Under-Sampling Algorithm for Imbalanced Binary Classification,10.14569/IJACSA.2025.0161197
2026-06-04T15:43:31,paper-1537,extraction_papers\paper-1537_business_failure_prediction_from_textual_and_tabular_data_with_sentence_level_interpretation.pdf,business_social_finance,high,business failure prediction,Business Failure Prediction From Textual and Tabular Data With Sentence-Level Interpretations,10.1007/s10479-025-06574-z
2026-06-04T15:43:31,paper-1543,extraction_papers\paper-1543_a_platform_for_machine_learning_operations_for_network_constrained_far_edge_devices.pdf,software_it_cyber,medium,MLOps platform architecture,A Platform for Machine Learning Operations for Network Constrained Far-Edge Devices,10.3390/asi8050141
2026-06-04T15:43:31,paper-1545,extraction_papers\paper-1545_how_to_approach_long_term_monitoring_of_chemical_dynamics_in_oil_paintings.pdf,other_nonmaintenance,high,oil painting conservation monitoring,How to approach long-term monitoring of chemical dynamics in oil paintings?,10.1038/s40494-025-01583-4
2026-06-04T15:43:31,paper-1552,extraction_papers\paper-1552_a_semantic_enabled_common_data_environment_for_real_time_digital_twin_applications_in_small.pdf,generic_nonmaintenance_ai_control,high,construction data environment platform,A Semantic-Enabled Common Data Environment for Real-Time Digital Twin Applications in Small-Scale Construction Projects,10.28991/CEJ-2025-011-12-015
2026-06-04T15:43:31,paper-1561,extraction_papers\paper-1561_intelligent_optimization_of_ospf_path_selection_using_machine_learning_models_for_adaptive_n.pdf,software_it_cyber,high,network routing optimization,Intelligent Optimization of OSPF Path Selection Using Machine Learning Models for Adaptive Network Routing,10.24017/science.2025.2.3
2026-06-04T15:43:31,paper-1562,extraction_papers\paper-1562_utilization_of_rflp_in_v_model_methodology_for_the_interdisciplinary_development_of_digital.pdf,generic_nonmaintenance_ai_control,medium,generic digital twin development,Utilization of RFLP in V-Model methodology for the interdisciplinary development of Digital Twins; [Nutzbarmachung von RFLP im V-Modell für eine interdisziplinäre Entwicklung Digitaler Zwillinge],10.1007/s10010-025-00812-3
2026-06-04T15:43:31,paper-1566,extraction_papers\paper-1566_extending_the_frequency_bandwidth_of_a_tristable_electromagnetic_energy_harvester_through_th.pdf,generic_nonmaintenance_ai_control,high,energy harvester design only,Extending the Frequency Bandwidth of a Tristable Electromagnetic Energy Harvester Through the Use of Stoppers,10.3390/en18226007
2026-06-04T15:43:31,paper-1577,extraction_papers\paper-1577_a_joint_method_on_dynamic_states_estimation_for_digital_twin_of_floating_offshore_wind_turbi.pdf,generic_nonmaintenance_ai_control,medium,wind turbine state estimation,A Joint Method on Dynamic States Estimation for Digital Twin of Floating Offshore Wind Turbines,10.3390/jmse13101981
2026-06-04T15:43:31,paper-1578,extraction_papers\paper-1578_see_salt_recommendations_for_engaging_oyster_growers_in_community_based_coastal_monitoring_p.pdf,environment_natural_system,high,coastal environmental monitoring,See Salt: Recommendations for engaging oyster growers in community-based coastal monitoring programs,10.1007/s10661-025-14560-y
2026-06-04T15:43:31,paper-1581,extraction_papers\paper-1581_deep_learning_based_prediction_of_major_page_faults_in_cluster_systems.pdf,software_it_cyber,high,cluster memory page faults,Deep learning-based prediction of major page faults in cluster systems,10.1007/s42514-025-00233-2
2026-06-04T15:43:31,paper-1593,extraction_papers\paper-1593_a_small_sample_prediction_model_for_ground_surface_settlement_in_shield_tunneling_based_on_a.pdf,generic_nonmaintenance_ai_control,medium,tunneling settlement prediction,A Small-Sample Prediction Model for Ground Surface Settlement in Shield Tunneling Based on Adjacent-Ring Graph Convolutional Networks (GCN-SSPM),10.3390/buildings15193519
2026-06-04T15:43:31,paper-1600,extraction_papers\paper-1600_implementing_and_evaluating_the_quality_4_0_pmq_framework_for_process_monitoring_in_automoti.pdf,generic_nonmaintenance_ai_control,high,quality process monitoring only,Implementing and evaluating the quality 4.0 PMQ framework for process monitoring in automotive manufacturing,10.1038/s41598-025-10226-4
2026-06-04T15:43:31,paper-1606,extraction_papers\paper-1606_integrating_digital_twins_with_neural_networks_for_adaptive_control_of_automotive_suspension.pdf,generic_nonmaintenance_ai_control,high,ride control not maintenance,Integrating digital twins with neural networks for adaptive control of automotive suspension systems,10.1038/s41598-025-91243-1
2026-06-04T15:43:31,paper-1611,extraction_papers\paper-1611_image_captioning_with_object_detection_and_facial_expression_recognition_for_smart_industry.pdf,generic_nonmaintenance_ai_control,high,image captioning not maintenance,Image Captioning with Object Detection and Facial Expression Recognition for Smart Industry,10.3390/bioengineering12121325
2026-06-04T15:43:31,paper-1616,extraction_papers\paper-1616_the_role_of_traditional_fire_management_practices_in_mitigating_wildfire_risk_a_case_study_o.pdf,environment_natural_system,high,wildfire risk management,The Role of Traditional Fire Management Practices in Mitigating Wildfire Risk: A Case Study of Greece,10.3390/fire8100389
2026-06-04T15:43:31,paper-1628,extraction_papers\paper-1628_performance_study_of_collection_tree_protocol_in_mobile_wireless_sensor_network.pdf,software_it_cyber,high,sensor network routing only,Performance Study of Collection Tree Protocol in Mobile Wireless Sensor Network,10.37934/araset.52.1.3555
2026-06-04T15:43:31,paper-1633,extraction_papers\paper-1633_ieee_802_11ac_ax_be_wifi_6_target_wake_time_twt_improvement_in_battery_powered_iot_devices_b.pdf,software_it_cyber,high,WiFi battery scheduling only,IEEE 802.11ac/ax/be WiFi 6 Target Wake Time (TWT) Improvement in Battery Powered IoT Devices by Integrating Explainable Artificial Intelligence (XAI) Methods,10.37933/nipes/7.4.2025.SI504
2026-06-04T15:43:31,paper-1647,extraction_papers\paper-1647_semi_supervised_fault_prediction_and_proactive_task_migration_in_dynamic_edge_environments_u.pdf,software_it_cyber,high,edge task migration faults,Semi-Supervised Fault Prediction and Proactive Task Migration in Dynamic Edge Environments using PreGAN+,10.14445/23488549/IJECE-V12I10P106
2026-06-04T15:43:31,paper-1648,extraction_papers\paper-1648_towards_digital_transformation_in_smes_a_custom_software_solution_for_shopfloor_erp_integrat.pdf,software_it_cyber,high,ERP integration software,Towards Digital Transformation in SMEs: A Custom Software Solution for Shopfloor–ERP Integration,10.3390/machines13111002
2026-06-04T15:43:31,paper-1657,extraction_papers\paper-1657_dynamic_monitoring_method_of_polymer_injection_molding_product_quality_based_on_operating_co.pdf,generic_nonmaintenance_ai_control,high,product quality not maintenance,Dynamic Monitoring Method of Polymer Injection Molding Product Quality Based on Operating Condition Drift Detection and Incremental Learning,10.3390/polym17223025
2026-06-04T15:43:31,paper-1658,extraction_papers\paper-1658_preparing_for_predictive_maintenance_employee_perspectives_on_job_demands_and_resources_befo.pdf,business_social_finance,high,workforce perspectives only,Preparing for predictive maintenance: Employee perspectives on job demands and resources before and after its implementation,10.1016/j.apergo.2025.104561
2026-06-04T15:43:31,paper-1665,extraction_papers\paper-1665_communication_computation_co_optimized_federated_learning_for_efficient_large_model_embeddin.pdf,generic_nonmaintenance_ai_control,medium,model training framework only,Communication-Computation Co-Optimized Federated Learning for Efficient Large-Model Embedding Training,10.3390/math13233871
2026-06-04T15:43:31,paper-1666,extraction_papers\paper-1666_room_energy_management_utilizing_internet_of_things_technology_for_decreasing_electricity_co.pdf,generic_nonmaintenance_ai_control,high,room energy control only,Room energy management utilizing internet of things technology for decreasing electricity consumption,10.11591/ijres.v14.i3.pp734-744
2026-06-04T15:43:31,paper-1672,extraction_papers\paper-1672_role_and_application_of_tribology_in_reducing_mechanical_wear_and_tear_during_operations.pdf,other_nonmaintenance,medium,generic tribology overview,Role and Application of Tribology in Reducing Mechanical Wear and Tear During Operations,10.37933/nipes/7.4.2025.SI441
2026-06-04T15:43:31,paper-1676,extraction_papers\paper-1676_research_on_the_development_of_a_building_model_management_system_integrating_mqtt_sensing.pdf,generic_nonmaintenance_ai_control,high,BIM visualization system only,Research on the Development of a Building Model Management System Integrating MQTT Sensing,10.3390/s25196069
2026-06-04T15:43:31,paper-1678,extraction_papers\paper-1678_adopting_biochar_as_immobilization_support_for_hyper_ammonia_producing_bacteria_proliferatio.pdf,biology_biotech_non_equipment,high,bacteria fermentation growth,Adopting Biochar as Immobilization Support for Hyper Ammonia-Producing Bacteria Proliferation,10.3390/applmicrobiol5040111
2026-06-04T15:43:31,paper-1706,extraction_papers\paper-1706_development_of_an_adapted_water_quality_index_for_the_danube_river_using_objective_weighting.pdf,environment_natural_system,high,river water quality assessment,Development of an Adapted Water Quality Index for the Danube River Using Objective Weighting Methods,10.3390/hydrology12120329
2026-06-04T15:43:31,paper-1730,extraction_papers\paper-1730_a_vision_based_deep_learning_approach_for_non_contact_vibration_measurement_using_2_1_d_cnn.pdf,other_nonmaintenance,medium,vibration measurement method only,A vision-based deep learning approach for non-contact vibration measurement using (2+1)D CNN and optical flow,10.21595/jve.2025.25002
2026-06-04T15:43:31,paper-1736,extraction_papers\paper-1736_toward_advance_digitalized_fff_real_time_multimodal_synchronized_data_acquisition_and_ml_dl.pdf,generic_nonmaintenance_ai_control,high,additive process optimization,Toward advance/digitalized FFF: real-time multimodal synchronized data acquisition and ML/DL-driven process optimization,10.1007/s40964-025-01187-1
2026-06-04T15:43:31,paper-1739,extraction_papers\paper-1739_an_attention_based_lstm_electre_model_for_intelligent_and_proactive_load_balancing_in_real_t.pdf,software_it_cyber,high,fog load balancing,An Attention-Based LSTM-ELECTRE Model for Intelligent and Proactive Load Balancing in Real-Time Fog Computing Environments,10.48084/etasr.12374
2026-06-04T15:43:31,paper-1744,extraction_papers\paper-1744_an_industry_4_0_framework_for_the_smart_production_management_of_renewable_energy_and_water.pdf,generic_nonmaintenance_ai_control,medium,production scheduling not maintenance,"An Industry 4.0 Framework for the Smart Production Management of Renewable Energy and Water Systems: An Application of AI, IoT, and Digital Twin Technologies",10.24867/IJIEM-397
2026-06-04T15:43:31,paper-1746,extraction_papers\paper-1746_a_new_methodology_for_medium_term_wind_speed_forecasting_using_wave_oceanographic_and_meteor.pdf,generic_nonmaintenance_ai_control,high,wind forecasting not maintenance,"A New Methodology for Medium-Term Wind Speed Forecasting Using Wave, Oceanographic and Meteorological Predictor Variables",10.3390/app152111639
2026-06-04T15:43:31,paper-1747,extraction_papers\paper-1747_measurement_of_strain_and_vibration_at_ambient_conditions_on_a_dynamically_pressurised_aircr.pdf,other_nonmaintenance,medium,design instrumentation not maintenance,"Measurement of Strain and Vibration, at Ambient Conditions, on a Dynamically Pressurised Aircraft Fuel Pump Using Optical Fibre Sensors",10.3390/s25206407
2026-06-04T15:43:31,paper-1751,extraction_papers\paper-1751_advancements_and_innovations_of_machine_learning_applications_in_tribology.pdf,other_nonmaintenance,medium,generic tribology ML review,Advancements and Innovations of Machine Learning Applications in Tribology,10.37933/nipes/7.4.2025.SI435
2026-06-04T15:43:31,paper-1759,extraction_papers\paper-1759_galectin_3_and_strain_imaging_for_early_heart_failure_prediction_after_first_myocardial_infa.pdf,clinical_human_outcome,high,heart failure prediction,Galectin-3 and Strain Imaging for Early Heart Failure Prediction After First Myocardial Infarction,10.3390/ijms262110718
2026-06-04T15:43:31,paper-1760,extraction_papers\paper-1760_control_system_of_resonance_voltage_inverter_with_pulse_density_modulation_and_self_oscillat.pdf,acronym_collision,high,PDM pulse density modulation,CONTROL SYSTEM OF RESONANCE VOLTAGE INVERTER WITH PULSE DENSITY MODULATION AND SELF-OSCILLATING AS AN ALTERNATIVE TO PHASE-LOCKED LOOP IN INDUCTION HEATING EQUIPMENT; [СИСТЕМА КЕРУВАННЯ РЕЗОНАНСНИМ ІНВЕРТОРОМ НАПРУГИ З МОДУЛЯЦІЄЮ ЩІЛЬНОСТІ ІМПУЛЬСІВ ТА САМОЗБУДЖЕННЯМ ЯК АЛЬТЕРНАТИВА ФАЗОВОГО АВТОМАТИЧНОГО ПІДСТРОЮВАННЯ ЧАСТОТИ В УСТАНОВКАХ ІНДУКЦІЙНОГО НАГРІВАННЯ],10.15407/techned2025.06.017
2026-06-04T15:43:31,paper-1769,extraction_papers\paper-1769_a_bedbug_optimization_based_machine_learning_framework_for_software_fault_prediction.pdf,software_it_cyber,high,software fault prediction,A Bedbug Optimization-Based Machine Learning Framework for Software Fault Prediction,10.3390/math13213531
2026-06-04T15:43:31,paper-1772,extraction_papers\paper-1772_predicting_the_risk_of_death_for_cryptocurrencies_using_deep_learning.pdf,business_social_finance,high,cryptocurrency failure prediction,Predicting the Risk of Death for Cryptocurrencies Using Deep Learning,10.3390/jrfm18120716
2026-06-04T15:43:31,paper-1775,extraction_papers\paper-1775_concept_for_generic_agile_reactive_optical_link_planning.pdf,generic_nonmaintenance_ai_control,high,communication link planning,"Concept for generic agile, reactive optical link planning",10.1007/s12567-025-00592-0
2026-06-04T15:43:31,paper-1777,extraction_papers\paper-1777_detection_method_of_ppe_wearing_and_small_target_positioning_for_offshore_operators_the_impr.pdf,other_nonmaintenance,high,PPE compliance monitoring,Detection method of PPE wearing and small target positioning for offshore operators: The improved YOLOv11 model and targets recognition,10.1371/journal.pone.0335891
2026-06-04T15:43:31,paper-1802,extraction_papers\paper-1802_investigation_of_failures_in_rotational_moulding_using_historical_production_dataset_and_mac.pdf,generic_nonmaintenance_ai_control,high,Product defect prediction not maintenance,Investigation of failures in rotational moulding using historical production dataset and machine learning,10.1007/s00170-025-16925-6
2026-06-04T15:43:31,paper-1808,extraction_papers\paper-1808_identifying_key_ai_challenges_in_make_to_order_manufacturing_organisations_a_multiple_case_s.pdf,generic_nonmaintenance_ai_control,high,Manufacturing AI requirements only,Identifying key AI challenges in make-to-order manufacturing organisations: A multiple case study,10.1016/j.jss.2025.112559
2026-06-04T15:43:31,paper-1822,extraction_papers\paper-1822_chaotic_gradient_based_optimization_with_fuzzy_temporal_optimized_cnn_for_heart_failure_pred.pdf,clinical_human_outcome,high,Heart failure clinical prediction,Chaotic gradient based optimization with fuzzy temporal optimized CNN for heart failure prediction,10.1038/s41598-025-88277-w
2026-06-04T15:43:31,paper-1824,extraction_papers\paper-1824_the_application_of_super_resolution_ultrasound_radiomics_models_in_predicting_the_failure_of.pdf,clinical_human_outcome,high,Ectopic pregnancy treatment outcome,The application of super-resolution ultrasound radiomics models in predicting the failure of conservative treatment for ectopic pregnancy,10.1186/s12958-025-01437-5
2026-06-04T15:43:31,paper-1839,extraction_papers\paper-1839_innovative_real_time_pressure_monitoring_system_utilizing_raspberry_pi_and_imu_for_industria.pdf,generic_nonmaintenance_ai_control,medium,Generic pressure monitoring only,Innovative real-time pressure monitoring system utilizing Raspberry Pi and IMU for industrial application,10.1038/s41598-025-08088-x
2026-06-04T15:43:31,paper-1843,extraction_papers\paper-1843_fmcw_based_contactless_heart_rate_monitoring.pdf,clinical_human_outcome,high,Heart rate monitoring,FMCW-based contactless heart rate monitoring,10.1038/s41598-025-86438-5
2026-06-04T15:43:31,paper-1857,extraction_papers\paper-1857_urinary_4_pyridoxic_acid_as_a_non_invasive_biomarker_for_evaluating_osteoarthritis_severity.pdf,clinical_human_outcome,high,Osteoarthritis biomarker severity,Urinary 4-pyridoxic acid as a non-invasive biomarker for evaluating osteoarthritis severity: findings from the ROAD study,10.1007/s40520-025-02944-6
2026-06-04T15:43:31,paper-1860,extraction_papers\paper-1860_intelligent_dual_axis_solar_tracking_system_using_plc_scada_integrated_with_an_adaptive_neur.pdf,generic_nonmaintenance_ai_control,high,Solar tracking energy control,Intelligent Dual-Axis Solar Tracking System Using PLC-SCADA Integrated with an Adaptive Neuro-Fuzzy Predictive Control Algorithm for Maximized PV Energy Harvesting,10.14445/23488379/IJEEE-V12I12P107
2026-06-04T15:43:31,paper-1877,extraction_papers\paper-1877_uncovering_the_influence_of_operational_factors_on_manufacturing_efficiency_with_real_time_d.pdf,generic_nonmaintenance_ai_control,medium,Manufacturing efficiency analysis,Uncovering the Influence of Operational Factors on Manufacturing Efficiency with Real Time Data,10.1038/s41598-025-22776-8
2026-06-04T15:43:31,paper-1878,extraction_papers\paper-1878_participatory_management_of_rainwater_in_informal_urban_contexts_case_study_of_san_isidro_pa.pdf,environment_natural_system,high,Rainwater quality project,"Participatory Management of Rainwater in Informal Urban Contexts: Case Study of San Isidro Patios, Bogotá, Colombia",10.3390/w17223236
2026-06-04T15:43:31,paper-1879,extraction_papers\paper-1879_ai_integration_in_energy_management_enhancing_efficiency_in_italian_hospitals.pdf,generic_nonmaintenance_ai_control,high,Hospital energy management survey,AI integration in energy management: enhancing efficiency in Italian hospitals,10.1186/s13561-025-00638-3
2026-06-04T15:43:31,paper-1888,extraction_papers\paper-1888_ml_based_classification_models_for_assessing_workpiece_dimensional_accuracy.pdf,generic_nonmaintenance_ai_control,high,Workpiece quality assessment,ML-Based Classification Models for Assessing Workpiece Dimensional Accuracy,10.24846/v34i4y202502
2026-06-04T15:43:31,paper-1896,extraction_papers\paper-1896_noise_aware_hybrid_compression_of_deep_models_with_zero_shot_denoising_and_failure_predictio.pdf,software_it_cyber,high,Image compression model failures,Noise-Aware Hybrid Compression of Deep Models with Zero-Shot Denoising and Failure Prediction,10.3390/app152412882
2026-06-04T15:43:31,paper-1905,extraction_papers\paper-1905_on_nsw_accelerating_high_dimensional_vector_search_on_edge_devices_with_gpu_optimized_nsw.pdf,software_it_cyber,high,Vector search algorithm,ON-NSW: Accelerating High-Dimensional Vector Search on Edge Devices with GPU-Optimized NSW,10.3390/s25206461
2026-06-04T15:43:31,paper-1913,extraction_papers\paper-1913_multi_sensor_remote_sensing_captures_geometry_and_slow_to_fast_sliding_transition_of_the_201.pdf,environment_natural_system,high,Natural landslide monitoring,Multi-sensor remote sensing captures geometry and slow-to-fast sliding transition of the 2017 Mud Creek landslide,10.1038/s41598-025-11399-8
2026-06-04T15:43:31,paper-1916,extraction_papers\paper-1916_fedresilience_a_federated_classification_system_to_ensure_critical_lte_communications_during.pdf,software_it_cyber,high,LTE coverage classification,FedResilience: A Federated Classification System to Ensure Critical LTE Communications During Natural Disasters,10.3390/systems13100866
2026-06-04T15:43:31,paper-1929,extraction_papers\paper-1929_evaluation_of_volumetric_water_content_in_sand_by_centrifuge_modelling_of_vertical_rainwater.pdf,environment_natural_system,high,Slope soil water prediction,Evaluation of volumetric water content in sand by centrifuge modelling of vertical rainwater infiltration,10.1186/s40677-025-00351-7
2026-06-04T15:43:31,paper-1930,extraction_papers\paper-1930_an_iov_based_real_time_telemetry_and_monitoring_system_for_electric_racing_vehicles_design_i.pdf,generic_nonmaintenance_ai_control,medium,Vehicle telemetry without maintenance,"An IoV-Based Real-Time Telemetry and Monitoring System for Electric Racing Vehicles: Design, Implementation, and Field Validation",10.3390/vehicles7040128
2026-06-04T15:43:31,paper-1944,extraction_papers\paper-1944_student_dropout_prediction_through_machine_learning_optimization_insights_from_moodle_log_da.pdf,business_social_finance,high,Student dropout prediction,Student dropout prediction through machine learning optimization: insights from moodle log data,10.1038/s41598-025-93918-1
2026-06-04T15:43:31,paper-1947,extraction_papers\paper-1947_artificial_intelligence_and_landscape_sustainability_comparative_insights_from_urban_sports.pdf,environment_natural_system,medium,Urban landscape sustainability,Artificial Intelligence and Landscape Sustainability: Comparative Insights from Urban Sports and Recreation Areas in Turkey and Lithuania,10.3390/land14122330
2026-06-04T15:43:31,paper-1960,extraction_papers\paper-1960_lightweight_signal_processing_and_edge_ai_for_real_time_anomaly_detection_in_iot_sensor_netw.pdf,software_it_cyber,medium,Generic IoT anomaly detection,Lightweight Signal Processing and Edge AI for Real-Time Anomaly Detection in IoT Sensor Networks,10.3390/s25216629
2026-06-04T15:43:31,paper-1961,extraction_papers\paper-1961_integration_of_machine_vision_and_plc_based_control_for_scalable_quality_inspection_in_indus.pdf,generic_nonmaintenance_ai_control,high,Automated quality inspection,Integration of Machine Vision and PLC-Based Control for Scalable Quality Inspection in Industry 4.0,10.3390/s25206383
2026-06-04T15:43:31,paper-1963,extraction_papers\paper-1963_a_software_reliability_model_for_open_source_big_data_system_considering_fault_introduction.pdf,software_it_cyber,high,Software reliability model,A software reliability model for open source big data system considering fault introduction and fault removal efficiency,10.1186/s40537-025-01153-2
2026-06-04T15:43:31,paper-1965,extraction_papers\paper-1965_industrial_applications_of_large_language_models.pdf,generic_nonmaintenance_ai_control,high,Generic LLM applications,Industrial applications of large language models,10.1038/s41598-025-98483-1
2026-06-04T15:43:31,paper-1970,extraction_papers\paper-1970_optimising_the_operation_of_ships_with_artificial_intelligence_systems.pdf,generic_nonmaintenance_ai_control,medium,Ship operation optimization,Optimising the Operation of Ships with Artificial Intelligence Systems,10.2478/pomr-2025-0055
2026-06-04T15:43:31,paper-1997,extraction_papers\paper-1997_estimating_parameter_space_limits_for_industrial_processes_with_in_distribution_data.pdf,generic_nonmaintenance_ai_control,high,Generic process parameter modeling,Estimating parameter space limits for industrial processes with in-distribution data,10.1007/s11740-025-01353-y
2026-06-04T15:43:31,paper-2015,extraction_papers\paper-2015_analysis_of_the_dynamic_properties_of_the_rogowski_coil_to_improve_the_accuracy_in_power_and.pdf,other_nonmaintenance,high,Rogowski coil measurement characterization,Analysis of the Dynamic Properties of the Rogowski Coil to Improve the Accuracy in Power and Electromechanical Systems,10.3390/en18174761
2026-06-04T15:43:31,paper-2022,extraction_papers\paper-2022_a_new_microstructural_concept_and_water_free_manufacturing_of_an_al2o3_based_refractory_mate.pdf,other_nonmaintenance,high,Refractory material manufacturing study,A New Microstructural Concept and Water-Free Manufacturing of an Al2O3-Based Refractory Material for Auxiliary Equipment of Sintering Furnaces,10.3390/ma18174144
2026-06-04T15:43:31,paper-2041,extraction_papers\paper-2041_comprehensive_prediction_model_for_analysis_of_rolling_bearing_ring_waviness.pdf,generic_nonmaintenance_ai_control,high,Bearing ring quality control,Comprehensive Prediction Model for Analysis of Rolling Bearing Ring Waviness,10.3390/jmmp9070220
2026-06-04T15:43:31,paper-2044,extraction_papers\paper-2044_investigating_criticality_in_rock_failure_using_fiber_optic_strain_sensing.pdf,environment_natural_system,high,Rock failure earthquake experiment,Investigating Criticality in Rock Failure Using Fiber-Optic Strain Sensing,10.1029/2025GL115010
2026-06-04T15:43:31,paper-2045,extraction_papers\paper-2045_fully_distributed_bipartite_consensus_for_linear_multiagent_systems_with_dynamic_event_trigg.pdf,generic_nonmaintenance_ai_control,high,Multiagent consensus control theory,Fully-Distributed Bipartite Consensus for Linear Multiagent Systems with Dynamic Event-Triggered Mechanism Under Signed Topology Network,10.3390/act14090451
2026-06-04T15:43:31,paper-2046,extraction_papers\paper-2046_an_ontology_proposal_for_implementing_digital_twins_in_hospitality_the_case_of_front_end_ser.pdf,business_social_finance,high,Hospitality service optimization ontology,An Ontology Proposal for Implementing Digital Twins in Hospitality: The Case of Front-End Services,10.3390/s25144504
2026-06-04T15:43:31,paper-2054,extraction_papers\paper-2054_deep_learning_based_optimal_condition_monitoring_system_for_plant_growth_in_an_indoor_smart.pdf,biology_biotech_non_equipment,high,Plant growth monitoring control,Deep Learning-Based Optimal Condition Monitoring System for Plant Growth in an Indoor Smart Hydroponic Greenhouse,10.3390/sym17071092
2026-06-04T15:43:31,paper-2063,extraction_papers\paper-2063_machine_learning_for_1_year_graft_failure_prediction_in_lung_transplant_recipients_the_korea.pdf,clinical_human_outcome,high,Lung transplant graft failure prediction,Machine Learning for 1-Year Graft Failure Prediction in Lung Transplant Recipients: The Korean Organ Transplantation Registry,10.1111/ctr.70268
2026-06-04T15:43:31,paper-2088,extraction_papers\paper-2088_assessment_of_the_impact_of_solar_power_integration_and_ai_technologies_on_sustainable_local.pdf,business_social_finance,high,Local sustainability development assessment,Assessment of the Impact of Solar Power Integration and AI Technologies on Sustainable Local Development: A Case Study from Serbia,10.3390/su17156977
2026-06-04T15:43:31,paper-2091,extraction_papers\paper-2091_synthesis_of_pectin_hydrogels_from_grapefruit_peel_for_the_adsorption_of_heavy_metals_from_w.pdf,environment_natural_system,high,Water remediation hydrogel material,Synthesis of Pectin Hydrogels from Grapefruit Peel for the Adsorption of Heavy Metals from Water,10.3390/technologies13090403
2026-06-04T15:43:31,paper-2093,extraction_papers\paper-2093_towards_generic_failure_prediction_models_in_large_scale_distributed_computing_systems.pdf,software_it_cyber,high,Distributed computing failure prediction,Towards Generic Failure-Prediction Models in Large-Scale Distributed Computing Systems,10.3390/electronics14173386
2026-06-04T15:43:31,paper-2094,extraction_papers\paper-2094_enhancing_cold_adaptation_of_bidomain_amylases_by_high_throughput_computational_engineering.pdf,biology_biotech_non_equipment,high,Enzyme engineering biology,Enhancing Cold Adaptation of Bidomain Amylases by High-Throughput Computational Engineering,10.1002/anie.202505991
2026-06-04T15:43:31,paper-2102,extraction_papers\paper-2102_engineering_solutions_for_the_integration_of_internet_of_things_devices_and_sensors.pdf,generic_nonmaintenance_ai_control,medium,Generic IoT data processing,ENGINEERING SOLUTIONS FOR THE INTEGRATION OF INTERNET OF THINGS DEVICES AND SENSORS; [ІНЖЕНЕРНІ РІШЕННЯ ДЛЯ ІНТЕГРАЦІЇ ПРИСТРОЇВ І ДАТЧИКІВ В ІНТЕРНЕТІ РЕЧЕЙ],10.15407/techned2025.05.089
2026-06-04T15:43:31,paper-2106,extraction_papers\paper-2106_hybrid_approach_to_software_fault_prediction_using_particle_swarm_optimization_and_fuzzy_tim.pdf,software_it_cyber,high,Software fault prediction,Hybrid Approach to Software Fault Prediction Using Particle Swarm Optimization and Fuzzy Time Series,10.1002/qre.3759
2026-06-04T15:43:31,paper-2119,extraction_papers\paper-2119_developing_a_multi_region_stacking_ensemble_framework_via_scenario_based_digital_twin_simula.pdf,generic_nonmaintenance_ai_control,high,Household energy demand forecasting,Developing a Multi-Region Stacking Ensemble Framework via Scenario-Based Digital Twin Simulation for Short-Term Household Energy Demand Forecasting,10.3390/app15179569
2026-06-04T15:43:31,paper-2123,extraction_papers\paper-2123_erythrocyte_load_in_cerebrospinal_fluid_linked_with_hippocampal_atrophy_in_alzheimer_s_disea.pdf,clinical_human_outcome,high,Alzheimer clinical biomarker study,Erythrocyte Load in Cerebrospinal Fluid Linked with Hippocampal Atrophy in Alzheimer’s Disease,10.3390/JCM14134670
2026-06-04T15:43:31,paper-2130,extraction_papers\paper-2130_explainable_ai_for_correct_root_cause_analysis_of_product_quality_in_injection_moulding.pdf,generic_nonmaintenance_ai_control,high,Injection moulding quality root cause,Explainable AI for correct root cause analysis of product quality in injection moulding,10.1016/j.jmapro.2025.03.114
2026-06-04T15:43:31,paper-2147,extraction_papers\paper-2147_2d_to_3d_modification_of_chang_chang_criterion_considering_multiaxial_coupling_effects_in_fi.pdf,other_nonmaintenance,high,Composite failure criterion modeling,2D to 3D Modification of Chang–Chang Criterion Considering Multiaxial Coupling Effects in Fiber and Inter-Fiber Directions for Continuous Fiber-Reinforced Composites,10.3390/polym17172416
2026-06-04T15:43:31,paper-2154,extraction_papers\paper-2154_a_cell_surface_targeted_fluorogenic_probe_for_detection_of_sulfatase_2_activity.pdf,biology_biotech_non_equipment,high,Sulfatase probe for cells,A Cell-Surface-Targeted Fluorogenic Probe for Detection of Sulfatase 2 Activity,10.1021/acs.bioconjchem.5c00251
2026-06-04T15:43:31,paper-2159,extraction_papers\paper-2159_fedsw_tsad_swgan_based_federated_time_series_anomaly_detection.pdf,generic_nonmaintenance_ai_control,medium,Generic time series anomaly detection,FedSW-TSAD: SWGAN-Based Federated Time Series Anomaly Detection,10.3390/s25134014
2026-06-04T15:43:31,paper-2163,extraction_papers\paper-2163_shopfloor_visualization_oriented_digitalization_of_heterogeneous_equipment_for_sustainable_i.pdf,generic_nonmaintenance_ai_control,medium,Shopfloor visualization without asset health,Shopfloor Visualization-Oriented Digitalization of Heterogeneous Equipment for Sustainable Industrial Performance,10.3390/su17178030
2026-06-04T15:43:31,paper-2168,extraction_papers\paper-2168_the_development_of_a_fatigue_failure_prediction_model_for_bitumen_based_on_a_novel_accelerat.pdf,other_nonmaintenance,medium,Bitumen material fatigue testing,The Development of a Fatigue Failure Prediction Model for Bitumen Based on a Novel Accelerated Cyclic Shear Test,10.3390/ma18163729
2026-06-04T15:43:31,paper-2172,extraction_papers\paper-2172_machine_learning_traffic_flow_prediction_models_for_smart_and_sustainable_traffic_management.pdf,generic_nonmaintenance_ai_control,high,Traffic flow prediction management,Machine Learning Traffic Flow Prediction Models for Smart and Sustainable Traffic Management,10.3390/infrastructures10070155
2026-06-04T15:43:31,paper-2175,extraction_papers\paper-2175_generalized_failure_criteria_for_computational_modeling_of_dynamic_failure.pdf,other_nonmaintenance,high,Dynamic material failure criteria,Generalized Failure Criteria for Computational Modeling of Dynamic Failure,10.1007/s11665-025-11499-6
2026-06-04T15:43:31,paper-2177,extraction_papers\paper-2177_domain_knowledge_driven_method_for_threat_source_detection_and_localization_in_the_power_int.pdf,software_it_cyber,high,Power IoT cyber threat detection,Domain Knowledge-Driven Method for Threat Source Detection and Localization in the Power Internet of Things,10.3390/electronics14132725
2026-06-04T15:43:31,paper-2186,extraction_papers\paper-2186_a_data_quality_pipeline_for_industrial_environments_architecture_and_implementation.pdf,generic_nonmaintenance_ai_control,medium,Industrial data quality pipeline,A Data Quality Pipeline for Industrial Environments: Architecture and Implementation,10.3390/computers14070241
2026-06-04T15:43:31,paper-2192,extraction_papers\paper-2192_integrating_sensor_data_laboratory_analysis_and_computer_vision_in_machine_learning_driven_e.pdf,biology_biotech_non_equipment,high,Tomato freshness shelf life,"Integrating Sensor Data, Laboratory Analysis, and Computer Vision in Machine Learning-Driven E-Nose Systems for Predicting Tomato Shelf Life",10.3390/chemosensors13070255
2026-06-04T15:43:31,paper-2193,extraction_papers\paper-2193_augminded_ambient_mirror_display_notifications.pdf,other_nonmaintenance,high,Ambient mirror notification interface,Augminded: Ambient Mirror Display Notifications †,10.3390/mti9090093
2026-06-04T15:43:31,paper-2200,extraction_papers\paper-2200_integration_of_peridynamics_and_deep_learning_for_efficient_and_accurate_thermomechanical_mo.pdf,other_nonmaintenance,medium,Thermomechanical failure modeling only,Integration of Peridynamics and Deep Learning for Efficient and Accurate Thermomechanical Modeling,10.3390/app151810032
2026-06-04T15:43:31,paper-2208,extraction_papers\paper-2208_performance_optimization_and_long_term_strength_of_basic_magnesium_sulfate_cement_prepared_w.pdf,acronym_collision,high,CBM means carbonated boron mud,Performance Optimization and Long-Term Strength of Basic Magnesium Sulfate Cement Prepared with Accelerated Carbonated Boron Mud,10.3390/ma18184231
2026-06-04T15:43:31,paper-2215,extraction_papers\paper-2215_comparison_of_supervised_machine_learning_algorithms_in_heart_failure_disease.pdf,clinical_human_outcome,high,human heart failure prediction,COMPARISON OF SUPERVISED MACHINE LEARNING ALGORITHMS IN HEART FAILURE DISEASE,10.30598/barekengvol19iss4pp2739-2750
2026-06-04T15:43:31,paper-2235,extraction_papers\paper-2235_digital_twin_enabled_process_monitoring_for_a_robotic_additive_manufacturing_cell_using_wire.pdf,generic_nonmaintenance_ai_control,medium,manufacturing process quality monitoring,Digital-Twin-Enabled Process Monitoring for a Robotic Additive Manufacturing Cell Using Wire-Based Laser Metal Deposition,10.3390/pr13082335
2026-06-04T15:43:31,paper-2239,extraction_papers\paper-2239_low_cost_device_for_collecting_data_from_acceleration_sensors.pdf,other_nonmaintenance,medium,generic vibration data logger,Low-Cost Device for Collecting Data from Acceleration Sensors †,10.3390/engproc2025104010
2026-06-04T15:43:31,paper-2242,extraction_papers\paper-2242_federated_learning_driven_iot_request_scheduling_for_fault_tolerance_in_cloud_data_centers.pdf,software_it_cyber,high,cloud task fault tolerant scheduling,Federated Learning-Driven IoT Request Scheduling for Fault Tolerance in Cloud Data Centers,10.3390/math13132198
2026-06-04T15:43:31,paper-2268,extraction_papers\paper-2268_lightweight_target_detection_for_computationally_resource_constrained_and_low_cost_uav_platf.pdf,generic_nonmaintenance_ai_control,medium,generic UAV target detection,Lightweight Target Detection for Computationally Resource-Constrained and Low-cost UAV Platforms Using Dual-Weights Attention Technology,10.3837/tiis.2025.07.007
2026-06-04T15:43:31,paper-2277,extraction_papers\paper-2277_effect_of_pitch_angle_on_the_strength_of_a_tc4_helicoidal_composite_double_bolt_scarf_joint.pdf,other_nonmaintenance,medium,static joint strength design,Effect of Pitch Angle on the Strength of a TC4/Helicoidal Composite Double-Bolt Scarf Joint: A Numerical Study,10.3390/ma18173956
2026-06-04T15:43:31,paper-2278,extraction_papers\paper-2278_comprehensive_analysis_of_neural_network_inference_on_embedded_systems_response_time_calibra.pdf,generic_nonmaintenance_ai_control,high,generic embedded inference benchmarking,"Comprehensive Analysis of Neural Network Inference on Embedded Systems: Response Time, Calibration, and Model Optimisation †",10.3390/s25154769
2026-06-04T15:43:31,paper-2303,extraction_papers\paper-2303_design_and_implementation_of_an_automated_functional_testing_system_for_nv11_massage_seat_co.pdf,other_nonmaintenance,medium,manufacturing functional testing,Design and Implementation of an Automated Functional Testing System for NV11 Massage Seat Controller With Performance Optimization,10.1002/appl.70029
2026-06-04T15:43:31,paper-2310,extraction_papers\paper-2310_advancing_wildfire_monitoring_remote_sensing_techniques_and_applications_in_the_sana_river_b.pdf,environment_natural_system,high,wildfire vegetation monitoring,"Advancing wildfire monitoring: remote sensing techniques and applications in the Sana River Basin, Bosnia and Herzegovina",10.1007/s11069-025-07518-3
2026-06-04T15:43:31,paper-2334,extraction_papers\paper-2334_study_on_determining_the_efficiency_of_a_high_power_hydrogenerator_using_the_calorimetric_me.pdf,other_nonmaintenance,high,efficiency measurement not maintenance,Study on Determining the Efficiency of a High-Power Hydrogenerator Using the Calorimetric Method,10.3390/en18184813
2026-06-04T15:43:31,paper-2335,extraction_papers\paper-2335_radar_based_road_surface_classification_using_range_fast_fourier_transform_learning_models.pdf,other_nonmaintenance,medium,weather road surface safety,Radar-Based Road Surface Classification Using Range-Fast Fourier Transform Learning Models,10.3390/s25185697
2026-06-04T15:43:31,paper-2345,extraction_papers\paper-2345_active_feedback_driven_defect_band_steering_in_phononic_crystals_with_piezoelectric_defects.pdf,generic_nonmaintenance_ai_control,high,material wave control not maintenance,Active Feedback-Driven Defect-Band Steering in Phononic Crystals with Piezoelectric Defects: A Mathematical Approach,10.3390/math13132126
2026-06-04T15:43:31,paper-2350,extraction_papers\paper-2350_machine_learning_powered_kpi_framework_for_real_time_sustainable_ship_performance_management.pdf,generic_nonmaintenance_ai_control,medium,ship performance optimization,"Machine Learning-Powered KPI Framework for Real-Time, Sustainable Ship Performance Management",10.3390/jmse13081440
2026-06-04T15:43:31,paper-2367,extraction_papers\paper-2367_genome_sequencing_and_comparative_genomics_of_the_hyper_cellulolytic_fungus_talaromyces_pino.pdf,biology_biotech_non_equipment,high,fungal genome biology,Genome Sequencing and Comparative Genomics of the Hyper-Cellulolytic Fungus Talaromyces pinophilus Y117,10.3390/jof11090614
2026-06-04T15:43:31,paper-2379,extraction_papers\paper-2379_conformal_prediction_for_out_of_distribution_time_series_classification.pdf,generic_nonmaintenance_ai_control,high,generic time series classification,Conformal prediction for out-of-distribution time-series classification,10.1007/s10489-025-06708-7
2026-06-04T15:43:31,paper-2390,extraction_papers\paper-2390_latest_trends_in_the_use_of_artificial_intelligence_in_the_banking_sector.pdf,business_social_finance,high,bank failure prediction,Latest Trends in the Use of Artificial Intelligence in the Banking Sector,10.33893/FER.24.2.47
2026-06-04T15:43:31,paper-2391,extraction_papers\paper-2391_maritime_operational_intelligence_ar_iot_synergies_for_energy_efficiency_and_emissions_contr.pdf,generic_nonmaintenance_ai_control,medium,maritime energy efficiency interface,Maritime Operational Intelligence: AR-IoT Synergies for Energy Efficiency and Emissions Control,10.3390/su17177982
2026-06-04T15:43:31,paper-2392,extraction_papers\paper-2392_energy_management_and_industry_4_0_analysis_of_the_enabling_effects_of_digitalization_on_the.pdf,generic_nonmaintenance_ai_control,high,energy management digitalization review,Energy management and industry 4.0: Analysis of the enabling effects of digitalization on the implementation of energy management practices,10.1016/j.apenergy.2025.125877
2026-06-04T15:43:31,paper-2405,extraction_papers\paper-2405_failure_prediction_of_lithium_disilicate_and_composition_gradient_multilayered_zirconia_occl.pdf,other_nonmaintenance,medium,dental veneer fatigue study not maintenance,Failure Prediction of Lithium Disilicate and Composition-Gradient Multilayered Zirconia Occlusal Veneers: A Fractographic and Theoretical Analysis,10.3390/ma18184287
2026-06-04T15:43:31,paper-2427,extraction_papers\paper-2427_dual_metric_driven_thermal_fluid_coupling_modeling_and_thermal_management_optimization_for_h.pdf,generic_nonmaintenance_ai_control,high,thermal management optimization not maintenance,Dual-Metric-Driven Thermal–Fluid Coupling Modeling and Thermal Management Optimization for High-Speed Electric Multiple Unit Electrical Cabinets,10.3390/en18174693
2026-06-04T15:43:31,paper-2429,extraction_papers\paper-2429_modeling_strategies_for_conducting_wave_surveillance_using_a_swarm_of_security_drones.pdf,other_nonmaintenance,high,UAV security surveillance not maintenance,Modeling Strategies for Conducting Wave Surveillance Using a Swarm of Security Drones,10.3390/computation13080193
2026-06-04T15:43:31,paper-2435,extraction_papers\paper-2435_ductile_fracture_prediction_in_mg_zm51m_alloy_using_inverse_calibrated_damage_models.pdf,other_nonmaintenance,high,magnesium alloy fracture modeling not maintenance,Ductile Fracture Prediction in Mg-ZM51M Alloy Using Inverse-Calibrated Damage Models,10.3390/met15070722
2026-06-04T15:43:31,paper-2442,extraction_papers\paper-2442_the_good_the_bad_and_the_bankrupt_a_super_efficiency_dea_and_lasso_approach_predicting_corpo.pdf,business_social_finance,high,corporate failure prediction,"The Good, the Bad, and the Bankrupt: A Super-Efficiency DEA and LASSO Approach Predicting Corporate Failure",10.3390/jrfm18090471
2026-06-04T15:43:31,paper-2443,extraction_papers\paper-2443_failure_analysis_of_angle_ply_thin_woven_gfrp_composites_under_low_velocity_impact_and_low_t.pdf,other_nonmaintenance,high,composite impact material testing,Failure analysis of angle-ply thin woven GFRP composites under low-velocity impact and low-temperature,10.1002/pc.29716
2026-06-04T15:43:31,paper-2453,extraction_papers\paper-2453_artificial_intelligence_and_sustainable_practices_in_coastal_marinas_a_comparative_study_of.pdf,environment_natural_system,high,coastal environmental sustainability not maintenance,Artificial Intelligence and Sustainable Practices in Coastal Marinas: A Comparative Study of Monaco and Ibiza,10.3390/su17167404
2026-06-04T15:43:31,paper-2461,extraction_papers\paper-2461_firm_failure_prediction_for_small_and_medium_sized_enterprises_and_new_ventures.pdf,business_social_finance,high,firm failure prediction,Firm failure prediction for small and medium-sized enterprises and new ventures,10.1007/s11846-024-00742-4
2026-06-04T15:43:31,paper-2464,extraction_papers\paper-2464_photovoltaic_digital_twins_mathematical_modeling_vs_neural_networks_for_energy_management_in.pdf,generic_nonmaintenance_ai_control,high,PV power generation prediction only,Photovoltaic Digital Twins: Mathematical Modeling vs. Neural Networks for Energy Management in Smart Buildings,10.3390/app15168883
2026-06-04T15:43:31,paper-2475,extraction_papers\paper-2475_detecting_important_features_and_predicting_yield_from_defects_detected_by_sem_in_semiconduc.pdf,generic_nonmaintenance_ai_control,high,semiconductor yield quality prediction,Detecting Important Features and Predicting Yield from Defects Detected by SEM in Semiconductor Production,10.3390/s25134218
2026-06-04T15:43:31,paper-2480,extraction_papers\paper-2480_hybrid_cloud_based_information_and_control_system_using_lstm_dnn_neural_networks_for_optimiz.pdf,generic_nonmaintenance_ai_control,high,metallurgical process optimization,Hybrid Cloud-Based Information and Control System Using LSTM-DNN Neural Networks for Optimization of Metallurgical Production,10.3390/pr13072237
2026-06-04T15:43:31,paper-2483,extraction_papers\paper-2483_ultrasensitive_ultrasoft_buckled_crack_based_sensor_for_respiration_measurement_and_enhanced.pdf,clinical_human_outcome,high,wearable respiration monitoring,Ultrasensitive Ultrasoft Buckled Crack-Based Sensor for Respiration Measurement and Enhanced Human–Machine Interface,10.1002/aisy.202400624
2026-06-04T15:43:31,paper-2484,extraction_papers\paper-2484_twin_ai_intelligent_barrier_eddy_current_separator_with_digital_twin_and_ai_integration.pdf,generic_nonmaintenance_ai_control,high,separator performance optimization,Twin-AI: Intelligent Barrier Eddy Current Separator with Digital Twin and AI Integration,10.3390/s25154731
2026-06-04T15:43:31,paper-2487,extraction_papers\paper-2487_controllability_of_a_system_with_nonlinear_damping_devices_and_nonlinear_source_terms_in_ela.pdf,other_nonmaintenance,high,mathematical elasticity problem,"Controllability of a System with Nonlinear Damping Devices and Nonlinear Source Terms in Elasticity Problems: Existence, Time Blow-up, and Numerical Results",10.29020/nybg.ejpam.v18i3.6073
2026-06-04T15:43:31,paper-2494,extraction_papers\paper-2494_nonlinear_vibration_and_post_buckling_behaviors_of_metal_and_fgm_pipes_transporting_heavy_cr.pdf,other_nonmaintenance,high,pipe mechanics design study,Nonlinear Vibration and Post-Buckling Behaviors of Metal and FGM Pipes Transporting Heavy Crude Oil,10.3390/app15158515
2026-06-04T15:43:31,paper-2524,extraction_papers\paper-2524_optimized_cnn_lstm_tuple_aggregation_framework_with_reinforcement_learning_for_real_time_dai.pdf,generic_nonmaintenance_ai_control,high,dairy production optimization,Optimized CNN-LSTM Tuple Aggregation Framework with Reinforcement Learning for Real-Time Dairy Production Enhancement,10.14445/23488549/IJECE-V12I6P119
2026-06-04T15:43:31,paper-2527,extraction_papers\paper-2527_performance_evaluation_of_machine_learning_techniques_in_surface_morphology_and_corrosion_pr.pdf,other_nonmaintenance,high,material corrosion prediction study,Performance evaluation of machine learning techniques in surface morphology and corrosion prediction for A286 3D printed micro-lattice structures,10.1371/journal.pone.0320565
2026-06-04T15:43:31,paper-2530,extraction_papers\paper-2530_a_practical_and_sustainable_approach_to_industrial_engineering_discrete_event_simulation_wit.pdf,generic_nonmaintenance_ai_control,high,simulation education not maintenance,A Practical and Sustainable Approach to Industrial Engineering Discrete-Event Simulation with Free Mathematical and Programming Software,10.3390/su17093973
2026-06-04T15:43:31,paper-2531,extraction_papers\paper-2531_cross_plc_an_i3ot_cross_platform_to_manage_communications_for_applications_in_real_factories.pdf,generic_nonmaintenance_ai_control,medium,IIoT communication platform,Cross-PLC: An I3oT Cross Platform to Manage Communications for Applications in Real Factories,10.3390/s25102973
2026-06-04T15:43:31,paper-2539,extraction_papers\paper-2539_intrusion_detection_in_a_digital_twin_enabled_secure_industrial_internet_of_things_environme.pdf,software_it_cyber,high,industrial intrusion detection,Intrusion Detection in a Digital Twin-Enabled Secure Industrial Internet of Things Environment for Industrial Sustainability,10.48084/etasr.10128
2026-06-04T15:43:31,paper-2544,extraction_papers\paper-2544_research_on_the_self_organized_criticality_and_fracture_predictability_of_sandstone_via_real.pdf,environment_natural_system,high,sandstone fracture geology,Research on the Self-Organized Criticality and Fracture Predictability of Sandstone via Real-Time CT Scanning and AE Monitoring,10.3390/app15116205
2026-06-04T15:43:31,paper-2545,extraction_papers\paper-2545_investigation_of_the_applicability_of_acoustic_emission_signals_for_adaptive_control_in_cnc.pdf,generic_nonmaintenance_ai_control,high,CNC wood milling adaptive control,Investigation of the Applicability of Acoustic Emission Signals for Adaptive Control in CNC Wood Milling,10.3390/app15126659
2026-06-04T15:43:31,paper-2562,extraction_papers\paper-2562_optimizing_local_explainability_in_robotic_grasp_failure_prediction.pdf,generic_nonmaintenance_ai_control,high,robotic grasp task failure,Optimizing Local Explainability in Robotic Grasp Failure Prediction,10.3390/electronics14122363
2026-06-04T15:43:31,paper-2576,extraction_papers\paper-2576_making_iot_networks_highly_fault_tolerant_through_power_fault_prediction_isolation_and_compo.pdf,software_it_cyber,medium,IoT network fault tolerance,"Making IoT Networks Highly Fault-Tolerant Through Power Fault Prediction, Isolation and Composite Networking in the Device Layer",10.3390/jsan14020024
2026-06-04T15:43:31,paper-2581,extraction_papers\paper-2581_workplace_safety_in_industry_4_0_and_beyond_a_case_study_on_risk_reduction_through_smart_man.pdf,business_social_finance,high,worker safety case study,Workplace Safety in Industry 4.0 and Beyond: A Case Study on Risk Reduction Through Smart Manufacturing Systems in the Automotive Sector,10.3390/safety11020050
2026-06-04T15:43:31,paper-2582,extraction_papers\paper-2582_prediction_of_cardiac_arrhythmias_in_cancer_patients_treated_with_immune_checkpoint_inhibito.pdf,clinical_human_outcome,high,clinical arrhythmia prediction,Prediction of Cardiac Arrhythmias in Cancer Patients Treated with Immune Checkpoint Inhibitors Using Electrocardiogram,10.3390/diagnostics15101235
2026-06-04T15:43:31,paper-2583,extraction_papers\paper-2583_a_sector_specific_digital_maturity_model_for_inland_waterway_transport.pdf,business_social_finance,medium,digital maturity assessment,A Sector-Specific Digital Maturity Model for Inland Waterway Transport,10.3390/systems13050347
2026-06-04T15:43:31,paper-2586,extraction_papers\paper-2586_ai_driven_solutions_to_improve_safety_and_health_application_of_the_redeca_framework_for_agr.pdf,other_nonmaintenance,high,tractor driver safety analysis,AI-driven solutions to improve safety and health: Application of the REDECA framework for agricultural tractor drivers,10.1371/journal.pgph.0003543
2026-06-04T15:43:31,paper-2594,extraction_papers\paper-2594_screening_and_grading_of_textural_interface_opacities_in_dsaek_grafts_with_the_m_tio_scale_f.pdf,clinical_human_outcome,high,corneal graft visual outcome prediction,Screening and Grading of Textural Interface Opacities in DSAEK Grafts with the M-TIO Scale for Predicting Visual Outcomes,10.3390/diagnostics15101241
2026-06-04T15:43:31,paper-2596,extraction_papers\paper-2596_comparison_of_contact_and_non_contact_in_single_slope_solar_desalination_systems_experimenta.pdf,generic_nonmaintenance_ai_control,high,desalination performance prediction,Comparison of Contact and Non-Contact in Single-Slope Solar Desalination Systems: Experimental Insights and Machine Learning Predictions,10.3390/pr13041129
2026-06-04T15:43:31,paper-2599,extraction_papers\paper-2599_application_of_augmented_reality_based_digital_twin_approaches_a_case_study_to_industrial_eq.pdf,generic_nonmaintenance_ai_control,medium,AR digital twin visualization,Application of augmented reality-based digital twin approaches: a case study to industrial equipment,10.1007/s00170-025-15755-w
2026-06-04T15:43:31,paper-2612,extraction_papers\paper-2612_accumulation_patterns_and_numerical_simulation_of_nitrate_n_in_layered_soils_of_the_vadose_z.pdf,environment_natural_system,high,Soil nitrate modeling,Accumulation Patterns and Numerical Simulation of Nitrate-N in Layered Soils of the Vadose Zone in Cotton Fields,10.3390/w17081117
2026-06-04T15:43:31,paper-2613,extraction_papers\paper-2613_ecgel_a_multimodal_12_lead_ecg_classification_model_for_heart_failure_prediction.pdf,clinical_human_outcome,high,Heart failure prediction,ECGEL: a multimodal 12-lead ECG classification model for heart failure prediction,10.1007/s13534-025-00468-6
2026-06-04T15:43:31,paper-2625,extraction_papers\paper-2625_enhancing_predictive_modelling_and_interpretability_in_heart_failure_prediction_a_shap_based.pdf,clinical_human_outcome,high,Heart failure mortality prediction,Enhancing predictive modelling and interpretability in heart failure prediction: a SHAP-based analysis,10.11591/ijict.v14i1.pp11-19
2026-06-04T15:43:31,paper-2626,extraction_papers\paper-2626_hybrid_cnn_lstm_model_with_custom_activation_and_loss_functions_for_predicting_fan_actuator.pdf,generic_nonmaintenance_ai_control,high,Greenhouse actuator control prediction,Hybrid CNN-LSTM Model with Custom Activation and Loss Functions for Predicting Fan Actuator States in Smart Greenhouses,10.3390/agriengineering7040118
2026-06-04T15:43:31,paper-2627,extraction_papers\paper-2627_the_intelliestimator_estimating_maintenance_cost_and_prediction_of_software_quality_reliabil.pdf,software_it_cyber,high,Software maintenance prediction,"The IntelliEstimator: Estimating Maintenance Cost and Prediction of Software Quality, Reliability, and Maintenance Using Stacking RFCXGB Classifier",10.47857/irjms.2025.v06i02.03365
2026-06-04T15:43:31,paper-2629,extraction_papers\paper-2629_on_the_fluid_behavior_response_characteristics_during_early_stage_of_cbm_co_production_in_su.pdf,acronym_collision,high,CBM means coalbed methane,On the Fluid Behavior Response Characteristics During Early Stage of CBM Co-Production in Superimposed Pressure Systems: Insights from Experimental Analysis,10.3390/pr13041095
2026-06-04T15:43:31,paper-2632,extraction_papers\paper-2632_unravelling_ostrom_s_design_principles_underpinning_sustainable_heritage_projects.pdf,other_nonmaintenance,high,Heritage governance principles,Unravelling Ostrom’s Design Principles Underpinning Sustainable Heritage Projects,10.3390/buildings15071152
2026-06-04T15:43:31,paper-2633,extraction_papers\paper-2633_quantitative_cortex_based_mapping_with_hybrid_18f_fdg_pet_mr_images_in_mri_negative_epilepsy.pdf,clinical_human_outcome,high,Epilepsy clinical mapping,Quantitative Cortex-Based Mapping With Hybrid 18F-FDG-PET/MR Images in MRI-Negative Epilepsy,10.1111/cns.70336
2026-06-04T15:43:31,paper-2636,extraction_papers\paper-2636_fault_resilient_wireless_platforms_for_industrial_iot_applications.pdf,software_it_cyber,medium,Wireless network resilience focus,Fault-Resilient Wireless Platforms for Industrial IoT Applications,10.58346/JOWUA.2025.I2.040
2026-06-04T15:43:31,paper-2680,extraction_papers\paper-2680_user_guide_and_sensor_selection_guide_for_process_transparency.pdf,generic_nonmaintenance_ai_control,high,Sensor selection for process transparency,User Guide and Sensor Selection Guide for Process Transparency,10.3390/pr13041130
2026-06-04T15:43:31,paper-2681,extraction_papers\paper-2681_enhanced_pilot_attention_monitoring_a_time_frequency_eeg_analysis_using_cnn_lstm_networks_fo.pdf,other_nonmaintenance,high,Pilot attention monitoring,Enhanced Pilot Attention Monitoring: A Time-Frequency EEG Analysis Using CNN–LSTM Networks for Aviation Safety,10.3390/info16060503
2026-06-04T15:43:31,paper-2694,extraction_papers\paper-2694_characteristics_analysis_of_failure_envelope_for_fiber_reinforced_plastic_and_its_dependence.pdf,other_nonmaintenance,medium,Composite material failure mechanics,Characteristics analysis of failure envelope for fiber-reinforced plastic and its dependence on the ratio of uniaxial strength,10.1002/pc.29487
2026-06-04T15:43:31,paper-2695,extraction_papers\paper-2695_proactive_healthcare_machine_learning_driven_insights_into_kidney_failure_prediction.pdf,clinical_human_outcome,high,Kidney failure prediction,Proactive healthcare: machine learning-driven insights into kidney failure prediction,10.1007/s43995-025-00118-z
2026-06-04T15:43:31,paper-2701,extraction_papers\paper-2701_virtualized_computational_rfid_vcrfid_solution_for_industry_4_0_applications.pdf,generic_nonmaintenance_ai_control,high,RFID sensing platform only,Virtualized Computational RFID (VCRFID) Solution for Industry 4.0 Applications †,10.3390/electronics14122397
2026-06-04T15:43:31,paper-2702,extraction_papers\paper-2702_digital_twin_road_value_and_implications_involving_data_and_application.pdf,generic_nonmaintenance_ai_control,medium,Generic road digital twin,Digital Twin Road: value and implications involving data and application,10.1007/s42452-025-07018-w
2026-06-04T15:43:31,paper-2720,extraction_papers\paper-2720_external_validation_and_update_of_the_pediatric_asthma_risk_score_as_a_passive_digital_marke.pdf,clinical_human_outcome,high,Childhood asthma risk prediction,External validation and update of the pediatric asthma risk score as a passive digital marker for childhood asthma using integrated electronic health records,10.1016/j.eclinm.2025.103254
2026-06-04T15:43:31,paper-2724,extraction_papers\paper-2724_investigation_on_electromigration_induced_failure_and_reservoir_effect_in_alcu_interconnects.pdf,other_nonmaintenance,medium,Interconnect failure physics,Investigation on Electromigration-Induced Failure and Reservoir Effect in AlCu Interconnects,10.3390/mi16040458
2026-06-04T15:43:31,paper-2737,extraction_papers\paper-2737_refining_drought_assessment_a_multi_dimensional_analysis_of_condition_monitoring_observer_re.pdf,environment_natural_system,high,Drought condition reports,Refining Drought Assessment: A Multi-Dimensional Analysis of Condition Monitoring Observer Reports in Missouri (2018–2024),10.3390/atmos16040389
2026-06-04T15:43:31,paper-2742,extraction_papers\paper-2742_a_collision_risk_control_model_for_mechanical_engineering_vehicles_based_on_image_road_condi.pdf,generic_nonmaintenance_ai_control,high,Vehicle collision risk control,A Collision Risk Control Model for Mechanical Engineering Vehicles Based on Image Road Condition Monitoring Method,10.15282/ijame.22.2.2025.13.0950
2026-06-04T15:43:31,paper-2744,extraction_papers\paper-2744_internet_of_things_applications_for_energy_management_in_buildings_using_artificial_intellig.pdf,generic_nonmaintenance_ai_control,high,Building energy optimization,Internet of Things Applications for Energy Management in Buildings Using Artificial Intelligence—A Case Study,10.3390/en18071706
2026-06-04T15:43:31,paper-2746,extraction_papers\paper-2746_estimating_time_to_failure_and_long_term_strength_of_rocks_based_on_creep_strain_rate_model.pdf,environment_natural_system,medium,Rock creep failure prediction,Estimating Time-to-Failure and Long-Term Strength of Rocks Based on Creep Strain Rate Model,10.1007/s00603-024-04088-x
2026-06-04T15:43:31,paper-2749,extraction_papers\paper-2749_evaluation_of_the_impact_of_fermentation_conditions_scale_up_and_stirring_on_physicochemical.pdf,biology_biotech_non_equipment,high,Kombucha fermentation optimization,"Evaluation of the Impact of Fermentation Conditions, Scale Up and Stirring on Physicochemical Parameters, Antioxidant Capacity and Volatile Compounds of Green Tea Kombucha",10.3390/fermentation11040201
2026-06-04T15:43:31,paper-2752,extraction_papers\paper-2752_energy_evolution_law_and_catastrophic_failure_prediction_of_luohe_formation_sandstone_during.pdf,environment_natural_system,high,Sandstone freeze-thaw failure,Energy evolution law and catastrophic failure prediction of Luohe formation sandstone during rupture process experienced one freeze-thaw cycle,10.1371/journal.pone.0321656
2026-06-04T15:43:31,paper-2757,extraction_papers\paper-2757_microfinance_institutions_failure_prediction_in_emerging_countries_a_machine_learning_approa.pdf,business_social_finance,high,Microfinance failure prediction,"Microfinance institutions failure prediction in emerging countries, a machine learning approach",10.1371/journal.pone.0321989
2026-06-04T15:43:31,paper-2764,extraction_papers\paper-2764_intelligent_3d_printing_algorithms_accelerating_additive_manufacturing_with_precision_and_de.pdf,generic_nonmaintenance_ai_control,medium,Additive manufacturing defect control,Intelligent 3D Printing Algorithms: Accelerating Additive Manufacturing with Precision and Defect-Free Fabrication,10.14419/fs83b471
2026-06-04T15:43:31,paper-2768,extraction_papers\paper-2768_mold_free_manufacturing_of_ultra_thin_composite_film_with_flower_like_microstructures_for_hi.pdf,clinical_human_outcome,high,Wearable physiological monitoring,Mold-Free Manufacturing of Ultra-Thin Composite Film with Flower-like Microstructures for Highly Sensitive Tactile Sensing,10.3390/ma18122863
2026-06-04T15:43:31,paper-2778,extraction_papers\paper-2778_a_kick_in_the_headwaters_evaluating_a_macroinvertebrate_sampling_method_for_ecological_condi.pdf,environment_natural_system,high,Stream ecological monitoring,A Kick in the Headwaters: Evaluating a Macroinvertebrate Sampling Method for Ecological Condition Monitoring in Small Streams,10.1002/rra.4405
2026-06-04T15:43:31,paper-2779,extraction_papers\paper-2779_the_influence_of_the_machining_parameters_of_aw_7020_aluminum_alloy_shafts_on_the_surface_ro.pdf,generic_nonmaintenance_ai_control,medium,Machining quality monitoring,"The Influence of the Machining Parameters of AW-7020 Aluminum Alloy Shafts on the Surface Roughness, Cutting Forces, and Acoustic Emission Signal",10.3390/ma18091992
2026-06-04T15:43:31,paper-2785,extraction_papers\paper-2785_revisiting_gps_spoofing_in_phasor_measurement_real_world_exploitation_and_practical_detectio.pdf,software_it_cyber,high,Power grid GPS spoofing,Revisiting GPS Spoofing in Phasor Measurement: Real-World Exploitation and Practical Detection in Power Grids,10.1145/3720543
2026-06-04T15:43:31,paper-2788,extraction_papers\paper-2788_evolution_and_optimization_of_the_halp_formula_for_predicting_free_flap_failure_a_progressiv.pdf,clinical_human_outcome,high,Surgical flap failure prediction,Evolution and Optimization of the HALP Formula for Predicting Free Flap Failure: A Progressive Analysis of Predictive Accuracy,10.3390/surgeries6020044
2026-06-04T15:43:31,paper-2815,extraction_papers\paper-2815_comparative_analysis_of_post_hoc_explainable_methods_for_robotic_grasp_failure_prediction.pdf,generic_nonmaintenance_ai_control,high,Robotic grasp failure not maintenance,Comparative Analysis of Post Hoc Explainable Methods for Robotic Grasp Failure Prediction,10.3390/electronics14091868
2026-06-04T15:43:31,paper-2823,extraction_papers\paper-2823_innovative_data_techniques_for_centrifugal_pump_optimization_with_machine_learning_and_ai_mo.pdf,generic_nonmaintenance_ai_control,medium,Pump optimization without maintenance aim,Innovative data techniques for centrifugal pump optimization with machine learning and AI model,10.1371/journal.pone.0325952
2026-06-04T15:43:31,paper-2833,extraction_papers\paper-2833_comparison_of_different_criteria_and_analytical_models_for_the_analysis_of_composite_cylinde.pdf,other_nonmaintenance,high,Composite cylinder design failure analysis,Comparison of Different Criteria and Analytical Models for the Analysis of Composite Cylinders Assisted by Online Software,10.3390/applmech6020032
2026-06-04T15:43:31,paper-2837,extraction_papers\paper-2837_digital_twin_based_virtual_factory_and_cyber_physical_production_systems_collaborative_auton.pdf,generic_nonmaintenance_ai_control,high,Generic industrial metaverse framework,"Digital twin-based virtual factory and cyber-physical production systems, collaborative autonomous robotic and networked manufacturing technologies, and enterprise and business intelligence algorithms for industrial metaverse",10.24136/eq.3557
2026-06-04T15:43:31,paper-2845,extraction_papers\paper-2845_source_free_domain_adaptation_for_cross_modality_abdominal_multi_organ_segmentation_challeng.pdf,clinical_human_outcome,high,Clinical organ segmentation,Source-Free Domain Adaptation for Cross-Modality Abdominal Multi-Organ Segmentation Challenges,10.3390/info16060460
2026-06-04T15:43:31,paper-2867,extraction_papers\paper-2867_orthotropic_constitutive_modeling_and_tsai_wu_failure_criterion_for_carbon_fiber_reinforced.pdf,other_nonmaintenance,high,Composite material failure modeling,Orthotropic Constitutive Modeling and Tsai–Wu Failure Criterion for Carbon Fiber-Reinforced PEEK Composites,10.3390/polym17081076
2026-06-04T15:43:31,paper-2870,extraction_papers\paper-2870_substation_inspection_safety_risk_identification_based_on_synthetic_data_and_spatiotemporal.pdf,generic_nonmaintenance_ai_control,high,Operator safety action detection,Substation Inspection Safety Risk Identification Based on Synthetic Data and Spatiotemporal Action Detection,10.3390/s25092720
2026-06-04T15:43:31,paper-2876,extraction_papers\paper-2876_acoustic_based_machine_main_state_monitoring_for_high_speed_cnc_drilling.pdf,generic_nonmaintenance_ai_control,high,CNC operational state detection only,Acoustic-Based Machine Main State Monitoring for High-Speed CNC Drilling,10.3390/machines13050372
2026-06-04T15:43:31,paper-2885,extraction_papers\paper-2885_radiodosiomics_prediction_of_treatment_failures_prior_to_chemoradiotherapy_in_head_and_neck.pdf,clinical_human_outcome,high,Cancer treatment failure prediction,Radiodosiomics Prediction of Treatment Failures Prior to Chemoradiotherapy in Head-and-Neck Squamous Cell Carcinoma,10.3390/app15126941
2026-06-04T15:43:31,paper-2889,extraction_papers\paper-2889_proposal_for_a_digital_twin_approach_based_on_uncertainty_management_interactive_optimisatio.pdf,generic_nonmaintenance_ai_control,high,Mechanical design optimization digital twin,Proposal for a Digital Twin Approach Based on Uncertainty Management Interactive Optimisation,10.1007/s42979-025-03849-x
2026-06-04T15:43:31,paper-2893,extraction_papers\paper-2893_a_unified_equation_for_predicting_crack_growth_in_rubber_composites_across_all_crack_growth.pdf,other_nonmaintenance,high,Rubber material crack growth model,A Unified Equation for Predicting Crack Growth in Rubber Composites Across All Crack Growth Rates,10.3390/polym17101357
2026-06-04T15:43:31,paper-2909,extraction_papers\paper-2909_improving_educational_outcomes_and_economic_efficiency_with_wireless_sensor_networks_in_smar.pdf,business_social_finance,high,Educational outcomes resource optimization,Improving Educational Outcomes and Economic Efficiency with Wireless Sensor Networks in Smart Classrooms,10.58346/JOWUA.2025.I2.045
2026-06-04T15:43:31,paper-2913,extraction_papers\paper-2913_the_legacy_of_the_roman_pottery_production_in_the_alluvial_landscape_in_italy_traces_of_reli.pdf,other_nonmaintenance,high,Archaeological landscape mapping,The legacy of the Roman pottery production in the alluvial landscape in Italy: traces of relict clay pits and their ancient environmental impact,10.1007/s12520-025-02202-w
2026-06-04T15:43:31,paper-2916,extraction_papers\paper-2916_analysis_of_distribution_patterns_and_competitiveness_of_the_ethnic_medicine_and_healthcare.pdf,acronym_collision,high,PDM means Porter Diamond Model,Analysis of Distribution Patterns and Competitiveness of the Ethnic Medicine and Healthcare Industry Using Multi-Source Data,10.1002/hpm.3900
2026-06-04T15:43:31,paper-2922,extraction_papers\paper-2922_real_time_mems_based_joint_friction_identification_for_enhanced_dynamic_performance_in_robot.pdf,generic_nonmaintenance_ai_control,medium,Robot friction identification for control,Real Time MEMS-Based Joint Friction Identification for Enhanced Dynamic Performance in Robotic Applications,10.3390/robotics14040036
2026-06-04T15:43:31,paper-2923,extraction_papers\paper-2923_a_vca_combined_mhsa_cnn_for_aero_engine_hot_jet_remote_sensing_mixed_spectral_feature_extrac.pdf,other_nonmaintenance,high,Aero-engine exhaust spectral unmixing,A VCA Combined MHSA-CNN for Aero-Engine Hot Jet Remote Sensing Mixed Spectral Feature Extraction,10.3390/rs17071147
2026-06-04T15:43:31,paper-2926,extraction_papers\paper-2926_a_practical_approach_to_defining_a_framework_for_developing_an_agentic_aiops_system.pdf,software_it_cyber,high,AIOps IT operations framework,A Practical Approach to Defining a Framework for Developing an Agentic AIOps System,10.3390/electronics14091775
2026-06-04T15:43:31,paper-2932,extraction_papers\paper-2932_towards_frugal_industrial_ai_a_framework_for_the_development_of_scalable_and_robust_machine.pdf,generic_nonmaintenance_ai_control,medium,Generic frugal industrial AI framework,Towards Frugal Industrial AI: a framework for the development of scalable and robust machine learning models in the shop floor,10.1007/s00170-024-14508-5
2026-06-04T15:43:31,paper-2939,extraction_papers\paper-2939_detection_of_heart_disease_using_binary_classification_machine_learning_model.pdf,clinical_human_outcome,high,Heart disease diagnosis,Detection of Heart Disease Using Binary Classification Machine Learning Model,10.18280/isi.300501
2026-06-04T15:43:31,paper-2944,extraction_papers\paper-2944_revolutionizing_mobility_the_integration_of_machine_learning_and_artificial_intelligence_in.pdf,generic_nonmaintenance_ai_control,high,General automotive AI mobility review,Revolutionizing Mobility: The Integration of Machine Learning and Artificial Intelligence in the Automotive Industry,10.14445/23488379/IJEEE-V12I5P126
2026-06-04T15:43:31,paper-2964,extraction_papers\paper-2964_revolutionising_educational_management_with_ai_and_wireless_networks_a_framework_for_smart_r.pdf,business_social_finance,high,Educational management resource allocation,Revolutionising Educational Management with AI and Wireless Networks: A Framework for Smart Resource Allocation and Decision-Making,10.3390/app15105293
2026-06-04T15:43:31,paper-2967,extraction_papers\paper-2967_predicting_business_failure_with_the_xgboost_algorithm_the_role_of_environmental_risk.pdf,business_social_finance,high,Business failure prediction,Predicting Business Failure with the XGBoost Algorithm: The Role of Environmental Risk,10.3390/su17114948
2026-06-04T15:43:31,paper-2980,extraction_papers\paper-2980_characterization_of_space_charge_accumulations_in_alternative_gas_to_liquid_oil_immersed_pap.pdf,other_nonmaintenance,medium,Transformer insulation material behavior,Characterization of Space Charge Accumulations in Alternative Gas-to-Liquid Oil-Immersed Paper Insulation Under Polarity Reversal Voltage Scenarios,10.3390/en18123152
2026-06-04T15:43:31,paper-2983,extraction_papers\paper-2983_non_invasive_voltage_measurement_device_based_on_mems_electric_field_sensor_and_applications.pdf,generic_nonmaintenance_ai_control,high,Voltage measurement device only,Non-Invasive Voltage Measurement Device Based on MEMS Electric Field Sensor and Applications,10.3390/electronics14112140
2026-06-04T15:43:31,paper-2984,extraction_papers\paper-2984_integrating_density_functional_theory_calculations_and_machine_learning_to_identify_conducti.pdf,acronym_collision,high,CBM means conduction band minimum,Integrating Density Functional Theory Calculations and Machine Learning to Identify Conduction Band Minimum as a Descriptor for High-Efficiency Hydrogen Evolution Reaction Catalysts in Transition Metal Dichalcogenides,10.3390/catal15040309
2026-06-04T15:43:31,paper-2985,extraction_papers\paper-2985_heart_failure_prediction_based_on_bootstrap_sampling_and_weighted_fusion_lightgbm_model.pdf,clinical_human_outcome,high,Heart failure prediction,Heart Failure Prediction Based on Bootstrap Sampling and Weighted Fusion LightGBM Model,10.3390/app15084360
2026-06-04T15:43:31,paper-2997,extraction_papers\paper-2997_fault_recognition_method_and_application_based_on_generative_adversarial_network.pdf,environment_natural_system,high,Geological fault recognition,Fault Recognition Method and Application Based on Generative Adversarial Network,10.1002/ese3.70086
2026-06-04T15:43:31,paper-3000,extraction_papers\paper-3000_implementation_of_iot_and_intelligent_control_in_rectifiers_and_control_of_pneumatic_valves.pdf,generic_nonmaintenance_ai_control,high,Process automation without maintenance,Implementation of IOT and Intelligent Control in Rectifiers and Control of Pneumatic Valves for the Optimization of the Process of Chrome Plating and Pickling of Hydraulic Components,10.14445/23488379/IJEEE-V12I5P125
2026-06-04T15:43:31,paper-3009,extraction_papers\paper-3009_flow_heat_transfer_characteristics_and_dynamic_response_of_once_through_cooling_water_system.pdf,generic_nonmaintenance_ai_control,high,Cooling system control optimization only,Flow Heat Transfer Characteristics and Dynamic Response of Once-Through Cooling Water System in Nuclear Power Plants Under Complex Operating Conditions,10.3390/en18051207
2026-06-04T15:43:31,paper-3018,extraction_papers\paper-3018_assembly_of_cellulases_from_separate_catalytic_domains_and_a_cellulose_binding_module_for_un.pdf,acronym_collision,high,CBM means cellulose binding module,Assembly of Cellulases from Separate Catalytic Domains and a Cellulose-Binding Module for Understanding Cooperative Crystalline Cellulose Degradation,10.3390/app15042214
2026-06-04T15:43:31,paper-3022,extraction_papers\paper-3022_complex_valued_physics_informed_machine_learning_for_efficient_solving_of_quintic_nonlinear.pdf,generic_nonmaintenance_ai_control,high,Physics equation solver no maintenance,Complex-valued physics-informed machine learning for efficient solving of quintic nonlinear Schrödinger equations,10.1103/PhysRevResearch.7.013164
2026-06-04T15:43:31,paper-3047,extraction_papers\paper-3047_an_efficient_time_sensitive_networking_traffic_scheduling_method_for_train_communication_net.pdf,generic_nonmaintenance_ai_control,high,Train network traffic scheduling only,An Efficient Time-Sensitive Networking Traffic Scheduling Method for Train Communication Network,10.1002/tee.24210
2026-06-04T15:43:31,paper-3057,extraction_papers\paper-3057_harnessing_industry_4_0_for_smes_advancing_smart_manufacturing_and_logistics_for_sustainable.pdf,business_social_finance,high,SME technology adoption study,Harnessing Industry 4.0 for SMEs: Advancing Smart Manufacturing and Logistics for Sustainable Supply Chains,10.3390/su17030813
2026-06-04T15:43:31,paper-3065,extraction_papers\paper-3065_machine_learning_based_process_monitoring_for_automated_composites_manufacturing.pdf,generic_nonmaintenance_ai_control,medium,Manufacturing process quality monitoring,Machine-learning based process monitoring for automated composites manufacturing,10.1007/s10845-023-02282-2
2026-06-04T15:43:31,paper-3101,extraction_papers\paper-3101_machine_learning_and_company_failure_prediction_evidence_from_south_africa.pdf,business_social_finance,high,Company failure prediction,Machine learning and company failure prediction: Evidence from South Africa,10.4102/ac.v25i1.1365
2026-06-04T15:43:31,paper-3102,extraction_papers\paper-3102_monitoring_welfare_of_individual_broiler_chickens_using_ultra_wideband_and_inertial_measurem.pdf,biology_biotech_non_equipment,high,Animal welfare monitoring,Monitoring Welfare of Individual Broiler Chickens Using Ultra-Wideband and Inertial Measurement Unit Wearables,10.3390/s25030811
2026-06-04T15:43:31,paper-3111,extraction_papers\paper-3111_intersections_of_big_data_and_iot_in_academic_publications_a_topic_modeling_approach.pdf,other_nonmaintenance,high,Bibliometric topic modeling only,Intersections of Big Data and IoT in Academic Publications: A Topic Modeling Approach,10.3390/s25030906
2026-06-04T15:43:31,paper-3116,extraction_papers\paper-3116_turning_agricultural_biomass_ash_into_a_valuable_resource_in_the_construction_industry_explo.pdf,acronym_collision,high,CBM means circular business model,Turning Agricultural Biomass Ash into a Valuable Resource in the Construction Industry—Exploring the Potential of Industrial Symbiosis,10.3390/buildings15020273
2026-06-04T15:43:31,paper-3119,extraction_papers\paper-3119_leveraging_cloud_and_iot_based_nlp_in_virtual_reality_for_sustainable_industry_innovation_a.pdf,generic_nonmaintenance_ai_control,high,Generic cloud IoT VR framework,"Leveraging Cloud and IoT-Based NLP in Virtual Reality for Sustainable Industry Innovation: A Pathway to Achieving SDG 9 (Industry, Innovation, and Infrastructure)",10.1002/itl2.659
2026-06-04T15:43:31,paper-3121,extraction_papers\paper-3121_optimization_of_decision_support_technology_for_offshore_oil_condition_monitoring_with_carbo.pdf,generic_nonmaintenance_ai_control,medium,Oil image classification no asset maintenance,Optimization of Decision Support Technology for Offshore Oil Condition Monitoring with Carbon Neutrality as the Goal in the Enterprise Development Process,10.1371/journal.pone.0319858
2026-06-04T15:43:31,paper-3160,extraction_papers\paper-3160_effect_of_cognitive_bias_modification_training_on_body_image_dissatisfaction_in_adolescents.pdf,clinical_human_outcome,high,CBM clinical training in adolescents,Effect of cognitive bias modification training on body image dissatisfaction in adolescents with anorexia nervosa or depression—a pilot feasibility randomized controlled crossover study,10.3389/fpsyg.2025.1655064
2026-06-04T15:43:31,paper-3200,extraction_papers\paper-3200_hybrid_driven_dynamic_position_prediction_of_robot_end_effector_integrating_parametric_dynam.pdf,acronym_collision,high,PDM means parametric dynamic model,Hybrid-Driven Dynamic Position Prediction of Robot End-Effector Integrating Parametric Dynamic Model and Machine Learning,10.3390/app15020895
2026-06-04T15:43:31,paper-3240,extraction_papers\paper-3240_ensemble_learning_for_real_time_anomaly_detection_and_predictive_maintenance_in_smart_factor.pdf,software_it_cyber,medium,IIoT intrusion detection not asset health,ENSEMBLE LEARNING FOR REAL-TIME ANOMALY DETECTION AND PREDICTIVE MAINTENANCE IN SMART FACTORIES,10.30765/er.2633
2026-06-04T15:43:31,paper-3249,extraction_papers\paper-3249_building_defect_prediction_models_by_online_learning_considering_defect_overlooking.pdf,software_it_cyber,high,Software defect prediction online learning,Building Defect Prediction Models by Online Learning Considering Defect Overlooking,10.1587/transinf.2024MPL0001
2026-06-04T15:43:31,paper-3256,extraction_papers\paper-3256_domain_specific_implications_of_error_type_metrics_in_risk_based_software_fault_prediction.pdf,software_it_cyber,high,Software fault prediction,Domain-specific implications of error-type metrics in risk-based software fault prediction,10.1007/s11219-024-09704-1
2026-06-04T15:43:31,paper-3265,extraction_papers\paper-3265_controlled_fault_current_interruption_scheme_for_improved_fault_prediction_accuracy.pdf,other_nonmaintenance,medium,Short-circuit current prediction not maintenance,Controlled Fault Current Interruption Scheme for Improved Fault Prediction Accuracy,10.3390/app15063106
2026-06-04T15:43:31,paper-3268,extraction_papers\paper-3268_particle_swarm_optimization_long_short_term_memory_based_dynamic_prediction_model_of_single.pdf,generic_nonmaintenance_ai_control,medium,Process temperature prediction not maintenance,Particle Swarm Optimization–Long Short-Term Memory-Based Dynamic Prediction Model of Single-Crystal Furnace Temperature and Heating Power,10.3390/cryst15020110
2026-06-04T15:43:31,paper-3277,extraction_papers\paper-3277_artificial_intelligence_enabled_supply_chain_management_unlocking_new_opportunities_and_chal.pdf,business_social_finance,high,Supply chain management overview,Artificial Intelligence-Enabled Supply Chain Management: Unlocking New Opportunities and Challenges,10.47852/bonviewAIA42021814
2026-06-04T15:43:31,paper-3284,extraction_papers\paper-3284_global_reporting_format_automation_under_rain_runways_conditions_monitoring_in_real_time_usi.pdf,other_nonmaintenance,high,Runway rain condition reporting not maintenance,Global Reporting Format Automation Under Rain: Runways Conditions Monitoring in Real-Time Using Integrated Sensing and Communication Technology,10.1002/eng2.70043
2026-06-04T15:43:31,paper-3293,extraction_papers\paper-3293_can_the_triglyceride_glucose_index_identify_prediabetes_in_children_and_adolescents_with_obe.pdf,acronym_collision,high,Prediabetes study not maintenance,Can the triglyceride–glucose index identify prediabetes in children and adolescents with obesity? a cross-sectional study,10.3389/fendo.2025.1657912
2026-06-04T15:43:31,paper-3307,extraction_papers\paper-3307_generalization_of_set_of_features_for_the_software_fault_prediction_using_ant_colony_based_f.pdf,software_it_cyber,high,Software fault prediction feature selection,Generalization of set of features for the software fault prediction using ant colony-based feature selection,10.1007/s41870-025-02919-w
2026-06-04T15:43:31,paper-3344,extraction_papers\paper-3344_the_problems_of_scooter_sharing_in_smart_cities_based_on_the_example_of_the_silesian_region.pdf,other_nonmaintenance,high,Scooter sharing usage issues not predictive maintenance,The Problems of Scooter-Sharing in Smart Cities Based on the Example of the Silesian Region in Poland,10.3390/smartcities8010016
2026-06-04T15:43:31,paper-3353,extraction_papers\paper-3353_analysis_of_oria_abraka_33_11_kv_power_sub_station_a_case_for_sustainable_power_supply.pdf,other_nonmaintenance,medium,Substation availability analysis without maintenance,Analysis of Oria Abraka 33/11 kV Power Sub-Station: A Case for Sustainable Power Supply,10.37933/nipes/7.1.2025.17
2026-06-04T15:43:31,paper-3372,extraction_papers\paper-3372_scalable_and_adaptive_machine_learning_models_for_early_software_fault_prediction_in_agile_d.pdf,software_it_cyber,high,Agile software fault prediction,SCALABLE AND ADAPTIVE MACHINE LEARNING MODELS FOR EARLY SOFTWARE FAULT PREDICTION IN AGILE DEVELOPMENT: ENHANCING SOFTWARE RELIABILITY AND SPRINT PLANNING EFFICIENCY,10.12732/ijam.v38i2s.74
2026-06-04T15:43:31,paper-3384,extraction_papers\paper-3384_the_impact_of_defect_re_prediction_on_software_testing.pdf,software_it_cyber,high,Software defect prediction study,The Impact of Defect (Re) Prediction on Software Testing,10.1587/transinf.2024MPL0002
2026-06-04T15:43:31,paper-3394,extraction_papers\paper-3394_application_and_optimization_of_industrial_internet_and_big_data_analytics_in_enterprise_dec.pdf,generic_nonmaintenance_ai_control,high,Enterprise decision support without maintenance,Application and Optimization of Industrial Internet and Big Data Analytics in Enterprise Decision-Making †,10.3390/engproc2025103027
2026-06-04T15:43:31,paper-3419,extraction_papers\paper-3419_development_of_a_personal_health_management_system_integrating_digital_twin_technology_and_s.pdf,acronym_collision,high,PHM means personal health management,Development of a personal health management system integrating digital twin technology and smart wearables in China,10.3389/fpubh.2025.1674111
2026-06-04T15:43:31,paper-3430,extraction_papers\paper-3430_advanced_ecg_signal_analysis_for_cardiovascular_disease_diagnosis_using_avoa_optimized_ensem.pdf,clinical_human_outcome,high,ECG cardiovascular disease diagnosis,Advanced ECG Signal Analysis for Cardiovascular Disease Diagnosis Using AVOA Optimized Ensembled Deep Transfer Learning Approaches,10.32604/cmc.2025.063562
2026-06-04T15:43:31,paper-3434,extraction_papers\paper-3434_utilizing_artificial_intelligence_in_energy_management_systems_to_improve_carbon_emission_re.pdf,generic_nonmaintenance_ai_control,high,AI energy management sustainability only,UTILIZING ARTIFICIAL INTELLIGENCE IN ENERGY MANAGEMENT SYSTEMS TO IMPROVE CARBON EMISSION REDUCTION AND SUSTAINABILITY,10.22437/jiituj.v9i1.38665
2026-06-04T15:43:31,paper-3479,extraction_papers\paper-3479_quality_assurance_via_a_cyber_physical_system_of_a_pbf_lb_m_machine.pdf,generic_nonmaintenance_ai_control,medium,Additive manufacturing quality assurance only,Quality assurance via a cyber physical system of a PBF-LB/M machine,10.1007/s40964-025-00978-w
2026-06-04T15:43:31,paper-3486,extraction_papers\paper-3486_task_execution_failure_prediction_based_on_1dcnn_and_transformer_in_cloud.pdf,software_it_cyber,high,Cloud task failure prediction,Task execution Failure Prediction Based on 1DCNN and Transformer in Cloud,10.3837/tiis.2025.02.004
2026-06-04T15:43:31,paper-3489,extraction_papers\paper-3489_boosting_software_fault_prediction_accuracy_with_ensemble_learning.pdf,software_it_cyber,high,Software defect prediction,Boosting Software Fault Prediction Accuracy with Ensemble Learning †,10.3390/engproc2025107063
2026-06-04T15:43:31,paper-3496,extraction_papers\paper-3496_optimization_of_electric_service_quality_in_distribution_substations_in_urban_rural_areas_of.pdf,generic_nonmaintenance_ai_control,medium,Power quality optimization not maintenance,Optimization of Electric Service Quality in Distribution Substations in Urban-Rural Areas of Central Peru: An Approach Based on the Technical Standard for Electric Service Quality,10.14445/23488379/IJEEE-V12I2P103
2026-06-04T15:43:31,paper-3497,extraction_papers\paper-3497_bayesian_monitoring_of_machining_processes_using_non_intrusive_sensing_and_on_machine_compar.pdf,generic_nonmaintenance_ai_control,medium,Machining product quality monitoring only,Bayesian monitoring of machining processes using non-intrusive sensing and on-machine comparator measurement,10.1007/s00170-025-15174-x
2026-06-04T15:43:31,paper-3502,extraction_papers\paper-3502_artificial_intelligence_driven_internet_of_things_framework_for_wind_energy_monitoring_and_p.pdf,generic_nonmaintenance_ai_control,medium,Wind energy performance optimization only,Artificial Intelligence Driven Internet of Things Framework for Wind Energy Monitoring and Performance Enhancement in Smart Cities,10.1155/er/7215655
2026-06-04T15:43:31,paper-3506,extraction_papers\paper-3506_lightweight_cnc_digital_process_twin_framework_iiot_integration_with_open62541_opc_ua_protoc.pdf,generic_nonmaintenance_ai_control,medium,CNC digital process twin no maintenance,Lightweight CNC digital process twin framework: IIoT integration with open62541 OPC UA protocol,10.1080/21693277.2025.2544981
2026-06-04T15:43:31,paper-3507,extraction_papers\paper-3507_multi_objective_optimisation_of_a_variable_speed_limit_control_strategy_in_a_tunnel_maintena.pdf,other_nonmaintenance,high,Traffic control in maintenance work zone,MULTI-OBJECTIVE OPTIMISATION OF A VARIABLE SPEED LIMIT CONTROL STRATEGY IN A TUNNEL MAINTENANCE WORK ZONE OF THE MOUNTAIN HIGHWAY,10.7250/bjrbe.2025-20.666
2026-06-04T15:43:31,paper-3508,extraction_papers\paper-3508_optimizing_bioleaching_for_printed_circuit_board_copper_recovery_an_ai_driven_rgb_based_appr.pdf,biology_biotech_non_equipment,high,Bioleaching process optimization only,Optimizing Bioleaching for Printed Circuit Board Copper Recovery: An AI-Driven RGB-Based Approach,10.3390/app15010129
2026-06-04T15:43:31,paper-3509,extraction_papers\paper-3509_waste_efficiency_in_cold_supply_chains_through_industry_4_0_enabled_digitalisation.pdf,business_social_finance,high,Cold supply chain waste optimization,Waste efficiency in cold supply chains through industry 4.0-enabled digitalisation,10.1080/19397038.2025.2461564
2026-06-04T15:43:31,paper-3511,extraction_papers\paper-3511_development_and_implementation_of_a_public_data_repository_for_photovoltaic_systems_case_stu.pdf,generic_nonmaintenance_ai_control,medium,PV data repository performance monitoring,Development and implementation of a public data repository for photovoltaic systems: Case study malta's living laboratories,10.1016/j.seja.2025.100100
2026-06-04T15:43:31,paper-3521,extraction_papers\paper-3521_wide_bandgap_semiconductor_amplifiers_for_fusion_plasma_heating_and_control.pdf,other_nonmaintenance,high,Fusion amplifier hardware development only,Wide-Bandgap Semiconductor Amplifiers for Fusion Plasma Heating and Control,10.1080/15361055.2025.2540212
2026-06-04T15:43:31,paper-3549,extraction_papers\paper-3549_monitoring_modeling_and_analysis_of_the_electromagnetic_environment_of_hvdc_transmission_lin.pdf,generic_nonmaintenance_ai_control,medium,HVDC environmental field modeling only,Monitoring modeling and analysis of the electromagnetic environment of HVDC transmission lines based on ion flow and wind coupling field,10.3389/fenrg.2025.1571485
2026-06-04T15:43:31,paper-3550,extraction_papers\paper-3550_establishing_a_nomogram_for_post_hepatectomy_liver_failure_prediction_in_hepatocellular_carc.pdf,clinical_human_outcome,high,Post-hepatectomy liver failure prediction,Establishing a nomogram for post-hepatectomy liver failure prediction in hepatocellular carcinoma based on pre-operative and perioperative parameters,10.3389/fmed.2025.1670396
2026-06-04T15:43:31,paper-3563,extraction_papers\paper-3563_ai_driven_blockchain_solutions_for_enhancing_decision_making_in_complex_engineering_projects.pdf,business_social_finance,medium,Engineering project decision support only,AI-DRIVEN BLOCKCHAIN SOLUTIONS FOR ENHANCING DECISION-MAKING IN COMPLEX ENGINEERING PROJECTS,10.30765/er.2632
2026-06-04T15:43:31,paper-3564,extraction_papers\paper-3564_development_of_advanced_intrusion_detection_approach_using_machine_and_ensemble_learning_for.pdf,software_it_cyber,high,IIoT intrusion detection,Development of advanced intrusion detection approach using machine and ensemble learning for industrial internet of things networks,10.20537/2076-7633-2025-17-5-799-827
2026-06-04T15:43:31,paper-3580,extraction_papers\paper-3580_fetal_health_risk_classification_using_important_feature_selection_and_cart_model_on_cardiot.pdf,clinical_human_outcome,high,Fetal health risk classification,Fetal Health Risk Classification Using Important Feature Selection and Cart Model on Cardiotocography Data,10.31449/inf.v49i1.5658
2026-06-04T15:43:31,paper-3581,extraction_papers\paper-3581_passive_monitoring_of_parkinson_tremor_in_daily_life_a_prototypical_network_approach.pdf,clinical_human_outcome,high,Parkinson tremor patient monitoring,Passive Monitoring of Parkinson Tremor in Daily Life: A Prototypical Network Approach,10.3390/s25020366
2026-06-04T15:43:31,paper-3591,extraction_papers\paper-3591_managerial_drivers_and_performance_outcomes_of_ai_adoption_in_automotive_manufacturing.pdf,business_social_finance,high,Managerial AI adoption outcomes,Managerial Drivers and Performance Outcomes of AI Adoption in Automotive Manufacturing,10.14569/IJACSA.2025.0161188
2026-06-04T15:43:31,paper-3608,extraction_papers\paper-3608_performance_evaluation_of_deep_learning_image_classification_modules_in_the_mun_absai_ice_ri.pdf,environment_natural_system,high,Sea ice navigation risk classification,Performance Evaluation of Deep Learning Image Classification Modules in the MUN-ABSAI Ice Risk Management Architecture,10.3390/s25020326
2026-06-04T15:43:31,paper-3609,extraction_papers\paper-3609_devising_an_automated_method_for_experimental_measurement_of_the_rotor_inertia_moment_in_low.pdf,other_nonmaintenance,high,Generator inertia measurement not maintenance,DEVISING AN AUTOMATED METHOD FOR EXPERIMENTAL MEASUREMENT OF THE ROTOR INERTIA MOMENT IN LOW-POWER ASYNCHRONOUS GENERATORS OF RENEWABLE ENERGY SOURCES,10.15587/1729-4061.2025.331740
2026-06-04T15:43:31,paper-3612,extraction_papers\paper-3612_digital_technologies_and_cybersecurity_of_transport_infrastructure_challenges_for_rail_trans.pdf,software_it_cyber,high,Rail cybersecurity management focus,DIGITAL TECHNOLOGIES AND CYBERSECURITY OF TRANSPORT INFRASTRUCTURE: CHALLENGES FOR RAIL TRANSPORT,10.61089/aot2025.yfgz9c91
2026-06-04T15:43:31,paper-3621,extraction_papers\paper-3621_construction_of_fully_automated_key_production_line.pdf,generic_nonmaintenance_ai_control,high,Product inspection and process monitoring only,Construction of Fully Automated Key Production Line †,10.3390/engproc2025092083
2026-06-04T15:43:31,paper-3623,extraction_papers\paper-3623_ai_enhanced_embedded_iot_system_for_real_time_industrial_sensor_calibration.pdf,generic_nonmaintenance_ai_control,high,Sensor calibration not asset maintenance,AI-Enhanced Embedded IoT System for Real-Time Industrial Sensor Calibration †,10.3390/engproc2025115013
2026-06-04T15:43:31,paper-3624,extraction_papers\paper-3624_heart_disease_prediction_with_a_feature_sensitized_interpretable_framework_for_the_internet.pdf,clinical_human_outcome,high,Heart disease prediction,Heart disease prediction with a feature-sensitized interpretable framework for the Internet of Medical Things sensors,10.3389/fdgth.2025.1612915
2026-06-04T15:43:31,paper-3635,extraction_papers\paper-3635_digital_behaviour_change_intervention_for_weight_loss_maintenance_in_adults_with_obesity_a_f.pdf,clinical_human_outcome,high,Human weight maintenance intervention,Digital behaviour change intervention for weight loss maintenance in adults with obesity: a feasibility pilot study of eCHANGE,10.1080/0144929X.2024.2399299
2026-06-04T15:43:31,paper-3641,extraction_papers\paper-3641_design_and_performance_of_the_fbcm23_asic_for_the_cms_luminosity_measurement.pdf,acronym_collision,high,FBCM is beam condition monitoring,Design and Performance of the FBCM23 ASIC for the CMS Luminosity Measurement,10.1109/TNS.2025.3596108
2026-06-04T15:43:31,paper-3648,extraction_papers\paper-3648_ai_driven_property_management_decision_support_system_using_lstm_networks_for_energy_optimiz.pdf,generic_nonmaintenance_ai_control,high,Property energy optimization only,AI-Driven Property Management Decision Support System Using LSTM Networks for Energy Optimization; [Prispevek opisuje sistem za podporo odločanju v upravljanju nepremičnin na podlagi umetne inteligence in LSTM modelov],10.31449/inf.v49i10.6964
2026-06-04T15:43:31,paper-3653,extraction_papers\paper-3653_overview_of_memory_efficient_architectures_for_deep_learning_in_real_time_systems.pdf,generic_nonmaintenance_ai_control,high,Generic deep learning efficiency review,Overview of Memory-Efficient Architectures for Deep Learning in Real-Time Systems †,10.3390/engproc2025104077
2026-06-04T15:43:31,paper-3659,extraction_papers\paper-3659_survival_analysis_and_machine_learning_models_for_predicting_heart_failure_outcomes.pdf,clinical_human_outcome,high,Heart failure outcome prediction,Survival Analysis and Machine Learning Models for Predicting Heart Failure Outcomes,10.14569/IJACSA.2025.0160536
2026-06-04T15:43:31,paper-3663,extraction_papers\paper-3663_vlsi_design_and_implementation_of_ars_for_periods_estimation.pdf,generic_nonmaintenance_ai_control,high,Generic signal processing hardware,VLSI Design and Implementation of ARS for Periods Estimation,10.1587/transele.2023ECP5054
2026-06-04T15:43:31,paper-3664,extraction_papers\paper-3664_understanding_the_influence_of_thermal_properties_and_surface_conditions_on_thermal_modellin.pdf,environment_natural_system,high,Permafrost thermal modeling,Understanding the influence of thermal properties and surface conditions on thermal modelling results at two permafrost sites,10.1139/cgj-2024-0716
2026-06-04T15:43:31,paper-3668,extraction_papers\paper-3668_identification_of_fault_prone_components_in_multimedia_software_based_on_optimal_threshold_v.pdf,software_it_cyber,high,Software fault prediction,Identification of Fault Prone Components in Multimedia Software based on Optimal Threshold Values decided using Genetic Algorithm,10.3897/jucs.129859
2026-06-04T15:43:31,paper-3672,extraction_papers\paper-3672_a_fuzzy_system_for_detection_of_road_slipperiness_in_arctic_snowy_conditions_using_lidar.pdf,generic_nonmaintenance_ai_control,high,Driving safety surface classification only,A fuzzy system for detection of road slipperiness in Arctic snowy conditions using LiDAR,10.3389/frai.2025.1600174
2026-06-04T15:43:31,paper-3677,extraction_papers\paper-3677_a_new_fault_recognition_method_based_on_empirical_mode_decomposition_and_texture_attributes.pdf,environment_natural_system,high,Geological coal seam fault detection,A New Fault Recognition Method Based on Empirical Mode Decomposition and Texture Attributes,10.5755/j02.eie.36989
2026-06-04T15:43:31,paper-3680,extraction_papers\paper-3680_advanced_anomaly_detection_in_mobile_networks_a_hybrid_approach_based_on_statistical_and_mac.pdf,software_it_cyber,high,Mobile network traffic anomaly detection,Advanced Anomaly Detection in Mobile Networks: A Hybrid Approach Based on Statistical and Machine Learning Techniques,10.3991/ijim.v19i13.54539
2026-06-04T15:43:31,paper-3682,extraction_papers\paper-3682_generative_ai_for_industry_5_0_analyzing_the_impact_of_chatgpt_dalle_and_other_models.pdf,generic_nonmaintenance_ai_control,high,Generic generative AI industry review,"Generative AI for Industry 5.0: Analyzing the Impact of ChatGPT, DALLE, and Other Models",10.1109/OJCOMS.2024.3400161
2026-06-04T15:43:31,paper-3684,extraction_papers\paper-3684_a_comparative_study_of_neural_network_pruning_strategies_for_industrial_applications.pdf,generic_nonmaintenance_ai_control,high,Neural pruning methods not maintenance,A comparative study of neural network pruning strategies for industrial applications,10.3389/fcomp.2025.1563942
2026-06-04T15:43:31,paper-3685,extraction_papers\paper-3685_development_of_a_solar_powered_edge_processing_perimeter_alert_system_with_ai_and_lora_loraw.pdf,other_nonmaintenance,high,Perimeter security drone detection,Development of a Solar-Powered Edge Processing Perimeter Alert System with AI and LoRa/LoRaWAN Integration for Drone Detection and Enhanced Security,10.3390/drones9010043
2026-06-04T15:43:31,paper-3688,extraction_papers\paper-3688_bathymetric_changes_of_lake_chivero_zimbabwe_as_a_result_of_sedimentation.pdf,environment_natural_system,high,Lake sedimentation assessment,"Bathymetric Changes of Lake Chivero, Zimbabwe, as a Result of Sedimentation",10.1111/lre.70015
2026-06-04T15:43:31,paper-3695,extraction_papers\paper-3695_predictive_modeling_of_ultimate_tensile_strength_in_dissimilar_friction_stir_welded_aluminum.pdf,other_nonmaintenance,high,Weld strength prediction not maintenance,Predictive modeling of ultimate tensile strength in dissimilar friction stir welded aluminum alloys via machine learning approach,10.1080/09500839.2025.2472669
2026-06-04T15:43:31,paper-3720,extraction_papers\paper-3720_research_and_academic_entrepreneurship_technological_transfer_in_the_contexts_of_digital_tra.pdf,generic_nonmaintenance_ai_control,medium,Technology transfer discussion only,Research and Academic Entrepreneurship: Technological Transfer in the Contexts of Digital Transition and Decarbonisation of the Built Environment; [Ricerca e imprenditorialità accademica. Trasferimento tecnologico in contesti di transizione digitale e decarbonizzazione dell’ambiente costruito],10.36253/techne-17419
2026-06-04T15:43:31,paper-3726,extraction_papers\paper-3726_podfailpred_a_new_open_source_dataset_to_train_ai_models_on_predicting_pod_failures_in_kuber.pdf,software_it_cyber,high,Kubernetes pod failure prediction,PodFailPred: A New Open-Source Dataset to Train AI Models on Predicting Pod Failures in Kubernetes,10.22266/ijies2025.0430.34
2026-06-04T15:43:31,paper-3739,extraction_papers\paper-3739_paradigms_of_modeling_and_improving_the_reliability_of_data_transmission_in_vlc_technologies.pdf,software_it_cyber,high,VLC data transmission reliability,PARADIGMS OF MODELING AND IMPROVING THE RELIABILITY OF DATA TRANSMISSION IN VLC TECHNOLOGIES; [Парадигми моделювання та підвищення надійності передачі даних у VLC технологій],10.33271/nvngu/2025-4/177
2026-06-04T15:43:31,paper-3743,extraction_papers\paper-3743_evaluating_artificial_intelligence_based_industrial_wastewater_anaerobic_ammonium_oxidation.pdf,generic_nonmaintenance_ai_control,high,Wastewater treatment optimization,"Evaluating Artificial Intelligence-Based Industrial Wastewater Anaerobic Ammonium Oxidation Treatment Optimization and Its Environmental, Economic, and Social Benefits Using a Life Cycle Assessment–System Dynamics Model",10.3390/pr13010059
2026-06-04T15:43:31,paper-3744,extraction_papers\paper-3744_qhf_cs_quantum_enhanced_heart_failure_prediction_using_quantum_cnn_with_optimized_feature_qu.pdf,clinical_human_outcome,high,Heart failure clinical prediction,QHF-CS: Quantum-Enhanced Heart Failure Prediction Using Quantum CNN with Optimized Feature Qubit Selection with Cuckoo Search in Skewed Clinical Data,10.32604/cmc.2025.065287
2026-06-04T15:43:31,paper-3746,extraction_papers\paper-3746_a_bi_objective_policy_for_resilient_and_sustainable_sfc_management_in_telco_cloud_environmen.pdf,software_it_cyber,high,Telco cloud SFC availability,A Bi-Objective Policy for Resilient and Sustainable SFC Management in Telco-Cloud Environments,10.1109/ACCESS.2025.3646975
2026-06-04T15:43:31,paper-3750,extraction_papers\paper-3750_the_role_of_remote_outpatient_monitoring_in_the_rheumatoid_arthritis_activity_control.pdf,clinical_human_outcome,high,Rheumatoid arthritis patient monitoring,The role of remote outpatient monitoring in the rheumatoid arthritis activity control; [Роль удаленного амбулаторного мониторинга в контроле активности ревматоидного артрита],10.21518/ms2025-531
2026-06-04T15:43:31,paper-3755,extraction_papers\paper-3755_heart_failure_prediction_through_a_comparative_study_of_machine_learning_and_deep_learning_m.pdf,clinical_human_outcome,high,Heart failure outcome prediction,Heart Failure Prediction Through a Comparative Study of Machine Learning and Deep Learning Models †,10.3390/engproc2025107061
2026-06-04T15:43:31,paper-3758,extraction_papers\paper-3758_the_sme_ai_experience_center_overcoming_ai_adoption_barriers_for_smes_in_industrial_producti.pdf,business_social_finance,high,SME AI adoption support,The SME AI Experience Center: Overcoming AI Adoption Barriers for SMEs in Industrial Production,10.1007/s13218-025-00899-4
2026-06-04T15:43:31,paper-3761,extraction_papers\paper-3761_energy_efficient_fault_data_prediction_and_transmission_in_wsn_iot_using_bio_inspired_optimi.pdf,software_it_cyber,high,WSN routing and fault data,Energy-Efficient Fault Data Prediction and Transmission in WSN IoT using Bio-Inspired Optimization and Deep Learning,10.53759/7669/jmc202505094
2026-06-04T15:43:31,paper-3765,extraction_papers\paper-3765_optimization_of_mechanical_manufacturing_processes_via_deep_reinforcement_learning_based_sch.pdf,generic_nonmaintenance_ai_control,high,Manufacturing scheduling optimization,Optimization of Mechanical Manufacturing Processes Via Deep Reinforcement Learning-Based Scheduling Models,10.31449/inf.v49i14.7204
2026-06-04T15:43:31,paper-3766,extraction_papers\paper-3766_advanced_mathematical_modeling_of_woolen_knitting_dynamics_using_laplace_transform_and_fourt.pdf,generic_nonmaintenance_ai_control,high,Textile process dynamics modeling,Advanced Mathematical Modeling of Woolen Knitting Dynamics Using Laplace Transform and Fourth-Order Runge–Kutta Method,10.1155/jom/4985087
2026-06-04T15:43:31,paper-3770,extraction_papers\paper-3770_biosynthetic_pathway_of_psi_psi_carotene_from_streptomyces_sp_vitgv38_mcc_4869.pdf,biology_biotech_non_equipment,high,Streptomyces biosynthetic pathway,"Biosynthetic Pathway of psi, psi-Carotene from Streptomyces sp. VITGV38 (MCC 4869)",10.3389/fmicb.2025.1548894
2026-06-04T15:43:31,paper-3776,extraction_papers\paper-3776_machine_learning_driven_multi_objective_optimization_for_intelligent_control_in_forage_feed.pdf,generic_nonmaintenance_ai_control,high,Feed processing optimization,Machine Learning-Driven Multi-Objective Optimization for Intelligent Control in Forage Feed Processing,10.31449/inf.v49i34.8850
2026-06-04T15:43:31,paper-3779,extraction_papers\paper-3779_rogue_base_station_detection_in_industrial_internet_of_things.pdf,software_it_cyber,high,IIoT wireless security detection,Rogue Base Station Detection in Industrial Internet of Things,10.18494/SAM5279
2026-06-04T15:43:31,paper-3782,extraction_papers\paper-3782_a_hypergraph_convolution_based_intelligent_healthcare_platform_for_aging_population_manageme.pdf,clinical_human_outcome,high,Aging population healthcare monitoring,A hypergraph convolution-based intelligent healthcare platform for aging population management,10.3389/fpubh.2025.1640808
2026-06-04T15:43:31,paper-3789,extraction_papers\paper-3789_predicting_viability_of_small_businesses_on_the_edge_of_failure.pdf,business_social_finance,high,Small business viability prediction,Predicting viability of small businesses on the edge of failure,10.1080/00472778.2024.2435506
2026-06-04T15:43:31,paper-3793,extraction_papers\paper-3793_machine_learning_based_anomaly_prediction_for_proactive_monitoring_in_data_centers_a_case_st.pdf,software_it_cyber,medium,Data center IT anomaly prediction,Machine Learning-Based Anomaly Prediction for Proactive Monitoring in Data Centers: A Case Study on INFN-CNAF,10.3390/app15020655
2026-06-04T15:43:31,paper-3809,extraction_papers\paper-3809_a_predictive_material_property_scaling_approach_for_eliminating_mesh_size_dependence_in_nume.pdf,other_nonmaintenance,high,Material simulation lacks maintenance purpose,A Predictive Material Property Scaling Approach for Eliminating Mesh Size Dependence in Numerical Simulations for Debris Impact Tests of Titanium Alloy (TI-6Al-4 V) Engine Casing,10.1007/s40870-025-00500-x
2026-06-04T15:43:31,paper-3822,extraction_papers\paper-3822_assessment_of_trade_off_balance_of_maize_stover_use_for_bioenergy_and_soil_erosion_mitigatio.pdf,environment_natural_system,high,Soil erosion resource study,Assessment of trade-off balance of maize stover use for bioenergy and soil erosion mitigation in Western Kenya,10.3389/fsufs.2025.1409457
2026-06-04T15:43:31,paper-3839,extraction_papers\paper-3839_fracture_analysis_of_316l_specimens_fabricated_via_material_extrusion_additive_manufacturing.pdf,other_nonmaintenance,high,Material fracture tests lack maintenance aim,Fracture Analysis of 316L Specimens Fabricated via Material Extrusion Additive Manufacturing: Influence of Building Orientation and Notch Acuity,10.1111/ffe.14463
2026-06-04T15:43:31,paper-3847,extraction_papers\paper-3847_ethical_transparency_in_business_failure_prediction_uncovering_the_black_box_of_xgboost_algo.pdf,business_social_finance,high,Business failure prediction,Ethical transparency in business failure prediction: uncovering the black box of xgboost algorithm,10.1080/02102412.2024.2423498
2026-06-04T15:43:31,paper-3855,extraction_papers\paper-3855_integrating_artificial_intelligence_and_the_internet_of_things_for_smart_laboratory_engineer.pdf,generic_nonmaintenance_ai_control,medium,Smart laboratory optimization lacks asset maintenance,Integrating artificial intelligence and the internet of things for smart laboratory engineering construction and management team optimisation,10.1504/IJICT.2025.150949
2026-06-04T15:43:31,paper-3861,extraction_papers\paper-3861_a_feature_selection_method_for_software_defect_prediction_based_on_improved_beluga_whale_opt.pdf,software_it_cyber,high,Software defect prediction only,A Feature Selection Method for Software Defect Prediction Based on Improved Beluga Whale Optimization Algorithm,10.32604/cmc.2025.061532
2026-06-04T15:43:31,paper-3862,extraction_papers\paper-3862_unleashing_the_potential_of_industrial_iot_and_industry_5_0.pdf,generic_nonmaintenance_ai_control,high,Conceptual IoT standards no maintenance use,Unleashing the Potential of Industrial IoT and Industry 5.0,10.1109/EMR.2025.3644409
2026-06-04T15:43:31,paper-3866,extraction_papers\paper-3866_aircraft_noise_model_improvement_by_calibration_of_noise_power_distance_values_using_acousti.pdf,generic_nonmaintenance_ai_control,high,Aircraft noise model calibration only,Aircraft noise model improvement by calibration of noise–power–distance values using acoustic measurements,10.1007/s13272-025-00902-6
2026-06-04T15:43:31,paper-3867,extraction_papers\paper-3867_phase_specific_kidney_graft_failure_prediction_with_machine_learning_model.pdf,clinical_human_outcome,high,Kidney graft failure prediction,Phase-specific kidney graft failure prediction with machine learning model,10.3389/frai.2025.1682639
2026-06-04T15:43:31,paper-3871,extraction_papers\paper-3871_optimization_of_production_processes_and_tool_utilization_in_industrial_grinding_operations.pdf,generic_nonmaintenance_ai_control,medium,Production optimization lacks condition maintenance,Optimization of production processes and tool utilization in industrial grinding operations,10.12913/22998624/202552
2026-06-04T15:43:31,paper-3874,extraction_papers\paper-3874_hybrid_method_for_quality_diagnosis_in_rotary_friction_welding_using_vibration_signals.pdf,generic_nonmaintenance_ai_control,medium,Welding quality diagnosis not maintenance,Hybrid Method for Quality Diagnosis in Rotary Friction Welding Using Vibration Signals,10.1590/0104-9224/SI30.03
2026-06-04T15:43:31,paper-3880,extraction_papers\paper-3880_bolus_tracking_from_pulsed_x_ray_projections_a_feasibility_study_using_a_five_dimensional_ca.pdf,clinical_human_outcome,high,Clinical CT contrast timing study,Bolus tracking from pulsed x-ray projections: A feasibility study using a five-dimensional cardiac CT contrast dynamics model,10.1002/mp.17464
2026-06-04T15:43:31,paper-3884,extraction_papers\paper-3884_co2_and_pm2_5_focused_optimal_ventilation_strategy_based_on_predictive_control.pdf,generic_nonmaintenance_ai_control,high,Ventilation predictive control not maintenance,CO2- and PM2.5-Focused Optimal Ventilation Strategy Based on Predictive Control,10.1155/ina/6652442
2026-06-04T15:43:31,paper-3905,extraction_papers\paper-3905_multicenter_evaluation_of_machine_and_deep_learning_methods_to_predict_glaucoma_surgical_out.pdf,clinical_human_outcome,high,Glaucoma surgical outcome prediction,Multicenter evaluation of machine and deep learning methods to predict glaucoma surgical outcomes,10.3389/frai.2025.1636410
2026-06-04T15:43:31,paper-3918,extraction_papers\paper-3918_smart_iot_enabled_embedded_platform_for_real_time_energy_efficiency_assessment_in_heat_pumps.pdf,generic_nonmaintenance_ai_control,medium,Heat pump efficiency monitoring only,Smart IoT-Enabled Embedded Platform for Real-Time Energy Efficiency Assessment in Heat Pumps †,10.3390/engproc2025115014
2026-06-04T15:43:31,paper-3923,extraction_papers\paper-3923_machine_learning_and_5g_edge_computing_for_intelligent_traffic_management.pdf,generic_nonmaintenance_ai_control,high,Traffic management not asset maintenance,Machine Learning and 5G Edge Computing for Intelligent Traffic Management,10.14569/IJACSA.2025.0160644
2026-06-04T15:43:31,paper-3936,extraction_papers\paper-3936_technologies_for_adaptation_of_agriculture_to_climate_change_in_kyrgyzstan.pdf,environment_natural_system,high,Crop adaptation not equipment maintenance,Technologies for adaptation of agriculture to climate change in Kyrgyzstan; [Технології адаптації сільського господарства до змін клімату в Киргизстані],10.48077/scihor2.2025.104
2026-06-04T15:43:31,paper-3956,extraction_papers\paper-3956_development_of_warranty_management_visualisation_for_automotive_aftermarket_with_integration.pdf,business_social_finance,medium,Warranty analytics not maintenance decision,Development of Warranty Management Visualisation for Automotive Aftermarket with Integration Of AI,10.24191/jmeche.v23i1.5527
2026-06-04T15:43:31,paper-3967,extraction_papers\paper-3967_reused_fabrics_in_three_layer_filters_performance_and_modeling.pdf,other_nonmaintenance,medium,Water filtration model no maintenance,REUSED FABRICS IN THREE-LAYER FILTERS: PERFORMANCE AND MODELING,10.17683/ijomam/issue22.v1.6
2026-06-04T15:43:31,paper-3968,extraction_papers\paper-3968_smart_mini_greenhouse_for_eco_friendly_agriculture.pdf,environment_natural_system,high,Greenhouse crop monitoring not maintenance,Smart Mini Greenhouse for Eco-Friendly Agriculture,10.31803/tg-20250415140751
2026-06-04T15:43:31,paper-3973,extraction_papers\paper-3973_precise_state_of_charge_estimation_for_libs_a_cutting_edge_nonlinear_model_approach_with_enh.pdf,generic_nonmaintenance_ai_control,medium,Battery SOC estimation not maintenance,Precise state-of-charge estimation for LIBs: a cutting-edge nonlinear model approach with enhanced robustness and reliability,10.1504/IJCIS.2025.149029
2026-06-04T15:43:31,paper-3974,extraction_papers\paper-3974_hybrid_machine_learning_framework_with_data_analytics_model_for_privacy_preserved_intelligen.pdf,software_it_cyber,medium,Federated IoT framework lacks asset target,Hybrid Machine Learning Framework with Data Analytics Model for Privacy-Preserved Intelligent Predictive Maintenance in Healthcare IoT,10.3844/jcssp.2025.1.12
2026-06-04T15:43:31,paper-3981,extraction_papers\paper-3981_a_cost_benefit_model_for_sustainable_product_reuse_and_repurposing_in_circular_remanufacturi.pdf,business_social_finance,high,Circular remanufacturing cost model,A Cost–Benefit Model for Sustainable Product Reuse and Repurposing in Circular Remanufacturing,10.3390/su17010245
