batch_index,corpus_id,filename,source_path,staged_path,staged_by
1,paper-0269,paper-0269_service_oriented_architecture_for_decision_support_in_industrial_life_cycle_management_desig.pdf,extraction_papers/paper-0269_service_oriented_architecture_for_decision_support_in_industrial_life_cycle_management_desig.pdf,extraction_papers/ontocast_runs/run_500_20260710_185042/input/paper-0269_service_oriented_architecture_for_decision_support_in_industrial_life_cycle_management_desig.pdf,hardlink
2,paper-0273,paper-0273_physics_enhanced_orthogonal_sensing_for_self_supervised_anomaly_detection_in_rolling_mills.pdf,extraction_papers/paper-0273_physics_enhanced_orthogonal_sensing_for_self_supervised_anomaly_detection_in_rolling_mills.pdf,extraction_papers/ontocast_runs/run_500_20260710_185042/input/paper-0273_physics_enhanced_orthogonal_sensing_for_self_supervised_anomaly_detection_in_rolling_mills.pdf,hardlink
3,paper-0280,paper-0280_early_fault_detection_in_gearboxes_via_dynamic_principal_component_analysis_driven_multivari.pdf,extraction_papers/paper-0280_early_fault_detection_in_gearboxes_via_dynamic_principal_component_analysis_driven_multivari.pdf,extraction_papers/ontocast_runs/run_500_20260710_185042/input/paper-0280_early_fault_detection_in_gearboxes_via_dynamic_principal_component_analysis_driven_multivari.pdf,hardlink
4,paper-0284,paper-0284_explainable_machine_learning_for_incipient_anomaly_detection_in_compact_molten_salt_heat_exc.pdf,extraction_papers/paper-0284_explainable_machine_learning_for_incipient_anomaly_detection_in_compact_molten_salt_heat_exc.pdf,extraction_papers/ontocast_runs/run_500_20260710_185042/input/paper-0284_explainable_machine_learning_for_incipient_anomaly_detection_in_compact_molten_salt_heat_exc.pdf,hardlink
5,paper-0287,paper-0287_shap_driven_fractional_long_range_model_for_degradation_trend_prediction_of_proton_exchange.pdf,extraction_papers/paper-0287_shap_driven_fractional_long_range_model_for_degradation_trend_prediction_of_proton_exchange.pdf,extraction_papers/ontocast_runs/run_500_20260710_185042/input/paper-0287_shap_driven_fractional_long_range_model_for_degradation_trend_prediction_of_proton_exchange.pdf,hardlink
6,paper-0289,paper-0289_mechaforge_a_multi_strategy_time_series_synthesis_framework_for_intelligent_fault_diagnosis.pdf,extraction_papers/paper-0289_mechaforge_a_multi_strategy_time_series_synthesis_framework_for_intelligent_fault_diagnosis.pdf,extraction_papers/ontocast_runs/run_500_20260710_185042/input/paper-0289_mechaforge_a_multi_strategy_time_series_synthesis_framework_for_intelligent_fault_diagnosis.pdf,hardlink
7,paper-0302,paper-0302_dban_net_a_dual_branch_attention_network_for_acoustic_fault_detection_in_electrical_power_eq.pdf,extraction_papers/paper-0302_dban_net_a_dual_branch_attention_network_for_acoustic_fault_detection_in_electrical_power_eq.pdf,extraction_papers/ontocast_runs/run_500_20260710_185042/input/paper-0302_dban_net_a_dual_branch_attention_network_for_acoustic_fault_detection_in_electrical_power_eq.pdf,hardlink
8,paper-0305,paper-0305_machine_learning_applications_in_predictive_maintenance_data_balancing_and_feature_selection.pdf,extraction_papers/paper-0305_machine_learning_applications_in_predictive_maintenance_data_balancing_and_feature_selection.pdf,extraction_papers/ontocast_runs/run_500_20260710_185042/input/paper-0305_machine_learning_applications_in_predictive_maintenance_data_balancing_and_feature_selection.pdf,hardlink
9,paper-0306,paper-0306_development_and_practical_application_of_condition_monitoring_system_for_ultra_high_voltage.pdf,extraction_papers/paper-0306_development_and_practical_application_of_condition_monitoring_system_for_ultra_high_voltage.pdf,extraction_papers/ontocast_runs/run_500_20260710_185042/input/paper-0306_development_and_practical_application_of_condition_monitoring_system_for_ultra_high_voltage.pdf,hardlink
10,paper-0307,paper-0307_an_rl_guided_hybrid_forecasting_framework_for_aircraft_engine_rul_and_performance_emission_p.pdf,extraction_papers/paper-0307_an_rl_guided_hybrid_forecasting_framework_for_aircraft_engine_rul_and_performance_emission_p.pdf,extraction_papers/ontocast_runs/run_500_20260710_185042/input/paper-0307_an_rl_guided_hybrid_forecasting_framework_for_aircraft_engine_rul_and_performance_emission_p.pdf,hardlink
11,paper-0313,paper-0313_optimizing_charge_discharge_cycles_using_qpponet_enabled_hybrid_learning_framework_for_energ.pdf,extraction_papers/paper-0313_optimizing_charge_discharge_cycles_using_qpponet_enabled_hybrid_learning_framework_for_energ.pdf,extraction_papers/ontocast_runs/run_500_20260710_185042/input/paper-0313_optimizing_charge_discharge_cycles_using_qpponet_enabled_hybrid_learning_framework_for_energ.pdf,hardlink
12,paper-0315,paper-0315_value_of_information_based_assessment_of_strain_based_thickness_loss_monitoring_in_ship_hull.pdf,extraction_papers/paper-0315_value_of_information_based_assessment_of_strain_based_thickness_loss_monitoring_in_ship_hull.pdf,extraction_papers/ontocast_runs/run_500_20260710_185042/input/paper-0315_value_of_information_based_assessment_of_strain_based_thickness_loss_monitoring_in_ship_hull.pdf,hardlink
13,paper-0319,paper-0319_condition_diagnostics_of_marine_centrifugal_pumps_based_on_blade_passing_frequency_harmonics.pdf,extraction_papers/paper-0319_condition_diagnostics_of_marine_centrifugal_pumps_based_on_blade_passing_frequency_harmonics.pdf,extraction_papers/ontocast_runs/run_500_20260710_185042/input/paper-0319_condition_diagnostics_of_marine_centrifugal_pumps_based_on_blade_passing_frequency_harmonics.pdf,hardlink
14,paper-0320,paper-0320_gpcn_a_decomposition_based_hybrid_model_for_a_lithium_ion_capacity_forecasting_and_rul_infer.pdf,extraction_papers/paper-0320_gpcn_a_decomposition_based_hybrid_model_for_a_lithium_ion_capacity_forecasting_and_rul_infer.pdf,extraction_papers/ontocast_runs/run_500_20260710_185042/input/paper-0320_gpcn_a_decomposition_based_hybrid_model_for_a_lithium_ion_capacity_forecasting_and_rul_infer.pdf,hardlink
15,paper-0324,paper-0324_rul_estimation_of_rolling_element_bearings_using_a_hybrid_wavelet_packet_decomposition_recur.pdf,extraction_papers/paper-0324_rul_estimation_of_rolling_element_bearings_using_a_hybrid_wavelet_packet_decomposition_recur.pdf,extraction_papers/ontocast_runs/run_500_20260710_185042/input/paper-0324_rul_estimation_of_rolling_element_bearings_using_a_hybrid_wavelet_packet_decomposition_recur.pdf,hardlink
16,paper-0326,paper-0326_genetic_algorithm_based_series_parallel_mode_narx_model_gabpm_narx_for_remaining_useful_life.pdf,extraction_papers/paper-0326_genetic_algorithm_based_series_parallel_mode_narx_model_gabpm_narx_for_remaining_useful_life.pdf,extraction_papers/ontocast_runs/run_500_20260710_185042/input/paper-0326_genetic_algorithm_based_series_parallel_mode_narx_model_gabpm_narx_for_remaining_useful_life.pdf,hardlink
17,paper-0330,paper-0330_a_simulation_study_on_wear_monitoring_and_prognosis_in_electro_mechanical_brakes_for_a_small.pdf,extraction_papers/paper-0330_a_simulation_study_on_wear_monitoring_and_prognosis_in_electro_mechanical_brakes_for_a_small.pdf,extraction_papers/ontocast_runs/run_500_20260710_185042/input/paper-0330_a_simulation_study_on_wear_monitoring_and_prognosis_in_electro_mechanical_brakes_for_a_small.pdf,hardlink
18,paper-0331,paper-0331_a_lightweight_1d_cnn_transformer_for_bearing_fault_diagnosis_under_limited_data_and_awgn_int.pdf,extraction_papers/paper-0331_a_lightweight_1d_cnn_transformer_for_bearing_fault_diagnosis_under_limited_data_and_awgn_int.pdf,extraction_papers/ontocast_runs/run_500_20260710_185042/input/paper-0331_a_lightweight_1d_cnn_transformer_for_bearing_fault_diagnosis_under_limited_data_and_awgn_int.pdf,hardlink
19,paper-0333,paper-0333_a_machine_learning_framework_for_long_term_forecasting_of_spare_part_demand_in_end_of_life_p.pdf,extraction_papers/paper-0333_a_machine_learning_framework_for_long_term_forecasting_of_spare_part_demand_in_end_of_life_p.pdf,extraction_papers/ontocast_runs/run_500_20260710_185042/input/paper-0333_a_machine_learning_framework_for_long_term_forecasting_of_spare_part_demand_in_end_of_life_p.pdf,hardlink
20,paper-0337,paper-0337_active_sensing_based_prognostics_for_impacted_cfrp_structures_under_compressive_fatigue_load.pdf,extraction_papers/paper-0337_active_sensing_based_prognostics_for_impacted_cfrp_structures_under_compressive_fatigue_load.pdf,extraction_papers/ontocast_runs/run_500_20260710_185042/input/paper-0337_active_sensing_based_prognostics_for_impacted_cfrp_structures_under_compressive_fatigue_load.pdf,hardlink
21,paper-0339,paper-0339_novel_fault_diagnosis_technology_based_on_integrated_spectral_kurtosis_for_gearboxes.pdf,extraction_papers/paper-0339_novel_fault_diagnosis_technology_based_on_integrated_spectral_kurtosis_for_gearboxes.pdf,extraction_papers/ontocast_runs/run_500_20260710_185042/input/paper-0339_novel_fault_diagnosis_technology_based_on_integrated_spectral_kurtosis_for_gearboxes.pdf,hardlink
22,paper-0340,paper-0340_hybrid_fault_prognosis_using_health_index_fusion.pdf,extraction_papers/paper-0340_hybrid_fault_prognosis_using_health_index_fusion.pdf,extraction_papers/ontocast_runs/run_500_20260710_185042/input/paper-0340_hybrid_fault_prognosis_using_health_index_fusion.pdf,hardlink
23,paper-0343,paper-0343_identification_model_of_distribution_equipment_insulation_aging_enhancement_based_on_scada_k.pdf,extraction_papers/paper-0343_identification_model_of_distribution_equipment_insulation_aging_enhancement_based_on_scada_k.pdf,extraction_papers/ontocast_runs/run_500_20260710_185042/input/paper-0343_identification_model_of_distribution_equipment_insulation_aging_enhancement_based_on_scada_k.pdf,hardlink
24,paper-0346,paper-0346_a_unified_framework_combining_tsa_cwt_sk_vmd_and_transformers_for_multi_label_gearbox_diagno.pdf,extraction_papers/paper-0346_a_unified_framework_combining_tsa_cwt_sk_vmd_and_transformers_for_multi_label_gearbox_diagno.pdf,extraction_papers/ontocast_runs/run_500_20260710_185042/input/paper-0346_a_unified_framework_combining_tsa_cwt_sk_vmd_and_transformers_for_multi_label_gearbox_diagno.pdf,hardlink
25,paper-0347,paper-0347_construction_and_research_of_a_data_driven_model_for_early_fault_detection_in_rotating_machi.pdf,extraction_papers/paper-0347_construction_and_research_of_a_data_driven_model_for_early_fault_detection_in_rotating_machi.pdf,extraction_papers/ontocast_runs/run_500_20260710_185042/input/paper-0347_construction_and_research_of_a_data_driven_model_for_early_fault_detection_in_rotating_machi.pdf,hardlink
26,paper-0348,paper-0348_a_serverless_automated_mlops_framework_for_scalable_industrial_predictive_maintenance.pdf,extraction_papers/paper-0348_a_serverless_automated_mlops_framework_for_scalable_industrial_predictive_maintenance.pdf,extraction_papers/ontocast_runs/run_500_20260710_185042/input/paper-0348_a_serverless_automated_mlops_framework_for_scalable_industrial_predictive_maintenance.pdf,hardlink
27,paper-0352,paper-0352_proactive_engine_maintenance_in_aviation_using_data_driven_remaining_useful_life_estimation.pdf,extraction_papers/paper-0352_proactive_engine_maintenance_in_aviation_using_data_driven_remaining_useful_life_estimation.pdf,extraction_papers/ontocast_runs/run_500_20260710_185042/input/paper-0352_proactive_engine_maintenance_in_aviation_using_data_driven_remaining_useful_life_estimation.pdf,hardlink
28,paper-0355,paper-0355_enhanced_remaining_useful_life_prediction_of_lithium_ion_battery_based_on_a_dual_attention_h.pdf,extraction_papers/paper-0355_enhanced_remaining_useful_life_prediction_of_lithium_ion_battery_based_on_a_dual_attention_h.pdf,extraction_papers/ontocast_runs/run_500_20260710_185042/input/paper-0355_enhanced_remaining_useful_life_prediction_of_lithium_ion_battery_based_on_a_dual_attention_h.pdf,hardlink
29,paper-0357,paper-0357_numerical_and_acoustic_investigation_of_cavitation_phenomena_in_centrifugal_hydraulic_pumps.pdf,extraction_papers/paper-0357_numerical_and_acoustic_investigation_of_cavitation_phenomena_in_centrifugal_hydraulic_pumps.pdf,extraction_papers/ontocast_runs/run_500_20260710_185042/input/paper-0357_numerical_and_acoustic_investigation_of_cavitation_phenomena_in_centrifugal_hydraulic_pumps.pdf,hardlink
30,paper-0359,paper-0359_engine_remaining_useful_life_prediction_method_based_on_deep_residual_network_and_attention.pdf,extraction_papers/paper-0359_engine_remaining_useful_life_prediction_method_based_on_deep_residual_network_and_attention.pdf,extraction_papers/ontocast_runs/run_500_20260710_185042/input/paper-0359_engine_remaining_useful_life_prediction_method_based_on_deep_residual_network_and_attention.pdf,hardlink
31,paper-0361,paper-0361_tabeng_qlora_criticality_aware_tabular_to_text_adaptation_of_large_language_models_via_salie.pdf,extraction_papers/paper-0361_tabeng_qlora_criticality_aware_tabular_to_text_adaptation_of_large_language_models_via_salie.pdf,extraction_papers/ontocast_runs/run_500_20260710_185042/input/paper-0361_tabeng_qlora_criticality_aware_tabular_to_text_adaptation_of_large_language_models_via_salie.pdf,hardlink
32,paper-0363,paper-0363_prediction_of_the_remaining_useful_life_of_lithium_ion_batteries_based_on_health_features_ex.pdf,extraction_papers/paper-0363_prediction_of_the_remaining_useful_life_of_lithium_ion_batteries_based_on_health_features_ex.pdf,extraction_papers/ontocast_runs/run_500_20260710_185042/input/paper-0363_prediction_of_the_remaining_useful_life_of_lithium_ion_batteries_based_on_health_features_ex.pdf,hardlink
33,paper-0365,paper-0365_turbofan_engine_remaining_useful_life_prediction_with_reliable_prediction_intervals_via_lstm.pdf,extraction_papers/paper-0365_turbofan_engine_remaining_useful_life_prediction_with_reliable_prediction_intervals_via_lstm.pdf,extraction_papers/ontocast_runs/run_500_20260710_185042/input/paper-0365_turbofan_engine_remaining_useful_life_prediction_with_reliable_prediction_intervals_via_lstm.pdf,hardlink
34,paper-0366,paper-0366_anomaly_characterization_for_the_condition_monitoring_of_rotating_shafts_exploiting_data_fus.pdf,extraction_papers/paper-0366_anomaly_characterization_for_the_condition_monitoring_of_rotating_shafts_exploiting_data_fus.pdf,extraction_papers/ontocast_runs/run_500_20260710_185042/input/paper-0366_anomaly_characterization_for_the_condition_monitoring_of_rotating_shafts_exploiting_data_fus.pdf,hardlink
35,paper-0370,paper-0370_soiling_status_detection_in_photovoltaic_energy_systems_using_machine_learning_and_weather_d.pdf,extraction_papers/paper-0370_soiling_status_detection_in_photovoltaic_energy_systems_using_machine_learning_and_weather_d.pdf,extraction_papers/ontocast_runs/run_500_20260710_185042/input/paper-0370_soiling_status_detection_in_photovoltaic_energy_systems_using_machine_learning_and_weather_d.pdf,hardlink
36,paper-0373,paper-0373_fault_prediction_method_of_boost_converter_based_on_multi_modal_components_and_temporal_conv.pdf,extraction_papers/paper-0373_fault_prediction_method_of_boost_converter_based_on_multi_modal_components_and_temporal_conv.pdf,extraction_papers/ontocast_runs/run_500_20260710_185042/input/paper-0373_fault_prediction_method_of_boost_converter_based_on_multi_modal_components_and_temporal_conv.pdf,hardlink
37,paper-0374,paper-0374_bridging_diagnostic_condition_monitoring_and_nvh_tonal_excitation_through_frequency_domain_s.pdf,extraction_papers/paper-0374_bridging_diagnostic_condition_monitoring_and_nvh_tonal_excitation_through_frequency_domain_s.pdf,extraction_papers/ontocast_runs/run_500_20260710_185042/input/paper-0374_bridging_diagnostic_condition_monitoring_and_nvh_tonal_excitation_through_frequency_domain_s.pdf,hardlink
38,paper-0375,paper-0375_crack_propagation_mechanism_and_life_prediction_of_liner_under_thermal_fatigue_loads.pdf,extraction_papers/paper-0375_crack_propagation_mechanism_and_life_prediction_of_liner_under_thermal_fatigue_loads.pdf,extraction_papers/ontocast_runs/run_500_20260710_185042/input/paper-0375_crack_propagation_mechanism_and_life_prediction_of_liner_under_thermal_fatigue_loads.pdf,hardlink
39,paper-0378,paper-0378_intelligent_information_fusion_for_safety_critical_icing_detection_via_machine_learning_and.pdf,extraction_papers/paper-0378_intelligent_information_fusion_for_safety_critical_icing_detection_via_machine_learning_and.pdf,extraction_papers/ontocast_runs/run_500_20260710_185042/input/paper-0378_intelligent_information_fusion_for_safety_critical_icing_detection_via_machine_learning_and.pdf,hardlink
40,paper-0380,paper-0380_enhanced_temporal_convolutional_network_based_approach_for_degradation_prediction_of_reverse.pdf,extraction_papers/paper-0380_enhanced_temporal_convolutional_network_based_approach_for_degradation_prediction_of_reverse.pdf,extraction_papers/ontocast_runs/run_500_20260710_185042/input/paper-0380_enhanced_temporal_convolutional_network_based_approach_for_degradation_prediction_of_reverse.pdf,hardlink
41,paper-0383,paper-0383_application_of_infrared_thermography_on_bus_air_compressor_units_for_preventive_fault_detect.pdf,extraction_papers/paper-0383_application_of_infrared_thermography_on_bus_air_compressor_units_for_preventive_fault_detect.pdf,extraction_papers/ontocast_runs/run_500_20260710_185042/input/paper-0383_application_of_infrared_thermography_on_bus_air_compressor_units_for_preventive_fault_detect.pdf,hardlink
42,paper-0386,paper-0386_spatio_temporal_joint_network_for_coupler_anomaly_detection_under_complex_working_conditions.pdf,extraction_papers/paper-0386_spatio_temporal_joint_network_for_coupler_anomaly_detection_under_complex_working_conditions.pdf,extraction_papers/ontocast_runs/run_500_20260710_185042/input/paper-0386_spatio_temporal_joint_network_for_coupler_anomaly_detection_under_complex_working_conditions.pdf,hardlink
43,paper-0387,paper-0387_remaining_useful_life_prediction_and_early_warning_model_for_high_speed_railway_contact_syst.pdf,extraction_papers/paper-0387_remaining_useful_life_prediction_and_early_warning_model_for_high_speed_railway_contact_syst.pdf,extraction_papers/ontocast_runs/run_500_20260710_185042/input/paper-0387_remaining_useful_life_prediction_and_early_warning_model_for_high_speed_railway_contact_syst.pdf,hardlink
44,paper-0392,paper-0392_performance_analysis_of_algorithms_for_treating_outliers_in_pdm_from_uavs.pdf,extraction_papers/paper-0392_performance_analysis_of_algorithms_for_treating_outliers_in_pdm_from_uavs.pdf,extraction_papers/ontocast_runs/run_500_20260710_185042/input/paper-0392_performance_analysis_of_algorithms_for_treating_outliers_in_pdm_from_uavs.pdf,hardlink
45,paper-0393,paper-0393_laboratory_diagnostics_of_engine_oils_as_a_tool_for_identifying_mechanical_faults_and_suppor.pdf,extraction_papers/paper-0393_laboratory_diagnostics_of_engine_oils_as_a_tool_for_identifying_mechanical_faults_and_suppor.pdf,extraction_papers/ontocast_runs/run_500_20260710_185042/input/paper-0393_laboratory_diagnostics_of_engine_oils_as_a_tool_for_identifying_mechanical_faults_and_suppor.pdf,hardlink
46,paper-0396,paper-0396_subway_door_fault_prediction_employing_stacking_ensemble_learning.pdf,extraction_papers/paper-0396_subway_door_fault_prediction_employing_stacking_ensemble_learning.pdf,extraction_papers/ontocast_runs/run_500_20260710_185042/input/paper-0396_subway_door_fault_prediction_employing_stacking_ensemble_learning.pdf,hardlink
47,paper-0398,paper-0398_spht_lstm_a_novel_industrial_equipment_condition_prediction_method.pdf,extraction_papers/paper-0398_spht_lstm_a_novel_industrial_equipment_condition_prediction_method.pdf,extraction_papers/ontocast_runs/run_500_20260710_185042/input/paper-0398_spht_lstm_a_novel_industrial_equipment_condition_prediction_method.pdf,hardlink
48,paper-0400,paper-0400_a_sparrow_search_algorithm_optimized_lstm_framework_with_emd_denoising_for_rolling_element_b.pdf,extraction_papers/paper-0400_a_sparrow_search_algorithm_optimized_lstm_framework_with_emd_denoising_for_rolling_element_b.pdf,extraction_papers/ontocast_runs/run_500_20260710_185042/input/paper-0400_a_sparrow_search_algorithm_optimized_lstm_framework_with_emd_denoising_for_rolling_element_b.pdf,hardlink
49,paper-0402,paper-0402_development_and_simulation_of_a_novel_mathematical_model_for_an_intelligent_tire_system_towa.pdf,extraction_papers/paper-0402_development_and_simulation_of_a_novel_mathematical_model_for_an_intelligent_tire_system_towa.pdf,extraction_papers/ontocast_runs/run_500_20260710_185042/input/paper-0402_development_and_simulation_of_a_novel_mathematical_model_for_an_intelligent_tire_system_towa.pdf,hardlink
50,paper-0403,paper-0403_proactive_fault_prediction_in_marine_diesel_engines_using_multivariate_machine_learning.pdf,extraction_papers/paper-0403_proactive_fault_prediction_in_marine_diesel_engines_using_multivariate_machine_learning.pdf,extraction_papers/ontocast_runs/run_500_20260710_185042/input/paper-0403_proactive_fault_prediction_in_marine_diesel_engines_using_multivariate_machine_learning.pdf,hardlink
51,paper-0405,paper-0405_3d_railway_modelling_for_extending_the_remaining_useful_life_of_a_bogie.pdf,extraction_papers/paper-0405_3d_railway_modelling_for_extending_the_remaining_useful_life_of_a_bogie.pdf,extraction_papers/ontocast_runs/run_500_20260710_185042/input/paper-0405_3d_railway_modelling_for_extending_the_remaining_useful_life_of_a_bogie.pdf,hardlink
52,paper-0406,paper-0406_research_on_the_diagnosis_of_abnormal_sound_defects_in_automobile_engines_based_on_fusion_of.pdf,extraction_papers/paper-0406_research_on_the_diagnosis_of_abnormal_sound_defects_in_automobile_engines_based_on_fusion_of.pdf,extraction_papers/ontocast_runs/run_500_20260710_185042/input/paper-0406_research_on_the_diagnosis_of_abnormal_sound_defects_in_automobile_engines_based_on_fusion_of.pdf,hardlink
53,paper-0416,paper-0416_thermal_intelligence_for_hydro_generators_data_driven_prediction_of_stator_winding_temperatu.pdf,extraction_papers/paper-0416_thermal_intelligence_for_hydro_generators_data_driven_prediction_of_stator_winding_temperatu.pdf,extraction_papers/ontocast_runs/run_500_20260710_185042/input/paper-0416_thermal_intelligence_for_hydro_generators_data_driven_prediction_of_stator_winding_temperatu.pdf,hardlink
54,paper-0418,paper-0418_predicting_stator_winding_short_circuit_faults_in_induction_motors_using_machine_learning_a.pdf,extraction_papers/paper-0418_predicting_stator_winding_short_circuit_faults_in_induction_motors_using_machine_learning_a.pdf,extraction_papers/ontocast_runs/run_500_20260710_185042/input/paper-0418_predicting_stator_winding_short_circuit_faults_in_induction_motors_using_machine_learning_a.pdf,hardlink
55,paper-0419,paper-0419_early_fault_severity_prediction_in_digital_twin_enabled_industrial_systems_using_imbalance_a.pdf,extraction_papers/paper-0419_early_fault_severity_prediction_in_digital_twin_enabled_industrial_systems_using_imbalance_a.pdf,extraction_papers/ontocast_runs/run_500_20260710_185042/input/paper-0419_early_fault_severity_prediction_in_digital_twin_enabled_industrial_systems_using_imbalance_a.pdf,hardlink
56,paper-0423,paper-0423_a_metric_driven_evaluation_framework_for_remaining_useful_life_prognosis_with_quantified_unc.pdf,extraction_papers/paper-0423_a_metric_driven_evaluation_framework_for_remaining_useful_life_prognosis_with_quantified_unc.pdf,extraction_papers/ontocast_runs/run_500_20260710_185042/input/paper-0423_a_metric_driven_evaluation_framework_for_remaining_useful_life_prognosis_with_quantified_unc.pdf,hardlink
57,paper-0424,paper-0424_assessment_of_a_40_year_old_induction_motor_using_hybrid_diagnostic_and_ai_based_predictive.pdf,extraction_papers/paper-0424_assessment_of_a_40_year_old_induction_motor_using_hybrid_diagnostic_and_ai_based_predictive.pdf,extraction_papers/ontocast_runs/run_500_20260710_185042/input/paper-0424_assessment_of_a_40_year_old_induction_motor_using_hybrid_diagnostic_and_ai_based_predictive.pdf,hardlink
58,paper-0428,paper-0428_physiochemical_properties_investigation_of_thermal_moisture_aged_low_voltage_pvc_cable_insul.pdf,extraction_papers/paper-0428_physiochemical_properties_investigation_of_thermal_moisture_aged_low_voltage_pvc_cable_insul.pdf,extraction_papers/ontocast_runs/run_500_20260710_185042/input/paper-0428_physiochemical_properties_investigation_of_thermal_moisture_aged_low_voltage_pvc_cable_insul.pdf,hardlink
59,paper-0436,paper-0436_proactive_inspection_through_interpretable_online_degradation_monitoring_for_heavy_duty_ev_b.pdf,extraction_papers/paper-0436_proactive_inspection_through_interpretable_online_degradation_monitoring_for_heavy_duty_ev_b.pdf,extraction_papers/ontocast_runs/run_500_20260710_185042/input/paper-0436_proactive_inspection_through_interpretable_online_degradation_monitoring_for_heavy_duty_ev_b.pdf,hardlink
60,paper-0439,paper-0439_start_stop_cycle_induced_failure_mode_transition_in_sofc_powered_northern_sea_route_shipping.pdf,extraction_papers/paper-0439_start_stop_cycle_induced_failure_mode_transition_in_sofc_powered_northern_sea_route_shipping.pdf,extraction_papers/ontocast_runs/run_500_20260710_185042/input/paper-0439_start_stop_cycle_induced_failure_mode_transition_in_sofc_powered_northern_sea_route_shipping.pdf,hardlink
61,paper-0441,paper-0441_an_mmc_based_fracture_failure_assessment_framework_for_in_service_x80_pipelines_with_circumf.pdf,extraction_papers/paper-0441_an_mmc_based_fracture_failure_assessment_framework_for_in_service_x80_pipelines_with_circumf.pdf,extraction_papers/ontocast_runs/run_500_20260710_185042/input/paper-0441_an_mmc_based_fracture_failure_assessment_framework_for_in_service_x80_pipelines_with_circumf.pdf,hardlink
62,paper-0442,paper-0442_multi_scale_entropy_analysis_of_acoustic_emission_for_gearbox_fault_severity_classification.pdf,extraction_papers/paper-0442_multi_scale_entropy_analysis_of_acoustic_emission_for_gearbox_fault_severity_classification.pdf,extraction_papers/ontocast_runs/run_500_20260710_185042/input/paper-0442_multi_scale_entropy_analysis_of_acoustic_emission_for_gearbox_fault_severity_classification.pdf,hardlink
63,paper-0444,paper-0444_neural_network_based_submodule_capacitance_monitoring_in_modular_multilevel_converters_for_r.pdf,extraction_papers/paper-0444_neural_network_based_submodule_capacitance_monitoring_in_modular_multilevel_converters_for_r.pdf,extraction_papers/ontocast_runs/run_500_20260710_185042/input/paper-0444_neural_network_based_submodule_capacitance_monitoring_in_modular_multilevel_converters_for_r.pdf,hardlink
64,paper-0446,paper-0446_incorporating_time_dependence_into_a_fault_signature_matrix_to_support_root_cause_identifica.pdf,extraction_papers/paper-0446_incorporating_time_dependence_into_a_fault_signature_matrix_to_support_root_cause_identifica.pdf,extraction_papers/ontocast_runs/run_500_20260710_185042/input/paper-0446_incorporating_time_dependence_into_a_fault_signature_matrix_to_support_root_cause_identifica.pdf,hardlink
65,paper-0449,paper-0449_graph_neural_network_based_remaining_useful_life_prediction_of_milling_tools_using_multi_sen.pdf,extraction_papers/paper-0449_graph_neural_network_based_remaining_useful_life_prediction_of_milling_tools_using_multi_sen.pdf,extraction_papers/ontocast_runs/run_500_20260710_185042/input/paper-0449_graph_neural_network_based_remaining_useful_life_prediction_of_milling_tools_using_multi_sen.pdf,hardlink
66,paper-0452,paper-0452_remaining_useful_life_prediction_for_lithium_ion_batteries_based_on_a_deep_mixed_effect_gaus.pdf,extraction_papers/paper-0452_remaining_useful_life_prediction_for_lithium_ion_batteries_based_on_a_deep_mixed_effect_gaus.pdf,extraction_papers/ontocast_runs/run_500_20260710_185042/input/paper-0452_remaining_useful_life_prediction_for_lithium_ion_batteries_based_on_a_deep_mixed_effect_gaus.pdf,hardlink
67,paper-0457,paper-0457_monitoring_the_condition_of_city_bus_engines_by_analysing_used_oil_using_pca_and_k_means_clu.pdf,extraction_papers/paper-0457_monitoring_the_condition_of_city_bus_engines_by_analysing_used_oil_using_pca_and_k_means_clu.pdf,extraction_papers/ontocast_runs/run_500_20260710_185042/input/paper-0457_monitoring_the_condition_of_city_bus_engines_by_analysing_used_oil_using_pca_and_k_means_clu.pdf,hardlink
68,paper-0464,paper-0464_physics_informed_domain_adaptation_for_stator_inter_turn_short_circuit_diagnosis_in_synchron.pdf,extraction_papers/paper-0464_physics_informed_domain_adaptation_for_stator_inter_turn_short_circuit_diagnosis_in_synchron.pdf,extraction_papers/ontocast_runs/run_500_20260710_185042/input/paper-0464_physics_informed_domain_adaptation_for_stator_inter_turn_short_circuit_diagnosis_in_synchron.pdf,hardlink
69,paper-0466,paper-0466_fault_diagnosis_of_wind_turbine_gearboxes_based_on_svm_feature_selection_and_cgan_data_augme.pdf,extraction_papers/paper-0466_fault_diagnosis_of_wind_turbine_gearboxes_based_on_svm_feature_selection_and_cgan_data_augme.pdf,extraction_papers/ontocast_runs/run_500_20260710_185042/input/paper-0466_fault_diagnosis_of_wind_turbine_gearboxes_based_on_svm_feature_selection_and_cgan_data_augme.pdf,hardlink
70,paper-0471,paper-0471_motion_characteristics_and_defect_diagnosis_of_metallic_particles_in_gis_gil.pdf,extraction_papers/paper-0471_motion_characteristics_and_defect_diagnosis_of_metallic_particles_in_gis_gil.pdf,extraction_papers/ontocast_runs/run_500_20260710_185042/input/paper-0471_motion_characteristics_and_defect_diagnosis_of_metallic_particles_in_gis_gil.pdf,hardlink
71,paper-0473,paper-0473_adaptive_machine_learning_models_for_predictive_maintenance_in_industrial_internet_of_things.pdf,extraction_papers/paper-0473_adaptive_machine_learning_models_for_predictive_maintenance_in_industrial_internet_of_things.pdf,extraction_papers/ontocast_runs/run_500_20260710_185042/input/paper-0473_adaptive_machine_learning_models_for_predictive_maintenance_in_industrial_internet_of_things.pdf,hardlink
72,paper-0474,paper-0474_data_driven_health_prognostics_of_nmc_lithium_ion_batteries_via_impedance_spectroscopy_using.pdf,extraction_papers/paper-0474_data_driven_health_prognostics_of_nmc_lithium_ion_batteries_via_impedance_spectroscopy_using.pdf,extraction_papers/ontocast_runs/run_500_20260710_185042/input/paper-0474_data_driven_health_prognostics_of_nmc_lithium_ion_batteries_via_impedance_spectroscopy_using.pdf,hardlink
73,paper-0477,paper-0477_aiot_methodology_for_retrofitting_aeronautical_manufacturing_systems.pdf,extraction_papers/paper-0477_aiot_methodology_for_retrofitting_aeronautical_manufacturing_systems.pdf,extraction_papers/ontocast_runs/run_500_20260710_185042/input/paper-0477_aiot_methodology_for_retrofitting_aeronautical_manufacturing_systems.pdf,hardlink
74,paper-0478,paper-0478_enabling_predictive_maintenance_in_district_heating_substations_a_labelled_dataset_and_fault.pdf,extraction_papers/paper-0478_enabling_predictive_maintenance_in_district_heating_substations_a_labelled_dataset_and_fault.pdf,extraction_papers/ontocast_runs/run_500_20260710_185042/input/paper-0478_enabling_predictive_maintenance_in_district_heating_substations_a_labelled_dataset_and_fault.pdf,hardlink
75,paper-0481,paper-0481_a_novel_generalized_beamforming_layer_set_for_deep_learning_based_acoustic_cavitation_detect.pdf,extraction_papers/paper-0481_a_novel_generalized_beamforming_layer_set_for_deep_learning_based_acoustic_cavitation_detect.pdf,extraction_papers/ontocast_runs/run_500_20260710_185042/input/paper-0481_a_novel_generalized_beamforming_layer_set_for_deep_learning_based_acoustic_cavitation_detect.pdf,hardlink
76,paper-0483,paper-0483_early_prediction_of_lithium_ion_battery_degradation_with_a_generative_pre_trained_transforme.pdf,extraction_papers/paper-0483_early_prediction_of_lithium_ion_battery_degradation_with_a_generative_pre_trained_transforme.pdf,extraction_papers/ontocast_runs/run_500_20260710_185042/input/paper-0483_early_prediction_of_lithium_ion_battery_degradation_with_a_generative_pre_trained_transforme.pdf,hardlink
77,paper-0486,paper-0486_cloud_based_collaborative_cnc_manufacturing_framework_integrating_tool_wear_monitoring_and_s.pdf,extraction_papers/paper-0486_cloud_based_collaborative_cnc_manufacturing_framework_integrating_tool_wear_monitoring_and_s.pdf,extraction_papers/ontocast_runs/run_500_20260710_185042/input/paper-0486_cloud_based_collaborative_cnc_manufacturing_framework_integrating_tool_wear_monitoring_and_s.pdf,hardlink
78,paper-0489,paper-0489_xgboost_for_multi_fault_diagnosis_and_prediction_in_permanent_magnet_synchronous_machines.pdf,extraction_papers/paper-0489_xgboost_for_multi_fault_diagnosis_and_prediction_in_permanent_magnet_synchronous_machines.pdf,extraction_papers/ontocast_runs/run_500_20260710_185042/input/paper-0489_xgboost_for_multi_fault_diagnosis_and_prediction_in_permanent_magnet_synchronous_machines.pdf,hardlink
79,paper-0491,paper-0491_experimental_comparative_evaluation_of_machine_learning_methods_for_early_multi_fault_detect.pdf,extraction_papers/paper-0491_experimental_comparative_evaluation_of_machine_learning_methods_for_early_multi_fault_detect.pdf,extraction_papers/ontocast_runs/run_500_20260710_185042/input/paper-0491_experimental_comparative_evaluation_of_machine_learning_methods_for_early_multi_fault_detect.pdf,hardlink
80,paper-0501,paper-0501_a_simple_comparative_study_on_the_effectiveness_of_bearing_fault_detection_using_different_s.pdf,extraction_papers/paper-0501_a_simple_comparative_study_on_the_effectiveness_of_bearing_fault_detection_using_different_s.pdf,extraction_papers/ontocast_runs/run_500_20260710_185042/input/paper-0501_a_simple_comparative_study_on_the_effectiveness_of_bearing_fault_detection_using_different_s.pdf,hardlink
81,paper-0502,paper-0502_digital_twin_based_predictive_maintenance_in_cold_chain_logistics.pdf,extraction_papers/paper-0502_digital_twin_based_predictive_maintenance_in_cold_chain_logistics.pdf,extraction_papers/ontocast_runs/run_500_20260710_185042/input/paper-0502_digital_twin_based_predictive_maintenance_in_cold_chain_logistics.pdf,hardlink
82,paper-0509,paper-0509_a_fault_detection_model_for_predictive_maintenance_of_a_wind_turbine_based_on_a_hybrid_deep.pdf,extraction_papers/paper-0509_a_fault_detection_model_for_predictive_maintenance_of_a_wind_turbine_based_on_a_hybrid_deep.pdf,extraction_papers/ontocast_runs/run_500_20260710_185042/input/paper-0509_a_fault_detection_model_for_predictive_maintenance_of_a_wind_turbine_based_on_a_hybrid_deep.pdf,hardlink
83,paper-0510,paper-0510_predictive_maintenance_of_mining_centrifuges_using_machine_learning_and_deep_learning_models.pdf,extraction_papers/paper-0510_predictive_maintenance_of_mining_centrifuges_using_machine_learning_and_deep_learning_models.pdf,extraction_papers/ontocast_runs/run_500_20260710_185042/input/paper-0510_predictive_maintenance_of_mining_centrifuges_using_machine_learning_and_deep_learning_models.pdf,hardlink
84,paper-0512,paper-0512_stability_analysis_and_fault_diagnosis_of_all_terrain_crane_boom_with_geometric_defects.pdf,extraction_papers/paper-0512_stability_analysis_and_fault_diagnosis_of_all_terrain_crane_boom_with_geometric_defects.pdf,extraction_papers/ontocast_runs/run_500_20260710_185042/input/paper-0512_stability_analysis_and_fault_diagnosis_of_all_terrain_crane_boom_with_geometric_defects.pdf,hardlink
85,paper-0513,paper-0513_energy_efficient_cooling_system_control_in_ship_engine_rooms_using_an_intelligent_integrated.pdf,extraction_papers/paper-0513_energy_efficient_cooling_system_control_in_ship_engine_rooms_using_an_intelligent_integrated.pdf,extraction_papers/ontocast_runs/run_500_20260710_185042/input/paper-0513_energy_efficient_cooling_system_control_in_ship_engine_rooms_using_an_intelligent_integrated.pdf,hardlink
86,paper-0517,paper-0517_system_and_system_of_systems_digital_twins_for_predictive_maintenance_and_root_cause_analysi.pdf,extraction_papers/paper-0517_system_and_system_of_systems_digital_twins_for_predictive_maintenance_and_root_cause_analysi.pdf,extraction_papers/ontocast_runs/run_500_20260710_185042/input/paper-0517_system_and_system_of_systems_digital_twins_for_predictive_maintenance_and_root_cause_analysi.pdf,hardlink
87,paper-0518,paper-0518_fuzzy_comprehensive_state_evaluation_method_of_filter_circuit_breaker_based_on_field_operati.pdf,extraction_papers/paper-0518_fuzzy_comprehensive_state_evaluation_method_of_filter_circuit_breaker_based_on_field_operati.pdf,extraction_papers/ontocast_runs/run_500_20260710_185042/input/paper-0518_fuzzy_comprehensive_state_evaluation_method_of_filter_circuit_breaker_based_on_field_operati.pdf,hardlink
88,paper-0520,paper-0520_analysis_of_3d_printed_cycloidal_gear_degradation_in_a_run_to_failure_test.pdf,extraction_papers/paper-0520_analysis_of_3d_printed_cycloidal_gear_degradation_in_a_run_to_failure_test.pdf,extraction_papers/ontocast_runs/run_500_20260710_185042/input/paper-0520_analysis_of_3d_printed_cycloidal_gear_degradation_in_a_run_to_failure_test.pdf,hardlink
89,paper-0523,paper-0523_remaining_useful_life_prediction_of_milling_tool_based_on_improved_pso_multiam_bilstm.pdf,extraction_papers/paper-0523_remaining_useful_life_prediction_of_milling_tool_based_on_improved_pso_multiam_bilstm.pdf,extraction_papers/ontocast_runs/run_500_20260710_185042/input/paper-0523_remaining_useful_life_prediction_of_milling_tool_based_on_improved_pso_multiam_bilstm.pdf,hardlink
90,paper-0524,paper-0524_state_of_health_prediction_method_for_the_gas_turbine_aero_engine_fuel_metering_units_based.pdf,extraction_papers/paper-0524_state_of_health_prediction_method_for_the_gas_turbine_aero_engine_fuel_metering_units_based.pdf,extraction_papers/ontocast_runs/run_500_20260710_185042/input/paper-0524_state_of_health_prediction_method_for_the_gas_turbine_aero_engine_fuel_metering_units_based.pdf,hardlink
91,paper-0527,paper-0527_simultaneous_estimation_of_state_of_health_and_remaining_useful_life_for_lithium_ion_batteri.pdf,extraction_papers/paper-0527_simultaneous_estimation_of_state_of_health_and_remaining_useful_life_for_lithium_ion_batteri.pdf,extraction_papers/ontocast_runs/run_500_20260710_185042/input/paper-0527_simultaneous_estimation_of_state_of_health_and_remaining_useful_life_for_lithium_ion_batteri.pdf,hardlink
92,paper-0529,paper-0529_the_relationship_between_breakdowns_and_production_and_the_detection_of_breakdown_units_in_m.pdf,extraction_papers/paper-0529_the_relationship_between_breakdowns_and_production_and_the_detection_of_breakdown_units_in_m.pdf,extraction_papers/ontocast_runs/run_500_20260710_185042/input/paper-0529_the_relationship_between_breakdowns_and_production_and_the_detection_of_breakdown_units_in_m.pdf,hardlink
93,paper-0531,paper-0531_pi_fsl_physics_informed_few_shot_domain_adaptation_for_robust_cross_domain_condition_monitor.pdf,extraction_papers/paper-0531_pi_fsl_physics_informed_few_shot_domain_adaptation_for_robust_cross_domain_condition_monitor.pdf,extraction_papers/ontocast_runs/run_500_20260710_185042/input/paper-0531_pi_fsl_physics_informed_few_shot_domain_adaptation_for_robust_cross_domain_condition_monitor.pdf,hardlink
94,paper-0532,paper-0532_a_battery_cycle_level_rul_estimation_method_based_on_multi_domain_features_and_an_mcas_guide.pdf,extraction_papers/paper-0532_a_battery_cycle_level_rul_estimation_method_based_on_multi_domain_features_and_an_mcas_guide.pdf,extraction_papers/ontocast_runs/run_500_20260710_185042/input/paper-0532_a_battery_cycle_level_rul_estimation_method_based_on_multi_domain_features_and_an_mcas_guide.pdf,hardlink
95,paper-0533,paper-0533_an_iot_based_predictive_maintenance_framework_using_a_hybrid_deep_learning_model_for_smart_i.pdf,extraction_papers/paper-0533_an_iot_based_predictive_maintenance_framework_using_a_hybrid_deep_learning_model_for_smart_i.pdf,extraction_papers/ontocast_runs/run_500_20260710_185042/input/paper-0533_an_iot_based_predictive_maintenance_framework_using_a_hybrid_deep_learning_model_for_smart_i.pdf,hardlink
96,paper-0536,paper-0536_an_ensemble_lstm_based_framework_for_improved_prognostics_and_health_management_of_milling_m.pdf,extraction_papers/paper-0536_an_ensemble_lstm_based_framework_for_improved_prognostics_and_health_management_of_milling_m.pdf,extraction_papers/ontocast_runs/run_500_20260710_185042/input/paper-0536_an_ensemble_lstm_based_framework_for_improved_prognostics_and_health_management_of_milling_m.pdf,hardlink
97,paper-0537,paper-0537_intelligent_condition_monitoring_of_power_cables_using_advanced_machine_learning_models.pdf,extraction_papers/paper-0537_intelligent_condition_monitoring_of_power_cables_using_advanced_machine_learning_models.pdf,extraction_papers/ontocast_runs/run_500_20260710_185042/input/paper-0537_intelligent_condition_monitoring_of_power_cables_using_advanced_machine_learning_models.pdf,hardlink
98,paper-0540,paper-0540_non_destructive_assessment_of_gamma_radiation_aging_in_nuclear_cables_via_new_dielectric_spe.pdf,extraction_papers/paper-0540_non_destructive_assessment_of_gamma_radiation_aging_in_nuclear_cables_via_new_dielectric_spe.pdf,extraction_papers/ontocast_runs/run_500_20260710_185042/input/paper-0540_non_destructive_assessment_of_gamma_radiation_aging_in_nuclear_cables_via_new_dielectric_spe.pdf,hardlink
99,paper-0541,paper-0541_dynamic_maintenance_optimization_of_the_ds306_detacher_a_preventive_approach_and_operational.pdf,extraction_papers/paper-0541_dynamic_maintenance_optimization_of_the_ds306_detacher_a_preventive_approach_and_operational.pdf,extraction_papers/ontocast_runs/run_500_20260710_185042/input/paper-0541_dynamic_maintenance_optimization_of_the_ds306_detacher_a_preventive_approach_and_operational.pdf,hardlink
100,paper-0542,paper-0542_multiple_synergistic_degradation_parameter_identification_of_pem_fuel_cells_utilizing_threat.pdf,extraction_papers/paper-0542_multiple_synergistic_degradation_parameter_identification_of_pem_fuel_cells_utilizing_threat.pdf,extraction_papers/ontocast_runs/run_500_20260710_185042/input/paper-0542_multiple_synergistic_degradation_parameter_identification_of_pem_fuel_cells_utilizing_threat.pdf,hardlink
101,paper-0543,paper-0543_deep_learning_based_detection_and_forecasting_of_performance_losses_in_solar_pv_systems_usin.pdf,extraction_papers/paper-0543_deep_learning_based_detection_and_forecasting_of_performance_losses_in_solar_pv_systems_usin.pdf,extraction_papers/ontocast_runs/run_500_20260710_185042/input/paper-0543_deep_learning_based_detection_and_forecasting_of_performance_losses_in_solar_pv_systems_usin.pdf,hardlink
102,paper-0545,paper-0545_an_intelligent_predictive_maintenance_architecture_for_substation_automation_real_world_vali.pdf,extraction_papers/paper-0545_an_intelligent_predictive_maintenance_architecture_for_substation_automation_real_world_vali.pdf,extraction_papers/ontocast_runs/run_500_20260710_185042/input/paper-0545_an_intelligent_predictive_maintenance_architecture_for_substation_automation_real_world_vali.pdf,hardlink
103,paper-0546,paper-0546_an_intelligent_condition_monitoring_framework_for_alkaline_water_electrolyzers_based_on_hybr.pdf,extraction_papers/paper-0546_an_intelligent_condition_monitoring_framework_for_alkaline_water_electrolyzers_based_on_hybr.pdf,extraction_papers/ontocast_runs/run_500_20260710_185042/input/paper-0546_an_intelligent_condition_monitoring_framework_for_alkaline_water_electrolyzers_based_on_hybr.pdf,hardlink
104,paper-0547,paper-0547_a_low_cost_predictive_maintenance_system_for_co2_laser_cutting_machines_based_on_multi_senso.pdf,extraction_papers/paper-0547_a_low_cost_predictive_maintenance_system_for_co2_laser_cutting_machines_based_on_multi_senso.pdf,extraction_papers/ontocast_runs/run_500_20260710_185042/input/paper-0547_a_low_cost_predictive_maintenance_system_for_co2_laser_cutting_machines_based_on_multi_senso.pdf,hardlink
105,paper-0548,paper-0548_study_on_methods_and_a_system_for_real_time_monitoring_of_the_remaining_useful_life_of_a_mil.pdf,extraction_papers/paper-0548_study_on_methods_and_a_system_for_real_time_monitoring_of_the_remaining_useful_life_of_a_mil.pdf,extraction_papers/ontocast_runs/run_500_20260710_185042/input/paper-0548_study_on_methods_and_a_system_for_real_time_monitoring_of_the_remaining_useful_life_of_a_mil.pdf,hardlink
106,paper-0550,paper-0550_a_novel_hierarchical_temporal_graph_physics_guided_fusion_network_for_predictive_fault_diagn.pdf,extraction_papers/paper-0550_a_novel_hierarchical_temporal_graph_physics_guided_fusion_network_for_predictive_fault_diagn.pdf,extraction_papers/ontocast_runs/run_500_20260710_185042/input/paper-0550_a_novel_hierarchical_temporal_graph_physics_guided_fusion_network_for_predictive_fault_diagn.pdf,hardlink
107,paper-0552,paper-0552_optimizing_inspection_and_maintenance_decisions_in_degrading_systems_with_quality_loss.pdf,extraction_papers/paper-0552_optimizing_inspection_and_maintenance_decisions_in_degrading_systems_with_quality_loss.pdf,extraction_papers/ontocast_runs/run_500_20260710_185042/input/paper-0552_optimizing_inspection_and_maintenance_decisions_in_degrading_systems_with_quality_loss.pdf,hardlink
108,paper-0557,paper-0557_federated_learning_for_critical_electrical_infrastructure_handling_data_heterogeneity_for_pr.pdf,extraction_papers/paper-0557_federated_learning_for_critical_electrical_infrastructure_handling_data_heterogeneity_for_pr.pdf,extraction_papers/ontocast_runs/run_500_20260710_185042/input/paper-0557_federated_learning_for_critical_electrical_infrastructure_handling_data_heterogeneity_for_pr.pdf,hardlink
109,paper-0561,paper-0561_algorithmic_approach_to_prescriptive_maintenance_in_industry_4_0.pdf,extraction_papers/paper-0561_algorithmic_approach_to_prescriptive_maintenance_in_industry_4_0.pdf,extraction_papers/ontocast_runs/run_500_20260710_185042/input/paper-0561_algorithmic_approach_to_prescriptive_maintenance_in_industry_4_0.pdf,hardlink
110,paper-0562,paper-0562_robust_baselines_and_probability_calibration_for_tpm_oriented_predictive_maintenance.pdf,extraction_papers/paper-0562_robust_baselines_and_probability_calibration_for_tpm_oriented_predictive_maintenance.pdf,extraction_papers/ontocast_runs/run_500_20260710_185042/input/paper-0562_robust_baselines_and_probability_calibration_for_tpm_oriented_predictive_maintenance.pdf,hardlink
111,paper-0563,paper-0563_health_state_prediction_with_reinforcement_learning_for_predictive_maintenance.pdf,extraction_papers/paper-0563_health_state_prediction_with_reinforcement_learning_for_predictive_maintenance.pdf,extraction_papers/ontocast_runs/run_500_20260710_185042/input/paper-0563_health_state_prediction_with_reinforcement_learning_for_predictive_maintenance.pdf,hardlink
112,paper-0565,paper-0565_an_edge_intelligent_predictive_maintenance_system_for_underwater_data_centers_using_multi_do.pdf,extraction_papers/paper-0565_an_edge_intelligent_predictive_maintenance_system_for_underwater_data_centers_using_multi_do.pdf,extraction_papers/ontocast_runs/run_500_20260710_185042/input/paper-0565_an_edge_intelligent_predictive_maintenance_system_for_underwater_data_centers_using_multi_do.pdf,hardlink
113,paper-0566,paper-0566_towards_self_diagnostic_solar_farms_leveraging_efficientnet_and_class_activation_mapping_for.pdf,extraction_papers/paper-0566_towards_self_diagnostic_solar_farms_leveraging_efficientnet_and_class_activation_mapping_for.pdf,extraction_papers/ontocast_runs/run_500_20260710_185042/input/paper-0566_towards_self_diagnostic_solar_farms_leveraging_efficientnet_and_class_activation_mapping_for.pdf,hardlink
114,paper-0567,paper-0567_a_framework_for_integrated_maintenance_of_a_multi_robot_packaging_workcell.pdf,extraction_papers/paper-0567_a_framework_for_integrated_maintenance_of_a_multi_robot_packaging_workcell.pdf,extraction_papers/ontocast_runs/run_500_20260710_185042/input/paper-0567_a_framework_for_integrated_maintenance_of_a_multi_robot_packaging_workcell.pdf,hardlink
115,paper-0568,paper-0568_high_frequency_ultrasonic_condition_monitoring_framework_based_on_edge_computing_and_telemet.pdf,extraction_papers/paper-0568_high_frequency_ultrasonic_condition_monitoring_framework_based_on_edge_computing_and_telemet.pdf,extraction_papers/ontocast_runs/run_500_20260710_185042/input/paper-0568_high_frequency_ultrasonic_condition_monitoring_framework_based_on_edge_computing_and_telemet.pdf,hardlink
116,paper-0570,paper-0570_deriving_occurrence_variability_in_fatigue_critical_turning_manoeuvres_for_landing_gear_desi.pdf,extraction_papers/paper-0570_deriving_occurrence_variability_in_fatigue_critical_turning_manoeuvres_for_landing_gear_desi.pdf,extraction_papers/ontocast_runs/run_500_20260710_185042/input/paper-0570_deriving_occurrence_variability_in_fatigue_critical_turning_manoeuvres_for_landing_gear_desi.pdf,hardlink
117,paper-0573,paper-0573_machine_learning_for_covariate_driven_changes_in_weibull_scale_parameter.pdf,extraction_papers/paper-0573_machine_learning_for_covariate_driven_changes_in_weibull_scale_parameter.pdf,extraction_papers/ontocast_runs/run_500_20260710_185042/input/paper-0573_machine_learning_for_covariate_driven_changes_in_weibull_scale_parameter.pdf,hardlink
118,paper-0576,paper-0576_temporal_domain_vibration_fault_diagnosis_of_drone_blades_via_selective_embedding.pdf,extraction_papers/paper-0576_temporal_domain_vibration_fault_diagnosis_of_drone_blades_via_selective_embedding.pdf,extraction_papers/ontocast_runs/run_500_20260710_185042/input/paper-0576_temporal_domain_vibration_fault_diagnosis_of_drone_blades_via_selective_embedding.pdf,hardlink
119,paper-0577,paper-0577_effects_of_window_and_batch_size_on_autoencoder_lstm_models_for_remaining_useful_life_predic.pdf,extraction_papers/paper-0577_effects_of_window_and_batch_size_on_autoencoder_lstm_models_for_remaining_useful_life_predic.pdf,extraction_papers/ontocast_runs/run_500_20260710_185042/input/paper-0577_effects_of_window_and_batch_size_on_autoencoder_lstm_models_for_remaining_useful_life_predic.pdf,hardlink
120,paper-0580,paper-0580_from_reactive_to_resilient_a_hybrid_digital_twin_and_deep_learning_framework_for_mining_oper.pdf,extraction_papers/paper-0580_from_reactive_to_resilient_a_hybrid_digital_twin_and_deep_learning_framework_for_mining_oper.pdf,extraction_papers/ontocast_runs/run_500_20260710_185042/input/paper-0580_from_reactive_to_resilient_a_hybrid_digital_twin_and_deep_learning_framework_for_mining_oper.pdf,hardlink
121,paper-0583,paper-0583_a_novel_lithium_ion_battery_remaining_useful_life_prediction_method_by_learning_wiener_proce.pdf,extraction_papers/paper-0583_a_novel_lithium_ion_battery_remaining_useful_life_prediction_method_by_learning_wiener_proce.pdf,extraction_papers/ontocast_runs/run_500_20260710_185042/input/paper-0583_a_novel_lithium_ion_battery_remaining_useful_life_prediction_method_by_learning_wiener_proce.pdf,hardlink
122,paper-0584,paper-0584_performance_of_a_newly_developed_hybrid_apo_pso_metaheuristic_for_monitoring_of_intelligent.pdf,extraction_papers/paper-0584_performance_of_a_newly_developed_hybrid_apo_pso_metaheuristic_for_monitoring_of_intelligent.pdf,extraction_papers/ontocast_runs/run_500_20260710_185042/input/paper-0584_performance_of_a_newly_developed_hybrid_apo_pso_metaheuristic_for_monitoring_of_intelligent.pdf,hardlink
123,paper-0586,paper-0586_aging_feature_extraction_method_based_on_the_short_axis_diameter_ratio_of_serviced_rubber_st.pdf,extraction_papers/paper-0586_aging_feature_extraction_method_based_on_the_short_axis_diameter_ratio_of_serviced_rubber_st.pdf,extraction_papers/ontocast_runs/run_500_20260710_185042/input/paper-0586_aging_feature_extraction_method_based_on_the_short_axis_diameter_ratio_of_serviced_rubber_st.pdf,hardlink
124,paper-0588,paper-0588_linearity_analysis_of_a_brushed_dc_machine_thermal_system_in_response_to_speed_input_using_t.pdf,extraction_papers/paper-0588_linearity_analysis_of_a_brushed_dc_machine_thermal_system_in_response_to_speed_input_using_t.pdf,extraction_papers/ontocast_runs/run_500_20260710_185042/input/paper-0588_linearity_analysis_of_a_brushed_dc_machine_thermal_system_in_response_to_speed_input_using_t.pdf,hardlink
125,paper-0590,paper-0590_data_driven_condition_monitoring_and_predictive_maintenance_of_pulse_type_pneumatic_conveyin.pdf,extraction_papers/paper-0590_data_driven_condition_monitoring_and_predictive_maintenance_of_pulse_type_pneumatic_conveyin.pdf,extraction_papers/ontocast_runs/run_500_20260710_185042/input/paper-0590_data_driven_condition_monitoring_and_predictive_maintenance_of_pulse_type_pneumatic_conveyin.pdf,hardlink
126,paper-0591,paper-0591_robust_hmm_based_remaining_useful_life_estimation_using_a_ridge_regularized_em_algorithm.pdf,extraction_papers/paper-0591_robust_hmm_based_remaining_useful_life_estimation_using_a_ridge_regularized_em_algorithm.pdf,extraction_papers/ontocast_runs/run_500_20260710_185042/input/paper-0591_robust_hmm_based_remaining_useful_life_estimation_using_a_ridge_regularized_em_algorithm.pdf,hardlink
127,paper-0592,paper-0592_federated_predictive_maintenance_with_nasa_bp930_satellite_battery_in_industry_5_0.pdf,extraction_papers/paper-0592_federated_predictive_maintenance_with_nasa_bp930_satellite_battery_in_industry_5_0.pdf,extraction_papers/ontocast_runs/run_500_20260710_185042/input/paper-0592_federated_predictive_maintenance_with_nasa_bp930_satellite_battery_in_industry_5_0.pdf,hardlink
128,paper-0593,paper-0593_clarke_domain_dyadic_wavelet_denoising_for_three_phase_induction_motor_current_signals.pdf,extraction_papers/paper-0593_clarke_domain_dyadic_wavelet_denoising_for_three_phase_induction_motor_current_signals.pdf,extraction_papers/ontocast_runs/run_500_20260710_185042/input/paper-0593_clarke_domain_dyadic_wavelet_denoising_for_three_phase_induction_motor_current_signals.pdf,hardlink
129,paper-0596,paper-0596_condition_adaptive_cnn_with_spatiotemporal_fusion_for_enhanced_motor_fault_diagnosis.pdf,extraction_papers/paper-0596_condition_adaptive_cnn_with_spatiotemporal_fusion_for_enhanced_motor_fault_diagnosis.pdf,extraction_papers/ontocast_runs/run_500_20260710_185042/input/paper-0596_condition_adaptive_cnn_with_spatiotemporal_fusion_for_enhanced_motor_fault_diagnosis.pdf,hardlink
130,paper-0597,paper-0597_proposing_surge_arrester_monitoring_indicators_and_their_evaluation_using_correlation_coeffi.pdf,extraction_papers/paper-0597_proposing_surge_arrester_monitoring_indicators_and_their_evaluation_using_correlation_coeffi.pdf,extraction_papers/ontocast_runs/run_500_20260710_185042/input/paper-0597_proposing_surge_arrester_monitoring_indicators_and_their_evaluation_using_correlation_coeffi.pdf,hardlink
131,paper-0598,paper-0598_botdr_monitoring_of_tensile_state_in_three_core_fiber_optic_composite_submarine_cables_with.pdf,extraction_papers/paper-0598_botdr_monitoring_of_tensile_state_in_three_core_fiber_optic_composite_submarine_cables_with.pdf,extraction_papers/ontocast_runs/run_500_20260710_185042/input/paper-0598_botdr_monitoring_of_tensile_state_in_three_core_fiber_optic_composite_submarine_cables_with.pdf,hardlink
132,paper-0599,paper-0599_early_anomaly_detection_in_maritime_refrigerated_containers_using_a_hybrid_digital_twin_and.pdf,extraction_papers/paper-0599_early_anomaly_detection_in_maritime_refrigerated_containers_using_a_hybrid_digital_twin_and.pdf,extraction_papers/ontocast_runs/run_500_20260710_185042/input/paper-0599_early_anomaly_detection_in_maritime_refrigerated_containers_using_a_hybrid_digital_twin_and.pdf,hardlink
133,paper-0600,paper-0600_data_driven_joint_optimization_of_maintenance_and_spare_parts_provisioning_a_distributionall.pdf,extraction_papers/paper-0600_data_driven_joint_optimization_of_maintenance_and_spare_parts_provisioning_a_distributionall.pdf,extraction_papers/ontocast_runs/run_500_20260710_185042/input/paper-0600_data_driven_joint_optimization_of_maintenance_and_spare_parts_provisioning_a_distributionall.pdf,hardlink
134,paper-0602,paper-0602_hybrid_ai_and_llm_enabled_agent_based_real_time_decision_support_architecture_for_industrial.pdf,extraction_papers/paper-0602_hybrid_ai_and_llm_enabled_agent_based_real_time_decision_support_architecture_for_industrial.pdf,extraction_papers/ontocast_runs/run_500_20260710_185042/input/paper-0602_hybrid_ai_and_llm_enabled_agent_based_real_time_decision_support_architecture_for_industrial.pdf,hardlink
135,paper-0605,paper-0605_convolutional_autoencoder_based_method_for_predicting_faults_of_cyber_physical_systems_based.pdf,extraction_papers/paper-0605_convolutional_autoencoder_based_method_for_predicting_faults_of_cyber_physical_systems_based.pdf,extraction_papers/ontocast_runs/run_500_20260710_185042/input/paper-0605_convolutional_autoencoder_based_method_for_predicting_faults_of_cyber_physical_systems_based.pdf,hardlink
136,paper-0606,paper-0606_identification_of_abnormal_conditions_in_induction_motors_from_current_spectrum_images_using.pdf,extraction_papers/paper-0606_identification_of_abnormal_conditions_in_induction_motors_from_current_spectrum_images_using.pdf,extraction_papers/ontocast_runs/run_500_20260710_185042/input/paper-0606_identification_of_abnormal_conditions_in_induction_motors_from_current_spectrum_images_using.pdf,hardlink
137,paper-0607,paper-0607_ai_based_predictive_maintenance_for_rotor_crack_fault_diagnosis_for_variable_speed_machines.pdf,extraction_papers/paper-0607_ai_based_predictive_maintenance_for_rotor_crack_fault_diagnosis_for_variable_speed_machines.pdf,extraction_papers/ontocast_runs/run_500_20260710_185042/input/paper-0607_ai_based_predictive_maintenance_for_rotor_crack_fault_diagnosis_for_variable_speed_machines.pdf,hardlink
138,paper-0610,paper-0610_comparative_analysis_of_classical_machine_learning_models_for_predictive_maintenance_in_the.pdf,extraction_papers/paper-0610_comparative_analysis_of_classical_machine_learning_models_for_predictive_maintenance_in_the.pdf,extraction_papers/ontocast_runs/run_500_20260710_185042/input/paper-0610_comparative_analysis_of_classical_machine_learning_models_for_predictive_maintenance_in_the.pdf,hardlink
139,paper-0611,paper-0611_an_agentic_artificial_intelligence_observer_for_predictive_maintenance_in_electrolysers.pdf,extraction_papers/paper-0611_an_agentic_artificial_intelligence_observer_for_predictive_maintenance_in_electrolysers.pdf,extraction_papers/ontocast_runs/run_500_20260710_185042/input/paper-0611_an_agentic_artificial_intelligence_observer_for_predictive_maintenance_in_electrolysers.pdf,hardlink
140,paper-0615,paper-0615_robust_incipient_fault_diagnosis_of_rolling_element_bearings_under_small_sample_conditions_u.pdf,extraction_papers/paper-0615_robust_incipient_fault_diagnosis_of_rolling_element_bearings_under_small_sample_conditions_u.pdf,extraction_papers/ontocast_runs/run_500_20260710_185042/input/paper-0615_robust_incipient_fault_diagnosis_of_rolling_element_bearings_under_small_sample_conditions_u.pdf,hardlink
141,paper-0616,paper-0616_ai_driven_predictive_maintenance_bayesian_reliability_assessment_and_xgboost_for_smart_indus.pdf,extraction_papers/paper-0616_ai_driven_predictive_maintenance_bayesian_reliability_assessment_and_xgboost_for_smart_indus.pdf,extraction_papers/ontocast_runs/run_500_20260710_185042/input/paper-0616_ai_driven_predictive_maintenance_bayesian_reliability_assessment_and_xgboost_for_smart_indus.pdf,hardlink
142,paper-0617,paper-0617_data_driven_predictive_maintenance_for_aircraft_components_through_sparse_event_logs.pdf,extraction_papers/paper-0617_data_driven_predictive_maintenance_for_aircraft_components_through_sparse_event_logs.pdf,extraction_papers/ontocast_runs/run_500_20260710_185042/input/paper-0617_data_driven_predictive_maintenance_for_aircraft_components_through_sparse_event_logs.pdf,hardlink
143,paper-0618,paper-0618_trustworthy_predictive_maintenance_in_smart_manufacturing_using_neutrosophic_reasoning_appro.pdf,extraction_papers/paper-0618_trustworthy_predictive_maintenance_in_smart_manufacturing_using_neutrosophic_reasoning_appro.pdf,extraction_papers/ontocast_runs/run_500_20260710_185042/input/paper-0618_trustworthy_predictive_maintenance_in_smart_manufacturing_using_neutrosophic_reasoning_appro.pdf,hardlink
144,paper-0621,paper-0621_enhanced_rotating_machinery_fault_diagnosis_using_hybrid_rbso_mrfo_adaptive_transformer_lstm.pdf,extraction_papers/paper-0621_enhanced_rotating_machinery_fault_diagnosis_using_hybrid_rbso_mrfo_adaptive_transformer_lstm.pdf,extraction_papers/ontocast_runs/run_500_20260710_185042/input/paper-0621_enhanced_rotating_machinery_fault_diagnosis_using_hybrid_rbso_mrfo_adaptive_transformer_lstm.pdf,hardlink
145,paper-0623,paper-0623_an_integrated_approach_to_condition_based_maintenance_decision_making_of_planetary_gearboxes.pdf,extraction_papers/paper-0623_an_integrated_approach_to_condition_based_maintenance_decision_making_of_planetary_gearboxes.pdf,extraction_papers/ontocast_runs/run_500_20260710_185042/input/paper-0623_an_integrated_approach_to_condition_based_maintenance_decision_making_of_planetary_gearboxes.pdf,hardlink
146,paper-0624,paper-0624_a_smart_cloud_integrated_lstm_framework_for_transformer_fault_prediction_using_sequential_dg.pdf,extraction_papers/paper-0624_a_smart_cloud_integrated_lstm_framework_for_transformer_fault_prediction_using_sequential_dg.pdf,extraction_papers/ontocast_runs/run_500_20260710_185042/input/paper-0624_a_smart_cloud_integrated_lstm_framework_for_transformer_fault_prediction_using_sequential_dg.pdf,hardlink
147,paper-0625,paper-0625_a_two_stage_comparative_framework_for_predicting_photovoltaic_cleaning_schedules_modeling_an.pdf,extraction_papers/paper-0625_a_two_stage_comparative_framework_for_predicting_photovoltaic_cleaning_schedules_modeling_an.pdf,extraction_papers/ontocast_runs/run_500_20260710_185042/input/paper-0625_a_two_stage_comparative_framework_for_predicting_photovoltaic_cleaning_schedules_modeling_an.pdf,hardlink
148,paper-0626,paper-0626_monitoring_the_effect_of_runout_on_a_diamond_coated_burrs_wear_progression_with_acoustic_emi.pdf,extraction_papers/paper-0626_monitoring_the_effect_of_runout_on_a_diamond_coated_burrs_wear_progression_with_acoustic_emi.pdf,extraction_papers/ontocast_runs/run_500_20260710_185042/input/paper-0626_monitoring_the_effect_of_runout_on_a_diamond_coated_burrs_wear_progression_with_acoustic_emi.pdf,hardlink
149,paper-0627,paper-0627_an_attribute_driven_access_control_framework_based_on_smart_contracts_for_secure_collaborati.pdf,extraction_papers/paper-0627_an_attribute_driven_access_control_framework_based_on_smart_contracts_for_secure_collaborati.pdf,extraction_papers/ontocast_runs/run_500_20260710_185042/input/paper-0627_an_attribute_driven_access_control_framework_based_on_smart_contracts_for_secure_collaborati.pdf,hardlink
150,paper-0629,paper-0629_predictive_maintenance_in_aircraft_engine_maintenance_using_the_c_mapss_dataset_performance.pdf,extraction_papers/paper-0629_predictive_maintenance_in_aircraft_engine_maintenance_using_the_c_mapss_dataset_performance.pdf,extraction_papers/ontocast_runs/run_500_20260710_185042/input/paper-0629_predictive_maintenance_in_aircraft_engine_maintenance_using_the_c_mapss_dataset_performance.pdf,hardlink
151,paper-0630,paper-0630_intelligent_fault_detection_in_the_mechanical_structure_of_a_wheeled_mobile_robot.pdf,extraction_papers/paper-0630_intelligent_fault_detection_in_the_mechanical_structure_of_a_wheeled_mobile_robot.pdf,extraction_papers/ontocast_runs/run_500_20260710_185042/input/paper-0630_intelligent_fault_detection_in_the_mechanical_structure_of_a_wheeled_mobile_robot.pdf,hardlink
152,paper-0632,paper-0632_hybrid_hho_who_optimized_transformer_gru_model_for_advanced_failure_prediction_in_industrial.pdf,extraction_papers/paper-0632_hybrid_hho_who_optimized_transformer_gru_model_for_advanced_failure_prediction_in_industrial.pdf,extraction_papers/ontocast_runs/run_500_20260710_185042/input/paper-0632_hybrid_hho_who_optimized_transformer_gru_model_for_advanced_failure_prediction_in_industrial.pdf,hardlink
153,paper-0633,paper-0633_yolov8n_alc_an_efficient_network_for_bolt_nut_fastener_detection_in_complex_substation_envir.pdf,extraction_papers/paper-0633_yolov8n_alc_an_efficient_network_for_bolt_nut_fastener_detection_in_complex_substation_envir.pdf,extraction_papers/ontocast_runs/run_500_20260710_185042/input/paper-0633_yolov8n_alc_an_efficient_network_for_bolt_nut_fastener_detection_in_complex_substation_envir.pdf,hardlink
154,paper-0636,paper-0636_a_matrix_statistics_aware_attention_mechanism_for_robust_rul_estimation_in_aero_engines.pdf,extraction_papers/paper-0636_a_matrix_statistics_aware_attention_mechanism_for_robust_rul_estimation_in_aero_engines.pdf,extraction_papers/ontocast_runs/run_500_20260710_185042/input/paper-0636_a_matrix_statistics_aware_attention_mechanism_for_robust_rul_estimation_in_aero_engines.pdf,hardlink
155,paper-0641,paper-0641_optimization_of_oil_production_using_sucker_rod_pumps_via_predictive_elimination_of_paraffin.pdf,extraction_papers/paper-0641_optimization_of_oil_production_using_sucker_rod_pumps_via_predictive_elimination_of_paraffin.pdf,extraction_papers/ontocast_runs/run_500_20260710_185042/input/paper-0641_optimization_of_oil_production_using_sucker_rod_pumps_via_predictive_elimination_of_paraffin.pdf,hardlink
156,paper-0642,paper-0642_a_hybrid_parallel_informer_lstm_framework_based_on_two_stage_decomposition_for_lithium_batte.pdf,extraction_papers/paper-0642_a_hybrid_parallel_informer_lstm_framework_based_on_two_stage_decomposition_for_lithium_batte.pdf,extraction_papers/ontocast_runs/run_500_20260710_185042/input/paper-0642_a_hybrid_parallel_informer_lstm_framework_based_on_two_stage_decomposition_for_lithium_batte.pdf,hardlink
157,paper-0643,paper-0643_cyclic_ratcheting_strain_driven_non_homogeneous_markov_framework_for_probabilistic_fatigue_a.pdf,extraction_papers/paper-0643_cyclic_ratcheting_strain_driven_non_homogeneous_markov_framework_for_probabilistic_fatigue_a.pdf,extraction_papers/ontocast_runs/run_500_20260710_185042/input/paper-0643_cyclic_ratcheting_strain_driven_non_homogeneous_markov_framework_for_probabilistic_fatigue_a.pdf,hardlink
158,paper-0647,paper-0647_cross_condition_lithium_ion_battery_capacity_multi_variable_estimation_model_based_on_increm.pdf,extraction_papers/paper-0647_cross_condition_lithium_ion_battery_capacity_multi_variable_estimation_model_based_on_increm.pdf,extraction_papers/ontocast_runs/run_500_20260710_185042/input/paper-0647_cross_condition_lithium_ion_battery_capacity_multi_variable_estimation_model_based_on_increm.pdf,hardlink
159,paper-0648,paper-0648_ai_driven_hybrid_deep_learning_and_swarm_intelligence_for_predictive_maintenance_of_smart_ma.pdf,extraction_papers/paper-0648_ai_driven_hybrid_deep_learning_and_swarm_intelligence_for_predictive_maintenance_of_smart_ma.pdf,extraction_papers/ontocast_runs/run_500_20260710_185042/input/paper-0648_ai_driven_hybrid_deep_learning_and_swarm_intelligence_for_predictive_maintenance_of_smart_ma.pdf,hardlink
160,paper-0649,paper-0649_semi_supervised_and_unsupervised_learning_for_health_indicator_extraction_from_guided_waves.pdf,extraction_papers/paper-0649_semi_supervised_and_unsupervised_learning_for_health_indicator_extraction_from_guided_waves.pdf,extraction_papers/ontocast_runs/run_500_20260710_185042/input/paper-0649_semi_supervised_and_unsupervised_learning_for_health_indicator_extraction_from_guided_waves.pdf,hardlink
161,paper-0651,paper-0651_risk_based_performance_optimization_of_mozzarella_cheese_processing_using_expert_judgement_p.pdf,extraction_papers/paper-0651_risk_based_performance_optimization_of_mozzarella_cheese_processing_using_expert_judgement_p.pdf,extraction_papers/ontocast_runs/run_500_20260710_185042/input/paper-0651_risk_based_performance_optimization_of_mozzarella_cheese_processing_using_expert_judgement_p.pdf,hardlink
162,paper-0653,paper-0653_a_disentangled_prototype_driven_continual_learning_framework_for_fault_diagnosis_of_cotton_h.pdf,extraction_papers/paper-0653_a_disentangled_prototype_driven_continual_learning_framework_for_fault_diagnosis_of_cotton_h.pdf,extraction_papers/ontocast_runs/run_500_20260710_185042/input/paper-0653_a_disentangled_prototype_driven_continual_learning_framework_for_fault_diagnosis_of_cotton_h.pdf,hardlink
163,paper-0657,paper-0657_maintenance_modeling_for_a_multi_state_system_under_competing_failures_and_imperfect_repairs.pdf,extraction_papers/paper-0657_maintenance_modeling_for_a_multi_state_system_under_competing_failures_and_imperfect_repairs.pdf,extraction_papers/ontocast_runs/run_500_20260710_185042/input/paper-0657_maintenance_modeling_for_a_multi_state_system_under_competing_failures_and_imperfect_repairs.pdf,hardlink
164,paper-0658,paper-0658_electromagnetic_analysis_of_double_rotor_direct_drive_permanent_magnet_generators_under_ecce.pdf,extraction_papers/paper-0658_electromagnetic_analysis_of_double_rotor_direct_drive_permanent_magnet_generators_under_ecce.pdf,extraction_papers/ontocast_runs/run_500_20260710_185042/input/paper-0658_electromagnetic_analysis_of_double_rotor_direct_drive_permanent_magnet_generators_under_ecce.pdf,hardlink
165,paper-0662,paper-0662_automatic_parameter_update_algorithm_for_regression_models_to_estimate_remaining_useful_life.pdf,extraction_papers/paper-0662_automatic_parameter_update_algorithm_for_regression_models_to_estimate_remaining_useful_life.pdf,extraction_papers/ontocast_runs/run_500_20260710_185042/input/paper-0662_automatic_parameter_update_algorithm_for_regression_models_to_estimate_remaining_useful_life.pdf,hardlink
166,paper-0667,paper-0667_residual_life_prediction_of_progressive_failure_bearings_based_on_ngo_avmd_hybrid_domain_fea.pdf,extraction_papers/paper-0667_residual_life_prediction_of_progressive_failure_bearings_based_on_ngo_avmd_hybrid_domain_fea.pdf,extraction_papers/ontocast_runs/run_500_20260710_185042/input/paper-0667_residual_life_prediction_of_progressive_failure_bearings_based_on_ngo_avmd_hybrid_domain_fea.pdf,hardlink
167,paper-0669,paper-0669_fractional_long_range_dependence_model_for_remaining_useful_life_estimation_of_roller_bearin.pdf,extraction_papers/paper-0669_fractional_long_range_dependence_model_for_remaining_useful_life_estimation_of_roller_bearin.pdf,extraction_papers/ontocast_runs/run_500_20260710_185042/input/paper-0669_fractional_long_range_dependence_model_for_remaining_useful_life_estimation_of_roller_bearin.pdf,hardlink
168,paper-0670,paper-0670_support_vector_machine_and_k_means_clustering_for_advanced_wheel_flat_identification_a_compa.pdf,extraction_papers/paper-0670_support_vector_machine_and_k_means_clustering_for_advanced_wheel_flat_identification_a_compa.pdf,extraction_papers/ontocast_runs/run_500_20260710_185042/input/paper-0670_support_vector_machine_and_k_means_clustering_for_advanced_wheel_flat_identification_a_compa.pdf,hardlink
169,paper-0672,paper-0672_investigation_of_exponent_free_lstm_cells_for_virtual_sensing_applications.pdf,extraction_papers/paper-0672_investigation_of_exponent_free_lstm_cells_for_virtual_sensing_applications.pdf,extraction_papers/ontocast_runs/run_500_20260710_185042/input/paper-0672_investigation_of_exponent_free_lstm_cells_for_virtual_sensing_applications.pdf,hardlink
170,paper-0673,paper-0673_an_intelligent_support_method_for_the_formation_of_control_actions_in_proactive_management_o.pdf,extraction_papers/paper-0673_an_intelligent_support_method_for_the_formation_of_control_actions_in_proactive_management_o.pdf,extraction_papers/ontocast_runs/run_500_20260710_185042/input/paper-0673_an_intelligent_support_method_for_the_formation_of_control_actions_in_proactive_management_o.pdf,hardlink
171,paper-0675,paper-0675_multi_scale_feature_enhancement_for_gearbox_fault_diagnosis_under_variable_operating_conditi.pdf,extraction_papers/paper-0675_multi_scale_feature_enhancement_for_gearbox_fault_diagnosis_under_variable_operating_conditi.pdf,extraction_papers/ontocast_runs/run_500_20260710_185042/input/paper-0675_multi_scale_feature_enhancement_for_gearbox_fault_diagnosis_under_variable_operating_conditi.pdf,hardlink
172,paper-0678,paper-0678_remaining_useful_life_prediction_of_rolling_bearings_via_wavelet_feature_fusion_and_lstm_net.pdf,extraction_papers/paper-0678_remaining_useful_life_prediction_of_rolling_bearings_via_wavelet_feature_fusion_and_lstm_net.pdf,extraction_papers/ontocast_runs/run_500_20260710_185042/input/paper-0678_remaining_useful_life_prediction_of_rolling_bearings_via_wavelet_feature_fusion_and_lstm_net.pdf,hardlink
173,paper-0679,paper-0679_a_finite_horizon_condition_based_maintenance_and_spare_parts_ordering_policy_for_a_two_unit.pdf,extraction_papers/paper-0679_a_finite_horizon_condition_based_maintenance_and_spare_parts_ordering_policy_for_a_two_unit.pdf,extraction_papers/ontocast_runs/run_500_20260710_185042/input/paper-0679_a_finite_horizon_condition_based_maintenance_and_spare_parts_ordering_policy_for_a_two_unit.pdf,hardlink
174,paper-0681,paper-0681_state_space_estimation_in_discriminant_subspace_a_kalman_filtering_approach_for_turbofan_eng.pdf,extraction_papers/paper-0681_state_space_estimation_in_discriminant_subspace_a_kalman_filtering_approach_for_turbofan_eng.pdf,extraction_papers/ontocast_runs/run_500_20260710_185042/input/paper-0681_state_space_estimation_in_discriminant_subspace_a_kalman_filtering_approach_for_turbofan_eng.pdf,hardlink
175,paper-0682,paper-0682_sensor_driven_predictive_vehicle_maintenance_and_routing_problem_with_time_windows.pdf,extraction_papers/paper-0682_sensor_driven_predictive_vehicle_maintenance_and_routing_problem_with_time_windows.pdf,extraction_papers/ontocast_runs/run_500_20260710_185042/input/paper-0682_sensor_driven_predictive_vehicle_maintenance_and_routing_problem_with_time_windows.pdf,hardlink
176,paper-0684,paper-0684_a_small_sample_fault_diagnosis_method_for_high_voltage_circuit_breaker_spring_mechanisms_bas.pdf,extraction_papers/paper-0684_a_small_sample_fault_diagnosis_method_for_high_voltage_circuit_breaker_spring_mechanisms_bas.pdf,extraction_papers/ontocast_runs/run_500_20260710_185042/input/paper-0684_a_small_sample_fault_diagnosis_method_for_high_voltage_circuit_breaker_spring_mechanisms_bas.pdf,hardlink
177,paper-0686,paper-0686_bayesian_gaussian_mixture_model_classifier_for_fault_detection_in_induction_motors_using_sta.pdf,extraction_papers/paper-0686_bayesian_gaussian_mixture_model_classifier_for_fault_detection_in_induction_motors_using_sta.pdf,extraction_papers/ontocast_runs/run_500_20260710_185042/input/paper-0686_bayesian_gaussian_mixture_model_classifier_for_fault_detection_in_induction_motors_using_sta.pdf,hardlink
178,paper-0693,paper-0693_in_situ_detection_of_fouling_in_crossflow_filtration_using_3_sensing.pdf,extraction_papers/paper-0693_in_situ_detection_of_fouling_in_crossflow_filtration_using_3_sensing.pdf,extraction_papers/ontocast_runs/run_500_20260710_185042/input/paper-0693_in_situ_detection_of_fouling_in_crossflow_filtration_using_3_sensing.pdf,hardlink
179,paper-0698,paper-0698_hvac_smart_predictive_maintenance_using_machine_learning_and_bayesian_network.pdf,extraction_papers/paper-0698_hvac_smart_predictive_maintenance_using_machine_learning_and_bayesian_network.pdf,extraction_papers/ontocast_runs/run_500_20260710_185042/input/paper-0698_hvac_smart_predictive_maintenance_using_machine_learning_and_bayesian_network.pdf,hardlink
180,paper-0702,paper-0702_deep_learning_based_visual_analytics_for_efficiency_and_safety_optimization_in_power_infrast.pdf,extraction_papers/paper-0702_deep_learning_based_visual_analytics_for_efficiency_and_safety_optimization_in_power_infrast.pdf,extraction_papers/ontocast_runs/run_500_20260710_185042/input/paper-0702_deep_learning_based_visual_analytics_for_efficiency_and_safety_optimization_in_power_infrast.pdf,hardlink
181,paper-0704,paper-0704_marine_engine_cylinder_exhaust_temperature_prediction_based_on_pso_optimized_cnn_lstm_attent.pdf,extraction_papers/paper-0704_marine_engine_cylinder_exhaust_temperature_prediction_based_on_pso_optimized_cnn_lstm_attent.pdf,extraction_papers/ontocast_runs/run_500_20260710_185042/input/paper-0704_marine_engine_cylinder_exhaust_temperature_prediction_based_on_pso_optimized_cnn_lstm_attent.pdf,hardlink
182,paper-0706,paper-0706_condition_monitoring_model_development_for_belt_systems_using_hybrid_cnn_bilstm_deep_learnin.pdf,extraction_papers/paper-0706_condition_monitoring_model_development_for_belt_systems_using_hybrid_cnn_bilstm_deep_learnin.pdf,extraction_papers/ontocast_runs/run_500_20260710_185042/input/paper-0706_condition_monitoring_model_development_for_belt_systems_using_hybrid_cnn_bilstm_deep_learnin.pdf,hardlink
183,paper-0708,paper-0708_a_periodic_fractional_wiener_process_for_remaining_useful_life_prediction_of_photovoltaic_sy.pdf,extraction_papers/paper-0708_a_periodic_fractional_wiener_process_for_remaining_useful_life_prediction_of_photovoltaic_sy.pdf,extraction_papers/ontocast_runs/run_500_20260710_185042/input/paper-0708_a_periodic_fractional_wiener_process_for_remaining_useful_life_prediction_of_photovoltaic_sy.pdf,hardlink
184,paper-0709,paper-0709_rul_prediction_method_for_tools_based_on_multi_channel_cnn_and_cross_modal_transformer.pdf,extraction_papers/paper-0709_rul_prediction_method_for_tools_based_on_multi_channel_cnn_and_cross_modal_transformer.pdf,extraction_papers/ontocast_runs/run_500_20260710_185042/input/paper-0709_rul_prediction_method_for_tools_based_on_multi_channel_cnn_and_cross_modal_transformer.pdf,hardlink
185,paper-0711,paper-0711_ensemble_learning_based_battery_health_estimation_a_comparative_study_of_rul_soc_and_soh_pre.pdf,extraction_papers/paper-0711_ensemble_learning_based_battery_health_estimation_a_comparative_study_of_rul_soc_and_soh_pre.pdf,extraction_papers/ontocast_runs/run_500_20260710_185042/input/paper-0711_ensemble_learning_based_battery_health_estimation_a_comparative_study_of_rul_soc_and_soh_pre.pdf,hardlink
186,paper-0712,paper-0712_deep_learning_based_power_transformer_condition_monitoring_and_fault_diagnosis_algorithm.pdf,extraction_papers/paper-0712_deep_learning_based_power_transformer_condition_monitoring_and_fault_diagnosis_algorithm.pdf,extraction_papers/ontocast_runs/run_500_20260710_185042/input/paper-0712_deep_learning_based_power_transformer_condition_monitoring_and_fault_diagnosis_algorithm.pdf,hardlink
187,paper-0713,paper-0713_experimental_investigation_and_vibration_based_condition_analysis_for_varying_load_of_gear_b.pdf,extraction_papers/paper-0713_experimental_investigation_and_vibration_based_condition_analysis_for_varying_load_of_gear_b.pdf,extraction_papers/ontocast_runs/run_500_20260710_185042/input/paper-0713_experimental_investigation_and_vibration_based_condition_analysis_for_varying_load_of_gear_b.pdf,hardlink
188,paper-0714,paper-0714_from_reliability_modelling_to_cognitive_orchestration_a_paradigm_shift_in_aircraft_predictiv.pdf,extraction_papers/paper-0714_from_reliability_modelling_to_cognitive_orchestration_a_paradigm_shift_in_aircraft_predictiv.pdf,extraction_papers/ontocast_runs/run_500_20260710_185042/input/paper-0714_from_reliability_modelling_to_cognitive_orchestration_a_paradigm_shift_in_aircraft_predictiv.pdf,hardlink
189,paper-0715,paper-0715_integration_of_numerical_and_experimental_methods_to_improve_the_safety_of_working_machines.pdf,extraction_papers/paper-0715_integration_of_numerical_and_experimental_methods_to_improve_the_safety_of_working_machines.pdf,extraction_papers/ontocast_runs/run_500_20260710_185042/input/paper-0715_integration_of_numerical_and_experimental_methods_to_improve_the_safety_of_working_machines.pdf,hardlink
190,paper-0716,paper-0716_from_blade_loads_to_rotor_health_an_inverse_modelling_approach_for_wind_turbine_monitoring.pdf,extraction_papers/paper-0716_from_blade_loads_to_rotor_health_an_inverse_modelling_approach_for_wind_turbine_monitoring.pdf,extraction_papers/ontocast_runs/run_500_20260710_185042/input/paper-0716_from_blade_loads_to_rotor_health_an_inverse_modelling_approach_for_wind_turbine_monitoring.pdf,hardlink
191,paper-0719,paper-0719_smart_predictive_maintenance_a_tcn_based_system_for_early_fault_detection_in_industrial_mach.pdf,extraction_papers/paper-0719_smart_predictive_maintenance_a_tcn_based_system_for_early_fault_detection_in_industrial_mach.pdf,extraction_papers/ontocast_runs/run_500_20260710_185042/input/paper-0719_smart_predictive_maintenance_a_tcn_based_system_for_early_fault_detection_in_industrial_mach.pdf,hardlink
192,paper-0720,paper-0720_modern_data_driven_strategies_for_enhancing_reliability_and_efficiency_in_predictive_mainten.pdf,extraction_papers/paper-0720_modern_data_driven_strategies_for_enhancing_reliability_and_efficiency_in_predictive_mainten.pdf,extraction_papers/ontocast_runs/run_500_20260710_185042/input/paper-0720_modern_data_driven_strategies_for_enhancing_reliability_and_efficiency_in_predictive_mainten.pdf,hardlink
193,paper-0722,paper-0722_evaluating_reconstruction_based_and_proximity_based_methods_a_four_way_comparison_ae_lstm_ae.pdf,extraction_papers/paper-0722_evaluating_reconstruction_based_and_proximity_based_methods_a_four_way_comparison_ae_lstm_ae.pdf,extraction_papers/ontocast_runs/run_500_20260710_185042/input/paper-0722_evaluating_reconstruction_based_and_proximity_based_methods_a_four_way_comparison_ae_lstm_ae.pdf,hardlink
194,paper-0724,paper-0724_improved_cnn_lstm_bearing_remaining_useful_life_prediction_based_on_the_weibull_loss_functio.pdf,extraction_papers/paper-0724_improved_cnn_lstm_bearing_remaining_useful_life_prediction_based_on_the_weibull_loss_functio.pdf,extraction_papers/ontocast_runs/run_500_20260710_185042/input/paper-0724_improved_cnn_lstm_bearing_remaining_useful_life_prediction_based_on_the_weibull_loss_functio.pdf,hardlink
195,paper-0725,paper-0725_an_ai_digital_platform_for_fault_diagnosis_and_rul_estimation_in_drivetrain_systems_under_va.pdf,extraction_papers/paper-0725_an_ai_digital_platform_for_fault_diagnosis_and_rul_estimation_in_drivetrain_systems_under_va.pdf,extraction_papers/ontocast_runs/run_500_20260710_185042/input/paper-0725_an_ai_digital_platform_for_fault_diagnosis_and_rul_estimation_in_drivetrain_systems_under_va.pdf,hardlink
196,paper-0726,paper-0726_predictive_repair_of_vehicle_r1234yf_refrigerant_systems_based_on_monitoring_of_micro_leakag.pdf,extraction_papers/paper-0726_predictive_repair_of_vehicle_r1234yf_refrigerant_systems_based_on_monitoring_of_micro_leakag.pdf,extraction_papers/ontocast_runs/run_500_20260710_185042/input/paper-0726_predictive_repair_of_vehicle_r1234yf_refrigerant_systems_based_on_monitoring_of_micro_leakag.pdf,hardlink
197,paper-0728,paper-0728_trend_prediction_of_distribution_network_fault_symptoms_based_on_xlstm_informer_fusion_model.pdf,extraction_papers/paper-0728_trend_prediction_of_distribution_network_fault_symptoms_based_on_xlstm_informer_fusion_model.pdf,extraction_papers/ontocast_runs/run_500_20260710_185042/input/paper-0728_trend_prediction_of_distribution_network_fault_symptoms_based_on_xlstm_informer_fusion_model.pdf,hardlink
198,paper-0729,paper-0729_shap_based_feature_selection_with_a_hybrid_convolutional_and_recurrent_deep_learning_framewo.pdf,extraction_papers/paper-0729_shap_based_feature_selection_with_a_hybrid_convolutional_and_recurrent_deep_learning_framewo.pdf,extraction_papers/ontocast_runs/run_500_20260710_185042/input/paper-0729_shap_based_feature_selection_with_a_hybrid_convolutional_and_recurrent_deep_learning_framewo.pdf,hardlink
199,paper-0730,paper-0730_single_frequency_impedance_monitoring_of_li_ion_18650_cells_for_battery_management_applicati.pdf,extraction_papers/paper-0730_single_frequency_impedance_monitoring_of_li_ion_18650_cells_for_battery_management_applicati.pdf,extraction_papers/ontocast_runs/run_500_20260710_185042/input/paper-0730_single_frequency_impedance_monitoring_of_li_ion_18650_cells_for_battery_management_applicati.pdf,hardlink
200,paper-0731,paper-0731_machine_learning_enhanced_state_aware_health_assessment_of_industrial_assets_under_zero_labe.pdf,extraction_papers/paper-0731_machine_learning_enhanced_state_aware_health_assessment_of_industrial_assets_under_zero_labe.pdf,extraction_papers/ontocast_runs/run_500_20260710_185042/input/paper-0731_machine_learning_enhanced_state_aware_health_assessment_of_industrial_assets_under_zero_labe.pdf,hardlink
201,paper-0732,paper-0732_vibration_based_bearing_fault_diagnosis_in_noisy_conditions_using_matrix_pencil_mean_frequen.pdf,extraction_papers/paper-0732_vibration_based_bearing_fault_diagnosis_in_noisy_conditions_using_matrix_pencil_mean_frequen.pdf,extraction_papers/ontocast_runs/run_500_20260710_185042/input/paper-0732_vibration_based_bearing_fault_diagnosis_in_noisy_conditions_using_matrix_pencil_mean_frequen.pdf,hardlink
202,paper-0733,paper-0733_wind_turbine_fault_estimation_using_sliding_mode_observer_based_on_takagi_sugeno_fuzzy_model.pdf,extraction_papers/paper-0733_wind_turbine_fault_estimation_using_sliding_mode_observer_based_on_takagi_sugeno_fuzzy_model.pdf,extraction_papers/ontocast_runs/run_500_20260710_185042/input/paper-0733_wind_turbine_fault_estimation_using_sliding_mode_observer_based_on_takagi_sugeno_fuzzy_model.pdf,hardlink
203,paper-0737,paper-0737_printed_crack_detection_sensors_for_shm_based_on_direct_ink_write_additive_manufacturing.pdf,extraction_papers/paper-0737_printed_crack_detection_sensors_for_shm_based_on_direct_ink_write_additive_manufacturing.pdf,extraction_papers/ontocast_runs/run_500_20260710_185042/input/paper-0737_printed_crack_detection_sensors_for_shm_based_on_direct_ink_write_additive_manufacturing.pdf,hardlink
204,paper-0738,paper-0738_ai_applications_for_drone_of_things_in_the_power_sector.pdf,extraction_papers/paper-0738_ai_applications_for_drone_of_things_in_the_power_sector.pdf,extraction_papers/ontocast_runs/run_500_20260710_185042/input/paper-0738_ai_applications_for_drone_of_things_in_the_power_sector.pdf,hardlink
205,paper-0741,paper-0741_a_fine_tuning_deep_learning_framework_to_palliate_data_distribution_shift_effects_in_rotary.pdf,extraction_papers/paper-0741_a_fine_tuning_deep_learning_framework_to_palliate_data_distribution_shift_effects_in_rotary.pdf,extraction_papers/ontocast_runs/run_500_20260710_185042/input/paper-0741_a_fine_tuning_deep_learning_framework_to_palliate_data_distribution_shift_effects_in_rotary.pdf,hardlink
206,paper-0742,paper-0742_design_of_a_wireless_monitoring_system_for_cooling_efficiency_of_grid_forming_svg.pdf,extraction_papers/paper-0742_design_of_a_wireless_monitoring_system_for_cooling_efficiency_of_grid_forming_svg.pdf,extraction_papers/ontocast_runs/run_500_20260710_185042/input/paper-0742_design_of_a_wireless_monitoring_system_for_cooling_efficiency_of_grid_forming_svg.pdf,hardlink
207,paper-0747,paper-0747_a_leakage_aware_and_reproducible_evaluation_framework_for_predictive_maintenance_classificat.pdf,extraction_papers/paper-0747_a_leakage_aware_and_reproducible_evaluation_framework_for_predictive_maintenance_classificat.pdf,extraction_papers/ontocast_runs/run_500_20260710_185042/input/paper-0747_a_leakage_aware_and_reproducible_evaluation_framework_for_predictive_maintenance_classificat.pdf,hardlink
208,paper-0749,paper-0749_early_stage_damage_diagnosis_of_rolling_bearings_based_on_acoustic_emission_signals_interpre.pdf,extraction_papers/paper-0749_early_stage_damage_diagnosis_of_rolling_bearings_based_on_acoustic_emission_signals_interpre.pdf,extraction_papers/ontocast_runs/run_500_20260710_185042/input/paper-0749_early_stage_damage_diagnosis_of_rolling_bearings_based_on_acoustic_emission_signals_interpre.pdf,hardlink
209,paper-0750,paper-0750_a_pre_activated_residual_parallel_convolutional_block_based_bigru_model_for_remaining_useful.pdf,extraction_papers/paper-0750_a_pre_activated_residual_parallel_convolutional_block_based_bigru_model_for_remaining_useful.pdf,extraction_papers/ontocast_runs/run_500_20260710_185042/input/paper-0750_a_pre_activated_residual_parallel_convolutional_block_based_bigru_model_for_remaining_useful.pdf,hardlink
210,paper-0751,paper-0751_split_federated_learning_for_efficient_and_privacy_preserving_predictive_maintenance_in_reso.pdf,extraction_papers/paper-0751_split_federated_learning_for_efficient_and_privacy_preserving_predictive_maintenance_in_reso.pdf,extraction_papers/ontocast_runs/run_500_20260710_185042/input/paper-0751_split_federated_learning_for_efficient_and_privacy_preserving_predictive_maintenance_in_reso.pdf,hardlink
211,paper-0752,paper-0752_design_of_a_dual_chain_synchronization_monitoring_system_for_scraper_conveyors_based_on_magn.pdf,extraction_papers/paper-0752_design_of_a_dual_chain_synchronization_monitoring_system_for_scraper_conveyors_based_on_magn.pdf,extraction_papers/ontocast_runs/run_500_20260710_185042/input/paper-0752_design_of_a_dual_chain_synchronization_monitoring_system_for_scraper_conveyors_based_on_magn.pdf,hardlink
212,paper-0753,paper-0753_mathematical_model_to_predict_vibration_behavior_of_lm6000_gas_turbines_at_musayyib_thermal.pdf,extraction_papers/paper-0753_mathematical_model_to_predict_vibration_behavior_of_lm6000_gas_turbines_at_musayyib_thermal.pdf,extraction_papers/ontocast_runs/run_500_20260710_185042/input/paper-0753_mathematical_model_to_predict_vibration_behavior_of_lm6000_gas_turbines_at_musayyib_thermal.pdf,hardlink
213,paper-0754,paper-0754_domain_adapted_explainability_for_machine_learning_predictions_of_rotodynamic_pump_degradati.pdf,extraction_papers/paper-0754_domain_adapted_explainability_for_machine_learning_predictions_of_rotodynamic_pump_degradati.pdf,extraction_papers/ontocast_runs/run_500_20260710_185042/input/paper-0754_domain_adapted_explainability_for_machine_learning_predictions_of_rotodynamic_pump_degradati.pdf,hardlink
214,paper-0757,paper-0757_umap_and_k_means_based_degradation_condition_identification_for_switch_machines.pdf,extraction_papers/paper-0757_umap_and_k_means_based_degradation_condition_identification_for_switch_machines.pdf,extraction_papers/ontocast_runs/run_500_20260710_185042/input/paper-0757_umap_and_k_means_based_degradation_condition_identification_for_switch_machines.pdf,hardlink
215,paper-0759,paper-0759_predictive_maintenance_optimization_for_industrial_equipment_via_reliable_prognosis_and_risk.pdf,extraction_papers/paper-0759_predictive_maintenance_optimization_for_industrial_equipment_via_reliable_prognosis_and_risk.pdf,extraction_papers/ontocast_runs/run_500_20260710_185042/input/paper-0759_predictive_maintenance_optimization_for_industrial_equipment_via_reliable_prognosis_and_risk.pdf,hardlink
216,paper-0761,paper-0761_multi_level_short_circuit_fault_detection_in_induction_motors_using_deep_cnn_lstm_networks_f.pdf,extraction_papers/paper-0761_multi_level_short_circuit_fault_detection_in_induction_motors_using_deep_cnn_lstm_networks_f.pdf,extraction_papers/ontocast_runs/run_500_20260710_185042/input/paper-0761_multi_level_short_circuit_fault_detection_in_induction_motors_using_deep_cnn_lstm_networks_f.pdf,hardlink
217,paper-0763,paper-0763_hybrid_kolmogorov_arnold_and_xlstm_network_for_enhanced_rul_prediction_of_lithium_batteries.pdf,extraction_papers/paper-0763_hybrid_kolmogorov_arnold_and_xlstm_network_for_enhanced_rul_prediction_of_lithium_batteries.pdf,extraction_papers/ontocast_runs/run_500_20260710_185042/input/paper-0763_hybrid_kolmogorov_arnold_and_xlstm_network_for_enhanced_rul_prediction_of_lithium_batteries.pdf,hardlink
218,paper-0765,paper-0765_resource_efficient_telemetry_based_condition_monitoring_with_digitally_configurable_dc_dc_co.pdf,extraction_papers/paper-0765_resource_efficient_telemetry_based_condition_monitoring_with_digitally_configurable_dc_dc_co.pdf,extraction_papers/ontocast_runs/run_500_20260710_185042/input/paper-0765_resource_efficient_telemetry_based_condition_monitoring_with_digitally_configurable_dc_dc_co.pdf,hardlink
219,paper-0769,paper-0769_machine_learning_framework_for_fault_detection_and_diagnosis_in_rotating_machinery.pdf,extraction_papers/paper-0769_machine_learning_framework_for_fault_detection_and_diagnosis_in_rotating_machinery.pdf,extraction_papers/ontocast_runs/run_500_20260710_185042/input/paper-0769_machine_learning_framework_for_fault_detection_and_diagnosis_in_rotating_machinery.pdf,hardlink
220,paper-0771,paper-0771_health_status_assessment_of_unmanned_aerial_vehicle_engine_based_on_ahp_enhancement_and_mult.pdf,extraction_papers/paper-0771_health_status_assessment_of_unmanned_aerial_vehicle_engine_based_on_ahp_enhancement_and_mult.pdf,extraction_papers/ontocast_runs/run_500_20260710_185042/input/paper-0771_health_status_assessment_of_unmanned_aerial_vehicle_engine_based_on_ahp_enhancement_and_mult.pdf,hardlink
221,paper-0773,paper-0773_assessment_of_insulation_aging_condition_for_dry_type_transformer_epoxy_resin_based_on_diele.pdf,extraction_papers/paper-0773_assessment_of_insulation_aging_condition_for_dry_type_transformer_epoxy_resin_based_on_diele.pdf,extraction_papers/ontocast_runs/run_500_20260710_185042/input/paper-0773_assessment_of_insulation_aging_condition_for_dry_type_transformer_epoxy_resin_based_on_diele.pdf,hardlink
222,paper-0775,paper-0775_development_of_a_physics_based_digital_twin_framework_for_a_3_mw_class_wind_turbine.pdf,extraction_papers/paper-0775_development_of_a_physics_based_digital_twin_framework_for_a_3_mw_class_wind_turbine.pdf,extraction_papers/ontocast_runs/run_500_20260710_185042/input/paper-0775_development_of_a_physics_based_digital_twin_framework_for_a_3_mw_class_wind_turbine.pdf,hardlink
223,paper-0776,paper-0776_a_moving_window_based_feature_extraction_method_for_gearbox_fault_detection_using_vibration.pdf,extraction_papers/paper-0776_a_moving_window_based_feature_extraction_method_for_gearbox_fault_detection_using_vibration.pdf,extraction_papers/ontocast_runs/run_500_20260710_185042/input/paper-0776_a_moving_window_based_feature_extraction_method_for_gearbox_fault_detection_using_vibration.pdf,hardlink
224,paper-0779,paper-0779_hybrid_deep_learning_for_predictive_maintenance_in_industrial_machinery_using_lstm_and_mlp_m.pdf,extraction_papers/paper-0779_hybrid_deep_learning_for_predictive_maintenance_in_industrial_machinery_using_lstm_and_mlp_m.pdf,extraction_papers/ontocast_runs/run_500_20260710_185042/input/paper-0779_hybrid_deep_learning_for_predictive_maintenance_in_industrial_machinery_using_lstm_and_mlp_m.pdf,hardlink
225,paper-0780,paper-0780_unsupervised_feature_space_analysis_for_robust_motor_fault_diagnosis_under_varying_operating.pdf,extraction_papers/paper-0780_unsupervised_feature_space_analysis_for_robust_motor_fault_diagnosis_under_varying_operating.pdf,extraction_papers/ontocast_runs/run_500_20260710_185042/input/paper-0780_unsupervised_feature_space_analysis_for_robust_motor_fault_diagnosis_under_varying_operating.pdf,hardlink
226,paper-0782,paper-0782_predictive_maintenance_in_pharma_manufacturing_challenges_and_strategic_directions.pdf,extraction_papers/paper-0782_predictive_maintenance_in_pharma_manufacturing_challenges_and_strategic_directions.pdf,extraction_papers/ontocast_runs/run_500_20260710_185042/input/paper-0782_predictive_maintenance_in_pharma_manufacturing_challenges_and_strategic_directions.pdf,hardlink
227,paper-0783,paper-0783_comparative_evaluation_of_yolo_and_transformer_based_models_for_photovoltaic_fault_detection.pdf,extraction_papers/paper-0783_comparative_evaluation_of_yolo_and_transformer_based_models_for_photovoltaic_fault_detection.pdf,extraction_papers/ontocast_runs/run_500_20260710_185042/input/paper-0783_comparative_evaluation_of_yolo_and_transformer_based_models_for_photovoltaic_fault_detection.pdf,hardlink
228,paper-0789,paper-0789_remaining_useful_life_prediction_of_electronic_power_components_based_on_a_hybrid_model_comb.pdf,extraction_papers/paper-0789_remaining_useful_life_prediction_of_electronic_power_components_based_on_a_hybrid_model_comb.pdf,extraction_papers/ontocast_runs/run_500_20260710_185042/input/paper-0789_remaining_useful_life_prediction_of_electronic_power_components_based_on_a_hybrid_model_comb.pdf,hardlink
229,paper-0790,paper-0790_design_and_simulation_based_validation_of_an_embedded_acquisition_architecture_for_in_situ_p.pdf,extraction_papers/paper-0790_design_and_simulation_based_validation_of_an_embedded_acquisition_architecture_for_in_situ_p.pdf,extraction_papers/ontocast_runs/run_500_20260710_185042/input/paper-0790_design_and_simulation_based_validation_of_an_embedded_acquisition_architecture_for_in_situ_p.pdf,hardlink
230,paper-0791,paper-0791_temporal_consistency_for_reliability_enhancement_in_correlation_based_time_frequency_domain.pdf,extraction_papers/paper-0791_temporal_consistency_for_reliability_enhancement_in_correlation_based_time_frequency_domain.pdf,extraction_papers/ontocast_runs/run_500_20260710_185042/input/paper-0791_temporal_consistency_for_reliability_enhancement_in_correlation_based_time_frequency_domain.pdf,hardlink
231,paper-0792,paper-0792_optimal_maintenance_strategy_for_imperfect_manufacturing_system_considering_operational_avai.pdf,extraction_papers/paper-0792_optimal_maintenance_strategy_for_imperfect_manufacturing_system_considering_operational_avai.pdf,extraction_papers/ontocast_runs/run_500_20260710_185042/input/paper-0792_optimal_maintenance_strategy_for_imperfect_manufacturing_system_considering_operational_avai.pdf,hardlink
232,paper-0793,paper-0793_vibration_based_wear_state_assessment_of_hopper_scales_a_coupled_dem_fem_approach.pdf,extraction_papers/paper-0793_vibration_based_wear_state_assessment_of_hopper_scales_a_coupled_dem_fem_approach.pdf,extraction_papers/ontocast_runs/run_500_20260710_185042/input/paper-0793_vibration_based_wear_state_assessment_of_hopper_scales_a_coupled_dem_fem_approach.pdf,hardlink
233,paper-0794,paper-0794_research_on_edge_feature_extraction_methods_for_device_monitoring_based_on_cloud_edge_collab.pdf,extraction_papers/paper-0794_research_on_edge_feature_extraction_methods_for_device_monitoring_based_on_cloud_edge_collab.pdf,extraction_papers/ontocast_runs/run_500_20260710_185042/input/paper-0794_research_on_edge_feature_extraction_methods_for_device_monitoring_based_on_cloud_edge_collab.pdf,hardlink
234,paper-0795,paper-0795_engine_failure_prediction_on_large_scale_cmapss_data_using_hybrid_feature_selection_and_imba.pdf,extraction_papers/paper-0795_engine_failure_prediction_on_large_scale_cmapss_data_using_hybrid_feature_selection_and_imba.pdf,extraction_papers/ontocast_runs/run_500_20260710_185042/input/paper-0795_engine_failure_prediction_on_large_scale_cmapss_data_using_hybrid_feature_selection_and_imba.pdf,hardlink
235,paper-0798,paper-0798_prediction_of_remaining_life_of_relay_protection_equipment_using_transformer_holt_model.pdf,extraction_papers/paper-0798_prediction_of_remaining_life_of_relay_protection_equipment_using_transformer_holt_model.pdf,extraction_papers/ontocast_runs/run_500_20260710_185042/input/paper-0798_prediction_of_remaining_life_of_relay_protection_equipment_using_transformer_holt_model.pdf,hardlink
236,paper-0799,paper-0799_automated_structuring_and_analysis_of_unstructured_equipment_maintenance_text_data_in_manufa.pdf,extraction_papers/paper-0799_automated_structuring_and_analysis_of_unstructured_equipment_maintenance_text_data_in_manufa.pdf,extraction_papers/ontocast_runs/run_500_20260710_185042/input/paper-0799_automated_structuring_and_analysis_of_unstructured_equipment_maintenance_text_data_in_manufa.pdf,hardlink
237,paper-0800,paper-0800_integration_of_digital_twins_and_machine_learning_for_predictive_maintenance_using_apar_meth.pdf,extraction_papers/paper-0800_integration_of_digital_twins_and_machine_learning_for_predictive_maintenance_using_apar_meth.pdf,extraction_papers/ontocast_runs/run_500_20260710_185042/input/paper-0800_integration_of_digital_twins_and_machine_learning_for_predictive_maintenance_using_apar_meth.pdf,hardlink
238,paper-0802,paper-0802_research_on_remaining_useful_life_prediction_of_equipment_based_on_digital_twins.pdf,extraction_papers/paper-0802_research_on_remaining_useful_life_prediction_of_equipment_based_on_digital_twins.pdf,extraction_papers/ontocast_runs/run_500_20260710_185042/input/paper-0802_research_on_remaining_useful_life_prediction_of_equipment_based_on_digital_twins.pdf,hardlink
239,paper-0804,paper-0804_an_intelligent_life_prediction_approach_employing_machine_learning_models_for_the_power_tran.pdf,extraction_papers/paper-0804_an_intelligent_life_prediction_approach_employing_machine_learning_models_for_the_power_tran.pdf,extraction_papers/ontocast_runs/run_500_20260710_185042/input/paper-0804_an_intelligent_life_prediction_approach_employing_machine_learning_models_for_the_power_tran.pdf,hardlink
240,paper-0805,paper-0805_fires_in_urban_passenger_transport_vehicles_engine_case_study.pdf,extraction_papers/paper-0805_fires_in_urban_passenger_transport_vehicles_engine_case_study.pdf,extraction_papers/ontocast_runs/run_500_20260710_185042/input/paper-0805_fires_in_urban_passenger_transport_vehicles_engine_case_study.pdf,hardlink
241,paper-0808,paper-0808_machine_learning_driven_predictive_maintenance_models_for_hydrogen_fuel_cell_systems_in_smar.pdf,extraction_papers/paper-0808_machine_learning_driven_predictive_maintenance_models_for_hydrogen_fuel_cell_systems_in_smar.pdf,extraction_papers/ontocast_runs/run_500_20260710_185042/input/paper-0808_machine_learning_driven_predictive_maintenance_models_for_hydrogen_fuel_cell_systems_in_smar.pdf,hardlink
242,paper-0810,paper-0810_a_comparative_study_of_rqa_guided_attention_mechanisms_with_lstm_autoencoder_for_bearing_ano.pdf,extraction_papers/paper-0810_a_comparative_study_of_rqa_guided_attention_mechanisms_with_lstm_autoencoder_for_bearing_ano.pdf,extraction_papers/ontocast_runs/run_500_20260710_185042/input/paper-0810_a_comparative_study_of_rqa_guided_attention_mechanisms_with_lstm_autoencoder_for_bearing_ano.pdf,hardlink
243,paper-0811,paper-0811_early_remaining_useful_life_prediction_of_lithium_ion_batteries_based_on_a_hybrid_machine_le.pdf,extraction_papers/paper-0811_early_remaining_useful_life_prediction_of_lithium_ion_batteries_based_on_a_hybrid_machine_le.pdf,extraction_papers/ontocast_runs/run_500_20260710_185042/input/paper-0811_early_remaining_useful_life_prediction_of_lithium_ion_batteries_based_on_a_hybrid_machine_le.pdf,hardlink
244,paper-0815,paper-0815_a_hybrid_large_kernel_cnn_and_markov_feature_framework_for_remaining_useful_life_prediction.pdf,extraction_papers/paper-0815_a_hybrid_large_kernel_cnn_and_markov_feature_framework_for_remaining_useful_life_prediction.pdf,extraction_papers/ontocast_runs/run_500_20260710_185042/input/paper-0815_a_hybrid_large_kernel_cnn_and_markov_feature_framework_for_remaining_useful_life_prediction.pdf,hardlink
245,paper-0817,paper-0817_coupling_model_and_early_stage_internal_short_circuits_fault_diagnosis_for_gel_electrolyte_l.pdf,extraction_papers/paper-0817_coupling_model_and_early_stage_internal_short_circuits_fault_diagnosis_for_gel_electrolyte_l.pdf,extraction_papers/ontocast_runs/run_500_20260710_185042/input/paper-0817_coupling_model_and_early_stage_internal_short_circuits_fault_diagnosis_for_gel_electrolyte_l.pdf,hardlink
246,paper-0818,paper-0818_a_frequency_adaptive_feature_extraction_framework_for_bearing_remaining_useful_life_predicti.pdf,extraction_papers/paper-0818_a_frequency_adaptive_feature_extraction_framework_for_bearing_remaining_useful_life_predicti.pdf,extraction_papers/ontocast_runs/run_500_20260710_185042/input/paper-0818_a_frequency_adaptive_feature_extraction_framework_for_bearing_remaining_useful_life_predicti.pdf,hardlink
247,paper-0819,paper-0819_reliability_analysis_of_two_stage_nonlinear_phase_dependent_wiener_degradation_process.pdf,extraction_papers/paper-0819_reliability_analysis_of_two_stage_nonlinear_phase_dependent_wiener_degradation_process.pdf,extraction_papers/ontocast_runs/run_500_20260710_185042/input/paper-0819_reliability_analysis_of_two_stage_nonlinear_phase_dependent_wiener_degradation_process.pdf,hardlink
248,paper-0820,paper-0820_a_modular_and_integrated_on_board_system_for_freight_train_condition_monitoring_design_appro.pdf,extraction_papers/paper-0820_a_modular_and_integrated_on_board_system_for_freight_train_condition_monitoring_design_appro.pdf,extraction_papers/ontocast_runs/run_500_20260710_185042/input/paper-0820_a_modular_and_integrated_on_board_system_for_freight_train_condition_monitoring_design_appro.pdf,hardlink
249,paper-0821,paper-0821_vibration_based_mechanical_fault_diagnosis_of_on_load_tap_changers_using_fuzzy_set_theory.pdf,extraction_papers/paper-0821_vibration_based_mechanical_fault_diagnosis_of_on_load_tap_changers_using_fuzzy_set_theory.pdf,extraction_papers/ontocast_runs/run_500_20260710_185042/input/paper-0821_vibration_based_mechanical_fault_diagnosis_of_on_load_tap_changers_using_fuzzy_set_theory.pdf,hardlink
250,paper-0822,paper-0822_remaining_life_prediction_of_lithium_ion_batteries_based_on_vmd_decomposition_and_cascaded_b.pdf,extraction_papers/paper-0822_remaining_life_prediction_of_lithium_ion_batteries_based_on_vmd_decomposition_and_cascaded_b.pdf,extraction_papers/ontocast_runs/run_500_20260710_185042/input/paper-0822_remaining_life_prediction_of_lithium_ion_batteries_based_on_vmd_decomposition_and_cascaded_b.pdf,hardlink
251,paper-0825,paper-0825_from_hours_to_milliseconds_dual_horizon_fault_prediction_for_dynamic_wireless_ev_charging_vi.pdf,extraction_papers/paper-0825_from_hours_to_milliseconds_dual_horizon_fault_prediction_for_dynamic_wireless_ev_charging_vi.pdf,extraction_papers/ontocast_runs/run_500_20260710_185042/input/paper-0825_from_hours_to_milliseconds_dual_horizon_fault_prediction_for_dynamic_wireless_ev_charging_vi.pdf,hardlink
252,paper-0826,paper-0826_prediction_of_the_remaining_useful_life_of_lithium_ion_batteries_based_on_the_optimized_ttao.pdf,extraction_papers/paper-0826_prediction_of_the_remaining_useful_life_of_lithium_ion_batteries_based_on_the_optimized_ttao.pdf,extraction_papers/ontocast_runs/run_500_20260710_185042/input/paper-0826_prediction_of_the_remaining_useful_life_of_lithium_ion_batteries_based_on_the_optimized_ttao.pdf,hardlink
253,paper-0829,paper-0829_rolling_bearing_remaining_useful_life_prediction_via_parameter_optimized_vmd_and_hybrid_tcn.pdf,extraction_papers/paper-0829_rolling_bearing_remaining_useful_life_prediction_via_parameter_optimized_vmd_and_hybrid_tcn.pdf,extraction_papers/ontocast_runs/run_500_20260710_185042/input/paper-0829_rolling_bearing_remaining_useful_life_prediction_via_parameter_optimized_vmd_and_hybrid_tcn.pdf,hardlink
254,paper-0839,paper-0839_artificial_neural_networks_for_predictive_maintenance_fault_prediction_in_belt_drive_systems.pdf,extraction_papers/paper-0839_artificial_neural_networks_for_predictive_maintenance_fault_prediction_in_belt_drive_systems.pdf,extraction_papers/ontocast_runs/run_500_20260710_185042/input/paper-0839_artificial_neural_networks_for_predictive_maintenance_fault_prediction_in_belt_drive_systems.pdf,hardlink
255,paper-0843,paper-0843_a_hybrid_metaheuristic_and_deep_learning_framework_for_robust_predictive_maintenance_in_wind.pdf,extraction_papers/paper-0843_a_hybrid_metaheuristic_and_deep_learning_framework_for_robust_predictive_maintenance_in_wind.pdf,extraction_papers/ontocast_runs/run_500_20260710_185042/input/paper-0843_a_hybrid_metaheuristic_and_deep_learning_framework_for_robust_predictive_maintenance_in_wind.pdf,hardlink
256,paper-0844,paper-0844_maximizing_uptime_of_the_aging_road_tanker_fleets_in_labor_shortages_and_economic_uncertaint.pdf,extraction_papers/paper-0844_maximizing_uptime_of_the_aging_road_tanker_fleets_in_labor_shortages_and_economic_uncertaint.pdf,extraction_papers/ontocast_runs/run_500_20260710_185042/input/paper-0844_maximizing_uptime_of_the_aging_road_tanker_fleets_in_labor_shortages_and_economic_uncertaint.pdf,hardlink
257,paper-0846,paper-0846_real_time_xr_maintenance_support_integrating_large_language_models_in_the_era_of_the_industr.pdf,extraction_papers/paper-0846_real_time_xr_maintenance_support_integrating_large_language_models_in_the_era_of_the_industr.pdf,extraction_papers/ontocast_runs/run_500_20260710_185042/input/paper-0846_real_time_xr_maintenance_support_integrating_large_language_models_in_the_era_of_the_industr.pdf,hardlink
258,paper-0848,paper-0848_robust_energy_centric_machine_learning_assisted_fault_detection_diagnosis_an_extrusion_case.pdf,extraction_papers/paper-0848_robust_energy_centric_machine_learning_assisted_fault_detection_diagnosis_an_extrusion_case.pdf,extraction_papers/ontocast_runs/run_500_20260710_185042/input/paper-0848_robust_energy_centric_machine_learning_assisted_fault_detection_diagnosis_an_extrusion_case.pdf,hardlink
259,paper-0853,paper-0853_impact_of_internal_validation_protocols_on_predictive_maintenance_performance_in_biomedical.pdf,extraction_papers/paper-0853_impact_of_internal_validation_protocols_on_predictive_maintenance_performance_in_biomedical.pdf,extraction_papers/ontocast_runs/run_500_20260710_185042/input/paper-0853_impact_of_internal_validation_protocols_on_predictive_maintenance_performance_in_biomedical.pdf,hardlink
260,paper-0856,paper-0856_remaining_useful_life_prediction_and_operation_optimization_of_offshore_electric_submersible.pdf,extraction_papers/paper-0856_remaining_useful_life_prediction_and_operation_optimization_of_offshore_electric_submersible.pdf,extraction_papers/ontocast_runs/run_500_20260710_185042/input/paper-0856_remaining_useful_life_prediction_and_operation_optimization_of_offshore_electric_submersible.pdf,hardlink
261,paper-0857,paper-0857_stochastic_differential_equation_based_dynamic_imperfect_maintenance_strategy_for_wind_turbi.pdf,extraction_papers/paper-0857_stochastic_differential_equation_based_dynamic_imperfect_maintenance_strategy_for_wind_turbi.pdf,extraction_papers/ontocast_runs/run_500_20260710_185042/input/paper-0857_stochastic_differential_equation_based_dynamic_imperfect_maintenance_strategy_for_wind_turbi.pdf,hardlink
262,paper-0859,paper-0859_a_machine_learning_approach_for_bearing_fault_identification_using_ifwht_glcm_and_feature_ra.pdf,extraction_papers/paper-0859_a_machine_learning_approach_for_bearing_fault_identification_using_ifwht_glcm_and_feature_ra.pdf,extraction_papers/ontocast_runs/run_500_20260710_185042/input/paper-0859_a_machine_learning_approach_for_bearing_fault_identification_using_ifwht_glcm_and_feature_ra.pdf,hardlink
263,paper-0860,paper-0860_remaining_useful_life_prediction_in_an_aerospace_engine_a_multivariable_fuzzy_time_series_cl.pdf,extraction_papers/paper-0860_remaining_useful_life_prediction_in_an_aerospace_engine_a_multivariable_fuzzy_time_series_cl.pdf,extraction_papers/ontocast_runs/run_500_20260710_185042/input/paper-0860_remaining_useful_life_prediction_in_an_aerospace_engine_a_multivariable_fuzzy_time_series_cl.pdf,hardlink
264,paper-0861,paper-0861_thermal_electrical_fusion_for_real_time_condition_monitoring_of_igbt_modules_in_transportati.pdf,extraction_papers/paper-0861_thermal_electrical_fusion_for_real_time_condition_monitoring_of_igbt_modules_in_transportati.pdf,extraction_papers/ontocast_runs/run_500_20260710_185042/input/paper-0861_thermal_electrical_fusion_for_real_time_condition_monitoring_of_igbt_modules_in_transportati.pdf,hardlink
265,paper-0863,paper-0863_ai_based_health_monitoring_for_class_i_induction_motors_in_data_scarce_environments_from_syn.pdf,extraction_papers/paper-0863_ai_based_health_monitoring_for_class_i_induction_motors_in_data_scarce_environments_from_syn.pdf,extraction_papers/ontocast_runs/run_500_20260710_185042/input/paper-0863_ai_based_health_monitoring_for_class_i_induction_motors_in_data_scarce_environments_from_syn.pdf,hardlink
266,paper-0868,paper-0868_persistence_based_absolute_relative_error_for_alarm_centric_monitoring_under_low_frequency_m.pdf,extraction_papers/paper-0868_persistence_based_absolute_relative_error_for_alarm_centric_monitoring_under_low_frequency_m.pdf,extraction_papers/ontocast_runs/run_500_20260710_185042/input/paper-0868_persistence_based_absolute_relative_error_for_alarm_centric_monitoring_under_low_frequency_m.pdf,hardlink
267,paper-0869,paper-0869_mathematical_modeling_of_operational_reliability_of_mine_lifting_equipment_based_on_censored.pdf,extraction_papers/paper-0869_mathematical_modeling_of_operational_reliability_of_mine_lifting_equipment_based_on_censored.pdf,extraction_papers/ontocast_runs/run_500_20260710_185042/input/paper-0869_mathematical_modeling_of_operational_reliability_of_mine_lifting_equipment_based_on_censored.pdf,hardlink
268,paper-0871,paper-0871_eliminating_open_gears_in_spiral_classifiers_five_year_validation_of_reliability_and_economi.pdf,extraction_papers/paper-0871_eliminating_open_gears_in_spiral_classifiers_five_year_validation_of_reliability_and_economi.pdf,extraction_papers/ontocast_runs/run_500_20260710_185042/input/paper-0871_eliminating_open_gears_in_spiral_classifiers_five_year_validation_of_reliability_and_economi.pdf,hardlink
269,paper-0874,paper-0874_virtual_sensors_based_on_finite_element_method_balancing_accuracy_runtime_and_offline_effort.pdf,extraction_papers/paper-0874_virtual_sensors_based_on_finite_element_method_balancing_accuracy_runtime_and_offline_effort.pdf,extraction_papers/ontocast_runs/run_500_20260710_185042/input/paper-0874_virtual_sensors_based_on_finite_element_method_balancing_accuracy_runtime_and_offline_effort.pdf,hardlink
270,paper-0875,paper-0875_predictive_maintenance_mcp_an_open_source_framework_for_bridging_large_language_models_and_i.pdf,extraction_papers/paper-0875_predictive_maintenance_mcp_an_open_source_framework_for_bridging_large_language_models_and_i.pdf,extraction_papers/ontocast_runs/run_500_20260710_185042/input/paper-0875_predictive_maintenance_mcp_an_open_source_framework_for_bridging_large_language_models_and_i.pdf,hardlink
271,paper-0876,paper-0876_industrial_deployment_of_a_decision_oriented_digital_twin_for_predictive_maintenance_of_a_re.pdf,extraction_papers/paper-0876_industrial_deployment_of_a_decision_oriented_digital_twin_for_predictive_maintenance_of_a_re.pdf,extraction_papers/ontocast_runs/run_500_20260710_185042/input/paper-0876_industrial_deployment_of_a_decision_oriented_digital_twin_for_predictive_maintenance_of_a_re.pdf,hardlink
272,paper-0878,paper-0878_an_artificial_neural_network_framework_for_automated_fault_diagnosis_in_industrial_dc_dc_con.pdf,extraction_papers/paper-0878_an_artificial_neural_network_framework_for_automated_fault_diagnosis_in_industrial_dc_dc_con.pdf,extraction_papers/ontocast_runs/run_500_20260710_185042/input/paper-0878_an_artificial_neural_network_framework_for_automated_fault_diagnosis_in_industrial_dc_dc_con.pdf,hardlink
273,paper-0883,paper-0883_power_transformer_breathing_system_condition_monitoring_based_on_pressure_temperature_optica.pdf,extraction_papers/paper-0883_power_transformer_breathing_system_condition_monitoring_based_on_pressure_temperature_optica.pdf,extraction_papers/ontocast_runs/run_500_20260710_185042/input/paper-0883_power_transformer_breathing_system_condition_monitoring_based_on_pressure_temperature_optica.pdf,hardlink
274,paper-0884,paper-0884_a_unified_approach_for_ensemble_function_and_threshold_optimization_in_anomaly_based_failure.pdf,extraction_papers/paper-0884_a_unified_approach_for_ensemble_function_and_threshold_optimization_in_anomaly_based_failure.pdf,extraction_papers/ontocast_runs/run_500_20260710_185042/input/paper-0884_a_unified_approach_for_ensemble_function_and_threshold_optimization_in_anomaly_based_failure.pdf,hardlink
275,paper-0886,paper-0886_integrated_approach_to_modelling_the_reliability_of_gears_in_ship_propulsion_systems.pdf,extraction_papers/paper-0886_integrated_approach_to_modelling_the_reliability_of_gears_in_ship_propulsion_systems.pdf,extraction_papers/ontocast_runs/run_500_20260710_185042/input/paper-0886_integrated_approach_to_modelling_the_reliability_of_gears_in_ship_propulsion_systems.pdf,hardlink
276,paper-0888,paper-0888_fault_detection_and_monitoring_in_induction_machines_using_data_driven_model_drift_detection.pdf,extraction_papers/paper-0888_fault_detection_and_monitoring_in_induction_machines_using_data_driven_model_drift_detection.pdf,extraction_papers/ontocast_runs/run_500_20260710_185042/input/paper-0888_fault_detection_and_monitoring_in_induction_machines_using_data_driven_model_drift_detection.pdf,hardlink
277,paper-0889,paper-0889_research_on_engine_cooling_system_condition_monitoring_based_on_deep_digital_twin.pdf,extraction_papers/paper-0889_research_on_engine_cooling_system_condition_monitoring_based_on_deep_digital_twin.pdf,extraction_papers/ontocast_runs/run_500_20260710_185042/input/paper-0889_research_on_engine_cooling_system_condition_monitoring_based_on_deep_digital_twin.pdf,hardlink
278,paper-0891,paper-0891_a_cost_aware_deep_learning_framework_for_gearbox_fault_detection_in_wind_turbines.pdf,extraction_papers/paper-0891_a_cost_aware_deep_learning_framework_for_gearbox_fault_detection_in_wind_turbines.pdf,extraction_papers/ontocast_runs/run_500_20260710_185042/input/paper-0891_a_cost_aware_deep_learning_framework_for_gearbox_fault_detection_in_wind_turbines.pdf,hardlink
279,paper-0898,paper-0898_two_stage_lightgbm_framework_for_cost_sensitive_prediction_of_impending_failures_of_componen.pdf,extraction_papers/paper-0898_two_stage_lightgbm_framework_for_cost_sensitive_prediction_of_impending_failures_of_componen.pdf,extraction_papers/ontocast_runs/run_500_20260710_185042/input/paper-0898_two_stage_lightgbm_framework_for_cost_sensitive_prediction_of_impending_failures_of_componen.pdf,hardlink
280,paper-0899,paper-0899_analysis_and_adaptive_separation_of_igbt_switching_noise_in_pd_monitoring_of_flexible_hvdc_v.pdf,extraction_papers/paper-0899_analysis_and_adaptive_separation_of_igbt_switching_noise_in_pd_monitoring_of_flexible_hvdc_v.pdf,extraction_papers/ontocast_runs/run_500_20260710_185042/input/paper-0899_analysis_and_adaptive_separation_of_igbt_switching_noise_in_pd_monitoring_of_flexible_hvdc_v.pdf,hardlink
281,paper-0900,paper-0900_rul_prediction_method_based_on_sequential_health_index_evaluation_with_multidimensional_coup.pdf,extraction_papers/paper-0900_rul_prediction_method_based_on_sequential_health_index_evaluation_with_multidimensional_coup.pdf,extraction_papers/ontocast_runs/run_500_20260710_185042/input/paper-0900_rul_prediction_method_based_on_sequential_health_index_evaluation_with_multidimensional_coup.pdf,hardlink
282,paper-0901,paper-0901_a_hydraulic_actuator_condition_monitoring_dataset_for_machine_learning.pdf,extraction_papers/paper-0901_a_hydraulic_actuator_condition_monitoring_dataset_for_machine_learning.pdf,extraction_papers/ontocast_runs/run_500_20260710_185042/input/paper-0901_a_hydraulic_actuator_condition_monitoring_dataset_for_machine_learning.pdf,hardlink
283,paper-0903,paper-0903_role_of_unified_namespace_uns_and_digital_twins_in_predictive_and_adaptive_industrial_system.pdf,extraction_papers/paper-0903_role_of_unified_namespace_uns_and_digital_twins_in_predictive_and_adaptive_industrial_system.pdf,extraction_papers/ontocast_runs/run_500_20260710_185042/input/paper-0903_role_of_unified_namespace_uns_and_digital_twins_in_predictive_and_adaptive_industrial_system.pdf,hardlink
284,paper-0911,paper-0911_prognostics_and_health_management_for_compressor_multi_actuator_energy_efficient_system_usin.pdf,extraction_papers/paper-0911_prognostics_and_health_management_for_compressor_multi_actuator_energy_efficient_system_usin.pdf,extraction_papers/ontocast_runs/run_500_20260710_185042/input/paper-0911_prognostics_and_health_management_for_compressor_multi_actuator_energy_efficient_system_usin.pdf,hardlink
285,paper-0912,paper-0912_smart_hybrid_maintenance_as_a_pathway_to_energy_efficient_manufacturing.pdf,extraction_papers/paper-0912_smart_hybrid_maintenance_as_a_pathway_to_energy_efficient_manufacturing.pdf,extraction_papers/ontocast_runs/run_500_20260710_185042/input/paper-0912_smart_hybrid_maintenance_as_a_pathway_to_energy_efficient_manufacturing.pdf,hardlink
286,paper-0913,paper-0913_study_on_cumulative_effects_of_mechanical_forces_and_deformation_in_power_transformer_windin.pdf,extraction_papers/paper-0913_study_on_cumulative_effects_of_mechanical_forces_and_deformation_in_power_transformer_windin.pdf,extraction_papers/ontocast_runs/run_500_20260710_185042/input/paper-0913_study_on_cumulative_effects_of_mechanical_forces_and_deformation_in_power_transformer_windin.pdf,hardlink
287,paper-0914,paper-0914_a_signal_structure_priori_enhanced_deep_compressed_sensing_method_for_vibration_signals_and.pdf,extraction_papers/paper-0914_a_signal_structure_priori_enhanced_deep_compressed_sensing_method_for_vibration_signals_and.pdf,extraction_papers/ontocast_runs/run_500_20260710_185042/input/paper-0914_a_signal_structure_priori_enhanced_deep_compressed_sensing_method_for_vibration_signals_and.pdf,hardlink
288,paper-0915,paper-0915_induction_motor_simultaneous_fault_diagnosis_based_on_takagi_sugeno_models.pdf,extraction_papers/paper-0915_induction_motor_simultaneous_fault_diagnosis_based_on_takagi_sugeno_models.pdf,extraction_papers/ontocast_runs/run_500_20260710_185042/input/paper-0915_induction_motor_simultaneous_fault_diagnosis_based_on_takagi_sugeno_models.pdf,hardlink
289,paper-0918,paper-0918_multiscale_investigation_on_fatigue_crack_growth_and_remaining_useful_life_of_bogie_frame_ma.pdf,extraction_papers/paper-0918_multiscale_investigation_on_fatigue_crack_growth_and_remaining_useful_life_of_bogie_frame_ma.pdf,extraction_papers/ontocast_runs/run_500_20260710_185042/input/paper-0918_multiscale_investigation_on_fatigue_crack_growth_and_remaining_useful_life_of_bogie_frame_ma.pdf,hardlink
290,paper-0919,paper-0919_a_hybrid_driven_fault_diagnosis_method_for_railway_freight_car_braking_system.pdf,extraction_papers/paper-0919_a_hybrid_driven_fault_diagnosis_method_for_railway_freight_car_braking_system.pdf,extraction_papers/ontocast_runs/run_500_20260710_185042/input/paper-0919_a_hybrid_driven_fault_diagnosis_method_for_railway_freight_car_braking_system.pdf,hardlink
291,paper-0921,paper-0921_data_driven_fleet_optimization_using_ml_algorithms_and_a_decision_making_grid_framework.pdf,extraction_papers/paper-0921_data_driven_fleet_optimization_using_ml_algorithms_and_a_decision_making_grid_framework.pdf,extraction_papers/ontocast_runs/run_500_20260710_185042/input/paper-0921_data_driven_fleet_optimization_using_ml_algorithms_and_a_decision_making_grid_framework.pdf,hardlink
292,paper-0925,paper-0925_development_and_long_term_operation_of_a_three_dimensional_displacement_monitoring_system_fo.pdf,extraction_papers/paper-0925_development_and_long_term_operation_of_a_three_dimensional_displacement_monitoring_system_fo.pdf,extraction_papers/ontocast_runs/run_500_20260710_185042/input/paper-0925_development_and_long_term_operation_of_a_three_dimensional_displacement_monitoring_system_fo.pdf,hardlink
293,paper-0927,paper-0927_explainable_ai_driven_quality_and_condition_monitoring_in_smart_manufacturing.pdf,extraction_papers/paper-0927_explainable_ai_driven_quality_and_condition_monitoring_in_smart_manufacturing.pdf,extraction_papers/ontocast_runs/run_500_20260710_185042/input/paper-0927_explainable_ai_driven_quality_and_condition_monitoring_in_smart_manufacturing.pdf,hardlink
294,paper-0929,paper-0929_remaining_useful_life_prediction_of_binary_stochastic_degradation_equipment_based_on_mixed_c.pdf,extraction_papers/paper-0929_remaining_useful_life_prediction_of_binary_stochastic_degradation_equipment_based_on_mixed_c.pdf,extraction_papers/ontocast_runs/run_500_20260710_185042/input/paper-0929_remaining_useful_life_prediction_of_binary_stochastic_degradation_equipment_based_on_mixed_c.pdf,hardlink
295,paper-0932,paper-0932_nonlinear_characterisation_of_wind_turbine_gearbox_vibration_dynamics_driven_by_inhomogeneou.pdf,extraction_papers/paper-0932_nonlinear_characterisation_of_wind_turbine_gearbox_vibration_dynamics_driven_by_inhomogeneou.pdf,extraction_papers/ontocast_runs/run_500_20260710_185042/input/paper-0932_nonlinear_characterisation_of_wind_turbine_gearbox_vibration_dynamics_driven_by_inhomogeneou.pdf,hardlink
296,paper-0933,paper-0933_remaining_useful_life_prediction_of_fracturing_truck_valve_bodies_based_on_the_cb2_rul_algor.pdf,extraction_papers/paper-0933_remaining_useful_life_prediction_of_fracturing_truck_valve_bodies_based_on_the_cb2_rul_algor.pdf,extraction_papers/ontocast_runs/run_500_20260710_185042/input/paper-0933_remaining_useful_life_prediction_of_fracturing_truck_valve_bodies_based_on_the_cb2_rul_algor.pdf,hardlink
297,paper-0934,paper-0934_diagnostic_analytics_powered_by_iot_and_machine_learning_for_the_fault_evaluation_of_a_heavy.pdf,extraction_papers/paper-0934_diagnostic_analytics_powered_by_iot_and_machine_learning_for_the_fault_evaluation_of_a_heavy.pdf,extraction_papers/ontocast_runs/run_500_20260710_185042/input/paper-0934_diagnostic_analytics_powered_by_iot_and_machine_learning_for_the_fault_evaluation_of_a_heavy.pdf,hardlink
298,paper-0938,paper-0938_deep_learning_enhanced_fault_detection_and_localization_in_induction_motor_drives_a_resmlp_a.pdf,extraction_papers/paper-0938_deep_learning_enhanced_fault_detection_and_localization_in_induction_motor_drives_a_resmlp_a.pdf,extraction_papers/ontocast_runs/run_500_20260710_185042/input/paper-0938_deep_learning_enhanced_fault_detection_and_localization_in_induction_motor_drives_a_resmlp_a.pdf,hardlink
299,paper-0939,paper-0939_predictive_maintenance_strategy_for_photovoltaic_power_systems_collaborative_optimization_of.pdf,extraction_papers/paper-0939_predictive_maintenance_strategy_for_photovoltaic_power_systems_collaborative_optimization_of.pdf,extraction_papers/ontocast_runs/run_500_20260710_185042/input/paper-0939_predictive_maintenance_strategy_for_photovoltaic_power_systems_collaborative_optimization_of.pdf,hardlink
300,paper-0941,paper-0941_dynamically_weighted_spatiotemporal_fusion_for_deep_learning_based_prediction_of_eha_degrada.pdf,extraction_papers/paper-0941_dynamically_weighted_spatiotemporal_fusion_for_deep_learning_based_prediction_of_eha_degrada.pdf,extraction_papers/ontocast_runs/run_500_20260710_185042/input/paper-0941_dynamically_weighted_spatiotemporal_fusion_for_deep_learning_based_prediction_of_eha_degrada.pdf,hardlink
301,paper-0942,paper-0942_enhanced_engine_vibration_by_computer_vision_methods_for_predictive_maintenance_vibra_o_aume.pdf,extraction_papers/paper-0942_enhanced_engine_vibration_by_computer_vision_methods_for_predictive_maintenance_vibra_o_aume.pdf,extraction_papers/ontocast_runs/run_500_20260710_185042/input/paper-0942_enhanced_engine_vibration_by_computer_vision_methods_for_predictive_maintenance_vibra_o_aume.pdf,hardlink
302,paper-0943,paper-0943_residual_value_predictive_lifetime_monitoring_of_power_converter_components_for_sustainable.pdf,extraction_papers/paper-0943_residual_value_predictive_lifetime_monitoring_of_power_converter_components_for_sustainable.pdf,extraction_papers/ontocast_runs/run_500_20260710_185042/input/paper-0943_residual_value_predictive_lifetime_monitoring_of_power_converter_components_for_sustainable.pdf,hardlink
303,paper-0945,paper-0945_isa_phm_a_standardized_format_for_storing_and_utilizing_meta_data_of_diagnostic_and_prognost.pdf,extraction_papers/paper-0945_isa_phm_a_standardized_format_for_storing_and_utilizing_meta_data_of_diagnostic_and_prognost.pdf,extraction_papers/ontocast_runs/run_500_20260710_185042/input/paper-0945_isa_phm_a_standardized_format_for_storing_and_utilizing_meta_data_of_diagnostic_and_prognost.pdf,hardlink
304,paper-0946,paper-0946_integrated_reliability_modeling_and_maintenance_optimization_for_performance_enhancement_of.pdf,extraction_papers/paper-0946_integrated_reliability_modeling_and_maintenance_optimization_for_performance_enhancement_of.pdf,extraction_papers/ontocast_runs/run_500_20260710_185042/input/paper-0946_integrated_reliability_modeling_and_maintenance_optimization_for_performance_enhancement_of.pdf,hardlink
305,paper-0950,paper-0950_application_of_machine_learning_for_production_optimization_and_predictive_maintenance_in_an.pdf,extraction_papers/paper-0950_application_of_machine_learning_for_production_optimization_and_predictive_maintenance_in_an.pdf,extraction_papers/ontocast_runs/run_500_20260710_185042/input/paper-0950_application_of_machine_learning_for_production_optimization_and_predictive_maintenance_in_an.pdf,hardlink
306,paper-0951,paper-0951_reliability_prediction_of_automotive_engines_integrating_mechanism_model.pdf,extraction_papers/paper-0951_reliability_prediction_of_automotive_engines_integrating_mechanism_model.pdf,extraction_papers/ontocast_runs/run_500_20260710_185042/input/paper-0951_reliability_prediction_of_automotive_engines_integrating_mechanism_model.pdf,hardlink
307,paper-0952,paper-0952_experimental_analysis_of_the_acoustic_emission_waveforms_generated_by_friction_between_invol.pdf,extraction_papers/paper-0952_experimental_analysis_of_the_acoustic_emission_waveforms_generated_by_friction_between_invol.pdf,extraction_papers/ontocast_runs/run_500_20260710_185042/input/paper-0952_experimental_analysis_of_the_acoustic_emission_waveforms_generated_by_friction_between_invol.pdf,hardlink
308,paper-0953,paper-0953_metaheuristic_based_machine_learning_models_for_accurate_battery_remaining_useful_life_predi.pdf,extraction_papers/paper-0953_metaheuristic_based_machine_learning_models_for_accurate_battery_remaining_useful_life_predi.pdf,extraction_papers/ontocast_runs/run_500_20260710_185042/input/paper-0953_metaheuristic_based_machine_learning_models_for_accurate_battery_remaining_useful_life_predi.pdf,hardlink
309,paper-0954,paper-0954_hyperscale_cascaded_transformer_net_based_framework_for_remaining_useful_life_prediction_of.pdf,extraction_papers/paper-0954_hyperscale_cascaded_transformer_net_based_framework_for_remaining_useful_life_prediction_of.pdf,extraction_papers/ontocast_runs/run_500_20260710_185042/input/paper-0954_hyperscale_cascaded_transformer_net_based_framework_for_remaining_useful_life_prediction_of.pdf,hardlink
310,paper-0957,paper-0957_a_new_portable_smart_percussion_system_embedded_on_raspberry_pi_for_bolt_looseness_detection.pdf,extraction_papers/paper-0957_a_new_portable_smart_percussion_system_embedded_on_raspberry_pi_for_bolt_looseness_detection.pdf,extraction_papers/ontocast_runs/run_500_20260710_185042/input/paper-0957_a_new_portable_smart_percussion_system_embedded_on_raspberry_pi_for_bolt_looseness_detection.pdf,hardlink
311,paper-0959,paper-0959_temporal_attention_integrated_simulation_modelling_of_automotive_component_degradation_for_r.pdf,extraction_papers/paper-0959_temporal_attention_integrated_simulation_modelling_of_automotive_component_degradation_for_r.pdf,extraction_papers/ontocast_runs/run_500_20260710_185042/input/paper-0959_temporal_attention_integrated_simulation_modelling_of_automotive_component_degradation_for_r.pdf,hardlink
312,paper-0960,paper-0960_data_driven_defrost_on_demand_scheduling_in_reefer_ships_a_predictive_maintenance_framework.pdf,extraction_papers/paper-0960_data_driven_defrost_on_demand_scheduling_in_reefer_ships_a_predictive_maintenance_framework.pdf,extraction_papers/ontocast_runs/run_500_20260710_185042/input/paper-0960_data_driven_defrost_on_demand_scheduling_in_reefer_ships_a_predictive_maintenance_framework.pdf,hardlink
313,paper-0961,paper-0961_a_physics_informed_ai_methodology_for_prognostics_and_health_management_of_complex_systems_u.pdf,extraction_papers/paper-0961_a_physics_informed_ai_methodology_for_prognostics_and_health_management_of_complex_systems_u.pdf,extraction_papers/ontocast_runs/run_500_20260710_185042/input/paper-0961_a_physics_informed_ai_methodology_for_prognostics_and_health_management_of_complex_systems_u.pdf,hardlink
314,paper-0963,paper-0963_vibration_based_fault_detection_in_induced_draft_fans_using_unsupervised_machine_learning_ap.pdf,extraction_papers/paper-0963_vibration_based_fault_detection_in_induced_draft_fans_using_unsupervised_machine_learning_ap.pdf,extraction_papers/ontocast_runs/run_500_20260710_185042/input/paper-0963_vibration_based_fault_detection_in_induced_draft_fans_using_unsupervised_machine_learning_ap.pdf,hardlink
315,paper-0965,paper-0965_diagnosis_of_partial_discharge_in_high_voltage_potential_transformers_using_2d_scatter_plots.pdf,extraction_papers/paper-0965_diagnosis_of_partial_discharge_in_high_voltage_potential_transformers_using_2d_scatter_plots.pdf,extraction_papers/ontocast_runs/run_500_20260710_185042/input/paper-0965_diagnosis_of_partial_discharge_in_high_voltage_potential_transformers_using_2d_scatter_plots.pdf,hardlink
316,paper-0967,paper-0967_reliability_adaptive_control_of_aerospace_electromechanical_actuators_with_coupled_degradati.pdf,extraction_papers/paper-0967_reliability_adaptive_control_of_aerospace_electromechanical_actuators_with_coupled_degradati.pdf,extraction_papers/ontocast_runs/run_500_20260710_185042/input/paper-0967_reliability_adaptive_control_of_aerospace_electromechanical_actuators_with_coupled_degradati.pdf,hardlink
317,paper-0968,paper-0968_differentiable_neural_search_architecture_with_zero_cost_metrics_for_insulator_fault_predict.pdf,extraction_papers/paper-0968_differentiable_neural_search_architecture_with_zero_cost_metrics_for_insulator_fault_predict.pdf,extraction_papers/ontocast_runs/run_500_20260710_185042/input/paper-0968_differentiable_neural_search_architecture_with_zero_cost_metrics_for_insulator_fault_predict.pdf,hardlink
318,paper-0969,paper-0969_explaining_system_level_prognostics_with_established_machine_learning_methods.pdf,extraction_papers/paper-0969_explaining_system_level_prognostics_with_established_machine_learning_methods.pdf,extraction_papers/ontocast_runs/run_500_20260710_185042/input/paper-0969_explaining_system_level_prognostics_with_established_machine_learning_methods.pdf,hardlink
319,paper-0972,paper-0972_artificial_intelligence_driven_dynamic_optimization_for_predictive_maintenance_and_cybersecu.pdf,extraction_papers/paper-0972_artificial_intelligence_driven_dynamic_optimization_for_predictive_maintenance_and_cybersecu.pdf,extraction_papers/ontocast_runs/run_500_20260710_185042/input/paper-0972_artificial_intelligence_driven_dynamic_optimization_for_predictive_maintenance_and_cybersecu.pdf,hardlink
320,paper-0979,paper-0979_a_novel_approach_for_motor_bearing_fault_detection_using_emd_based_denoising_and_detrended_f.pdf,extraction_papers/paper-0979_a_novel_approach_for_motor_bearing_fault_detection_using_emd_based_denoising_and_detrended_f.pdf,extraction_papers/ontocast_runs/run_500_20260710_185042/input/paper-0979_a_novel_approach_for_motor_bearing_fault_detection_using_emd_based_denoising_and_detrended_f.pdf,hardlink
321,paper-0980,paper-0980_aero_engine_remaining_useful_life_prediction_an_adaptive_method_for_individual_differences_o.pdf,extraction_papers/paper-0980_aero_engine_remaining_useful_life_prediction_an_adaptive_method_for_individual_differences_o.pdf,extraction_papers/ontocast_runs/run_500_20260710_185042/input/paper-0980_aero_engine_remaining_useful_life_prediction_an_adaptive_method_for_individual_differences_o.pdf,hardlink
322,paper-0982,paper-0982_guided_ultrasound_horn_enhanced_fiber_bragg_grating_sensor_for_partial_discharge_detection_i.pdf,extraction_papers/paper-0982_guided_ultrasound_horn_enhanced_fiber_bragg_grating_sensor_for_partial_discharge_detection_i.pdf,extraction_papers/ontocast_runs/run_500_20260710_185042/input/paper-0982_guided_ultrasound_horn_enhanced_fiber_bragg_grating_sensor_for_partial_discharge_detection_i.pdf,hardlink
323,paper-0985,paper-0985_deep_learning_for_gear_defect_diagnosis_and_wear_prediction_in_automotive_systems.pdf,extraction_papers/paper-0985_deep_learning_for_gear_defect_diagnosis_and_wear_prediction_in_automotive_systems.pdf,extraction_papers/ontocast_runs/run_500_20260710_185042/input/paper-0985_deep_learning_for_gear_defect_diagnosis_and_wear_prediction_in_automotive_systems.pdf,hardlink
324,paper-0986,paper-0986_multi_source_data_fusion_and_multi_task_physics_informed_transformer_for_power_transformer_f.pdf,extraction_papers/paper-0986_multi_source_data_fusion_and_multi_task_physics_informed_transformer_for_power_transformer_f.pdf,extraction_papers/ontocast_runs/run_500_20260710_185042/input/paper-0986_multi_source_data_fusion_and_multi_task_physics_informed_transformer_for_power_transformer_f.pdf,hardlink
325,paper-0987,paper-0987_computer_aided_development_and_experimental_testing_of_a_multi_sensor_system_for_a_tilting_p.pdf,extraction_papers/paper-0987_computer_aided_development_and_experimental_testing_of_a_multi_sensor_system_for_a_tilting_p.pdf,extraction_papers/ontocast_runs/run_500_20260710_185042/input/paper-0987_computer_aided_development_and_experimental_testing_of_a_multi_sensor_system_for_a_tilting_p.pdf,hardlink
326,paper-0988,paper-0988_fuzzy_analytical_hierarchy_process_based_multi_criteria_decision_framework_for_risk_informed.pdf,extraction_papers/paper-0988_fuzzy_analytical_hierarchy_process_based_multi_criteria_decision_framework_for_risk_informed.pdf,extraction_papers/ontocast_runs/run_500_20260710_185042/input/paper-0988_fuzzy_analytical_hierarchy_process_based_multi_criteria_decision_framework_for_risk_informed.pdf,hardlink
327,paper-0989,paper-0989_a_hybrid_optimization_model_for_transformer_fault_diagnosis_based_on_gas_classification.pdf,extraction_papers/paper-0989_a_hybrid_optimization_model_for_transformer_fault_diagnosis_based_on_gas_classification.pdf,extraction_papers/ontocast_runs/run_500_20260710_185042/input/paper-0989_a_hybrid_optimization_model_for_transformer_fault_diagnosis_based_on_gas_classification.pdf,hardlink
328,paper-0990,paper-0990_thermal_degradation_diagnosis_of_ate_driver_boards_using_alt_derived_cumulative_degradation.pdf,extraction_papers/paper-0990_thermal_degradation_diagnosis_of_ate_driver_boards_using_alt_derived_cumulative_degradation.pdf,extraction_papers/ontocast_runs/run_500_20260710_185042/input/paper-0990_thermal_degradation_diagnosis_of_ate_driver_boards_using_alt_derived_cumulative_degradation.pdf,hardlink
329,paper-0994,paper-0994_applying_bayesian_neural_networks_to_optimize_maintenance_logistics.pdf,extraction_papers/paper-0994_applying_bayesian_neural_networks_to_optimize_maintenance_logistics.pdf,extraction_papers/ontocast_runs/run_500_20260710_185042/input/paper-0994_applying_bayesian_neural_networks_to_optimize_maintenance_logistics.pdf,hardlink
330,paper-0995,paper-0995_application_of_virtual_sensing_to_an_outdoor_air_conditioning_compressor_unit.pdf,extraction_papers/paper-0995_application_of_virtual_sensing_to_an_outdoor_air_conditioning_compressor_unit.pdf,extraction_papers/ontocast_runs/run_500_20260710_185042/input/paper-0995_application_of_virtual_sensing_to_an_outdoor_air_conditioning_compressor_unit.pdf,hardlink
331,paper-0996,paper-0996_equipment_reliability_modeling_and_remaining_useful_life_prediction_based_on_bayesian_small.pdf,extraction_papers/paper-0996_equipment_reliability_modeling_and_remaining_useful_life_prediction_based_on_bayesian_small.pdf,extraction_papers/ontocast_runs/run_500_20260710_185042/input/paper-0996_equipment_reliability_modeling_and_remaining_useful_life_prediction_based_on_bayesian_small.pdf,hardlink
332,paper-0998,paper-0998_a_hybrid_ensemble_based_intelligent_decision_framework_for_risk_aware_photovoltaic_panel_soi.pdf,extraction_papers/paper-0998_a_hybrid_ensemble_based_intelligent_decision_framework_for_risk_aware_photovoltaic_panel_soi.pdf,extraction_papers/ontocast_runs/run_500_20260710_185042/input/paper-0998_a_hybrid_ensemble_based_intelligent_decision_framework_for_risk_aware_photovoltaic_panel_soi.pdf,hardlink
333,paper-1001,paper-1001_enhancing_predictive_maintenance_accuracy_for_rotary_machine_vibration_signals_with_xgboost.pdf,extraction_papers/paper-1001_enhancing_predictive_maintenance_accuracy_for_rotary_machine_vibration_signals_with_xgboost.pdf,extraction_papers/ontocast_runs/run_500_20260710_185042/input/paper-1001_enhancing_predictive_maintenance_accuracy_for_rotary_machine_vibration_signals_with_xgboost.pdf,hardlink
334,paper-1003,paper-1003_enhancing_electric_vehicle_battery_lifespan_integrating_active_balancing_and_machine_learnin.pdf,extraction_papers/paper-1003_enhancing_electric_vehicle_battery_lifespan_integrating_active_balancing_and_machine_learnin.pdf,extraction_papers/ontocast_runs/run_500_20260710_185042/input/paper-1003_enhancing_electric_vehicle_battery_lifespan_integrating_active_balancing_and_machine_learnin.pdf,hardlink
335,paper-1008,paper-1008_development_of_a_hardware_in_the_loop_framework_for_marine_engine_diagnostics_performance_ev.pdf,extraction_papers/paper-1008_development_of_a_hardware_in_the_loop_framework_for_marine_engine_diagnostics_performance_ev.pdf,extraction_papers/ontocast_runs/run_500_20260710_185042/input/paper-1008_development_of_a_hardware_in_the_loop_framework_for_marine_engine_diagnostics_performance_ev.pdf,hardlink
336,paper-1009,paper-1009_nonlinear_degradation_modeling_and_remaining_useful_life_prediction_for_electric_drive_syste.pdf,extraction_papers/paper-1009_nonlinear_degradation_modeling_and_remaining_useful_life_prediction_for_electric_drive_syste.pdf,extraction_papers/ontocast_runs/run_500_20260710_185042/input/paper-1009_nonlinear_degradation_modeling_and_remaining_useful_life_prediction_for_electric_drive_syste.pdf,hardlink
337,paper-1010,paper-1010_a_reference_information_systems_architecture_for_collaborative_condition_monitoring.pdf,extraction_papers/paper-1010_a_reference_information_systems_architecture_for_collaborative_condition_monitoring.pdf,extraction_papers/ontocast_runs/run_500_20260710_185042/input/paper-1010_a_reference_information_systems_architecture_for_collaborative_condition_monitoring.pdf,hardlink
338,paper-1012,paper-1012_reliability_prediction_method_for_onboard_atp_based_on_optimized_empirical_mode_decompositio.pdf,extraction_papers/paper-1012_reliability_prediction_method_for_onboard_atp_based_on_optimized_empirical_mode_decompositio.pdf,extraction_papers/ontocast_runs/run_500_20260710_185042/input/paper-1012_reliability_prediction_method_for_onboard_atp_based_on_optimized_empirical_mode_decompositio.pdf,hardlink
339,paper-1014,paper-1014_smart_print_management_using_predictive_analytics.pdf,extraction_papers/paper-1014_smart_print_management_using_predictive_analytics.pdf,extraction_papers/ontocast_runs/run_500_20260710_185042/input/paper-1014_smart_print_management_using_predictive_analytics.pdf,hardlink
340,paper-1018,paper-1018_iceberg_model_as_a_digital_risk_twin_for_the_health_monitoring_of_complex_engineering_system.pdf,extraction_papers/paper-1018_iceberg_model_as_a_digital_risk_twin_for_the_health_monitoring_of_complex_engineering_system.pdf,extraction_papers/ontocast_runs/run_500_20260710_185042/input/paper-1018_iceberg_model_as_a_digital_risk_twin_for_the_health_monitoring_of_complex_engineering_system.pdf,hardlink
341,paper-1019,paper-1019_interpretable_ensemble_remaining_useful_life_prediction_enables_dynamic_maintenance_scheduli.pdf,extraction_papers/paper-1019_interpretable_ensemble_remaining_useful_life_prediction_enables_dynamic_maintenance_scheduli.pdf,extraction_papers/ontocast_runs/run_500_20260710_185042/input/paper-1019_interpretable_ensemble_remaining_useful_life_prediction_enables_dynamic_maintenance_scheduli.pdf,hardlink
342,paper-1021,paper-1021_an_intelligent_signal_classification_framework_for_crack_detection_in_polymeric_materials_us.pdf,extraction_papers/paper-1021_an_intelligent_signal_classification_framework_for_crack_detection_in_polymeric_materials_us.pdf,extraction_papers/ontocast_runs/run_500_20260710_185042/input/paper-1021_an_intelligent_signal_classification_framework_for_crack_detection_in_polymeric_materials_us.pdf,hardlink
343,paper-1024,paper-1024_non_destructive_diagnostics_of_electric_parking_brake_modules_using_recurrence_analysis_of_p.pdf,extraction_papers/paper-1024_non_destructive_diagnostics_of_electric_parking_brake_modules_using_recurrence_analysis_of_p.pdf,extraction_papers/ontocast_runs/run_500_20260710_185042/input/paper-1024_non_destructive_diagnostics_of_electric_parking_brake_modules_using_recurrence_analysis_of_p.pdf,hardlink
344,paper-1025,paper-1025_real_time_diagnosis_and_prediction_of_tool_wear_in_mechanical_machining_based_on_deep_learni.pdf,extraction_papers/paper-1025_real_time_diagnosis_and_prediction_of_tool_wear_in_mechanical_machining_based_on_deep_learni.pdf,extraction_papers/ontocast_runs/run_500_20260710_185042/input/paper-1025_real_time_diagnosis_and_prediction_of_tool_wear_in_mechanical_machining_based_on_deep_learni.pdf,hardlink
345,paper-1027,paper-1027_an_am_cnn_bigru_network_with_spatiotemporal_feature_fusion_for_industrial_robot_predictive_m.pdf,extraction_papers/paper-1027_an_am_cnn_bigru_network_with_spatiotemporal_feature_fusion_for_industrial_robot_predictive_m.pdf,extraction_papers/ontocast_runs/run_500_20260710_185042/input/paper-1027_an_am_cnn_bigru_network_with_spatiotemporal_feature_fusion_for_industrial_robot_predictive_m.pdf,hardlink
346,paper-1031,paper-1031_order_components_extraction_of_wind_turbine_gearbox_main_shaft_based_on_set_joint_nlms_filte.pdf,extraction_papers/paper-1031_order_components_extraction_of_wind_turbine_gearbox_main_shaft_based_on_set_joint_nlms_filte.pdf,extraction_papers/ontocast_runs/run_500_20260710_185042/input/paper-1031_order_components_extraction_of_wind_turbine_gearbox_main_shaft_based_on_set_joint_nlms_filte.pdf,hardlink
347,paper-1032,paper-1032_scada_driven_big_data_framework_for_fault_prediction_in_spiral_steel_pipe_manufacturing_usin.pdf,extraction_papers/paper-1032_scada_driven_big_data_framework_for_fault_prediction_in_spiral_steel_pipe_manufacturing_usin.pdf,extraction_papers/ontocast_runs/run_500_20260710_185042/input/paper-1032_scada_driven_big_data_framework_for_fault_prediction_in_spiral_steel_pipe_manufacturing_usin.pdf,hardlink
348,paper-1033,paper-1033_edge_temporal_digital_twin_network_for_sensor_driven_fault_detection_in_nuclear_power_system.pdf,extraction_papers/paper-1033_edge_temporal_digital_twin_network_for_sensor_driven_fault_detection_in_nuclear_power_system.pdf,extraction_papers/ontocast_runs/run_500_20260710_185042/input/paper-1033_edge_temporal_digital_twin_network_for_sensor_driven_fault_detection_in_nuclear_power_system.pdf,hardlink
349,paper-1035,paper-1035_methodology_for_assessing_the_condition_of_power_plant_units_using_digital_twin_models.pdf,extraction_papers/paper-1035_methodology_for_assessing_the_condition_of_power_plant_units_using_digital_twin_models.pdf,extraction_papers/ontocast_runs/run_500_20260710_185042/input/paper-1035_methodology_for_assessing_the_condition_of_power_plant_units_using_digital_twin_models.pdf,hardlink
350,paper-1036,paper-1036_probabilistic_forecasting_of_weather_driven_faults_in_electricity_networks_a_flexible_approa.pdf,extraction_papers/paper-1036_probabilistic_forecasting_of_weather_driven_faults_in_electricity_networks_a_flexible_approa.pdf,extraction_papers/ontocast_runs/run_500_20260710_185042/input/paper-1036_probabilistic_forecasting_of_weather_driven_faults_in_electricity_networks_a_flexible_approa.pdf,hardlink
351,paper-1039,paper-1039_digital_twin_based_lifecycle_methodology_for_ensuring_safety_of_npp_smr_i_c_systems.pdf,extraction_papers/paper-1039_digital_twin_based_lifecycle_methodology_for_ensuring_safety_of_npp_smr_i_c_systems.pdf,extraction_papers/ontocast_runs/run_500_20260710_185042/input/paper-1039_digital_twin_based_lifecycle_methodology_for_ensuring_safety_of_npp_smr_i_c_systems.pdf,hardlink
352,paper-1040,paper-1040_symmetry_aware_bayesian_optimized_gaussian_process_regression_for_remaining_useful_life_pred.pdf,extraction_papers/paper-1040_symmetry_aware_bayesian_optimized_gaussian_process_regression_for_remaining_useful_life_pred.pdf,extraction_papers/ontocast_runs/run_500_20260710_185042/input/paper-1040_symmetry_aware_bayesian_optimized_gaussian_process_regression_for_remaining_useful_life_pred.pdf,hardlink
353,paper-1041,paper-1041_development_of_an_experimental_test_stand_and_machine_learning_surrogate_models_for_capturin.pdf,extraction_papers/paper-1041_development_of_an_experimental_test_stand_and_machine_learning_surrogate_models_for_capturin.pdf,extraction_papers/ontocast_runs/run_500_20260710_185042/input/paper-1041_development_of_an_experimental_test_stand_and_machine_learning_surrogate_models_for_capturin.pdf,hardlink
354,paper-1042,paper-1042_reinforcement_learning_driven_prescriptive_operation_and_maintenance_of_distributed_energy_s.pdf,extraction_papers/paper-1042_reinforcement_learning_driven_prescriptive_operation_and_maintenance_of_distributed_energy_s.pdf,extraction_papers/ontocast_runs/run_500_20260710_185042/input/paper-1042_reinforcement_learning_driven_prescriptive_operation_and_maintenance_of_distributed_energy_s.pdf,hardlink
355,paper-1044,paper-1044_emissions_based_predictive_maintenance_framework_for_hybrid_electric_vehicles_using_laborato.pdf,extraction_papers/paper-1044_emissions_based_predictive_maintenance_framework_for_hybrid_electric_vehicles_using_laborato.pdf,extraction_papers/ontocast_runs/run_500_20260710_185042/input/paper-1044_emissions_based_predictive_maintenance_framework_for_hybrid_electric_vehicles_using_laborato.pdf,hardlink
356,paper-1045,paper-1045_enhanced_spectral_analysis_approaches_for_predicting_critical_failures_in_lithium_ion_batter.pdf,extraction_papers/paper-1045_enhanced_spectral_analysis_approaches_for_predicting_critical_failures_in_lithium_ion_batter.pdf,extraction_papers/ontocast_runs/run_500_20260710_185042/input/paper-1045_enhanced_spectral_analysis_approaches_for_predicting_critical_failures_in_lithium_ion_batter.pdf,hardlink
357,paper-1046,paper-1046_identification_and_evaluation_of_vibration_sources_from_experiments_on_laboratory_drilling_e.pdf,extraction_papers/paper-1046_identification_and_evaluation_of_vibration_sources_from_experiments_on_laboratory_drilling_e.pdf,extraction_papers/ontocast_runs/run_500_20260710_185042/input/paper-1046_identification_and_evaluation_of_vibration_sources_from_experiments_on_laboratory_drilling_e.pdf,hardlink
358,paper-1049,paper-1049_remaining_useful_life_modelling_with_an_escalator_health_condition_analytic_system.pdf,extraction_papers/paper-1049_remaining_useful_life_modelling_with_an_escalator_health_condition_analytic_system.pdf,extraction_papers/ontocast_runs/run_500_20260710_185042/input/paper-1049_remaining_useful_life_modelling_with_an_escalator_health_condition_analytic_system.pdf,hardlink
359,paper-1050,paper-1050_a_hierarchical_framework_leveraging_iiot_networks_iot_hub_and_device_twins_for_intelligent_i.pdf,extraction_papers/paper-1050_a_hierarchical_framework_leveraging_iiot_networks_iot_hub_and_device_twins_for_intelligent_i.pdf,extraction_papers/ontocast_runs/run_500_20260710_185042/input/paper-1050_a_hierarchical_framework_leveraging_iiot_networks_iot_hub_and_device_twins_for_intelligent_i.pdf,hardlink
360,paper-1055,paper-1055_lithium_ion_battery_charge_discharge_cycle_forecasting_using_lstm_neural_networks.pdf,extraction_papers/paper-1055_lithium_ion_battery_charge_discharge_cycle_forecasting_using_lstm_neural_networks.pdf,extraction_papers/ontocast_runs/run_500_20260710_185042/input/paper-1055_lithium_ion_battery_charge_discharge_cycle_forecasting_using_lstm_neural_networks.pdf,hardlink
361,paper-1056,paper-1056_seasonal_and_predictive_analysis_of_transport_fleet_availability_and_reliability_using_long.pdf,extraction_papers/paper-1056_seasonal_and_predictive_analysis_of_transport_fleet_availability_and_reliability_using_long.pdf,extraction_papers/ontocast_runs/run_500_20260710_185042/input/paper-1056_seasonal_and_predictive_analysis_of_transport_fleet_availability_and_reliability_using_long.pdf,hardlink
362,paper-1058,paper-1058_distributed_vibration_sensing_for_identification_of_loose_connectors_in_coaxial_data_transmi.pdf,extraction_papers/paper-1058_distributed_vibration_sensing_for_identification_of_loose_connectors_in_coaxial_data_transmi.pdf,extraction_papers/ontocast_runs/run_500_20260710_185042/input/paper-1058_distributed_vibration_sensing_for_identification_of_loose_connectors_in_coaxial_data_transmi.pdf,hardlink
363,paper-1060,paper-1060_combination_of_finite_element_spindle_model_with_drive_based_cutting_force_estimation_for_as.pdf,extraction_papers/paper-1060_combination_of_finite_element_spindle_model_with_drive_based_cutting_force_estimation_for_as.pdf,extraction_papers/ontocast_runs/run_500_20260710_185042/input/paper-1060_combination_of_finite_element_spindle_model_with_drive_based_cutting_force_estimation_for_as.pdf,hardlink
364,paper-1061,paper-1061_deep_bayesian_networks_for_failure_probability_estimation_in_biomedical_sensors.pdf,extraction_papers/paper-1061_deep_bayesian_networks_for_failure_probability_estimation_in_biomedical_sensors.pdf,extraction_papers/ontocast_runs/run_500_20260710_185042/input/paper-1061_deep_bayesian_networks_for_failure_probability_estimation_in_biomedical_sensors.pdf,hardlink
365,paper-1062,paper-1062_remaining_useful_life_prediction_of_lithium_batteries_based_on_transfer_learning_and_particl.pdf,extraction_papers/paper-1062_remaining_useful_life_prediction_of_lithium_batteries_based_on_transfer_learning_and_particl.pdf,extraction_papers/ontocast_runs/run_500_20260710_185042/input/paper-1062_remaining_useful_life_prediction_of_lithium_batteries_based_on_transfer_learning_and_particl.pdf,hardlink
366,paper-1064,paper-1064_vibration_analysis_of_gear_tooth_for_fault_diagnosis_with_simulation.pdf,extraction_papers/paper-1064_vibration_analysis_of_gear_tooth_for_fault_diagnosis_with_simulation.pdf,extraction_papers/ontocast_runs/run_500_20260710_185042/input/paper-1064_vibration_analysis_of_gear_tooth_for_fault_diagnosis_with_simulation.pdf,hardlink
367,paper-1066,paper-1066_an_ensemble_voting_based_framework_for_maintenance_decision_support_in_mining_centrifuges.pdf,extraction_papers/paper-1066_an_ensemble_voting_based_framework_for_maintenance_decision_support_in_mining_centrifuges.pdf,extraction_papers/ontocast_runs/run_500_20260710_185042/input/paper-1066_an_ensemble_voting_based_framework_for_maintenance_decision_support_in_mining_centrifuges.pdf,hardlink
368,paper-1069,paper-1069_remaining_useful_life_rul_control_of_controlled_systems_under_degradation.pdf,extraction_papers/paper-1069_remaining_useful_life_rul_control_of_controlled_systems_under_degradation.pdf,extraction_papers/ontocast_runs/run_500_20260710_185042/input/paper-1069_remaining_useful_life_rul_control_of_controlled_systems_under_degradation.pdf,hardlink
369,paper-1070,paper-1070_external_monitoring_system_for_battery_condition_and_state_of_health_of_lithium_ion_batterie.pdf,extraction_papers/paper-1070_external_monitoring_system_for_battery_condition_and_state_of_health_of_lithium_ion_batterie.pdf,extraction_papers/ontocast_runs/run_500_20260710_185042/input/paper-1070_external_monitoring_system_for_battery_condition_and_state_of_health_of_lithium_ion_batterie.pdf,hardlink
370,paper-1071,paper-1071_particle_filter_based_localization_approach_for_pd_in_power_transformers.pdf,extraction_papers/paper-1071_particle_filter_based_localization_approach_for_pd_in_power_transformers.pdf,extraction_papers/ontocast_runs/run_500_20260710_185042/input/paper-1071_particle_filter_based_localization_approach_for_pd_in_power_transformers.pdf,hardlink
371,paper-1073,paper-1073_experimental_study_on_the_condition_monitoring_of_planetary_journal_bearings_in_wind_turbine.pdf,extraction_papers/paper-1073_experimental_study_on_the_condition_monitoring_of_planetary_journal_bearings_in_wind_turbine.pdf,extraction_papers/ontocast_runs/run_500_20260710_185042/input/paper-1073_experimental_study_on_the_condition_monitoring_of_planetary_journal_bearings_in_wind_turbine.pdf,hardlink
372,paper-1076,paper-1076_noninvasive_radar_sensing_augmented_with_machine_learning_for_reliable_detection_of_motor_im.pdf,extraction_papers/paper-1076_noninvasive_radar_sensing_augmented_with_machine_learning_for_reliable_detection_of_motor_im.pdf,extraction_papers/ontocast_runs/run_500_20260710_185042/input/paper-1076_noninvasive_radar_sensing_augmented_with_machine_learning_for_reliable_detection_of_motor_im.pdf,hardlink
373,paper-1078,paper-1078_deep_learning_based_bearing_fault_classification_using_vibration_signals_under_variable_spee.pdf,extraction_papers/paper-1078_deep_learning_based_bearing_fault_classification_using_vibration_signals_under_variable_spee.pdf,extraction_papers/ontocast_runs/run_500_20260710_185042/input/paper-1078_deep_learning_based_bearing_fault_classification_using_vibration_signals_under_variable_spee.pdf,hardlink
374,paper-1079,paper-1079_evaluating_the_data_imputation_impact_on_gradient_boosting_model_predictive_performance_in_s.pdf,extraction_papers/paper-1079_evaluating_the_data_imputation_impact_on_gradient_boosting_model_predictive_performance_in_s.pdf,extraction_papers/ontocast_runs/run_500_20260710_185042/input/paper-1079_evaluating_the_data_imputation_impact_on_gradient_boosting_model_predictive_performance_in_s.pdf,hardlink
375,paper-1083,paper-1083_a_labview_based_fault_diagnosis_system_for_offshore_wind_turbine_planetary_gearboxes.pdf,extraction_papers/paper-1083_a_labview_based_fault_diagnosis_system_for_offshore_wind_turbine_planetary_gearboxes.pdf,extraction_papers/ontocast_runs/run_500_20260710_185042/input/paper-1083_a_labview_based_fault_diagnosis_system_for_offshore_wind_turbine_planetary_gearboxes.pdf,hardlink
376,paper-1085,paper-1085_an_explainable_and_adaptive_anomaly_detection_method_for_multi_condition_monitoring_of_intel.pdf,extraction_papers/paper-1085_an_explainable_and_adaptive_anomaly_detection_method_for_multi_condition_monitoring_of_intel.pdf,extraction_papers/ontocast_runs/run_500_20260710_185042/input/paper-1085_an_explainable_and_adaptive_anomaly_detection_method_for_multi_condition_monitoring_of_intel.pdf,hardlink
377,paper-1087,paper-1087_degradation_modeling_and_remaining_useful_life_prediction_for_electronic_device_under_multip.pdf,extraction_papers/paper-1087_degradation_modeling_and_remaining_useful_life_prediction_for_electronic_device_under_multip.pdf,extraction_papers/ontocast_runs/run_500_20260710_185042/input/paper-1087_degradation_modeling_and_remaining_useful_life_prediction_for_electronic_device_under_multip.pdf,hardlink
378,paper-1088,paper-1088_fault_prediction_methods_of_straddle_type_monorail_pantographs_based_on_multi_domain_feature.pdf,extraction_papers/paper-1088_fault_prediction_methods_of_straddle_type_monorail_pantographs_based_on_multi_domain_feature.pdf,extraction_papers/ontocast_runs/run_500_20260710_185042/input/paper-1088_fault_prediction_methods_of_straddle_type_monorail_pantographs_based_on_multi_domain_feature.pdf,hardlink
379,paper-1091,paper-1091_a_hybrid_approach_for_lithium_ion_battery_remaining_useful_life_prediction_using_signal_deco.pdf,extraction_papers/paper-1091_a_hybrid_approach_for_lithium_ion_battery_remaining_useful_life_prediction_using_signal_deco.pdf,extraction_papers/ontocast_runs/run_500_20260710_185042/input/paper-1091_a_hybrid_approach_for_lithium_ion_battery_remaining_useful_life_prediction_using_signal_deco.pdf,hardlink
380,paper-1092,paper-1092_application_of_continuous_wavelet_transform_and_convolutional_neural_networks_for_diagnostic.pdf,extraction_papers/paper-1092_application_of_continuous_wavelet_transform_and_convolutional_neural_networks_for_diagnostic.pdf,extraction_papers/ontocast_runs/run_500_20260710_185042/input/paper-1092_application_of_continuous_wavelet_transform_and_convolutional_neural_networks_for_diagnostic.pdf,hardlink
381,paper-1094,paper-1094_a_hybrid_bayesian_ica_lstm_framework_for_unsupervised_like_anomaly_detection_in_rolling_elem.pdf,extraction_papers/paper-1094_a_hybrid_bayesian_ica_lstm_framework_for_unsupervised_like_anomaly_detection_in_rolling_elem.pdf,extraction_papers/ontocast_runs/run_500_20260710_185042/input/paper-1094_a_hybrid_bayesian_ica_lstm_framework_for_unsupervised_like_anomaly_detection_in_rolling_elem.pdf,hardlink
382,paper-1095,paper-1095_fault_prediction_of_aircraft_engine_based_on_adaptive_hybrid_sampling_and_bilstm.pdf,extraction_papers/paper-1095_fault_prediction_of_aircraft_engine_based_on_adaptive_hybrid_sampling_and_bilstm.pdf,extraction_papers/ontocast_runs/run_500_20260710_185042/input/paper-1095_fault_prediction_of_aircraft_engine_based_on_adaptive_hybrid_sampling_and_bilstm.pdf,hardlink
383,paper-1096,paper-1096_mopidip_a_modular_real_time_pipeline_for_machinery_diagnosis_and_prognosis_based_on_deep_lea.pdf,extraction_papers/paper-1096_mopidip_a_modular_real_time_pipeline_for_machinery_diagnosis_and_prognosis_based_on_deep_lea.pdf,extraction_papers/ontocast_runs/run_500_20260710_185042/input/paper-1096_mopidip_a_modular_real_time_pipeline_for_machinery_diagnosis_and_prognosis_based_on_deep_lea.pdf,hardlink
384,paper-1101,paper-1101_decision_support_system_for_wind_farm_maintenance_using_robotic_agents.pdf,extraction_papers/paper-1101_decision_support_system_for_wind_farm_maintenance_using_robotic_agents.pdf,extraction_papers/ontocast_runs/run_500_20260710_185042/input/paper-1101_decision_support_system_for_wind_farm_maintenance_using_robotic_agents.pdf,hardlink
385,paper-1102,paper-1102_development_of_rule_based_diagnostic_automation_technology_for_elevator_fault_diagnosis.pdf,extraction_papers/paper-1102_development_of_rule_based_diagnostic_automation_technology_for_elevator_fault_diagnosis.pdf,extraction_papers/ontocast_runs/run_500_20260710_185042/input/paper-1102_development_of_rule_based_diagnostic_automation_technology_for_elevator_fault_diagnosis.pdf,hardlink
386,paper-1103,paper-1103_distributed_optical_fiber_sensing_of_temperature_rise_during_110_kv_conductor_ground_wire_ic.pdf,extraction_papers/paper-1103_distributed_optical_fiber_sensing_of_temperature_rise_during_110_kv_conductor_ground_wire_ic.pdf,extraction_papers/ontocast_runs/run_500_20260710_185042/input/paper-1103_distributed_optical_fiber_sensing_of_temperature_rise_during_110_kv_conductor_ground_wire_ic.pdf,hardlink
387,paper-1105,paper-1105_a_new_open_dataset_from_a_milling_process_data_for_classification_and_estimation_of_tool_lif.pdf,extraction_papers/paper-1105_a_new_open_dataset_from_a_milling_process_data_for_classification_and_estimation_of_tool_lif.pdf,extraction_papers/ontocast_runs/run_500_20260710_185042/input/paper-1105_a_new_open_dataset_from_a_milling_process_data_for_classification_and_estimation_of_tool_lif.pdf,hardlink
388,paper-1107,paper-1107_improved_sand_cat_swarm_optimization_algorithm_assisted_graphsage_gru_for_remaining_useful_l.pdf,extraction_papers/paper-1107_improved_sand_cat_swarm_optimization_algorithm_assisted_graphsage_gru_for_remaining_useful_l.pdf,extraction_papers/ontocast_runs/run_500_20260710_185042/input/paper-1107_improved_sand_cat_swarm_optimization_algorithm_assisted_graphsage_gru_for_remaining_useful_l.pdf,hardlink
389,paper-1108,paper-1108_fault_prediction_method_of_large_forging_press_based_on_a_multi_scale_and_multi_model_integr.pdf,extraction_papers/paper-1108_fault_prediction_method_of_large_forging_press_based_on_a_multi_scale_and_multi_model_integr.pdf,extraction_papers/ontocast_runs/run_500_20260710_185042/input/paper-1108_fault_prediction_method_of_large_forging_press_based_on_a_multi_scale_and_multi_model_integr.pdf,hardlink
390,paper-1110,paper-1110_optimizing_performance_of_equipment_fleets_under_dynamic_operating_conditions_generalizable.pdf,extraction_papers/paper-1110_optimizing_performance_of_equipment_fleets_under_dynamic_operating_conditions_generalizable.pdf,extraction_papers/ontocast_runs/run_500_20260710_185042/input/paper-1110_optimizing_performance_of_equipment_fleets_under_dynamic_operating_conditions_generalizable.pdf,hardlink
391,paper-1115,paper-1115_physics_informed_neural_network_based_noninvasive_lc_filter_parameter_estimation_in_inverter.pdf,extraction_papers/paper-1115_physics_informed_neural_network_based_noninvasive_lc_filter_parameter_estimation_in_inverter.pdf,extraction_papers/ontocast_runs/run_500_20260710_185042/input/paper-1115_physics_informed_neural_network_based_noninvasive_lc_filter_parameter_estimation_in_inverter.pdf,hardlink
392,paper-1116,paper-1116_enhancing_high_pressure_pulsation_test_bench_performance_a_machine_learning_approach_to_fail.pdf,extraction_papers/paper-1116_enhancing_high_pressure_pulsation_test_bench_performance_a_machine_learning_approach_to_fail.pdf,extraction_papers/ontocast_runs/run_500_20260710_185042/input/paper-1116_enhancing_high_pressure_pulsation_test_bench_performance_a_machine_learning_approach_to_fail.pdf,hardlink
393,paper-1123,paper-1123_intelligent_system_for_identification_of_parallel_misalignments_in_gears_of_the_worm_type_cr.pdf,extraction_papers/paper-1123_intelligent_system_for_identification_of_parallel_misalignments_in_gears_of_the_worm_type_cr.pdf,extraction_papers/ontocast_runs/run_500_20260710_185042/input/paper-1123_intelligent_system_for_identification_of_parallel_misalignments_in_gears_of_the_worm_type_cr.pdf,hardlink
394,paper-1126,paper-1126_enhancing_wind_turbine_reliability_a_hybrid_state_space_and_generative_approach_to_scada_bas.pdf,extraction_papers/paper-1126_enhancing_wind_turbine_reliability_a_hybrid_state_space_and_generative_approach_to_scada_bas.pdf,extraction_papers/ontocast_runs/run_500_20260710_185042/input/paper-1126_enhancing_wind_turbine_reliability_a_hybrid_state_space_and_generative_approach_to_scada_bas.pdf,hardlink
395,paper-1129,paper-1129_real_time_prognostics_of_the_positioning_shift_failure_for_wafer_handling_robot_arms_using_s.pdf,extraction_papers/paper-1129_real_time_prognostics_of_the_positioning_shift_failure_for_wafer_handling_robot_arms_using_s.pdf,extraction_papers/ontocast_runs/run_500_20260710_185042/input/paper-1129_real_time_prognostics_of_the_positioning_shift_failure_for_wafer_handling_robot_arms_using_s.pdf,hardlink
396,paper-1130,paper-1130_advanced_assessment_of_membrane_fouling_in_seawater_reverse_osmosis_plants_using_permeate_qu.pdf,extraction_papers/paper-1130_advanced_assessment_of_membrane_fouling_in_seawater_reverse_osmosis_plants_using_permeate_qu.pdf,extraction_papers/ontocast_runs/run_500_20260710_185042/input/paper-1130_advanced_assessment_of_membrane_fouling_in_seawater_reverse_osmosis_plants_using_permeate_qu.pdf,hardlink
397,paper-1132,paper-1132_hybrid_optimized_remaining_useful_life_prediction_framework_for_lithium_ion_batteries_with_l.pdf,extraction_papers/paper-1132_hybrid_optimized_remaining_useful_life_prediction_framework_for_lithium_ion_batteries_with_l.pdf,extraction_papers/ontocast_runs/run_500_20260710_185042/input/paper-1132_hybrid_optimized_remaining_useful_life_prediction_framework_for_lithium_ion_batteries_with_l.pdf,hardlink
398,paper-1141,paper-1141_a_novel_detection_method_for_wheel_irregular_wear_using_stator_current_based_on_an_electrome.pdf,extraction_papers/paper-1141_a_novel_detection_method_for_wheel_irregular_wear_using_stator_current_based_on_an_electrome.pdf,extraction_papers/ontocast_runs/run_500_20260710_185042/input/paper-1141_a_novel_detection_method_for_wheel_irregular_wear_using_stator_current_based_on_an_electrome.pdf,hardlink
399,paper-1143,paper-1143_adaptive_dynamic_thresholds_for_unsupervised_joint_anomaly_detection_and_trend_prediction.pdf,extraction_papers/paper-1143_adaptive_dynamic_thresholds_for_unsupervised_joint_anomaly_detection_and_trend_prediction.pdf,extraction_papers/ontocast_runs/run_500_20260710_185042/input/paper-1143_adaptive_dynamic_thresholds_for_unsupervised_joint_anomaly_detection_and_trend_prediction.pdf,hardlink
400,paper-1144,paper-1144_performance_improvement_of_photovoltaic_panels_through_advanced_fault_detection_techniques.pdf,extraction_papers/paper-1144_performance_improvement_of_photovoltaic_panels_through_advanced_fault_detection_techniques.pdf,extraction_papers/ontocast_runs/run_500_20260710_185042/input/paper-1144_performance_improvement_of_photovoltaic_panels_through_advanced_fault_detection_techniques.pdf,hardlink
401,paper-1145,paper-1145_machine_learning_driven_best_worst_method_for_predictive_maintenance_in_industry_4_0.pdf,extraction_papers/paper-1145_machine_learning_driven_best_worst_method_for_predictive_maintenance_in_industry_4_0.pdf,extraction_papers/ontocast_runs/run_500_20260710_185042/input/paper-1145_machine_learning_driven_best_worst_method_for_predictive_maintenance_in_industry_4_0.pdf,hardlink
402,paper-1147,paper-1147_application_of_the_fmeca_method_for_identifying_failures_in_wind_turbine_systems_primena_fme.pdf,extraction_papers/paper-1147_application_of_the_fmeca_method_for_identifying_failures_in_wind_turbine_systems_primena_fme.pdf,extraction_papers/ontocast_runs/run_500_20260710_185042/input/paper-1147_application_of_the_fmeca_method_for_identifying_failures_in_wind_turbine_systems_primena_fme.pdf,hardlink
403,paper-1149,paper-1149_a_contribution_to_reliable_rail_transport_ai_powered_real_time_wheel_defect_detection.pdf,extraction_papers/paper-1149_a_contribution_to_reliable_rail_transport_ai_powered_real_time_wheel_defect_detection.pdf,extraction_papers/ontocast_runs/run_500_20260710_185042/input/paper-1149_a_contribution_to_reliable_rail_transport_ai_powered_real_time_wheel_defect_detection.pdf,hardlink
404,paper-1153,paper-1153_stress_based_fatigue_diagnosis_of_wind_turbine_blades_using_physics_informed_ai_reduced_orde.pdf,extraction_papers/paper-1153_stress_based_fatigue_diagnosis_of_wind_turbine_blades_using_physics_informed_ai_reduced_orde.pdf,extraction_papers/ontocast_runs/run_500_20260710_185042/input/paper-1153_stress_based_fatigue_diagnosis_of_wind_turbine_blades_using_physics_informed_ai_reduced_orde.pdf,hardlink
405,paper-1154,paper-1154_remaining_useful_life_prediction_of_lithium_ion_batteries_using_a_novel_particle_flow_filter.pdf,extraction_papers/paper-1154_remaining_useful_life_prediction_of_lithium_ion_batteries_using_a_novel_particle_flow_filter.pdf,extraction_papers/ontocast_runs/run_500_20260710_185042/input/paper-1154_remaining_useful_life_prediction_of_lithium_ion_batteries_using_a_novel_particle_flow_filter.pdf,hardlink
406,paper-1158,paper-1158_explainable_ai_for_post_hoc_and_pseudo_post_hoc_predictive_maintenance_of_governor_valve_act.pdf,extraction_papers/paper-1158_explainable_ai_for_post_hoc_and_pseudo_post_hoc_predictive_maintenance_of_governor_valve_act.pdf,extraction_papers/ontocast_runs/run_500_20260710_185042/input/paper-1158_explainable_ai_for_post_hoc_and_pseudo_post_hoc_predictive_maintenance_of_governor_valve_act.pdf,hardlink
407,paper-1162,paper-1162_integration_of_acoustic_emission_and_dynamometer_systems_for_tool_condition_monitoring_in_mi.pdf,extraction_papers/paper-1162_integration_of_acoustic_emission_and_dynamometer_systems_for_tool_condition_monitoring_in_mi.pdf,extraction_papers/ontocast_runs/run_500_20260710_185042/input/paper-1162_integration_of_acoustic_emission_and_dynamometer_systems_for_tool_condition_monitoring_in_mi.pdf,hardlink
408,paper-1163,paper-1163_refining_open_source_asset_management_tools_ai_driven_innovations_for_enhanced_reliability_a.pdf,extraction_papers/paper-1163_refining_open_source_asset_management_tools_ai_driven_innovations_for_enhanced_reliability_a.pdf,extraction_papers/ontocast_runs/run_500_20260710_185042/input/paper-1163_refining_open_source_asset_management_tools_ai_driven_innovations_for_enhanced_reliability_a.pdf,hardlink
409,paper-1169,paper-1169_hdfpm_a_heterogeneous_disk_failure_prediction_method_based_on_time_series_features.pdf,extraction_papers/paper-1169_hdfpm_a_heterogeneous_disk_failure_prediction_method_based_on_time_series_features.pdf,extraction_papers/ontocast_runs/run_500_20260710_185042/input/paper-1169_hdfpm_a_heterogeneous_disk_failure_prediction_method_based_on_time_series_features.pdf,hardlink
410,paper-1170,paper-1170_a_hybrid_hmm_rbfnn_system_using_relevant_and_non_redundant_features_for_bearing_fault_classi.pdf,extraction_papers/paper-1170_a_hybrid_hmm_rbfnn_system_using_relevant_and_non_redundant_features_for_bearing_fault_classi.pdf,extraction_papers/ontocast_runs/run_500_20260710_185042/input/paper-1170_a_hybrid_hmm_rbfnn_system_using_relevant_and_non_redundant_features_for_bearing_fault_classi.pdf,hardlink
411,paper-1172,paper-1172_a_hybrid_framework_of_iot_and_machine_learning_for_predictive_analytics_of_a_dc_motor.pdf,extraction_papers/paper-1172_a_hybrid_framework_of_iot_and_machine_learning_for_predictive_analytics_of_a_dc_motor.pdf,extraction_papers/ontocast_runs/run_500_20260710_185042/input/paper-1172_a_hybrid_framework_of_iot_and_machine_learning_for_predictive_analytics_of_a_dc_motor.pdf,hardlink
412,paper-1173,paper-1173_vibration_signal_denoising_method_based_on_icfo_svmd_and_improved_wavelet_thresholding.pdf,extraction_papers/paper-1173_vibration_signal_denoising_method_based_on_icfo_svmd_and_improved_wavelet_thresholding.pdf,extraction_papers/ontocast_runs/run_500_20260710_185042/input/paper-1173_vibration_signal_denoising_method_based_on_icfo_svmd_and_improved_wavelet_thresholding.pdf,hardlink
413,paper-1174,paper-1174_a_residual_current_based_indicator_for_early_detection_of_stator_winding_faults_in_synchrono.pdf,extraction_papers/paper-1174_a_residual_current_based_indicator_for_early_detection_of_stator_winding_faults_in_synchrono.pdf,extraction_papers/ontocast_runs/run_500_20260710_185042/input/paper-1174_a_residual_current_based_indicator_for_early_detection_of_stator_winding_faults_in_synchrono.pdf,hardlink
414,paper-1175,paper-1175_estimating_the_insulation_health_index_of_xlpe_cables_using_machine_learning.pdf,extraction_papers/paper-1175_estimating_the_insulation_health_index_of_xlpe_cables_using_machine_learning.pdf,extraction_papers/ontocast_runs/run_500_20260710_185042/input/paper-1175_estimating_the_insulation_health_index_of_xlpe_cables_using_machine_learning.pdf,hardlink
415,paper-1176,paper-1176_machine_learning_algorithms_for_optimization_of_bearing_fault_diagnosis_in_wind_systems_a_co.pdf,extraction_papers/paper-1176_machine_learning_algorithms_for_optimization_of_bearing_fault_diagnosis_in_wind_systems_a_co.pdf,extraction_papers/ontocast_runs/run_500_20260710_185042/input/paper-1176_machine_learning_algorithms_for_optimization_of_bearing_fault_diagnosis_in_wind_systems_a_co.pdf,hardlink
416,paper-1180,paper-1180_hybrid_physics_based_data_driven_thermal_model_for_multi_chip_power_modules.pdf,extraction_papers/paper-1180_hybrid_physics_based_data_driven_thermal_model_for_multi_chip_power_modules.pdf,extraction_papers/ontocast_runs/run_500_20260710_185042/input/paper-1180_hybrid_physics_based_data_driven_thermal_model_for_multi_chip_power_modules.pdf,hardlink
417,paper-1183,paper-1183_hierarchical_self_distillation_with_attention_for_class_imbalanced_acoustic_event_classifica.pdf,extraction_papers/paper-1183_hierarchical_self_distillation_with_attention_for_class_imbalanced_acoustic_event_classifica.pdf,extraction_papers/ontocast_runs/run_500_20260710_185042/input/paper-1183_hierarchical_self_distillation_with_attention_for_class_imbalanced_acoustic_event_classifica.pdf,hardlink
418,paper-1184,paper-1184_comparative_analysis_of_shaft_voltage_harmonic_characteristics_in_large_scale_generators_oem.pdf,extraction_papers/paper-1184_comparative_analysis_of_shaft_voltage_harmonic_characteristics_in_large_scale_generators_oem.pdf,extraction_papers/ontocast_runs/run_500_20260710_185042/input/paper-1184_comparative_analysis_of_shaft_voltage_harmonic_characteristics_in_large_scale_generators_oem.pdf,hardlink
419,paper-1186,paper-1186_data_driven_estimation_of_helicopter_engine_power_using_regular_flight_data_a_machine_learni.pdf,extraction_papers/paper-1186_data_driven_estimation_of_helicopter_engine_power_using_regular_flight_data_a_machine_learni.pdf,extraction_papers/ontocast_runs/run_500_20260710_185042/input/paper-1186_data_driven_estimation_of_helicopter_engine_power_using_regular_flight_data_a_machine_learni.pdf,hardlink
420,paper-1187,paper-1187_enhanced_engine_misfire_diagnosis_through_integration_of_vibration_and_acoustic_emission_sig.pdf,extraction_papers/paper-1187_enhanced_engine_misfire_diagnosis_through_integration_of_vibration_and_acoustic_emission_sig.pdf,extraction_papers/ontocast_runs/run_500_20260710_185042/input/paper-1187_enhanced_engine_misfire_diagnosis_through_integration_of_vibration_and_acoustic_emission_sig.pdf,hardlink
421,paper-1188,paper-1188_condition_based_maintenance_decision_making_for_multi_component_systems_with_integrated_dyna.pdf,extraction_papers/paper-1188_condition_based_maintenance_decision_making_for_multi_component_systems_with_integrated_dyna.pdf,extraction_papers/ontocast_runs/run_500_20260710_185042/input/paper-1188_condition_based_maintenance_decision_making_for_multi_component_systems_with_integrated_dyna.pdf,hardlink
422,paper-1190,paper-1190_attention_gaussian_lstm_wiener_based_remaining_useful_life_prediction_method.pdf,extraction_papers/paper-1190_attention_gaussian_lstm_wiener_based_remaining_useful_life_prediction_method.pdf,extraction_papers/ontocast_runs/run_500_20260710_185042/input/paper-1190_attention_gaussian_lstm_wiener_based_remaining_useful_life_prediction_method.pdf,hardlink
423,paper-1191,paper-1191_intelligent_diagnosis_and_fault_prediction_of_rock_breaking_process_in_milling_machines_base.pdf,extraction_papers/paper-1191_intelligent_diagnosis_and_fault_prediction_of_rock_breaking_process_in_milling_machines_base.pdf,extraction_papers/ontocast_runs/run_500_20260710_185042/input/paper-1191_intelligent_diagnosis_and_fault_prediction_of_rock_breaking_process_in_milling_machines_base.pdf,hardlink
424,paper-1193,paper-1193_predictive_maintenance_for_interactive_art_installations.pdf,extraction_papers/paper-1193_predictive_maintenance_for_interactive_art_installations.pdf,extraction_papers/ontocast_runs/run_500_20260710_185042/input/paper-1193_predictive_maintenance_for_interactive_art_installations.pdf,hardlink
425,paper-1198,paper-1198_hybrid_ai_taguchi_anova_approach_for_thermographic_monitoring_of_electronic_devices.pdf,extraction_papers/paper-1198_hybrid_ai_taguchi_anova_approach_for_thermographic_monitoring_of_electronic_devices.pdf,extraction_papers/ontocast_runs/run_500_20260710_185042/input/paper-1198_hybrid_ai_taguchi_anova_approach_for_thermographic_monitoring_of_electronic_devices.pdf,hardlink
426,paper-1203,paper-1203_efficient_failure_prediction_a_transfer_learning_based_solution_for_imbalanced_data_classifi.pdf,extraction_papers/paper-1203_efficient_failure_prediction_a_transfer_learning_based_solution_for_imbalanced_data_classifi.pdf,extraction_papers/ontocast_runs/run_500_20260710_185042/input/paper-1203_efficient_failure_prediction_a_transfer_learning_based_solution_for_imbalanced_data_classifi.pdf,hardlink
427,paper-1204,paper-1204_safe_reinforcement_learning_based_prescriptive_maintenance_of_distribution_grid_using_bi_mam.pdf,extraction_papers/paper-1204_safe_reinforcement_learning_based_prescriptive_maintenance_of_distribution_grid_using_bi_mam.pdf,extraction_papers/ontocast_runs/run_500_20260710_185042/input/paper-1204_safe_reinforcement_learning_based_prescriptive_maintenance_of_distribution_grid_using_bi_mam.pdf,hardlink
428,paper-1205,paper-1205_stretchable_tri_axis_sensor_for_tires_investigating_pressure_rpm_camber_slip_and_deformation.pdf,extraction_papers/paper-1205_stretchable_tri_axis_sensor_for_tires_investigating_pressure_rpm_camber_slip_and_deformation.pdf,extraction_papers/ontocast_runs/run_500_20260710_185042/input/paper-1205_stretchable_tri_axis_sensor_for_tires_investigating_pressure_rpm_camber_slip_and_deformation.pdf,hardlink
429,paper-1206,paper-1206_remaining_useful_life_prediction_method_of_centrifugal_pump_rolling_bearings_based_on_digita.pdf,extraction_papers/paper-1206_remaining_useful_life_prediction_method_of_centrifugal_pump_rolling_bearings_based_on_digita.pdf,extraction_papers/ontocast_runs/run_500_20260710_185042/input/paper-1206_remaining_useful_life_prediction_method_of_centrifugal_pump_rolling_bearings_based_on_digita.pdf,hardlink
430,paper-1207,paper-1207_predictive_vibration_diagnostics_of_helicopter_rotating_units_in_field_conditions.pdf,extraction_papers/paper-1207_predictive_vibration_diagnostics_of_helicopter_rotating_units_in_field_conditions.pdf,extraction_papers/ontocast_runs/run_500_20260710_185042/input/paper-1207_predictive_vibration_diagnostics_of_helicopter_rotating_units_in_field_conditions.pdf,hardlink
431,paper-1208,paper-1208_comparison_of_deep_learning_models_for_predictive_maintenance_in_industrial_manufacturing_sy.pdf,extraction_papers/paper-1208_comparison_of_deep_learning_models_for_predictive_maintenance_in_industrial_manufacturing_sy.pdf,extraction_papers/ontocast_runs/run_500_20260710_185042/input/paper-1208_comparison_of_deep_learning_models_for_predictive_maintenance_in_industrial_manufacturing_sy.pdf,hardlink
432,paper-1209,paper-1209_cfenn_a_deep_learning_framework_for_image_based_pantograph_contact_force_monitoring.pdf,extraction_papers/paper-1209_cfenn_a_deep_learning_framework_for_image_based_pantograph_contact_force_monitoring.pdf,extraction_papers/ontocast_runs/run_500_20260710_185042/input/paper-1209_cfenn_a_deep_learning_framework_for_image_based_pantograph_contact_force_monitoring.pdf,hardlink
433,paper-1210,paper-1210_digital_twin_enabled_predictive_maintenance_framework_for_smart_manufacturing_systems.pdf,extraction_papers/paper-1210_digital_twin_enabled_predictive_maintenance_framework_for_smart_manufacturing_systems.pdf,extraction_papers/ontocast_runs/run_500_20260710_185042/input/paper-1210_digital_twin_enabled_predictive_maintenance_framework_for_smart_manufacturing_systems.pdf,hardlink
434,paper-1211,paper-1211_pdrnet_a_novel_physical_feature_driven_residual_network_for_motor_vibration_signal_denoising.pdf,extraction_papers/paper-1211_pdrnet_a_novel_physical_feature_driven_residual_network_for_motor_vibration_signal_denoising.pdf,extraction_papers/ontocast_runs/run_500_20260710_185042/input/paper-1211_pdrnet_a_novel_physical_feature_driven_residual_network_for_motor_vibration_signal_denoising.pdf,hardlink
435,paper-1212,paper-1212_development_and_validation_of_a_cnn_lstm_fusion_model_for_multi_fault_diagnosis_in_hybrid_el.pdf,extraction_papers/paper-1212_development_and_validation_of_a_cnn_lstm_fusion_model_for_multi_fault_diagnosis_in_hybrid_el.pdf,extraction_papers/ontocast_runs/run_500_20260710_185042/input/paper-1212_development_and_validation_of_a_cnn_lstm_fusion_model_for_multi_fault_diagnosis_in_hybrid_el.pdf,hardlink
436,paper-1214,paper-1214_discrete_element_method_analysis_of_cutter_forces_and_cutter_tooth_wear_in_cutter_suction_dr.pdf,extraction_papers/paper-1214_discrete_element_method_analysis_of_cutter_forces_and_cutter_tooth_wear_in_cutter_suction_dr.pdf,extraction_papers/ontocast_runs/run_500_20260710_185042/input/paper-1214_discrete_element_method_analysis_of_cutter_forces_and_cutter_tooth_wear_in_cutter_suction_dr.pdf,hardlink
437,paper-1218,paper-1218_analysis_of_interrupting_energy_variations_in_mccbs_under_repetitive_fault_conditions_in_acc.pdf,extraction_papers/paper-1218_analysis_of_interrupting_energy_variations_in_mccbs_under_repetitive_fault_conditions_in_acc.pdf,extraction_papers/ontocast_runs/run_500_20260710_185042/input/paper-1218_analysis_of_interrupting_energy_variations_in_mccbs_under_repetitive_fault_conditions_in_acc.pdf,hardlink
438,paper-1219,paper-1219_optimized_machine_learning_for_induction_motor_fault_diagnosis_using_vibration_and_frequency.pdf,extraction_papers/paper-1219_optimized_machine_learning_for_induction_motor_fault_diagnosis_using_vibration_and_frequency.pdf,extraction_papers/ontocast_runs/run_500_20260710_185042/input/paper-1219_optimized_machine_learning_for_induction_motor_fault_diagnosis_using_vibration_and_frequency.pdf,hardlink
439,paper-1221,paper-1221_a_self_monitoring_analysis_and_reporting_technology_dataset_of_147_496_hard_disks.pdf,extraction_papers/paper-1221_a_self_monitoring_analysis_and_reporting_technology_dataset_of_147_496_hard_disks.pdf,extraction_papers/ontocast_runs/run_500_20260710_185042/input/paper-1221_a_self_monitoring_analysis_and_reporting_technology_dataset_of_147_496_hard_disks.pdf,hardlink
440,paper-1225,paper-1225_a_data_driven_framework_for_evaluating_maintenance_crews_in_fertilizer_manufacturing_units.pdf,extraction_papers/paper-1225_a_data_driven_framework_for_evaluating_maintenance_crews_in_fertilizer_manufacturing_units.pdf,extraction_papers/ontocast_runs/run_500_20260710_185042/input/paper-1225_a_data_driven_framework_for_evaluating_maintenance_crews_in_fertilizer_manufacturing_units.pdf,hardlink
441,paper-1230,paper-1230_leveraging_the_competency_of_condition_monitoring_system_for_achieving_excellence_in_operati.pdf,extraction_papers/paper-1230_leveraging_the_competency_of_condition_monitoring_system_for_achieving_excellence_in_operati.pdf,extraction_papers/ontocast_runs/run_500_20260710_185042/input/paper-1230_leveraging_the_competency_of_condition_monitoring_system_for_achieving_excellence_in_operati.pdf,hardlink
442,paper-1231,paper-1231_automated_vehicle_fault_diagnosis_and_report_generation_using_hybrid_machine_learning_with_m.pdf,extraction_papers/paper-1231_automated_vehicle_fault_diagnosis_and_report_generation_using_hybrid_machine_learning_with_m.pdf,extraction_papers/ontocast_runs/run_500_20260710_185042/input/paper-1231_automated_vehicle_fault_diagnosis_and_report_generation_using_hybrid_machine_learning_with_m.pdf,hardlink
443,paper-1232,paper-1232_yolov8_ecc_enhancing_object_detection_for_power_line_asset_inspection_under_real_world_visua.pdf,extraction_papers/paper-1232_yolov8_ecc_enhancing_object_detection_for_power_line_asset_inspection_under_real_world_visua.pdf,extraction_papers/ontocast_runs/run_500_20260710_185042/input/paper-1232_yolov8_ecc_enhancing_object_detection_for_power_line_asset_inspection_under_real_world_visua.pdf,hardlink
444,paper-1233,paper-1233_practical_test_time_domain_adaptation_for_industrial_condition_monitoring_by_leveraging_norm.pdf,extraction_papers/paper-1233_practical_test_time_domain_adaptation_for_industrial_condition_monitoring_by_leveraging_norm.pdf,extraction_papers/ontocast_runs/run_500_20260710_185042/input/paper-1233_practical_test_time_domain_adaptation_for_industrial_condition_monitoring_by_leveraging_norm.pdf,hardlink
445,paper-1235,paper-1235_robust_analog_gauge_reading_via_virtual_point_based_geometric_rectification_and_p2_yolo_pose.pdf,extraction_papers/paper-1235_robust_analog_gauge_reading_via_virtual_point_based_geometric_rectification_and_p2_yolo_pose.pdf,extraction_papers/ontocast_runs/run_500_20260710_185042/input/paper-1235_robust_analog_gauge_reading_via_virtual_point_based_geometric_rectification_and_p2_yolo_pose.pdf,hardlink
446,paper-1236,paper-1236_predictive_maintenance_programs_for_aircraft_engines_based_on_remaining_useful_life_predicti.pdf,extraction_papers/paper-1236_predictive_maintenance_programs_for_aircraft_engines_based_on_remaining_useful_life_predicti.pdf,extraction_papers/ontocast_runs/run_500_20260710_185042/input/paper-1236_predictive_maintenance_programs_for_aircraft_engines_based_on_remaining_useful_life_predicti.pdf,hardlink
447,paper-1238,paper-1238_infrared_thermography_and_deep_learning_based_two_stage_framework_for_fault_detection_and_in.pdf,extraction_papers/paper-1238_infrared_thermography_and_deep_learning_based_two_stage_framework_for_fault_detection_and_in.pdf,extraction_papers/ontocast_runs/run_500_20260710_185042/input/paper-1238_infrared_thermography_and_deep_learning_based_two_stage_framework_for_fault_detection_and_in.pdf,hardlink
448,paper-1240,paper-1240_optimizing_predictive_maintenance_and_mission_assignment_to_enhance_fleet_readiness_under_un.pdf,extraction_papers/paper-1240_optimizing_predictive_maintenance_and_mission_assignment_to_enhance_fleet_readiness_under_un.pdf,extraction_papers/ontocast_runs/run_500_20260710_185042/input/paper-1240_optimizing_predictive_maintenance_and_mission_assignment_to_enhance_fleet_readiness_under_un.pdf,hardlink
449,paper-1241,paper-1241_an_intelligent_purchasing_decision_model_for_railway_wagon_components_using_a_markov_decisio.pdf,extraction_papers/paper-1241_an_intelligent_purchasing_decision_model_for_railway_wagon_components_using_a_markov_decisio.pdf,extraction_papers/ontocast_runs/run_500_20260710_185042/input/paper-1241_an_intelligent_purchasing_decision_model_for_railway_wagon_components_using_a_markov_decisio.pdf,hardlink
450,paper-1244,paper-1244_maintenance_strategy_selection_and_its_impact_on_the_optimization_of_life_cycle_costs_in_ind.pdf,extraction_papers/paper-1244_maintenance_strategy_selection_and_its_impact_on_the_optimization_of_life_cycle_costs_in_ind.pdf,extraction_papers/ontocast_runs/run_500_20260710_185042/input/paper-1244_maintenance_strategy_selection_and_its_impact_on_the_optimization_of_life_cycle_costs_in_ind.pdf,hardlink
451,paper-1249,paper-1249_a_data_driven_pca_ocsvm_framework_for_intelligent_monitoring_and_anomaly_detection_of_grid_c.pdf,extraction_papers/paper-1249_a_data_driven_pca_ocsvm_framework_for_intelligent_monitoring_and_anomaly_detection_of_grid_c.pdf,extraction_papers/ontocast_runs/run_500_20260710_185042/input/paper-1249_a_data_driven_pca_ocsvm_framework_for_intelligent_monitoring_and_anomaly_detection_of_grid_c.pdf,hardlink
452,paper-1252,paper-1252_research_on_remote_operational_condition_monitoring_system_for_fully_automatic_rice_seedling.pdf,extraction_papers/paper-1252_research_on_remote_operational_condition_monitoring_system_for_fully_automatic_rice_seedling.pdf,extraction_papers/ontocast_runs/run_500_20260710_185042/input/paper-1252_research_on_remote_operational_condition_monitoring_system_for_fully_automatic_rice_seedling.pdf,hardlink
453,paper-1253,paper-1253_experimental_and_simulative_investigation_of_an_energy_autarkic_temperature_field_based_sens.pdf,extraction_papers/paper-1253_experimental_and_simulative_investigation_of_an_energy_autarkic_temperature_field_based_sens.pdf,extraction_papers/ontocast_runs/run_500_20260710_185042/input/paper-1253_experimental_and_simulative_investigation_of_an_energy_autarkic_temperature_field_based_sens.pdf,hardlink
454,paper-1258,paper-1258_a_multi_data_fusion_based_bearing_load_prediction_model_for_elastically_supported_shafting_s.pdf,extraction_papers/paper-1258_a_multi_data_fusion_based_bearing_load_prediction_model_for_elastically_supported_shafting_s.pdf,extraction_papers/ontocast_runs/run_500_20260710_185042/input/paper-1258_a_multi_data_fusion_based_bearing_load_prediction_model_for_elastically_supported_shafting_s.pdf,hardlink
455,paper-1261,paper-1261_trend_factor_smoothing_and_tasmanian_devil_optimization_based_siamese_neural_network_for_ano.pdf,extraction_papers/paper-1261_trend_factor_smoothing_and_tasmanian_devil_optimization_based_siamese_neural_network_for_ano.pdf,extraction_papers/ontocast_runs/run_500_20260710_185042/input/paper-1261_trend_factor_smoothing_and_tasmanian_devil_optimization_based_siamese_neural_network_for_ano.pdf,hardlink
456,paper-1262,paper-1262_theoretical_concept_for_in_situ_condition_monitoring_of_rotary_shaft_seals_using_surface_str.pdf,extraction_papers/paper-1262_theoretical_concept_for_in_situ_condition_monitoring_of_rotary_shaft_seals_using_surface_str.pdf,extraction_papers/ontocast_runs/run_500_20260710_185042/input/paper-1262_theoretical_concept_for_in_situ_condition_monitoring_of_rotary_shaft_seals_using_surface_str.pdf,hardlink
457,paper-1263,paper-1263_acoustic_monitoring_of_wind_turbine_blades_using_wavelet_packet_analysis_and_1d_convolutiona.pdf,extraction_papers/paper-1263_acoustic_monitoring_of_wind_turbine_blades_using_wavelet_packet_analysis_and_1d_convolutiona.pdf,extraction_papers/ontocast_runs/run_500_20260710_185042/input/paper-1263_acoustic_monitoring_of_wind_turbine_blades_using_wavelet_packet_analysis_and_1d_convolutiona.pdf,hardlink
458,paper-1264,paper-1264_iot_enabled_wireless_communication_monitoring_and_fault_diagnosis_for_transformer_oil_condit.pdf,extraction_papers/paper-1264_iot_enabled_wireless_communication_monitoring_and_fault_diagnosis_for_transformer_oil_condit.pdf,extraction_papers/ontocast_runs/run_500_20260710_185042/input/paper-1264_iot_enabled_wireless_communication_monitoring_and_fault_diagnosis_for_transformer_oil_condit.pdf,hardlink
459,paper-1265,paper-1265_self_powered_sensing_system_for_electric_vehicle_drive_condition_monitoring_and_driving_cond.pdf,extraction_papers/paper-1265_self_powered_sensing_system_for_electric_vehicle_drive_condition_monitoring_and_driving_cond.pdf,extraction_papers/ontocast_runs/run_500_20260710_185042/input/paper-1265_self_powered_sensing_system_for_electric_vehicle_drive_condition_monitoring_and_driving_cond.pdf,hardlink
460,paper-1267,paper-1267_an_integrated_iot_framework_for_intelligent_vibration_based_fault_diagnosis_of_internal_comb.pdf,extraction_papers/paper-1267_an_integrated_iot_framework_for_intelligent_vibration_based_fault_diagnosis_of_internal_comb.pdf,extraction_papers/ontocast_runs/run_500_20260710_185042/input/paper-1267_an_integrated_iot_framework_for_intelligent_vibration_based_fault_diagnosis_of_internal_comb.pdf,hardlink
461,paper-1268,paper-1268_multi_agent_large_language_model_based_decision_tree_analysis_for_explainable_electric_vehic.pdf,extraction_papers/paper-1268_multi_agent_large_language_model_based_decision_tree_analysis_for_explainable_electric_vehic.pdf,extraction_papers/ontocast_runs/run_500_20260710_185042/input/paper-1268_multi_agent_large_language_model_based_decision_tree_analysis_for_explainable_electric_vehic.pdf,hardlink
462,paper-1269,paper-1269_construction_and_application_of_online_vibration_frequency_response_analysis_method_for_conv.pdf,extraction_papers/paper-1269_construction_and_application_of_online_vibration_frequency_response_analysis_method_for_conv.pdf,extraction_papers/ontocast_runs/run_500_20260710_185042/input/paper-1269_construction_and_application_of_online_vibration_frequency_response_analysis_method_for_conv.pdf,hardlink
463,paper-1270,paper-1270_adaptive_denoising_of_partial_discharge_using_absolute_difference_optimization_versus_artifi.pdf,extraction_papers/paper-1270_adaptive_denoising_of_partial_discharge_using_absolute_difference_optimization_versus_artifi.pdf,extraction_papers/ontocast_runs/run_500_20260710_185042/input/paper-1270_adaptive_denoising_of_partial_discharge_using_absolute_difference_optimization_versus_artifi.pdf,hardlink
464,paper-1272,paper-1272_a_machine_learning_framework_for_long_term_forecasting_of_spare_part_demand_in_end_of_life_p.pdf,extraction_papers/paper-1272_a_machine_learning_framework_for_long_term_forecasting_of_spare_part_demand_in_end_of_life_p.pdf,extraction_papers/ontocast_runs/run_500_20260710_185042/input/paper-1272_a_machine_learning_framework_for_long_term_forecasting_of_spare_part_demand_in_end_of_life_p.pdf,hardlink
465,paper-1274,paper-1274_charging_pile_fault_prediction_method_combining_whale_optimization_algorithm_and_long_short.pdf,extraction_papers/paper-1274_charging_pile_fault_prediction_method_combining_whale_optimization_algorithm_and_long_short.pdf,extraction_papers/ontocast_runs/run_500_20260710_185042/input/paper-1274_charging_pile_fault_prediction_method_combining_whale_optimization_algorithm_and_long_short.pdf,hardlink
466,paper-1276,paper-1276_real_time_simulation_of_gap_flow_in_the_valve_plate_cylinder_block_pair_of_axial_piston_pump.pdf,extraction_papers/paper-1276_real_time_simulation_of_gap_flow_in_the_valve_plate_cylinder_block_pair_of_axial_piston_pump.pdf,extraction_papers/ontocast_runs/run_500_20260710_185042/input/paper-1276_real_time_simulation_of_gap_flow_in_the_valve_plate_cylinder_block_pair_of_axial_piston_pump.pdf,hardlink
467,paper-1277,paper-1277_metad_dt_a_reference_architecture_enabling_digital_twin_development_for_complex_engineering.pdf,extraction_papers/paper-1277_metad_dt_a_reference_architecture_enabling_digital_twin_development_for_complex_engineering.pdf,extraction_papers/ontocast_runs/run_500_20260710_185042/input/paper-1277_metad_dt_a_reference_architecture_enabling_digital_twin_development_for_complex_engineering.pdf,hardlink
468,paper-1282,paper-1282_physics_informed_transfer_learning_for_predicting_engine_oil_degradation_and_rul_across_hete.pdf,extraction_papers/paper-1282_physics_informed_transfer_learning_for_predicting_engine_oil_degradation_and_rul_across_hete.pdf,extraction_papers/ontocast_runs/run_500_20260710_185042/input/paper-1282_physics_informed_transfer_learning_for_predicting_engine_oil_degradation_and_rul_across_hete.pdf,hardlink
469,paper-1296,paper-1296_temporal_trends_and_reliability_of_computed_tomography_scanner_failures_evidence_from_a_real.pdf,extraction_papers/paper-1296_temporal_trends_and_reliability_of_computed_tomography_scanner_failures_evidence_from_a_real.pdf,extraction_papers/ontocast_runs/run_500_20260710_185042/input/paper-1296_temporal_trends_and_reliability_of_computed_tomography_scanner_failures_evidence_from_a_real.pdf,hardlink
470,paper-1299,paper-1299_bearing_fault_diagnosis_based_on_avmd_and_hpo_dbn.pdf,extraction_papers/paper-1299_bearing_fault_diagnosis_based_on_avmd_and_hpo_dbn.pdf,extraction_papers/ontocast_runs/run_500_20260710_185042/input/paper-1299_bearing_fault_diagnosis_based_on_avmd_and_hpo_dbn.pdf,hardlink
471,paper-1302,paper-1302_reliability_evaluation_method_for_aeroengine_turbine_rotor_assemblies_considering_interactio.pdf,extraction_papers/paper-1302_reliability_evaluation_method_for_aeroengine_turbine_rotor_assemblies_considering_interactio.pdf,extraction_papers/ontocast_runs/run_500_20260710_185042/input/paper-1302_reliability_evaluation_method_for_aeroengine_turbine_rotor_assemblies_considering_interactio.pdf,hardlink
472,paper-1304,paper-1304_digital_twin_based_intelligent_monitoring_of_industrial_systems_using_explainable_ai.pdf,extraction_papers/paper-1304_digital_twin_based_intelligent_monitoring_of_industrial_systems_using_explainable_ai.pdf,extraction_papers/ontocast_runs/run_500_20260710_185042/input/paper-1304_digital_twin_based_intelligent_monitoring_of_industrial_systems_using_explainable_ai.pdf,hardlink
473,paper-1305,paper-1305_making_informed_decisions_in_cutting_tool_maintenance_in_milling_a_knn_based_model_agnostic.pdf,extraction_papers/paper-1305_making_informed_decisions_in_cutting_tool_maintenance_in_milling_a_knn_based_model_agnostic.pdf,extraction_papers/ontocast_runs/run_500_20260710_185042/input/paper-1305_making_informed_decisions_in_cutting_tool_maintenance_in_milling_a_knn_based_model_agnostic.pdf,hardlink
474,paper-1306,paper-1306_fault_diagnosis_of_rolling_bearing_failures_using_a_multi_stage_e_cnn_gru_sam_network.pdf,extraction_papers/paper-1306_fault_diagnosis_of_rolling_bearing_failures_using_a_multi_stage_e_cnn_gru_sam_network.pdf,extraction_papers/ontocast_runs/run_500_20260710_185042/input/paper-1306_fault_diagnosis_of_rolling_bearing_failures_using_a_multi_stage_e_cnn_gru_sam_network.pdf,hardlink
475,paper-1307,paper-1307_liner_wear_prediction_using_bayesian_regression_models_and_clustering.pdf,extraction_papers/paper-1307_liner_wear_prediction_using_bayesian_regression_models_and_clustering.pdf,extraction_papers/ontocast_runs/run_500_20260710_185042/input/paper-1307_liner_wear_prediction_using_bayesian_regression_models_and_clustering.pdf,hardlink
476,paper-1308,paper-1308_lithium_ion_battery_rul_prediction_based_on_optimized_vmd_ssa_patchtst_algorithm.pdf,extraction_papers/paper-1308_lithium_ion_battery_rul_prediction_based_on_optimized_vmd_ssa_patchtst_algorithm.pdf,extraction_papers/ontocast_runs/run_500_20260710_185042/input/paper-1308_lithium_ion_battery_rul_prediction_based_on_optimized_vmd_ssa_patchtst_algorithm.pdf,hardlink
477,paper-1313,paper-1313_identification_of_simultaneous_soft_faults_in_analog_circuits_using_a_hybrid_pso_machine_lea.pdf,extraction_papers/paper-1313_identification_of_simultaneous_soft_faults_in_analog_circuits_using_a_hybrid_pso_machine_lea.pdf,extraction_papers/ontocast_runs/run_500_20260710_185042/input/paper-1313_identification_of_simultaneous_soft_faults_in_analog_circuits_using_a_hybrid_pso_machine_lea.pdf,hardlink
478,paper-1316,paper-1316_development_of_a_method_for_diagnosing_and_forecasting_power_supply_systems_for_mining_enter.pdf,extraction_papers/paper-1316_development_of_a_method_for_diagnosing_and_forecasting_power_supply_systems_for_mining_enter.pdf,extraction_papers/ontocast_runs/run_500_20260710_185042/input/paper-1316_development_of_a_method_for_diagnosing_and_forecasting_power_supply_systems_for_mining_enter.pdf,hardlink
479,paper-1317,paper-1317_robustness_of_cnn_augmented_sequential_models_for_li_ion_battery_rul_prediction_under_data_s.pdf,extraction_papers/paper-1317_robustness_of_cnn_augmented_sequential_models_for_li_ion_battery_rul_prediction_under_data_s.pdf,extraction_papers/ontocast_runs/run_500_20260710_185042/input/paper-1317_robustness_of_cnn_augmented_sequential_models_for_li_ion_battery_rul_prediction_under_data_s.pdf,hardlink
480,paper-1318,paper-1318_using_deep_learning_for_predictive_maintenance_a_study_on_exhaust_backpressure_and_power_los.pdf,extraction_papers/paper-1318_using_deep_learning_for_predictive_maintenance_a_study_on_exhaust_backpressure_and_power_los.pdf,extraction_papers/ontocast_runs/run_500_20260710_185042/input/paper-1318_using_deep_learning_for_predictive_maintenance_a_study_on_exhaust_backpressure_and_power_los.pdf,hardlink
481,paper-1319,paper-1319_intelligent_fault_diagnosis_of_bearings_using_multi_sensor_spectrogram_fusion_and_machine_le.pdf,extraction_papers/paper-1319_intelligent_fault_diagnosis_of_bearings_using_multi_sensor_spectrogram_fusion_and_machine_le.pdf,extraction_papers/ontocast_runs/run_500_20260710_185042/input/paper-1319_intelligent_fault_diagnosis_of_bearings_using_multi_sensor_spectrogram_fusion_and_machine_le.pdf,hardlink
482,paper-1320,paper-1320_iot_device_for_detecting_abnormal_vibrations_in_motors_using_tinyml.pdf,extraction_papers/paper-1320_iot_device_for_detecting_abnormal_vibrations_in_motors_using_tinyml.pdf,extraction_papers/ontocast_runs/run_500_20260710_185042/input/paper-1320_iot_device_for_detecting_abnormal_vibrations_in_motors_using_tinyml.pdf,hardlink
483,paper-1324,paper-1324_ball_bearing_fault_detection_using_an_acoustic_based_machine_learning_approach.pdf,extraction_papers/paper-1324_ball_bearing_fault_detection_using_an_acoustic_based_machine_learning_approach.pdf,extraction_papers/ontocast_runs/run_500_20260710_185042/input/paper-1324_ball_bearing_fault_detection_using_an_acoustic_based_machine_learning_approach.pdf,hardlink
484,paper-1326,paper-1326_rolling_bearing_remaining_useful_life_prediction_using_deep_learning_based_on_high_quality_r.pdf,extraction_papers/paper-1326_rolling_bearing_remaining_useful_life_prediction_using_deep_learning_based_on_high_quality_r.pdf,extraction_papers/ontocast_runs/run_500_20260710_185042/input/paper-1326_rolling_bearing_remaining_useful_life_prediction_using_deep_learning_based_on_high_quality_r.pdf,hardlink
485,paper-1327,paper-1327_multi_parameter_assessment_and_validation_of_cable_insulation_using_game_theory_and_fuzzy_co.pdf,extraction_papers/paper-1327_multi_parameter_assessment_and_validation_of_cable_insulation_using_game_theory_and_fuzzy_co.pdf,extraction_papers/ontocast_runs/run_500_20260710_185042/input/paper-1327_multi_parameter_assessment_and_validation_of_cable_insulation_using_game_theory_and_fuzzy_co.pdf,hardlink
486,paper-1328,paper-1328_tool_wear_detection_in_milling_using_convolutional_neural_networks_and_audible_sound_signals.pdf,extraction_papers/paper-1328_tool_wear_detection_in_milling_using_convolutional_neural_networks_and_audible_sound_signals.pdf,extraction_papers/ontocast_runs/run_500_20260710_185042/input/paper-1328_tool_wear_detection_in_milling_using_convolutional_neural_networks_and_audible_sound_signals.pdf,hardlink
487,paper-1329,paper-1329_condition_monitoring_of_in_service_dfigs_working_under_non_stationary_conditions_via_nshota.pdf,extraction_papers/paper-1329_condition_monitoring_of_in_service_dfigs_working_under_non_stationary_conditions_via_nshota.pdf,extraction_papers/ontocast_runs/run_500_20260710_185042/input/paper-1329_condition_monitoring_of_in_service_dfigs_working_under_non_stationary_conditions_via_nshota.pdf,hardlink
488,paper-1330,paper-1330_moekan_multi_scale_transformer_based_gating_kan_experts_network_for_time_series_forecasting.pdf,extraction_papers/paper-1330_moekan_multi_scale_transformer_based_gating_kan_experts_network_for_time_series_forecasting.pdf,extraction_papers/ontocast_runs/run_500_20260710_185042/input/paper-1330_moekan_multi_scale_transformer_based_gating_kan_experts_network_for_time_series_forecasting.pdf,hardlink
489,paper-1334,paper-1334_efficient_attentive_u_net_for_fault_diagnosis_and_predictive_maintenance_of_photovoltaic_pan.pdf,extraction_papers/paper-1334_efficient_attentive_u_net_for_fault_diagnosis_and_predictive_maintenance_of_photovoltaic_pan.pdf,extraction_papers/ontocast_runs/run_500_20260710_185042/input/paper-1334_efficient_attentive_u_net_for_fault_diagnosis_and_predictive_maintenance_of_photovoltaic_pan.pdf,hardlink
490,paper-1335,paper-1335_deep_learning_enhanced_predictive_maintenance_framework_using_industrial_internet_of_things.pdf,extraction_papers/paper-1335_deep_learning_enhanced_predictive_maintenance_framework_using_industrial_internet_of_things.pdf,extraction_papers/ontocast_runs/run_500_20260710_185042/input/paper-1335_deep_learning_enhanced_predictive_maintenance_framework_using_industrial_internet_of_things.pdf,hardlink
491,paper-1337,paper-1337_time_weighted_kernel_density_for_gearbox_residual_life_prediction.pdf,extraction_papers/paper-1337_time_weighted_kernel_density_for_gearbox_residual_life_prediction.pdf,extraction_papers/ontocast_runs/run_500_20260710_185042/input/paper-1337_time_weighted_kernel_density_for_gearbox_residual_life_prediction.pdf,hardlink
492,paper-1341,paper-1341_acoustic_virtual_sensors_for_industrial_process_monitoring_using_non_negative_matrix_factori.pdf,extraction_papers/paper-1341_acoustic_virtual_sensors_for_industrial_process_monitoring_using_non_negative_matrix_factori.pdf,extraction_papers/ontocast_runs/run_500_20260710_185042/input/paper-1341_acoustic_virtual_sensors_for_industrial_process_monitoring_using_non_negative_matrix_factori.pdf,hardlink
493,paper-1342,paper-1342_resource_efficient_field_programmable_gate_array_implementation_of_an_integer_fuzzy_inferenc.pdf,extraction_papers/paper-1342_resource_efficient_field_programmable_gate_array_implementation_of_an_integer_fuzzy_inferenc.pdf,extraction_papers/ontocast_runs/run_500_20260710_185042/input/paper-1342_resource_efficient_field_programmable_gate_array_implementation_of_an_integer_fuzzy_inferenc.pdf,hardlink
494,paper-1343,paper-1343_power_line_communication_as_a_sensor_medium_voltage_cable_diagnostics.pdf,extraction_papers/paper-1343_power_line_communication_as_a_sensor_medium_voltage_cable_diagnostics.pdf,extraction_papers/ontocast_runs/run_500_20260710_185042/input/paper-1343_power_line_communication_as_a_sensor_medium_voltage_cable_diagnostics.pdf,hardlink
495,paper-1346,paper-1346_comparing_deep_learning_and_fourier_series_models_for_equipment_failure_prediction_in_predic.pdf,extraction_papers/paper-1346_comparing_deep_learning_and_fourier_series_models_for_equipment_failure_prediction_in_predic.pdf,extraction_papers/ontocast_runs/run_500_20260710_185042/input/paper-1346_comparing_deep_learning_and_fourier_series_models_for_equipment_failure_prediction_in_predic.pdf,hardlink
496,paper-1348,paper-1348_phenomenological_analysis_of_the_electrical_behavior_of_helical_gears_to_identify_sensory_ut.pdf,extraction_papers/paper-1348_phenomenological_analysis_of_the_electrical_behavior_of_helical_gears_to_identify_sensory_ut.pdf,extraction_papers/ontocast_runs/run_500_20260710_185042/input/paper-1348_phenomenological_analysis_of_the_electrical_behavior_of_helical_gears_to_identify_sensory_ut.pdf,hardlink
497,paper-1349,paper-1349_ai_ml_based_anomaly_detection_and_fault_diagnosis_of_turbocharged_marine_diesel_engines_expe.pdf,extraction_papers/paper-1349_ai_ml_based_anomaly_detection_and_fault_diagnosis_of_turbocharged_marine_diesel_engines_expe.pdf,extraction_papers/ontocast_runs/run_500_20260710_185042/input/paper-1349_ai_ml_based_anomaly_detection_and_fault_diagnosis_of_turbocharged_marine_diesel_engines_expe.pdf,hardlink
498,paper-1351,paper-1351_hybrid_gaussian_process_regression_with_temporal_feature_extraction_for_partially_interpreta.pdf,extraction_papers/paper-1351_hybrid_gaussian_process_regression_with_temporal_feature_extraction_for_partially_interpreta.pdf,extraction_papers/ontocast_runs/run_500_20260710_185042/input/paper-1351_hybrid_gaussian_process_regression_with_temporal_feature_extraction_for_partially_interpreta.pdf,hardlink
499,paper-1352,paper-1352_fault_diagnosis_in_robot_drive_systems_using_data_driven_dynamics_learning.pdf,extraction_papers/paper-1352_fault_diagnosis_in_robot_drive_systems_using_data_driven_dynamics_learning.pdf,extraction_papers/ontocast_runs/run_500_20260710_185042/input/paper-1352_fault_diagnosis_in_robot_drive_systems_using_data_driven_dynamics_learning.pdf,hardlink
500,paper-1355,paper-1355_noise_separation_techniques_for_accurate_substation_anomaly_detection_an_intelligent_methodo.pdf,extraction_papers/paper-1355_noise_separation_techniques_for_accurate_substation_anomaly_detection_an_intelligent_methodo.pdf,extraction_papers/ontocast_runs/run_500_20260710_185042/input/paper-1355_noise_separation_techniques_for_accurate_substation_anomaly_detection_an_intelligent_methodo.pdf,hardlink
