batch_index,corpus_id,filename,source_path,staged_path,staged_by
1,paper-1358,paper-1358_quasi_static_modeling_of_long_wave_axis_deviations_in_planetary_gears_for_transmission_error.pdf,extraction_papers/paper-1358_quasi_static_modeling_of_long_wave_axis_deviations_in_planetary_gears_for_transmission_error.pdf,extraction_papers/ontocast_runs/run_500_more_20260721_105503/input/paper-1358_quasi_static_modeling_of_long_wave_axis_deviations_in_planetary_gears_for_transmission_error.pdf,hardlink
2,paper-1359,paper-1359_design_and_validation_of_a_flexible_framework_for_developing_generic_digital_twins_for_indus.pdf,extraction_papers/paper-1359_design_and_validation_of_a_flexible_framework_for_developing_generic_digital_twins_for_indus.pdf,extraction_papers/ontocast_runs/run_500_more_20260721_105503/input/paper-1359_design_and_validation_of_a_flexible_framework_for_developing_generic_digital_twins_for_indus.pdf,hardlink
3,paper-1360,paper-1360_operational_data_analytics_for_failure_prediction_and_availability_improvement_in_gas_turbin.pdf,extraction_papers/paper-1360_operational_data_analytics_for_failure_prediction_and_availability_improvement_in_gas_turbin.pdf,extraction_papers/ontocast_runs/run_500_more_20260721_105503/input/paper-1360_operational_data_analytics_for_failure_prediction_and_availability_improvement_in_gas_turbin.pdf,hardlink
4,paper-1363,paper-1363_intelligent_fault_diagnosis_and_operation_condition_monitoring_of_transformer_based_on_multi.pdf,extraction_papers/paper-1363_intelligent_fault_diagnosis_and_operation_condition_monitoring_of_transformer_based_on_multi.pdf,extraction_papers/ontocast_runs/run_500_more_20260721_105503/input/paper-1363_intelligent_fault_diagnosis_and_operation_condition_monitoring_of_transformer_based_on_multi.pdf,hardlink
5,paper-1365,paper-1365_dual_attention_multi_path_deep_learning_framework_for_automated_wind_turbine_blade_fault_det.pdf,extraction_papers/paper-1365_dual_attention_multi_path_deep_learning_framework_for_automated_wind_turbine_blade_fault_det.pdf,extraction_papers/ontocast_runs/run_500_more_20260721_105503/input/paper-1365_dual_attention_multi_path_deep_learning_framework_for_automated_wind_turbine_blade_fault_det.pdf,hardlink
6,paper-1368,paper-1368_uncertainty_assessment_framework_for_igbt_lifetime_models_a_case_study_of_solder_free_module.pdf,extraction_papers/paper-1368_uncertainty_assessment_framework_for_igbt_lifetime_models_a_case_study_of_solder_free_module.pdf,extraction_papers/ontocast_runs/run_500_more_20260721_105503/input/paper-1368_uncertainty_assessment_framework_for_igbt_lifetime_models_a_case_study_of_solder_free_module.pdf,hardlink
7,paper-1369,paper-1369_fault_prediction_method_towards_rolling_element_bearing_based_on_digital_twin_and_deep_trans.pdf,extraction_papers/paper-1369_fault_prediction_method_towards_rolling_element_bearing_based_on_digital_twin_and_deep_trans.pdf,extraction_papers/ontocast_runs/run_500_more_20260721_105503/input/paper-1369_fault_prediction_method_towards_rolling_element_bearing_based_on_digital_twin_and_deep_trans.pdf,hardlink
8,paper-1371,paper-1371_interturn_short_circuit_fault_diagnosis_in_a_permanent_magnet_synchronous_generator_using_wa.pdf,extraction_papers/paper-1371_interturn_short_circuit_fault_diagnosis_in_a_permanent_magnet_synchronous_generator_using_wa.pdf,extraction_papers/ontocast_runs/run_500_more_20260721_105503/input/paper-1371_interturn_short_circuit_fault_diagnosis_in_a_permanent_magnet_synchronous_generator_using_wa.pdf,hardlink
9,paper-1372,paper-1372_advancing_intelligent_fault_diagnosis_through_enhanced_mechanisms_in_transfer_learning.pdf,extraction_papers/paper-1372_advancing_intelligent_fault_diagnosis_through_enhanced_mechanisms_in_transfer_learning.pdf,extraction_papers/ontocast_runs/run_500_more_20260721_105503/input/paper-1372_advancing_intelligent_fault_diagnosis_through_enhanced_mechanisms_in_transfer_learning.pdf,hardlink
10,paper-1373,paper-1373_blttnet_feature_fusion_based_on_bilstm_transfomer_tcn_for_prediction_of_remaining_useful_lif.pdf,extraction_papers/paper-1373_blttnet_feature_fusion_based_on_bilstm_transfomer_tcn_for_prediction_of_remaining_useful_lif.pdf,extraction_papers/ontocast_runs/run_500_more_20260721_105503/input/paper-1373_blttnet_feature_fusion_based_on_bilstm_transfomer_tcn_for_prediction_of_remaining_useful_lif.pdf,hardlink
11,paper-1377,paper-1377_a_vision_assisted_condition_monitoring_framework_for_wear_monitoring_of_gearboxes.pdf,extraction_papers/paper-1377_a_vision_assisted_condition_monitoring_framework_for_wear_monitoring_of_gearboxes.pdf,extraction_papers/ontocast_runs/run_500_more_20260721_105503/input/paper-1377_a_vision_assisted_condition_monitoring_framework_for_wear_monitoring_of_gearboxes.pdf,hardlink
12,paper-1379,paper-1379_a_hybrid_bi_lstm_model_for_data_driven_maintenance_planning.pdf,extraction_papers/paper-1379_a_hybrid_bi_lstm_model_for_data_driven_maintenance_planning.pdf,extraction_papers/ontocast_runs/run_500_more_20260721_105503/input/paper-1379_a_hybrid_bi_lstm_model_for_data_driven_maintenance_planning.pdf,hardlink
13,paper-1381,paper-1381_the_role_of_diagnostics_in_improving_the_objectivity_of_assessing_the_technical_condition_of.pdf,extraction_papers/paper-1381_the_role_of_diagnostics_in_improving_the_objectivity_of_assessing_the_technical_condition_of.pdf,extraction_papers/ontocast_runs/run_500_more_20260721_105503/input/paper-1381_the_role_of_diagnostics_in_improving_the_objectivity_of_assessing_the_technical_condition_of.pdf,hardlink
14,paper-1383,paper-1383_an_enhanced_neural_network_model_for_predicting_the_remaining_useful_life_of_proton_exchange.pdf,extraction_papers/paper-1383_an_enhanced_neural_network_model_for_predicting_the_remaining_useful_life_of_proton_exchange.pdf,extraction_papers/ontocast_runs/run_500_more_20260721_105503/input/paper-1383_an_enhanced_neural_network_model_for_predicting_the_remaining_useful_life_of_proton_exchange.pdf,hardlink
15,paper-1384,paper-1384_intelligent_fault_prediction_and_diagnosis_for_wind_powered_heating_systems_using_graph_neur.pdf,extraction_papers/paper-1384_intelligent_fault_prediction_and_diagnosis_for_wind_powered_heating_systems_using_graph_neur.pdf,extraction_papers/ontocast_runs/run_500_more_20260721_105503/input/paper-1384_intelligent_fault_prediction_and_diagnosis_for_wind_powered_heating_systems_using_graph_neur.pdf,hardlink
16,paper-1385,paper-1385_a_time_weighted_fusion_waveform_factor_based_health_indicator_for_condition_monitoring_of_ro.pdf,extraction_papers/paper-1385_a_time_weighted_fusion_waveform_factor_based_health_indicator_for_condition_monitoring_of_ro.pdf,extraction_papers/ontocast_runs/run_500_more_20260721_105503/input/paper-1385_a_time_weighted_fusion_waveform_factor_based_health_indicator_for_condition_monitoring_of_ro.pdf,hardlink
17,paper-1386,paper-1386_integrating_trend_monitoring_and_change_point_detection_for_wind_turbine_blade_diagnostics_a.pdf,extraction_papers/paper-1386_integrating_trend_monitoring_and_change_point_detection_for_wind_turbine_blade_diagnostics_a.pdf,extraction_papers/ontocast_runs/run_500_more_20260721_105503/input/paper-1386_integrating_trend_monitoring_and_change_point_detection_for_wind_turbine_blade_diagnostics_a.pdf,hardlink
18,paper-1390,paper-1390_enhancing_wind_turbine_diagnostics_with_scada_vibration_fusion_contrastive_learning_and_line.pdf,extraction_papers/paper-1390_enhancing_wind_turbine_diagnostics_with_scada_vibration_fusion_contrastive_learning_and_line.pdf,extraction_papers/ontocast_runs/run_500_more_20260721_105503/input/paper-1390_enhancing_wind_turbine_diagnostics_with_scada_vibration_fusion_contrastive_learning_and_line.pdf,hardlink
19,paper-1391,paper-1391_research_on_the_condition_monitoring_method_of_unmanned_aerial_vehicle_based_on_improved_mul.pdf,extraction_papers/paper-1391_research_on_the_condition_monitoring_method_of_unmanned_aerial_vehicle_based_on_improved_mul.pdf,extraction_papers/ontocast_runs/run_500_more_20260721_105503/input/paper-1391_research_on_the_condition_monitoring_method_of_unmanned_aerial_vehicle_based_on_improved_mul.pdf,hardlink
20,paper-1394,paper-1394_pd_source_localization_algorithm_by_using_scmd_technique_for_power_cables_condition_monitori.pdf,extraction_papers/paper-1394_pd_source_localization_algorithm_by_using_scmd_technique_for_power_cables_condition_monitori.pdf,extraction_papers/ontocast_runs/run_500_more_20260721_105503/input/paper-1394_pd_source_localization_algorithm_by_using_scmd_technique_for_power_cables_condition_monitori.pdf,hardlink
21,paper-1395,paper-1395_gain_enhanced_correlation_fusion_for_pmsm_inter_turn_faults_severity_detection_using_machine.pdf,extraction_papers/paper-1395_gain_enhanced_correlation_fusion_for_pmsm_inter_turn_faults_severity_detection_using_machine.pdf,extraction_papers/ontocast_runs/run_500_more_20260721_105503/input/paper-1395_gain_enhanced_correlation_fusion_for_pmsm_inter_turn_faults_severity_detection_using_machine.pdf,hardlink
22,paper-1399,paper-1399_in_situ_evaluation_of_hole_quality_and_cutting_tool_condition_in_robotic_drilling_of_composi.pdf,extraction_papers/paper-1399_in_situ_evaluation_of_hole_quality_and_cutting_tool_condition_in_robotic_drilling_of_composi.pdf,extraction_papers/ontocast_runs/run_500_more_20260721_105503/input/paper-1399_in_situ_evaluation_of_hole_quality_and_cutting_tool_condition_in_robotic_drilling_of_composi.pdf,hardlink
23,paper-1407,paper-1407_a_predictive_maintenance_approach_for_composting_plants_based_on_erp_and_digital_twin_integr.pdf,extraction_papers/paper-1407_a_predictive_maintenance_approach_for_composting_plants_based_on_erp_and_digital_twin_integr.pdf,extraction_papers/ontocast_runs/run_500_more_20260721_105503/input/paper-1407_a_predictive_maintenance_approach_for_composting_plants_based_on_erp_and_digital_twin_integr.pdf,hardlink
24,paper-1409,paper-1409_monte_carlo_simulation_for_evaluating_and_optimizing_the_efficiency_of_br_and_qir_maintenanc.pdf,extraction_papers/paper-1409_monte_carlo_simulation_for_evaluating_and_optimizing_the_efficiency_of_br_and_qir_maintenanc.pdf,extraction_papers/ontocast_runs/run_500_more_20260721_105503/input/paper-1409_monte_carlo_simulation_for_evaluating_and_optimizing_the_efficiency_of_br_and_qir_maintenanc.pdf,hardlink
25,paper-1412,paper-1412_a_bearing_fault_diagnosis_method_for_hydrodynamic_transmissions_integrating_few_shot_learnin.pdf,extraction_papers/paper-1412_a_bearing_fault_diagnosis_method_for_hydrodynamic_transmissions_integrating_few_shot_learnin.pdf,extraction_papers/ontocast_runs/run_500_more_20260721_105503/input/paper-1412_a_bearing_fault_diagnosis_method_for_hydrodynamic_transmissions_integrating_few_shot_learnin.pdf,hardlink
26,paper-1413,paper-1413_causal_neuromorphic_graph_learning_with_physics_informed_micro_twins_for_explainable_wind_tu.pdf,extraction_papers/paper-1413_causal_neuromorphic_graph_learning_with_physics_informed_micro_twins_for_explainable_wind_tu.pdf,extraction_papers/ontocast_runs/run_500_more_20260721_105503/input/paper-1413_causal_neuromorphic_graph_learning_with_physics_informed_micro_twins_for_explainable_wind_tu.pdf,hardlink
27,paper-1414,paper-1414_artificial_neural_network_based_prediction_and_validation_of_drill_flank_wear_in_gfrp_machin.pdf,extraction_papers/paper-1414_artificial_neural_network_based_prediction_and_validation_of_drill_flank_wear_in_gfrp_machin.pdf,extraction_papers/ontocast_runs/run_500_more_20260721_105503/input/paper-1414_artificial_neural_network_based_prediction_and_validation_of_drill_flank_wear_in_gfrp_machin.pdf,hardlink
28,paper-1416,paper-1416_an_explainable_machine_learning_framework_for_railway_predictive_maintenance_using_data_stre.pdf,extraction_papers/paper-1416_an_explainable_machine_learning_framework_for_railway_predictive_maintenance_using_data_stre.pdf,extraction_papers/ontocast_runs/run_500_more_20260721_105503/input/paper-1416_an_explainable_machine_learning_framework_for_railway_predictive_maintenance_using_data_stre.pdf,hardlink
29,paper-1417,paper-1417_fault_detection_of_slewing_bearings_in_engineering_cranes_based_on_adaptive_algorithms.pdf,extraction_papers/paper-1417_fault_detection_of_slewing_bearings_in_engineering_cranes_based_on_adaptive_algorithms.pdf,extraction_papers/ontocast_runs/run_500_more_20260721_105503/input/paper-1417_fault_detection_of_slewing_bearings_in_engineering_cranes_based_on_adaptive_algorithms.pdf,hardlink
30,paper-1418,paper-1418_full_condition_monitoring_and_intelligent_yield_prediction_and_decision_making_technology_fo.pdf,extraction_papers/paper-1418_full_condition_monitoring_and_intelligent_yield_prediction_and_decision_making_technology_fo.pdf,extraction_papers/ontocast_runs/run_500_more_20260721_105503/input/paper-1418_full_condition_monitoring_and_intelligent_yield_prediction_and_decision_making_technology_fo.pdf,hardlink
31,paper-1425,paper-1425_comparative_analysis_of_feature_selection_and_classification_techniques_for_robust_broken_ro.pdf,extraction_papers/paper-1425_comparative_analysis_of_feature_selection_and_classification_techniques_for_robust_broken_ro.pdf,extraction_papers/ontocast_runs/run_500_more_20260721_105503/input/paper-1425_comparative_analysis_of_feature_selection_and_classification_techniques_for_robust_broken_ro.pdf,hardlink
32,paper-1428,paper-1428_unsupervised_machine_learning_for_automated_corrosion_staging_using_optical_microscopy_image.pdf,extraction_papers/paper-1428_unsupervised_machine_learning_for_automated_corrosion_staging_using_optical_microscopy_image.pdf,extraction_papers/ontocast_runs/run_500_more_20260721_105503/input/paper-1428_unsupervised_machine_learning_for_automated_corrosion_staging_using_optical_microscopy_image.pdf,hardlink
33,paper-1434,paper-1434_predictive_battery_life_modeling_for_lorawan_sensors_using_real_world_deployment_data.pdf,extraction_papers/paper-1434_predictive_battery_life_modeling_for_lorawan_sensors_using_real_world_deployment_data.pdf,extraction_papers/ontocast_runs/run_500_more_20260721_105503/input/paper-1434_predictive_battery_life_modeling_for_lorawan_sensors_using_real_world_deployment_data.pdf,hardlink
34,paper-1435,paper-1435_numerical_study_on_oil_particle_enrichment_in_a_rectangular_microfluidic_channel_based_on_ac.pdf,extraction_papers/paper-1435_numerical_study_on_oil_particle_enrichment_in_a_rectangular_microfluidic_channel_based_on_ac.pdf,extraction_papers/ontocast_runs/run_500_more_20260721_105503/input/paper-1435_numerical_study_on_oil_particle_enrichment_in_a_rectangular_microfluidic_channel_based_on_ac.pdf,hardlink
35,paper-1436,paper-1436_smart_autolube_optimized_machine_learning_based_pressure_prediction_for_aiot_lubrication_sys.pdf,extraction_papers/paper-1436_smart_autolube_optimized_machine_learning_based_pressure_prediction_for_aiot_lubrication_sys.pdf,extraction_papers/ontocast_runs/run_500_more_20260721_105503/input/paper-1436_smart_autolube_optimized_machine_learning_based_pressure_prediction_for_aiot_lubrication_sys.pdf,hardlink
36,paper-1437,paper-1437_contrastive_learning_based_one_class_classification_for_intelligent_manufacturing_system.pdf,extraction_papers/paper-1437_contrastive_learning_based_one_class_classification_for_intelligent_manufacturing_system.pdf,extraction_papers/ontocast_runs/run_500_more_20260721_105503/input/paper-1437_contrastive_learning_based_one_class_classification_for_intelligent_manufacturing_system.pdf,hardlink
37,paper-1438,paper-1438_data_driven_reliability_assessment_of_pv_inverters_using_scada_measurements.pdf,extraction_papers/paper-1438_data_driven_reliability_assessment_of_pv_inverters_using_scada_measurements.pdf,extraction_papers/ontocast_runs/run_500_more_20260721_105503/input/paper-1438_data_driven_reliability_assessment_of_pv_inverters_using_scada_measurements.pdf,hardlink
38,paper-1439,paper-1439_neural_network_based_optimization_of_repair_rate_estimation_in_performance_based_logistics_s.pdf,extraction_papers/paper-1439_neural_network_based_optimization_of_repair_rate_estimation_in_performance_based_logistics_s.pdf,extraction_papers/ontocast_runs/run_500_more_20260721_105503/input/paper-1439_neural_network_based_optimization_of_repair_rate_estimation_in_performance_based_logistics_s.pdf,hardlink
39,paper-1440,paper-1440_a_transfer_learning_approach_based_tool_wear_detection_in_the_turning_process_using_vibratio.pdf,extraction_papers/paper-1440_a_transfer_learning_approach_based_tool_wear_detection_in_the_turning_process_using_vibratio.pdf,extraction_papers/ontocast_runs/run_500_more_20260721_105503/input/paper-1440_a_transfer_learning_approach_based_tool_wear_detection_in_the_turning_process_using_vibratio.pdf,hardlink
40,paper-1441,paper-1441_fault_diagnosis_of_shaft_earthing_systems_in_turbo_generators_using_shaft_voltage_and_curren.pdf,extraction_papers/paper-1441_fault_diagnosis_of_shaft_earthing_systems_in_turbo_generators_using_shaft_voltage_and_curren.pdf,extraction_papers/ontocast_runs/run_500_more_20260721_105503/input/paper-1441_fault_diagnosis_of_shaft_earthing_systems_in_turbo_generators_using_shaft_voltage_and_curren.pdf,hardlink
41,paper-1446,paper-1446_deep_learning_base_faults_diagnosis_of_centrifugal_pumps.pdf,extraction_papers/paper-1446_deep_learning_base_faults_diagnosis_of_centrifugal_pumps.pdf,extraction_papers/ontocast_runs/run_500_more_20260721_105503/input/paper-1446_deep_learning_base_faults_diagnosis_of_centrifugal_pumps.pdf,hardlink
42,paper-1450,paper-1450_evaluation_of_a_state_owned_south_african_oil_refinery_s_maintenance_strategy_selection_proc.pdf,extraction_papers/paper-1450_evaluation_of_a_state_owned_south_african_oil_refinery_s_maintenance_strategy_selection_proc.pdf,extraction_papers/ontocast_runs/run_500_more_20260721_105503/input/paper-1450_evaluation_of_a_state_owned_south_african_oil_refinery_s_maintenance_strategy_selection_proc.pdf,hardlink
43,paper-1453,paper-1453_systemic_predictive_and_prescriptive_maintenance.pdf,extraction_papers/paper-1453_systemic_predictive_and_prescriptive_maintenance.pdf,extraction_papers/ontocast_runs/run_500_more_20260721_105503/input/paper-1453_systemic_predictive_and_prescriptive_maintenance.pdf,hardlink
44,paper-1455,paper-1455_deep_multiscale_feature_fusion_network_with_dual_attention_for_rolling_bearing_remaining_use.pdf,extraction_papers/paper-1455_deep_multiscale_feature_fusion_network_with_dual_attention_for_rolling_bearing_remaining_use.pdf,extraction_papers/ontocast_runs/run_500_more_20260721_105503/input/paper-1455_deep_multiscale_feature_fusion_network_with_dual_attention_for_rolling_bearing_remaining_use.pdf,hardlink
45,paper-1456,paper-1456_railway_signal_relay_voiceprint_fault_diagnosis_method_based_on_swin_transformer_and_fusion.pdf,extraction_papers/paper-1456_railway_signal_relay_voiceprint_fault_diagnosis_method_based_on_swin_transformer_and_fusion.pdf,extraction_papers/ontocast_runs/run_500_more_20260721_105503/input/paper-1456_railway_signal_relay_voiceprint_fault_diagnosis_method_based_on_swin_transformer_and_fusion.pdf,hardlink
46,paper-1458,paper-1458_optimized_predictive_maintenance_for_streaming_data_in_industrial_iot_networks_using_deep_re.pdf,extraction_papers/paper-1458_optimized_predictive_maintenance_for_streaming_data_in_industrial_iot_networks_using_deep_re.pdf,extraction_papers/ontocast_runs/run_500_more_20260721_105503/input/paper-1458_optimized_predictive_maintenance_for_streaming_data_in_industrial_iot_networks_using_deep_re.pdf,hardlink
47,paper-1463,paper-1463_explainable_deep_learning_for_bearing_fault_diagnosis_architectural_superiority_of_resnet_1d.pdf,extraction_papers/paper-1463_explainable_deep_learning_for_bearing_fault_diagnosis_architectural_superiority_of_resnet_1d.pdf,extraction_papers/ontocast_runs/run_500_more_20260721_105503/input/paper-1463_explainable_deep_learning_for_bearing_fault_diagnosis_architectural_superiority_of_resnet_1d.pdf,hardlink
48,paper-1465,paper-1465_full_lifecycle_deterioration_characteristics_and_remaining_life_prediction_of_zno_varistors.pdf,extraction_papers/paper-1465_full_lifecycle_deterioration_characteristics_and_remaining_life_prediction_of_zno_varistors.pdf,extraction_papers/ontocast_runs/run_500_more_20260721_105503/input/paper-1465_full_lifecycle_deterioration_characteristics_and_remaining_life_prediction_of_zno_varistors.pdf,hardlink
49,paper-1466,paper-1466_electric_torque_for_fault_severity_diagnosis_in_gearbox_type_load_ml_approaches_based_on_poi.pdf,extraction_papers/paper-1466_electric_torque_for_fault_severity_diagnosis_in_gearbox_type_load_ml_approaches_based_on_poi.pdf,extraction_papers/ontocast_runs/run_500_more_20260721_105503/input/paper-1466_electric_torque_for_fault_severity_diagnosis_in_gearbox_type_load_ml_approaches_based_on_poi.pdf,hardlink
50,paper-1467,paper-1467_data_driven_probabilistic_analysis_of_power_system_faults_using_monte_carlo_simulation.pdf,extraction_papers/paper-1467_data_driven_probabilistic_analysis_of_power_system_faults_using_monte_carlo_simulation.pdf,extraction_papers/ontocast_runs/run_500_more_20260721_105503/input/paper-1467_data_driven_probabilistic_analysis_of_power_system_faults_using_monte_carlo_simulation.pdf,hardlink
51,paper-1468,paper-1468_investigating_the_applicability_of_a_hybrid_simulation_methodology_to_motor_bearing_failure.pdf,extraction_papers/paper-1468_investigating_the_applicability_of_a_hybrid_simulation_methodology_to_motor_bearing_failure.pdf,extraction_papers/ontocast_runs/run_500_more_20260721_105503/input/paper-1468_investigating_the_applicability_of_a_hybrid_simulation_methodology_to_motor_bearing_failure.pdf,hardlink
52,paper-1469,paper-1469_risk_and_reliability_analysis_of_critical_boiler_components.pdf,extraction_papers/paper-1469_risk_and_reliability_analysis_of_critical_boiler_components.pdf,extraction_papers/ontocast_runs/run_500_more_20260721_105503/input/paper-1469_risk_and_reliability_analysis_of_critical_boiler_components.pdf,hardlink
53,paper-1470,paper-1470_autoencoder_driven_fault_detection_in_drilling_machines_a_study_of_hybrid_deep_learning_mode.pdf,extraction_papers/paper-1470_autoencoder_driven_fault_detection_in_drilling_machines_a_study_of_hybrid_deep_learning_mode.pdf,extraction_papers/ontocast_runs/run_500_more_20260721_105503/input/paper-1470_autoencoder_driven_fault_detection_in_drilling_machines_a_study_of_hybrid_deep_learning_mode.pdf,hardlink
54,paper-1475,paper-1475_remaining_useful_life_prediction_of_lithium_batteries_based_on_jump_connection_multi_scale_c.pdf,extraction_papers/paper-1475_remaining_useful_life_prediction_of_lithium_batteries_based_on_jump_connection_multi_scale_c.pdf,extraction_papers/ontocast_runs/run_500_more_20260721_105503/input/paper-1475_remaining_useful_life_prediction_of_lithium_batteries_based_on_jump_connection_multi_scale_c.pdf,hardlink
55,paper-1476,paper-1476_a_noval_rul_prediction_method_for_rolling_bearing_tclstmnet_cbam.pdf,extraction_papers/paper-1476_a_noval_rul_prediction_method_for_rolling_bearing_tclstmnet_cbam.pdf,extraction_papers/ontocast_runs/run_500_more_20260721_105503/input/paper-1476_a_noval_rul_prediction_method_for_rolling_bearing_tclstmnet_cbam.pdf,hardlink
56,paper-1481,paper-1481_condition_monitoring_system_for_planetary_journal_bearings_in_wind_turbines_based_on_surface.pdf,extraction_papers/paper-1481_condition_monitoring_system_for_planetary_journal_bearings_in_wind_turbines_based_on_surface.pdf,extraction_papers/ontocast_runs/run_500_more_20260721_105503/input/paper-1481_condition_monitoring_system_for_planetary_journal_bearings_in_wind_turbines_based_on_surface.pdf,hardlink
57,paper-1484,paper-1484_condition_monitoring_of_highway_tunnel_fans_motors_case_studies_based_on_experimental_data.pdf,extraction_papers/paper-1484_condition_monitoring_of_highway_tunnel_fans_motors_case_studies_based_on_experimental_data.pdf,extraction_papers/ontocast_runs/run_500_more_20260721_105503/input/paper-1484_condition_monitoring_of_highway_tunnel_fans_motors_case_studies_based_on_experimental_data.pdf,hardlink
58,paper-1486,paper-1486_a_causal_knowledge_discovery_framework_as_an_enabler_for_equipment_prescriptive_maintenance.pdf,extraction_papers/paper-1486_a_causal_knowledge_discovery_framework_as_an_enabler_for_equipment_prescriptive_maintenance.pdf,extraction_papers/ontocast_runs/run_500_more_20260721_105503/input/paper-1486_a_causal_knowledge_discovery_framework_as_an_enabler_for_equipment_prescriptive_maintenance.pdf,hardlink
59,paper-1488,paper-1488_mondragon_unibertsitatea_face_milling_dataset_for_smart_tool_condition_monitoring.pdf,extraction_papers/paper-1488_mondragon_unibertsitatea_face_milling_dataset_for_smart_tool_condition_monitoring.pdf,extraction_papers/ontocast_runs/run_500_more_20260721_105503/input/paper-1488_mondragon_unibertsitatea_face_milling_dataset_for_smart_tool_condition_monitoring.pdf,hardlink
60,paper-1489,paper-1489_fault_prediction_of_automotive_bearings_based_on_weibull_distribution.pdf,extraction_papers/paper-1489_fault_prediction_of_automotive_bearings_based_on_weibull_distribution.pdf,extraction_papers/ontocast_runs/run_500_more_20260721_105503/input/paper-1489_fault_prediction_of_automotive_bearings_based_on_weibull_distribution.pdf,hardlink
61,paper-1490,paper-1490_predictive_maintenance_for_digital_printing_equipment.pdf,extraction_papers/paper-1490_predictive_maintenance_for_digital_printing_equipment.pdf,extraction_papers/ontocast_runs/run_500_more_20260721_105503/input/paper-1490_predictive_maintenance_for_digital_printing_equipment.pdf,hardlink
62,paper-1493,paper-1493_a_low_cost_scalable_approach_for_compressor_fault_monitoring_using_deep_learning_on_acoustic.pdf,extraction_papers/paper-1493_a_low_cost_scalable_approach_for_compressor_fault_monitoring_using_deep_learning_on_acoustic.pdf,extraction_papers/ontocast_runs/run_500_more_20260721_105503/input/paper-1493_a_low_cost_scalable_approach_for_compressor_fault_monitoring_using_deep_learning_on_acoustic.pdf,hardlink
63,paper-1494,paper-1494_a_hybrid_piezoelectric_and_photovoltaic_energy_harvester_for_power_line_monitoring.pdf,extraction_papers/paper-1494_a_hybrid_piezoelectric_and_photovoltaic_energy_harvester_for_power_line_monitoring.pdf,extraction_papers/ontocast_runs/run_500_more_20260721_105503/input/paper-1494_a_hybrid_piezoelectric_and_photovoltaic_energy_harvester_for_power_line_monitoring.pdf,hardlink
64,paper-1495,paper-1495_artificial_intelligence_based_anomaly_detection_technology_for_equipment_condition_monitorin.pdf,extraction_papers/paper-1495_artificial_intelligence_based_anomaly_detection_technology_for_equipment_condition_monitorin.pdf,extraction_papers/ontocast_runs/run_500_more_20260721_105503/input/paper-1495_artificial_intelligence_based_anomaly_detection_technology_for_equipment_condition_monitorin.pdf,hardlink
65,paper-1497,paper-1497_experimental_evaluation_of_impact_loading_of_rfid_tags_embedded_in_a_pipe_conveyor_belt_and.pdf,extraction_papers/paper-1497_experimental_evaluation_of_impact_loading_of_rfid_tags_embedded_in_a_pipe_conveyor_belt_and.pdf,extraction_papers/ontocast_runs/run_500_more_20260721_105503/input/paper-1497_experimental_evaluation_of_impact_loading_of_rfid_tags_embedded_in_a_pipe_conveyor_belt_and.pdf,hardlink
66,paper-1499,paper-1499_thermal_failure_of_stator_winding_insulation_and_useful_life_assessment_by_impedance_spectro.pdf,extraction_papers/paper-1499_thermal_failure_of_stator_winding_insulation_and_useful_life_assessment_by_impedance_spectro.pdf,extraction_papers/ontocast_runs/run_500_more_20260721_105503/input/paper-1499_thermal_failure_of_stator_winding_insulation_and_useful_life_assessment_by_impedance_spectro.pdf,hardlink
67,paper-1500,paper-1500_residual_based_unsupervised_bearing_fault_detection_using_ica_enhanced_lstm_autoencoder.pdf,extraction_papers/paper-1500_residual_based_unsupervised_bearing_fault_detection_using_ica_enhanced_lstm_autoencoder.pdf,extraction_papers/ontocast_runs/run_500_more_20260721_105503/input/paper-1500_residual_based_unsupervised_bearing_fault_detection_using_ica_enhanced_lstm_autoencoder.pdf,hardlink
68,paper-1502,paper-1502_artificial_intelligence_based_oil_well_condition_diagnosis_and_production_parameter_optimiza.pdf,extraction_papers/paper-1502_artificial_intelligence_based_oil_well_condition_diagnosis_and_production_parameter_optimiza.pdf,extraction_papers/ontocast_runs/run_500_more_20260721_105503/input/paper-1502_artificial_intelligence_based_oil_well_condition_diagnosis_and_production_parameter_optimiza.pdf,hardlink
69,paper-1505,paper-1505_fault_monitoring_and_multilevel_protection_method_for_sic_based_medium_voltage_hybrid_clampe.pdf,extraction_papers/paper-1505_fault_monitoring_and_multilevel_protection_method_for_sic_based_medium_voltage_hybrid_clampe.pdf,extraction_papers/ontocast_runs/run_500_more_20260721_105503/input/paper-1505_fault_monitoring_and_multilevel_protection_method_for_sic_based_medium_voltage_hybrid_clampe.pdf,hardlink
70,paper-1511,paper-1511_rule_based_fault_diagnosis_for_modular_hydraulic_systems.pdf,extraction_papers/paper-1511_rule_based_fault_diagnosis_for_modular_hydraulic_systems.pdf,extraction_papers/ontocast_runs/run_500_more_20260721_105503/input/paper-1511_rule_based_fault_diagnosis_for_modular_hydraulic_systems.pdf,hardlink
71,paper-1512,paper-1512_deep_recurrent_convolutional_neural_network_for_fault_identification_in_photovoltaic_panels.pdf,extraction_papers/paper-1512_deep_recurrent_convolutional_neural_network_for_fault_identification_in_photovoltaic_panels.pdf,extraction_papers/ontocast_runs/run_500_more_20260721_105503/input/paper-1512_deep_recurrent_convolutional_neural_network_for_fault_identification_in_photovoltaic_panels.pdf,hardlink
72,paper-1515,paper-1515_hybrid_learning_based_fault_prediction_and_cascading_failure_mitigation_in_multi_network_ene.pdf,extraction_papers/paper-1515_hybrid_learning_based_fault_prediction_and_cascading_failure_mitigation_in_multi_network_ene.pdf,extraction_papers/ontocast_runs/run_500_more_20260721_105503/input/paper-1515_hybrid_learning_based_fault_prediction_and_cascading_failure_mitigation_in_multi_network_ene.pdf,hardlink
73,paper-1517,paper-1517_transformer_attention_guided_dual_path_framework_for_bearing_fault_diagnosis.pdf,extraction_papers/paper-1517_transformer_attention_guided_dual_path_framework_for_bearing_fault_diagnosis.pdf,extraction_papers/ontocast_runs/run_500_more_20260721_105503/input/paper-1517_transformer_attention_guided_dual_path_framework_for_bearing_fault_diagnosis.pdf,hardlink
74,paper-1521,paper-1521_climate_risks_to_iot_devices_in_kazakhstan_projections_and_adaptation_strategies.pdf,extraction_papers/paper-1521_climate_risks_to_iot_devices_in_kazakhstan_projections_and_adaptation_strategies.pdf,extraction_papers/ontocast_runs/run_500_more_20260721_105503/input/paper-1521_climate_risks_to_iot_devices_in_kazakhstan_projections_and_adaptation_strategies.pdf,hardlink
75,paper-1522,paper-1522_information_indicators_of_occurrence_and_monitoring_of_material_structure_degradation_in_vib.pdf,extraction_papers/paper-1522_information_indicators_of_occurrence_and_monitoring_of_material_structure_degradation_in_vib.pdf,extraction_papers/ontocast_runs/run_500_more_20260721_105503/input/paper-1522_information_indicators_of_occurrence_and_monitoring_of_material_structure_degradation_in_vib.pdf,hardlink
76,paper-1523,paper-1523_hybrid_deep_learning_for_predictive_maintenance_lstm_gru_cnn_and_dense_models_applied_to_tra.pdf,extraction_papers/paper-1523_hybrid_deep_learning_for_predictive_maintenance_lstm_gru_cnn_and_dense_models_applied_to_tra.pdf,extraction_papers/ontocast_runs/run_500_more_20260721_105503/input/paper-1523_hybrid_deep_learning_for_predictive_maintenance_lstm_gru_cnn_and_dense_models_applied_to_tra.pdf,hardlink
77,paper-1524,paper-1524_towards_predictive_maintenance_of_sag_mills_developing_a_data_driven_prognostic_model.pdf,extraction_papers/paper-1524_towards_predictive_maintenance_of_sag_mills_developing_a_data_driven_prognostic_model.pdf,extraction_papers/ontocast_runs/run_500_more_20260721_105503/input/paper-1524_towards_predictive_maintenance_of_sag_mills_developing_a_data_driven_prognostic_model.pdf,hardlink
78,paper-1527,paper-1527_stability_analysis_of_pantograph_under_sliding_condition_based_on_frequency_response_functio.pdf,extraction_papers/paper-1527_stability_analysis_of_pantograph_under_sliding_condition_based_on_frequency_response_functio.pdf,extraction_papers/ontocast_runs/run_500_more_20260721_105503/input/paper-1527_stability_analysis_of_pantograph_under_sliding_condition_based_on_frequency_response_functio.pdf,hardlink
79,paper-1528,paper-1528_a_novel_tool_condition_monitoring_technique_of_determining_insert_flank_wear_width_of_indexa.pdf,extraction_papers/paper-1528_a_novel_tool_condition_monitoring_technique_of_determining_insert_flank_wear_width_of_indexa.pdf,extraction_papers/ontocast_runs/run_500_more_20260721_105503/input/paper-1528_a_novel_tool_condition_monitoring_technique_of_determining_insert_flank_wear_width_of_indexa.pdf,hardlink
80,paper-1529,paper-1529_hi_mdtcn_hierarchical_multi_scale_dilated_temporal_convolutional_network_for_tool_condition.pdf,extraction_papers/paper-1529_hi_mdtcn_hierarchical_multi_scale_dilated_temporal_convolutional_network_for_tool_condition.pdf,extraction_papers/ontocast_runs/run_500_more_20260721_105503/input/paper-1529_hi_mdtcn_hierarchical_multi_scale_dilated_temporal_convolutional_network_for_tool_condition.pdf,hardlink
81,paper-1531,paper-1531_a_novel_simultaneous_monitoring_method_for_surface_roughness_and_tool_wear_in_milling_proces.pdf,extraction_papers/paper-1531_a_novel_simultaneous_monitoring_method_for_surface_roughness_and_tool_wear_in_milling_proces.pdf,extraction_papers/ontocast_runs/run_500_more_20260721_105503/input/paper-1531_a_novel_simultaneous_monitoring_method_for_surface_roughness_and_tool_wear_in_milling_proces.pdf,hardlink
82,paper-1532,paper-1532_dt_ppo_a_real_time_multisensor_driven_predictive_maintenance_framework.pdf,extraction_papers/paper-1532_dt_ppo_a_real_time_multisensor_driven_predictive_maintenance_framework.pdf,extraction_papers/ontocast_runs/run_500_more_20260721_105503/input/paper-1532_dt_ppo_a_real_time_multisensor_driven_predictive_maintenance_framework.pdf,hardlink
83,paper-1533,paper-1533_optical_path_testing_for_fiber_optic_current_transformers_using_optical_frequency_domain_ref.pdf,extraction_papers/paper-1533_optical_path_testing_for_fiber_optic_current_transformers_using_optical_frequency_domain_ref.pdf,extraction_papers/ontocast_runs/run_500_more_20260721_105503/input/paper-1533_optical_path_testing_for_fiber_optic_current_transformers_using_optical_frequency_domain_ref.pdf,hardlink
84,paper-1534,paper-1534_lithium_ion_battery_lifetime_prediction_model_based_on_a_fusion_expert_network.pdf,extraction_papers/paper-1534_lithium_ion_battery_lifetime_prediction_model_based_on_a_fusion_expert_network.pdf,extraction_papers/ontocast_runs/run_500_more_20260721_105503/input/paper-1534_lithium_ion_battery_lifetime_prediction_model_based_on_a_fusion_expert_network.pdf,hardlink
85,paper-1535,paper-1535_optimizing_battery_life_a_tinyml_approach_to_lithium_ion_battery_health_monitoring.pdf,extraction_papers/paper-1535_optimizing_battery_life_a_tinyml_approach_to_lithium_ion_battery_health_monitoring.pdf,extraction_papers/ontocast_runs/run_500_more_20260721_105503/input/paper-1535_optimizing_battery_life_a_tinyml_approach_to_lithium_ion_battery_health_monitoring.pdf,hardlink
86,paper-1538,paper-1538_an_ensemble_learning_model_for_aging_assessment_of_silicone_rubber_considering_multifunction.pdf,extraction_papers/paper-1538_an_ensemble_learning_model_for_aging_assessment_of_silicone_rubber_considering_multifunction.pdf,extraction_papers/ontocast_runs/run_500_more_20260721_105503/input/paper-1538_an_ensemble_learning_model_for_aging_assessment_of_silicone_rubber_considering_multifunction.pdf,hardlink
87,paper-1540,paper-1540_sensor_placement_optimization_for_power_grid_condition_monitoring_based_on_a_backup_coverage.pdf,extraction_papers/paper-1540_sensor_placement_optimization_for_power_grid_condition_monitoring_based_on_a_backup_coverage.pdf,extraction_papers/ontocast_runs/run_500_more_20260721_105503/input/paper-1540_sensor_placement_optimization_for_power_grid_condition_monitoring_based_on_a_backup_coverage.pdf,hardlink
88,paper-1544,paper-1544_resilience_oriented_distribution_system_service_restoration_considering_overhead_power_lines.pdf,extraction_papers/paper-1544_resilience_oriented_distribution_system_service_restoration_considering_overhead_power_lines.pdf,extraction_papers/ontocast_runs/run_500_more_20260721_105503/input/paper-1544_resilience_oriented_distribution_system_service_restoration_considering_overhead_power_lines.pdf,hardlink
89,paper-1548,paper-1548_crack_detection_in_railway_axles_using_continuous_monitoring_and_periodic_non_destructive_in.pdf,extraction_papers/paper-1548_crack_detection_in_railway_axles_using_continuous_monitoring_and_periodic_non_destructive_in.pdf,extraction_papers/ontocast_runs/run_500_more_20260721_105503/input/paper-1548_crack_detection_in_railway_axles_using_continuous_monitoring_and_periodic_non_destructive_in.pdf,hardlink
90,paper-1551,paper-1551_simulating_run_to_failure_scada_time_series_to_enhance_wind_turbine_fault_detection_and_prog.pdf,extraction_papers/paper-1551_simulating_run_to_failure_scada_time_series_to_enhance_wind_turbine_fault_detection_and_prog.pdf,extraction_papers/ontocast_runs/run_500_more_20260721_105503/input/paper-1551_simulating_run_to_failure_scada_time_series_to_enhance_wind_turbine_fault_detection_and_prog.pdf,hardlink
91,paper-1555,paper-1555_dynamic_and_fatigue_analysis_of_dense_phase_transfer_lines_subjected_to_slug_flow.pdf,extraction_papers/paper-1555_dynamic_and_fatigue_analysis_of_dense_phase_transfer_lines_subjected_to_slug_flow.pdf,extraction_papers/ontocast_runs/run_500_more_20260721_105503/input/paper-1555_dynamic_and_fatigue_analysis_of_dense_phase_transfer_lines_subjected_to_slug_flow.pdf,hardlink
92,paper-1556,paper-1556_lithium_ion_battery_life_prediction_using_gated_convolutional_neural_network_with_convolutio.pdf,extraction_papers/paper-1556_lithium_ion_battery_life_prediction_using_gated_convolutional_neural_network_with_convolutio.pdf,extraction_papers/ontocast_runs/run_500_more_20260721_105503/input/paper-1556_lithium_ion_battery_life_prediction_using_gated_convolutional_neural_network_with_convolutio.pdf,hardlink
93,paper-1558,paper-1558_detection_of_particle_contamination_and_lubrication_outage_in_journal_bearings_in_wind_turbi.pdf,extraction_papers/paper-1558_detection_of_particle_contamination_and_lubrication_outage_in_journal_bearings_in_wind_turbi.pdf,extraction_papers/ontocast_runs/run_500_more_20260721_105503/input/paper-1558_detection_of_particle_contamination_and_lubrication_outage_in_journal_bearings_in_wind_turbi.pdf,hardlink
94,paper-1559,paper-1559_investigation_of_bearing_condition_by_means_of_robust_linear_regression_and_informative_pred.pdf,extraction_papers/paper-1559_investigation_of_bearing_condition_by_means_of_robust_linear_regression_and_informative_pred.pdf,extraction_papers/ontocast_runs/run_500_more_20260721_105503/input/paper-1559_investigation_of_bearing_condition_by_means_of_robust_linear_regression_and_informative_pred.pdf,hardlink
95,paper-1565,paper-1565_research_on_reliability_of_capacitors_and_transistors_based_on_bp_neural_network_and_icepak.pdf,extraction_papers/paper-1565_research_on_reliability_of_capacitors_and_transistors_based_on_bp_neural_network_and_icepak.pdf,extraction_papers/ontocast_runs/run_500_more_20260721_105503/input/paper-1565_research_on_reliability_of_capacitors_and_transistors_based_on_bp_neural_network_and_icepak.pdf,hardlink
96,paper-1567,paper-1567_naval_ai_based_utility_for_remaining_useful_life_prediction_and_anomaly_detection_for_lifecy.pdf,extraction_papers/paper-1567_naval_ai_based_utility_for_remaining_useful_life_prediction_and_anomaly_detection_for_lifecy.pdf,extraction_papers/ontocast_runs/run_500_more_20260721_105503/input/paper-1567_naval_ai_based_utility_for_remaining_useful_life_prediction_and_anomaly_detection_for_lifecy.pdf,hardlink
97,paper-1569,paper-1569_method_for_the_development_and_application_of_digital_twins_in_manufacturing.pdf,extraction_papers/paper-1569_method_for_the_development_and_application_of_digital_twins_in_manufacturing.pdf,extraction_papers/ontocast_runs/run_500_more_20260721_105503/input/paper-1569_method_for_the_development_and_application_of_digital_twins_in_manufacturing.pdf,hardlink
98,paper-1572,paper-1572_intelligent_fault_diagnosis_of_ball_bearing_induction_motors_for_predictive_maintenance_indu.pdf,extraction_papers/paper-1572_intelligent_fault_diagnosis_of_ball_bearing_induction_motors_for_predictive_maintenance_indu.pdf,extraction_papers/ontocast_runs/run_500_more_20260721_105503/input/paper-1572_intelligent_fault_diagnosis_of_ball_bearing_induction_motors_for_predictive_maintenance_indu.pdf,hardlink
99,paper-1574,paper-1574_distributed_iot_based_predictive_maintenance_framework_for_solar_panels_using_cloud_machine.pdf,extraction_papers/paper-1574_distributed_iot_based_predictive_maintenance_framework_for_solar_panels_using_cloud_machine.pdf,extraction_papers/ontocast_runs/run_500_more_20260721_105503/input/paper-1574_distributed_iot_based_predictive_maintenance_framework_for_solar_panels_using_cloud_machine.pdf,hardlink
100,paper-1576,paper-1576_dynamic_severity_assessment_of_partial_discharge_in_hv_bushings_based_on_the_evolution_chara.pdf,extraction_papers/paper-1576_dynamic_severity_assessment_of_partial_discharge_in_hv_bushings_based_on_the_evolution_chara.pdf,extraction_papers/ontocast_runs/run_500_more_20260721_105503/input/paper-1576_dynamic_severity_assessment_of_partial_discharge_in_hv_bushings_based_on_the_evolution_chara.pdf,hardlink
101,paper-1582,paper-1582_pad_approximant_neural_networks_for_enhanced_electric_motor_fault_diagnosis_using_vibration.pdf,extraction_papers/paper-1582_pad_approximant_neural_networks_for_enhanced_electric_motor_fault_diagnosis_using_vibration.pdf,extraction_papers/ontocast_runs/run_500_more_20260721_105503/input/paper-1582_pad_approximant_neural_networks_for_enhanced_electric_motor_fault_diagnosis_using_vibration.pdf,hardlink
102,paper-1583,paper-1583_study_and_testing_of_wheelset_wheel_flat_identification_features_through_axle_box_vibration.pdf,extraction_papers/paper-1583_study_and_testing_of_wheelset_wheel_flat_identification_features_through_axle_box_vibration.pdf,extraction_papers/ontocast_runs/run_500_more_20260721_105503/input/paper-1583_study_and_testing_of_wheelset_wheel_flat_identification_features_through_axle_box_vibration.pdf,hardlink
103,paper-1584,paper-1584_an_enhanced_tk_technology_for_bearing_fault_detection_using_vibration_measurement.pdf,extraction_papers/paper-1584_an_enhanced_tk_technology_for_bearing_fault_detection_using_vibration_measurement.pdf,extraction_papers/ontocast_runs/run_500_more_20260721_105503/input/paper-1584_an_enhanced_tk_technology_for_bearing_fault_detection_using_vibration_measurement.pdf,hardlink
104,paper-1587,paper-1587_toward_predictive_maintenance_of_biomedical_equipment_in_moroccan_public_hospitals_a_data_dr.pdf,extraction_papers/paper-1587_toward_predictive_maintenance_of_biomedical_equipment_in_moroccan_public_hospitals_a_data_dr.pdf,extraction_papers/ontocast_runs/run_500_more_20260721_105503/input/paper-1587_toward_predictive_maintenance_of_biomedical_equipment_in_moroccan_public_hospitals_a_data_dr.pdf,hardlink
105,paper-1589,paper-1589_cointegration_approach_for_vibration_based_misalignment_detection_in_rotating_machinery_unde.pdf,extraction_papers/paper-1589_cointegration_approach_for_vibration_based_misalignment_detection_in_rotating_machinery_unde.pdf,extraction_papers/ontocast_runs/run_500_more_20260721_105503/input/paper-1589_cointegration_approach_for_vibration_based_misalignment_detection_in_rotating_machinery_unde.pdf,hardlink
106,paper-1590,paper-1590_application_of_machine_learning_algorithms_for_the_predictive_maintenance_of_power_transform.pdf,extraction_papers/paper-1590_application_of_machine_learning_algorithms_for_the_predictive_maintenance_of_power_transform.pdf,extraction_papers/ontocast_runs/run_500_more_20260721_105503/input/paper-1590_application_of_machine_learning_algorithms_for_the_predictive_maintenance_of_power_transform.pdf,hardlink
107,paper-1591,paper-1591_development_of_a_degradation_model_for_lifespan_prediction_a_case_study_on_grid_scale_batter.pdf,extraction_papers/paper-1591_development_of_a_degradation_model_for_lifespan_prediction_a_case_study_on_grid_scale_batter.pdf,extraction_papers/ontocast_runs/run_500_more_20260721_105503/input/paper-1591_development_of_a_degradation_model_for_lifespan_prediction_a_case_study_on_grid_scale_batter.pdf,hardlink
108,paper-1592,paper-1592_bidirectional_power_converter_for_electrical_vehicle_with_battery_charging_and_smart_battery.pdf,extraction_papers/paper-1592_bidirectional_power_converter_for_electrical_vehicle_with_battery_charging_and_smart_battery.pdf,extraction_papers/ontocast_runs/run_500_more_20260721_105503/input/paper-1592_bidirectional_power_converter_for_electrical_vehicle_with_battery_charging_and_smart_battery.pdf,hardlink
109,paper-1595,paper-1595_predicting_the_lifespan_of_twisted_string_actuators_using_empirical_and_hybrid_machine_learn.pdf,extraction_papers/paper-1595_predicting_the_lifespan_of_twisted_string_actuators_using_empirical_and_hybrid_machine_learn.pdf,extraction_papers/ontocast_runs/run_500_more_20260721_105503/input/paper-1595_predicting_the_lifespan_of_twisted_string_actuators_using_empirical_and_hybrid_machine_learn.pdf,hardlink
110,paper-1598,paper-1598_design_and_implementation_of_an_esp32_based_electronic_module_for_monitoring_and_protecting.pdf,extraction_papers/paper-1598_design_and_implementation_of_an_esp32_based_electronic_module_for_monitoring_and_protecting.pdf,extraction_papers/ontocast_runs/run_500_more_20260721_105503/input/paper-1598_design_and_implementation_of_an_esp32_based_electronic_module_for_monitoring_and_protecting.pdf,hardlink
111,paper-1601,paper-1601_survival_analysis_based_system_for_predictive_maintenance_optimization.pdf,extraction_papers/paper-1601_survival_analysis_based_system_for_predictive_maintenance_optimization.pdf,extraction_papers/ontocast_runs/run_500_more_20260721_105503/input/paper-1601_survival_analysis_based_system_for_predictive_maintenance_optimization.pdf,hardlink
112,paper-1602,paper-1602_morphological_segmentation_of_wear_zones_on_cutting_inserts_for_tool_condition_monitoring.pdf,extraction_papers/paper-1602_morphological_segmentation_of_wear_zones_on_cutting_inserts_for_tool_condition_monitoring.pdf,extraction_papers/ontocast_runs/run_500_more_20260721_105503/input/paper-1602_morphological_segmentation_of_wear_zones_on_cutting_inserts_for_tool_condition_monitoring.pdf,hardlink
113,paper-1604,paper-1604_a_hybrid_woa_deeponet_framework_for_data_driven_and_physics_guided_soh_rul_estimation_in_lit.pdf,extraction_papers/paper-1604_a_hybrid_woa_deeponet_framework_for_data_driven_and_physics_guided_soh_rul_estimation_in_lit.pdf,extraction_papers/ontocast_runs/run_500_more_20260721_105503/input/paper-1604_a_hybrid_woa_deeponet_framework_for_data_driven_and_physics_guided_soh_rul_estimation_in_lit.pdf,hardlink
114,paper-1608,paper-1608_an_adjusted_cusum_based_method_for_change_point_detection_in_two_phase_inverse_gaussian_degr.pdf,extraction_papers/paper-1608_an_adjusted_cusum_based_method_for_change_point_detection_in_two_phase_inverse_gaussian_degr.pdf,extraction_papers/ontocast_runs/run_500_more_20260721_105503/input/paper-1608_an_adjusted_cusum_based_method_for_change_point_detection_in_two_phase_inverse_gaussian_degr.pdf,hardlink
115,paper-1609,paper-1609_tool_wear_condition_monitoring_based_on_improved_symmetrized_dot_pattern_enhanced_resnet18_u.pdf,extraction_papers/paper-1609_tool_wear_condition_monitoring_based_on_improved_symmetrized_dot_pattern_enhanced_resnet18_u.pdf,extraction_papers/ontocast_runs/run_500_more_20260721_105503/input/paper-1609_tool_wear_condition_monitoring_based_on_improved_symmetrized_dot_pattern_enhanced_resnet18_u.pdf,hardlink
116,paper-1610,paper-1610_modeling_the_effect_of_scale_deposition_on_heat_transfer_in_injection_molding.pdf,extraction_papers/paper-1610_modeling_the_effect_of_scale_deposition_on_heat_transfer_in_injection_molding.pdf,extraction_papers/ontocast_runs/run_500_more_20260721_105503/input/paper-1610_modeling_the_effect_of_scale_deposition_on_heat_transfer_in_injection_molding.pdf,hardlink
117,paper-1614,paper-1614_discrete_wavelet_integrated_convolutional_residual_network_for_bearing_fault_diagnosis_under.pdf,extraction_papers/paper-1614_discrete_wavelet_integrated_convolutional_residual_network_for_bearing_fault_diagnosis_under.pdf,extraction_papers/ontocast_runs/run_500_more_20260721_105503/input/paper-1614_discrete_wavelet_integrated_convolutional_residual_network_for_bearing_fault_diagnosis_under.pdf,hardlink
118,paper-1617,paper-1617_from_raw_to_ready_industrial_fault_data_enhancement_via_preprocessing_and_balancing.pdf,extraction_papers/paper-1617_from_raw_to_ready_industrial_fault_data_enhancement_via_preprocessing_and_balancing.pdf,extraction_papers/ontocast_runs/run_500_more_20260721_105503/input/paper-1617_from_raw_to_ready_industrial_fault_data_enhancement_via_preprocessing_and_balancing.pdf,hardlink
119,paper-1618,paper-1618_research_on_vibration_and_noise_of_oil_immersed_transformer_considering_influence_of_transfo.pdf,extraction_papers/paper-1618_research_on_vibration_and_noise_of_oil_immersed_transformer_considering_influence_of_transfo.pdf,extraction_papers/ontocast_runs/run_500_more_20260721_105503/input/paper-1618_research_on_vibration_and_noise_of_oil_immersed_transformer_considering_influence_of_transfo.pdf,hardlink
120,paper-1619,paper-1619_dynamic_warping_as_a_sensor_reconstruction_method_for_remaining_useful_life_estimation.pdf,extraction_papers/paper-1619_dynamic_warping_as_a_sensor_reconstruction_method_for_remaining_useful_life_estimation.pdf,extraction_papers/ontocast_runs/run_500_more_20260721_105503/input/paper-1619_dynamic_warping_as_a_sensor_reconstruction_method_for_remaining_useful_life_estimation.pdf,hardlink
121,paper-1621,paper-1621_design_and_implementation_of_a_localized_monitoring_for_gel_type_battery_with_fault_detectio.pdf,extraction_papers/paper-1621_design_and_implementation_of_a_localized_monitoring_for_gel_type_battery_with_fault_detectio.pdf,extraction_papers/ontocast_runs/run_500_more_20260721_105503/input/paper-1621_design_and_implementation_of_a_localized_monitoring_for_gel_type_battery_with_fault_detectio.pdf,hardlink
122,paper-1623,paper-1623_investigation_on_coaxial_pseudo_fault_characteristics_induced_by_the_outer_ring_defect_in_th.pdf,extraction_papers/paper-1623_investigation_on_coaxial_pseudo_fault_characteristics_induced_by_the_outer_ring_defect_in_th.pdf,extraction_papers/ontocast_runs/run_500_more_20260721_105503/input/paper-1623_investigation_on_coaxial_pseudo_fault_characteristics_induced_by_the_outer_ring_defect_in_th.pdf,hardlink
123,paper-1624,paper-1624_low_cost_iot_based_predictive_maintenance_using_vibration.pdf,extraction_papers/paper-1624_low_cost_iot_based_predictive_maintenance_using_vibration.pdf,extraction_papers/ontocast_runs/run_500_more_20260721_105503/input/paper-1624_low_cost_iot_based_predictive_maintenance_using_vibration.pdf,hardlink
124,paper-1625,paper-1625_fault_diagnosis_of_planetary_gear_carrier_cracks_based_on_vibration_signal_model_and_modulat.pdf,extraction_papers/paper-1625_fault_diagnosis_of_planetary_gear_carrier_cracks_based_on_vibration_signal_model_and_modulat.pdf,extraction_papers/ontocast_runs/run_500_more_20260721_105503/input/paper-1625_fault_diagnosis_of_planetary_gear_carrier_cracks_based_on_vibration_signal_model_and_modulat.pdf,hardlink
125,paper-1627,paper-1627_mira_a_transformer_based_framework_for_idler_roller_anomaly_detection_and_localization.pdf,extraction_papers/paper-1627_mira_a_transformer_based_framework_for_idler_roller_anomaly_detection_and_localization.pdf,extraction_papers/ontocast_runs/run_500_more_20260721_105503/input/paper-1627_mira_a_transformer_based_framework_for_idler_roller_anomaly_detection_and_localization.pdf,hardlink
126,paper-1630,paper-1630_a_bayesian_change_point_detection_based_method_for_rolling_bearing_remaining_useful_life_pre.pdf,extraction_papers/paper-1630_a_bayesian_change_point_detection_based_method_for_rolling_bearing_remaining_useful_life_pre.pdf,extraction_papers/ontocast_runs/run_500_more_20260721_105503/input/paper-1630_a_bayesian_change_point_detection_based_method_for_rolling_bearing_remaining_useful_life_pre.pdf,hardlink
127,paper-1631,paper-1631_tool_life_estimation_model_in_milling_processes_using_multi_head_cross_covariance_attention.pdf,extraction_papers/paper-1631_tool_life_estimation_model_in_milling_processes_using_multi_head_cross_covariance_attention.pdf,extraction_papers/ontocast_runs/run_500_more_20260721_105503/input/paper-1631_tool_life_estimation_model_in_milling_processes_using_multi_head_cross_covariance_attention.pdf,hardlink
128,paper-1632,paper-1632_leveraging_historical_breakdown_data_for_enhanced_predictive_and_prescriptive_maintenance_in.pdf,extraction_papers/paper-1632_leveraging_historical_breakdown_data_for_enhanced_predictive_and_prescriptive_maintenance_in.pdf,extraction_papers/ontocast_runs/run_500_more_20260721_105503/input/paper-1632_leveraging_historical_breakdown_data_for_enhanced_predictive_and_prescriptive_maintenance_in.pdf,hardlink
129,paper-1637,paper-1637_realization_and_research_of_self_healing_technology_of_power_communication_equipment_based_o.pdf,extraction_papers/paper-1637_realization_and_research_of_self_healing_technology_of_power_communication_equipment_based_o.pdf,extraction_papers/ontocast_runs/run_500_more_20260721_105503/input/paper-1637_realization_and_research_of_self_healing_technology_of_power_communication_equipment_based_o.pdf,hardlink
130,paper-1639,paper-1639_broken_rotor_bar_fault_detection_for_inverter_fed_induction_motor_with_negative_sequence_cur.pdf,extraction_papers/paper-1639_broken_rotor_bar_fault_detection_for_inverter_fed_induction_motor_with_negative_sequence_cur.pdf,extraction_papers/ontocast_runs/run_500_more_20260721_105503/input/paper-1639_broken_rotor_bar_fault_detection_for_inverter_fed_induction_motor_with_negative_sequence_cur.pdf,hardlink
131,paper-1640,paper-1640_evaluation_the_low_cost_of_vibration_and_acoustics_techniques_based_on_novel_cavitation_dete.pdf,extraction_papers/paper-1640_evaluation_the_low_cost_of_vibration_and_acoustics_techniques_based_on_novel_cavitation_dete.pdf,extraction_papers/ontocast_runs/run_500_more_20260721_105503/input/paper-1640_evaluation_the_low_cost_of_vibration_and_acoustics_techniques_based_on_novel_cavitation_dete.pdf,hardlink
132,paper-1641,paper-1641_stability_and_repeatability_analysis_of_a_phase_modulated_optical_fibre_sensor_for_transform.pdf,extraction_papers/paper-1641_stability_and_repeatability_analysis_of_a_phase_modulated_optical_fibre_sensor_for_transform.pdf,extraction_papers/ontocast_runs/run_500_more_20260721_105503/input/paper-1641_stability_and_repeatability_analysis_of_a_phase_modulated_optical_fibre_sensor_for_transform.pdf,hardlink
133,paper-1642,paper-1642_xgboost_method_based_gearbox_fault_diagnosis_using_time_domain_signal_under_road_vehicle_cha.pdf,extraction_papers/paper-1642_xgboost_method_based_gearbox_fault_diagnosis_using_time_domain_signal_under_road_vehicle_cha.pdf,extraction_papers/ontocast_runs/run_500_more_20260721_105503/input/paper-1642_xgboost_method_based_gearbox_fault_diagnosis_using_time_domain_signal_under_road_vehicle_cha.pdf,hardlink
134,paper-1644,paper-1644_thermo_mechanical_coupled_characteristics_for_the_non_axisymmetric_outer_ring_of_the_high_sp.pdf,extraction_papers/paper-1644_thermo_mechanical_coupled_characteristics_for_the_non_axisymmetric_outer_ring_of_the_high_sp.pdf,extraction_papers/ontocast_runs/run_500_more_20260721_105503/input/paper-1644_thermo_mechanical_coupled_characteristics_for_the_non_axisymmetric_outer_ring_of_the_high_sp.pdf,hardlink
135,paper-1650,paper-1650_standardisation_of_vibration_based_parameters_for_rotor_and_bearing_for_machine_faults_detec.pdf,extraction_papers/paper-1650_standardisation_of_vibration_based_parameters_for_rotor_and_bearing_for_machine_faults_detec.pdf,extraction_papers/ontocast_runs/run_500_more_20260721_105503/input/paper-1650_standardisation_of_vibration_based_parameters_for_rotor_and_bearing_for_machine_faults_detec.pdf,hardlink
136,paper-1651,paper-1651_alternative_diagnostic_approaches_for_various_single_fault_conditions_in_direct_drive_low_sp.pdf,extraction_papers/paper-1651_alternative_diagnostic_approaches_for_various_single_fault_conditions_in_direct_drive_low_sp.pdf,extraction_papers/ontocast_runs/run_500_more_20260721_105503/input/paper-1651_alternative_diagnostic_approaches_for_various_single_fault_conditions_in_direct_drive_low_sp.pdf,hardlink
137,paper-1652,paper-1652_scalable_scada_driven_failure_prediction_for_offshore_wind_turbines_using_autoencoder_based.pdf,extraction_papers/paper-1652_scalable_scada_driven_failure_prediction_for_offshore_wind_turbines_using_autoencoder_based.pdf,extraction_papers/ontocast_runs/run_500_more_20260721_105503/input/paper-1652_scalable_scada_driven_failure_prediction_for_offshore_wind_turbines_using_autoencoder_based.pdf,hardlink
138,paper-1655,paper-1655_quantifying_operational_uncertainty_in_landing_gear_fatigue_a_hybrid_physics_data_framework.pdf,extraction_papers/paper-1655_quantifying_operational_uncertainty_in_landing_gear_fatigue_a_hybrid_physics_data_framework.pdf,extraction_papers/ontocast_runs/run_500_more_20260721_105503/input/paper-1655_quantifying_operational_uncertainty_in_landing_gear_fatigue_a_hybrid_physics_data_framework.pdf,hardlink
139,paper-1656,paper-1656_a_cluster_based_filtering_approach_to_scada_data_preprocessing_for_wind_turbine_condition_mo.pdf,extraction_papers/paper-1656_a_cluster_based_filtering_approach_to_scada_data_preprocessing_for_wind_turbine_condition_mo.pdf,extraction_papers/ontocast_runs/run_500_more_20260721_105503/input/paper-1656_a_cluster_based_filtering_approach_to_scada_data_preprocessing_for_wind_turbine_condition_mo.pdf,hardlink
140,paper-1659,paper-1659_cable_outer_sheath_defect_identification_using_multi_scale_leakage_current_features_and_grap.pdf,extraction_papers/paper-1659_cable_outer_sheath_defect_identification_using_multi_scale_leakage_current_features_and_grap.pdf,extraction_papers/ontocast_runs/run_500_more_20260721_105503/input/paper-1659_cable_outer_sheath_defect_identification_using_multi_scale_leakage_current_features_and_grap.pdf,hardlink
141,paper-1663,paper-1663_td_clnet_a_time_distributed_cnn_lstm_network_for_fault_detection_in_belt_conveyor_idlers.pdf,extraction_papers/paper-1663_td_clnet_a_time_distributed_cnn_lstm_network_for_fault_detection_in_belt_conveyor_idlers.pdf,extraction_papers/ontocast_runs/run_500_more_20260721_105503/input/paper-1663_td_clnet_a_time_distributed_cnn_lstm_network_for_fault_detection_in_belt_conveyor_idlers.pdf,hardlink
142,paper-1664,paper-1664_sustainability_aware_maintenance_for_machine_tools_a_quantitative_framework_linking_degradat.pdf,extraction_papers/paper-1664_sustainability_aware_maintenance_for_machine_tools_a_quantitative_framework_linking_degradat.pdf,extraction_papers/ontocast_runs/run_500_more_20260721_105503/input/paper-1664_sustainability_aware_maintenance_for_machine_tools_a_quantitative_framework_linking_degradat.pdf,hardlink
143,paper-1668,paper-1668_intelligent_information_systems_for_power_grid_fault_analysis_by_computer_communication_tech.pdf,extraction_papers/paper-1668_intelligent_information_systems_for_power_grid_fault_analysis_by_computer_communication_tech.pdf,extraction_papers/ontocast_runs/run_500_more_20260721_105503/input/paper-1668_intelligent_information_systems_for_power_grid_fault_analysis_by_computer_communication_tech.pdf,hardlink
144,paper-1669,paper-1669_hybridonet_adapt_a_domain_adapted_framework_for_accurate_lithium_ion_battery_rul_prediction.pdf,extraction_papers/paper-1669_hybridonet_adapt_a_domain_adapted_framework_for_accurate_lithium_ion_battery_rul_prediction.pdf,extraction_papers/ontocast_runs/run_500_more_20260721_105503/input/paper-1669_hybridonet_adapt_a_domain_adapted_framework_for_accurate_lithium_ion_battery_rul_prediction.pdf,hardlink
145,paper-1670,paper-1670_predictive_maintenance_in_underground_mining_equipment_using_artificial_intelligence.pdf,extraction_papers/paper-1670_predictive_maintenance_in_underground_mining_equipment_using_artificial_intelligence.pdf,extraction_papers/ontocast_runs/run_500_more_20260721_105503/input/paper-1670_predictive_maintenance_in_underground_mining_equipment_using_artificial_intelligence.pdf,hardlink
146,paper-1675,paper-1675_a_dissolved_gas_prediction_method_for_transformer_on_load_tap_changer_oil_integrating_anomal.pdf,extraction_papers/paper-1675_a_dissolved_gas_prediction_method_for_transformer_on_load_tap_changer_oil_integrating_anomal.pdf,extraction_papers/ontocast_runs/run_500_more_20260721_105503/input/paper-1675_a_dissolved_gas_prediction_method_for_transformer_on_load_tap_changer_oil_integrating_anomal.pdf,hardlink
147,paper-1677,paper-1677_research_on_a_degradation_identification_method_for_gis_uhf_partial_discharge_sensors_based.pdf,extraction_papers/paper-1677_research_on_a_degradation_identification_method_for_gis_uhf_partial_discharge_sensors_based.pdf,extraction_papers/ontocast_runs/run_500_more_20260721_105503/input/paper-1677_research_on_a_degradation_identification_method_for_gis_uhf_partial_discharge_sensors_based.pdf,hardlink
148,paper-1679,paper-1679_maintenance_aware_risk_curves_correcting_degradation_models_with_intervention_effectiveness.pdf,extraction_papers/paper-1679_maintenance_aware_risk_curves_correcting_degradation_models_with_intervention_effectiveness.pdf,extraction_papers/ontocast_runs/run_500_more_20260721_105503/input/paper-1679_maintenance_aware_risk_curves_correcting_degradation_models_with_intervention_effectiveness.pdf,hardlink
149,paper-1684,paper-1684_selection_of_vibration_signal_features_in_the_frequency_domain_to_determine_the_level_of_fai.pdf,extraction_papers/paper-1684_selection_of_vibration_signal_features_in_the_frequency_domain_to_determine_the_level_of_fai.pdf,extraction_papers/ontocast_runs/run_500_more_20260721_105503/input/paper-1684_selection_of_vibration_signal_features_in_the_frequency_domain_to_determine_the_level_of_fai.pdf,hardlink
150,paper-1685,paper-1685_pumpspectra_an_mcsa_based_platform_for_fault_detection_in_centrifugal_pump_systems.pdf,extraction_papers/paper-1685_pumpspectra_an_mcsa_based_platform_for_fault_detection_in_centrifugal_pump_systems.pdf,extraction_papers/ontocast_runs/run_500_more_20260721_105503/input/paper-1685_pumpspectra_an_mcsa_based_platform_for_fault_detection_in_centrifugal_pump_systems.pdf,hardlink
151,paper-1686,paper-1686_reconstructing_acoustic_emission_of_mechanical_seals_using_pilfn_with_soft_measurement_strat.pdf,extraction_papers/paper-1686_reconstructing_acoustic_emission_of_mechanical_seals_using_pilfn_with_soft_measurement_strat.pdf,extraction_papers/ontocast_runs/run_500_more_20260721_105503/input/paper-1686_reconstructing_acoustic_emission_of_mechanical_seals_using_pilfn_with_soft_measurement_strat.pdf,hardlink
152,paper-1687,paper-1687_on_the_use_of_machine_learning_methods_for_ev_battery_pack_data_forecast_applied_to_reconstr.pdf,extraction_papers/paper-1687_on_the_use_of_machine_learning_methods_for_ev_battery_pack_data_forecast_applied_to_reconstr.pdf,extraction_papers/ontocast_runs/run_500_more_20260721_105503/input/paper-1687_on_the_use_of_machine_learning_methods_for_ev_battery_pack_data_forecast_applied_to_reconstr.pdf,hardlink
153,paper-1690,paper-1690_an_effective_approach_to_rotatory_fault_diagnosis_combining_ceemdan_and_feature_level_integr.pdf,extraction_papers/paper-1690_an_effective_approach_to_rotatory_fault_diagnosis_combining_ceemdan_and_feature_level_integr.pdf,extraction_papers/ontocast_runs/run_500_more_20260721_105503/input/paper-1690_an_effective_approach_to_rotatory_fault_diagnosis_combining_ceemdan_and_feature_level_integr.pdf,hardlink
154,paper-1691,paper-1691_robust_bearing_fault_detection_and_classification_using_deep_neural_networks_a_comprehensive.pdf,extraction_papers/paper-1691_robust_bearing_fault_detection_and_classification_using_deep_neural_networks_a_comprehensive.pdf,extraction_papers/ontocast_runs/run_500_more_20260721_105503/input/paper-1691_robust_bearing_fault_detection_and_classification_using_deep_neural_networks_a_comprehensive.pdf,hardlink
155,paper-1693,paper-1693_trend_prediction_of_valve_internal_leakage_in_thermal_power_plants_based_on_improved_arima_g.pdf,extraction_papers/paper-1693_trend_prediction_of_valve_internal_leakage_in_thermal_power_plants_based_on_improved_arima_g.pdf,extraction_papers/ontocast_runs/run_500_more_20260721_105503/input/paper-1693_trend_prediction_of_valve_internal_leakage_in_thermal_power_plants_based_on_improved_arima_g.pdf,hardlink
156,paper-1694,paper-1694_comparative_analysis_of_ml_and_dl_models_for_data_driven_soh_estimation_of_libs_under_divers.pdf,extraction_papers/paper-1694_comparative_analysis_of_ml_and_dl_models_for_data_driven_soh_estimation_of_libs_under_divers.pdf,extraction_papers/ontocast_runs/run_500_more_20260721_105503/input/paper-1694_comparative_analysis_of_ml_and_dl_models_for_data_driven_soh_estimation_of_libs_under_divers.pdf,hardlink
157,paper-1697,paper-1697_probabilistic_prognostics_and_health_management_of_power_transformers_using_dissolved_gas_an.pdf,extraction_papers/paper-1697_probabilistic_prognostics_and_health_management_of_power_transformers_using_dissolved_gas_an.pdf,extraction_papers/ontocast_runs/run_500_more_20260721_105503/input/paper-1697_probabilistic_prognostics_and_health_management_of_power_transformers_using_dissolved_gas_an.pdf,hardlink
158,paper-1698,paper-1698_a_physics_enhanced_cnn_lstm_predictive_condition_monitoring_method_for_underground_power_cab.pdf,extraction_papers/paper-1698_a_physics_enhanced_cnn_lstm_predictive_condition_monitoring_method_for_underground_power_cab.pdf,extraction_papers/ontocast_runs/run_500_more_20260721_105503/input/paper-1698_a_physics_enhanced_cnn_lstm_predictive_condition_monitoring_method_for_underground_power_cab.pdf,hardlink
159,paper-1699,paper-1699_cbate_net_an_accurate_battery_capacity_and_state_of_health_soh_estimation_tool_for_energy_st.pdf,extraction_papers/paper-1699_cbate_net_an_accurate_battery_capacity_and_state_of_health_soh_estimation_tool_for_energy_st.pdf,extraction_papers/ontocast_runs/run_500_more_20260721_105503/input/paper-1699_cbate_net_an_accurate_battery_capacity_and_state_of_health_soh_estimation_tool_for_energy_st.pdf,hardlink
160,paper-1701,paper-1701_a_comparison_of_different_transformer_models_for_time_series_prediction.pdf,extraction_papers/paper-1701_a_comparison_of_different_transformer_models_for_time_series_prediction.pdf,extraction_papers/ontocast_runs/run_500_more_20260721_105503/input/paper-1701_a_comparison_of_different_transformer_models_for_time_series_prediction.pdf,hardlink
161,paper-1702,paper-1702_speed_independent_health_indicator_for_outer_raceway_bearing_fault_using_mcsa.pdf,extraction_papers/paper-1702_speed_independent_health_indicator_for_outer_raceway_bearing_fault_using_mcsa.pdf,extraction_papers/ontocast_runs/run_500_more_20260721_105503/input/paper-1702_speed_independent_health_indicator_for_outer_raceway_bearing_fault_using_mcsa.pdf,hardlink
162,paper-1703,paper-1703_hybrid_data_driven_modeling_and_prediction_of_photovoltaic_soiling_losses_balancing_accuracy.pdf,extraction_papers/paper-1703_hybrid_data_driven_modeling_and_prediction_of_photovoltaic_soiling_losses_balancing_accuracy.pdf,extraction_papers/ontocast_runs/run_500_more_20260721_105503/input/paper-1703_hybrid_data_driven_modeling_and_prediction_of_photovoltaic_soiling_losses_balancing_accuracy.pdf,hardlink
163,paper-1704,paper-1704_interpretable_diagnostics_with_shap_rule_fuzzy_linguistic_explanations_from_shap_values.pdf,extraction_papers/paper-1704_interpretable_diagnostics_with_shap_rule_fuzzy_linguistic_explanations_from_shap_values.pdf,extraction_papers/ontocast_runs/run_500_more_20260721_105503/input/paper-1704_interpretable_diagnostics_with_shap_rule_fuzzy_linguistic_explanations_from_shap_values.pdf,hardlink
164,paper-1707,paper-1707_classification_prediction_of_natural_gas_pipeline_leakage_faults_based_on_deep_learning_empl.pdf,extraction_papers/paper-1707_classification_prediction_of_natural_gas_pipeline_leakage_faults_based_on_deep_learning_empl.pdf,extraction_papers/ontocast_runs/run_500_more_20260721_105503/input/paper-1707_classification_prediction_of_natural_gas_pipeline_leakage_faults_based_on_deep_learning_empl.pdf,hardlink
165,paper-1708,paper-1708_the_application_of_time_series_predictive_maintenance_model_on_rolling_stock_critical_system.pdf,extraction_papers/paper-1708_the_application_of_time_series_predictive_maintenance_model_on_rolling_stock_critical_system.pdf,extraction_papers/ontocast_runs/run_500_more_20260721_105503/input/paper-1708_the_application_of_time_series_predictive_maintenance_model_on_rolling_stock_critical_system.pdf,hardlink
166,paper-1709,paper-1709_ga_lstm_based_degradation_prediction_for_igbts_in_power_electronic_systems.pdf,extraction_papers/paper-1709_ga_lstm_based_degradation_prediction_for_igbts_in_power_electronic_systems.pdf,extraction_papers/ontocast_runs/run_500_more_20260721_105503/input/paper-1709_ga_lstm_based_degradation_prediction_for_igbts_in_power_electronic_systems.pdf,hardlink
167,paper-1710,paper-1710_performance_degradation_assessment_method_for_linear_motor_feed_systems_driven_by_digital_tw.pdf,extraction_papers/paper-1710_performance_degradation_assessment_method_for_linear_motor_feed_systems_driven_by_digital_tw.pdf,extraction_papers/ontocast_runs/run_500_more_20260721_105503/input/paper-1710_performance_degradation_assessment_method_for_linear_motor_feed_systems_driven_by_digital_tw.pdf,hardlink
168,paper-1711,paper-1711_adaptive_remaining_useful_life_estimation_of_rolling_bearings_using_an_incremental_unscented.pdf,extraction_papers/paper-1711_adaptive_remaining_useful_life_estimation_of_rolling_bearings_using_an_incremental_unscented.pdf,extraction_papers/ontocast_runs/run_500_more_20260721_105503/input/paper-1711_adaptive_remaining_useful_life_estimation_of_rolling_bearings_using_an_incremental_unscented.pdf,hardlink
169,paper-1712,paper-1712_intelligent_planetary_gear_fault_diagnosis_system_based_on_mems_acoustic_emission_sensor.pdf,extraction_papers/paper-1712_intelligent_planetary_gear_fault_diagnosis_system_based_on_mems_acoustic_emission_sensor.pdf,extraction_papers/ontocast_runs/run_500_more_20260721_105503/input/paper-1712_intelligent_planetary_gear_fault_diagnosis_system_based_on_mems_acoustic_emission_sensor.pdf,hardlink
170,paper-1713,paper-1713_geniiot_generative_models_aided_proactive_fault_management_in_industrial_internet_of_things.pdf,extraction_papers/paper-1713_geniiot_generative_models_aided_proactive_fault_management_in_industrial_internet_of_things.pdf,extraction_papers/ontocast_runs/run_500_more_20260721_105503/input/paper-1713_geniiot_generative_models_aided_proactive_fault_management_in_industrial_internet_of_things.pdf,hardlink
171,paper-1714,paper-1714_theoretical_and_experimental_study_on_the_thermomechanical_characteristics_of_double_row_ang.pdf,extraction_papers/paper-1714_theoretical_and_experimental_study_on_the_thermomechanical_characteristics_of_double_row_ang.pdf,extraction_papers/ontocast_runs/run_500_more_20260721_105503/input/paper-1714_theoretical_and_experimental_study_on_the_thermomechanical_characteristics_of_double_row_ang.pdf,hardlink
172,paper-1716,paper-1716_quantitative_evaluation_of_paper_chromatography_spots_in_correlation_with_physicochemical_pr.pdf,extraction_papers/paper-1716_quantitative_evaluation_of_paper_chromatography_spots_in_correlation_with_physicochemical_pr.pdf,extraction_papers/ontocast_runs/run_500_more_20260721_105503/input/paper-1716_quantitative_evaluation_of_paper_chromatography_spots_in_correlation_with_physicochemical_pr.pdf,hardlink
173,paper-1718,paper-1718_condition_based_maintenance_plus_cbm_for_single_board_computers_accelerated_testing_and_prec.pdf,extraction_papers/paper-1718_condition_based_maintenance_plus_cbm_for_single_board_computers_accelerated_testing_and_prec.pdf,extraction_papers/ontocast_runs/run_500_more_20260721_105503/input/paper-1718_condition_based_maintenance_plus_cbm_for_single_board_computers_accelerated_testing_and_prec.pdf,hardlink
174,paper-1721,paper-1721_dental_unit_management_system_with_a_web_application.pdf,extraction_papers/paper-1721_dental_unit_management_system_with_a_web_application.pdf,extraction_papers/ontocast_runs/run_500_more_20260721_105503/input/paper-1721_dental_unit_management_system_with_a_web_application.pdf,hardlink
175,paper-1722,paper-1722_enhancing_failure_prediction_in_nuclear_industry_hybridization_of_knowledge_and_data_driven.pdf,extraction_papers/paper-1722_enhancing_failure_prediction_in_nuclear_industry_hybridization_of_knowledge_and_data_driven.pdf,extraction_papers/ontocast_runs/run_500_more_20260721_105503/input/paper-1722_enhancing_failure_prediction_in_nuclear_industry_hybridization_of_knowledge_and_data_driven.pdf,hardlink
176,paper-1723,paper-1723_unsupervised_convolutional_transformer_autoencoder_for_robust_health_indicator_construction.pdf,extraction_papers/paper-1723_unsupervised_convolutional_transformer_autoencoder_for_robust_health_indicator_construction.pdf,extraction_papers/ontocast_runs/run_500_more_20260721_105503/input/paper-1723_unsupervised_convolutional_transformer_autoencoder_for_robust_health_indicator_construction.pdf,hardlink
177,paper-1725,paper-1725_applicability_of_online_oil_condition_monitoring_system_to_biodegradable_hydraulic_oil_in_co.pdf,extraction_papers/paper-1725_applicability_of_online_oil_condition_monitoring_system_to_biodegradable_hydraulic_oil_in_co.pdf,extraction_papers/ontocast_runs/run_500_more_20260721_105503/input/paper-1725_applicability_of_online_oil_condition_monitoring_system_to_biodegradable_hydraulic_oil_in_co.pdf,hardlink
178,paper-1731,paper-1731_fault_diagnosis_in_internal_combustion_engines_using_artificial_intelligence_predictive_mode.pdf,extraction_papers/paper-1731_fault_diagnosis_in_internal_combustion_engines_using_artificial_intelligence_predictive_mode.pdf,extraction_papers/ontocast_runs/run_500_more_20260721_105503/input/paper-1731_fault_diagnosis_in_internal_combustion_engines_using_artificial_intelligence_predictive_mode.pdf,hardlink
179,paper-1733,paper-1733_research_on_the_remaining_useful_life_prediction_algorithm_for_aero_engines_based_on_transfo.pdf,extraction_papers/paper-1733_research_on_the_remaining_useful_life_prediction_algorithm_for_aero_engines_based_on_transfo.pdf,extraction_papers/ontocast_runs/run_500_more_20260721_105503/input/paper-1733_research_on_the_remaining_useful_life_prediction_algorithm_for_aero_engines_based_on_transfo.pdf,hardlink
180,paper-1735,paper-1735_statistical_batch_based_bearing_fault_detection.pdf,extraction_papers/paper-1735_statistical_batch_based_bearing_fault_detection.pdf,extraction_papers/ontocast_runs/run_500_more_20260721_105503/input/paper-1735_statistical_batch_based_bearing_fault_detection.pdf,hardlink
181,paper-1737,paper-1737_vsm_unet_a_visual_state_space_reconstruction_network_for_anomaly_detection_of_catenary_suppo.pdf,extraction_papers/paper-1737_vsm_unet_a_visual_state_space_reconstruction_network_for_anomaly_detection_of_catenary_suppo.pdf,extraction_papers/ontocast_runs/run_500_more_20260721_105503/input/paper-1737_vsm_unet_a_visual_state_space_reconstruction_network_for_anomaly_detection_of_catenary_suppo.pdf,hardlink
182,paper-1738,paper-1738_an_iiot_approach_for_prediction_of_gas_leakage_in_pipeline_using_edge_software_via_k_means.pdf,extraction_papers/paper-1738_an_iiot_approach_for_prediction_of_gas_leakage_in_pipeline_using_edge_software_via_k_means.pdf,extraction_papers/ontocast_runs/run_500_more_20260721_105503/input/paper-1738_an_iiot_approach_for_prediction_of_gas_leakage_in_pipeline_using_edge_software_via_k_means.pdf,hardlink
183,paper-1740,paper-1740_a_machine_learning_approach_to_valve_plate_failure_prediction_in_piston_pumps_under_imbalanc.pdf,extraction_papers/paper-1740_a_machine_learning_approach_to_valve_plate_failure_prediction_in_piston_pumps_under_imbalanc.pdf,extraction_papers/ontocast_runs/run_500_more_20260721_105503/input/paper-1740_a_machine_learning_approach_to_valve_plate_failure_prediction_in_piston_pumps_under_imbalanc.pdf,hardlink
184,paper-1743,paper-1743_a_time_frequency_domain_diagnosis_network_for_ice_fault_detection.pdf,extraction_papers/paper-1743_a_time_frequency_domain_diagnosis_network_for_ice_fault_detection.pdf,extraction_papers/ontocast_runs/run_500_more_20260721_105503/input/paper-1743_a_time_frequency_domain_diagnosis_network_for_ice_fault_detection.pdf,hardlink
185,paper-1745,paper-1745_fusion_of_electrical_and_optical_methods_in_the_detection_of_partial_discharges_in_dielectri.pdf,extraction_papers/paper-1745_fusion_of_electrical_and_optical_methods_in_the_detection_of_partial_discharges_in_dielectri.pdf,extraction_papers/ontocast_runs/run_500_more_20260721_105503/input/paper-1745_fusion_of_electrical_and_optical_methods_in_the_detection_of_partial_discharges_in_dielectri.pdf,hardlink
186,paper-1748,paper-1748_tool_wear_prediction_using_machine_learning_models_for_bone_drilling_in_robotic_surgery.pdf,extraction_papers/paper-1748_tool_wear_prediction_using_machine_learning_models_for_bone_drilling_in_robotic_surgery.pdf,extraction_papers/ontocast_runs/run_500_more_20260721_105503/input/paper-1748_tool_wear_prediction_using_machine_learning_models_for_bone_drilling_in_robotic_surgery.pdf,hardlink
187,paper-1749,paper-1749_use_of_a_tailor_made_fiber_bragg_grating_patch_for_separation_of_superimposing_load_cases_in.pdf,extraction_papers/paper-1749_use_of_a_tailor_made_fiber_bragg_grating_patch_for_separation_of_superimposing_load_cases_in.pdf,extraction_papers/ontocast_runs/run_500_more_20260721_105503/input/paper-1749_use_of_a_tailor_made_fiber_bragg_grating_patch_for_separation_of_superimposing_load_cases_in.pdf,hardlink
188,paper-1752,paper-1752_retrospective_analysis_of_dental_chair_failures_and_usage_patterns_in_academic_dental_clinic.pdf,extraction_papers/paper-1752_retrospective_analysis_of_dental_chair_failures_and_usage_patterns_in_academic_dental_clinic.pdf,extraction_papers/ontocast_runs/run_500_more_20260721_105503/input/paper-1752_retrospective_analysis_of_dental_chair_failures_and_usage_patterns_in_academic_dental_clinic.pdf,hardlink
189,paper-1753,paper-1753_a_hybrid_rul_prediction_framework_for_lithium_ion_batteries_based_on_eemd_and_kan_lstm.pdf,extraction_papers/paper-1753_a_hybrid_rul_prediction_framework_for_lithium_ion_batteries_based_on_eemd_and_kan_lstm.pdf,extraction_papers/ontocast_runs/run_500_more_20260721_105503/input/paper-1753_a_hybrid_rul_prediction_framework_for_lithium_ion_batteries_based_on_eemd_and_kan_lstm.pdf,hardlink
190,paper-1757,paper-1757_remaining_useful_life_prediction_of_sic_mosfets_based_on_svmd_ssa_transformer_model.pdf,extraction_papers/paper-1757_remaining_useful_life_prediction_of_sic_mosfets_based_on_svmd_ssa_transformer_model.pdf,extraction_papers/ontocast_runs/run_500_more_20260721_105503/input/paper-1757_remaining_useful_life_prediction_of_sic_mosfets_based_on_svmd_ssa_transformer_model.pdf,hardlink
191,paper-1761,paper-1761_a_novel_measurement_based_computational_method_for_real_time_distribution_of_lateral_wheel_r.pdf,extraction_papers/paper-1761_a_novel_measurement_based_computational_method_for_real_time_distribution_of_lateral_wheel_r.pdf,extraction_papers/ontocast_runs/run_500_more_20260721_105503/input/paper-1761_a_novel_measurement_based_computational_method_for_real_time_distribution_of_lateral_wheel_r.pdf,hardlink
192,paper-1762,paper-1762_winding_fault_detection_based_on_current_information_of_induction_motors.pdf,extraction_papers/paper-1762_winding_fault_detection_based_on_current_information_of_induction_motors.pdf,extraction_papers/ontocast_runs/run_500_more_20260721_105503/input/paper-1762_winding_fault_detection_based_on_current_information_of_induction_motors.pdf,hardlink
193,paper-1764,paper-1764_investigating_data_science_approaches_for_predictive_maintenance_in_maritime_fleet_operation.pdf,extraction_papers/paper-1764_investigating_data_science_approaches_for_predictive_maintenance_in_maritime_fleet_operation.pdf,extraction_papers/ontocast_runs/run_500_more_20260721_105503/input/paper-1764_investigating_data_science_approaches_for_predictive_maintenance_in_maritime_fleet_operation.pdf,hardlink
194,paper-1765,paper-1765_study_on_precision_reliability_evaluation_method_of_harmonic_drive_based_on_nipce_considerin.pdf,extraction_papers/paper-1765_study_on_precision_reliability_evaluation_method_of_harmonic_drive_based_on_nipce_considerin.pdf,extraction_papers/ontocast_runs/run_500_more_20260721_105503/input/paper-1765_study_on_precision_reliability_evaluation_method_of_harmonic_drive_based_on_nipce_considerin.pdf,hardlink
195,paper-1766,paper-1766_experimental_characterization_of_toolholder_main_spindle_contact.pdf,extraction_papers/paper-1766_experimental_characterization_of_toolholder_main_spindle_contact.pdf,extraction_papers/ontocast_runs/run_500_more_20260721_105503/input/paper-1766_experimental_characterization_of_toolholder_main_spindle_contact.pdf,hardlink
196,paper-1768,paper-1768_gear_fault_classification_and_diagnosis_based_on_gear_transmission_errors_theoretical_and_ex.pdf,extraction_papers/paper-1768_gear_fault_classification_and_diagnosis_based_on_gear_transmission_errors_theoretical_and_ex.pdf,extraction_papers/ontocast_runs/run_500_more_20260721_105503/input/paper-1768_gear_fault_classification_and_diagnosis_based_on_gear_transmission_errors_theoretical_and_ex.pdf,hardlink
197,paper-1770,paper-1770_condition_monitoring_and_fault_diagnosis_of_power_transformer_based_on_non_invasive_measurem.pdf,extraction_papers/paper-1770_condition_monitoring_and_fault_diagnosis_of_power_transformer_based_on_non_invasive_measurem.pdf,extraction_papers/ontocast_runs/run_500_more_20260721_105503/input/paper-1770_condition_monitoring_and_fault_diagnosis_of_power_transformer_based_on_non_invasive_measurem.pdf,hardlink
198,paper-1774,paper-1774_a_novel_stagger_prediction_method_for_overhead_rigid_conductor_systems_using_force_measureme.pdf,extraction_papers/paper-1774_a_novel_stagger_prediction_method_for_overhead_rigid_conductor_systems_using_force_measureme.pdf,extraction_papers/ontocast_runs/run_500_more_20260721_105503/input/paper-1774_a_novel_stagger_prediction_method_for_overhead_rigid_conductor_systems_using_force_measureme.pdf,hardlink
199,paper-1776,paper-1776_performance_rate_analysis_in_photovoltaic_solar_plants_by_machine_learning.pdf,extraction_papers/paper-1776_performance_rate_analysis_in_photovoltaic_solar_plants_by_machine_learning.pdf,extraction_papers/ontocast_runs/run_500_more_20260721_105503/input/paper-1776_performance_rate_analysis_in_photovoltaic_solar_plants_by_machine_learning.pdf,hardlink
200,paper-1778,paper-1778_unsupervised_machine_learning_methodologies_for_identification_of_transversal_imbalanced_loa.pdf,extraction_papers/paper-1778_unsupervised_machine_learning_methodologies_for_identification_of_transversal_imbalanced_loa.pdf,extraction_papers/ontocast_runs/run_500_more_20260721_105503/input/paper-1778_unsupervised_machine_learning_methodologies_for_identification_of_transversal_imbalanced_loa.pdf,hardlink
201,paper-1780,paper-1780_a_digital_twin_based_condition_monitoring_system_to_detect_and_resolve_web_slip_at_traction.pdf,extraction_papers/paper-1780_a_digital_twin_based_condition_monitoring_system_to_detect_and_resolve_web_slip_at_traction.pdf,extraction_papers/ontocast_runs/run_500_more_20260721_105503/input/paper-1780_a_digital_twin_based_condition_monitoring_system_to_detect_and_resolve_web_slip_at_traction.pdf,hardlink
202,paper-1781,paper-1781_fault_diagnosis_using_isma_to_optimize_svm_parameters_for_aircraft_engine_damage_repair.pdf,extraction_papers/paper-1781_fault_diagnosis_using_isma_to_optimize_svm_parameters_for_aircraft_engine_damage_repair.pdf,extraction_papers/ontocast_runs/run_500_more_20260721_105503/input/paper-1781_fault_diagnosis_using_isma_to_optimize_svm_parameters_for_aircraft_engine_damage_repair.pdf,hardlink
203,paper-1784,paper-1784_a_hybrid_svm_bayesian_fuzzy_logic_framework_for_predictive_maintenance.pdf,extraction_papers/paper-1784_a_hybrid_svm_bayesian_fuzzy_logic_framework_for_predictive_maintenance.pdf,extraction_papers/ontocast_runs/run_500_more_20260721_105503/input/paper-1784_a_hybrid_svm_bayesian_fuzzy_logic_framework_for_predictive_maintenance.pdf,hardlink
204,paper-1786,paper-1786_an_adaptive_framework_for_remaining_useful_life_prediction_integrating_attention_mechanism_a.pdf,extraction_papers/paper-1786_an_adaptive_framework_for_remaining_useful_life_prediction_integrating_attention_mechanism_a.pdf,extraction_papers/ontocast_runs/run_500_more_20260721_105503/input/paper-1786_an_adaptive_framework_for_remaining_useful_life_prediction_integrating_attention_mechanism_a.pdf,hardlink
205,paper-1787,paper-1787_study_on_the_correlation_between_surface_roughness_and_tool_wear_using_automated_in_process.pdf,extraction_papers/paper-1787_study_on_the_correlation_between_surface_roughness_and_tool_wear_using_automated_in_process.pdf,extraction_papers/ontocast_runs/run_500_more_20260721_105503/input/paper-1787_study_on_the_correlation_between_surface_roughness_and_tool_wear_using_automated_in_process.pdf,hardlink
206,paper-1788,paper-1788_novel_indicators_for_monitoring_bearing_condition_using_frequency_domain_dictionary_learning.pdf,extraction_papers/paper-1788_novel_indicators_for_monitoring_bearing_condition_using_frequency_domain_dictionary_learning.pdf,extraction_papers/ontocast_runs/run_500_more_20260721_105503/input/paper-1788_novel_indicators_for_monitoring_bearing_condition_using_frequency_domain_dictionary_learning.pdf,hardlink
207,paper-1789,paper-1789_data_driven_predictive_analytics_for_dynamic_aviation_systems_optimising_fleet_maintenance_a.pdf,extraction_papers/paper-1789_data_driven_predictive_analytics_for_dynamic_aviation_systems_optimising_fleet_maintenance_a.pdf,extraction_papers/ontocast_runs/run_500_more_20260721_105503/input/paper-1789_data_driven_predictive_analytics_for_dynamic_aviation_systems_optimising_fleet_maintenance_a.pdf,hardlink
208,paper-1791,paper-1791_integrating_experimental_and_mathematical_approaches_for_ai_driven_health_monitoring_of_surf.pdf,extraction_papers/paper-1791_integrating_experimental_and_mathematical_approaches_for_ai_driven_health_monitoring_of_surf.pdf,extraction_papers/ontocast_runs/run_500_more_20260721_105503/input/paper-1791_integrating_experimental_and_mathematical_approaches_for_ai_driven_health_monitoring_of_surf.pdf,hardlink
209,paper-1792,paper-1792_research_on_thermal_failure_characteristics_and_prediction_methods_of_lithium_sulfur_batteri.pdf,extraction_papers/paper-1792_research_on_thermal_failure_characteristics_and_prediction_methods_of_lithium_sulfur_batteri.pdf,extraction_papers/ontocast_runs/run_500_more_20260721_105503/input/paper-1792_research_on_thermal_failure_characteristics_and_prediction_methods_of_lithium_sulfur_batteri.pdf,hardlink
210,paper-1793,paper-1793_adaptive_multimodal_time_frequency_feature_fusion_for_tool_wear_recognition_based_on_ssa_opt.pdf,extraction_papers/paper-1793_adaptive_multimodal_time_frequency_feature_fusion_for_tool_wear_recognition_based_on_ssa_opt.pdf,extraction_papers/ontocast_runs/run_500_more_20260721_105503/input/paper-1793_adaptive_multimodal_time_frequency_feature_fusion_for_tool_wear_recognition_based_on_ssa_opt.pdf,hardlink
211,paper-1794,paper-1794_method_for_monitoring_the_condition_of_steel_wire_ropes_based_on_the_analysis_of_changes_in.pdf,extraction_papers/paper-1794_method_for_monitoring_the_condition_of_steel_wire_ropes_based_on_the_analysis_of_changes_in.pdf,extraction_papers/ontocast_runs/run_500_more_20260721_105503/input/paper-1794_method_for_monitoring_the_condition_of_steel_wire_ropes_based_on_the_analysis_of_changes_in.pdf,hardlink
212,paper-1796,paper-1796_a_lithium_ion_battery_remaining_useful_life_prediction_method_based_on_mode_decomposition_an.pdf,extraction_papers/paper-1796_a_lithium_ion_battery_remaining_useful_life_prediction_method_based_on_mode_decomposition_an.pdf,extraction_papers/ontocast_runs/run_500_more_20260721_105503/input/paper-1796_a_lithium_ion_battery_remaining_useful_life_prediction_method_based_on_mode_decomposition_an.pdf,hardlink
213,paper-1797,paper-1797_fault_detection_in_new_wind_turbines_with_limited_data_by_generative_transfer_learning.pdf,extraction_papers/paper-1797_fault_detection_in_new_wind_turbines_with_limited_data_by_generative_transfer_learning.pdf,extraction_papers/ontocast_runs/run_500_more_20260721_105503/input/paper-1797_fault_detection_in_new_wind_turbines_with_limited_data_by_generative_transfer_learning.pdf,hardlink
214,paper-1798,paper-1798_hybrid_architecture_to_predict_the_remaining_useful_lifetime_of_an_industrial_machine_from_i.pdf,extraction_papers/paper-1798_hybrid_architecture_to_predict_the_remaining_useful_lifetime_of_an_industrial_machine_from_i.pdf,extraction_papers/ontocast_runs/run_500_more_20260721_105503/input/paper-1798_hybrid_architecture_to_predict_the_remaining_useful_lifetime_of_an_industrial_machine_from_i.pdf,hardlink
215,paper-1799,paper-1799_explainable_ai_guided_unsupervised_fault_diagnostics_for_high_voltage_circuit_breakers.pdf,extraction_papers/paper-1799_explainable_ai_guided_unsupervised_fault_diagnostics_for_high_voltage_circuit_breakers.pdf,extraction_papers/ontocast_runs/run_500_more_20260721_105503/input/paper-1799_explainable_ai_guided_unsupervised_fault_diagnostics_for_high_voltage_circuit_breakers.pdf,hardlink
216,paper-1800,paper-1800_advanced_fault_classification_in_induction_motors_for_electric_vehicles_using_a_stacking_ens.pdf,extraction_papers/paper-1800_advanced_fault_classification_in_induction_motors_for_electric_vehicles_using_a_stacking_ens.pdf,extraction_papers/ontocast_runs/run_500_more_20260721_105503/input/paper-1800_advanced_fault_classification_in_induction_motors_for_electric_vehicles_using_a_stacking_ens.pdf,hardlink
217,paper-1801,paper-1801_real_time_prediction_of_overpressure_induced_pipeline_failure_via_edge_optimized_machine_lea.pdf,extraction_papers/paper-1801_real_time_prediction_of_overpressure_induced_pipeline_failure_via_edge_optimized_machine_lea.pdf,extraction_papers/ontocast_runs/run_500_more_20260721_105503/input/paper-1801_real_time_prediction_of_overpressure_induced_pipeline_failure_via_edge_optimized_machine_lea.pdf,hardlink
218,paper-1805,paper-1805_transformer_fault_diagnosis_method_based_on_improved_particle_swarm_optimization_and_xgboost.pdf,extraction_papers/paper-1805_transformer_fault_diagnosis_method_based_on_improved_particle_swarm_optimization_and_xgboost.pdf,extraction_papers/ontocast_runs/run_500_more_20260721_105503/input/paper-1805_transformer_fault_diagnosis_method_based_on_improved_particle_swarm_optimization_and_xgboost.pdf,hardlink
219,paper-1809,paper-1809_dual_graph_attention_network_for_robust_fault_diagnosis_in_photovoltaic_inverters.pdf,extraction_papers/paper-1809_dual_graph_attention_network_for_robust_fault_diagnosis_in_photovoltaic_inverters.pdf,extraction_papers/ontocast_runs/run_500_more_20260721_105503/input/paper-1809_dual_graph_attention_network_for_robust_fault_diagnosis_in_photovoltaic_inverters.pdf,hardlink
220,paper-1810,paper-1810_innovative_anomaly_detection_in_pcb_hot_air_ovens_using_adaptive_temporal_feature_mapping.pdf,extraction_papers/paper-1810_innovative_anomaly_detection_in_pcb_hot_air_ovens_using_adaptive_temporal_feature_mapping.pdf,extraction_papers/ontocast_runs/run_500_more_20260721_105503/input/paper-1810_innovative_anomaly_detection_in_pcb_hot_air_ovens_using_adaptive_temporal_feature_mapping.pdf,hardlink
221,paper-1811,paper-1811_a_vision_based_deep_learning_framework_for_autonomous_inspection_and_damage_assessment_of_wi.pdf,extraction_papers/paper-1811_a_vision_based_deep_learning_framework_for_autonomous_inspection_and_damage_assessment_of_wi.pdf,extraction_papers/ontocast_runs/run_500_more_20260721_105503/input/paper-1811_a_vision_based_deep_learning_framework_for_autonomous_inspection_and_damage_assessment_of_wi.pdf,hardlink
222,paper-1813,paper-1813_symmetry_breaking_mechanisms_and_pressure_pulsation_characteristics_in_a_large_scale_francis.pdf,extraction_papers/paper-1813_symmetry_breaking_mechanisms_and_pressure_pulsation_characteristics_in_a_large_scale_francis.pdf,extraction_papers/ontocast_runs/run_500_more_20260721_105503/input/paper-1813_symmetry_breaking_mechanisms_and_pressure_pulsation_characteristics_in_a_large_scale_francis.pdf,hardlink
223,paper-1814,paper-1814_predictive_maintenance_of_rotating_machines_application_to_the_dhb_semolina_decorticator.pdf,extraction_papers/paper-1814_predictive_maintenance_of_rotating_machines_application_to_the_dhb_semolina_decorticator.pdf,extraction_papers/ontocast_runs/run_500_more_20260721_105503/input/paper-1814_predictive_maintenance_of_rotating_machines_application_to_the_dhb_semolina_decorticator.pdf,hardlink
224,paper-1816,paper-1816_an_attention_based_multi_feature_fusion_physics_informed_neural_network_for_state_of_health.pdf,extraction_papers/paper-1816_an_attention_based_multi_feature_fusion_physics_informed_neural_network_for_state_of_health.pdf,extraction_papers/ontocast_runs/run_500_more_20260721_105503/input/paper-1816_an_attention_based_multi_feature_fusion_physics_informed_neural_network_for_state_of_health.pdf,hardlink
225,paper-1817,paper-1817_novel_calibration_strategy_for_kalman_filter_based_measurement_fusion_operation_to_enhance_a.pdf,extraction_papers/paper-1817_novel_calibration_strategy_for_kalman_filter_based_measurement_fusion_operation_to_enhance_a.pdf,extraction_papers/ontocast_runs/run_500_more_20260721_105503/input/paper-1817_novel_calibration_strategy_for_kalman_filter_based_measurement_fusion_operation_to_enhance_a.pdf,hardlink
226,paper-1818,paper-1818_estimating_the_reliability_and_predicting_damage_to_ship_engine_fuel_systems_using_statistic.pdf,extraction_papers/paper-1818_estimating_the_reliability_and_predicting_damage_to_ship_engine_fuel_systems_using_statistic.pdf,extraction_papers/ontocast_runs/run_500_more_20260721_105503/input/paper-1818_estimating_the_reliability_and_predicting_damage_to_ship_engine_fuel_systems_using_statistic.pdf,hardlink
227,paper-1819,paper-1819_hybrid_genetic_algorithm_and_deep_reinforcement_learning_framework_for_iot_enabled_healthcar.pdf,extraction_papers/paper-1819_hybrid_genetic_algorithm_and_deep_reinforcement_learning_framework_for_iot_enabled_healthcar.pdf,extraction_papers/ontocast_runs/run_500_more_20260721_105503/input/paper-1819_hybrid_genetic_algorithm_and_deep_reinforcement_learning_framework_for_iot_enabled_healthcar.pdf,hardlink
228,paper-1820,paper-1820_ai_driven_resilient_fault_diagnosis_of_bearings_in_rotating_machinery.pdf,extraction_papers/paper-1820_ai_driven_resilient_fault_diagnosis_of_bearings_in_rotating_machinery.pdf,extraction_papers/ontocast_runs/run_500_more_20260721_105503/input/paper-1820_ai_driven_resilient_fault_diagnosis_of_bearings_in_rotating_machinery.pdf,hardlink
229,paper-1823,paper-1823_a_simplified_approach_to_failure_analysis_of_ball_bearings_combining_principal_component_ana.pdf,extraction_papers/paper-1823_a_simplified_approach_to_failure_analysis_of_ball_bearings_combining_principal_component_ana.pdf,extraction_papers/ontocast_runs/run_500_more_20260721_105503/input/paper-1823_a_simplified_approach_to_failure_analysis_of_ball_bearings_combining_principal_component_ana.pdf,hardlink
230,paper-1825,paper-1825_a_smart_evolving_fuzzy_predictor_with_customized_firefly_optimization_for_battery_rul_predic.pdf,extraction_papers/paper-1825_a_smart_evolving_fuzzy_predictor_with_customized_firefly_optimization_for_battery_rul_predic.pdf,extraction_papers/ontocast_runs/run_500_more_20260721_105503/input/paper-1825_a_smart_evolving_fuzzy_predictor_with_customized_firefly_optimization_for_battery_rul_predic.pdf,hardlink
231,paper-1826,paper-1826_multi_band_enhanced_energy_harvesting_from_dual_sources_using_a_symmetrical_gradient_metamat.pdf,extraction_papers/paper-1826_multi_band_enhanced_energy_harvesting_from_dual_sources_using_a_symmetrical_gradient_metamat.pdf,extraction_papers/ontocast_runs/run_500_more_20260721_105503/input/paper-1826_multi_band_enhanced_energy_harvesting_from_dual_sources_using_a_symmetrical_gradient_metamat.pdf,hardlink
232,paper-1827,paper-1827_a_study_on_real_time_condition_monitoring_methods_for_wind_tunnels_based_on_pod_and_bpnn.pdf,extraction_papers/paper-1827_a_study_on_real_time_condition_monitoring_methods_for_wind_tunnels_based_on_pod_and_bpnn.pdf,extraction_papers/ontocast_runs/run_500_more_20260721_105503/input/paper-1827_a_study_on_real_time_condition_monitoring_methods_for_wind_tunnels_based_on_pod_and_bpnn.pdf,hardlink
233,paper-1829,paper-1829_remaining_useful_life_estimation_of_lithium_ion_batteries_using_alpha_evolutionary_algorithm.pdf,extraction_papers/paper-1829_remaining_useful_life_estimation_of_lithium_ion_batteries_using_alpha_evolutionary_algorithm.pdf,extraction_papers/ontocast_runs/run_500_more_20260721_105503/input/paper-1829_remaining_useful_life_estimation_of_lithium_ion_batteries_using_alpha_evolutionary_algorithm.pdf,hardlink
234,paper-1830,paper-1830_real_time_motor_operating_state_recognition_via_multi_sensor_fusion_a_wavelet_neural_evidenc.pdf,extraction_papers/paper-1830_real_time_motor_operating_state_recognition_via_multi_sensor_fusion_a_wavelet_neural_evidenc.pdf,extraction_papers/ontocast_runs/run_500_more_20260721_105503/input/paper-1830_real_time_motor_operating_state_recognition_via_multi_sensor_fusion_a_wavelet_neural_evidenc.pdf,hardlink
235,paper-1833,paper-1833_joint_optimization_of_maintenance_and_spare_ordering_policy_for_a_competing_failure_system_c.pdf,extraction_papers/paper-1833_joint_optimization_of_maintenance_and_spare_ordering_policy_for_a_competing_failure_system_c.pdf,extraction_papers/ontocast_runs/run_500_more_20260721_105503/input/paper-1833_joint_optimization_of_maintenance_and_spare_ordering_policy_for_a_competing_failure_system_c.pdf,hardlink
236,paper-1834,paper-1834_polarization_and_depolarization_current_characteristics_of_cables_at_different_water_immersi.pdf,extraction_papers/paper-1834_polarization_and_depolarization_current_characteristics_of_cables_at_different_water_immersi.pdf,extraction_papers/ontocast_runs/run_500_more_20260721_105503/input/paper-1834_polarization_and_depolarization_current_characteristics_of_cables_at_different_water_immersi.pdf,hardlink
237,paper-1836,paper-1836_sensor_integrating_gas_foil_bearings_real_time_monitoring_of_temperature_lift_off_state_and.pdf,extraction_papers/paper-1836_sensor_integrating_gas_foil_bearings_real_time_monitoring_of_temperature_lift_off_state_and.pdf,extraction_papers/ontocast_runs/run_500_more_20260721_105503/input/paper-1836_sensor_integrating_gas_foil_bearings_real_time_monitoring_of_temperature_lift_off_state_and.pdf,hardlink
238,paper-1837,paper-1837_intelligent_tool_wear_prediction_using_cnn_bilstm_am_based_on_chaotic_particle_swarm_optimiz.pdf,extraction_papers/paper-1837_intelligent_tool_wear_prediction_using_cnn_bilstm_am_based_on_chaotic_particle_swarm_optimiz.pdf,extraction_papers/ontocast_runs/run_500_more_20260721_105503/input/paper-1837_intelligent_tool_wear_prediction_using_cnn_bilstm_am_based_on_chaotic_particle_swarm_optimiz.pdf,hardlink
239,paper-1838,paper-1838_predicting_the_remaining_service_life_of_power_transformers_using_machine_learning.pdf,extraction_papers/paper-1838_predicting_the_remaining_service_life_of_power_transformers_using_machine_learning.pdf,extraction_papers/ontocast_runs/run_500_more_20260721_105503/input/paper-1838_predicting_the_remaining_service_life_of_power_transformers_using_machine_learning.pdf,hardlink
240,paper-1840,paper-1840_data_driven_detection_and_prediction_of_refrigeration_equipment_failures_using_rough_sets_th.pdf,extraction_papers/paper-1840_data_driven_detection_and_prediction_of_refrigeration_equipment_failures_using_rough_sets_th.pdf,extraction_papers/ontocast_runs/run_500_more_20260721_105503/input/paper-1840_data_driven_detection_and_prediction_of_refrigeration_equipment_failures_using_rough_sets_th.pdf,hardlink
241,paper-1842,paper-1842_design_and_implementation_of_a_misalignment_experimental_data_management_platform_for_wind_p.pdf,extraction_papers/paper-1842_design_and_implementation_of_a_misalignment_experimental_data_management_platform_for_wind_p.pdf,extraction_papers/ontocast_runs/run_500_more_20260721_105503/input/paper-1842_design_and_implementation_of_a_misalignment_experimental_data_management_platform_for_wind_p.pdf,hardlink
242,paper-1844,paper-1844_cutting_tool_remaining_useful_life_prediction_using_multi_sensor_data_fusion_through_graph_n.pdf,extraction_papers/paper-1844_cutting_tool_remaining_useful_life_prediction_using_multi_sensor_data_fusion_through_graph_n.pdf,extraction_papers/ontocast_runs/run_500_more_20260721_105503/input/paper-1844_cutting_tool_remaining_useful_life_prediction_using_multi_sensor_data_fusion_through_graph_n.pdf,hardlink
243,paper-1848,paper-1848_multiview_state_of_health_estimation_for_lithium_ion_batteries_using_time_frequency_image_fu.pdf,extraction_papers/paper-1848_multiview_state_of_health_estimation_for_lithium_ion_batteries_using_time_frequency_image_fu.pdf,extraction_papers/ontocast_runs/run_500_more_20260721_105503/input/paper-1848_multiview_state_of_health_estimation_for_lithium_ion_batteries_using_time_frequency_image_fu.pdf,hardlink
244,paper-1850,paper-1850_partial_discharge_inception_modeling_in_insulation_systems_for_aviation_and_aerospace_applic.pdf,extraction_papers/paper-1850_partial_discharge_inception_modeling_in_insulation_systems_for_aviation_and_aerospace_applic.pdf,extraction_papers/ontocast_runs/run_500_more_20260721_105503/input/paper-1850_partial_discharge_inception_modeling_in_insulation_systems_for_aviation_and_aerospace_applic.pdf,hardlink
245,paper-1851,paper-1851_residual_aware_health_prediction_of_power_transformers_via_spatiotemporal_graph_neural_netwo.pdf,extraction_papers/paper-1851_residual_aware_health_prediction_of_power_transformers_via_spatiotemporal_graph_neural_netwo.pdf,extraction_papers/ontocast_runs/run_500_more_20260721_105503/input/paper-1851_residual_aware_health_prediction_of_power_transformers_via_spatiotemporal_graph_neural_netwo.pdf,hardlink
246,paper-1852,paper-1852_ads_li_a_drone_image_based_segmentation_model_for_sustainable_maintenance_of_lightning_rods.pdf,extraction_papers/paper-1852_ads_li_a_drone_image_based_segmentation_model_for_sustainable_maintenance_of_lightning_rods.pdf,extraction_papers/ontocast_runs/run_500_more_20260721_105503/input/paper-1852_ads_li_a_drone_image_based_segmentation_model_for_sustainable_maintenance_of_lightning_rods.pdf,hardlink
247,paper-1853,paper-1853_hybrid_deep_learning_framework_for_anomaly_detection_in_power_plant_systems.pdf,extraction_papers/paper-1853_hybrid_deep_learning_framework_for_anomaly_detection_in_power_plant_systems.pdf,extraction_papers/ontocast_runs/run_500_more_20260721_105503/input/paper-1853_hybrid_deep_learning_framework_for_anomaly_detection_in_power_plant_systems.pdf,hardlink
248,paper-1854,paper-1854_advanced_fault_diagnosis_in_milling_cutting_tools_using_vision_transformers_with_semi_superv.pdf,extraction_papers/paper-1854_advanced_fault_diagnosis_in_milling_cutting_tools_using_vision_transformers_with_semi_superv.pdf,extraction_papers/ontocast_runs/run_500_more_20260721_105503/input/paper-1854_advanced_fault_diagnosis_in_milling_cutting_tools_using_vision_transformers_with_semi_superv.pdf,hardlink
249,paper-1856,paper-1856_partial_discharge_defect_classification_in_cast_resin_transformers_using_machine_learning_ba.pdf,extraction_papers/paper-1856_partial_discharge_defect_classification_in_cast_resin_transformers_using_machine_learning_ba.pdf,extraction_papers/ontocast_runs/run_500_more_20260721_105503/input/paper-1856_partial_discharge_defect_classification_in_cast_resin_transformers_using_machine_learning_ba.pdf,hardlink
250,paper-1858,paper-1858_on_the_use_of_the_detectivity_parameter_for_the_condition_monitoring_of_wind_turbines.pdf,extraction_papers/paper-1858_on_the_use_of_the_detectivity_parameter_for_the_condition_monitoring_of_wind_turbines.pdf,extraction_papers/ontocast_runs/run_500_more_20260721_105503/input/paper-1858_on_the_use_of_the_detectivity_parameter_for_the_condition_monitoring_of_wind_turbines.pdf,hardlink
251,paper-1861,paper-1861_accurate_fault_classification_in_wind_turbines_based_on_reduced_feature_learning_and_rvfln.pdf,extraction_papers/paper-1861_accurate_fault_classification_in_wind_turbines_based_on_reduced_feature_learning_and_rvfln.pdf,extraction_papers/ontocast_runs/run_500_more_20260721_105503/input/paper-1861_accurate_fault_classification_in_wind_turbines_based_on_reduced_feature_learning_and_rvfln.pdf,hardlink
252,paper-1862,paper-1862_unsupervised_anomaly_detection_for_gearboxes_based_on_the_deep_convolutional_support_generat.pdf,extraction_papers/paper-1862_unsupervised_anomaly_detection_for_gearboxes_based_on_the_deep_convolutional_support_generat.pdf,extraction_papers/ontocast_runs/run_500_more_20260721_105503/input/paper-1862_unsupervised_anomaly_detection_for_gearboxes_based_on_the_deep_convolutional_support_generat.pdf,hardlink
253,paper-1863,paper-1863_development_of_robust_machine_learning_models_for_tool_wear_monitoring_in_blanking_processes.pdf,extraction_papers/paper-1863_development_of_robust_machine_learning_models_for_tool_wear_monitoring_in_blanking_processes.pdf,extraction_papers/ontocast_runs/run_500_more_20260721_105503/input/paper-1863_development_of_robust_machine_learning_models_for_tool_wear_monitoring_in_blanking_processes.pdf,hardlink
254,paper-1865,paper-1865_a_biyolov9_an_attention_guided_yolov9_model_for_infrared_based_wind_turbine_inspection.pdf,extraction_papers/paper-1865_a_biyolov9_an_attention_guided_yolov9_model_for_infrared_based_wind_turbine_inspection.pdf,extraction_papers/ontocast_runs/run_500_more_20260721_105503/input/paper-1865_a_biyolov9_an_attention_guided_yolov9_model_for_infrared_based_wind_turbine_inspection.pdf,hardlink
255,paper-1868,paper-1868_integrated_sensor_system_for_rotary_shaft_seals_enabling_condition_monitoring_of_dynamic_sea.pdf,extraction_papers/paper-1868_integrated_sensor_system_for_rotary_shaft_seals_enabling_condition_monitoring_of_dynamic_sea.pdf,extraction_papers/ontocast_runs/run_500_more_20260721_105503/input/paper-1868_integrated_sensor_system_for_rotary_shaft_seals_enabling_condition_monitoring_of_dynamic_sea.pdf,hardlink
256,paper-1869,paper-1869_a_mathematics_oriented_ai_iterative_prediction_framework_combining_xgboost_and_narx_applicat.pdf,extraction_papers/paper-1869_a_mathematics_oriented_ai_iterative_prediction_framework_combining_xgboost_and_narx_applicat.pdf,extraction_papers/ontocast_runs/run_500_more_20260721_105503/input/paper-1869_a_mathematics_oriented_ai_iterative_prediction_framework_combining_xgboost_and_narx_applicat.pdf,hardlink
257,paper-1870,paper-1870_performance_of_electromechanical_equipment_under_various_maintenance_strategies_a_case_study.pdf,extraction_papers/paper-1870_performance_of_electromechanical_equipment_under_various_maintenance_strategies_a_case_study.pdf,extraction_papers/ontocast_runs/run_500_more_20260721_105503/input/paper-1870_performance_of_electromechanical_equipment_under_various_maintenance_strategies_a_case_study.pdf,hardlink
258,paper-1871,paper-1871_a_solar_array_temperature_multivariate_trend_forecasting_method_based_on_the_ca_patchtst_mod.pdf,extraction_papers/paper-1871_a_solar_array_temperature_multivariate_trend_forecasting_method_based_on_the_ca_patchtst_mod.pdf,extraction_papers/ontocast_runs/run_500_more_20260721_105503/input/paper-1871_a_solar_array_temperature_multivariate_trend_forecasting_method_based_on_the_ca_patchtst_mod.pdf,hardlink
259,paper-1872,paper-1872_ivclnet_a_hybrid_deep_learning_framework_integrating_signal_decomposition_and_attention_enha.pdf,extraction_papers/paper-1872_ivclnet_a_hybrid_deep_learning_framework_integrating_signal_decomposition_and_attention_enha.pdf,extraction_papers/ontocast_runs/run_500_more_20260721_105503/input/paper-1872_ivclnet_a_hybrid_deep_learning_framework_integrating_signal_decomposition_and_attention_enha.pdf,hardlink
260,paper-1873,paper-1873_optimizing_the_factors_affecting_the_quality_condition_of_4wd_tractors_engine_oil_using_the.pdf,extraction_papers/paper-1873_optimizing_the_factors_affecting_the_quality_condition_of_4wd_tractors_engine_oil_using_the.pdf,extraction_papers/ontocast_runs/run_500_more_20260721_105503/input/paper-1873_optimizing_the_factors_affecting_the_quality_condition_of_4wd_tractors_engine_oil_using_the.pdf,hardlink
261,paper-1875,paper-1875_effect_of_short_circuit_in_stator_windings_on_the_operation_of_doubly_fed_induction_generato.pdf,extraction_papers/paper-1875_effect_of_short_circuit_in_stator_windings_on_the_operation_of_doubly_fed_induction_generato.pdf,extraction_papers/ontocast_runs/run_500_more_20260721_105503/input/paper-1875_effect_of_short_circuit_in_stator_windings_on_the_operation_of_doubly_fed_induction_generato.pdf,hardlink
262,paper-1876,paper-1876_research_on_bearing_fault_diagnosis_based_on_machine_learning_and_shap_interpretability_anal.pdf,extraction_papers/paper-1876_research_on_bearing_fault_diagnosis_based_on_machine_learning_and_shap_interpretability_anal.pdf,extraction_papers/ontocast_runs/run_500_more_20260721_105503/input/paper-1876_research_on_bearing_fault_diagnosis_based_on_machine_learning_and_shap_interpretability_anal.pdf,hardlink
263,paper-1881,paper-1881_an_optimized_few_shot_learning_framework_for_fault_diagnosis_in_milling_machines.pdf,extraction_papers/paper-1881_an_optimized_few_shot_learning_framework_for_fault_diagnosis_in_milling_machines.pdf,extraction_papers/ontocast_runs/run_500_more_20260721_105503/input/paper-1881_an_optimized_few_shot_learning_framework_for_fault_diagnosis_in_milling_machines.pdf,hardlink
264,paper-1884,paper-1884_novel_higher_order_technologies_based_on_spectral_moduli_for_condition_monitoring_of_rotatin.pdf,extraction_papers/paper-1884_novel_higher_order_technologies_based_on_spectral_moduli_for_condition_monitoring_of_rotatin.pdf,extraction_papers/ontocast_runs/run_500_more_20260721_105503/input/paper-1884_novel_higher_order_technologies_based_on_spectral_moduli_for_condition_monitoring_of_rotatin.pdf,hardlink
265,paper-1887,paper-1887_predictive_corrosion_degradation_modelling_of_oil_country_tubular_goods_using_physics_inform.pdf,extraction_papers/paper-1887_predictive_corrosion_degradation_modelling_of_oil_country_tubular_goods_using_physics_inform.pdf,extraction_papers/ontocast_runs/run_500_more_20260721_105503/input/paper-1887_predictive_corrosion_degradation_modelling_of_oil_country_tubular_goods_using_physics_inform.pdf,hardlink
266,paper-1889,paper-1889_long_term_residual_stress_monitoring_via_surface_acoustic_waves_using_piezoelectric_patch_tr.pdf,extraction_papers/paper-1889_long_term_residual_stress_monitoring_via_surface_acoustic_waves_using_piezoelectric_patch_tr.pdf,extraction_papers/ontocast_runs/run_500_more_20260721_105503/input/paper-1889_long_term_residual_stress_monitoring_via_surface_acoustic_waves_using_piezoelectric_patch_tr.pdf,hardlink
267,paper-1891,paper-1891_investigation_on_the_use_of_2d_dost_on_time_frequency_representations_of_stray_flux_signals.pdf,extraction_papers/paper-1891_investigation_on_the_use_of_2d_dost_on_time_frequency_representations_of_stray_flux_signals.pdf,extraction_papers/ontocast_runs/run_500_more_20260721_105503/input/paper-1891_investigation_on_the_use_of_2d_dost_on_time_frequency_representations_of_stray_flux_signals.pdf,hardlink
268,paper-1892,paper-1892_unveiling_critical_features_for_failure_prediction_in_green_internet_of_things_applications.pdf,extraction_papers/paper-1892_unveiling_critical_features_for_failure_prediction_in_green_internet_of_things_applications.pdf,extraction_papers/ontocast_runs/run_500_more_20260721_105503/input/paper-1892_unveiling_critical_features_for_failure_prediction_in_green_internet_of_things_applications.pdf,hardlink
269,paper-1894,paper-1894_hybrid_machine_learning_predictions_of_high_voltage_polymeric_insulator_pollution.pdf,extraction_papers/paper-1894_hybrid_machine_learning_predictions_of_high_voltage_polymeric_insulator_pollution.pdf,extraction_papers/ontocast_runs/run_500_more_20260721_105503/input/paper-1894_hybrid_machine_learning_predictions_of_high_voltage_polymeric_insulator_pollution.pdf,hardlink
270,paper-1895,paper-1895_an_artificial_intelligence_based_predictive_maintenance_strategy_using_long_short_term_memor.pdf,extraction_papers/paper-1895_an_artificial_intelligence_based_predictive_maintenance_strategy_using_long_short_term_memor.pdf,extraction_papers/ontocast_runs/run_500_more_20260721_105503/input/paper-1895_an_artificial_intelligence_based_predictive_maintenance_strategy_using_long_short_term_memor.pdf,hardlink
271,paper-1901,paper-1901_predictive_modeling_of_engine_health_using_machine_learning_techniques.pdf,extraction_papers/paper-1901_predictive_modeling_of_engine_health_using_machine_learning_techniques.pdf,extraction_papers/ontocast_runs/run_500_more_20260721_105503/input/paper-1901_predictive_modeling_of_engine_health_using_machine_learning_techniques.pdf,hardlink
272,paper-1902,paper-1902_identification_of_static_eccentricity_and_load_current_unbalance_via_space_vector_stray_flux.pdf,extraction_papers/paper-1902_identification_of_static_eccentricity_and_load_current_unbalance_via_space_vector_stray_flux.pdf,extraction_papers/ontocast_runs/run_500_more_20260721_105503/input/paper-1902_identification_of_static_eccentricity_and_load_current_unbalance_via_space_vector_stray_flux.pdf,hardlink
273,paper-1903,paper-1903_a_novel_deep_learning_framework_for_predictive_fault_diagnosis_in_dry_type_transformers_usin.pdf,extraction_papers/paper-1903_a_novel_deep_learning_framework_for_predictive_fault_diagnosis_in_dry_type_transformers_usin.pdf,extraction_papers/ontocast_runs/run_500_more_20260721_105503/input/paper-1903_a_novel_deep_learning_framework_for_predictive_fault_diagnosis_in_dry_type_transformers_usin.pdf,hardlink
274,paper-1904,paper-1904_state_of_power_prediction_for_battery_packs_based_on_particle_swarm_optimization_svm.pdf,extraction_papers/paper-1904_state_of_power_prediction_for_battery_packs_based_on_particle_swarm_optimization_svm.pdf,extraction_papers/ontocast_runs/run_500_more_20260721_105503/input/paper-1904_state_of_power_prediction_for_battery_packs_based_on_particle_swarm_optimization_svm.pdf,hardlink
275,paper-1906,paper-1906_field_validation_of_dynamic_mechanical_torque_measurements_using_fiber_optic_strain_sensors.pdf,extraction_papers/paper-1906_field_validation_of_dynamic_mechanical_torque_measurements_using_fiber_optic_strain_sensors.pdf,extraction_papers/ontocast_runs/run_500_more_20260721_105503/input/paper-1906_field_validation_of_dynamic_mechanical_torque_measurements_using_fiber_optic_strain_sensors.pdf,hardlink
276,paper-1908,paper-1908_a_novel_kolmogorov_arnold_attention_allocation_network_for_cutting_tool_remaining_useful_lif.pdf,extraction_papers/paper-1908_a_novel_kolmogorov_arnold_attention_allocation_network_for_cutting_tool_remaining_useful_lif.pdf,extraction_papers/ontocast_runs/run_500_more_20260721_105503/input/paper-1908_a_novel_kolmogorov_arnold_attention_allocation_network_for_cutting_tool_remaining_useful_lif.pdf,hardlink
277,paper-1909,paper-1909_development_of_an_intelligent_energy_management_system_to_improve_bess_state_of_health.pdf,extraction_papers/paper-1909_development_of_an_intelligent_energy_management_system_to_improve_bess_state_of_health.pdf,extraction_papers/ontocast_runs/run_500_more_20260721_105503/input/paper-1909_development_of_an_intelligent_energy_management_system_to_improve_bess_state_of_health.pdf,hardlink
278,paper-1912,paper-1912_an_ai_based_predictive_maintenance_technique_for_smart_grid_components.pdf,extraction_papers/paper-1912_an_ai_based_predictive_maintenance_technique_for_smart_grid_components.pdf,extraction_papers/ontocast_runs/run_500_more_20260721_105503/input/paper-1912_an_ai_based_predictive_maintenance_technique_for_smart_grid_components.pdf,hardlink
279,paper-1915,paper-1915_an_edge_enabled_lightweight_lstm_for_the_temperature_prediction_of_electrical_joints_in_low.pdf,extraction_papers/paper-1915_an_edge_enabled_lightweight_lstm_for_the_temperature_prediction_of_electrical_joints_in_low.pdf,extraction_papers/ontocast_runs/run_500_more_20260721_105503/input/paper-1915_an_edge_enabled_lightweight_lstm_for_the_temperature_prediction_of_electrical_joints_in_low.pdf,hardlink
280,paper-1917,paper-1917_cross_domain_fault_diagnosis_in_internal_combustion_engines_using_multisensor_data_with_tran.pdf,extraction_papers/paper-1917_cross_domain_fault_diagnosis_in_internal_combustion_engines_using_multisensor_data_with_tran.pdf,extraction_papers/ontocast_runs/run_500_more_20260721_105503/input/paper-1917_cross_domain_fault_diagnosis_in_internal_combustion_engines_using_multisensor_data_with_tran.pdf,hardlink
281,paper-1918,paper-1918_case_study_on_compression_of_vibration_data_for_distributed_wireless_condition_monitoring_sy.pdf,extraction_papers/paper-1918_case_study_on_compression_of_vibration_data_for_distributed_wireless_condition_monitoring_sy.pdf,extraction_papers/ontocast_runs/run_500_more_20260721_105503/input/paper-1918_case_study_on_compression_of_vibration_data_for_distributed_wireless_condition_monitoring_sy.pdf,hardlink
282,paper-1919,paper-1919_cost_and_environmental_assessment_of_tool_replacement_strategies_under_imperfect_wear_monito.pdf,extraction_papers/paper-1919_cost_and_environmental_assessment_of_tool_replacement_strategies_under_imperfect_wear_monito.pdf,extraction_papers/ontocast_runs/run_500_more_20260721_105503/input/paper-1919_cost_and_environmental_assessment_of_tool_replacement_strategies_under_imperfect_wear_monito.pdf,hardlink
283,paper-1920,paper-1920_fire_control_radar_fault_prediction_with_real_flight_data.pdf,extraction_papers/paper-1920_fire_control_radar_fault_prediction_with_real_flight_data.pdf,extraction_papers/ontocast_runs/run_500_more_20260721_105503/input/paper-1920_fire_control_radar_fault_prediction_with_real_flight_data.pdf,hardlink
284,paper-1922,paper-1922_accelerated_life_test_and_performance_degradation_test_of_harmonic_drive_with_failure_analys.pdf,extraction_papers/paper-1922_accelerated_life_test_and_performance_degradation_test_of_harmonic_drive_with_failure_analys.pdf,extraction_papers/ontocast_runs/run_500_more_20260721_105503/input/paper-1922_accelerated_life_test_and_performance_degradation_test_of_harmonic_drive_with_failure_analys.pdf,hardlink
285,paper-1925,paper-1925_predictive_maintenance_of_industrial_milling_machines_using_machine_learning_enhancing_relia.pdf,extraction_papers/paper-1925_predictive_maintenance_of_industrial_milling_machines_using_machine_learning_enhancing_relia.pdf,extraction_papers/ontocast_runs/run_500_more_20260721_105503/input/paper-1925_predictive_maintenance_of_industrial_milling_machines_using_machine_learning_enhancing_relia.pdf,hardlink
286,paper-1926,paper-1926_real_time_digital_twin_for_structural_health_monitoring_of_floating_offshore_wind_turbines.pdf,extraction_papers/paper-1926_real_time_digital_twin_for_structural_health_monitoring_of_floating_offshore_wind_turbines.pdf,extraction_papers/ontocast_runs/run_500_more_20260721_105503/input/paper-1926_real_time_digital_twin_for_structural_health_monitoring_of_floating_offshore_wind_turbines.pdf,hardlink
287,paper-1927,paper-1927_self_supervised_condition_monitoring_for_wind_turbine_gearboxes_based_on_adaptive_feature_se.pdf,extraction_papers/paper-1927_self_supervised_condition_monitoring_for_wind_turbine_gearboxes_based_on_adaptive_feature_se.pdf,extraction_papers/ontocast_runs/run_500_more_20260721_105503/input/paper-1927_self_supervised_condition_monitoring_for_wind_turbine_gearboxes_based_on_adaptive_feature_se.pdf,hardlink
288,paper-1928,paper-1928_agentic_ai_in_smart_manufacturing_enabling_human_centric_predictive_maintenance_ecosystems.pdf,extraction_papers/paper-1928_agentic_ai_in_smart_manufacturing_enabling_human_centric_predictive_maintenance_ecosystems.pdf,extraction_papers/ontocast_runs/run_500_more_20260721_105503/input/paper-1928_agentic_ai_in_smart_manufacturing_enabling_human_centric_predictive_maintenance_ecosystems.pdf,hardlink
289,paper-1931,paper-1931_remaining_useful_life_prediction_of_electric_drive_bearings_in_new_energy_vehicles_based_on.pdf,extraction_papers/paper-1931_remaining_useful_life_prediction_of_electric_drive_bearings_in_new_energy_vehicles_based_on.pdf,extraction_papers/ontocast_runs/run_500_more_20260721_105503/input/paper-1931_remaining_useful_life_prediction_of_electric_drive_bearings_in_new_energy_vehicles_based_on.pdf,hardlink
290,paper-1938,paper-1938_an_integrated_computational_fluid_dynamics_and_chemical_kinetics_modeling_for_predicting_oil.pdf,extraction_papers/paper-1938_an_integrated_computational_fluid_dynamics_and_chemical_kinetics_modeling_for_predicting_oil.pdf,extraction_papers/ontocast_runs/run_500_more_20260721_105503/input/paper-1938_an_integrated_computational_fluid_dynamics_and_chemical_kinetics_modeling_for_predicting_oil.pdf,hardlink
291,paper-1940,paper-1940_capacitor_aging_state_evaluation_and_a_remaining_useful_life_prediction_method_based_on_a_cn.pdf,extraction_papers/paper-1940_capacitor_aging_state_evaluation_and_a_remaining_useful_life_prediction_method_based_on_a_cn.pdf,extraction_papers/ontocast_runs/run_500_more_20260721_105503/input/paper-1940_capacitor_aging_state_evaluation_and_a_remaining_useful_life_prediction_method_based_on_a_cn.pdf,hardlink
292,paper-1941,paper-1941_remaining_useful_life_prediction_of_cutting_tools_based_on_a_depthwise_separable_tcn_bilstm.pdf,extraction_papers/paper-1941_remaining_useful_life_prediction_of_cutting_tools_based_on_a_depthwise_separable_tcn_bilstm.pdf,extraction_papers/ontocast_runs/run_500_more_20260721_105503/input/paper-1941_remaining_useful_life_prediction_of_cutting_tools_based_on_a_depthwise_separable_tcn_bilstm.pdf,hardlink
293,paper-1943,paper-1943_enhancing_predictive_maintenance_method_using_machine_learning_to_improve_iot_embedded_machi.pdf,extraction_papers/paper-1943_enhancing_predictive_maintenance_method_using_machine_learning_to_improve_iot_embedded_machi.pdf,extraction_papers/ontocast_runs/run_500_more_20260721_105503/input/paper-1943_enhancing_predictive_maintenance_method_using_machine_learning_to_improve_iot_embedded_machi.pdf,hardlink
294,paper-1945,paper-1945_a_full_field_wideband_modal_testing_method_for_turbine_blades.pdf,extraction_papers/paper-1945_a_full_field_wideband_modal_testing_method_for_turbine_blades.pdf,extraction_papers/ontocast_runs/run_500_more_20260721_105503/input/paper-1945_a_full_field_wideband_modal_testing_method_for_turbine_blades.pdf,hardlink
295,paper-1946,paper-1946_a_novel_progressive_fusion_approach_for_remaining_useful_life_prediction_using_temporal_sens.pdf,extraction_papers/paper-1946_a_novel_progressive_fusion_approach_for_remaining_useful_life_prediction_using_temporal_sens.pdf,extraction_papers/ontocast_runs/run_500_more_20260721_105503/input/paper-1946_a_novel_progressive_fusion_approach_for_remaining_useful_life_prediction_using_temporal_sens.pdf,hardlink
296,paper-1949,paper-1949_a_hybrid_ai_framework_for_integrated_predictive_maintenance_and_mineral_quality_assessment_i.pdf,extraction_papers/paper-1949_a_hybrid_ai_framework_for_integrated_predictive_maintenance_and_mineral_quality_assessment_i.pdf,extraction_papers/ontocast_runs/run_500_more_20260721_105503/input/paper-1949_a_hybrid_ai_framework_for_integrated_predictive_maintenance_and_mineral_quality_assessment_i.pdf,hardlink
297,paper-1951,paper-1951_analysis_of_failure_data_of_a_24_teeth_spur_gear_using_a_linear_regression_model.pdf,extraction_papers/paper-1951_analysis_of_failure_data_of_a_24_teeth_spur_gear_using_a_linear_regression_model.pdf,extraction_papers/ontocast_runs/run_500_more_20260721_105503/input/paper-1951_analysis_of_failure_data_of_a_24_teeth_spur_gear_using_a_linear_regression_model.pdf,hardlink
298,paper-1952,paper-1952_experimental_validation_of_machine_learning_for_contamination_classification_of_polluted_hig.pdf,extraction_papers/paper-1952_experimental_validation_of_machine_learning_for_contamination_classification_of_polluted_hig.pdf,extraction_papers/ontocast_runs/run_500_more_20260721_105503/input/paper-1952_experimental_validation_of_machine_learning_for_contamination_classification_of_polluted_hig.pdf,hardlink
299,paper-1954,paper-1954_faultseg_a_dataset_for_train_wheel_defect_detection.pdf,extraction_papers/paper-1954_faultseg_a_dataset_for_train_wheel_defect_detection.pdf,extraction_papers/ontocast_runs/run_500_more_20260721_105503/input/paper-1954_faultseg_a_dataset_for_train_wheel_defect_detection.pdf,hardlink
300,paper-1955,paper-1955_encoding_multivariate_time_series_of_gas_turbine_data_as_images_to_improve_fault_detection_r.pdf,extraction_papers/paper-1955_encoding_multivariate_time_series_of_gas_turbine_data_as_images_to_improve_fault_detection_r.pdf,extraction_papers/ontocast_runs/run_500_more_20260721_105503/input/paper-1955_encoding_multivariate_time_series_of_gas_turbine_data_as_images_to_improve_fault_detection_r.pdf,hardlink
301,paper-1962,paper-1962_a_particle_swarm_optimized_multi_model_framework_for_remaining_useful_life_prediction_of_lit.pdf,extraction_papers/paper-1962_a_particle_swarm_optimized_multi_model_framework_for_remaining_useful_life_prediction_of_lit.pdf,extraction_papers/ontocast_runs/run_500_more_20260721_105503/input/paper-1962_a_particle_swarm_optimized_multi_model_framework_for_remaining_useful_life_prediction_of_lit.pdf,hardlink
302,paper-1964,paper-1964_fuzzy_logic_based_transformer_fault_diagnosis_employing_roger_s_and_iec_techniques.pdf,extraction_papers/paper-1964_fuzzy_logic_based_transformer_fault_diagnosis_employing_roger_s_and_iec_techniques.pdf,extraction_papers/ontocast_runs/run_500_more_20260721_105503/input/paper-1964_fuzzy_logic_based_transformer_fault_diagnosis_employing_roger_s_and_iec_techniques.pdf,hardlink
303,paper-1972,paper-1972_multi_physics_digital_twin_models_for_predicting_thermal_runaway_and_safety_failures_in_ev_b.pdf,extraction_papers/paper-1972_multi_physics_digital_twin_models_for_predicting_thermal_runaway_and_safety_failures_in_ev_b.pdf,extraction_papers/ontocast_runs/run_500_more_20260721_105503/input/paper-1972_multi_physics_digital_twin_models_for_predicting_thermal_runaway_and_safety_failures_in_ev_b.pdf,hardlink
304,paper-1974,paper-1974_measurement_strategies_for_the_monitoring_of_the_electric_behavior_of_journal_bearings.pdf,extraction_papers/paper-1974_measurement_strategies_for_the_monitoring_of_the_electric_behavior_of_journal_bearings.pdf,extraction_papers/ontocast_runs/run_500_more_20260721_105503/input/paper-1974_measurement_strategies_for_the_monitoring_of_the_electric_behavior_of_journal_bearings.pdf,hardlink
305,paper-1975,paper-1975_an_attention_driven_multi_scale_framework_for_rotating_machinery_fault_diagnosis_under_noisy.pdf,extraction_papers/paper-1975_an_attention_driven_multi_scale_framework_for_rotating_machinery_fault_diagnosis_under_noisy.pdf,extraction_papers/ontocast_runs/run_500_more_20260721_105503/input/paper-1975_an_attention_driven_multi_scale_framework_for_rotating_machinery_fault_diagnosis_under_noisy.pdf,hardlink
306,paper-1976,paper-1976_evaluation_of_bending_deformations_in_slender_cylindrical_structures_using_distributed_optic.pdf,extraction_papers/paper-1976_evaluation_of_bending_deformations_in_slender_cylindrical_structures_using_distributed_optic.pdf,extraction_papers/ontocast_runs/run_500_more_20260721_105503/input/paper-1976_evaluation_of_bending_deformations_in_slender_cylindrical_structures_using_distributed_optic.pdf,hardlink
307,paper-1980,paper-1980_deep_variational_bayesian_approach_for_sensor_driven_modeling_and_monitoring_of_dynamic_degr.pdf,extraction_papers/paper-1980_deep_variational_bayesian_approach_for_sensor_driven_modeling_and_monitoring_of_dynamic_degr.pdf,extraction_papers/ontocast_runs/run_500_more_20260721_105503/input/paper-1980_deep_variational_bayesian_approach_for_sensor_driven_modeling_and_monitoring_of_dynamic_degr.pdf,hardlink
308,paper-1981,paper-1981_visualization_real_time_monitoring_platform_for_ultra_thin_strip_rolling_mills_based_on_digi.pdf,extraction_papers/paper-1981_visualization_real_time_monitoring_platform_for_ultra_thin_strip_rolling_mills_based_on_digi.pdf,extraction_papers/ontocast_runs/run_500_more_20260721_105503/input/paper-1981_visualization_real_time_monitoring_platform_for_ultra_thin_strip_rolling_mills_based_on_digi.pdf,hardlink
309,paper-1982,paper-1982_deploying_neural_networks_at_sea_condition_monitoring_of_the_ropes_on_the_amerigo_vespucci.pdf,extraction_papers/paper-1982_deploying_neural_networks_at_sea_condition_monitoring_of_the_ropes_on_the_amerigo_vespucci.pdf,extraction_papers/ontocast_runs/run_500_more_20260721_105503/input/paper-1982_deploying_neural_networks_at_sea_condition_monitoring_of_the_ropes_on_the_amerigo_vespucci.pdf,hardlink
310,paper-1984,paper-1984_tucker_decomposition_based_feature_selection_and_ssa_optimized_multi_kernel_svm_for_transfor.pdf,extraction_papers/paper-1984_tucker_decomposition_based_feature_selection_and_ssa_optimized_multi_kernel_svm_for_transfor.pdf,extraction_papers/ontocast_runs/run_500_more_20260721_105503/input/paper-1984_tucker_decomposition_based_feature_selection_and_ssa_optimized_multi_kernel_svm_for_transfor.pdf,hardlink
311,paper-1985,paper-1985_mounted_accelerometer_frequency_response_of_adhesive_products_and_aluminum_frame_quick_mount.pdf,extraction_papers/paper-1985_mounted_accelerometer_frequency_response_of_adhesive_products_and_aluminum_frame_quick_mount.pdf,extraction_papers/ontocast_runs/run_500_more_20260721_105503/input/paper-1985_mounted_accelerometer_frequency_response_of_adhesive_products_and_aluminum_frame_quick_mount.pdf,hardlink
312,paper-1987,paper-1987_data_inherent_assessment_of_electrical_equipment_by_failure_pattern_and_self_evaluation_deci.pdf,extraction_papers/paper-1987_data_inherent_assessment_of_electrical_equipment_by_failure_pattern_and_self_evaluation_deci.pdf,extraction_papers/ontocast_runs/run_500_more_20260721_105503/input/paper-1987_data_inherent_assessment_of_electrical_equipment_by_failure_pattern_and_self_evaluation_deci.pdf,hardlink
313,paper-1988,paper-1988_inverse_mel_scale_spectrograms_for_high_frequency_feature_extraction_and_audio_anomaly_detec.pdf,extraction_papers/paper-1988_inverse_mel_scale_spectrograms_for_high_frequency_feature_extraction_and_audio_anomaly_detec.pdf,extraction_papers/ontocast_runs/run_500_more_20260721_105503/input/paper-1988_inverse_mel_scale_spectrograms_for_high_frequency_feature_extraction_and_audio_anomaly_detec.pdf,hardlink
314,paper-1989,paper-1989_optimal_source_selection_for_distributed_bearing_fault_classification_using_wavelet_transfor.pdf,extraction_papers/paper-1989_optimal_source_selection_for_distributed_bearing_fault_classification_using_wavelet_transfor.pdf,extraction_papers/ontocast_runs/run_500_more_20260721_105503/input/paper-1989_optimal_source_selection_for_distributed_bearing_fault_classification_using_wavelet_transfor.pdf,hardlink
315,paper-1990,paper-1990_a_lightweight_deep_learning_framework_for_transformer_fault_diagnosis_in_smart_grids_using_m.pdf,extraction_papers/paper-1990_a_lightweight_deep_learning_framework_for_transformer_fault_diagnosis_in_smart_grids_using_m.pdf,extraction_papers/ontocast_runs/run_500_more_20260721_105503/input/paper-1990_a_lightweight_deep_learning_framework_for_transformer_fault_diagnosis_in_smart_grids_using_m.pdf,hardlink
316,paper-1991,paper-1991_exploring_fault_causality_and_predictive_maintenance_in_pv_cells_approaches_toward_sustainab.pdf,extraction_papers/paper-1991_exploring_fault_causality_and_predictive_maintenance_in_pv_cells_approaches_toward_sustainab.pdf,extraction_papers/ontocast_runs/run_500_more_20260721_105503/input/paper-1991_exploring_fault_causality_and_predictive_maintenance_in_pv_cells_approaches_toward_sustainab.pdf,hardlink
317,paper-1992,paper-1992_adaptive_prediction_of_compressor_cylinder_pressure_dynamics_using_a_physics_guided_vae_cnn.pdf,extraction_papers/paper-1992_adaptive_prediction_of_compressor_cylinder_pressure_dynamics_using_a_physics_guided_vae_cnn.pdf,extraction_papers/ontocast_runs/run_500_more_20260721_105503/input/paper-1992_adaptive_prediction_of_compressor_cylinder_pressure_dynamics_using_a_physics_guided_vae_cnn.pdf,hardlink
318,paper-1994,paper-1994_microstructural_and_mechanical_properties_assessment_of_p91_main_steam_pipes.pdf,extraction_papers/paper-1994_microstructural_and_mechanical_properties_assessment_of_p91_main_steam_pipes.pdf,extraction_papers/ontocast_runs/run_500_more_20260721_105503/input/paper-1994_microstructural_and_mechanical_properties_assessment_of_p91_main_steam_pipes.pdf,hardlink
319,paper-1995,paper-1995_td3_reinforcement_learning_algorithm_used_for_health_condition_monitoring_of_a_cooling_water.pdf,extraction_papers/paper-1995_td3_reinforcement_learning_algorithm_used_for_health_condition_monitoring_of_a_cooling_water.pdf,extraction_papers/ontocast_runs/run_500_more_20260721_105503/input/paper-1995_td3_reinforcement_learning_algorithm_used_for_health_condition_monitoring_of_a_cooling_water.pdf,hardlink
320,paper-1996,paper-1996_an_online_remaining_useful_life_prediction_method_for_tantalum_capacitors_based_on_temperatu.pdf,extraction_papers/paper-1996_an_online_remaining_useful_life_prediction_method_for_tantalum_capacitors_based_on_temperatu.pdf,extraction_papers/ontocast_runs/run_500_more_20260721_105503/input/paper-1996_an_online_remaining_useful_life_prediction_method_for_tantalum_capacitors_based_on_temperatu.pdf,hardlink
321,paper-1999,paper-1999_precision_detection_of_micro_damage_on_conveyor_belt_surfaces_using_laser_scanning_and_deep.pdf,extraction_papers/paper-1999_precision_detection_of_micro_damage_on_conveyor_belt_surfaces_using_laser_scanning_and_deep.pdf,extraction_papers/ontocast_runs/run_500_more_20260721_105503/input/paper-1999_precision_detection_of_micro_damage_on_conveyor_belt_surfaces_using_laser_scanning_and_deep.pdf,hardlink
322,paper-2001,paper-2001_performance_comparison_of_a_neural_network_and_a_regression_linear_model_for_predictive_main.pdf,extraction_papers/paper-2001_performance_comparison_of_a_neural_network_and_a_regression_linear_model_for_predictive_main.pdf,extraction_papers/ontocast_runs/run_500_more_20260721_105503/input/paper-2001_performance_comparison_of_a_neural_network_and_a_regression_linear_model_for_predictive_main.pdf,hardlink
323,paper-2003,paper-2003_nonlinear_distributed_parameter_observer_design_for_efficient_estimation_of_internal_tempera.pdf,extraction_papers/paper-2003_nonlinear_distributed_parameter_observer_design_for_efficient_estimation_of_internal_tempera.pdf,extraction_papers/ontocast_runs/run_500_more_20260721_105503/input/paper-2003_nonlinear_distributed_parameter_observer_design_for_efficient_estimation_of_internal_tempera.pdf,hardlink
324,paper-2004,paper-2004_exploring_rolling_element_bearing_data_collection_and_algorithm_hyperparameters_for_machine.pdf,extraction_papers/paper-2004_exploring_rolling_element_bearing_data_collection_and_algorithm_hyperparameters_for_machine.pdf,extraction_papers/ontocast_runs/run_500_more_20260721_105503/input/paper-2004_exploring_rolling_element_bearing_data_collection_and_algorithm_hyperparameters_for_machine.pdf,hardlink
325,paper-2005,paper-2005_privacy_preserving_federated_learning_for_predictive_maintenance_in_smart_manufacturing_netw.pdf,extraction_papers/paper-2005_privacy_preserving_federated_learning_for_predictive_maintenance_in_smart_manufacturing_netw.pdf,extraction_papers/ontocast_runs/run_500_more_20260721_105503/input/paper-2005_privacy_preserving_federated_learning_for_predictive_maintenance_in_smart_manufacturing_netw.pdf,hardlink
326,paper-2006,paper-2006_new_method_for_remaining_useful_life_prediction_based_on_recurrence_multi_information_time_f.pdf,extraction_papers/paper-2006_new_method_for_remaining_useful_life_prediction_based_on_recurrence_multi_information_time_f.pdf,extraction_papers/ontocast_runs/run_500_more_20260721_105503/input/paper-2006_new_method_for_remaining_useful_life_prediction_based_on_recurrence_multi_information_time_f.pdf,hardlink
327,paper-2007,paper-2007_investigations_on_multiclass_classification_model_based_optimized_weights_spectrum_for_rotat.pdf,extraction_papers/paper-2007_investigations_on_multiclass_classification_model_based_optimized_weights_spectrum_for_rotat.pdf,extraction_papers/ontocast_runs/run_500_more_20260721_105503/input/paper-2007_investigations_on_multiclass_classification_model_based_optimized_weights_spectrum_for_rotat.pdf,hardlink
328,paper-2009,paper-2009_condition_monitoring_and_fault_prediction_in_pmsm_drives_using_machine_learning_for_elevator.pdf,extraction_papers/paper-2009_condition_monitoring_and_fault_prediction_in_pmsm_drives_using_machine_learning_for_elevator.pdf,extraction_papers/ontocast_runs/run_500_more_20260721_105503/input/paper-2009_condition_monitoring_and_fault_prediction_in_pmsm_drives_using_machine_learning_for_elevator.pdf,hardlink
329,paper-2010,paper-2010_a_novel_subband_method_for_instantaneous_speed_estimation_of_induction_motors_under_varying.pdf,extraction_papers/paper-2010_a_novel_subband_method_for_instantaneous_speed_estimation_of_induction_motors_under_varying.pdf,extraction_papers/ontocast_runs/run_500_more_20260721_105503/input/paper-2010_a_novel_subband_method_for_instantaneous_speed_estimation_of_induction_motors_under_varying.pdf,hardlink
330,paper-2013,paper-2013_long_short_term_memory_mixture_density_network_for_remaining_useful_life_prediction_of_igbts.pdf,extraction_papers/paper-2013_long_short_term_memory_mixture_density_network_for_remaining_useful_life_prediction_of_igbts.pdf,extraction_papers/ontocast_runs/run_500_more_20260721_105503/input/paper-2013_long_short_term_memory_mixture_density_network_for_remaining_useful_life_prediction_of_igbts.pdf,hardlink
331,paper-2017,paper-2017_dynamic_investigation_of_deep_groove_ball_bearings_with_localised_failure_of_outer_ring_cons.pdf,extraction_papers/paper-2017_dynamic_investigation_of_deep_groove_ball_bearings_with_localised_failure_of_outer_ring_cons.pdf,extraction_papers/ontocast_runs/run_500_more_20260721_105503/input/paper-2017_dynamic_investigation_of_deep_groove_ball_bearings_with_localised_failure_of_outer_ring_cons.pdf,hardlink
332,paper-2018,paper-2018_a_low_code_visual_framework_for_deep_learning_based_remaining_useful_life_prediction.pdf,extraction_papers/paper-2018_a_low_code_visual_framework_for_deep_learning_based_remaining_useful_life_prediction.pdf,extraction_papers/ontocast_runs/run_500_more_20260721_105503/input/paper-2018_a_low_code_visual_framework_for_deep_learning_based_remaining_useful_life_prediction.pdf,hardlink
333,paper-2021,paper-2021_a_proactive_predictive_model_for_machine_failure_forecasting.pdf,extraction_papers/paper-2021_a_proactive_predictive_model_for_machine_failure_forecasting.pdf,extraction_papers/ontocast_runs/run_500_more_20260721_105503/input/paper-2021_a_proactive_predictive_model_for_machine_failure_forecasting.pdf,hardlink
334,paper-2027,paper-2027_remaining_useful_life_interval_prediction_for_lithium_ion_batteries_via_periodic_time_series.pdf,extraction_papers/paper-2027_remaining_useful_life_interval_prediction_for_lithium_ion_batteries_via_periodic_time_series.pdf,extraction_papers/ontocast_runs/run_500_more_20260721_105503/input/paper-2027_remaining_useful_life_interval_prediction_for_lithium_ion_batteries_via_periodic_time_series.pdf,hardlink
335,paper-2028,paper-2028_a_real_time_diagnostic_system_using_a_long_short_term_memory_model_with_signal_reshaping_tec.pdf,extraction_papers/paper-2028_a_real_time_diagnostic_system_using_a_long_short_term_memory_model_with_signal_reshaping_tec.pdf,extraction_papers/ontocast_runs/run_500_more_20260721_105503/input/paper-2028_a_real_time_diagnostic_system_using_a_long_short_term_memory_model_with_signal_reshaping_tec.pdf,hardlink
336,paper-2029,paper-2029_unsupervised_classification_and_remaining_useful_life_prediction_for_turbofan_engines_using.pdf,extraction_papers/paper-2029_unsupervised_classification_and_remaining_useful_life_prediction_for_turbofan_engines_using.pdf,extraction_papers/ontocast_runs/run_500_more_20260721_105503/input/paper-2029_unsupervised_classification_and_remaining_useful_life_prediction_for_turbofan_engines_using.pdf,hardlink
337,paper-2030,paper-2030_semi_supervised_deep_learning_framework_for_predictive_maintenance_in_offshore_wind_turbines.pdf,extraction_papers/paper-2030_semi_supervised_deep_learning_framework_for_predictive_maintenance_in_offshore_wind_turbines.pdf,extraction_papers/ontocast_runs/run_500_more_20260721_105503/input/paper-2030_semi_supervised_deep_learning_framework_for_predictive_maintenance_in_offshore_wind_turbines.pdf,hardlink
338,paper-2031,paper-2031_research_on_mechanical_fault_diagnosis_method_of_isolation_switch_based_on_variational_autoe.pdf,extraction_papers/paper-2031_research_on_mechanical_fault_diagnosis_method_of_isolation_switch_based_on_variational_autoe.pdf,extraction_papers/ontocast_runs/run_500_more_20260721_105503/input/paper-2031_research_on_mechanical_fault_diagnosis_method_of_isolation_switch_based_on_variational_autoe.pdf,hardlink
339,paper-2032,paper-2032_integrating_ai_and_iot_for_predictive_maintenance_in_industry_4_0_manufacturing_environments.pdf,extraction_papers/paper-2032_integrating_ai_and_iot_for_predictive_maintenance_in_industry_4_0_manufacturing_environments.pdf,extraction_papers/ontocast_runs/run_500_more_20260721_105503/input/paper-2032_integrating_ai_and_iot_for_predictive_maintenance_in_industry_4_0_manufacturing_environments.pdf,hardlink
340,paper-2034,paper-2034_artificial_intelligence_agent_enabled_predictive_maintenance_conceptual_proposal_and_basic_f.pdf,extraction_papers/paper-2034_artificial_intelligence_agent_enabled_predictive_maintenance_conceptual_proposal_and_basic_f.pdf,extraction_papers/ontocast_runs/run_500_more_20260721_105503/input/paper-2034_artificial_intelligence_agent_enabled_predictive_maintenance_conceptual_proposal_and_basic_f.pdf,hardlink
341,paper-2035,paper-2035_predicting_the_remaining_useful_life_of_metro_pantograph_sliding_strips_using_gamma_processe.pdf,extraction_papers/paper-2035_predicting_the_remaining_useful_life_of_metro_pantograph_sliding_strips_using_gamma_processe.pdf,extraction_papers/ontocast_runs/run_500_more_20260721_105503/input/paper-2035_predicting_the_remaining_useful_life_of_metro_pantograph_sliding_strips_using_gamma_processe.pdf,hardlink
342,paper-2036,paper-2036_fluid_dynamic_model_agnostic_federated_learning_with_pruning_and_knowledge_distillation_for.pdf,extraction_papers/paper-2036_fluid_dynamic_model_agnostic_federated_learning_with_pruning_and_knowledge_distillation_for.pdf,extraction_papers/ontocast_runs/run_500_more_20260721_105503/input/paper-2036_fluid_dynamic_model_agnostic_federated_learning_with_pruning_and_knowledge_distillation_for.pdf,hardlink
343,paper-2037,paper-2037_data_driven_fouling_detection_in_refinery_preheat_train_heat_exchangers_using_neural_network.pdf,extraction_papers/paper-2037_data_driven_fouling_detection_in_refinery_preheat_train_heat_exchangers_using_neural_network.pdf,extraction_papers/ontocast_runs/run_500_more_20260721_105503/input/paper-2037_data_driven_fouling_detection_in_refinery_preheat_train_heat_exchangers_using_neural_network.pdf,hardlink
344,paper-2038,paper-2038_improving_mechanical_fault_diagnosis_using_graph_neural_networks_with_dynamic_and_multiscale.pdf,extraction_papers/paper-2038_improving_mechanical_fault_diagnosis_using_graph_neural_networks_with_dynamic_and_multiscale.pdf,extraction_papers/ontocast_runs/run_500_more_20260721_105503/input/paper-2038_improving_mechanical_fault_diagnosis_using_graph_neural_networks_with_dynamic_and_multiscale.pdf,hardlink
345,paper-2042,paper-2042_an_interpretable_hybrid_fault_prediction_framework_using_xgboost_and_a_probabilistic_graphic.pdf,extraction_papers/paper-2042_an_interpretable_hybrid_fault_prediction_framework_using_xgboost_and_a_probabilistic_graphic.pdf,extraction_papers/ontocast_runs/run_500_more_20260721_105503/input/paper-2042_an_interpretable_hybrid_fault_prediction_framework_using_xgboost_and_a_probabilistic_graphic.pdf,hardlink
346,paper-2049,paper-2049_uncertainty_quantification_of_the_impact_of_high_pressure_compressor_blade_geometric_deviati.pdf,extraction_papers/paper-2049_uncertainty_quantification_of_the_impact_of_high_pressure_compressor_blade_geometric_deviati.pdf,extraction_papers/ontocast_runs/run_500_more_20260721_105503/input/paper-2049_uncertainty_quantification_of_the_impact_of_high_pressure_compressor_blade_geometric_deviati.pdf,hardlink
347,paper-2051,paper-2051_virtual_reality_and_digital_twins_for_catastrophic_failure_prevention_in_industry_4_0.pdf,extraction_papers/paper-2051_virtual_reality_and_digital_twins_for_catastrophic_failure_prevention_in_industry_4_0.pdf,extraction_papers/ontocast_runs/run_500_more_20260721_105503/input/paper-2051_virtual_reality_and_digital_twins_for_catastrophic_failure_prevention_in_industry_4_0.pdf,hardlink
348,paper-2053,paper-2053_intelligent_fault_warning_method_for_wind_turbine_gear_transmission_system_driven_by_digital.pdf,extraction_papers/paper-2053_intelligent_fault_warning_method_for_wind_turbine_gear_transmission_system_driven_by_digital.pdf,extraction_papers/ontocast_runs/run_500_more_20260721_105503/input/paper-2053_intelligent_fault_warning_method_for_wind_turbine_gear_transmission_system_driven_by_digital.pdf,hardlink
349,paper-2055,paper-2055_research_on_the_response_characteristics_of_core_grounding_current_signals_in_power_transfor.pdf,extraction_papers/paper-2055_research_on_the_response_characteristics_of_core_grounding_current_signals_in_power_transfor.pdf,extraction_papers/ontocast_runs/run_500_more_20260721_105503/input/paper-2055_research_on_the_response_characteristics_of_core_grounding_current_signals_in_power_transfor.pdf,hardlink
350,paper-2056,paper-2056_dynamic_vision_based_non_contact_rotating_machine_fault_diagnosis_with_evit.pdf,extraction_papers/paper-2056_dynamic_vision_based_non_contact_rotating_machine_fault_diagnosis_with_evit.pdf,extraction_papers/ontocast_runs/run_500_more_20260721_105503/input/paper-2056_dynamic_vision_based_non_contact_rotating_machine_fault_diagnosis_with_evit.pdf,hardlink
351,paper-2059,paper-2059_wear_performance_and_wear_monitoring_of_nylon_gears_made_using_conventional_and_additive_man.pdf,extraction_papers/paper-2059_wear_performance_and_wear_monitoring_of_nylon_gears_made_using_conventional_and_additive_man.pdf,extraction_papers/ontocast_runs/run_500_more_20260721_105503/input/paper-2059_wear_performance_and_wear_monitoring_of_nylon_gears_made_using_conventional_and_additive_man.pdf,hardlink
352,paper-2060,paper-2060_discharge_based_dc_bus_voltage_link_capacitor_monitoring_with_repetitive_recursive_least_squ.pdf,extraction_papers/paper-2060_discharge_based_dc_bus_voltage_link_capacitor_monitoring_with_repetitive_recursive_least_squ.pdf,extraction_papers/ontocast_runs/run_500_more_20260721_105503/input/paper-2060_discharge_based_dc_bus_voltage_link_capacitor_monitoring_with_repetitive_recursive_least_squ.pdf,hardlink
353,paper-2061,paper-2061_predictive_maintenance_system_to_rul_prediction_of_li_ion_batteries_and_identify_the_fault_t.pdf,extraction_papers/paper-2061_predictive_maintenance_system_to_rul_prediction_of_li_ion_batteries_and_identify_the_fault_t.pdf,extraction_papers/ontocast_runs/run_500_more_20260721_105503/input/paper-2061_predictive_maintenance_system_to_rul_prediction_of_li_ion_batteries_and_identify_the_fault_t.pdf,hardlink
354,paper-2062,paper-2062_tool_condition_monitoring_in_milling_using_cutting_force_and_temperature_data_from_an_instru.pdf,extraction_papers/paper-2062_tool_condition_monitoring_in_milling_using_cutting_force_and_temperature_data_from_an_instru.pdf,extraction_papers/ontocast_runs/run_500_more_20260721_105503/input/paper-2062_tool_condition_monitoring_in_milling_using_cutting_force_and_temperature_data_from_an_instru.pdf,hardlink
355,paper-2068,paper-2068_motor_fault_diagnosis_and_predictive_maintenance_based_on_a_fine_tuned_qwen2_5_7b_model.pdf,extraction_papers/paper-2068_motor_fault_diagnosis_and_predictive_maintenance_based_on_a_fine_tuned_qwen2_5_7b_model.pdf,extraction_papers/ontocast_runs/run_500_more_20260721_105503/input/paper-2068_motor_fault_diagnosis_and_predictive_maintenance_based_on_a_fine_tuned_qwen2_5_7b_model.pdf,hardlink
356,paper-2070,paper-2070_apriori_enhanced_transformer_with_federated_graph_neural_networks_for_real_time_dairy_proces.pdf,extraction_papers/paper-2070_apriori_enhanced_transformer_with_federated_graph_neural_networks_for_real_time_dairy_proces.pdf,extraction_papers/ontocast_runs/run_500_more_20260721_105503/input/paper-2070_apriori_enhanced_transformer_with_federated_graph_neural_networks_for_real_time_dairy_proces.pdf,hardlink
357,paper-2071,paper-2071_study_of_budding_snubber_quality_deterioration_in_solid_oxide_fuel_cell_fed_inverter_used_in.pdf,extraction_papers/paper-2071_study_of_budding_snubber_quality_deterioration_in_solid_oxide_fuel_cell_fed_inverter_used_in.pdf,extraction_papers/ontocast_runs/run_500_more_20260721_105503/input/paper-2071_study_of_budding_snubber_quality_deterioration_in_solid_oxide_fuel_cell_fed_inverter_used_in.pdf,hardlink
358,paper-2072,paper-2072_implementing_ubiquitous_computing_for_remote_monitoring_of_marine_infrastructure_in_harsh_en.pdf,extraction_papers/paper-2072_implementing_ubiquitous_computing_for_remote_monitoring_of_marine_infrastructure_in_harsh_en.pdf,extraction_papers/ontocast_runs/run_500_more_20260721_105503/input/paper-2072_implementing_ubiquitous_computing_for_remote_monitoring_of_marine_infrastructure_in_harsh_en.pdf,hardlink
359,paper-2073,paper-2073_novel_z_chart_for_predicting_insufficient_oil_of_automotive_belt_driven_air_conditioning_com.pdf,extraction_papers/paper-2073_novel_z_chart_for_predicting_insufficient_oil_of_automotive_belt_driven_air_conditioning_com.pdf,extraction_papers/ontocast_runs/run_500_more_20260721_105503/input/paper-2073_novel_z_chart_for_predicting_insufficient_oil_of_automotive_belt_driven_air_conditioning_com.pdf,hardlink
360,paper-2075,paper-2075_research_on_tool_tip_wear_detection_and_life_prediction_based_on_an_improved_l1ps_model.pdf,extraction_papers/paper-2075_research_on_tool_tip_wear_detection_and_life_prediction_based_on_an_improved_l1ps_model.pdf,extraction_papers/ontocast_runs/run_500_more_20260721_105503/input/paper-2075_research_on_tool_tip_wear_detection_and_life_prediction_based_on_an_improved_l1ps_model.pdf,hardlink
361,paper-2077,paper-2077_fault_diagnosis_method_for_rolling_bearings_based_on_a_digital_twin_and_wset_cnn_feature_ext.pdf,extraction_papers/paper-2077_fault_diagnosis_method_for_rolling_bearings_based_on_a_digital_twin_and_wset_cnn_feature_ext.pdf,extraction_papers/ontocast_runs/run_500_more_20260721_105503/input/paper-2077_fault_diagnosis_method_for_rolling_bearings_based_on_a_digital_twin_and_wset_cnn_feature_ext.pdf,hardlink
362,paper-2078,paper-2078_remaining_useful_life_prediction_of_rolling_bearings_based_on_an_improved_u_net_and_a_multi.pdf,extraction_papers/paper-2078_remaining_useful_life_prediction_of_rolling_bearings_based_on_an_improved_u_net_and_a_multi.pdf,extraction_papers/ontocast_runs/run_500_more_20260721_105503/input/paper-2078_remaining_useful_life_prediction_of_rolling_bearings_based_on_an_improved_u_net_and_a_multi.pdf,hardlink
363,paper-2079,paper-2079_quantitative_prediction_model_for_lithium_ion_battery_life_uncertainty_based_on_dae_cnn_bigr.pdf,extraction_papers/paper-2079_quantitative_prediction_model_for_lithium_ion_battery_life_uncertainty_based_on_dae_cnn_bigr.pdf,extraction_papers/ontocast_runs/run_500_more_20260721_105503/input/paper-2079_quantitative_prediction_model_for_lithium_ion_battery_life_uncertainty_based_on_dae_cnn_bigr.pdf,hardlink
364,paper-2080,paper-2080_the_development_of_a_predictive_maintenance_system_for_gearboxes_through_a_statistical_diagn.pdf,extraction_papers/paper-2080_the_development_of_a_predictive_maintenance_system_for_gearboxes_through_a_statistical_diagn.pdf,extraction_papers/ontocast_runs/run_500_more_20260721_105503/input/paper-2080_the_development_of_a_predictive_maintenance_system_for_gearboxes_through_a_statistical_diagn.pdf,hardlink
365,paper-2081,paper-2081_p2iformer_a_multi_granularity_patch_to_image_embedding_model_for_fault_diagnosis_of_high_spe.pdf,extraction_papers/paper-2081_p2iformer_a_multi_granularity_patch_to_image_embedding_model_for_fault_diagnosis_of_high_spe.pdf,extraction_papers/ontocast_runs/run_500_more_20260721_105503/input/paper-2081_p2iformer_a_multi_granularity_patch_to_image_embedding_model_for_fault_diagnosis_of_high_spe.pdf,hardlink
366,paper-2083,paper-2083_hybrid_artificial_intelligence_model_for_reliable_decision_making_in_power_transformer_maint.pdf,extraction_papers/paper-2083_hybrid_artificial_intelligence_model_for_reliable_decision_making_in_power_transformer_maint.pdf,extraction_papers/ontocast_runs/run_500_more_20260721_105503/input/paper-2083_hybrid_artificial_intelligence_model_for_reliable_decision_making_in_power_transformer_maint.pdf,hardlink
367,paper-2084,paper-2084_fault_detection_of_cyber_physical_systems_using_a_transfer_learning_method_based_on_pre_trai.pdf,extraction_papers/paper-2084_fault_detection_of_cyber_physical_systems_using_a_transfer_learning_method_based_on_pre_trai.pdf,extraction_papers/ontocast_runs/run_500_more_20260721_105503/input/paper-2084_fault_detection_of_cyber_physical_systems_using_a_transfer_learning_method_based_on_pre_trai.pdf,hardlink
368,paper-2086,paper-2086_collaborative_fusion_attention_mechanism_for_vehicle_fault_prediction.pdf,extraction_papers/paper-2086_collaborative_fusion_attention_mechanism_for_vehicle_fault_prediction.pdf,extraction_papers/ontocast_runs/run_500_more_20260721_105503/input/paper-2086_collaborative_fusion_attention_mechanism_for_vehicle_fault_prediction.pdf,hardlink
369,paper-2089,paper-2089_machine_fault_diagnosis_using_random_forest_with_recursive_feature_elimination_and_cross_val.pdf,extraction_papers/paper-2089_machine_fault_diagnosis_using_random_forest_with_recursive_feature_elimination_and_cross_val.pdf,extraction_papers/ontocast_runs/run_500_more_20260721_105503/input/paper-2089_machine_fault_diagnosis_using_random_forest_with_recursive_feature_elimination_and_cross_val.pdf,hardlink
370,paper-2092,paper-2092_electroluminescent_sensing_coating_for_on_line_detection_of_zero_value_insulators_in_high_vo.pdf,extraction_papers/paper-2092_electroluminescent_sensing_coating_for_on_line_detection_of_zero_value_insulators_in_high_vo.pdf,extraction_papers/ontocast_runs/run_500_more_20260721_105503/input/paper-2092_electroluminescent_sensing_coating_for_on_line_detection_of_zero_value_insulators_in_high_vo.pdf,hardlink
371,paper-2095,paper-2095_multi_sensor_fusion_and_deep_learning_for_predictive_lubricant_health_assessment.pdf,extraction_papers/paper-2095_multi_sensor_fusion_and_deep_learning_for_predictive_lubricant_health_assessment.pdf,extraction_papers/ontocast_runs/run_500_more_20260721_105503/input/paper-2095_multi_sensor_fusion_and_deep_learning_for_predictive_lubricant_health_assessment.pdf,hardlink
372,paper-2097,paper-2097_robust_algorithm_for_calculating_the_alignment_of_guide_rolls_in_slab_continuous_casting_mac.pdf,extraction_papers/paper-2097_robust_algorithm_for_calculating_the_alignment_of_guide_rolls_in_slab_continuous_casting_mac.pdf,extraction_papers/ontocast_runs/run_500_more_20260721_105503/input/paper-2097_robust_algorithm_for_calculating_the_alignment_of_guide_rolls_in_slab_continuous_casting_mac.pdf,hardlink
373,paper-2099,paper-2099_determination_of_the_condition_of_railway_rolling_stock_using_automatic_classifiers.pdf,extraction_papers/paper-2099_determination_of_the_condition_of_railway_rolling_stock_using_automatic_classifiers.pdf,extraction_papers/ontocast_runs/run_500_more_20260721_105503/input/paper-2099_determination_of_the_condition_of_railway_rolling_stock_using_automatic_classifiers.pdf,hardlink
374,paper-2101,paper-2101_study_on_the_unipolar_impulse_aging_characteristics_of_zno_varistors_and_their_condition_mon.pdf,extraction_papers/paper-2101_study_on_the_unipolar_impulse_aging_characteristics_of_zno_varistors_and_their_condition_mon.pdf,extraction_papers/ontocast_runs/run_500_more_20260721_105503/input/paper-2101_study_on_the_unipolar_impulse_aging_characteristics_of_zno_varistors_and_their_condition_mon.pdf,hardlink
375,paper-2103,paper-2103_a_fault_detection_method_for_multi_sensor_data_of_spring_circuit_breakers_based_on_the_rf_ad.pdf,extraction_papers/paper-2103_a_fault_detection_method_for_multi_sensor_data_of_spring_circuit_breakers_based_on_the_rf_ad.pdf,extraction_papers/ontocast_runs/run_500_more_20260721_105503/input/paper-2103_a_fault_detection_method_for_multi_sensor_data_of_spring_circuit_breakers_based_on_the_rf_ad.pdf,hardlink
376,paper-2107,paper-2107_machine_learning_based_predictive_maintenance_at_smart_ports_using_iot_sensor_data.pdf,extraction_papers/paper-2107_machine_learning_based_predictive_maintenance_at_smart_ports_using_iot_sensor_data.pdf,extraction_papers/ontocast_runs/run_500_more_20260721_105503/input/paper-2107_machine_learning_based_predictive_maintenance_at_smart_ports_using_iot_sensor_data.pdf,hardlink
377,paper-2110,paper-2110_comparative_study_of_informative_acoustic_features_for_vtol_uav_faulty_prediction_using_mach.pdf,extraction_papers/paper-2110_comparative_study_of_informative_acoustic_features_for_vtol_uav_faulty_prediction_using_mach.pdf,extraction_papers/ontocast_runs/run_500_more_20260721_105503/input/paper-2110_comparative_study_of_informative_acoustic_features_for_vtol_uav_faulty_prediction_using_mach.pdf,hardlink
378,paper-2111,paper-2111_high_throughput_pv_module_diagnostics_using_a_compact_nir_spectrometer.pdf,extraction_papers/paper-2111_high_throughput_pv_module_diagnostics_using_a_compact_nir_spectrometer.pdf,extraction_papers/ontocast_runs/run_500_more_20260721_105503/input/paper-2111_high_throughput_pv_module_diagnostics_using_a_compact_nir_spectrometer.pdf,hardlink
379,paper-2112,paper-2112_a_machine_learning_framework_with_shapley_s_additive_explanations_to_assess_solder_joint_rel.pdf,extraction_papers/paper-2112_a_machine_learning_framework_with_shapley_s_additive_explanations_to_assess_solder_joint_rel.pdf,extraction_papers/ontocast_runs/run_500_more_20260721_105503/input/paper-2112_a_machine_learning_framework_with_shapley_s_additive_explanations_to_assess_solder_joint_rel.pdf,hardlink
380,paper-2113,paper-2113_operational_stress_and_degradation_of_inverters_in_renewable_and_industrial_power_systems.pdf,extraction_papers/paper-2113_operational_stress_and_degradation_of_inverters_in_renewable_and_industrial_power_systems.pdf,extraction_papers/ontocast_runs/run_500_more_20260721_105503/input/paper-2113_operational_stress_and_degradation_of_inverters_in_renewable_and_industrial_power_systems.pdf,hardlink
381,paper-2116,paper-2116_aging_assessment_of_power_transformers_with_data_science.pdf,extraction_papers/paper-2116_aging_assessment_of_power_transformers_with_data_science.pdf,extraction_papers/ontocast_runs/run_500_more_20260721_105503/input/paper-2116_aging_assessment_of_power_transformers_with_data_science.pdf,hardlink
382,paper-2117,paper-2117_dfpold_a_hard_disk_failure_prediction_on_low_quality_datasets.pdf,extraction_papers/paper-2117_dfpold_a_hard_disk_failure_prediction_on_low_quality_datasets.pdf,extraction_papers/ontocast_runs/run_500_more_20260721_105503/input/paper-2117_dfpold_a_hard_disk_failure_prediction_on_low_quality_datasets.pdf,hardlink
383,paper-2118,paper-2118_an_explainable_deep_learning_based_predictive_maintenance_solution_for_air_compressor_condit.pdf,extraction_papers/paper-2118_an_explainable_deep_learning_based_predictive_maintenance_solution_for_air_compressor_condit.pdf,extraction_papers/ontocast_runs/run_500_more_20260721_105503/input/paper-2118_an_explainable_deep_learning_based_predictive_maintenance_solution_for_air_compressor_condit.pdf,hardlink
384,paper-2120,paper-2120_sampling_based_next_event_prediction_for_wind_turbine_maintenance_processes.pdf,extraction_papers/paper-2120_sampling_based_next_event_prediction_for_wind_turbine_maintenance_processes.pdf,extraction_papers/ontocast_runs/run_500_more_20260721_105503/input/paper-2120_sampling_based_next_event_prediction_for_wind_turbine_maintenance_processes.pdf,hardlink
385,paper-2122,paper-2122_a_reproducible_pipeline_for_leveraging_operational_data_through_machine_learning_in_digitall.pdf,extraction_papers/paper-2122_a_reproducible_pipeline_for_leveraging_operational_data_through_machine_learning_in_digitall.pdf,extraction_papers/ontocast_runs/run_500_more_20260721_105503/input/paper-2122_a_reproducible_pipeline_for_leveraging_operational_data_through_machine_learning_in_digitall.pdf,hardlink
386,paper-2125,paper-2125_audible_noise_based_hardware_system_for_acoustic_monitoring_in_wind_turbines.pdf,extraction_papers/paper-2125_audible_noise_based_hardware_system_for_acoustic_monitoring_in_wind_turbines.pdf,extraction_papers/ontocast_runs/run_500_more_20260721_105503/input/paper-2125_audible_noise_based_hardware_system_for_acoustic_monitoring_in_wind_turbines.pdf,hardlink
387,paper-2126,paper-2126_dual_branch_deep_learning_with_dynamic_stage_detection_for_ct_tube_life_prediction.pdf,extraction_papers/paper-2126_dual_branch_deep_learning_with_dynamic_stage_detection_for_ct_tube_life_prediction.pdf,extraction_papers/ontocast_runs/run_500_more_20260721_105503/input/paper-2126_dual_branch_deep_learning_with_dynamic_stage_detection_for_ct_tube_life_prediction.pdf,hardlink
388,paper-2128,paper-2128_graph_based_fault_diagnosis_for_rotating_machinery_adaptive_segmentation_and_structural_feat.pdf,extraction_papers/paper-2128_graph_based_fault_diagnosis_for_rotating_machinery_adaptive_segmentation_and_structural_feat.pdf,extraction_papers/ontocast_runs/run_500_more_20260721_105503/input/paper-2128_graph_based_fault_diagnosis_for_rotating_machinery_adaptive_segmentation_and_structural_feat.pdf,hardlink
389,paper-2129,paper-2129_life_prediction_and_health_assessment_of_aero_engine_gas_path_using_digital_twin_and_deep_le.pdf,extraction_papers/paper-2129_life_prediction_and_health_assessment_of_aero_engine_gas_path_using_digital_twin_and_deep_le.pdf,extraction_papers/ontocast_runs/run_500_more_20260721_105503/input/paper-2129_life_prediction_and_health_assessment_of_aero_engine_gas_path_using_digital_twin_and_deep_le.pdf,hardlink
390,paper-2133,paper-2133_a_lightweight_transformer_edge_intelligence_model_for_rul_prediction_classification.pdf,extraction_papers/paper-2133_a_lightweight_transformer_edge_intelligence_model_for_rul_prediction_classification.pdf,extraction_papers/ontocast_runs/run_500_more_20260721_105503/input/paper-2133_a_lightweight_transformer_edge_intelligence_model_for_rul_prediction_classification.pdf,hardlink
391,paper-2134,paper-2134_self_calibrating_tsep_for_junction_temperature_and_rul_prediction_in_gan_hemts.pdf,extraction_papers/paper-2134_self_calibrating_tsep_for_junction_temperature_and_rul_prediction_in_gan_hemts.pdf,extraction_papers/ontocast_runs/run_500_more_20260721_105503/input/paper-2134_self_calibrating_tsep_for_junction_temperature_and_rul_prediction_in_gan_hemts.pdf,hardlink
392,paper-2137,paper-2137_benchmarking_control_strategies_for_multi_component_degradation_mcd_detection_in_digital_twi.pdf,extraction_papers/paper-2137_benchmarking_control_strategies_for_multi_component_degradation_mcd_detection_in_digital_twi.pdf,extraction_papers/ontocast_runs/run_500_more_20260721_105503/input/paper-2137_benchmarking_control_strategies_for_multi_component_degradation_mcd_detection_in_digital_twi.pdf,hardlink
393,paper-2142,paper-2142_neural_network_based_estimation_of_gear_safety_factors_from_iso_based_simulations.pdf,extraction_papers/paper-2142_neural_network_based_estimation_of_gear_safety_factors_from_iso_based_simulations.pdf,extraction_papers/ontocast_runs/run_500_more_20260721_105503/input/paper-2142_neural_network_based_estimation_of_gear_safety_factors_from_iso_based_simulations.pdf,hardlink
394,paper-2144,paper-2144_analysis_of_uncertainty_in_conveyor_belt_condition_assessment_using_time_based_indicators.pdf,extraction_papers/paper-2144_analysis_of_uncertainty_in_conveyor_belt_condition_assessment_using_time_based_indicators.pdf,extraction_papers/ontocast_runs/run_500_more_20260721_105503/input/paper-2144_analysis_of_uncertainty_in_conveyor_belt_condition_assessment_using_time_based_indicators.pdf,hardlink
395,paper-2146,paper-2146_self_powered_in_situ_sensing_for_planetary_gearbox_via_floating_freestanding_layer_mode_trib.pdf,extraction_papers/paper-2146_self_powered_in_situ_sensing_for_planetary_gearbox_via_floating_freestanding_layer_mode_trib.pdf,extraction_papers/ontocast_runs/run_500_more_20260721_105503/input/paper-2146_self_powered_in_situ_sensing_for_planetary_gearbox_via_floating_freestanding_layer_mode_trib.pdf,hardlink
396,paper-2148,paper-2148_spatial_temporal_hotspot_management_of_photovoltaic_modules_based_on_fiber_bragg_grating_sen.pdf,extraction_papers/paper-2148_spatial_temporal_hotspot_management_of_photovoltaic_modules_based_on_fiber_bragg_grating_sen.pdf,extraction_papers/ontocast_runs/run_500_more_20260721_105503/input/paper-2148_spatial_temporal_hotspot_management_of_photovoltaic_modules_based_on_fiber_bragg_grating_sen.pdf,hardlink
397,paper-2151,paper-2151_analysis_of_the_state_and_fault_detection_of_a_plastic_injection_machine_a_machine_learning.pdf,extraction_papers/paper-2151_analysis_of_the_state_and_fault_detection_of_a_plastic_injection_machine_a_machine_learning.pdf,extraction_papers/ontocast_runs/run_500_more_20260721_105503/input/paper-2151_analysis_of_the_state_and_fault_detection_of_a_plastic_injection_machine_a_machine_learning.pdf,hardlink
398,paper-2153,paper-2153_an_end_to_end_approach_based_on_a_bidirectional_long_short_term_memory_neural_network_for_di.pdf,extraction_papers/paper-2153_an_end_to_end_approach_based_on_a_bidirectional_long_short_term_memory_neural_network_for_di.pdf,extraction_papers/ontocast_runs/run_500_more_20260721_105503/input/paper-2153_an_end_to_end_approach_based_on_a_bidirectional_long_short_term_memory_neural_network_for_di.pdf,hardlink
399,paper-2155,paper-2155_vibration_based_gearbox_fault_diagnosis_using_a_multi_scale_convolutional_neural_network_wit.pdf,extraction_papers/paper-2155_vibration_based_gearbox_fault_diagnosis_using_a_multi_scale_convolutional_neural_network_wit.pdf,extraction_papers/ontocast_runs/run_500_more_20260721_105503/input/paper-2155_vibration_based_gearbox_fault_diagnosis_using_a_multi_scale_convolutional_neural_network_wit.pdf,hardlink
400,paper-2157,paper-2157_predictive_reliability_driven_optimization_of_spare_parts_management_in_aircraft_fleets_usin.pdf,extraction_papers/paper-2157_predictive_reliability_driven_optimization_of_spare_parts_management_in_aircraft_fleets_usin.pdf,extraction_papers/ontocast_runs/run_500_more_20260721_105503/input/paper-2157_predictive_reliability_driven_optimization_of_spare_parts_management_in_aircraft_fleets_usin.pdf,hardlink
401,paper-2158,paper-2158_a_deep_learning_based_diagnostic_framework_for_shaft_earthing_brush_faults_in_large_turbine.pdf,extraction_papers/paper-2158_a_deep_learning_based_diagnostic_framework_for_shaft_earthing_brush_faults_in_large_turbine.pdf,extraction_papers/ontocast_runs/run_500_more_20260721_105503/input/paper-2158_a_deep_learning_based_diagnostic_framework_for_shaft_earthing_brush_faults_in_large_turbine.pdf,hardlink
402,paper-2160,paper-2160_future_directions_in_wind_energy_automation_robotic_maintenance_and_cutting_edge_communicati.pdf,extraction_papers/paper-2160_future_directions_in_wind_energy_automation_robotic_maintenance_and_cutting_edge_communicati.pdf,extraction_papers/ontocast_runs/run_500_more_20260721_105503/input/paper-2160_future_directions_in_wind_energy_automation_robotic_maintenance_and_cutting_edge_communicati.pdf,hardlink
403,paper-2161,paper-2161_reducing_oil_waste_through_condition_based_maintenance_a_diagnostic_study_using_ftir_and_vis.pdf,extraction_papers/paper-2161_reducing_oil_waste_through_condition_based_maintenance_a_diagnostic_study_using_ftir_and_vis.pdf,extraction_papers/ontocast_runs/run_500_more_20260721_105503/input/paper-2161_reducing_oil_waste_through_condition_based_maintenance_a_diagnostic_study_using_ftir_and_vis.pdf,hardlink
404,paper-2164,paper-2164_a_novel_back_propagation_neural_network_based_on_the_harris_hawks_optimization_algorithm_for.pdf,extraction_papers/paper-2164_a_novel_back_propagation_neural_network_based_on_the_harris_hawks_optimization_algorithm_for.pdf,extraction_papers/ontocast_runs/run_500_more_20260721_105503/input/paper-2164_a_novel_back_propagation_neural_network_based_on_the_harris_hawks_optimization_algorithm_for.pdf,hardlink
405,paper-2165,paper-2165_a_study_on_tool_breakage_detection_technology_based_on_current_sensing_and_non_contact_signa.pdf,extraction_papers/paper-2165_a_study_on_tool_breakage_detection_technology_based_on_current_sensing_and_non_contact_signa.pdf,extraction_papers/ontocast_runs/run_500_more_20260721_105503/input/paper-2165_a_study_on_tool_breakage_detection_technology_based_on_current_sensing_and_non_contact_signa.pdf,hardlink
406,paper-2166,paper-2166_digital_twin_enabled_monitoring_and_modeling_of_substation_secondary_systems_in_distributed.pdf,extraction_papers/paper-2166_digital_twin_enabled_monitoring_and_modeling_of_substation_secondary_systems_in_distributed.pdf,extraction_papers/ontocast_runs/run_500_more_20260721_105503/input/paper-2166_digital_twin_enabled_monitoring_and_modeling_of_substation_secondary_systems_in_distributed.pdf,hardlink
407,paper-2180,paper-2180_a_novel_condition_monitoring_technique_for_mining_ground_engagement_tools_via_modal_analysis.pdf,extraction_papers/paper-2180_a_novel_condition_monitoring_technique_for_mining_ground_engagement_tools_via_modal_analysis.pdf,extraction_papers/ontocast_runs/run_500_more_20260721_105503/input/paper-2180_a_novel_condition_monitoring_technique_for_mining_ground_engagement_tools_via_modal_analysis.pdf,hardlink
408,paper-2181,paper-2181_high_speed_train_bearing_health_assessment_based_on_degradation_stages_through_diagnosis_and.pdf,extraction_papers/paper-2181_high_speed_train_bearing_health_assessment_based_on_degradation_stages_through_diagnosis_and.pdf,extraction_papers/ontocast_runs/run_500_more_20260721_105503/input/paper-2181_high_speed_train_bearing_health_assessment_based_on_degradation_stages_through_diagnosis_and.pdf,hardlink
409,paper-2183,paper-2183_a_new_method_of_remaining_useful_lifetime_estimation_for_a_degradation_process_with_random_j.pdf,extraction_papers/paper-2183_a_new_method_of_remaining_useful_lifetime_estimation_for_a_degradation_process_with_random_j.pdf,extraction_papers/ontocast_runs/run_500_more_20260721_105503/input/paper-2183_a_new_method_of_remaining_useful_lifetime_estimation_for_a_degradation_process_with_random_j.pdf,hardlink
410,paper-2184,paper-2184_synergistic_wset_cnn_and_confidence_driven_pseudo_labeling_for_few_shot_aero_engine_bearing.pdf,extraction_papers/paper-2184_synergistic_wset_cnn_and_confidence_driven_pseudo_labeling_for_few_shot_aero_engine_bearing.pdf,extraction_papers/ontocast_runs/run_500_more_20260721_105503/input/paper-2184_synergistic_wset_cnn_and_confidence_driven_pseudo_labeling_for_few_shot_aero_engine_bearing.pdf,hardlink
411,paper-2185,paper-2185_towards_fault_diagnosis_interpretability_gradient_boosting_framework_for_vibration_based_det.pdf,extraction_papers/paper-2185_towards_fault_diagnosis_interpretability_gradient_boosting_framework_for_vibration_based_det.pdf,extraction_papers/ontocast_runs/run_500_more_20260721_105503/input/paper-2185_towards_fault_diagnosis_interpretability_gradient_boosting_framework_for_vibration_based_det.pdf,hardlink
412,paper-2187,paper-2187_novel_debris_material_identification_method_based_on_impedance_microsensor.pdf,extraction_papers/paper-2187_novel_debris_material_identification_method_based_on_impedance_microsensor.pdf,extraction_papers/ontocast_runs/run_500_more_20260721_105503/input/paper-2187_novel_debris_material_identification_method_based_on_impedance_microsensor.pdf,hardlink
413,paper-2188,paper-2188_heterogeneous_information_fusion_for_robot_based_automated_monitoring_of_bearings_in_harsh_e.pdf,extraction_papers/paper-2188_heterogeneous_information_fusion_for_robot_based_automated_monitoring_of_bearings_in_harsh_e.pdf,extraction_papers/ontocast_runs/run_500_more_20260721_105503/input/paper-2188_heterogeneous_information_fusion_for_robot_based_automated_monitoring_of_bearings_in_harsh_e.pdf,hardlink
414,paper-2189,paper-2189_distribution_network_optimization_and_flexibility_enhancement_based_on_power_grid_equipment.pdf,extraction_papers/paper-2189_distribution_network_optimization_and_flexibility_enhancement_based_on_power_grid_equipment.pdf,extraction_papers/ontocast_runs/run_500_more_20260721_105503/input/paper-2189_distribution_network_optimization_and_flexibility_enhancement_based_on_power_grid_equipment.pdf,hardlink
415,paper-2190,paper-2190_detection_of_inter_turn_short_circuit_faults_for_inverter_fed_induction_motors_based_on_nega.pdf,extraction_papers/paper-2190_detection_of_inter_turn_short_circuit_faults_for_inverter_fed_induction_motors_based_on_nega.pdf,extraction_papers/ontocast_runs/run_500_more_20260721_105503/input/paper-2190_detection_of_inter_turn_short_circuit_faults_for_inverter_fed_induction_motors_based_on_nega.pdf,hardlink
416,paper-2194,paper-2194_leveraging_advanced_artificial_intelligence_techniques_for_accurate_fault_prediction_in_wind.pdf,extraction_papers/paper-2194_leveraging_advanced_artificial_intelligence_techniques_for_accurate_fault_prediction_in_wind.pdf,extraction_papers/ontocast_runs/run_500_more_20260721_105503/input/paper-2194_leveraging_advanced_artificial_intelligence_techniques_for_accurate_fault_prediction_in_wind.pdf,hardlink
417,paper-2195,paper-2195_constraint_guided_autoencoders_for_joint_optimization_of_condition_indicator_estimation_and.pdf,extraction_papers/paper-2195_constraint_guided_autoencoders_for_joint_optimization_of_condition_indicator_estimation_and.pdf,extraction_papers/ontocast_runs/run_500_more_20260721_105503/input/paper-2195_constraint_guided_autoencoders_for_joint_optimization_of_condition_indicator_estimation_and.pdf,hardlink
418,paper-2196,paper-2196_joint_estimation_of_lithium_ion_battery_health_status_and_remaining_service_life_by_transfer.pdf,extraction_papers/paper-2196_joint_estimation_of_lithium_ion_battery_health_status_and_remaining_service_life_by_transfer.pdf,extraction_papers/ontocast_runs/run_500_more_20260721_105503/input/paper-2196_joint_estimation_of_lithium_ion_battery_health_status_and_remaining_service_life_by_transfer.pdf,hardlink
419,paper-2198,paper-2198_fault_type_aware_remaining_useful_life_prediction_of_aircraft_engines_using_an_integrated_de.pdf,extraction_papers/paper-2198_fault_type_aware_remaining_useful_life_prediction_of_aircraft_engines_using_an_integrated_de.pdf,extraction_papers/ontocast_runs/run_500_more_20260721_105503/input/paper-2198_fault_type_aware_remaining_useful_life_prediction_of_aircraft_engines_using_an_integrated_de.pdf,hardlink
420,paper-2199,paper-2199_optimized_sensor_data_preprocessing_using_parameter_transfer_learning_for_wind_turbine_power.pdf,extraction_papers/paper-2199_optimized_sensor_data_preprocessing_using_parameter_transfer_learning_for_wind_turbine_power.pdf,extraction_papers/ontocast_runs/run_500_more_20260721_105503/input/paper-2199_optimized_sensor_data_preprocessing_using_parameter_transfer_learning_for_wind_turbine_power.pdf,hardlink
421,paper-2201,paper-2201_remaining_useful_life_prediction_of_turbine_engines_using_multimodal_transfer_learning.pdf,extraction_papers/paper-2201_remaining_useful_life_prediction_of_turbine_engines_using_multimodal_transfer_learning.pdf,extraction_papers/ontocast_runs/run_500_more_20260721_105503/input/paper-2201_remaining_useful_life_prediction_of_turbine_engines_using_multimodal_transfer_learning.pdf,hardlink
422,paper-2203,paper-2203_an_artificial_intelligence_based_novel_strategy_for_fault_prognostics_in_transformers.pdf,extraction_papers/paper-2203_an_artificial_intelligence_based_novel_strategy_for_fault_prognostics_in_transformers.pdf,extraction_papers/ontocast_runs/run_500_more_20260721_105503/input/paper-2203_an_artificial_intelligence_based_novel_strategy_for_fault_prognostics_in_transformers.pdf,hardlink
423,paper-2206,paper-2206_cumulative_failure_rate_prediction_of_edcu_in_subway_vehicles_based_on_rf_cnn_lstm_model.pdf,extraction_papers/paper-2206_cumulative_failure_rate_prediction_of_edcu_in_subway_vehicles_based_on_rf_cnn_lstm_model.pdf,extraction_papers/ontocast_runs/run_500_more_20260721_105503/input/paper-2206_cumulative_failure_rate_prediction_of_edcu_in_subway_vehicles_based_on_rf_cnn_lstm_model.pdf,hardlink
424,paper-2207,paper-2207_management_of_mobile_resonant_electrical_systems_for_high_voltage_generation_in_non_destruct.pdf,extraction_papers/paper-2207_management_of_mobile_resonant_electrical_systems_for_high_voltage_generation_in_non_destruct.pdf,extraction_papers/ontocast_runs/run_500_more_20260721_105503/input/paper-2207_management_of_mobile_resonant_electrical_systems_for_high_voltage_generation_in_non_destruct.pdf,hardlink
425,paper-2209,paper-2209_ontology_driven_digital_twin_framework_for_aviation_maintenance_and_operations.pdf,extraction_papers/paper-2209_ontology_driven_digital_twin_framework_for_aviation_maintenance_and_operations.pdf,extraction_papers/ontocast_runs/run_500_more_20260721_105503/input/paper-2209_ontology_driven_digital_twin_framework_for_aviation_maintenance_and_operations.pdf,hardlink
426,paper-2211,paper-2211_advanced_diagnostic_techniques_for_earthing_brush_faults_detection_in_large_turbine_generato.pdf,extraction_papers/paper-2211_advanced_diagnostic_techniques_for_earthing_brush_faults_detection_in_large_turbine_generato.pdf,extraction_papers/ontocast_runs/run_500_more_20260721_105503/input/paper-2211_advanced_diagnostic_techniques_for_earthing_brush_faults_detection_in_large_turbine_generato.pdf,hardlink
427,paper-2213,paper-2213_the_effect_of_defect_size_and_location_in_roller_bearing_fault_detection_experimental_insigh.pdf,extraction_papers/paper-2213_the_effect_of_defect_size_and_location_in_roller_bearing_fault_detection_experimental_insigh.pdf,extraction_papers/ontocast_runs/run_500_more_20260721_105503/input/paper-2213_the_effect_of_defect_size_and_location_in_roller_bearing_fault_detection_experimental_insigh.pdf,hardlink
428,paper-2216,paper-2216_a_hyperspectral_analysis_based_approach_for_estimation_of_wear_metal_content_in_lubricating.pdf,extraction_papers/paper-2216_a_hyperspectral_analysis_based_approach_for_estimation_of_wear_metal_content_in_lubricating.pdf,extraction_papers/ontocast_runs/run_500_more_20260721_105503/input/paper-2216_a_hyperspectral_analysis_based_approach_for_estimation_of_wear_metal_content_in_lubricating.pdf,hardlink
429,paper-2217,paper-2217_lubricant_performance_in_wind_turbines_a_data_study_in_real_use_conditions.pdf,extraction_papers/paper-2217_lubricant_performance_in_wind_turbines_a_data_study_in_real_use_conditions.pdf,extraction_papers/ontocast_runs/run_500_more_20260721_105503/input/paper-2217_lubricant_performance_in_wind_turbines_a_data_study_in_real_use_conditions.pdf,hardlink
430,paper-2219,paper-2219_a_novel_transfer_kernel_enabled_kernel_extreme_learning_machine_model_for_cross_domain_condi.pdf,extraction_papers/paper-2219_a_novel_transfer_kernel_enabled_kernel_extreme_learning_machine_model_for_cross_domain_condi.pdf,extraction_papers/ontocast_runs/run_500_more_20260721_105503/input/paper-2219_a_novel_transfer_kernel_enabled_kernel_extreme_learning_machine_model_for_cross_domain_condi.pdf,hardlink
431,paper-2221,paper-2221_ai_integrated_autonomous_robotics_for_solar_panel_cleaning_and_predictive_maintenance_using.pdf,extraction_papers/paper-2221_ai_integrated_autonomous_robotics_for_solar_panel_cleaning_and_predictive_maintenance_using.pdf,extraction_papers/ontocast_runs/run_500_more_20260721_105503/input/paper-2221_ai_integrated_autonomous_robotics_for_solar_panel_cleaning_and_predictive_maintenance_using.pdf,hardlink
432,paper-2222,paper-2222_soh_and_rul_estimation_for_lithium_ion_batteries_based_on_partial_charging_curve_features.pdf,extraction_papers/paper-2222_soh_and_rul_estimation_for_lithium_ion_batteries_based_on_partial_charging_curve_features.pdf,extraction_papers/ontocast_runs/run_500_more_20260721_105503/input/paper-2222_soh_and_rul_estimation_for_lithium_ion_batteries_based_on_partial_charging_curve_features.pdf,hardlink
433,paper-2223,paper-2223_bearing_remaining_useful_life_prediction_based_on_tsdae_and_pathformer_tclstm.pdf,extraction_papers/paper-2223_bearing_remaining_useful_life_prediction_based_on_tsdae_and_pathformer_tclstm.pdf,extraction_papers/ontocast_runs/run_500_more_20260721_105503/input/paper-2223_bearing_remaining_useful_life_prediction_based_on_tsdae_and_pathformer_tclstm.pdf,hardlink
434,paper-2224,paper-2224_relationship_analysis_between_helicopter_gearbox_bearing_condition_indicators_and_oil_temper.pdf,extraction_papers/paper-2224_relationship_analysis_between_helicopter_gearbox_bearing_condition_indicators_and_oil_temper.pdf,extraction_papers/ontocast_runs/run_500_more_20260721_105503/input/paper-2224_relationship_analysis_between_helicopter_gearbox_bearing_condition_indicators_and_oil_temper.pdf,hardlink
435,paper-2225,paper-2225_research_on_blade_asynchronous_vibration_parameter_identification_for_large_scale_centrifuga.pdf,extraction_papers/paper-2225_research_on_blade_asynchronous_vibration_parameter_identification_for_large_scale_centrifuga.pdf,extraction_papers/ontocast_runs/run_500_more_20260721_105503/input/paper-2225_research_on_blade_asynchronous_vibration_parameter_identification_for_large_scale_centrifuga.pdf,hardlink
436,paper-2228,paper-2228_dynamic_pso_optimized_xgboost_rfe_with_cross_domain_hierarchical_transfer_a_small_sample_fea.pdf,extraction_papers/paper-2228_dynamic_pso_optimized_xgboost_rfe_with_cross_domain_hierarchical_transfer_a_small_sample_fea.pdf,extraction_papers/ontocast_runs/run_500_more_20260721_105503/input/paper-2228_dynamic_pso_optimized_xgboost_rfe_with_cross_domain_hierarchical_transfer_a_small_sample_fea.pdf,hardlink
437,paper-2230,paper-2230_multicriteria_methodology_for_prioritizing_predictive_maintenance_using_rpass_drones_with_th.pdf,extraction_papers/paper-2230_multicriteria_methodology_for_prioritizing_predictive_maintenance_using_rpass_drones_with_th.pdf,extraction_papers/ontocast_runs/run_500_more_20260721_105503/input/paper-2230_multicriteria_methodology_for_prioritizing_predictive_maintenance_using_rpass_drones_with_th.pdf,hardlink
438,paper-2233,paper-2233_strain_sensor_based_fatigue_prediction_for_hydraulic_turbine_governor_servomotor_in_compleme.pdf,extraction_papers/paper-2233_strain_sensor_based_fatigue_prediction_for_hydraulic_turbine_governor_servomotor_in_compleme.pdf,extraction_papers/ontocast_runs/run_500_more_20260721_105503/input/paper-2233_strain_sensor_based_fatigue_prediction_for_hydraulic_turbine_governor_servomotor_in_compleme.pdf,hardlink
439,paper-2234,paper-2234_attention_mechanism_based_feature_fusion_and_degradation_state_classification_for_rolling_be.pdf,extraction_papers/paper-2234_attention_mechanism_based_feature_fusion_and_degradation_state_classification_for_rolling_be.pdf,extraction_papers/ontocast_runs/run_500_more_20260721_105503/input/paper-2234_attention_mechanism_based_feature_fusion_and_degradation_state_classification_for_rolling_be.pdf,hardlink
440,paper-2236,paper-2236_temporal_aware_chain_of_thought_reasoning_for_vibration_based_pump_fault_diagnosis.pdf,extraction_papers/paper-2236_temporal_aware_chain_of_thought_reasoning_for_vibration_based_pump_fault_diagnosis.pdf,extraction_papers/ontocast_runs/run_500_more_20260721_105503/input/paper-2236_temporal_aware_chain_of_thought_reasoning_for_vibration_based_pump_fault_diagnosis.pdf,hardlink
441,paper-2237,paper-2237_learning_to_balance_the_performance_and_deterioration_of_aging_systems_through_derating.pdf,extraction_papers/paper-2237_learning_to_balance_the_performance_and_deterioration_of_aging_systems_through_derating.pdf,extraction_papers/ontocast_runs/run_500_more_20260721_105503/input/paper-2237_learning_to_balance_the_performance_and_deterioration_of_aging_systems_through_derating.pdf,hardlink
442,paper-2240,paper-2240_hybrid_fem_ai_approach_for_thermographic_monitoring_of_biomedical_electronic_devices.pdf,extraction_papers/paper-2240_hybrid_fem_ai_approach_for_thermographic_monitoring_of_biomedical_electronic_devices.pdf,extraction_papers/ontocast_runs/run_500_more_20260721_105503/input/paper-2240_hybrid_fem_ai_approach_for_thermographic_monitoring_of_biomedical_electronic_devices.pdf,hardlink
443,paper-2241,paper-2241_fcrnet_fast_fourier_convolutional_residual_network_for_ventilator_bearing_fault_diagnosis.pdf,extraction_papers/paper-2241_fcrnet_fast_fourier_convolutional_residual_network_for_ventilator_bearing_fault_diagnosis.pdf,extraction_papers/ontocast_runs/run_500_more_20260721_105503/input/paper-2241_fcrnet_fast_fourier_convolutional_residual_network_for_ventilator_bearing_fault_diagnosis.pdf,hardlink
444,paper-2250,paper-2250_quantum_secure_predictive_maintenance_framework_for_future_vanet_based_smart_transportation.pdf,extraction_papers/paper-2250_quantum_secure_predictive_maintenance_framework_for_future_vanet_based_smart_transportation.pdf,extraction_papers/ontocast_runs/run_500_more_20260721_105503/input/paper-2250_quantum_secure_predictive_maintenance_framework_for_future_vanet_based_smart_transportation.pdf,hardlink
445,paper-2252,paper-2252_unlabeled_data_enhanced_tool_remaining_useful_life_prediction_based_on_graph_neural_network.pdf,extraction_papers/paper-2252_unlabeled_data_enhanced_tool_remaining_useful_life_prediction_based_on_graph_neural_network.pdf,extraction_papers/ontocast_runs/run_500_more_20260721_105503/input/paper-2252_unlabeled_data_enhanced_tool_remaining_useful_life_prediction_based_on_graph_neural_network.pdf,hardlink
446,paper-2254,paper-2254_iot_based_wireless_sensor_network_architecture_for_industrial_fault_monitoring.pdf,extraction_papers/paper-2254_iot_based_wireless_sensor_network_architecture_for_industrial_fault_monitoring.pdf,extraction_papers/ontocast_runs/run_500_more_20260721_105503/input/paper-2254_iot_based_wireless_sensor_network_architecture_for_industrial_fault_monitoring.pdf,hardlink
447,paper-2255,paper-2255_hybrid_arimax_lstm_modeling_for_enhanced_vibration_prediction_in_rotating_machinery_applicat.pdf,extraction_papers/paper-2255_hybrid_arimax_lstm_modeling_for_enhanced_vibration_prediction_in_rotating_machinery_applicat.pdf,extraction_papers/ontocast_runs/run_500_more_20260721_105503/input/paper-2255_hybrid_arimax_lstm_modeling_for_enhanced_vibration_prediction_in_rotating_machinery_applicat.pdf,hardlink
448,paper-2256,paper-2256_field_verification_of_an_on_board_monitoring_system_for_ground_side_equipment_used_in_the_sc.pdf,extraction_papers/paper-2256_field_verification_of_an_on_board_monitoring_system_for_ground_side_equipment_used_in_the_sc.pdf,extraction_papers/ontocast_runs/run_500_more_20260721_105503/input/paper-2256_field_verification_of_an_on_board_monitoring_system_for_ground_side_equipment_used_in_the_sc.pdf,hardlink
449,paper-2257,paper-2257_decomposing_and_modeling_acoustic_signals_to_identify_machinery_defects_in_industrial_sounds.pdf,extraction_papers/paper-2257_decomposing_and_modeling_acoustic_signals_to_identify_machinery_defects_in_industrial_sounds.pdf,extraction_papers/ontocast_runs/run_500_more_20260721_105503/input/paper-2257_decomposing_and_modeling_acoustic_signals_to_identify_machinery_defects_in_industrial_sounds.pdf,hardlink
450,paper-2259,paper-2259_cycle_informed_triaxial_sensor_for_smart_and_sustainable_manufacturing.pdf,extraction_papers/paper-2259_cycle_informed_triaxial_sensor_for_smart_and_sustainable_manufacturing.pdf,extraction_papers/ontocast_runs/run_500_more_20260721_105503/input/paper-2259_cycle_informed_triaxial_sensor_for_smart_and_sustainable_manufacturing.pdf,hardlink
451,paper-2261,paper-2261_nofrf_application_research_in_bolt_joints_loosening_detection.pdf,extraction_papers/paper-2261_nofrf_application_research_in_bolt_joints_loosening_detection.pdf,extraction_papers/ontocast_runs/run_500_more_20260721_105503/input/paper-2261_nofrf_application_research_in_bolt_joints_loosening_detection.pdf,hardlink
452,paper-2262,paper-2262_machine_learning_based_state_of_health_estimation_of_battery_management_systems_using_experi.pdf,extraction_papers/paper-2262_machine_learning_based_state_of_health_estimation_of_battery_management_systems_using_experi.pdf,extraction_papers/ontocast_runs/run_500_more_20260721_105503/input/paper-2262_machine_learning_based_state_of_health_estimation_of_battery_management_systems_using_experi.pdf,hardlink
453,paper-2264,paper-2264_on_demand_maintenance_method_using_fault_prediction_to_reduce_elevator_entrapment.pdf,extraction_papers/paper-2264_on_demand_maintenance_method_using_fault_prediction_to_reduce_elevator_entrapment.pdf,extraction_papers/ontocast_runs/run_500_more_20260721_105503/input/paper-2264_on_demand_maintenance_method_using_fault_prediction_to_reduce_elevator_entrapment.pdf,hardlink
454,paper-2265,paper-2265_detection_of_cracks_in_low_power_wind_turbines_using_vibration_signal_analysis_with_empirica.pdf,extraction_papers/paper-2265_detection_of_cracks_in_low_power_wind_turbines_using_vibration_signal_analysis_with_empirica.pdf,extraction_papers/ontocast_runs/run_500_more_20260721_105503/input/paper-2265_detection_of_cracks_in_low_power_wind_turbines_using_vibration_signal_analysis_with_empirica.pdf,hardlink
455,paper-2267,paper-2267_criticality_assessment_of_wind_turbine_defects_via_multispectral_uav_fusion_and_fuzzy_logic.pdf,extraction_papers/paper-2267_criticality_assessment_of_wind_turbine_defects_via_multispectral_uav_fusion_and_fuzzy_logic.pdf,extraction_papers/ontocast_runs/run_500_more_20260721_105503/input/paper-2267_criticality_assessment_of_wind_turbine_defects_via_multispectral_uav_fusion_and_fuzzy_logic.pdf,hardlink
456,paper-2269,paper-2269_novel_framework_for_engine_fault_detection_using_an_advanced_signal_processing_technique.pdf,extraction_papers/paper-2269_novel_framework_for_engine_fault_detection_using_an_advanced_signal_processing_technique.pdf,extraction_papers/ontocast_runs/run_500_more_20260721_105503/input/paper-2269_novel_framework_for_engine_fault_detection_using_an_advanced_signal_processing_technique.pdf,hardlink
457,paper-2270,paper-2270_health_status_assessment_of_passenger_ropeway_bearings_based_on_multi_parameter_acoustic_emi.pdf,extraction_papers/paper-2270_health_status_assessment_of_passenger_ropeway_bearings_based_on_multi_parameter_acoustic_emi.pdf,extraction_papers/ontocast_runs/run_500_more_20260721_105503/input/paper-2270_health_status_assessment_of_passenger_ropeway_bearings_based_on_multi_parameter_acoustic_emi.pdf,hardlink
458,paper-2272,paper-2272_an_operational_status_assessment_model_for_sf6_high_voltage_circuit_breakers_based_on_iar_bt.pdf,extraction_papers/paper-2272_an_operational_status_assessment_model_for_sf6_high_voltage_circuit_breakers_based_on_iar_bt.pdf,extraction_papers/ontocast_runs/run_500_more_20260721_105503/input/paper-2272_an_operational_status_assessment_model_for_sf6_high_voltage_circuit_breakers_based_on_iar_bt.pdf,hardlink
459,paper-2274,paper-2274_predictive_modeling_for_metro_performance_using_metropt3_dataset.pdf,extraction_papers/paper-2274_predictive_modeling_for_metro_performance_using_metropt3_dataset.pdf,extraction_papers/ontocast_runs/run_500_more_20260721_105503/input/paper-2274_predictive_modeling_for_metro_performance_using_metropt3_dataset.pdf,hardlink
460,paper-2280,paper-2280_fractional_poisson_process_for_estimation_of_capacity_degradation_in_li_ion_batteries_by_wal.pdf,extraction_papers/paper-2280_fractional_poisson_process_for_estimation_of_capacity_degradation_in_li_ion_batteries_by_wal.pdf,extraction_papers/ontocast_runs/run_500_more_20260721_105503/input/paper-2280_fractional_poisson_process_for_estimation_of_capacity_degradation_in_li_ion_batteries_by_wal.pdf,hardlink
461,paper-2285,paper-2285_exposing_vulnerabilities_physical_adversarial_attacks_on_ai_based_fault_diagnosis_models_in.pdf,extraction_papers/paper-2285_exposing_vulnerabilities_physical_adversarial_attacks_on_ai_based_fault_diagnosis_models_in.pdf,extraction_papers/ontocast_runs/run_500_more_20260721_105503/input/paper-2285_exposing_vulnerabilities_physical_adversarial_attacks_on_ai_based_fault_diagnosis_models_in.pdf,hardlink
462,paper-2287,paper-2287_a_method_for_predicting_the_remaining_life_of_lithium_ion_batteries_based_on_an_improved_dem.pdf,extraction_papers/paper-2287_a_method_for_predicting_the_remaining_life_of_lithium_ion_batteries_based_on_an_improved_dem.pdf,extraction_papers/ontocast_runs/run_500_more_20260721_105503/input/paper-2287_a_method_for_predicting_the_remaining_life_of_lithium_ion_batteries_based_on_an_improved_dem.pdf,hardlink
463,paper-2288,paper-2288_integrating_dimensional_analysis_and_machine_learning_for_predictive_maintenance_of_francis.pdf,extraction_papers/paper-2288_integrating_dimensional_analysis_and_machine_learning_for_predictive_maintenance_of_francis.pdf,extraction_papers/ontocast_runs/run_500_more_20260721_105503/input/paper-2288_integrating_dimensional_analysis_and_machine_learning_for_predictive_maintenance_of_francis.pdf,hardlink
464,paper-2293,paper-2293_group_theoretic_bilateral_symmetry_analysis_for_automotive_steering_systems_a_physics_inform.pdf,extraction_papers/paper-2293_group_theoretic_bilateral_symmetry_analysis_for_automotive_steering_systems_a_physics_inform.pdf,extraction_papers/ontocast_runs/run_500_more_20260721_105503/input/paper-2293_group_theoretic_bilateral_symmetry_analysis_for_automotive_steering_systems_a_physics_inform.pdf,hardlink
465,paper-2296,paper-2296_hybrid_explainable_ai_framework_for_predictive_maintenance_of_aeration_systems_in_wastewater.pdf,extraction_papers/paper-2296_hybrid_explainable_ai_framework_for_predictive_maintenance_of_aeration_systems_in_wastewater.pdf,extraction_papers/ontocast_runs/run_500_more_20260721_105503/input/paper-2296_hybrid_explainable_ai_framework_for_predictive_maintenance_of_aeration_systems_in_wastewater.pdf,hardlink
466,paper-2297,paper-2297_machine_learning_based_condition_monitoring_with_novel_event_detection_and_incremental_learn.pdf,extraction_papers/paper-2297_machine_learning_based_condition_monitoring_with_novel_event_detection_and_incremental_learn.pdf,extraction_papers/ontocast_runs/run_500_more_20260721_105503/input/paper-2297_machine_learning_based_condition_monitoring_with_novel_event_detection_and_incremental_learn.pdf,hardlink
467,paper-2298,paper-2298_decentralized_distributed_sequential_neural_networks_inference_on_low_power_microcontrollers.pdf,extraction_papers/paper-2298_decentralized_distributed_sequential_neural_networks_inference_on_low_power_microcontrollers.pdf,extraction_papers/ontocast_runs/run_500_more_20260721_105503/input/paper-2298_decentralized_distributed_sequential_neural_networks_inference_on_low_power_microcontrollers.pdf,hardlink
468,paper-2299,paper-2299_analytical_health_indices_towards_reliability_informed_deep_learning_for_phm.pdf,extraction_papers/paper-2299_analytical_health_indices_towards_reliability_informed_deep_learning_for_phm.pdf,extraction_papers/ontocast_runs/run_500_more_20260721_105503/input/paper-2299_analytical_health_indices_towards_reliability_informed_deep_learning_for_phm.pdf,hardlink
469,paper-2300,paper-2300_fault_prediction_of_hydropower_station_based_on_cnn_lstm_gan_with_biased_data.pdf,extraction_papers/paper-2300_fault_prediction_of_hydropower_station_based_on_cnn_lstm_gan_with_biased_data.pdf,extraction_papers/ontocast_runs/run_500_more_20260721_105503/input/paper-2300_fault_prediction_of_hydropower_station_based_on_cnn_lstm_gan_with_biased_data.pdf,hardlink
470,paper-2301,paper-2301_investigation_of_the_possibilities_for_infrared_diagnosis_of_peirce_smith_converters_in_non.pdf,extraction_papers/paper-2301_investigation_of_the_possibilities_for_infrared_diagnosis_of_peirce_smith_converters_in_non.pdf,extraction_papers/ontocast_runs/run_500_more_20260721_105503/input/paper-2301_investigation_of_the_possibilities_for_infrared_diagnosis_of_peirce_smith_converters_in_non.pdf,hardlink
471,paper-2304,paper-2304_supervised_learning_based_fault_classification_in_industrial_rotating_equipment_using_multi.pdf,extraction_papers/paper-2304_supervised_learning_based_fault_classification_in_industrial_rotating_equipment_using_multi.pdf,extraction_papers/ontocast_runs/run_500_more_20260721_105503/input/paper-2304_supervised_learning_based_fault_classification_in_industrial_rotating_equipment_using_multi.pdf,hardlink
472,paper-2305,paper-2305_a_new_two_stage_probabilistic_remaining_useful_life_prediction_method_for_wind_turbines.pdf,extraction_papers/paper-2305_a_new_two_stage_probabilistic_remaining_useful_life_prediction_method_for_wind_turbines.pdf,extraction_papers/ontocast_runs/run_500_more_20260721_105503/input/paper-2305_a_new_two_stage_probabilistic_remaining_useful_life_prediction_method_for_wind_turbines.pdf,hardlink
473,paper-2306,paper-2306_remaining_useful_life_prediction_of_rolling_bearings_based_on_empirical_mode_decomposition_a.pdf,extraction_papers/paper-2306_remaining_useful_life_prediction_of_rolling_bearings_based_on_empirical_mode_decomposition_a.pdf,extraction_papers/ontocast_runs/run_500_more_20260721_105503/input/paper-2306_remaining_useful_life_prediction_of_rolling_bearings_based_on_empirical_mode_decomposition_a.pdf,hardlink
474,paper-2307,paper-2307_rolling_bearing_fault_diagnosis_considering_long_term_dependence_and_time_frequency_feature.pdf,extraction_papers/paper-2307_rolling_bearing_fault_diagnosis_considering_long_term_dependence_and_time_frequency_feature.pdf,extraction_papers/ontocast_runs/run_500_more_20260721_105503/input/paper-2307_rolling_bearing_fault_diagnosis_considering_long_term_dependence_and_time_frequency_feature.pdf,hardlink
475,paper-2312,paper-2312_digital_twin_based_performance_evaluation_of_a_photovoltaic_system_a_real_time_monitoring_an.pdf,extraction_papers/paper-2312_digital_twin_based_performance_evaluation_of_a_photovoltaic_system_a_real_time_monitoring_an.pdf,extraction_papers/ontocast_runs/run_500_more_20260721_105503/input/paper-2312_digital_twin_based_performance_evaluation_of_a_photovoltaic_system_a_real_time_monitoring_an.pdf,hardlink
476,paper-2317,paper-2317_towards_reliable_rul_prediction_impact_of_feature_selection_on_degradation_modelling.pdf,extraction_papers/paper-2317_towards_reliable_rul_prediction_impact_of_feature_selection_on_degradation_modelling.pdf,extraction_papers/ontocast_runs/run_500_more_20260721_105503/input/paper-2317_towards_reliable_rul_prediction_impact_of_feature_selection_on_degradation_modelling.pdf,hardlink
477,paper-2318,paper-2318_prediction_of_failure_pressure_of_sulfur_corrosion_defective_pipelines_based_on_gabp_neural.pdf,extraction_papers/paper-2318_prediction_of_failure_pressure_of_sulfur_corrosion_defective_pipelines_based_on_gabp_neural.pdf,extraction_papers/ontocast_runs/run_500_more_20260721_105503/input/paper-2318_prediction_of_failure_pressure_of_sulfur_corrosion_defective_pipelines_based_on_gabp_neural.pdf,hardlink
478,paper-2319,paper-2319_technical_condition_assessment_of_light_alloy_wheel_rims_based_on_acoustic_parameter_analysi.pdf,extraction_papers/paper-2319_technical_condition_assessment_of_light_alloy_wheel_rims_based_on_acoustic_parameter_analysi.pdf,extraction_papers/ontocast_runs/run_500_more_20260721_105503/input/paper-2319_technical_condition_assessment_of_light_alloy_wheel_rims_based_on_acoustic_parameter_analysi.pdf,hardlink
479,paper-2320,paper-2320_intelligent_condition_monitoring_of_gear_system_at_variable_load_and_variable_speed_using_vi.pdf,extraction_papers/paper-2320_intelligent_condition_monitoring_of_gear_system_at_variable_load_and_variable_speed_using_vi.pdf,extraction_papers/ontocast_runs/run_500_more_20260721_105503/input/paper-2320_intelligent_condition_monitoring_of_gear_system_at_variable_load_and_variable_speed_using_vi.pdf,hardlink
480,paper-2322,paper-2322_time_aware_predictive_maintenance_of_electrical_submersible_pumps_using_catboost_ensemble_le.pdf,extraction_papers/paper-2322_time_aware_predictive_maintenance_of_electrical_submersible_pumps_using_catboost_ensemble_le.pdf,extraction_papers/ontocast_runs/run_500_more_20260721_105503/input/paper-2322_time_aware_predictive_maintenance_of_electrical_submersible_pumps_using_catboost_ensemble_le.pdf,hardlink
481,paper-2323,paper-2323_complex_system_diagnostics_using_a_knowledge_graph_informed_and_large_language_model_enhance.pdf,extraction_papers/paper-2323_complex_system_diagnostics_using_a_knowledge_graph_informed_and_large_language_model_enhance.pdf,extraction_papers/ontocast_runs/run_500_more_20260721_105503/input/paper-2323_complex_system_diagnostics_using_a_knowledge_graph_informed_and_large_language_model_enhance.pdf,hardlink
482,paper-2324,paper-2324_fault_analysis_of_chemical_equipment_based_on_an_improved_hybrid_model.pdf,extraction_papers/paper-2324_fault_analysis_of_chemical_equipment_based_on_an_improved_hybrid_model.pdf,extraction_papers/ontocast_runs/run_500_more_20260721_105503/input/paper-2324_fault_analysis_of_chemical_equipment_based_on_an_improved_hybrid_model.pdf,hardlink
483,paper-2325,paper-2325_integration_of_data_analytics_and_data_mining_for_machine_failure_mitigation_and_decision_su.pdf,extraction_papers/paper-2325_integration_of_data_analytics_and_data_mining_for_machine_failure_mitigation_and_decision_su.pdf,extraction_papers/ontocast_runs/run_500_more_20260721_105503/input/paper-2325_integration_of_data_analytics_and_data_mining_for_machine_failure_mitigation_and_decision_su.pdf,hardlink
484,paper-2326,paper-2326_anomaly_detection_framework_for_thrust_bearings_in_owc_wecs_using_a_feature_based_autoencode.pdf,extraction_papers/paper-2326_anomaly_detection_framework_for_thrust_bearings_in_owc_wecs_using_a_feature_based_autoencode.pdf,extraction_papers/ontocast_runs/run_500_more_20260721_105503/input/paper-2326_anomaly_detection_framework_for_thrust_bearings_in_owc_wecs_using_a_feature_based_autoencode.pdf,hardlink
485,paper-2327,paper-2327_efficient_fault_diagnosis_of_elevator_cabin_door_drives_using_machine_learning_with_data_red.pdf,extraction_papers/paper-2327_efficient_fault_diagnosis_of_elevator_cabin_door_drives_using_machine_learning_with_data_red.pdf,extraction_papers/ontocast_runs/run_500_more_20260721_105503/input/paper-2327_efficient_fault_diagnosis_of_elevator_cabin_door_drives_using_machine_learning_with_data_red.pdf,hardlink
486,paper-2329,paper-2329_anomaly_detection_method_for_hydropower_units_based_on_ksqdc_adead_under_complex_operating_c.pdf,extraction_papers/paper-2329_anomaly_detection_method_for_hydropower_units_based_on_ksqdc_adead_under_complex_operating_c.pdf,extraction_papers/ontocast_runs/run_500_more_20260721_105503/input/paper-2329_anomaly_detection_method_for_hydropower_units_based_on_ksqdc_adead_under_complex_operating_c.pdf,hardlink
487,paper-2332,paper-2332_research_on_the_bearing_remaining_useful_life_prediction_method_based_on_optimized_bilstm.pdf,extraction_papers/paper-2332_research_on_the_bearing_remaining_useful_life_prediction_method_based_on_optimized_bilstm.pdf,extraction_papers/ontocast_runs/run_500_more_20260721_105503/input/paper-2332_research_on_the_bearing_remaining_useful_life_prediction_method_based_on_optimized_bilstm.pdf,hardlink
488,paper-2333,paper-2333_a_fault_detection_framework_for_rotating_machinery_with_a_spectrogram_and_convolutional_auto.pdf,extraction_papers/paper-2333_a_fault_detection_framework_for_rotating_machinery_with_a_spectrogram_and_convolutional_auto.pdf,extraction_papers/ontocast_runs/run_500_more_20260721_105503/input/paper-2333_a_fault_detection_framework_for_rotating_machinery_with_a_spectrogram_and_convolutional_auto.pdf,hardlink
489,paper-2338,paper-2338_non_intrusive_low_cost_iot_based_hardware_system_for_sustainable_predictive_maintenance_of_i.pdf,extraction_papers/paper-2338_non_intrusive_low_cost_iot_based_hardware_system_for_sustainable_predictive_maintenance_of_i.pdf,extraction_papers/ontocast_runs/run_500_more_20260721_105503/input/paper-2338_non_intrusive_low_cost_iot_based_hardware_system_for_sustainable_predictive_maintenance_of_i.pdf,hardlink
490,paper-2339,paper-2339_kacformer_a_novel_domain_generalization_model_for_cross_individual_bearing_fault_diagnosis.pdf,extraction_papers/paper-2339_kacformer_a_novel_domain_generalization_model_for_cross_individual_bearing_fault_diagnosis.pdf,extraction_papers/ontocast_runs/run_500_more_20260721_105503/input/paper-2339_kacformer_a_novel_domain_generalization_model_for_cross_individual_bearing_fault_diagnosis.pdf,hardlink
491,paper-2341,paper-2341_a_multi_model_fusion_framework_for_aeroengine_remaining_useful_life_prediction.pdf,extraction_papers/paper-2341_a_multi_model_fusion_framework_for_aeroengine_remaining_useful_life_prediction.pdf,extraction_papers/ontocast_runs/run_500_more_20260721_105503/input/paper-2341_a_multi_model_fusion_framework_for_aeroengine_remaining_useful_life_prediction.pdf,hardlink
492,paper-2342,paper-2342_the_estimation_of_the_remaining_useful_life_of_ceramic_plates_used_in_iron_ore_filtration_th.pdf,extraction_papers/paper-2342_the_estimation_of_the_remaining_useful_life_of_ceramic_plates_used_in_iron_ore_filtration_th.pdf,extraction_papers/ontocast_runs/run_500_more_20260721_105503/input/paper-2342_the_estimation_of_the_remaining_useful_life_of_ceramic_plates_used_in_iron_ore_filtration_th.pdf,hardlink
493,paper-2344,paper-2344_signal_processing_optimization_in_resource_limited_iot_for_fault_prediction_in_rotating_mach.pdf,extraction_papers/paper-2344_signal_processing_optimization_in_resource_limited_iot_for_fault_prediction_in_rotating_mach.pdf,extraction_papers/ontocast_runs/run_500_more_20260721_105503/input/paper-2344_signal_processing_optimization_in_resource_limited_iot_for_fault_prediction_in_rotating_mach.pdf,hardlink
494,paper-2346,paper-2346_remaining_useful_life_prediction_of_pemfc_based_on_2_layer_bidirectional_lstm_network.pdf,extraction_papers/paper-2346_remaining_useful_life_prediction_of_pemfc_based_on_2_layer_bidirectional_lstm_network.pdf,extraction_papers/ontocast_runs/run_500_more_20260721_105503/input/paper-2346_remaining_useful_life_prediction_of_pemfc_based_on_2_layer_bidirectional_lstm_network.pdf,hardlink
495,paper-2347,paper-2347_empirical_study_on_failure_prediction_of_rotating_biological_contactors_available_for_landfi.pdf,extraction_papers/paper-2347_empirical_study_on_failure_prediction_of_rotating_biological_contactors_available_for_landfi.pdf,extraction_papers/ontocast_runs/run_500_more_20260721_105503/input/paper-2347_empirical_study_on_failure_prediction_of_rotating_biological_contactors_available_for_landfi.pdf,hardlink
496,paper-2348,paper-2348_forecast_of_aging_of_pemfcs_based_on_ceemd_vmd_and_triple_echo_state_network.pdf,extraction_papers/paper-2348_forecast_of_aging_of_pemfcs_based_on_ceemd_vmd_and_triple_echo_state_network.pdf,extraction_papers/ontocast_runs/run_500_more_20260721_105503/input/paper-2348_forecast_of_aging_of_pemfcs_based_on_ceemd_vmd_and_triple_echo_state_network.pdf,hardlink
497,paper-2349,paper-2349_a_gramian_angular_field_based_convolutional_neural_network_approach_for_crack_detection_in_l.pdf,extraction_papers/paper-2349_a_gramian_angular_field_based_convolutional_neural_network_approach_for_crack_detection_in_l.pdf,extraction_papers/ontocast_runs/run_500_more_20260721_105503/input/paper-2349_a_gramian_angular_field_based_convolutional_neural_network_approach_for_crack_detection_in_l.pdf,hardlink
498,paper-2352,paper-2352_plsco_an_optimization_driven_approach_for_enhancing_predictive_maintenance_accuracy_in_intel.pdf,extraction_papers/paper-2352_plsco_an_optimization_driven_approach_for_enhancing_predictive_maintenance_accuracy_in_intel.pdf,extraction_papers/ontocast_runs/run_500_more_20260721_105503/input/paper-2352_plsco_an_optimization_driven_approach_for_enhancing_predictive_maintenance_accuracy_in_intel.pdf,hardlink
499,paper-2353,paper-2353_a_deployable_iiot_framework_for_condition_based_maintenance_case_study_on_lstm_rul_predictio.pdf,extraction_papers/paper-2353_a_deployable_iiot_framework_for_condition_based_maintenance_case_study_on_lstm_rul_predictio.pdf,extraction_papers/ontocast_runs/run_500_more_20260721_105503/input/paper-2353_a_deployable_iiot_framework_for_condition_based_maintenance_case_study_on_lstm_rul_predictio.pdf,hardlink
500,paper-2355,paper-2355_machine_learning_based_predictive_maintenance_for_photovoltaic_systems.pdf,extraction_papers/paper-2355_machine_learning_based_predictive_maintenance_for_photovoltaic_systems.pdf,extraction_papers/ontocast_runs/run_500_more_20260721_105503/input/paper-2355_machine_learning_based_predictive_maintenance_for_photovoltaic_systems.pdf,hardlink
