query_index;facts_file;task;baseline_refs;diverse_refs;changed_order;changed_reference_set;top1_preserved;baseline_top_similarity;diverse_top_similarity;baseline_mean_similarity;diverse_mean_similarity;baseline_unique_models;diverse_unique_models;baseline_intra_list_dissimilarity;diverse_intra_list_dissimilarity
1;extraction_papers\ontocast_runs\run_100_20260611_194110\output\facts_007742b6c86c.ttl;Health assessment;31,38,239,213,221;31,213,239,221,104;True;True;True;0.707000;0.707000;0.707000;0.707000;5;5;0.562146;0.592777
2;extraction_papers\ontocast_runs\run_100_20260611_194110\output\facts_021ea55a70f1.ttl;Remaining useful life estimation;234,232,233,15,14;234,122,249,128,16;True;True;True;0.521000;0.521000;0.521000;0.521000;4;5;0.318960;0.549456
3;extraction_papers\ontocast_runs\run_100_20260611_194110\output\facts_046ebc06c607.ttl;Fault detection;209,42,41,44,43;209,33,34,44,41;True;True;True;0.577000;0.577000;0.577000;0.577000;5;5;0.439411;0.485920
4;extraction_papers\ontocast_runs\run_100_20260611_194110\output\facts_051f27a6a164.ttl;Fault identification;210,201,202,203,48;210,48,247,212,243;True;True;True;0.577000;0.577000;0.577000;0.577000;5;5;0.528089;0.659710
5;extraction_papers\ontocast_runs\run_100_20260611_194110\output\facts_08d54e2673f7.ttl;Fault detection;209,42,41,44,43;209,33,34,44,41;True;True;True;0.707000;0.707000;0.707000;0.707000;5;5;0.439411;0.485920
6;extraction_papers\ontocast_runs\run_100_20260611_194110\output\facts_098cb9c7ac60.ttl;Remaining useful life estimation;51,53,52,55,54;51,207,204,36,55;True;True;True;0.577000;0.577000;0.577000;0.577000;4;5;0.287092;0.541169
7;extraction_papers\ontocast_runs\run_100_20260611_194110\output\facts_0d538c41d5c9.ttl;One step future state forecast;131,132,106,10,135;131,10,135,132,133;True;True;True;0.707000;0.707000;0.707000;0.707000;5;5;0.349074;0.328540
8;extraction_papers\ontocast_runs\run_100_20260611_194110\output\facts_0e5bc1020e80.ttl;Fault detection;218,245,19,166,167;218,47,200,215,19;True;True;True;0.514000;0.514000;0.511600;0.509800;4;5;0.502449;0.548410
9;extraction_papers\ontocast_runs\run_100_20260611_194110\output\facts_1015dc489115.ttl;One step future state forecast;131,132,106,135,133;131,10,135,132,133;True;True;True;0.509000;0.509000;0.509000;0.507600;5;5;0.299580;0.328540
10;extraction_papers\ontocast_runs\run_100_20260611_194110\output\facts_13663772d3a7.ttl;Fault detection;209,42,41,44,43;209,33,34,44,41;True;True;True;0.577000;0.577000;0.577000;0.577000;5;5;0.439411;0.485920
11;extraction_papers\ontocast_runs\run_100_20260611_194110\output\facts_14cabde81b60.ttl;Fault identification;252,210,48,50,49;252,210,212,216,246;True;True;True;0.601000;0.601000;0.598600;0.595600;5;5;0.474862;0.577538
12;extraction_papers\ontocast_runs\run_100_20260611_194110\output\facts_1a71ce029db3.ttl;One step future state forecast;106,10,131,132,135;106,132,135,10,134;True;True;True;0.591000;0.591000;0.585200;0.585200;5;5;0.349074;0.365515
13;extraction_papers\ontocast_runs\run_100_20260611_194110\output\facts_1f647e26aadf.ttl;Fault identification;255,210,48,50,49;255,216,13,201,246;True;True;True;0.527000;0.527000;0.512600;0.510200;5;5;0.545187;0.617677
14;extraction_papers\ontocast_runs\run_100_20260611_194110\output\facts_22144ece04a0.ttl;Fault detection;20,175,72,195,42;20,44,34,195,33;True;True;True;0.589000;0.589000;0.583600;0.583400;5;5;0.344204;0.502327
15;extraction_papers\ontocast_runs\run_100_20260611_194110\output\facts_22483bb7fa86.ttl;Remaining useful life estimation;51,53,52,55,54;51,207,204,36,55;True;True;True;0.577000;0.577000;0.577000;0.577000;4;5;0.287092;0.541169
16;extraction_papers\ontocast_runs\run_100_20260611_194110\output\facts_247755c3ba72.ttl;One step future state forecast;131,132,106,10,135;131,10,135,132,133;True;True;True;0.577000;0.577000;0.577000;0.577000;5;5;0.349074;0.328540
17;extraction_papers\ontocast_runs\run_100_20260611_194110\output\facts_29441e0fc052.ttl;Fault detection;209,42,41,44,43;209,33,34,44,41;True;True;True;0.577000;0.577000;0.577000;0.577000;5;5;0.439411;0.485920
18;extraction_papers\ontocast_runs\run_100_20260611_194110\output\facts_30b468dfe762.ttl;One step future state forecast;131,132,106,10,135;131,10,135,132,133;True;True;True;0.707000;0.707000;0.707000;0.707000;5;5;0.349074;0.328540
19;extraction_papers\ontocast_runs\run_100_20260611_194110\output\facts_32c353e565f9.ttl;One step future state forecast;131,132,106,10,135;131,10,135,132,133;True;True;True;0.707000;0.707000;0.707000;0.707000;5;5;0.349074;0.328540
20;extraction_papers\ontocast_runs\run_100_20260611_194110\output\facts_36823d5c6b0e.ttl;One step future state forecast;131,132,106,10,135;131,10,135,132,133;True;True;True;0.707000;0.707000;0.707000;0.707000;5;5;0.349074;0.328540
21;extraction_papers\ontocast_runs\run_100_20260611_194110\output\facts_369f47a9c5e1.ttl;Remaining useful life estimation;225,172,155,51,53;225,222,126,55,53;True;True;True;0.523000;0.523000;0.514600;0.513400;5;5;0.425052;0.437976
22;extraction_papers\ontocast_runs\run_100_20260611_194110\output\facts_37204455217d.ttl;Fault detection;209,211,230,191,19;209,42,211,215,72;True;True;True;0.516000;0.516000;0.515400;0.512000;5;5;0.486777;0.596071
23;extraction_papers\ontocast_runs\run_100_20260611_194110\output\facts_374ab1994bf9.ttl;Fault feature extraction;32,253,198,229,190;32,190,229,198,235;True;True;True;0.532000;0.532000;0.523600;0.518800;5;5;0.607961;0.596786
24;extraction_papers\ontocast_runs\run_100_20260611_194110\output\facts_3945d25e6654.ttl;Fault detection;209,42,41,44,43;209,33,34,44,41;True;True;True;0.577000;0.577000;0.577000;0.577000;5;5;0.439411;0.485920
25;extraction_papers\ontocast_runs\run_100_20260611_194110\output\facts_39a966494a3b.ttl;Remaining useful life estimation;68,67,197,35,37;68,197,120,30,36;True;True;True;0.536000;0.536000;0.531200;0.528800;4;5;0.490530;0.516297
26;extraction_papers\ontocast_runs\run_100_20260611_194110\output\facts_3a301111e1fe.ttl;One step future state forecast;131,132,106,10,135;131,10,135,132,133;True;True;True;0.707000;0.707000;0.707000;0.707000;5;5;0.349074;0.328540
27;extraction_papers\ontocast_runs\run_100_20260611_194110\output\facts_40a36423982c.ttl;Fault detection;209,42,41,44,43;209,33,34,44,41;True;True;True;0.577000;0.577000;0.577000;0.577000;5;5;0.439411;0.485920
28;extraction_papers\ontocast_runs\run_100_20260611_194110\output\facts_4660ee2adb7e.ttl;Fault feature extraction;32,253,198,18,235;32,190,198,229,253;True;True;True;0.671000;0.671000;0.640400;0.639000;5;5;0.452377;0.607961
29;extraction_papers\ontocast_runs\run_100_20260611_194110\output\facts_4abf47988e1b.ttl;One step future state forecast;106,10,131,132,135;106,132,135,10,134;True;True;True;0.588000;0.588000;0.583800;0.583800;5;5;0.349074;0.365515
30;extraction_papers\ontocast_runs\run_100_20260611_194110\output\facts_4b28dc65fe44.ttl;Fault detection;209,42,41,44,43;209,33,34,44,41;True;True;True;0.707000;0.707000;0.707000;0.707000;5;5;0.439411;0.485920
31;extraction_papers\ontocast_runs\run_100_20260611_194110\output\facts_4ef590c98f1b.ttl;One step future state forecast;131,132,106,10,135;131,10,135,132,133;True;True;True;0.577000;0.577000;0.577000;0.577000;5;5;0.349074;0.328540
32;extraction_papers\ontocast_runs\run_100_20260611_194110\output\facts_5250ed7e7ce4.ttl;One step future state forecast;131,132,106,10,135;131,10,135,132,133;True;True;True;0.707000;0.707000;0.707000;0.707000;5;5;0.349074;0.328540
33;extraction_papers\ontocast_runs\run_100_20260611_194110\output\facts_550b300f2513.ttl;One step future state forecast;131,132,106,10,135;131,10,135,132,133;True;True;True;0.707000;0.707000;0.707000;0.707000;5;5;0.349074;0.328540
34;extraction_papers\ontocast_runs\run_100_20260611_194110\output\facts_55a5963df187.ttl;One step future state forecast;10,106,131,132,135;10,134,132,106,135;True;True;True;0.510000;0.510000;0.503200;0.503200;5;5;0.349074;0.365515
35;extraction_papers\ontocast_runs\run_100_20260611_194110\output\facts_55e23d1ad9f5.ttl;Remaining useful life estimation;234,232,233,15,14;234,122,249,128,16;True;True;True;0.635000;0.635000;0.635000;0.635000;4;5;0.318960;0.549456
36;extraction_papers\ontocast_runs\run_100_20260611_194110\output\facts_5d3461a99457.ttl;Fault detection;209,42,41,44,43;209,33,34,44,41;True;True;True;0.707000;0.707000;0.707000;0.707000;5;5;0.439411;0.485920
37;extraction_papers\ontocast_runs\run_100_20260611_194110\output\facts_5dec38f8cc66.ttl;Remaining useful life estimation;51,53,52,55,54;51,207,204,36,55;True;True;True;0.577000;0.577000;0.577000;0.577000;4;5;0.287092;0.541169
38;extraction_papers\ontocast_runs\run_100_20260611_194110\output\facts_5f139e146360.ttl;One step future state forecast;131,132,106,10,135;131,10,135,132,133;True;True;True;0.707000;0.707000;0.707000;0.707000;5;5;0.349074;0.328540
39;extraction_papers\ontocast_runs\run_100_20260611_194110\output\facts_5f2bc68116b8.ttl;Fault feature extraction;18,229,32,253,198;18,229,70,190,235;True;True;True;0.530000;0.530000;0.518400;0.513000;5;5;0.545068;0.599411
40;extraction_papers\ontocast_runs\run_100_20260611_194110\output\facts_623ac38deaa2.ttl;Health assessment;31,38,239,213,221;31,213,239,221,104;True;True;True;0.707000;0.707000;0.707000;0.707000;5;5;0.562146;0.592777
41;extraction_papers\ontocast_runs\run_100_20260611_194110\output\facts_6269de1ae371.ttl;Fault feature extraction;32,27,235,17,18;32,190,229,198,235;True;True;True;0.577000;0.577000;0.577000;0.577000;4;5;0.424603;0.596786
42;extraction_papers\ontocast_runs\run_100_20260611_194110\output\facts_64dc30950f8c.ttl;Multiple steps future state forecast;11,130,129,183,102;11,183,140,129,141;True;True;True;0.514000;0.514000;0.511400;0.510600;5;5;0.506860;0.503132
43;extraction_papers\ontocast_runs\run_100_20260611_194110\output\facts_6e7c4f90a8d7.ttl;Health assessment;31,38,239,213,221;31,213,239,221,104;True;True;True;0.707000;0.707000;0.707000;0.707000;5;5;0.562146;0.592777
44;extraction_papers\ontocast_runs\run_100_20260611_194110\output\facts_73e4a95e45ca.ttl;Health assessment;31,38,239,213,221;31,213,239,221,104;True;True;True;0.707000;0.707000;0.707000;0.707000;5;5;0.562146;0.592777
45;extraction_papers\ontocast_runs\run_100_20260611_194110\output\facts_772695bf4051.ttl;Remaining useful life estimation;234,232,233,15,14;234,122,249,128,16;True;True;True;0.816000;0.816000;0.816000;0.816000;4;5;0.318960;0.549456
46;extraction_papers\ontocast_runs\run_100_20260611_194110\output\facts_7893f607735e.ttl;Fault identification;210,201,202,203,48;210,48,247,212,243;True;True;True;0.577000;0.577000;0.577000;0.577000;5;5;0.528089;0.659710
47;extraction_papers\ontocast_runs\run_100_20260611_194110\output\facts_7e8b13361693.ttl;Remaining useful life estimation;234,232,233,15,14;234,122,249,128,16;True;True;True;0.707000;0.707000;0.707000;0.707000;4;5;0.318960;0.549456
48;extraction_papers\ontocast_runs\run_100_20260611_194110\output\facts_7ecb8b8f68bb.ttl;Remaining useful life estimation;51,53,52,55,54;51,207,204,36,55;True;True;True;0.577000;0.577000;0.577000;0.577000;4;5;0.287092;0.541169
49;extraction_papers\ontocast_runs\run_100_20260611_194110\output\facts_7f3c89f45832.ttl;One step future state forecast;106,10,131,132,135;106,132,135,10,134;True;True;True;0.582000;0.582000;0.579400;0.579400;5;5;0.349074;0.365515
50;extraction_papers\ontocast_runs\run_100_20260611_194110\output\facts_8068c91cfcfb.ttl;One step future state forecast;131,132,106,10,135;131,10,135,132,133;True;True;True;0.707000;0.707000;0.707000;0.707000;5;5;0.349074;0.328540
51;extraction_papers\ontocast_runs\run_100_20260611_194110\output\facts_8477986e81ed.ttl;Health assessment;173,2,221,239,153;173,213,221,193,38;True;True;True;0.589000;0.589000;0.586400;0.583600;5;5;0.417022;0.583294
52;extraction_papers\ontocast_runs\run_100_20260611_194110\output\facts_8a2e7a6c3819.ttl;Fault feature extraction;70,190,27,235,231;70,190,229,198,235;True;True;True;0.513000;0.513000;0.508400;0.506800;5;5;0.555428;0.605755
53;extraction_papers\ontocast_runs\run_100_20260611_194110\output\facts_8bb32487bd90.ttl;One step future state forecast;131,132,106,10,135;131,10,135,132,133;True;True;True;0.707000;0.707000;0.707000;0.707000;5;5;0.349074;0.328540
54;extraction_papers\ontocast_runs\run_100_20260611_194110\output\facts_8c97841ffeb0.ttl;Remaining useful life estimation;51,53,52,55,54;51,207,204,36,55;True;True;True;0.577000;0.577000;0.577000;0.577000;4;5;0.287092;0.541169
55;extraction_papers\ontocast_runs\run_100_20260611_194110\output\facts_8d2f5e129936.ttl;Fault feature extraction;32,27,235,17,18;32,190,229,198,235;True;True;True;0.577000;0.577000;0.577000;0.577000;4;5;0.424603;0.596786
56;extraction_papers\ontocast_runs\run_100_20260611_194110\output\facts_8d8a5b72c774.ttl;One step future state forecast;131,132,106,10,135;131,10,135,132,133;True;True;True;0.577000;0.577000;0.577000;0.577000;5;5;0.349074;0.328540
57;extraction_papers\ontocast_runs\run_100_20260611_194110\output\facts_8ff4d31a1511.ttl;Fault feature extraction;70,235,229,18,231;70,190,229,198,235;True;True;True;0.520000;0.520000;0.511200;0.510400;5;5;0.530197;0.605755
58;extraction_papers\ontocast_runs\run_100_20260611_194110\output\facts_93799b400c86.ttl;Remaining useful life estimation;204,157,158,156,92;204,157,21,92,97;True;True;True;0.523000;0.523000;0.516600;0.515800;3;5;0.387767;0.490469
59;extraction_papers\ontocast_runs\run_100_20260611_194110\output\facts_9a39f3592864.ttl;Fault feature extraction;70,231,190,17,235;70,190,229,198,235;True;True;True;0.520000;0.520000;0.510600;0.506600;5;5;0.551503;0.605755
60;extraction_papers\ontocast_runs\run_100_20260611_194110\output\facts_9b451b7f7ee0.ttl;Health assessment;31,38,239,213,221;31,213,239,221,104;True;True;True;0.707000;0.707000;0.707000;0.707000;5;5;0.562146;0.592777
61;extraction_papers\ontocast_runs\run_100_20260611_194110\output\facts_9b53e6caba2d.ttl;Remaining useful life estimation;51,53,52,55,54;51,207,204,36,55;True;True;True;0.707000;0.707000;0.707000;0.707000;4;5;0.287092;0.541169
62;extraction_papers\ontocast_runs\run_100_20260611_194110\output\facts_a012354ab36b.ttl;Remaining useful life estimation;51,53,52,55,54;51,207,204,36,55;True;True;True;0.707000;0.707000;0.707000;0.707000;4;5;0.287092;0.541169
63;extraction_papers\ontocast_runs\run_100_20260611_194110\output\facts_a258a3b603ad.ttl;Remaining useful life estimation;51,53,52,55,54;51,207,204,36,55;True;True;True;0.707000;0.707000;0.707000;0.707000;4;5;0.287092;0.541169
64;extraction_papers\ontocast_runs\run_100_20260611_194110\output\facts_a933cf332592.ttl;Remaining useful life estimation;127,69,226,157,158;127,69,226,60,157;True;True;True;0.790000;0.790000;0.688600;0.687200;4;5;0.453142;0.542249
65;extraction_papers\ontocast_runs\run_100_20260611_194110\output\facts_aca7906e2b63.ttl;Remaining useful life estimation;51,53,52,55,54;51,207,204,36,55;True;True;True;0.707000;0.707000;0.707000;0.707000;4;5;0.287092;0.541169
66;extraction_papers\ontocast_runs\run_100_20260611_194110\output\facts_b594a9ee5cb2.ttl;One step future state forecast;131,132,106,10,135;131,10,135,132,133;True;True;True;0.707000;0.707000;0.707000;0.707000;5;5;0.349074;0.328540
67;extraction_papers\ontocast_runs\run_100_20260611_194110\output\facts_b60ff608bd4b.ttl;Remaining useful life estimation;225,127,226,172,75;225,69,30,226,172;True;True;True;0.598000;0.598000;0.595600;0.594600;5;5;0.498886;0.510387
68;extraction_papers\ontocast_runs\run_100_20260611_194110\output\facts_ba25cb3a823e.ttl;One step future state forecast;131,132,135,133,134;131,10,135,132,133;True;True;True;0.508000;0.508000;0.508000;0.506800;5;5;0.241913;0.328540
69;extraction_papers\ontocast_runs\run_100_20260611_194110\output\facts_bac0845f495f.ttl;Health assessment;239,153,154,193,227;239,153,193,104,7;True;True;True;0.689000;0.689000;0.654200;0.617200;4;5;0.372614;0.582899
70;extraction_papers\ontocast_runs\run_100_20260611_194110\output\facts_be7e6c23b016.ttl;One step future state forecast;131,132,106,10,135;131,10,135,132,133;True;True;True;0.707000;0.707000;0.707000;0.707000;5;5;0.349074;0.328540
71;extraction_papers\ontocast_runs\run_100_20260611_194110\output\facts_c27ab4671a29.ttl;Remaining useful life estimation;51,53,52,55,54;51,207,204,36,55;True;True;True;0.707000;0.707000;0.707000;0.707000;4;5;0.287092;0.541169
72;extraction_papers\ontocast_runs\run_100_20260611_194110\output\facts_c6db65a6433b.ttl;Remaining useful life estimation;51,53,52,55,54;51,207,204,36,55;True;True;True;0.707000;0.707000;0.707000;0.707000;4;5;0.287092;0.541169
73;extraction_papers\ontocast_runs\run_100_20260611_194110\output\facts_c72bcc7ff5df.ttl;One step future state forecast;131,132,106,10,135;131,10,135,132,133;True;True;True;0.707000;0.707000;0.707000;0.707000;5;5;0.349074;0.328540
74;extraction_papers\ontocast_runs\run_100_20260611_194110\output\facts_c755cd0572dd.ttl;Remaining useful life estimation;226,127,69,157,158;226,157,55,69,127;True;True;True;0.645000;0.645000;0.637400;0.632800;4;5;0.453142;0.519933
75;extraction_papers\ontocast_runs\run_100_20260611_194110\output\facts_c7f80acd8249.ttl;One step future state forecast;131,132,106,10,135;131,10,135,132,133;True;True;True;0.707000;0.707000;0.707000;0.707000;5;5;0.349074;0.328540
76;extraction_papers\ontocast_runs\run_100_20260611_194110\output\facts_c8939242503a.ttl;Fault detection;209,42,41,44,43;209,33,34,44,41;True;True;True;0.707000;0.707000;0.707000;0.707000;5;5;0.439411;0.485920
77;extraction_papers\ontocast_runs\run_100_20260611_194110\output\facts_cb41385fe115.ttl;One step future state forecast;106,131,132,135,133;106,132,135,10,134;True;True;True;0.510000;0.510000;0.507600;0.507200;5;5;0.299580;0.365515
78;extraction_papers\ontocast_runs\run_100_20260611_194110\output\facts_ccf62781b4c5.ttl;One step future state forecast;131,132,106,10,135;131,10,135,132,133;True;True;True;0.577000;0.577000;0.577000;0.577000;5;5;0.349074;0.328540
79;extraction_papers\ontocast_runs\run_100_20260611_194110\output\facts_cfc179a146da.ttl;One step future state forecast;131,132,135,133,134;131,10,135,132,133;True;True;True;0.597000;0.597000;0.597000;0.594400;5;5;0.241913;0.328540
80;extraction_papers\ontocast_runs\run_100_20260611_194110\output\facts_d8bff7381708.ttl;Remaining useful life estimation;204,97,108,127,226;204,69,226,55,127;True;True;True;0.518000;0.518000;0.514400;0.511800;5;5;0.508210;0.584735
81;extraction_papers\ontocast_runs\run_100_20260611_194110\output\facts_db4c696f6545.ttl;Fault detection;209,42,41,44,43;209,33,34,44,41;True;True;True;0.577000;0.577000;0.577000;0.577000;5;5;0.439411;0.485920
82;extraction_papers\ontocast_runs\run_100_20260611_194110\output\facts_de5ca28afd63.ttl;Fault feature extraction;32,27,18,253,229;32,190,229,198,235;True;True;True;0.504000;0.504000;0.504000;0.503400;5;5;0.525295;0.596786
83;extraction_papers\ontocast_runs\run_100_20260611_194110\output\facts_df8ade058f3c.ttl;One step future state forecast;106,10,131,132,135;106,132,135,10,134;True;True;True;0.504000;0.504000;0.502600;0.502600;5;5;0.349074;0.365515
84;extraction_papers\ontocast_runs\run_100_20260611_194110\output\facts_e339faccffb2.ttl;Fault feature extraction;231,70,27,235,190;231,190,229,198,235;True;True;True;0.533000;0.533000;0.514600;0.509600;5;5;0.555428;0.602278
85;extraction_papers\ontocast_runs\run_100_20260611_194110\output\facts_e3fe4a88d35e.ttl;Remaining useful life estimation;51,53,52,55,54;51,207,204,36,55;True;True;True;0.577000;0.577000;0.577000;0.577000;4;5;0.287092;0.541169
86;extraction_papers\ontocast_runs\run_100_20260611_194110\output\facts_e6e38ea99070.ttl;Fault identification;196,13,246,243,244;196,216,247,13,243;True;True;True;0.607000;0.607000;0.531800;0.528800;4;5;0.476478;0.674419
87;extraction_papers\ontocast_runs\run_100_20260611_194110\output\facts_e70725b3b5d6.ttl;Fault detection;209,211,175,191,215;209,166,211,215,175;True;True;True;0.513000;0.513000;0.512400;0.511200;5;5;0.532965;0.602637
88;extraction_papers\ontocast_runs\run_100_20260611_194110\output\facts_e86e97063e64.ttl;Remaining useful life estimation;51,53,52,55,54;51,207,204,36,55;True;True;True;0.707000;0.707000;0.707000;0.707000;4;5;0.287092;0.541169
89;extraction_papers\ontocast_runs\run_100_20260611_194110\output\facts_ea20ed52a8e1.ttl;Remaining useful life estimation;22,21,24,23,26;22,15,242,122,232;True;True;True;0.513000;0.513000;0.513000;0.513000;3;5;0.166842;0.520669
90;extraction_papers\ontocast_runs\run_100_20260611_194110\output\facts_ea68a5c8efe4.ttl;Remaining useful life estimation;51,53,52,55,54;51,207,204,36,55;True;True;True;0.577000;0.577000;0.577000;0.577000;4;5;0.287092;0.541169
91;extraction_papers\ontocast_runs\run_100_20260611_194110\output\facts_eebe82604414.ttl;Fault detection;215,218,230,19,245;215,200,166,218,19;True;True;True;0.543000;0.543000;0.524400;0.521400;5;5;0.395730;0.584033
92;extraction_papers\ontocast_runs\run_100_20260611_194110\output\facts_eee19782a44b.ttl;Fault detection;20,166,167,200,42;20,166,34,200,33;True;True;True;0.611000;0.611000;0.600400;0.599400;4;5;0.470279;0.482916
93;extraction_papers\ontocast_runs\run_100_20260611_194110\output\facts_efdcb1f88fec.ttl;Remaining useful life estimation;59,58,60,35,37;59,60,120,30,36;True;True;True;0.525000;0.525000;0.522600;0.521400;5;5;0.364496;0.433045
94;extraction_papers\ontocast_runs\run_100_20260611_194110\output\facts_f1592c013293.ttl;Fault detection;209,42,41,44,43;209,33,34,44,41;True;True;True;0.707000;0.707000;0.707000;0.707000;5;5;0.439411;0.485920
95;extraction_papers\ontocast_runs\run_100_20260611_194110\output\facts_f2edcbd552fb.ttl;Remaining useful life estimation;155,204,234,232,233;155,122,249,16,128;True;True;True;0.517000;0.517000;0.514600;0.514600;5;5;0.350235;0.566456
96;extraction_papers\ontocast_runs\run_100_20260611_194110\output\facts_f47994220d2b.ttl;Fault detection;209,42,41,44,43;209,33,34,44,41;True;True;True;0.707000;0.707000;0.707000;0.707000;5;5;0.439411;0.485920
97;extraction_papers\ontocast_runs\run_100_20260611_194110\output\facts_fa4fa2d69a6d.ttl;Remaining useful life estimation;92,204,97,127,75;92,204,69,36,97;True;True;True;0.579000;0.579000;0.525000;0.524800;5;5;0.504125;0.504530
98;extraction_papers\ontocast_runs\run_100_20260611_194110\output\facts_fa83aff3fe09.ttl;Health assessment;239,153,154,193,221;239,221,7,153,38;True;True;True;0.543000;0.543000;0.540600;0.526000;4;5;0.435272;0.543577
99;extraction_papers\ontocast_runs\run_100_20260611_194110\output\facts_fb9baedee0bb.ttl;Remaining useful life estimation;155,51,53,52,55;155,223,4,53,169;True;True;True;0.513000;0.513000;0.513000;0.513000;4;5;0.357192;0.509550
100;extraction_papers\ontocast_runs\run_100_20260611_194110\output\facts_ff6a373cd570.ttl;Health assessment;227,7,177,188,221;227,213,221,193,104;True;True;True;0.522000;0.522000;0.516600;0.509600;4;5;0.468631;0.603224
101;extraction_papers\ontocast_runs\run_500_20260710_185042\output\facts_01ed610980f6.ttl;Fault feature extraction;18,235,70,32,253;18,229,70,190,235;True;True;True;0.530000;0.530000;0.518600;0.516000;5;5;0.427853;0.599411
102;extraction_papers\ontocast_runs\run_500_20260710_185042\output\facts_0274d4e4b6b4.ttl;Remaining useful life estimation;59,58,60,226,207;59,15,208,242,122;True;True;True;0.600000;0.600000;0.599000;0.594800;5;5;0.459186;0.585174
103;extraction_papers\ontocast_runs\run_500_20260710_185042\output\facts_02b1e1db1ebc.ttl;Remaining useful life estimation;172,207,208,226,92;172,208,204,21,92;True;True;True;0.527000;0.527000;0.520600;0.517800;5;5;0.504497;0.574041
104;extraction_papers\ontocast_runs\run_500_20260710_185042\output\facts_02cb90b55b51.ttl;Remaining useful life estimation;197,169,107,92,108;197,51,126,107,92;True;True;True;0.527000;0.527000;0.519400;0.517400;4;5;0.456645;0.547554
105;extraction_papers\ontocast_runs\run_500_20260710_185042\output\facts_02fa479982bb.ttl;Fault detection;215,166,167,72,209;215,200,166,218,211;True;True;True;0.518000;0.518000;0.511400;0.509000;4;5;0.528153;0.619877
106;extraction_papers\ontocast_runs\run_500_20260710_185042\output\facts_036cad9d17bd.ttl;Remaining useful life estimation;234,232,233,15,14;234,122,249,128,16;True;True;True;0.689000;0.689000;0.689000;0.689000;4;5;0.318960;0.549456
107;extraction_papers\ontocast_runs\run_500_20260710_185042\output\facts_0427cffaf5f0.ttl;Fault detection;20,42,41,44,43;20,44,34,33,230;True;True;True;0.530000;0.530000;0.525200;0.523800;5;5;0.382882;0.459063
108;extraction_papers\ontocast_runs\run_500_20260710_185042\output\facts_0565684ca025.ttl;One step future state forecast;10,106,131,132,135;10,134,132,106,135;True;True;True;0.510000;0.510000;0.505800;0.505800;5;5;0.349074;0.365515
109;extraction_papers\ontocast_runs\run_500_20260710_185042\output\facts_0569999cb923.ttl;Remaining useful life estimation;234,232,233,15,14;234,122,249,128,16;True;True;True;0.707000;0.707000;0.707000;0.707000;4;5;0.318960;0.549456
110;extraction_papers\ontocast_runs\run_500_20260710_185042\output\facts_0593a9919b79.ttl;Health assessment;31,38,239,213,221;31,213,239,221,104;True;True;True;0.577000;0.577000;0.577000;0.577000;5;5;0.562146;0.592777
111;extraction_papers\ontocast_runs\run_500_20260710_185042\output\facts_06390a092d7f.ttl;Fault identification;247,203,189,216,196;247,201,189,255,176;True;True;True;0.524000;0.524000;0.517400;0.513600;5;5;0.594289;0.678322
112;extraction_papers\ontocast_runs\run_500_20260710_185042\output\facts_06c8822b55d2.ttl;One step future state forecast;131,132,106,10,135;131,10,135,132,133;True;True;True;0.707000;0.707000;0.707000;0.707000;5;5;0.349074;0.328540
113;extraction_papers\ontocast_runs\run_500_20260710_185042\output\facts_0761d601b305.ttl;Fault detection;42,41,44,43,46;42,34,44,41,29;True;True;True;0.546000;0.546000;0.546000;0.546000;5;5;0.296792;0.352886
114;extraction_papers\ontocast_runs\run_500_20260710_185042\output\facts_08257ce5150f.ttl;One step future state forecast;131,132,106,10,135;131,10,135,132,133;True;True;True;0.577000;0.577000;0.577000;0.577000;5;5;0.349074;0.328540
115;extraction_papers\ontocast_runs\run_500_20260710_185042\output\facts_0c0922d4a23b.ttl;One step future state forecast;131,132,106,10,135;131,10,135,132,133;True;True;True;0.707000;0.707000;0.707000;0.707000;5;5;0.349074;0.328540
116;extraction_papers\ontocast_runs\run_500_20260710_185042\output\facts_0c556dd91c12.ttl;Health assessment;31,38,104,7,177;31,213,239,221,104;True;True;True;0.501000;0.501000;0.501000;0.500400;4;5;0.495385;0.592777
117;extraction_papers\ontocast_runs\run_500_20260710_185042\output\facts_0cf575569a46.ttl;Fault detection;166,167,98,42,41;166,34,98,42,44;True;True;True;0.655000;0.655000;0.585200;0.559000;4;5;0.285635;0.356252
118;extraction_papers\ontocast_runs\run_500_20260710_185042\output\facts_0d06342b9b75.ttl;Fault detection;209,42,41,44,43;209,33,34,44,41;True;True;True;0.707000;0.707000;0.707000;0.707000;5;5;0.439411;0.485920
119;extraction_papers\ontocast_runs\run_500_20260710_185042\output\facts_0e2936cf44a8.ttl;Health assessment;221,31,38,104,239;221,239,7,104,31;True;True;True;0.519000;0.519000;0.515000;0.513600;5;5;0.545685;0.590350
120;extraction_papers\ontocast_runs\run_500_20260710_185042\output\facts_0e472e57d26e.ttl;One step future state forecast;10,131,132,135,133;10,134,132,106,135;True;True;True;0.508000;0.508000;0.504800;0.504800;5;5;0.328540;0.365515
121;extraction_papers\ontocast_runs\run_500_20260710_185042\output\facts_0efdf6da33d6.ttl;One step future state forecast;131,132,135,133,134;131,10,135,132,133;True;True;True;0.506000;0.506000;0.506000;0.505800;5;5;0.241913;0.328540
122;extraction_papers\ontocast_runs\run_500_20260710_185042\output\facts_10262fb0fde1.ttl;Remaining useful life estimation;226,59,58,60,127;226,60,69,55,127;True;True;True;0.664000;0.664000;0.603800;0.584600;5;5;0.464700;0.575651
123;extraction_papers\ontocast_runs\run_500_20260710_185042\output\facts_117847e3c530.ttl;Fault identification;13,246,196,203,189;13,247,202,255,216;True;True;True;0.517000;0.517000;0.514600;0.509600;5;5;0.437131;0.691168
124;extraction_papers\ontocast_runs\run_500_20260710_185042\output\facts_12e0db15847a.ttl;Fault feature extraction;32,253,198,190,70;32,190,229,198,235;True;True;True;0.524000;0.524000;0.522200;0.517800;5;5;0.537472;0.596786
125;extraction_papers\ontocast_runs\run_500_20260710_185042\output\facts_12e4132d369b.ttl;Fault detection;72,245,166,167,200;72,218,166,211,245;True;True;True;0.598000;0.598000;0.590800;0.590200;4;5;0.483133;0.604529
126;extraction_papers\ontocast_runs\run_500_20260710_185042\output\facts_13a2395c2081.ttl;Health modelling;57,205,206,240,236;57,217,160,224,241;True;True;True;0.577000;0.577000;0.577000;0.577000;5;5;0.420650;0.549595
127;extraction_papers\ontocast_runs\run_500_20260710_185042\output\facts_13e24977c6b6.ttl;Health assessment;221,239,153,154,193;221,239,7,104,227;True;True;True;0.536000;0.536000;0.520000;0.516600;4;5;0.435272;0.610851
128;extraction_papers\ontocast_runs\run_500_20260710_185042\output\facts_1489f1caf7d4.ttl;Remaining useful life estimation;204,108,97,22,21;204,68,184,97,108;True;True;True;0.596000;0.596000;0.544600;0.543200;5;5;0.476656;0.519881
129;extraction_papers\ontocast_runs\run_500_20260710_185042\output\facts_14d4842dceea.ttl;Fault detection;166,167,98,20,42;166,20,34,33,44;True;True;True;0.533000;0.533000;0.525800;0.521200;4;5;0.352870;0.438909
130;extraction_papers\ontocast_runs\run_500_20260710_185042\output\facts_150362587e21.ttl;Fault detection;19,72,209,211,215;19,211,44,215,46;True;True;True;0.524000;0.524000;0.509800;0.508800;5;5;0.518833;0.573555
131;extraction_papers\ontocast_runs\run_500_20260710_185042\output\facts_159a8af82084.ttl;Fault detection;42,41,44,43,46;42,34,215,44,41;True;True;True;0.590000;0.590000;0.590000;0.575600;5;5;0.296792;0.447706
132;extraction_papers\ontocast_runs\run_500_20260710_185042\output\facts_15d6e0f725e9.ttl;Fault detection;200,230,19,20,166;200,166,230,211,19;True;True;True;0.527000;0.527000;0.517400;0.516200;4;5;0.422650;0.548455
133;extraction_papers\ontocast_runs\run_500_20260710_185042\output\facts_16259bb8b181.ttl;Fault detection;209,42,41,44,43;209,33,34,44,41;True;True;True;0.577000;0.577000;0.577000;0.577000;5;5;0.439411;0.485920
134;extraction_papers\ontocast_runs\run_500_20260710_185042\output\facts_1649303d03f5.ttl;Remaining useful life estimation;51,53,52,55,54;51,207,204,36,55;True;True;True;0.577000;0.577000;0.577000;0.577000;4;5;0.287092;0.541169
135;extraction_papers\ontocast_runs\run_500_20260710_185042\output\facts_164938fe194b.ttl;Remaining useful life estimation;127,69,226,59,58;127,208,60,69,108;True;True;True;0.552000;0.552000;0.536000;0.532000;5;5;0.413343;0.581788
136;extraction_papers\ontocast_runs\run_500_20260710_185042\output\facts_171b435bdf9e.ttl;Fault feature extraction;70,18,229,17,235;70,190,229,198,235;True;True;True;0.520000;0.520000;0.511000;0.508600;4;5;0.508965;0.605755
137;extraction_papers\ontocast_runs\run_500_20260710_185042\output\facts_173e989f42c4.ttl;Remaining useful life estimation;51,53,52,55,54;51,207,204,36,55;True;True;True;0.707000;0.707000;0.707000;0.707000;4;5;0.287092;0.541169
138;extraction_papers\ontocast_runs\run_500_20260710_185042\output\facts_1762d3edd470.ttl;Health assessment;188,31,38,104,2;188,227,104,193,38;True;True;True;0.534000;0.534000;0.518400;0.516000;5;5;0.517649;0.595453
139;extraction_papers\ontocast_runs\run_500_20260710_185042\output\facts_17792a3e16ba.ttl;One step future state forecast;131,132,106,10,135;131,10,135,132,133;True;True;True;0.577000;0.577000;0.577000;0.577000;5;5;0.349074;0.328540
140;extraction_papers\ontocast_runs\run_500_20260710_185042\output\facts_17cd6a7ce0d1.ttl;Fault detection;209,211,191,42,41;209,33,211,34,44;True;True;True;0.604000;0.604000;0.603600;0.603400;5;5;0.574954;0.576161
141;extraction_papers\ontocast_runs\run_500_20260710_185042\output\facts_184d608e1f84.ttl;Health assessment;31,38,239,213,221;31,213,239,221,104;True;True;True;0.500000;0.500000;0.500000;0.500000;5;5;0.562146;0.592777
142;extraction_papers\ontocast_runs\run_500_20260710_185042\output\facts_1850d37fbad4.ttl;Remaining useful life estimation;181,234,232,233,15;181,249,233,128,122;True;True;True;0.544000;0.544000;0.535200;0.535200;5;5;0.341788;0.562464
143;extraction_papers\ontocast_runs\run_500_20260710_185042\output\facts_18cf238441be.ttl;Fault detection;42,41,44,43,46;42,195,34,19,44;True;True;True;0.534000;0.534000;0.534000;0.528800;5;5;0.296792;0.505409
144;extraction_papers\ontocast_runs\run_500_20260710_185042\output\facts_1996f16e00b3.ttl;Health assessment;221,213,239,153,154;221,239,7,104,227;True;True;True;0.519000;0.519000;0.517400;0.511000;4;5;0.526707;0.610851
145;extraction_papers\ontocast_runs\run_500_20260710_185042\output\facts_1aa5b3e6f988.ttl;Remaining useful life estimation;22,21,24,23,26;22,107,51,55,56;True;True;True;0.609000;0.609000;0.609000;0.606000;3;5;0.166842;0.375944
146;extraction_papers\ontocast_runs\run_500_20260710_185042\output\facts_1afce5a917c7.ttl;Fault detection;209,42,41,44,43;209,33,34,44,41;True;True;True;0.577000;0.577000;0.577000;0.577000;5;5;0.439411;0.485920
147;extraction_papers\ontocast_runs\run_500_20260710_185042\output\facts_1b8e16eda666.ttl;Fault detection;209,42,41,44,43;209,33,34,44,41;True;True;True;0.577000;0.577000;0.577000;0.577000;5;5;0.439411;0.485920
148;extraction_papers\ontocast_runs\run_500_20260710_185042\output\facts_1be481d41400.ttl;Health assessment;213,31,38,227,104;213,173,193,38,104;True;True;True;0.595000;0.595000;0.591000;0.589400;5;5;0.559500;0.611761
149;extraction_papers\ontocast_runs\run_500_20260710_185042\output\facts_1c251ba771a0.ttl;Fault detection;215,175,20,245,166;215,175,44,209,47;True;True;True;0.595000;0.595000;0.590200;0.587800;5;5;0.453648;0.521136
150;extraction_papers\ontocast_runs\run_500_20260710_185042\output\facts_1d38dce714eb.ttl;Fault detection;209,42,41,44,43;209,33,34,44,41;True;True;True;0.577000;0.577000;0.577000;0.577000;5;5;0.439411;0.485920
151;extraction_papers\ontocast_runs\run_500_20260710_185042\output\facts_1d50f4186005.ttl;Health assessment;31,38,239,213,221;31,213,239,221,104;True;True;True;0.577000;0.577000;0.577000;0.577000;5;5;0.562146;0.592777
152;extraction_papers\ontocast_runs\run_500_20260710_185042\output\facts_1de7d146cbcc.ttl;One step future state forecast;131,132,106,10,135;131,10,135,132,133;True;True;True;0.707000;0.707000;0.707000;0.707000;5;5;0.349074;0.328540
153;extraction_papers\ontocast_runs\run_500_20260710_185042\output\facts_1dfb91166b11.ttl;Fault detection;230,209,211,191,19;230,211,41,218,209;True;True;True;0.519000;0.519000;0.517000;0.512400;5;5;0.486777;0.591638
154;extraction_papers\ontocast_runs\run_500_20260710_185042\output\facts_1dfe564c9a8c.ttl;Remaining useful life estimation;127,226,97,69,169;127,208,69,226,169;True;True;True;0.519000;0.519000;0.518800;0.518000;5;5;0.422438;0.525007
155;extraction_papers\ontocast_runs\run_500_20260710_185042\output\facts_1e325e1b6ca0.ttl;Fault detection;200,72,195,42,41;200,44,34,33,41;True;True;True;0.517000;0.517000;0.516200;0.515400;5;5;0.460071;0.461273
156;extraction_papers\ontocast_runs\run_500_20260710_185042\output\facts_1e54a6d33b60.ttl;Fault detection;42,41,44,43,46;42,20,34,44,41;True;True;True;0.540000;0.540000;0.540000;0.535400;5;5;0.296792;0.432974
157;extraction_papers\ontocast_runs\run_500_20260710_185042\output\facts_1e7646977023.ttl;Health modelling;71,91,168,236,174;71,260,179,168,12;True;True;True;0.600000;0.600000;0.593000;0.591000;5;5;0.398801;0.564305
158;extraction_papers\ontocast_runs\run_500_20260710_185042\output\facts_1ef6273f524a.ttl;Remaining useful life estimation;223,222,184,35,37;223,222,184,120,30;True;True;True;0.600000;0.600000;0.598000;0.598000;5;5;0.533472;0.562200
159;extraction_papers\ontocast_runs\run_500_20260710_185042\output\facts_200b31896355.ttl;Fault detection;72,215,166,167,98;72,218,166,211,230;True;True;True;0.527000;0.527000;0.510200;0.507600;4;5;0.430355;0.607158
160;extraction_papers\ontocast_runs\run_500_20260710_185042\output\facts_207c2f61486e.ttl;Fault detection;98,209,42,41,44;98,209,42,44,34;True;True;True;0.501000;0.501000;0.500200;0.500200;5;5;0.430744;0.451015
161;extraction_papers\ontocast_runs\run_500_20260710_185042\output\facts_2087e3707b95.ttl;Fault detection;218,209,42,41,44;218,34,19,42,44;True;True;True;0.578000;0.578000;0.577200;0.577200;5;5;0.547752;0.561978
162;extraction_papers\ontocast_runs\run_500_20260710_185042\output\facts_2090c159abe1.ttl;One step future state forecast;131,132,106,10,135;131,10,135,132,133;True;True;True;0.707000;0.707000;0.707000;0.707000;5;5;0.349074;0.328540
163;extraction_papers\ontocast_runs\run_500_20260710_185042\output\facts_20954c1af19d.ttl;Remaining useful life estimation;95,96,122,123,82;95,122,81,232,123;True;True;True;0.714000;0.714000;0.693000;0.676800;4;5;0.478031;0.564277
164;extraction_papers\ontocast_runs\run_500_20260710_185042\output\facts_209acc5bf5ca.ttl;Fault detection;209,211,191,200,215;209,166,211,215,218;True;True;True;0.604000;0.604000;0.600800;0.595800;5;5;0.485599;0.609659
165;extraction_papers\ontocast_runs\run_500_20260710_185042\output\facts_2188ec61f052.ttl;Fault detection;72,230,215,166,167;72,218,44,230,42;True;True;True;0.527000;0.527000;0.512400;0.511200;4;5;0.469987;0.572343
166;extraction_papers\ontocast_runs\run_500_20260710_185042\output\facts_21b5422495b4.ttl;Fault detection;245,209,20,211,191;245,211,41,209,34;True;True;True;0.521000;0.521000;0.515400;0.514200;5;5;0.503888;0.580088
167;extraction_papers\ontocast_runs\run_500_20260710_185042\output\facts_21bd9d788c78.ttl;One step future state forecast;10,131,132,135,133;10,134,132,106,135;True;True;True;0.578000;0.578000;0.578000;0.577800;5;5;0.328540;0.365515
168;extraction_papers\ontocast_runs\run_500_20260710_185042\output\facts_21f5994b1922.ttl;Fault detection;200,166,167,98,230;200,166,230,34,33;True;True;True;0.527000;0.527000;0.522600;0.519400;4;5;0.439524;0.482622
169;extraction_papers\ontocast_runs\run_500_20260710_185042\output\facts_22617f0051a2.ttl;One step future state forecast;131,132,106,10,135;131,10,135,132,133;True;True;True;0.707000;0.707000;0.707000;0.707000;5;5;0.349074;0.328540
170;extraction_papers\ontocast_runs\run_500_20260710_185042\output\facts_2313ca9c6aa6.ttl;Remaining useful life estimation;204,35,37,36,22;204,36,21,35,119;True;True;True;0.517000;0.517000;0.517000;0.517000;5;5;0.418042;0.473296
171;extraction_papers\ontocast_runs\run_500_20260710_185042\output\facts_23354065a3d2.ttl;Remaining useful life estimation;51,53,52,55,54;51,207,204,36,55;True;True;True;0.707000;0.707000;0.707000;0.707000;4;5;0.287092;0.541169
172;extraction_papers\ontocast_runs\run_500_20260710_185042\output\facts_24a3a2cce978.ttl;Fault detection;42,41,44,43,46;42,230,34,19,44;True;True;True;0.593000;0.593000;0.593000;0.593000;5;5;0.296792;0.461336
173;extraction_papers\ontocast_runs\run_500_20260710_185042\output\facts_24b4f118581d.ttl;Fault detection;98,200,72,20,230;98,218,211,215,200;True;True;True;0.513000;0.513000;0.508400;0.506200;5;5;0.348494;0.594953
174;extraction_papers\ontocast_runs\run_500_20260710_185042\output\facts_24ff1d69286e.ttl;Fault detection;195,42,41,44,43;195,44,19,34,33;True;True;True;0.515000;0.515000;0.506200;0.506200;5;5;0.471342;0.502327
175;extraction_papers\ontocast_runs\run_500_20260710_185042\output\facts_258e3e8931aa.ttl;Remaining useful life estimation;35,37,36,28,30;35,36,115,37,30;True;True;True;0.595000;0.595000;0.595000;0.595000;4;5;0.268100;0.290129
176;extraction_papers\ontocast_runs\run_500_20260710_185042\output\facts_25ab5d9cebe4.ttl;Remaining useful life estimation;107,256,92,147,148;107,223,92,208,149;True;True;True;0.590000;0.590000;0.590000;0.588600;5;5;0.414143;0.581694
177;extraction_papers\ontocast_runs\run_500_20260710_185042\output\facts_2676d75af134.ttl;Fault detection;42,41,44,43,46;42,34,19,44,41;True;True;True;0.590000;0.590000;0.590000;0.575000;5;5;0.296792;0.432974
178;extraction_papers\ontocast_runs\run_500_20260710_185042\output\facts_274a592d6e6a.ttl;Health assessment;31,38,239,213,221;31,213,239,221,104;True;True;True;0.707000;0.707000;0.707000;0.707000;5;5;0.562146;0.592777
179;extraction_papers\ontocast_runs\run_500_20260710_185042\output\facts_27ad2a70e827.ttl;Fault detection;215,19,42,41,44;215,34,19,42,44;True;True;True;0.536000;0.536000;0.521000;0.521000;5;5;0.466775;0.496553
180;extraction_papers\ontocast_runs\run_500_20260710_185042\output\facts_27df4a5e3a93.ttl;Fault detection;209,42,41,44,43;209,33,34,44,41;True;True;True;0.707000;0.707000;0.707000;0.707000;5;5;0.439411;0.485920
181;extraction_papers\ontocast_runs\run_500_20260710_185042\output\facts_282a78718eb1.ttl;Fault detection;42,41,44,43,46;42,200,34,19,44;True;True;True;0.605000;0.605000;0.605000;0.600200;5;5;0.296792;0.488710
182;extraction_papers\ontocast_runs\run_500_20260710_185042\output\facts_2881f791711d.ttl;Remaining useful life estimation;59,58,60,222,184;59,60,184,120,30;True;True;True;0.531000;0.531000;0.531000;0.528600;5;5;0.460214;0.528844
183;extraction_papers\ontocast_runs\run_500_20260710_185042\output\facts_2904db2538a7.ttl;Fault feature extraction;32,253,198,17,27;32,190,229,198,235;True;True;True;0.515000;0.515000;0.512200;0.507800;5;5;0.450663;0.596786
184;extraction_papers\ontocast_runs\run_500_20260710_185042\output\facts_29117213505d.ttl;Fault feature extraction;32,27,235,17,18;32,190,229,198,235;True;True;True;0.577000;0.577000;0.577000;0.577000;4;5;0.424603;0.596786
185;extraction_papers\ontocast_runs\run_500_20260710_185042\output\facts_29f76b527a2b.ttl;Fault feature extraction;70,32,17,253,198;70,190,229,198,235;True;True;True;0.524000;0.524000;0.516800;0.513200;5;5;0.445912;0.605755
186;extraction_papers\ontocast_runs\run_500_20260710_185042\output\facts_2b6e75ab029f.ttl;Fault detection;209,42,41,44,43;209,33,34,44,41;True;True;True;0.707000;0.707000;0.707000;0.707000;5;5;0.439411;0.485920
187;extraction_papers\ontocast_runs\run_500_20260710_185042\output\facts_2c4885be8796.ttl;Fault detection;42,41,44,43,46;42,200,34,44,41;True;True;True;0.645000;0.645000;0.645000;0.637800;5;5;0.296792;0.463518
188;extraction_papers\ontocast_runs\run_500_20260710_185042\output\facts_2cbf6784d2e3.ttl;Remaining useful life estimation;204,222,184,8,178;204,222,184,242,122;True;True;True;0.521000;0.521000;0.519000;0.518600;4;5;0.434510;0.624188
189;extraction_papers\ontocast_runs\run_500_20260710_185042\output\facts_2cfb118e9d92.ttl;Fault detection;42,41,44,43,46;42,200,34,44,41;True;True;True;0.559000;0.559000;0.559000;0.552600;5;5;0.296792;0.463518
190;extraction_papers\ontocast_runs\run_500_20260710_185042\output\facts_2d91c598af4f.ttl;Fault detection;200,19,166,167,20;200,166,230,19,34;True;True;True;0.527000;0.527000;0.515600;0.514800;3;5;0.433541;0.467939
191;extraction_papers\ontocast_runs\run_500_20260710_185042\output\facts_2db1655d31a6.ttl;Remaining useful life estimation;127,226,69,225,169;127,15,226,242,69;True;True;True;0.523000;0.523000;0.521000;0.520600;5;5;0.465527;0.575039
192;extraction_papers\ontocast_runs\run_500_20260710_185042\output\facts_2f1204323191.ttl;Remaining useful life estimation;157,158,156,181,263;157,16,122,242,232;True;True;True;0.591000;0.591000;0.590800;0.590200;3;5;0.444231;0.548230
193;extraction_papers\ontocast_runs\run_500_20260710_185042\output\facts_30228a3c2349.ttl;Remaining useful life estimation;181,234,232,233,15;181,249,233,128,122;True;True;True;0.544000;0.544000;0.535200;0.535200;5;5;0.341788;0.562464
194;extraction_papers\ontocast_runs\run_500_20260710_185042\output\facts_30ddca7feb40.ttl;Health assessment;173,188,7,177,221;173,213,221,193,7;True;True;True;0.515000;0.515000;0.512400;0.508800;4;5;0.464530;0.592810
195;extraction_papers\ontocast_runs\run_500_20260710_185042\output\facts_3252fa8ca6bb.ttl;Fault detection;19,175,72,218,245;19,218,44,34,33;True;True;True;0.591000;0.591000;0.590400;0.587800;5;5;0.431463;0.558946
196;extraction_papers\ontocast_runs\run_500_20260710_185042\output\facts_344967ac8b3f.ttl;Fault detection;215,72,20,200,195;215,200,166,218,20;True;True;True;0.598000;0.598000;0.592600;0.588000;5;5;0.388407;0.584033
197;extraction_papers\ontocast_runs\run_500_20260710_185042\output\facts_34747f2051b2.ttl;Remaining useful life estimation;97,35,37,36,28;97,36,35,115,37;True;True;True;0.604000;0.604000;0.596800;0.596800;4;5;0.284713;0.299631
198;extraction_papers\ontocast_runs\run_500_20260710_185042\output\facts_3586d03d85ef.ttl;Health assessment;221,73,213,31,38;221,239,213,31,104;True;True;True;0.555000;0.555000;0.542800;0.533000;5;5;0.441159;0.592777
199;extraction_papers\ontocast_runs\run_500_20260710_185042\output\facts_359c9220d540.ttl;Fault detection;209,42,41,44,43;209,33,34,44,41;True;True;True;0.577000;0.577000;0.577000;0.577000;5;5;0.439411;0.485920
200;extraction_papers\ontocast_runs\run_500_20260710_185042\output\facts_35ed82347e21.ttl;Remaining useful life estimation;181,35,37,36,28;181,111,36,30,37;True;True;True;0.520000;0.520000;0.516000;0.516000;4;5;0.413595;0.448287
201;extraction_papers\ontocast_runs\run_500_20260710_185042\output\facts_35eebb7b7afe.ttl;Fault feature extraction;231,70,235,190,32;231,190,229,198,235;True;True;True;0.506000;0.506000;0.504200;0.503800;5;5;0.529683;0.602278
202;extraction_papers\ontocast_runs\run_500_20260710_185042\output\facts_3646b6f83eec.ttl;Health assessment;31,38,104,227,73;31,213,239,104,221;True;True;True;0.546000;0.546000;0.531600;0.520600;5;5;0.457332;0.592777
203;extraction_papers\ontocast_runs\run_500_20260710_185042\output\facts_369aa98c1873.ttl;Health assessment;188,31,38,104,2;188,227,104,193,38;True;True;True;0.534000;0.534000;0.518400;0.516000;5;5;0.517649;0.595453
204;extraction_papers\ontocast_runs\run_500_20260710_185042\output\facts_379d2a018523.ttl;Health assessment;221,188,227,2,73;221,239,7,104,227;True;True;True;0.532000;0.532000;0.517400;0.513400;5;5;0.337708;0.610851
205;extraction_papers\ontocast_runs\run_500_20260710_185042\output\facts_3802ef04d008.ttl;Health assessment;31,38,239,213,221;31,213,239,221,104;True;True;True;0.577000;0.577000;0.577000;0.577000;5;5;0.562146;0.592777
206;extraction_papers\ontocast_runs\run_500_20260710_185042\output\facts_3816e4cb701a.ttl;Fault detection;42,41,44,43,46;42,34,44,41,29;True;True;True;0.685000;0.685000;0.685000;0.685000;5;5;0.296792;0.352886
207;extraction_papers\ontocast_runs\run_500_20260710_185042\output\facts_38b8482122f9.ttl;Remaining useful life estimation;169,225,207,208,51;169,208,55,222,54;True;True;True;0.522000;0.522000;0.517200;0.516000;5;5;0.455761;0.516129
208;extraction_papers\ontocast_runs\run_500_20260710_185042\output\facts_38f7a98014e5.ttl;Health assessment;7,177,239,153,154;7,227,104,193,221;True;True;True;0.518000;0.518000;0.513800;0.510800;3;5;0.484085;0.600430
209;extraction_papers\ontocast_runs\run_500_20260710_185042\output\facts_391d81ab140b.ttl;Remaining useful life estimation;51,53,52,55,54;51,207,204,36,55;True;True;True;0.577000;0.577000;0.577000;0.577000;4;5;0.287092;0.541169
210;extraction_papers\ontocast_runs\run_500_20260710_185042\output\facts_395330d7af73.ttl;Fault detection;200,98,20,209,211;200,215,166,211,20;True;True;True;0.645000;0.645000;0.606000;0.602800;5;5;0.454222;0.594013
211;extraction_papers\ontocast_runs\run_500_20260710_185042\output\facts_3979e8861110.ttl;Fault detection;200,98,209,211,215;200,215,166,218,211;True;True;True;0.595000;0.595000;0.586800;0.585400;5;5;0.545125;0.619877
212;extraction_papers\ontocast_runs\run_500_20260710_185042\output\facts_3a29bbf81979.ttl;Fault detection;166,167,98,19,195;166,195,19,34,33;True;True;True;0.506000;0.506000;0.504800;0.502800;4;5;0.428058;0.495535
213;extraction_papers\ontocast_runs\run_500_20260710_185042\output\facts_3ab6eeca2c90.ttl;Fault detection;195,42,41,44,43;195,44,34,33,41;True;True;True;0.539000;0.539000;0.535000;0.535000;5;5;0.471342;0.479795
214;extraction_papers\ontocast_runs\run_500_20260710_185042\output\facts_3b389bcd8ccd.ttl;Health assessment;31,38,104,227,73;31,213,239,104,221;True;True;True;0.546000;0.546000;0.531600;0.520600;5;5;0.457332;0.592777
215;extraction_papers\ontocast_runs\run_500_20260710_185042\output\facts_3b442c32918c.ttl;Remaining useful life estimation;172,127,69,35,37;172,69,127,30,120;True;True;True;0.530000;0.530000;0.518800;0.518800;5;5;0.349531;0.365740
216;extraction_papers\ontocast_runs\run_500_20260710_185042\output\facts_3bcaccb87e71.ttl;Fault detection;209,42,41,44,43;209,33,34,44,41;True;True;True;0.577000;0.577000;0.577000;0.577000;5;5;0.439411;0.485920
217;extraction_papers\ontocast_runs\run_500_20260710_185042\output\facts_3c088e509323.ttl;Fault detection;72,195,19,175,215;72,215,44,46,42;True;True;True;0.527000;0.527000;0.520800;0.509000;5;5;0.355833;0.472333
218;extraction_papers\ontocast_runs\run_500_20260710_185042\output\facts_3c5b1b15be09.ttl;Health assessment;7,177,213,73,188;7,227,221,193,38;True;True;True;0.583000;0.583000;0.582400;0.580200;4;5;0.410283;0.553210
219;extraction_papers\ontocast_runs\run_500_20260710_185042\output\facts_3c9ad7411517.ttl;One step future state forecast;131,132,106,10,135;131,10,135,132,133;True;True;True;0.707000;0.707000;0.707000;0.707000;5;5;0.349074;0.328540
220;extraction_papers\ontocast_runs\run_500_20260710_185042\output\facts_3cb79521fe2c.ttl;One step future state forecast;131,132,106,10,135;131,10,135,132,133;True;True;True;0.577000;0.577000;0.577000;0.577000;5;5;0.349074;0.328540
221;extraction_papers\ontocast_runs\run_500_20260710_185042\output\facts_3ccee18dcf6a.ttl;Remaining useful life estimation;51,53,52,55,54;51,207,204,36,55;True;True;True;0.577000;0.577000;0.577000;0.577000;4;5;0.287092;0.541169
222;extraction_papers\ontocast_runs\run_500_20260710_185042\output\facts_3d5d8a11e245.ttl;Health assessment;213,31,38,104,221;213,173,221,193,104;True;True;True;0.510000;0.510000;0.505200;0.504600;5;5;0.510601;0.609252
223;extraction_papers\ontocast_runs\run_500_20260710_185042\output\facts_3db8aab0b0b7.ttl;Remaining useful life estimation;226,59,58,60,127;226,60,69,55,127;True;True;True;0.664000;0.664000;0.603800;0.584600;5;5;0.464700;0.575651
224;extraction_papers\ontocast_runs\run_500_20260710_185042\output\facts_3db8faecfca0.ttl;Fault detection;215,42,41,44,43;215,195,44,34,33;True;True;True;0.598000;0.598000;0.595600;0.595600;5;5;0.395607;0.547430
225;extraction_papers\ontocast_runs\run_500_20260710_185042\output\facts_3e0ce37a59da.ttl;One step future state forecast;131,132,106,10,135;131,10,135,132,133;True;True;True;0.707000;0.707000;0.707000;0.707000;5;5;0.349074;0.328540
226;extraction_papers\ontocast_runs\run_500_20260710_185042\output\facts_3e441c612946.ttl;Remaining useful life estimation;51,53,52,55,54;51,207,204,36,55;True;True;True;0.577000;0.577000;0.577000;0.577000;4;5;0.287092;0.541169
227;extraction_papers\ontocast_runs\run_500_20260710_185042\output\facts_3ee28dd4f49f.ttl;One step future state forecast;131,132,106,10,135;131,10,135,132,133;True;True;True;0.707000;0.707000;0.707000;0.707000;5;5;0.349074;0.328540
228;extraction_papers\ontocast_runs\run_500_20260710_185042\output\facts_3ef3a4cd7be0.ttl;Health assessment;221,31,38,213,104;221,239,7,104,31;True;True;True;0.606000;0.606000;0.602800;0.598400;5;5;0.510601;0.590350
229;extraction_papers\ontocast_runs\run_500_20260710_185042\output\facts_400bbf651a24.ttl;Fault detection;20,175,230,166,167;20,166,34,195,230;True;True;True;0.673000;0.673000;0.550200;0.547000;4;5;0.429495;0.467148
230;extraction_papers\ontocast_runs\run_500_20260710_185042\output\facts_4157d44cf5d5.ttl;Fault identification;216,201,202,176,210;216,247,203,210,201;True;True;True;0.523000;0.523000;0.515600;0.514200;5;5;0.554093;0.692341
231;extraction_papers\ontocast_runs\run_500_20260710_185042\output\facts_4170e8a6f8ef.ttl;Fault detection;200,98,209,211,191;200,44,218,245,211;True;True;True;0.595000;0.595000;0.593800;0.591200;5;5;0.419841;0.605942
232;extraction_papers\ontocast_runs\run_500_20260710_185042\output\facts_419106279d06.ttl;Remaining useful life estimation;51,53,52,55,54;51,207,204,36,55;True;True;True;0.577000;0.577000;0.577000;0.577000;4;5;0.287092;0.541169
233;extraction_papers\ontocast_runs\run_500_20260710_185042\output\facts_4242b18c0aaa.ttl;Fault feature extraction;70,27,231,18,229;70,190,229,198,235;True;True;True;0.513000;0.513000;0.511000;0.508200;5;5;0.526950;0.605755
234;extraction_papers\ontocast_runs\run_500_20260710_185042\output\facts_426e03dc1501.ttl;Fault detection;72,98,42,41,44;72,44,47,41,29;True;True;True;0.507000;0.507000;0.505000;0.504600;5;5;0.393320;0.392319
235;extraction_papers\ontocast_runs\run_500_20260710_185042\output\facts_427b95a7296e.ttl;Fault detection;166,167,200,195,98;166,200,230,34,33;True;True;True;0.506000;0.506000;0.503600;0.502400;4;5;0.441069;0.482622
236;extraction_papers\ontocast_runs\run_500_20260710_185042\output\facts_4296efeaf057.ttl;Remaining useful life estimation;68,67,170,223,222;68,223,184,55,170;True;True;True;0.502000;0.502000;0.501200;0.500800;4;5;0.446617;0.572980
237;extraction_papers\ontocast_runs\run_500_20260710_185042\output\facts_4354e4134545.ttl;Fault detection;42,41,44,43,46;42,34,44,41,29;True;True;True;0.546000;0.546000;0.546000;0.546000;5;5;0.296792;0.352886
238;extraction_papers\ontocast_runs\run_500_20260710_185042\output\facts_438feb0c3a8b.ttl;Fault detection;42,41,44,43,46;42,72,44,34,41;True;True;True;0.520000;0.520000;0.520000;0.519000;5;5;0.296792;0.419318
239;extraction_papers\ontocast_runs\run_500_20260710_185042\output\facts_4489dd6b61c6.ttl;Fault detection;200,209,211,191,166;200,166,230,211,209;True;True;True;0.542000;0.542000;0.534600;0.530800;5;5;0.490584;0.554937
240;extraction_papers\ontocast_runs\run_500_20260710_185042\output\facts_44aad467543c.ttl;Health assessment;173,221,239,153,154;173,213,221,193,104;True;True;True;0.522000;0.522000;0.514800;0.512400;4;5;0.417728;0.609252
241;extraction_papers\ontocast_runs\run_500_20260710_185042\output\facts_4500579a6de3.ttl;Remaining useful life estimation;121,157,158,156,223;121,223,51,157,125;True;True;True;0.536000;0.536000;0.531600;0.522400;3;5;0.358593;0.480430
242;extraction_papers\ontocast_runs\run_500_20260710_185042\output\facts_4501d16e33bc.ttl;Health assessment;31,38,239,213,221;31,213,239,221,104;True;True;True;0.577000;0.577000;0.577000;0.577000;5;5;0.562146;0.592777
243;extraction_papers\ontocast_runs\run_500_20260710_185042\output\facts_45a51c036a9d.ttl;Remaining useful life estimation;127,69,226,8,178;127,8,69,226,169;True;True;True;0.524000;0.524000;0.518200;0.518000;4;5;0.473561;0.515185
244;extraction_papers\ontocast_runs\run_500_20260710_185042\output\facts_469c26cc7d24.ttl;Fault detection;209,42,41,44,43;209,33,34,44,41;True;True;True;0.577000;0.577000;0.577000;0.577000;5;5;0.439411;0.485920
245;extraction_papers\ontocast_runs\run_500_20260710_185042\output\facts_46c71e5bf327.ttl;Remaining useful life estimation;181,68,67,170,51;181,68,208,55,170;True;True;True;0.505000;0.505000;0.501800;0.501400;4;5;0.471561;0.594888
246;extraction_papers\ontocast_runs\run_500_20260710_185042\output\facts_46edd8d69258.ttl;Health assessment;227,7,177,73,213;227,213,221,193,104;True;True;True;0.595000;0.595000;0.590000;0.584200;4;5;0.528471;0.603224
247;extraction_papers\ontocast_runs\run_500_20260710_185042\output\facts_47a1cd33622c.ttl;Fault detection;209,211,191,20,98;209,166,211,245,72;True;True;True;0.518000;0.518000;0.515600;0.509800;5;5;0.489856;0.577468
248;extraction_papers\ontocast_runs\run_500_20260710_185042\output\facts_47acb7bbbb9d.ttl;Fault detection;72,195,166,167,20;72,218,166,211,230;True;True;True;0.515000;0.515000;0.513200;0.509200;4;5;0.441118;0.607158
249;extraction_papers\ontocast_runs\run_500_20260710_185042\output\facts_48359801c85a.ttl;Fault detection;195,72,166,167,175;195,44,230,34,33;True;True;True;0.515000;0.515000;0.507800;0.506200;4;5;0.399313;0.492195
250;extraction_papers\ontocast_runs\run_500_20260710_185042\output\facts_48cad2c1bc0b.ttl;Health assessment;173,221,2,227,31;173,213,221,193,104;True;True;True;0.522000;0.522000;0.513600;0.511000;5;5;0.400917;0.609252
251;extraction_papers\ontocast_runs\run_500_20260710_185042\output\facts_49e805f7c461.ttl;Fault detection;195,72,166,167,98;195,44,20,47,230;True;True;True;0.527000;0.527000;0.512000;0.509000;4;5;0.411445;0.465768
252;extraction_papers\ontocast_runs\run_500_20260710_185042\output\facts_4a2c4d4e2396.ttl;One step future state forecast;131,132,106,10,135;131,10,135,132,133;True;True;True;0.707000;0.707000;0.707000;0.707000;5;5;0.349074;0.328540
253;extraction_papers\ontocast_runs\run_500_20260710_185042\output\facts_4a304c34b75e.ttl;Fault detection;19,20,215,42,41;19,44,215,34,33;True;True;True;0.534000;0.534000;0.515200;0.514000;4;5;0.438456;0.492132
254;extraction_papers\ontocast_runs\run_500_20260710_185042\output\facts_4a516f879096.ttl;Remaining useful life estimation;127,69,157,158,156;127,226,69,55,157;True;True;True;0.567000;0.567000;0.556200;0.551600;3;5;0.265735;0.519933
255;extraction_papers\ontocast_runs\run_500_20260710_185042\output\facts_4aaf385d813e.ttl;Fault detection;209,245,211,191,218;209,42,211,215,218;True;True;True;0.594000;0.594000;0.593400;0.590800;5;5;0.513021;0.604682
256;extraction_papers\ontocast_runs\run_500_20260710_185042\output\facts_4b85cdf3b014.ttl;One step future state forecast;106,10,131,132,135;106,132,135,10,134;True;True;True;0.508000;0.508000;0.503400;0.503400;5;5;0.349074;0.365515
257;extraction_papers\ontocast_runs\run_500_20260710_185042\output\facts_4c2b5277dd6e.ttl;Remaining useful life estimation;51,53,52,55,54;51,207,204,36,55;True;True;True;0.707000;0.707000;0.707000;0.707000;4;5;0.287092;0.541169
258;extraction_papers\ontocast_runs\run_500_20260710_185042\output\facts_4cfe55c1f5ef.ttl;Remaining useful life estimation;107,75,74,76,22;107,22,76,55,23;True;True;True;0.534000;0.534000;0.532000;0.525000;5;5;0.384123;0.418871
259;extraction_papers\ontocast_runs\run_500_20260710_185042\output\facts_4d434709444d.ttl;Remaining useful life estimation;51,53,52,55,54;51,226,60,126,55;True;True;True;0.517000;0.517000;0.517000;0.517000;4;5;0.287092;0.547844
260;extraction_papers\ontocast_runs\run_500_20260710_185042\output\facts_4d6301d8044f.ttl;Fault detection;209,42,41,44,43;209,33,34,44,41;True;True;True;0.577000;0.577000;0.577000;0.577000;5;5;0.439411;0.485920
261;extraction_papers\ontocast_runs\run_500_20260710_185042\output\facts_4e1d1324fb3b.ttl;Fault detection;175,245,20,209,211;175,218,211,166,230;True;True;True;0.593000;0.593000;0.589400;0.585400;5;5;0.482623;0.605357
262;extraction_papers\ontocast_runs\run_500_20260710_185042\output\facts_4e43c6ee7872.ttl;Fault detection;218,20,215,98,245;218,98,215,209,42;True;True;True;0.514000;0.514000;0.512600;0.510800;5;5;0.464759;0.543708
263;extraction_papers\ontocast_runs\run_500_20260710_185042\output\facts_4f1461718e7c.ttl;Fault detection;72,20,19,195,209;72,166,211,230,209;True;True;True;0.595000;0.595000;0.588000;0.585800;4;5;0.266821;0.575145
264;extraction_papers\ontocast_runs\run_500_20260710_185042\output\facts_4fcf2df0b3c7.ttl;Health assessment;239,153,154,73,193;239,104,7,31,221;True;True;True;0.517000;0.517000;0.517000;0.512200;4;5;0.389974;0.590350
265;extraction_papers\ontocast_runs\run_500_20260710_185042\output\facts_5143bfea6398.ttl;Fault detection;200,72,166,167,98;200,166,230,211,42;True;True;True;0.527000;0.527000;0.522600;0.515600;4;5;0.405529;0.563744
266;extraction_papers\ontocast_runs\run_500_20260710_185042\output\facts_515756e1aadd.ttl;Health assessment;31,38,239,213,221;31,213,239,221,104;True;True;True;0.577000;0.577000;0.577000;0.577000;5;5;0.562146;0.592777
267;extraction_papers\ontocast_runs\run_500_20260710_185042\output\facts_51ae31472afe.ttl;Fault detection;209,42,41,44,43;209,33,34,44,41;True;True;True;0.707000;0.707000;0.707000;0.707000;5;5;0.439411;0.485920
268;extraction_papers\ontocast_runs\run_500_20260710_185042\output\facts_524e1be52051.ttl;Health modelling;57,205,206,240,236;57,217,160,224,241;True;True;True;0.577000;0.577000;0.577000;0.577000;5;5;0.420650;0.549595
269;extraction_papers\ontocast_runs\run_500_20260710_185042\output\facts_53766d82fa06.ttl;Fault feature extraction;231,70,235,27,190;231,190,229,198,235;True;True;True;0.543000;0.543000;0.518600;0.512800;5;5;0.555428;0.602278
270;extraction_papers\ontocast_runs\run_500_20260710_185042\output\facts_541c334faec8.ttl;One step future state forecast;131,132,106,10,135;131,10,135,132,133;True;True;True;0.707000;0.707000;0.707000;0.707000;5;5;0.349074;0.328540
271;extraction_papers\ontocast_runs\run_500_20260710_185042\output\facts_5507b191edcf.ttl;Fault detection;42,41,44,43,46;42,230,34,44,215;True;True;True;0.515000;0.515000;0.515000;0.513600;5;5;0.296792;0.471325
272;extraction_papers\ontocast_runs\run_500_20260710_185042\output\facts_5675c51df0ec.ttl;Health assessment;7,177,239,153,154;7,227,104,193,221;True;True;True;0.518000;0.518000;0.513800;0.509800;3;5;0.484085;0.600430
273;extraction_papers\ontocast_runs\run_500_20260710_185042\output\facts_56c24a4b2483.ttl;Fault detection;42,41,44,43,46;42,200,245,34,44;True;True;True;0.504000;0.504000;0.504000;0.504000;5;5;0.296792;0.496791
274;extraction_papers\ontocast_runs\run_500_20260710_185042\output\facts_570d0ba4227e.ttl;Health assessment;213,73,188,221,2;213,227,221,193,104;True;True;True;0.522000;0.522000;0.515000;0.510800;5;5;0.348547;0.603224
275;extraction_papers\ontocast_runs\run_500_20260710_185042\output\facts_584634b5a6ab.ttl;Health assessment;227,239,221,173,7;227,213,221,193,38;True;True;True;0.596000;0.596000;0.590400;0.588600;5;5;0.565149;0.577426
276;extraction_papers\ontocast_runs\run_500_20260710_185042\output\facts_5916ba4e485a.ttl;Fault feature extraction;32,253,198,17,27;32,190,229,198,235;True;True;True;0.515000;0.515000;0.512200;0.507800;5;5;0.450663;0.596786
277;extraction_papers\ontocast_runs\run_500_20260710_185042\output\facts_59f6521f639b.ttl;Fault detection;19,218,230,20,166;19,218,166,200,230;True;True;True;0.519000;0.519000;0.514000;0.514000;4;5;0.475692;0.543257
278;extraction_papers\ontocast_runs\run_500_20260710_185042\output\facts_5b17d29e1395.ttl;Fault feature extraction;32,253,198,17,70;32,190,198,229,235;True;True;True;0.546000;0.546000;0.530800;0.520400;5;5;0.445912;0.596786
279;extraction_papers\ontocast_runs\run_500_20260710_185042\output\facts_5b1cc3467d7a.ttl;Fault detection;200,218,245,209,42;200,44,218,245,34;True;True;True;0.581000;0.581000;0.578200;0.578200;5;5;0.552409;0.569084
280;extraction_papers\ontocast_runs\run_500_20260710_185042\output\facts_5bd2afb8af30.ttl;Fault detection;20,98,200,230,42;20,44,34,200,230;True;True;True;0.515000;0.515000;0.511800;0.511000;5;5;0.438899;0.466303
281;extraction_papers\ontocast_runs\run_500_20260710_185042\output\facts_5bd770bbba76.ttl;Remaining useful life estimation;157,158,156,127,69;157,69,127,30,120;True;True;True;0.518000;0.518000;0.517600;0.516400;3;5;0.265735;0.365740
282;extraction_papers\ontocast_runs\run_500_20260710_185042\output\facts_5ca74d3ffe1e.ttl;Fault identification;255,201,202,176,196;255,216,247,13,176;True;True;True;0.591000;0.591000;0.588000;0.584000;5;5;0.505382;0.680473
283;extraction_papers\ontocast_runs\run_500_20260710_185042\output\facts_5d06cd53f72d.ttl;Fault feature extraction;32,253,198,190,17;32,190,229,198,235;True;True;True;0.515000;0.515000;0.512600;0.509600;5;5;0.542602;0.596786
284;extraction_papers\ontocast_runs\run_500_20260710_185042\output\facts_5d3a0c7776f1.ttl;Fault detection;215,42,41,44,43;215,34,19,42,44;True;True;True;0.509000;0.509000;0.509000;0.509000;5;5;0.395607;0.496553
285;extraction_papers\ontocast_runs\run_500_20260710_185042\output\facts_5df129db58e0.ttl;One step future state forecast;131,132,106,10,135;131,10,135,132,133;True;True;True;0.707000;0.707000;0.707000;0.707000;5;5;0.349074;0.328540
286;extraction_papers\ontocast_runs\run_500_20260710_185042\output\facts_5ed3ebaec3da.ttl;Fault detection;230,218,166,167,200;230,41,218,200,34;True;True;True;0.521000;0.521000;0.516600;0.515000;4;5;0.551131;0.548391
287;extraction_papers\ontocast_runs\run_500_20260710_185042\output\facts_5eeeb5d8e008.ttl;Fault detection;20,42,41,44,43;20,44,215,34,33;True;True;True;0.522000;0.522000;0.516400;0.516000;5;5;0.382882;0.492132
288;extraction_papers\ontocast_runs\run_500_20260710_185042\output\facts_6009f13f692f.ttl;Health assessment;31,38,104,227,73;31,213,239,104,221;True;True;True;0.546000;0.546000;0.531600;0.520600;5;5;0.457332;0.592777
289;extraction_papers\ontocast_runs\run_500_20260710_185042\output\facts_605829bc47be.ttl;Remaining useful life estimation;234,232,233,15,14;234,122,249,128,16;True;True;True;0.717000;0.717000;0.717000;0.717000;4;5;0.318960;0.549456
290;extraction_papers\ontocast_runs\run_500_20260710_185042\output\facts_61f079413f04.ttl;Remaining useful life estimation;234,232,233,15,14;234,122,249,128,16;True;True;True;0.543000;0.543000;0.543000;0.543000;4;5;0.318960;0.549456
291;extraction_papers\ontocast_runs\run_500_20260710_185042\output\facts_6284342b1ba8.ttl;Health assessment;31,38,239,213,221;31,213,239,221,104;True;True;True;0.707000;0.707000;0.707000;0.707000;5;5;0.562146;0.592777
292;extraction_papers\ontocast_runs\run_500_20260710_185042\output\facts_62dab09d68cc.ttl;Remaining useful life estimation;22,21,24,23,26;22,15,208,233,232;True;True;True;0.517000;0.517000;0.517000;0.513000;3;5;0.166842;0.522838
293;extraction_papers\ontocast_runs\run_500_20260710_185042\output\facts_631b04194d08.ttl;Fault detection;245,166,167,218,215;245,41,218,34,44;True;True;True;0.602000;0.602000;0.596400;0.593000;4;5;0.494333;0.532011
294;extraction_papers\ontocast_runs\run_500_20260710_185042\output\facts_637e0c3b555e.ttl;One step future state forecast;131,132,106,10,135;131,10,135,132,133;True;True;True;0.707000;0.707000;0.707000;0.707000;5;5;0.349074;0.328540
295;extraction_papers\ontocast_runs\run_500_20260710_185042\output\facts_64c976727af8.ttl;One step future state forecast;106,131,132,135,133;106,132,135,10,134;True;True;True;0.596000;0.596000;0.588800;0.588200;5;5;0.299580;0.365515
296;extraction_papers\ontocast_runs\run_500_20260710_185042\output\facts_65e8eae47311.ttl;Fault feature extraction;17,32,27,235,18;17,229,70,190,235;True;True;True;0.501000;0.501000;0.500200;0.500200;4;5;0.424603;0.599411
297;extraction_papers\ontocast_runs\run_500_20260710_185042\output\facts_66514e3809a3.ttl;Health assessment;31,38,239,213,221;31,213,239,221,104;True;True;True;0.707000;0.707000;0.707000;0.707000;5;5;0.562146;0.592777
298;extraction_papers\ontocast_runs\run_500_20260710_185042\output\facts_6684c2f36c0b.ttl;Fault detection;42,41,44,43,46;42,218,230,34,44;True;True;True;0.524000;0.524000;0.524000;0.524000;5;5;0.296792;0.538674
299;extraction_papers\ontocast_runs\run_500_20260710_185042\output\facts_66a60553def5.ttl;Fault detection;72,195,20,230,209;72,44,211,230,209;True;True;True;0.515000;0.515000;0.511800;0.510400;5;5;0.352857;0.568703
300;extraction_papers\ontocast_runs\run_500_20260710_185042\output\facts_66cb6db76cd9.ttl;One step future state forecast;131,132,135,133,134;131,10,135,132,133;True;True;True;0.510000;0.510000;0.510000;0.509000;5;5;0.241913;0.328540
301;extraction_papers\ontocast_runs\run_500_20260710_185042\output\facts_673cbff3d812.ttl;Fault detection;72,42,41,44,43;72,44,47,41,29;True;True;True;0.595000;0.595000;0.588600;0.588600;5;5;0.394754;0.392319
302;extraction_papers\ontocast_runs\run_500_20260710_185042\output\facts_695231da8662.ttl;Fault detection;72,195,218,215,245;72,218,44,215,47;True;True;True;0.595000;0.595000;0.593000;0.591800;5;5;0.518754;0.565684
303;extraction_papers\ontocast_runs\run_500_20260710_185042\output\facts_69b1c98201d5.ttl;Fault detection;209,42,41,44,43;209,33,34,44,41;True;True;True;0.577000;0.577000;0.577000;0.577000;5;5;0.439411;0.485920
304;extraction_papers\ontocast_runs\run_500_20260710_185042\output\facts_6a48c55aef0b.ttl;Fault detection;42,41,44,43,46;42,72,44,34,98;True;True;True;0.515000;0.515000;0.515000;0.514600;5;5;0.296792;0.392372
305;extraction_papers\ontocast_runs\run_500_20260710_185042\output\facts_6a4a212ffbc9.ttl;Health assessment;173,31,38,104,221;173,213,221,193,104;True;True;True;0.522000;0.522000;0.516200;0.514400;5;5;0.492775;0.609252
306;extraction_papers\ontocast_runs\run_500_20260710_185042\output\facts_6aa0b4e055d0.ttl;One step future state forecast;131,132,135,133,134;131,10,135,132,133;True;True;True;0.514000;0.514000;0.514000;0.512800;5;5;0.241913;0.328540
307;extraction_papers\ontocast_runs\run_500_20260710_185042\output\facts_6ae388cde46e.ttl;Fault detection;98,72,20,215,245;98,215,200,42,245;True;True;True;0.591000;0.591000;0.588400;0.585800;5;5;0.391253;0.513749
308;extraction_papers\ontocast_runs\run_500_20260710_185042\output\facts_6ae9f9262bd0.ttl;One step future state forecast;131,132,106,10,135;131,10,135,132,133;True;True;True;0.707000;0.707000;0.707000;0.707000;5;5;0.349074;0.328540
309;extraction_papers\ontocast_runs\run_500_20260710_185042\output\facts_6b1c61beca3a.ttl;Fault feature extraction;229,32,17,18,253;229,17,70,190,235;True;True;True;0.525000;0.525000;0.513800;0.512000;4;5;0.521742;0.599411
310;extraction_papers\ontocast_runs\run_500_20260710_185042\output\facts_6b21f594fbb8.ttl;Fault detection;230,42,41,44,43;230,41,34,44,33;True;True;True;0.517000;0.517000;0.515400;0.515400;5;5;0.388385;0.424952
311;extraction_papers\ontocast_runs\run_500_20260710_185042\output\facts_6ce70958b289.ttl;Fault identification;247,210,48,50,49;247,238,49,212,13;True;True;True;0.530000;0.530000;0.516400;0.514800;5;5;0.633475;0.679338
312;extraction_papers\ontocast_runs\run_500_20260710_185042\output\facts_6d107013e4f7.ttl;Remaining useful life estimation;234,232,233,15,14;234,122,249,128,16;True;True;True;0.689000;0.689000;0.689000;0.689000;4;5;0.318960;0.549456
313;extraction_papers\ontocast_runs\run_500_20260710_185042\output\facts_6dcf7fafc720.ttl;Fault detection;230,195,20,215,245;230,211,166,72,218;True;True;True;0.517000;0.517000;0.512200;0.507600;5;5;0.398915;0.607158
314;extraction_papers\ontocast_runs\run_500_20260710_185042\output\facts_6dd218ab4d5b.ttl;Remaining useful life estimation;222,184,155,225,234;222,15,155,184,128;True;True;True;0.523000;0.523000;0.518000;0.517800;5;5;0.454286;0.585314
315;extraction_papers\ontocast_runs\run_500_20260710_185042\output\facts_6e6418007fcd.ttl;Fault detection;209,42,41,44,43;209,33,34,44,41;True;True;True;0.577000;0.577000;0.577000;0.577000;5;5;0.439411;0.485920
316;extraction_papers\ontocast_runs\run_500_20260710_185042\output\facts_6f785837148f.ttl;Fault detection;20,230,175,19,209;20,211,44,230,42;True;True;True;0.589000;0.589000;0.587400;0.585200;4;5;0.298571;0.566824
317;extraction_papers\ontocast_runs\run_500_20260710_185042\output\facts_6fbfec565444.ttl;Remaining useful life estimation;51,53,52,55,54;51,207,204,36,55;True;True;True;0.707000;0.707000;0.707000;0.707000;4;5;0.287092;0.541169
318;extraction_papers\ontocast_runs\run_500_20260710_185042\output\facts_7013b2f1bdc2.ttl;Health assessment;239,153,154,193,221;239,104,7,31,221;True;True;True;0.514000;0.514000;0.513200;0.507800;4;5;0.435272;0.590350
319;extraction_papers\ontocast_runs\run_500_20260710_185042\output\facts_7055937a9b67.ttl;Health assessment;31,38,239,213,221;31,213,239,221,104;True;True;True;0.577000;0.577000;0.577000;0.577000;5;5;0.562146;0.592777
320;extraction_papers\ontocast_runs\run_500_20260710_185042\output\facts_70f53c87c69c.ttl;Remaining useful life estimation;51,53,52,55,54;51,207,204,36,55;True;True;True;0.577000;0.577000;0.577000;0.577000;4;5;0.287092;0.541169
321;extraction_papers\ontocast_runs\run_500_20260710_185042\output\facts_714558e87c38.ttl;Remaining useful life estimation;92,155,222,226,147;92,208,60,155,222;True;True;True;0.529000;0.529000;0.516600;0.515000;5;5;0.498922;0.601296
322;extraction_papers\ontocast_runs\run_500_20260710_185042\output\facts_71c28b6582e1.ttl;Remaining useful life estimation;181,234,232,233,15;181,249,233,128,122;True;True;True;0.544000;0.544000;0.535200;0.535200;5;5;0.341788;0.562464
323;extraction_papers\ontocast_runs\run_500_20260710_185042\output\facts_71fa2076b97e.ttl;Remaining useful life estimation;181,92,197,226,107;181,149,55,226,92;True;True;True;0.520000;0.520000;0.513400;0.511200;5;5;0.551636;0.580027
324;extraction_papers\ontocast_runs\run_500_20260710_185042\output\facts_721084846ae4.ttl;Fault detection;72,215,42,41,44;72,215,44,47,41;True;True;True;0.521000;0.521000;0.514800;0.514800;5;5;0.484245;0.469530
325;extraction_papers\ontocast_runs\run_500_20260710_185042\output\facts_7292d3ea6ac3.ttl;One step future state forecast;131,132,135,133,134;131,10,135,132,133;True;True;True;0.584000;0.584000;0.584000;0.583400;5;5;0.241913;0.328540
326;extraction_papers\ontocast_runs\run_500_20260710_185042\output\facts_733454952f0f.ttl;Fault detection;200,98,20,166,167;200,215,166,20,211;True;True;True;0.527000;0.527000;0.518200;0.514600;4;5;0.424642;0.594013
327;extraction_papers\ontocast_runs\run_500_20260710_185042\output\facts_74b3bb0b5533.ttl;Health assessment;173,221,227,2,239;173,213,221,193,104;True;True;True;0.510000;0.510000;0.507400;0.506200;5;5;0.443038;0.609252
328;extraction_papers\ontocast_runs\run_500_20260710_185042\output\facts_74edf159492a.ttl;Fault detection;209,211,191,245,20;209,42,211,245,218;True;True;True;0.518000;0.518000;0.515800;0.513000;5;5;0.503888;0.589815
329;extraction_papers\ontocast_runs\run_500_20260710_185042\output\facts_74f5576c5a23.ttl;Health assessment;2,31,38,104,173;2,7,104,239,38;True;True;True;0.598000;0.598000;0.595600;0.591200;5;5;0.477592;0.596801
330;extraction_papers\ontocast_runs\run_500_20260710_185042\output\facts_750c337900f0.ttl;Remaining useful life estimation;22,21,24,23,26;22,226,223,155,58;True;True;True;0.515000;0.515000;0.515000;0.514000;3;5;0.166842;0.564295
331;extraction_papers\ontocast_runs\run_500_20260710_185042\output\facts_76220d9772af.ttl;Fault detection;209,42,41,44,43;209,33,34,44,41;True;True;True;0.577000;0.577000;0.577000;0.577000;5;5;0.439411;0.485920
332;extraction_papers\ontocast_runs\run_500_20260710_185042\output\facts_7659e72df266.ttl;Fault detection;20,209,211,191,42;20,211,44,34,33;True;True;True;0.510000;0.510000;0.509200;0.509200;5;5;0.556165;0.549310
333;extraction_papers\ontocast_runs\run_500_20260710_185042\output\facts_767449fe7ac9.ttl;Fault detection;209,211,191,20,98;209,166,211,215,72;True;True;True;0.513000;0.513000;0.511800;0.509200;5;5;0.489856;0.601844
334;extraction_papers\ontocast_runs\run_500_20260710_185042\output\facts_76e792d7d5cf.ttl;Fault detection;209,42,41,44,43;209,33,34,44,41;True;True;True;0.577000;0.577000;0.577000;0.577000;5;5;0.439411;0.485920
335;extraction_papers\ontocast_runs\run_500_20260710_185042\output\facts_7702c17c1722.ttl;Fault detection;175,42,41,44,43;175,29,43,39,33;True;True;True;0.554000;0.554000;0.522800;0.522800;5;5;0.379920;0.400321
336;extraction_papers\ontocast_runs\run_500_20260710_185042\output\facts_77d4216c88ff.ttl;Fault detection;209,42,41,44,43;209,33,34,44,41;True;True;True;0.577000;0.577000;0.577000;0.577000;5;5;0.439411;0.485920
337;extraction_papers\ontocast_runs\run_500_20260710_185042\output\facts_78176b462e77.ttl;Remaining useful life estimation;35,37,36,28,30;35,36,115,37,30;True;True;True;0.664000;0.664000;0.664000;0.664000;4;5;0.268100;0.290129
338;extraction_papers\ontocast_runs\run_500_20260710_185042\output\facts_78291a971a19.ttl;Health assessment;73,173,7,177,221;73,7,239,104,173;True;True;True;0.609000;0.609000;0.595400;0.592600;4;5;0.483573;0.596148
339;extraction_papers\ontocast_runs\run_500_20260710_185042\output\facts_785cce318ec7.ttl;Remaining useful life estimation;92,107,197,108,263;92,181,107,69,197;True;True;True;0.595000;0.595000;0.586600;0.586400;4;5;0.517818;0.598791
340;extraction_papers\ontocast_runs\run_500_20260710_185042\output\facts_785cde2f910d.ttl;Health assessment;239,153,154,193,73;239,104,7,73,173;True;True;True;0.511000;0.511000;0.510800;0.506600;4;5;0.389974;0.596148
341;extraction_papers\ontocast_runs\run_500_20260710_185042\output\facts_788697cf9291.ttl;Health assessment;7,177,221,239,153;7,227,221,193,38;True;True;True;0.508000;0.508000;0.506800;0.504600;4;5;0.521989;0.553210
342;extraction_papers\ontocast_runs\run_500_20260710_185042\output\facts_789b744f30d5.ttl;Fault detection;195,230,200,215,245;195,44,218,245,211;True;True;True;0.595000;0.595000;0.589400;0.585800;5;5;0.434090;0.600016
343;extraction_papers\ontocast_runs\run_500_20260710_185042\output\facts_78b720ca0af2.ttl;Health assessment;31,38,239,213,221;31,213,239,221,104;True;True;True;0.707000;0.707000;0.707000;0.707000;5;5;0.562146;0.592777
344;extraction_papers\ontocast_runs\run_500_20260710_185042\output\facts_78bbe354e88e.ttl;Fault detection;209,42,41,44,43;209,33,34,44,41;True;True;True;0.577000;0.577000;0.577000;0.577000;5;5;0.439411;0.485920
345;extraction_papers\ontocast_runs\run_500_20260710_185042\output\facts_7927f1f673b8.ttl;One step future state forecast;131,132,106,10,135;131,10,135,132,133;True;True;True;0.707000;0.707000;0.707000;0.707000;5;5;0.349074;0.328540
346;extraction_papers\ontocast_runs\run_500_20260710_185042\output\facts_7a165376264a.ttl;Fault detection;209,42,41,44,43;209,33,34,44,41;True;True;True;0.577000;0.577000;0.577000;0.577000;5;5;0.439411;0.485920
347;extraction_papers\ontocast_runs\run_500_20260710_185042\output\facts_7a3780152090.ttl;Fault detection;200,98,209,211,191;200,215,166,218,211;True;True;True;0.622000;0.622000;0.605000;0.595800;5;5;0.419841;0.619877
348;extraction_papers\ontocast_runs\run_500_20260710_185042\output\facts_7a6f8131a906.ttl;Fault detection;19,195,42,41,44;19,44,34,195,33;True;True;True;0.534000;0.534000;0.526600;0.526600;5;5;0.518461;0.502327
349;extraction_papers\ontocast_runs\run_500_20260710_185042\output\facts_7abbed652c1a.ttl;Fault identification;238,13,246,210,48;238,247,49,176,212;True;True;True;0.514000;0.514000;0.513600;0.512200;5;5;0.501659;0.666791
350;extraction_papers\ontocast_runs\run_500_20260710_185042\output\facts_7ac990669414.ttl;One step future state forecast;10,106,131,132,135;10,134,132,106,135;True;True;True;0.508000;0.508000;0.504400;0.504400;5;5;0.349074;0.365515
351;extraction_papers\ontocast_runs\run_500_20260710_185042\output\facts_7aca4ae45d7c.ttl;Fault detection;19,98,218,245,42;19,218,44,34,33;True;True;True;0.515000;0.515000;0.511000;0.510000;5;5;0.492740;0.558946
352;extraction_papers\ontocast_runs\run_500_20260710_185042\output\facts_7aeb85c6cf0b.ttl;Health assessment;221,31,38,104,7;221,239,7,104,31;True;True;True;0.598000;0.598000;0.594800;0.594000;5;5;0.511758;0.590350
353;extraction_papers\ontocast_runs\run_500_20260710_185042\output\facts_7b7d5c4dd1ba.ttl;Fault identification;243,244,252,203,189;243,247,216,203,13;True;True;True;0.523000;0.523000;0.519600;0.512400;4;5;0.463267;0.666977
354;extraction_papers\ontocast_runs\run_500_20260710_185042\output\facts_7b9bdbef320f.ttl;Health assessment;239,153,154,193,227;239,104,7,31,221;True;True;True;0.501000;0.501000;0.501000;0.500200;4;5;0.372614;0.590350
355;extraction_papers\ontocast_runs\run_500_20260710_185042\output\facts_7ce8147528a3.ttl;Remaining useful life estimation;223,155,225,108,147;223,108,22,208,155;True;True;True;0.600000;0.600000;0.596800;0.595000;5;5;0.478336;0.598199
356;extraction_papers\ontocast_runs\run_500_20260710_185042\output\facts_7d0c9939df48.ttl;Remaining useful life estimation;181,223,107,92,197;181,92,107,36,197;True;True;True;0.505000;0.505000;0.502600;0.502400;5;5;0.548831;0.583075
357;extraction_papers\ontocast_runs\run_500_20260710_185042\output\facts_7d5a793ede3b.ttl;Fault detection;200,98,209,211,215;200,215,44,218,211;True;True;True;0.589000;0.589000;0.588400;0.586800;5;5;0.545125;0.620419
358;extraction_papers\ontocast_runs\run_500_20260710_185042\output\facts_7da6df745dc5.ttl;Fault detection;42,41,44,43,46;42,200,34,44,41;True;True;True;0.559000;0.559000;0.559000;0.552600;5;5;0.296792;0.463518
359;extraction_papers\ontocast_runs\run_500_20260710_185042\output\facts_7e88c7bdae86.ttl;Remaining useful life estimation;234,232,233,15,14;234,122,249,128,16;True;True;True;0.606000;0.606000;0.606000;0.606000;4;5;0.318960;0.549456
360;extraction_papers\ontocast_runs\run_500_20260710_185042\output\facts_804c201052fc.ttl;Remaining useful life estimation;181,234,232,233,15;181,249,233,128,122;True;True;True;0.628000;0.628000;0.617600;0.617600;5;5;0.341788;0.562464
361;extraction_papers\ontocast_runs\run_500_20260710_185042\output\facts_805197904a75.ttl;Remaining useful life estimation;92,223,8,147,148;92,8,148,225,223;True;True;True;0.604000;0.604000;0.599200;0.597800;5;5;0.444811;0.483225
362;extraction_papers\ontocast_runs\run_500_20260710_185042\output\facts_8055849c5344.ttl;Remaining useful life estimation;147,148,149,181,204;147,181,55,226,149;True;True;True;0.553000;0.553000;0.548400;0.541000;5;5;0.480824;0.558141
363;extraction_papers\ontocast_runs\run_500_20260710_185042\output\facts_810133fe1e2a.ttl;Fault detection;245,209,211,215,191;245,211,41,209,34;True;True;True;0.593000;0.593000;0.593000;0.591000;5;5;0.535964;0.580088
364;extraction_papers\ontocast_runs\run_500_20260710_185042\output\facts_81284a6fcbce.ttl;Health assessment;239,153,154,193,221;239,104,7,31,221;True;True;True;0.514000;0.514000;0.513200;0.507800;4;5;0.435272;0.590350
365;extraction_papers\ontocast_runs\run_500_20260710_185042\output\facts_81e786de9dfb.ttl;Fault detection;72,98,19,195,166;72,218,166,211,230;True;True;True;0.527000;0.527000;0.512400;0.507400;5;5;0.400640;0.607158
366;extraction_papers\ontocast_runs\run_500_20260710_185042\output\facts_82116398e609.ttl;Fault detection;98,209,211,191,175;98,218,211,209,42;True;True;True;0.595000;0.595000;0.589400;0.587000;5;5;0.468888;0.588754
367;extraction_papers\ontocast_runs\run_500_20260710_185042\output\facts_825647eb95f3.ttl;Fault detection;215,72,166,167,200;215,200,166,34,33;True;True;True;0.529000;0.529000;0.518200;0.514600;4;5;0.513474;0.534325
368;extraction_papers\ontocast_runs\run_500_20260710_185042\output\facts_8329bdcb4b52.ttl;Health modelling;57,180,171,174,224;57,206,160,224,171;True;True;True;0.521000;0.521000;0.515000;0.511800;4;5;0.510679;0.579216
369;extraction_papers\ontocast_runs\run_500_20260710_185042\output\facts_834e768e64ba.ttl;Remaining useful life estimation;92,197,75,74,76;92,197,208,256,75;True;True;True;0.585000;0.585000;0.583200;0.582400;5;5;0.511053;0.602018
370;extraction_papers\ontocast_runs\run_500_20260710_185042\output\facts_83891a4bc9b1.ttl;Health assessment;213,221,227,73,188;213,173,221,193,38;True;True;True;0.510000;0.510000;0.509800;0.506600;5;5;0.456395;0.583294
371;extraction_papers\ontocast_runs\run_500_20260710_185042\output\facts_83d39a85d59f.ttl;Fault detection;20,166,167,98,19;20,166,34,33,98;True;True;True;0.603000;0.603000;0.601400;0.597400;3;5;0.339131;0.397244
372;extraction_papers\ontocast_runs\run_500_20260710_185042\output\facts_8462dbdc4a6a.ttl;Fault identification;203,189,252,243,244;203,201,189,243,210;True;True;True;0.536000;0.536000;0.526000;0.520800;4;5;0.463267;0.580025
373;extraction_papers\ontocast_runs\run_500_20260710_185042\output\facts_862f28575276.ttl;Fault detection;166,167,215,230,200;166,218,200,245,211;True;True;True;0.515000;0.515000;0.511400;0.508800;4;5;0.513183;0.604726
374;extraction_papers\ontocast_runs\run_500_20260710_185042\output\facts_869d03cdd61f.ttl;Remaining useful life estimation;157,158,156,181,223;157,181,148,75,36;True;True;True;0.515000;0.515000;0.514800;0.512000;3;5;0.390247;0.514942
375;extraction_papers\ontocast_runs\run_500_20260710_185042\output\facts_872943c34037.ttl;Remaining useful life estimation;51,53,52,55,54;51,207,204,36,55;True;True;True;0.577000;0.577000;0.577000;0.577000;4;5;0.287092;0.541169
376;extraction_papers\ontocast_runs\run_500_20260710_185042\output\facts_889b80e1b70b.ttl;Health assessment;213,173,221,31,38;213,173,221,239,104;True;True;True;0.609000;0.609000;0.594000;0.592800;5;5;0.538306;0.621041
377;extraction_papers\ontocast_runs\run_500_20260710_185042\output\facts_88c087b3e43b.ttl;Fault feature extraction;231,27,17,235,229;231,190,229,198,27;True;True;True;0.707000;0.707000;0.555400;0.550800;5;5;0.527009;0.608120
378;extraction_papers\ontocast_runs\run_500_20260710_185042\output\facts_88eda2ec8dcf.ttl;One step future state forecast;131,132,106,10,135;131,10,135,132,133;True;True;True;0.707000;0.707000;0.707000;0.707000;5;5;0.349074;0.328540
379;extraction_papers\ontocast_runs\run_500_20260710_185042\output\facts_891b3ea550a0.ttl;Fault detection;209,42,41,44,43;209,33,34,44,41;True;True;True;0.707000;0.707000;0.707000;0.707000;5;5;0.439411;0.485920
380;extraction_papers\ontocast_runs\run_500_20260710_185042\output\facts_8a00dc329d3c.ttl;Fault detection;72,175,195,42,41;72,44,47,41,29;True;True;True;0.567000;0.567000;0.526800;0.525400;5;5;0.419275;0.392319
381;extraction_papers\ontocast_runs\run_500_20260710_185042\output\facts_8a0548fc5770.ttl;Remaining useful life estimation;121,204,8,178,237;121,223,222,184,157;True;True;True;0.530000;0.530000;0.520800;0.517200;4;5;0.462008;0.578420
382;extraction_papers\ontocast_runs\run_500_20260710_185042\output\facts_8a336d5d2d6d.ttl;One step future state forecast;106,10,131,132,135;106,132,135,10,134;True;True;True;0.508000;0.508000;0.503800;0.503800;5;5;0.349074;0.365515
383;extraction_papers\ontocast_runs\run_500_20260710_185042\output\facts_8be8523cfa78.ttl;One step future state forecast;131,132,106,10,135;131,10,135,132,133;True;True;True;0.707000;0.707000;0.707000;0.707000;5;5;0.349074;0.328540
384;extraction_papers\ontocast_runs\run_500_20260710_185042\output\facts_8bf2b83a7f38.ttl;Remaining useful life estimation;51,53,52,55,54;51,207,204,36,55;True;True;True;0.707000;0.707000;0.707000;0.707000;4;5;0.287092;0.541169
385;extraction_papers\ontocast_runs\run_500_20260710_185042\output\facts_8c4034ec538a.ttl;Health assessment;213,221,173,31,38;213,173,221,193,104;True;True;True;0.539000;0.539000;0.515400;0.514800;5;5;0.538306;0.609252
386;extraction_papers\ontocast_runs\run_500_20260710_185042\output\facts_8cc33107cf16.ttl;Remaining useful life estimation;51,53,52,55,54;51,207,204,36,55;True;True;True;0.577000;0.577000;0.577000;0.577000;4;5;0.287092;0.541169
387;extraction_papers\ontocast_runs\run_500_20260710_185042\output\facts_8dea69c5326e.ttl;Health assessment;213,239,153,154,193;213,173,221,193,104;True;True;True;0.609000;0.609000;0.593800;0.591000;4;5;0.507345;0.609252
388;extraction_papers\ontocast_runs\run_500_20260710_185042\output\facts_8eca85666146.ttl;Fault detection;166,167,42,41,44;166,215,34,33,44;True;True;True;0.547000;0.547000;0.540400;0.536800;4;5;0.285391;0.454470
389;extraction_papers\ontocast_runs\run_500_20260710_185042\output\facts_8ee267586a8c.ttl;Fault detection;200,215,42,41,44;200,215,44,34,33;True;True;True;0.525000;0.525000;0.520400;0.520400;5;5;0.543661;0.534425
390;extraction_papers\ontocast_runs\run_500_20260710_185042\output\facts_8f6fbb01e775.ttl;Fault detection;218,209,42,41,44;218,34,19,42,44;True;True;True;0.500000;0.500000;0.500000;0.500000;5;5;0.547752;0.561978
391;extraction_papers\ontocast_runs\run_500_20260710_185042\output\facts_8f7fd7a3e3e9.ttl;Health assessment;2,31,38,213,104;2,7,104,239,38;True;True;True;0.598000;0.598000;0.593200;0.589600;5;5;0.535930;0.596801
392;extraction_papers\ontocast_runs\run_500_20260710_185042\output\facts_8fbade113462.ttl;Remaining useful life estimation;22,21,24,23,26;22,120,36,21,35;True;True;True;0.521000;0.521000;0.521000;0.518600;3;5;0.166842;0.321163
393;extraction_papers\ontocast_runs\run_500_20260710_185042\output\facts_900a40a30ff4.ttl;One step future state forecast;131,132,106,10,135;131,10,135,132,133;True;True;True;0.577000;0.577000;0.577000;0.577000;5;5;0.349074;0.328540
394;extraction_papers\ontocast_runs\run_500_20260710_185042\output\facts_901c2b998e10.ttl;Fault detection;209,42,41,44,43;209,33,34,44,41;True;True;True;0.707000;0.707000;0.707000;0.707000;5;5;0.439411;0.485920
395;extraction_papers\ontocast_runs\run_500_20260710_185042\output\facts_9111fec121ac.ttl;Fault detection;209,42,41,44,43;209,33,34,44,41;True;True;True;0.707000;0.707000;0.707000;0.707000;5;5;0.439411;0.485920
396;extraction_papers\ontocast_runs\run_500_20260710_185042\output\facts_921333765975.ttl;Fault detection;209,42,41,44,43;209,33,34,44,41;True;True;True;0.707000;0.707000;0.707000;0.707000;5;5;0.439411;0.485920
397;extraction_papers\ontocast_runs\run_500_20260710_185042\output\facts_94e52b02a340.ttl;Fault detection;215,209,20,211,230;215,195,166,20,211;True;True;True;0.599000;0.599000;0.595000;0.594200;5;5;0.520567;0.589654
398;extraction_papers\ontocast_runs\run_500_20260710_185042\output\facts_9533e9913740.ttl;Remaining useful life estimation;127,92,69,107,226;127,208,204,107,69;True;True;True;0.527000;0.527000;0.522200;0.518600;5;5;0.482996;0.568633
399;extraction_papers\ontocast_runs\run_500_20260710_185042\output\facts_957375f200f0.ttl;Fault detection;166,167,98,19,209;166,218,211,19,42;True;True;True;0.579000;0.579000;0.578600;0.578000;4;5;0.401556;0.617818
400;extraction_papers\ontocast_runs\run_500_20260710_185042\output\facts_957c792b7d1a.ttl;Health assessment;227,73,7,177,213;227,213,221,193,104;True;True;True;0.522000;0.522000;0.515000;0.510800;4;5;0.528471;0.603224
401;extraction_papers\ontocast_runs\run_500_20260710_185042\output\facts_95ae1663305e.ttl;Fault detection;218,209,42,41,44;218,34,19,42,44;True;True;True;0.501000;0.501000;0.500200;0.500200;5;5;0.547752;0.561978
402;extraction_papers\ontocast_runs\run_500_20260710_185042\output\facts_96c5ae04feb8.ttl;Fault detection;209,42,41,44,43;209,33,34,44,41;True;True;True;0.707000;0.707000;0.707000;0.707000;5;5;0.439411;0.485920
403;extraction_papers\ontocast_runs\run_500_20260710_185042\output\facts_96eb29ba0f72.ttl;Remaining useful life estimation;234,232,233,15,14;234,122,249,128,16;True;True;True;0.689000;0.689000;0.689000;0.689000;4;5;0.318960;0.549456
404;extraction_papers\ontocast_runs\run_500_20260710_185042\output\facts_96ec88c731fe.ttl;Fault detection;245,218,42,41,44;245,41,218,34,44;True;True;True;0.517000;0.517000;0.513400;0.513400;5;5;0.513995;0.532011
405;extraction_papers\ontocast_runs\run_500_20260710_185042\output\facts_972d28f8e6e8.ttl;Fault detection;166,167,175,42,41;166,175,40,44,41;True;True;True;0.517000;0.517000;0.515000;0.514000;4;5;0.359189;0.397168
406;extraction_papers\ontocast_runs\run_500_20260710_185042\output\facts_98242ea4f088.ttl;One step future state forecast;131,132,135,133,134;131,10,135,132,133;True;True;True;0.595000;0.595000;0.595000;0.593800;5;5;0.241913;0.328540
407;extraction_papers\ontocast_runs\run_500_20260710_185042\output\facts_992561995723.ttl;Fault detection;209,42,41,44,43;209,33,34,44,41;True;True;True;0.577000;0.577000;0.577000;0.577000;5;5;0.439411;0.485920
408;extraction_papers\ontocast_runs\run_500_20260710_185042\output\facts_99607645a252.ttl;Fault detection;209,42,41,44,43;209,33,34,44,41;True;True;True;0.577000;0.577000;0.577000;0.577000;5;5;0.439411;0.485920
409;extraction_papers\ontocast_runs\run_500_20260710_185042\output\facts_99725d34ccdd.ttl;One step future state forecast;131,132,106,10,135;131,10,135,132,133;True;True;True;0.707000;0.707000;0.707000;0.707000;5;5;0.349074;0.328540
410;extraction_papers\ontocast_runs\run_500_20260710_185042\output\facts_9a0cec89e3dc.ttl;Health assessment;31,38,239,213,221;31,213,239,221,104;True;True;True;0.577000;0.577000;0.577000;0.577000;5;5;0.562146;0.592777
411;extraction_papers\ontocast_runs\run_500_20260710_185042\output\facts_9a0d6f9a550c.ttl;Fault detection;215,42,41,44,43;215,34,19,42,44;True;True;True;0.588000;0.588000;0.587200;0.587200;5;5;0.395607;0.496553
412;extraction_papers\ontocast_runs\run_500_20260710_185042\output\facts_9a1b552552d6.ttl;Remaining useful life estimation;121,92,68,67,234;121,122,68,16,128;True;True;True;0.502000;0.502000;0.501800;0.501400;4;5;0.420643;0.564759
413;extraction_papers\ontocast_runs\run_500_20260710_185042\output\facts_9ae8c7096b85.ttl;Health modelling;240,241,217,93,94;240,93,217,241,94;True;False;True;0.795000;0.795000;0.795000;0.795000;4;4;0.527015;0.527015
414;extraction_papers\ontocast_runs\run_500_20260710_185042\output\facts_9af920d91e9b.ttl;Remaining useful life estimation;35,37,36,28,30;35,36,115,37,30;True;True;True;0.524000;0.524000;0.524000;0.524000;4;5;0.268100;0.290129
415;extraction_papers\ontocast_runs\run_500_20260710_185042\output\facts_9b159fe947f5.ttl;Health assessment;227,7,177,31,38;227,213,221,193,104;True;True;True;0.516000;0.516000;0.513600;0.510400;4;5;0.500347;0.603224
416;extraction_papers\ontocast_runs\run_500_20260710_185042\output\facts_9bc3da5e3b19.ttl;Remaining useful life estimation;97,197,237,155,172;97,197,263,256,75;True;True;True;0.518000;0.518000;0.515200;0.515000;5;5;0.490173;0.587401
417;extraction_papers\ontocast_runs\run_500_20260710_185042\output\facts_9d3bfd1463ad.ttl;Fault detection;42,41,44,43,46;42,209,215,34,44;True;True;True;0.524000;0.524000;0.524000;0.520800;5;5;0.296792;0.549987
418;extraction_papers\ontocast_runs\run_500_20260710_185042\output\facts_9de0eb8c8c85.ttl;Remaining useful life estimation;35,37,36,28,30;35,36,115,37,30;True;True;True;0.662000;0.662000;0.662000;0.662000;4;5;0.268100;0.290129
419;extraction_papers\ontocast_runs\run_500_20260710_185042\output\facts_9e371980cf3e.ttl;Fault detection;209,42,41,44,43;209,33,34,44,41;True;True;True;0.577000;0.577000;0.577000;0.577000;5;5;0.439411;0.485920
420;extraction_papers\ontocast_runs\run_500_20260710_185042\output\facts_9e39f8703bdd.ttl;One step future state forecast;131,132,106,10,135;131,10,135,132,133;True;True;True;0.577000;0.577000;0.577000;0.577000;5;5;0.349074;0.328540
421;extraction_papers\ontocast_runs\run_500_20260710_185042\output\facts_9f9f96a7d773.ttl;Fault detection;209,211,191,19,166;209,166,211,215,175;True;True;True;0.529000;0.529000;0.525600;0.520400;5;5;0.560344;0.602637
422;extraction_papers\ontocast_runs\run_500_20260710_185042\output\facts_a05fcbe5829e.ttl;Fault detection;209,211,215,191,72;209,166,211,215,72;True;True;True;0.513000;0.513000;0.513000;0.512000;5;5;0.532761;0.601844
423;extraction_papers\ontocast_runs\run_500_20260710_185042\output\facts_a184b5b27a7f.ttl;Remaining useful life estimation;207,208,223,222,147;207,60,149,155,169;True;True;True;0.532000;0.532000;0.522600;0.515800;5;5;0.535684;0.583353
424;extraction_papers\ontocast_runs\run_500_20260710_185042\output\facts_a184e7607698.ttl;Remaining useful life estimation;107,256,97,222,184;107,22,8,256,222;True;True;True;0.524000;0.524000;0.517200;0.515800;5;5;0.470373;0.509190
425;extraction_papers\ontocast_runs\run_500_20260710_185042\output\facts_a18757173021.ttl;Fault feature extraction;229,32,253,198,18;229,18,70,190,235;True;True;True;0.510000;0.510000;0.508600;0.504600;5;5;0.545068;0.599411
426;extraction_papers\ontocast_runs\run_500_20260710_185042\output\facts_a312d6898c34.ttl;Remaining useful life estimation;97,35,37,36,28;97,36,35,115,37;True;True;True;0.523000;0.523000;0.516600;0.516600;4;5;0.284713;0.299631
427;extraction_papers\ontocast_runs\run_500_20260710_185042\output\facts_a3194078c97a.ttl;Remaining useful life estimation;107,223,8,178,234;107,223,128,249,233;True;True;True;0.515000;0.515000;0.513200;0.512400;4;5;0.401471;0.543940
428;extraction_papers\ontocast_runs\run_500_20260710_185042\output\facts_a3f4f12b8e17.ttl;Health assessment;227,31,38,239,213;227,213,221,239,104;True;True;True;0.501000;0.501000;0.500200;0.500200;5;5;0.568971;0.615902
429;extraction_papers\ontocast_runs\run_500_20260710_185042\output\facts_a4a8eec7e361.ttl;Remaining useful life estimation;127,69,226,157,158;127,69,226,60,157;True;True;True;0.684000;0.684000;0.596200;0.595000;4;5;0.453142;0.542249
430;extraction_papers\ontocast_runs\run_500_20260710_185042\output\facts_a508bfac9c11.ttl;Fault detection;42,41,44,43,46;42,34,44,41,29;True;True;True;0.791000;0.791000;0.791000;0.791000;5;5;0.296792;0.352886
431;extraction_papers\ontocast_runs\run_500_20260710_185042\output\facts_a62f445003bb.ttl;One step future state forecast;131,132,135,133,134;131,10,135,132,133;True;True;True;0.511000;0.511000;0.511000;0.509800;5;5;0.241913;0.328540
432;extraction_papers\ontocast_runs\run_500_20260710_185042\output\facts_a6d1d2f03a02.ttl;Remaining useful life estimation;51,53,52,55,54;51,207,204,36,55;True;True;True;0.707000;0.707000;0.707000;0.707000;4;5;0.287092;0.541169
433;extraction_papers\ontocast_runs\run_500_20260710_185042\output\facts_a73e3cdb54b6.ttl;Fault detection;215,209,211,191,218;215,211,209,44,218;True;True;True;0.596000;0.596000;0.592400;0.591800;5;5;0.534322;0.601273
434;extraction_papers\ontocast_runs\run_500_20260710_185042\output\facts_a81ff79a11ef.ttl;Fault detection;200,166,167,98,19;200,215,166,218,211;True;True;True;0.503000;0.503000;0.501400;0.500800;4;5;0.424642;0.619877
435;extraction_papers\ontocast_runs\run_500_20260710_185042\output\facts_a82b03fbcab2.ttl;Fault detection;209,42,41,44,43;209,33,34,44,41;True;True;True;0.577000;0.577000;0.577000;0.577000;5;5;0.439411;0.485920
436;extraction_papers\ontocast_runs\run_500_20260710_185042\output\facts_a8ee4914c258.ttl;Fault detection;215,166,167,72,209;215,200,166,218,211;True;True;True;0.518000;0.518000;0.511400;0.509000;4;5;0.528153;0.619877
437;extraction_papers\ontocast_runs\run_500_20260710_185042\output\facts_a9a96f2d7a18.ttl;Remaining useful life estimation;181,234,232,233,15;181,249,233,128,122;True;True;True;0.544000;0.544000;0.535200;0.535200;5;5;0.341788;0.562464
438;extraction_papers\ontocast_runs\run_500_20260710_185042\output\facts_ababe52429c3.ttl;Fault detection;230,245,215,42,41;230,41,34,44,215;True;True;True;0.600000;0.600000;0.592400;0.591400;5;5;0.431918;0.467647
439;extraction_papers\ontocast_runs\run_500_20260710_185042\output\facts_ac94a4053e5f.ttl;Health assessment;31,38,104,227,188;31,213,239,104,221;True;True;True;0.546000;0.546000;0.533600;0.522200;5;5;0.545430;0.592777
440;extraction_papers\ontocast_runs\run_500_20260710_185042\output\facts_adcf48f74d04.ttl;Health assessment;31,38,239,213,221;31,213,239,221,104;True;True;True;0.707000;0.707000;0.707000;0.707000;5;5;0.562146;0.592777
441;extraction_papers\ontocast_runs\run_500_20260710_185042\output\facts_ae5cd89a88dd.ttl;Health assessment;73,221,31,38,104;73,7,239,104,227;True;True;True;0.517000;0.517000;0.511600;0.508600;5;5;0.410622;0.596091
442;extraction_papers\ontocast_runs\run_500_20260710_185042\output\facts_aefd7037fa6c.ttl;One step future state forecast;131,132,106,10,135;131,10,135,132,133;True;True;True;0.707000;0.707000;0.707000;0.707000;5;5;0.349074;0.328540
443;extraction_papers\ontocast_runs\run_500_20260710_185042\output\facts_af0d930fa5cb.ttl;Remaining useful life estimation;35,37,36,28,30;35,36,115,37,30;True;True;True;0.546000;0.546000;0.546000;0.546000;4;5;0.268100;0.290129
444;extraction_papers\ontocast_runs\run_500_20260710_185042\output\facts_afa13d08ad1f.ttl;Fault detection;230,245,218,175,166;230,211,166,218,72;True;True;True;0.509000;0.509000;0.506400;0.505200;5;5;0.520024;0.607158
445;extraction_papers\ontocast_runs\run_500_20260710_185042\output\facts_afc5c3c0d8bf.ttl;Fault identification;247,196,216,252,13;247,201,13,196,216;True;True;True;0.592000;0.592000;0.588000;0.587200;5;5;0.657369;0.704065
446;extraction_papers\ontocast_runs\run_500_20260710_185042\output\facts_b024720ad691.ttl;Fault detection;209,20,211,191,166;209,166,211,34,33;True;True;True;0.515000;0.515000;0.514400;0.512000;5;5;0.560344;0.582258
447;extraction_papers\ontocast_runs\run_500_20260710_185042\output\facts_b069352153b8.ttl;Fault detection;209,42,41,44,43;209,33,34,44,41;True;True;True;0.707000;0.707000;0.707000;0.707000;5;5;0.439411;0.485920
448;extraction_papers\ontocast_runs\run_500_20260710_185042\output\facts_b1a4fd9a1f86.ttl;Fault detection;42,41,44,43,46;42,209,211,34,44;True;True;True;0.602000;0.602000;0.602000;0.597600;5;5;0.296792;0.577508
449;extraction_papers\ontocast_runs\run_500_20260710_185042\output\facts_b1ca20e0faf4.ttl;Remaining useful life estimation;234,232,233,15,14;234,122,249,128,16;True;True;True;0.578000;0.578000;0.578000;0.578000;4;5;0.318960;0.549456
450;extraction_papers\ontocast_runs\run_500_20260710_185042\output\facts_b21b67fc8e43.ttl;Fault detection;98,20,166,167,218;98,218,200,245,42;True;True;True;0.514000;0.514000;0.510400;0.508000;4;5;0.478342;0.555928
451;extraction_papers\ontocast_runs\run_500_20260710_185042\output\facts_b2646d73a753.ttl;Health assessment;188,213,221,239,153;188,227,104,193,38;True;True;True;0.524000;0.524000;0.515400;0.511800;5;5;0.524665;0.595453
452;extraction_papers\ontocast_runs\run_500_20260710_185042\output\facts_b32befcf6727.ttl;Remaining useful life estimation;181,234,232,233,15;181,249,233,128,122;True;True;True;0.544000;0.544000;0.535200;0.535200;5;5;0.341788;0.562464
453;extraction_papers\ontocast_runs\run_500_20260710_185042\output\facts_b468c3c4b64a.ttl;Fault detection;209,42,41,44,43;209,33,34,44,41;True;True;True;0.577000;0.577000;0.577000;0.577000;5;5;0.439411;0.485920
454;extraction_papers\ontocast_runs\run_500_20260710_185042\output\facts_b47b20ea7c9c.ttl;Remaining useful life estimation;225,223,155,108,222;225,222,223,184,53;True;True;True;0.520000;0.520000;0.517800;0.516400;5;5;0.536158;0.568350
455;extraction_papers\ontocast_runs\run_500_20260710_185042\output\facts_b4901083c4ab.ttl;Remaining useful life estimation;263,262,169,237,22;263,237,197,223,22;True;True;True;0.592000;0.592000;0.589800;0.588000;4;5;0.472669;0.557661
456;extraction_papers\ontocast_runs\run_500_20260710_185042\output\facts_b5253f7fedd3.ttl;Remaining useful life estimation;51,53,52,55,54;51,207,204,36,55;True;True;True;0.577000;0.577000;0.577000;0.577000;4;5;0.287092;0.541169
457;extraction_papers\ontocast_runs\run_500_20260710_185042\output\facts_b52ac2844669.ttl;Fault detection;42,41,44,43,46;42,209,215,34,44;True;True;True;0.534000;0.534000;0.534000;0.525800;5;5;0.296792;0.549987
458;extraction_papers\ontocast_runs\run_500_20260710_185042\output\facts_b5382a2b8fb8.ttl;Remaining useful life estimation;197,59,58,60,127;197,222,121,208,60;True;True;True;0.625000;0.625000;0.598600;0.594600;5;5;0.521952;0.624634
459;extraction_papers\ontocast_runs\run_500_20260710_185042\output\facts_b620da22ab4a.ttl;Fault detection;209,42,41,44,43;209,33,34,44,41;True;True;True;0.707000;0.707000;0.707000;0.707000;5;5;0.439411;0.485920
460;extraction_papers\ontocast_runs\run_500_20260710_185042\output\facts_b63697539c38.ttl;Fault detection;195,72,166,167,98;195,44,20,47,230;True;True;True;0.609000;0.609000;0.591200;0.587800;4;5;0.411445;0.465768
461;extraction_papers\ontocast_runs\run_500_20260710_185042\output\facts_b655ceff2211.ttl;Health assessment;31,38,239,213,221;31,213,239,221,104;True;True;True;0.500000;0.500000;0.500000;0.500000;5;5;0.562146;0.592777
462;extraction_papers\ontocast_runs\run_500_20260710_185042\output\facts_b6cf69d1677f.ttl;Fault identification;255,203,189,252,243;255,216,210,201,212;True;True;True;0.547000;0.547000;0.518000;0.514000;5;5;0.513349;0.637970
463;extraction_papers\ontocast_runs\run_500_20260710_185042\output\facts_b846be1d3f07.ttl;Remaining useful life estimation;127,69,226,35,37;127,226,69,30,120;True;True;True;0.601000;0.601000;0.565800;0.565800;5;5;0.471954;0.484702
464;extraction_papers\ontocast_runs\run_500_20260710_185042\output\facts_b8c5ed28b19d.ttl;Fault detection;72,195,230,209,211;72,215,166,211,209;True;True;True;0.515000;0.515000;0.506400;0.504600;5;5;0.456027;0.601844
465;extraction_papers\ontocast_runs\run_500_20260710_185042\output\facts_b9d7c30d5141.ttl;Fault identification;238,216,247,203,243;238,247,255,201,176;True;True;True;0.517000;0.517000;0.513000;0.509800;5;5;0.632239;0.673493
466;extraction_papers\ontocast_runs\run_500_20260710_185042\output\facts_bb4a9d52e9cc.ttl;Fault detection;209,42,41,44,43;209,33,34,44,41;True;True;True;0.577000;0.577000;0.577000;0.577000;5;5;0.439411;0.485920
467;extraction_papers\ontocast_runs\run_500_20260710_185042\output\facts_bb4b255b87cd.ttl;Remaining useful life estimation;172,207,208,223,147;172,208,223,148,184;True;True;True;0.522000;0.522000;0.520200;0.518800;5;5;0.563929;0.579065
468;extraction_papers\ontocast_runs\run_500_20260710_185042\output\facts_bbe415e66758.ttl;Fault detection;42,41,44,43,46;42,200,34,44,166;True;True;True;0.609000;0.609000;0.609000;0.607000;5;5;0.296792;0.470919
469;extraction_papers\ontocast_runs\run_500_20260710_185042\output\facts_bc3efa6e971c.ttl;Fault detection;166,167,215,175,19;166,200,215,211,19;True;True;True;0.521000;0.521000;0.517600;0.516000;4;5;0.456511;0.594013
470;extraction_papers\ontocast_runs\run_500_20260710_185042\output\facts_be51d3a57b91.ttl;Fault detection;20,19,166,167,98;20,166,34,33,44;True;True;True;0.517000;0.517000;0.513000;0.510600;3;5;0.339131;0.438909
471;extraction_papers\ontocast_runs\run_500_20260710_185042\output\facts_c02073b390a1.ttl;Fault identification;216,201,202,176,255;216,255,247,13,176;True;True;True;0.513000;0.513000;0.509600;0.508200;5;5;0.553424;0.680473
472;extraction_papers\ontocast_runs\run_500_20260710_185042\output\facts_c0d21534f79d.ttl;Fault identification;255,201,202,176,216;255,216,210,176,201;True;True;True;0.520000;0.520000;0.515000;0.514000;5;5;0.553424;0.626277
473;extraction_papers\ontocast_runs\run_500_20260710_185042\output\facts_c39995eec18e.ttl;Health assessment;31,38,239,213,221;31,213,239,221,104;True;True;True;0.500000;0.500000;0.500000;0.500000;5;5;0.562146;0.592777
474;extraction_papers\ontocast_runs\run_500_20260710_185042\output\facts_c4d0c91f5145.ttl;Fault detection;215,20,200,72,19;215,200,166,218,20;True;True;True;0.523000;0.523000;0.518000;0.515400;4;5;0.355350;0.584033
475;extraction_papers\ontocast_runs\run_500_20260710_185042\output\facts_c55bd7821f8d.ttl;Fault detection;200,166,167,98,230;200,166,230,211,20;True;True;True;0.527000;0.527000;0.515200;0.512400;4;5;0.439524;0.548455
476;extraction_papers\ontocast_runs\run_500_20260710_185042\output\facts_c5900afb9e1d.ttl;Health assessment;188,31,38,239,213;188,227,104,193,38;True;True;True;0.522000;0.522000;0.516400;0.514600;5;5;0.562653;0.595453
477;extraction_papers\ontocast_runs\run_500_20260710_185042\output\facts_c5ad36209254.ttl;Fault detection;20,215,42,41,44;20,44,215,34,33;True;True;True;0.513000;0.513000;0.510600;0.510600;5;5;0.466775;0.492132
478;extraction_papers\ontocast_runs\run_500_20260710_185042\output\facts_c5d630726e73.ttl;Fault detection;175,19,20,209,211;175,218,211,44,209;True;True;True;0.593000;0.593000;0.588600;0.586800;4;5;0.411520;0.602976
479;extraction_papers\ontocast_runs\run_500_20260710_185042\output\facts_c660cac33b68.ttl;Remaining useful life estimation;169,223,147,148,149;169,208,223,149,155;True;True;True;0.530000;0.530000;0.520400;0.517000;5;5;0.381836;0.601628
480;extraction_papers\ontocast_runs\run_500_20260710_185042\output\facts_c7063fbd963c.ttl;Fault detection;195,175,98,215,72;195,215,166,218,20;True;True;True;0.515000;0.515000;0.511600;0.508000;5;5;0.391918;0.579757
481;extraction_papers\ontocast_runs\run_500_20260710_185042\output\facts_c79730cbafdd.ttl;Health assessment;31,38,104,227,221;31,213,193,221,104;True;True;True;0.524000;0.524000;0.522600;0.516400;5;5;0.486901;0.580062
482;extraction_papers\ontocast_runs\run_500_20260710_185042\output\facts_c7bd55c45a5a.ttl;Fault detection;200,195,20,215,175;200,215,44,20,34;True;True;True;0.514000;0.514000;0.511200;0.509800;5;5;0.389941;0.532748
483;extraction_papers\ontocast_runs\run_500_20260710_185042\output\facts_c7c0f83a7b28.ttl;Remaining useful life estimation;204,181,127,69,121;204,222,226,121,127;True;True;True;0.619000;0.619000;0.602000;0.599200;5;5;0.548107;0.576497
484;extraction_papers\ontocast_runs\run_500_20260710_185042\output\facts_c8a1ceca6e88.ttl;Fault detection;200,19,215,20,209;200,215,166,19,211;True;True;True;0.539000;0.539000;0.522800;0.521800;4;5;0.376675;0.594013
485;extraction_papers\ontocast_runs\run_500_20260710_185042\output\facts_c8ee86acce09.ttl;Remaining useful life estimation;51,53,52,55,54;51,207,204,36,55;True;True;True;0.577000;0.577000;0.577000;0.577000;4;5;0.287092;0.541169
486;extraction_papers\ontocast_runs\run_500_20260710_185042\output\facts_c9c45d670871.ttl;Remaining useful life estimation;181,234,232,233,15;181,249,233,128,122;True;True;True;0.544000;0.544000;0.535200;0.535200;5;5;0.341788;0.562464
487;extraction_papers\ontocast_runs\run_500_20260710_185042\output\facts_c9e70ae07243.ttl;Health assessment;221,2,227,239,213;221,239,7,104,227;True;True;True;0.529000;0.529000;0.516400;0.512800;5;5;0.538346;0.610851
488;extraction_papers\ontocast_runs\run_500_20260710_185042\output\facts_c9f0c65295d5.ttl;Fault detection;175,42,41,44,43;175,29,43,39,33;True;True;True;0.524000;0.524000;0.516000;0.516000;5;5;0.379920;0.400321
489;extraction_papers\ontocast_runs\run_500_20260710_185042\output\facts_ca0301374e51.ttl;One step future state forecast;131,132,106,10,135;131,10,135,132,133;True;True;True;0.707000;0.707000;0.707000;0.707000;5;5;0.349074;0.328540
490;extraction_papers\ontocast_runs\run_500_20260710_185042\output\facts_cd65a5e76a5a.ttl;One step future state forecast;106,10,131,132,135;106,132,135,10,134;True;True;True;0.582000;0.582000;0.580600;0.580600;5;5;0.349074;0.365515
491;extraction_papers\ontocast_runs\run_500_20260710_185042\output\facts_cd699842b395.ttl;Fault detection;42,41,44,43,46;42,218,19,34,44;True;True;True;0.527000;0.527000;0.527000;0.521800;5;5;0.296792;0.561978
492;extraction_papers\ontocast_runs\run_500_20260710_185042\output\facts_cdc37f9078a2.ttl;Health assessment;2,213,7,177,173;2,7,239,38,213;True;True;True;0.521000;0.521000;0.511000;0.509600;4;5;0.543225;0.578455
493;extraction_papers\ontocast_runs\run_500_20260710_185042\output\facts_cde5a3fb156d.ttl;Health assessment;188,7,177,227,173;188,227,104,239,38;True;True;True;0.515000;0.515000;0.512200;0.509200;4;5;0.531748;0.602100
494;extraction_papers\ontocast_runs\run_500_20260710_185042\output\facts_ce3b3e6b23cd.ttl;Fault feature extraction;32,253,198,190,18;32,190,198,229,235;True;True;True;0.534000;0.534000;0.525000;0.518000;5;5;0.542602;0.596786
495;extraction_papers\ontocast_runs\run_500_20260710_185042\output\facts_ce8987bda78c.ttl;Fault detection;230,200,215,98,42;230,41,200,34,44;True;True;True;0.517000;0.517000;0.509000;0.508200;5;5;0.499868;0.485242
496;extraction_papers\ontocast_runs\run_500_20260710_185042\output\facts_cedb51cf5ade.ttl;Fault detection;209,42,41,44,43;209,33,34,44,41;True;True;True;0.707000;0.707000;0.707000;0.707000;5;5;0.439411;0.485920
497;extraction_papers\ontocast_runs\run_500_20260710_185042\output\facts_cf590247685f.ttl;Remaining useful life estimation;127,69,51,53,52;127,55,69,4,125;True;True;True;0.527000;0.527000;0.522800;0.522800;5;5;0.341487;0.435360
498;extraction_papers\ontocast_runs\run_500_20260710_185042\output\facts_cf6e72680499.ttl;Fault detection;20,166,167,42,41;20,166,34,33,44;True;True;True;0.522000;0.522000;0.518400;0.517400;4;5;0.369657;0.438909
499;extraction_papers\ontocast_runs\run_500_20260710_185042\output\facts_cff6cc30ff52.ttl;Fault detection;19,20,230,209,211;19,211,44,34,230;True;True;True;0.515000;0.515000;0.510600;0.510400;4;5;0.451722;0.550492
500;extraction_papers\ontocast_runs\run_500_20260710_185042\output\facts_d007baaf4931.ttl;Fault detection;209,211,191,19,166;209,166,211,215,175;True;True;True;0.529000;0.529000;0.525600;0.520400;5;5;0.560344;0.602637
501;extraction_papers\ontocast_runs\run_500_20260710_185042\output\facts_d0fbf5e6b909.ttl;Fault detection;19,218,42,41,44;19,218,44,34,33;True;True;True;0.563000;0.563000;0.523200;0.523200;5;5;0.528525;0.558946
502;extraction_papers\ontocast_runs\run_500_20260710_185042\output\facts_d17d87c3a3eb.ttl;Fault detection;230,42,41,44,43;230,41,218,200,34;True;True;True;0.533000;0.533000;0.520200;0.518400;5;5;0.388385;0.548391
503;extraction_papers\ontocast_runs\run_500_20260710_185042\output\facts_d1cdcadecd98.ttl;Remaining useful life estimation;51,53,52,55,54;51,207,204,36,55;True;True;True;0.577000;0.577000;0.577000;0.577000;4;5;0.287092;0.541169
504;extraction_papers\ontocast_runs\run_500_20260710_185042\output\facts_d223bbaa9246.ttl;One step future state forecast;10,106,131,132,135;10,134,132,106,135;True;True;True;0.508000;0.508000;0.503600;0.503600;5;5;0.349074;0.365515
505;extraction_papers\ontocast_runs\run_500_20260710_185042\output\facts_d2bdc8b855bd.ttl;Fault detection;19,215,98,175,245;19,218,44,215,42;True;True;True;0.515000;0.515000;0.511600;0.508000;5;5;0.391893;0.545988
506;extraction_papers\ontocast_runs\run_500_20260710_185042\output\facts_d329fce35511.ttl;Fault detection;209,211,215,191,218;209,33,211,215,218;True;True;True;0.593000;0.593000;0.591800;0.590600;5;5;0.534322;0.606240
507;extraction_papers\ontocast_runs\run_500_20260710_185042\output\facts_d35b7b7541e8.ttl;Remaining useful life estimation;51,53,52,55,54;51,207,204,36,55;True;True;True;0.577000;0.577000;0.577000;0.577000;4;5;0.287092;0.541169
508;extraction_papers\ontocast_runs\run_500_20260710_185042\output\facts_d418cd39b9d0.ttl;Health assessment;173,221,213,7,177;173,213,221,193,7;True;True;True;0.515000;0.515000;0.511000;0.510600;4;5;0.525638;0.592810
509;extraction_papers\ontocast_runs\run_500_20260710_185042\output\facts_d47e94f453f3.ttl;One step future state forecast;106,10,131,132,135;106,132,135,10,134;True;True;True;0.635000;0.635000;0.537600;0.537600;5;5;0.349074;0.365515
510;extraction_papers\ontocast_runs\run_500_20260710_185042\output\facts_d493073360b8.ttl;Fault detection;20,98,175,218,166;20,218,166,195,230;True;True;True;0.519000;0.519000;0.515800;0.513200;5;5;0.505844;0.536991
511;extraction_papers\ontocast_runs\run_500_20260710_185042\output\facts_d4b1cbe7a461.ttl;Fault detection;215,209,211,191,20;215,211,209,166,175;True;True;True;0.513000;0.513000;0.511000;0.510600;5;5;0.541273;0.602637
512;extraction_papers\ontocast_runs\run_500_20260710_185042\output\facts_d523cf136b65.ttl;Health assessment;239,153,154,193,213;239,104,7,31,221;True;True;True;0.590000;0.590000;0.589800;0.585200;4;5;0.507345;0.590350
513;extraction_papers\ontocast_runs\run_500_20260710_185042\output\facts_d5aab2dd8b3c.ttl;Remaining useful life estimation;108,107,172,256,197;108,197,54,55,51;True;True;True;0.514000;0.514000;0.510800;0.510200;4;5;0.491643;0.522876
514;extraction_papers\ontocast_runs\run_500_20260710_185042\output\facts_d65633e07130.ttl;Remaining useful life estimation;121,92,68,67,234;121,122,68,16,128;True;True;True;0.502000;0.502000;0.501800;0.501400;4;5;0.420643;0.564759
515;extraction_papers\ontocast_runs\run_500_20260710_185042\output\facts_d6a09466de9a.ttl;Fault detection;215,42,41,44,43;215,200,44,34,33;True;True;True;0.509000;0.509000;0.509000;0.508800;5;5;0.395607;0.534425
516;extraction_papers\ontocast_runs\run_500_20260710_185042\output\facts_d715d990032f.ttl;Fault detection;209,42,41,44,43;209,33,34,44,41;True;True;True;0.577000;0.577000;0.577000;0.577000;5;5;0.439411;0.485920
517;extraction_papers\ontocast_runs\run_500_20260710_185042\output\facts_d89aaaea83f7.ttl;Fault detection;166,167,98,230,19;166,209,211,215,175;True;True;True;0.536000;0.536000;0.525400;0.514400;4;5;0.381514;0.602637
518;extraction_papers\ontocast_runs\run_500_20260710_185042\output\facts_d97b8789711a.ttl;Fault detection;19,195,166,167,200;19,166,215,195,47;True;True;True;0.595000;0.595000;0.593400;0.591600;4;5;0.471634;0.518167
519;extraction_papers\ontocast_runs\run_500_20260710_185042\output\facts_da6f95eecb0b.ttl;Fault identification;210,201,202,203,48;210,48,247,212,243;True;True;True;0.707000;0.707000;0.707000;0.707000;5;5;0.528089;0.659710
520;extraction_papers\ontocast_runs\run_500_20260710_185042\output\facts_dac4dd71236c.ttl;Fault detection;42,41,44,43,46;42,218,34,19,44;True;True;True;0.578000;0.578000;0.578000;0.553600;5;5;0.296792;0.561978
521;extraction_papers\ontocast_runs\run_500_20260710_185042\output\facts_db4017381234.ttl;Fault detection;42,41,44,43,46;42,72,44,34,98;True;True;True;0.595000;0.595000;0.595000;0.594600;5;5;0.296792;0.392372
522;extraction_papers\ontocast_runs\run_500_20260710_185042\output\facts_db4c36817c48.ttl;Remaining useful life estimation;204,121,226,8,178;204,128,226,122,242;True;True;True;0.599000;0.599000;0.598600;0.597800;4;5;0.396158;0.583567
523;extraction_papers\ontocast_runs\run_500_20260710_185042\output\facts_dbd86d76e868.ttl;Fault detection;72,215,19,175,98;72,215,44,47,230;True;True;True;0.609000;0.609000;0.597600;0.594000;5;5;0.349634;0.468891
524;extraction_papers\ontocast_runs\run_500_20260710_185042\output\facts_dbf84cdbb960.ttl;Fault detection;19,215,98,175,245;19,218,44,215,42;True;True;True;0.515000;0.515000;0.511600;0.508000;5;5;0.391893;0.545988
525;extraction_papers\ontocast_runs\run_500_20260710_185042\output\facts_dca2f34b6176.ttl;One step future state forecast;131,132,106,10,135;131,10,135,132,133;True;True;True;0.707000;0.707000;0.707000;0.707000;5;5;0.349074;0.328540
526;extraction_papers\ontocast_runs\run_500_20260710_185042\output\facts_dd27fb45ad12.ttl;Remaining useful life estimation;75,74,76,222,184;75,184,74,36,222;True;True;True;0.586000;0.586000;0.573600;0.563600;5;5;0.395374;0.455000
527;extraction_papers\ontocast_runs\run_500_20260710_185042\output\facts_dd3e1f396fa8.ttl;Fault detection;209,42,41,44,43;209,33,34,44,41;True;True;True;0.577000;0.577000;0.577000;0.577000;5;5;0.439411;0.485920
528;extraction_papers\ontocast_runs\run_500_20260710_185042\output\facts_dd98d08b8f00.ttl;Health assessment;31,38,104,227,73;31,213,239,104,221;True;True;True;0.546000;0.546000;0.531600;0.520600;5;5;0.457332;0.592777
529;extraction_papers\ontocast_runs\run_500_20260710_185042\output\facts_e1be51b0c534.ttl;Fault detection;42,41,44,43,46;42,215,34,44,41;True;True;True;0.619000;0.619000;0.619000;0.616000;5;5;0.296792;0.447706
530;extraction_papers\ontocast_runs\run_500_20260710_185042\output\facts_e1f936cbb7c2.ttl;One step future state forecast;131,132,106,10,135;131,10,135,132,133;True;True;True;0.707000;0.707000;0.707000;0.707000;5;5;0.349074;0.328540
531;extraction_papers\ontocast_runs\run_500_20260710_185042\output\facts_e2b1d882f32b.ttl;Fault detection;166,167,19,209,211;166,209,211,34,33;True;True;True;0.523000;0.523000;0.517800;0.514600;4;5;0.552524;0.582258
532;extraction_papers\ontocast_runs\run_500_20260710_185042\output\facts_e2bdf9e84552.ttl;Remaining useful life estimation;147,148,149,181,204;147,181,55,226,149;True;True;True;0.553000;0.553000;0.548400;0.541000;5;5;0.480824;0.558141
533;extraction_papers\ontocast_runs\run_500_20260710_185042\output\facts_e2f2354dbf9d.ttl;Health assessment;73,227,188,221,2;73,7,239,227,213;True;True;True;0.622000;0.622000;0.599800;0.596200;5;5;0.337708;0.583047
534;extraction_papers\ontocast_runs\run_500_20260710_185042\output\facts_e39978613cc4.ttl;Health assessment;227,221,7,177,239;227,213,221,193,7;True;True;True;0.612000;0.612000;0.601000;0.600000;4;5;0.538248;0.589802
535;extraction_papers\ontocast_runs\run_500_20260710_185042\output\facts_e415c45cce5a.ttl;Fault detection;195,72,20,175,245;195,41,245,211,98;True;True;True;0.625000;0.625000;0.590000;0.588200;5;5;0.300607;0.554334
536;extraction_papers\ontocast_runs\run_500_20260710_185042\output\facts_e454f7446f6b.ttl;Remaining useful life estimation;121,170,51,53,52;121,60,208,59,52;True;True;True;0.502000;0.502000;0.500400;0.500400;5;5;0.372816;0.577411
537;extraction_papers\ontocast_runs\run_500_20260710_185042\output\facts_e4559ba11228.ttl;Fault detection;230,195,42,41,44;230,41,195,34,44;True;True;True;0.527000;0.527000;0.525200;0.525200;5;5;0.520649;0.490353
538;extraction_papers\ontocast_runs\run_500_20260710_185042\output\facts_e4726e040ad7.ttl;Health assessment;227,213,73,2,31;227,213,221,239,104;True;True;True;0.515000;0.515000;0.510600;0.508600;5;5;0.470321;0.615902
539;extraction_papers\ontocast_runs\run_500_20260710_185042\output\facts_e51292722a24.ttl;Fault detection;218,19,20,230,215;218,175,211,166,230;True;True;True;0.601000;0.601000;0.592400;0.589200;4;5;0.409008;0.605357
540;extraction_papers\ontocast_runs\run_500_20260710_185042\output\facts_e55acaf01cc5.ttl;Fault detection;166,167,98,42,41;166,34,98,167,42;True;True;True;0.756000;0.756000;0.675600;0.675600;4;4;0.285635;0.323785
541;extraction_papers\ontocast_runs\run_500_20260710_185042\output\facts_e5a95337168b.ttl;Remaining useful life estimation;181,121,107,8,178;181,92,107,121,59;True;True;True;0.520000;0.520000;0.511800;0.510600;4;5;0.400694;0.525561
542;extraction_papers\ontocast_runs\run_500_20260710_185042\output\facts_e5c1aa5c505b.ttl;Health assessment;31,38,104,221,213;31,104,38,7,239;True;True;True;0.767000;0.767000;0.698000;0.694600;5;5;0.510601;0.571125
543;extraction_papers\ontocast_runs\run_500_20260710_185042\output\facts_e81a11cc92aa.ttl;Health assessment;2,7,177,227,173;2,7,104,239,38;True;True;True;0.509000;0.509000;0.507400;0.505600;4;5;0.520661;0.596801
544;extraction_papers\ontocast_runs\run_500_20260710_185042\output\facts_e833bddd39db.ttl;Health assessment;213,227,2,7,177;213,227,221,193,7;True;True;True;0.514000;0.514000;0.509800;0.507800;4;5;0.544693;0.589802
545;extraction_papers\ontocast_runs\run_500_20260710_185042\output\facts_e84380ee1506.ttl;Fault feature extraction;32,27,235,17,18;32,190,229,198,235;True;True;True;0.577000;0.577000;0.577000;0.577000;4;5;0.424603;0.596786
546;extraction_papers\ontocast_runs\run_500_20260710_185042\output\facts_e875e4d7dd8e.ttl;Remaining useful life estimation;107,223,170,51,53;107,223,52,208,59;True;True;True;0.502000;0.502000;0.500600;0.500600;5;5;0.452612;0.565120
547;extraction_papers\ontocast_runs\run_500_20260710_185042\output\facts_e8d1b9b021c6.ttl;Fault detection;209,42,41,44,43;209,33,34,44,41;True;True;True;0.577000;0.577000;0.577000;0.577000;5;5;0.439411;0.485920
548;extraction_papers\ontocast_runs\run_500_20260710_185042\output\facts_e9d6cd4230be.ttl;Health assessment;221,227,31,38,213;221,239,7,104,227;True;True;True;0.519000;0.519000;0.513400;0.511200;5;5;0.532475;0.610851
549;extraction_papers\ontocast_runs\run_500_20260710_185042\output\facts_ead5835a4af6.ttl;Health assessment;31,38,104,227,188;31,213,239,104,221;True;True;True;0.546000;0.546000;0.533600;0.523800;5;5;0.545430;0.592777
550;extraction_papers\ontocast_runs\run_500_20260710_185042\output\facts_eae1b40b21d7.ttl;Fault feature extraction;32,27,235,17,18;32,190,229,198,235;True;True;True;0.577000;0.577000;0.577000;0.577000;4;5;0.424603;0.596786
551;extraction_papers\ontocast_runs\run_500_20260710_185042\output\facts_eb27293fafa8.ttl;Fault detection;166,167,19,20,175;166,218,211,19,215;True;True;True;0.593000;0.593000;0.588000;0.584200;3;5;0.369380;0.609716
552;extraction_papers\ontocast_runs\run_500_20260710_185042\output\facts_ebd7bf94937b.ttl;Remaining useful life estimation;35,37,36,28,30;35,36,115,37,30;True;True;True;0.664000;0.664000;0.664000;0.664000;4;5;0.268100;0.290129
553;extraction_papers\ontocast_runs\run_500_20260710_185042\output\facts_ec1fe9ef17bb.ttl;Fault detection;42,41,44,43,46;42,34,44,41,29;True;True;True;0.685000;0.685000;0.685000;0.685000;5;5;0.296792;0.352886
554;extraction_papers\ontocast_runs\run_500_20260710_185042\output\facts_ec9d7ee0695a.ttl;Multiple steps future state forecast;102,103,101,136,139;102,143,141,146,101;True;True;True;0.590000;0.590000;0.590000;0.590000;5;5;0.237380;0.324475
555;extraction_papers\ontocast_runs\run_500_20260710_185042\output\facts_eca56b4f9e43.ttl;Remaining useful life estimation;8,92,178,108,223;8,53,155,108,223;True;True;True;0.514000;0.514000;0.512400;0.510400;4;5;0.486569;0.556551
556;extraction_papers\ontocast_runs\run_500_20260710_185042\output\facts_eccf53607080.ttl;Remaining useful life estimation;108,51,53,52,55;108,15,54,233,51;True;True;True;0.604000;0.604000;0.599200;0.599200;4;5;0.353673;0.527108
557;extraction_papers\ontocast_runs\run_500_20260710_185042\output\facts_ed0054f88224.ttl;Fault identification;252,210,203,48,50;252,247,210,212,189;True;True;True;0.534000;0.534000;0.517200;0.516400;5;5;0.514929;0.672554
558;extraction_papers\ontocast_runs\run_500_20260710_185042\output\facts_ed31a7b35952.ttl;Fault detection;209,42,41,44,43;209,33,34,44,41;True;True;True;0.707000;0.707000;0.707000;0.707000;5;5;0.439411;0.485920
559;extraction_papers\ontocast_runs\run_500_20260710_185042\output\facts_edfb051dca2e.ttl;Fault feature extraction;231,17,190,70,27;231,190,229,198,235;True;True;True;0.548000;0.548000;0.521200;0.514600;5;5;0.551335;0.602278
560;extraction_papers\ontocast_runs\run_500_20260710_185042\output\facts_ee072a2a59e7.ttl;Remaining useful life estimation;51,53,52,55,54;51,207,204,36,55;True;True;True;0.577000;0.577000;0.577000;0.577000;4;5;0.287092;0.541169
561;extraction_papers\ontocast_runs\run_500_20260710_185042\output\facts_ee0a75e61d45.ttl;Remaining useful life estimation;35,37,36,28,30;35,36,115,37,30;True;True;True;0.546000;0.546000;0.546000;0.546000;4;5;0.268100;0.290129
562;extraction_papers\ontocast_runs\run_500_20260710_185042\output\facts_ee9a0a608f08.ttl;Fault detection;42,41,44,43,46;42,230,34,20,44;True;True;True;0.515000;0.515000;0.515000;0.513000;5;5;0.296792;0.461336
563;extraction_papers\ontocast_runs\run_500_20260710_185042\output\facts_ee9a7ea15be2.ttl;Health assessment;73,7,177,213,227;73,7,239,104,227;True;True;True;0.609000;0.609000;0.602800;0.597400;4;5;0.528471;0.596091
564;extraction_papers\ontocast_runs\run_500_20260710_185042\output\facts_eeaa3f923a63.ttl;Fault detection;19,42,41,44,43;19,44,34,33,41;True;True;True;0.694000;0.694000;0.618000;0.618000;5;5;0.382882;0.432006
565;extraction_papers\ontocast_runs\run_500_20260710_185042\output\facts_eeef3f4263d6.ttl;Health assessment;31,38,104,227,73;31,213,239,104,221;True;True;True;0.546000;0.546000;0.531600;0.520600;5;5;0.457332;0.592777
566;extraction_papers\ontocast_runs\run_500_20260710_185042\output\facts_ef0dba915afc.ttl;Fault detection;42,41,44,43,46;42,209,211,72,44;True;True;True;0.587000;0.587000;0.587000;0.585400;5;5;0.296792;0.579489
567;extraction_papers\ontocast_runs\run_500_20260710_185042\output\facts_efa87c7b41b2.ttl;Remaining useful life estimation;51,53,52,55,54;51,207,204,36,55;True;True;True;0.577000;0.577000;0.577000;0.577000;4;5;0.287092;0.541169
568;extraction_papers\ontocast_runs\run_500_20260710_185042\output\facts_efbab9026697.ttl;Fault detection;215,230,20,218,245;215,195,44,218,20;True;True;True;0.521000;0.521000;0.517400;0.514600;5;5;0.395730;0.584261
569;extraction_papers\ontocast_runs\run_500_20260710_185042\output\facts_f013b39c73eb.ttl;Fault detection;195,20,19,215,230;195,44,215,20,34;True;True;True;0.531000;0.531000;0.525000;0.522800;4;5;0.383415;0.539842
570;extraction_papers\ontocast_runs\run_500_20260710_185042\output\facts_f0313ba46488.ttl;One step future state forecast;131,132,106,10,135;131,10,135,132,133;True;True;True;0.707000;0.707000;0.707000;0.707000;5;5;0.349074;0.328540
571;extraction_papers\ontocast_runs\run_500_20260710_185042\output\facts_f08fa7ff2465.ttl;Fault feature extraction;17,70,18,229,32;17,229,70,190,235;True;True;True;0.596000;0.596000;0.592000;0.589800;4;5;0.524702;0.599411
572;extraction_papers\ontocast_runs\run_500_20260710_185042\output\facts_f0bc196d90b1.ttl;Health modelling;224,164,165,254,57;224,12,87,254,88;True;True;True;0.534000;0.534000;0.533200;0.526200;4;5;0.252000;0.492443
573;extraction_papers\ontocast_runs\run_500_20260710_185042\output\facts_f1087603d349.ttl;Fault detection;20,230,195,42,41;20,44,34,195,230;True;True;True;0.612000;0.612000;0.608000;0.608000;5;5;0.506221;0.471408
574;extraction_papers\ontocast_runs\run_500_20260710_185042\output\facts_f1ee42d74e0f.ttl;Remaining useful life estimation;197,107,121,222,184;197,222,233,184,122;True;True;True;0.515000;0.515000;0.508400;0.507800;5;5;0.542054;0.622041
575;extraction_papers\ontocast_runs\run_500_20260710_185042\output\facts_f29d09158cf0.ttl;Multiple steps future state forecast;102,103,101,136,139;102,143,141,146,101;True;True;True;0.615000;0.615000;0.615000;0.615000;5;5;0.237380;0.324475
576;extraction_papers\ontocast_runs\run_500_20260710_185042\output\facts_f2b7ac179570.ttl;Fault detection;230,215,218,42,41;230,41,218,34,44;True;True;True;0.515000;0.515000;0.512200;0.511800;5;5;0.516146;0.529535
577;extraction_papers\ontocast_runs\run_500_20260710_185042\output\facts_f2f6fe6c1c7b.ttl;Fault feature extraction;190,32,17,253,198;190,231,229,198,235;True;True;True;0.518000;0.518000;0.515600;0.511200;5;5;0.542602;0.602278
578;extraction_papers\ontocast_runs\run_500_20260710_185042\output\facts_f313b1aa74f8.ttl;Fault detection;42,41,44,43,46;42,72,44,34,166;True;True;True;0.595000;0.595000;0.595000;0.594600;5;5;0.296792;0.428670
579;extraction_papers\ontocast_runs\run_500_20260710_185042\output\facts_f34d0afa1e71.ttl;Health assessment;227,239,153,154,193;227,213,221,193,104;True;True;True;0.595000;0.595000;0.591000;0.587400;4;5;0.372614;0.603224
580;extraction_papers\ontocast_runs\run_500_20260710_185042\output\facts_f3d29489b5d9.ttl;One step future state forecast;131,132,135,133,134;131,10,135,132,133;True;True;True;0.508000;0.508000;0.508000;0.506800;5;5;0.241913;0.328540
581;extraction_papers\ontocast_runs\run_500_20260710_185042\output\facts_f52f31955818.ttl;Fault detection;98,42,41,44,43;98,42,44,72,34;True;True;True;0.523000;0.523000;0.516600;0.516600;5;5;0.307648;0.392372
582;extraction_papers\ontocast_runs\run_500_20260710_185042\output\facts_f62b45f91653.ttl;Remaining useful life estimation;35,37,36,28,30;35,36,115,37,30;True;True;True;0.559000;0.559000;0.559000;0.559000;4;5;0.268100;0.290129
583;extraction_papers\ontocast_runs\run_500_20260710_185042\output\facts_f7eae092b413.ttl;Fault detection;98,42,41,44,43;98,42,44,72,34;True;True;True;0.523000;0.523000;0.516600;0.516600;5;5;0.307648;0.392372
584;extraction_papers\ontocast_runs\run_500_20260710_185042\output\facts_f825989f2ec1.ttl;Remaining useful life estimation;222,184,155,225,169;222,223,184,155,169;True;True;True;0.599000;0.599000;0.594400;0.593600;5;5;0.468844;0.577127
585;extraction_papers\ontocast_runs\run_500_20260710_185042\output\facts_f85dfc7490d0.ttl;Fault detection;175,209,20,211,191;175,218,211,166,230;True;True;True;0.589000;0.589000;0.587400;0.583600;5;5;0.465503;0.605357
586;extraction_papers\ontocast_runs\run_500_20260710_185042\output\facts_f8c14a9dd235.ttl;Remaining useful life estimation;51,53,52,55,54;51,207,204,36,55;True;True;True;0.577000;0.577000;0.577000;0.577000;4;5;0.287092;0.541169
587;extraction_papers\ontocast_runs\run_500_20260710_185042\output\facts_fa5793ba1e88.ttl;Fault detection;209,42,41,44,43;209,33,34,44,41;True;True;True;0.577000;0.577000;0.577000;0.577000;5;5;0.439411;0.485920
588;extraction_papers\ontocast_runs\run_500_20260710_185042\output\facts_fb83d9a66daa.ttl;Fault detection;209,42,41,44,43;209,33,34,44,41;True;True;True;0.577000;0.577000;0.577000;0.577000;5;5;0.439411;0.485920
589;extraction_papers\ontocast_runs\run_500_20260710_185042\output\facts_fbf5255fe1be.ttl;Health assessment;239,153,154,193,7;239,104,153,7,193;True;True;True;0.621000;0.621000;0.600400;0.579200;4;5;0.464566;0.582899
590;extraction_papers\ontocast_runs\run_500_20260710_185042\output\facts_fc17fe9060c4.ttl;Fault feature extraction;32,253,198,17,18;32,198,253,229,190;True;True;True;0.791000;0.791000;0.712600;0.712200;4;5;0.419738;0.607961
591;extraction_papers\ontocast_runs\run_500_20260710_185042\output\facts_fd1eedd089d5.ttl;Fault detection;72,166,167,98,230;72,44,230,47,166;True;True;True;0.515000;0.515000;0.507400;0.506600;4;5;0.399543;0.444150
592;extraction_papers\ontocast_runs\run_500_20260710_185042\output\facts_fd8433d36a79.ttl;Fault detection;19,215,20,218,200;19,211,218,44,215;True;True;True;0.605000;0.605000;0.596200;0.594200;4;5;0.473735;0.610162
593;extraction_papers\ontocast_runs\run_500_20260710_185042\output\facts_fe104b30a598.ttl;Health modelling;57,205,206,240,236;57,217,160,224,241;True;True;True;0.707000;0.707000;0.707000;0.707000;5;5;0.420650;0.549595
594;extraction_papers\ontocast_runs\run_500_20260710_185042\output\facts_fe823ec368d7.ttl;Fault detection;215,166,167,209,19;215,195,166,19,211;True;True;True;0.520000;0.520000;0.513200;0.512600;4;5;0.492033;0.589654
595;extraction_papers\ontocast_runs\run_500_20260710_185042\output\facts_fea44576911a.ttl;Fault detection;20,166,167,42,41;20,166,34,33,44;True;True;True;0.519000;0.519000;0.517000;0.516000;4;5;0.369657;0.438909
596;extraction_papers\ontocast_runs\run_500_20260710_185042\output\facts_ff03119d29c2.ttl;Fault detection;200,166,167,98,230;200,166,230,34,33;True;True;True;0.527000;0.527000;0.522600;0.519400;4;5;0.439524;0.482622
597;extraction_papers\ontocast_runs\run_500_20260710_185042\output\facts_ff63b248f6b7.ttl;One step future state forecast;106,10,131,132,135;106,132,135,10,134;True;True;True;0.504000;0.504000;0.502600;0.502600;5;5;0.349074;0.365515
598;extraction_papers\ontocast_runs\run_500_20260710_185042\output\facts_ff6c11b7abb1.ttl;Fault feature extraction;32,253,198,229,17;32,190,229,198,235;True;True;True;0.515000;0.515000;0.510600;0.507600;5;5;0.545068;0.596786
599;extraction_papers\ontocast_runs\run_500_20260710_185042\output\facts_fffa03ab557f.ttl;Fault detection;42,41,44,43,46;42,34,44,41,29;True;True;True;0.546000;0.546000;0.546000;0.546000;5;5;0.296792;0.352886
600;extraction_papers\ontocast_runs\run_500_more_20260721_105503\output\facts_0028d9d5a386.ttl;Fault detection;230,42,41,44,43;230,41,34,19,44;True;True;True;0.517000;0.517000;0.515400;0.515400;5;5;0.388385;0.458075
601;extraction_papers\ontocast_runs\run_500_more_20260721_105503\output\facts_0122f4455463.ttl;Fault detection;42,41,44,43,46;42,215,34,44,41;True;True;True;0.553000;0.553000;0.553000;0.547000;5;5;0.296792;0.447706
602;extraction_papers\ontocast_runs\run_500_more_20260721_105503\output\facts_012a202279bd.ttl;Fault detection;195,200,215,218,245;195,215,166,218,20;True;True;True;0.517000;0.517000;0.510400;0.508200;5;5;0.523625;0.579757
603;extraction_papers\ontocast_runs\run_500_more_20260721_105503\output\facts_017085dc54f2.ttl;Fault detection;209,42,41,44,43;209,33,34,44,41;True;True;True;0.707000;0.707000;0.707000;0.707000;5;5;0.439411;0.485920
604;extraction_papers\ontocast_runs\run_500_more_20260721_105503\output\facts_01aac03dfa47.ttl;Fault feature extraction;32,27,235,17,18;32,190,229,198,235;True;True;True;0.707000;0.707000;0.707000;0.707000;4;5;0.424603;0.596786
605;extraction_papers\ontocast_runs\run_500_more_20260721_105503\output\facts_01d6da44113e.ttl;Fault identification;252,247,203,189,13;252,247,210,212,216;True;True;True;0.513000;0.513000;0.509200;0.506800;5;5;0.634943;0.685579
606;extraction_papers\ontocast_runs\run_500_more_20260721_105503\output\facts_01ea63eede93.ttl;Remaining useful life estimation;51,53,52,55,54;51,226,172,127,55;True;True;True;0.513000;0.513000;0.513000;0.513000;4;5;0.287092;0.499002
607;extraction_papers\ontocast_runs\run_500_more_20260721_105503\output\facts_032b54eb788e.ttl;Health assessment;2,239,227,153,154;2,7,104,239,38;True;True;True;0.514000;0.514000;0.512400;0.508400;4;5;0.323059;0.596801
608;extraction_papers\ontocast_runs\run_500_more_20260721_105503\output\facts_035db9008890.ttl;Fault detection;209,42,41,44,43;209,33,34,44,41;True;True;True;0.577000;0.577000;0.577000;0.577000;5;5;0.439411;0.485920
609;extraction_papers\ontocast_runs\run_500_more_20260721_105503\output\facts_03a6cdb4cdc8.ttl;Fault detection;200,230,20,42,41;200,44,230,34,20;True;True;True;0.591000;0.591000;0.585600;0.585600;5;5;0.499619;0.466303
610;extraction_papers\ontocast_runs\run_500_more_20260721_105503\output\facts_0411a2939dba.ttl;Remaining useful life estimation;97,263,262,108,51;97,263,55,5,108;True;True;True;0.501000;0.501000;0.500800;0.500600;4;5;0.428515;0.499927
611;extraction_papers\ontocast_runs\run_500_more_20260721_105503\output\facts_0423eec8d3e3.ttl;Health assessment;227,31,38,104,213;227,213,221,104,38;True;True;True;0.522000;0.522000;0.516800;0.515400;5;5;0.559500;0.557284
612;extraction_papers\ontocast_runs\run_500_more_20260721_105503\output\facts_04a7f63f3ddd.ttl;One step future state forecast;131,132,106,10,135;131,10,135,132,133;True;True;True;0.707000;0.707000;0.707000;0.707000;5;5;0.349074;0.328540
613;extraction_papers\ontocast_runs\run_500_more_20260721_105503\output\facts_065a4ddad0d4.ttl;Fault detection;42,41,44,43,46;42,34,44,41,29;True;True;True;0.630000;0.630000;0.630000;0.630000;5;5;0.296792;0.352886
614;extraction_papers\ontocast_runs\run_500_more_20260721_105503\output\facts_0662fc47254d.ttl;Fault detection;209,211,166,167,191;209,166,211,215,175;True;True;True;0.513000;0.513000;0.513000;0.510800;4;5;0.546203;0.602637
615;extraction_papers\ontocast_runs\run_500_more_20260721_105503\output\facts_0697d4152cca.ttl;One step future state forecast;131,132,106,10,135;131,10,135,132,133;True;True;True;0.707000;0.707000;0.707000;0.707000;5;5;0.349074;0.328540
616;extraction_papers\ontocast_runs\run_500_more_20260721_105503\output\facts_06a6ef1fb638.ttl;Fault identification;243,244,203,216,189;243,247,216,203,210;True;True;True;0.522000;0.522000;0.517800;0.515000;4;5;0.515748;0.668655
617;extraction_papers\ontocast_runs\run_500_more_20260721_105503\output\facts_08a77a2de66a.ttl;Fault detection;230,42,41,44,43;230,41,34,19,44;True;True;True;0.504000;0.504000;0.504000;0.504000;5;5;0.388385;0.458075
618;extraction_papers\ontocast_runs\run_500_more_20260721_105503\output\facts_08e6afccca23.ttl;One step future state forecast;131,132,106,10,135;131,10,135,132,133;True;True;True;0.707000;0.707000;0.707000;0.707000;5;5;0.349074;0.328540
619;extraction_papers\ontocast_runs\run_500_more_20260721_105503\output\facts_08f9ab7aa034.ttl;Fault identification;216,196,201,202,176;216,255,247,13,176;True;True;True;0.611000;0.611000;0.604000;0.597000;5;5;0.523643;0.680473
620;extraction_papers\ontocast_runs\run_500_more_20260721_105503\output\facts_08fd540851d4.ttl;Fault detection;215,19,166,167,195;215,200,166,218,19;True;True;True;0.518000;0.518000;0.517200;0.515000;4;5;0.519367;0.584033
621;extraction_papers\ontocast_runs\run_500_more_20260721_105503\output\facts_093a0b415e0a.ttl;Fault detection;215,42,41,44,43;215,195,44,34,33;True;True;True;0.598000;0.598000;0.595600;0.595600;5;5;0.395607;0.547430
622;extraction_papers\ontocast_runs\run_500_more_20260721_105503\output\facts_0aaa87c10a19.ttl;Remaining useful life estimation;223,222,184,155,59;223,155,222,184,120;True;True;True;0.516000;0.516000;0.514200;0.514200;5;5;0.565753;0.599211
623;extraction_papers\ontocast_runs\run_500_more_20260721_105503\output\facts_0afb5272deac.ttl;Remaining useful life estimation;226,222,184,234,232;226,122,222,233,250;True;True;True;0.534000;0.534000;0.526400;0.526200;5;5;0.427946;0.589979
624;extraction_papers\ontocast_runs\run_500_more_20260721_105503\output\facts_0b4414fd6f15.ttl;Remaining useful life estimation;59,58,60,35,37;59,60,120,30,36;True;True;True;0.514000;0.514000;0.514000;0.514000;5;5;0.364496;0.433045
625;extraction_papers\ontocast_runs\run_500_more_20260721_105503\output\facts_0bf17f1a2b43.ttl;Health assessment;31,38,104,227,188;31,213,104,239,221;True;True;True;0.559000;0.559000;0.541400;0.527400;5;5;0.545430;0.592777
626;extraction_papers\ontocast_runs\run_500_more_20260721_105503\output\facts_0c2792860870.ttl;Fault detection;209,42,41,44,43;209,33,34,44,41;True;True;True;0.500000;0.500000;0.500000;0.500000;5;5;0.439411;0.485920
627;extraction_papers\ontocast_runs\run_500_more_20260721_105503\output\facts_0cbc667cdee7.ttl;Remaining useful life estimation;108,147,148,149,237;108,122,123,149,233;True;True;True;0.521000;0.521000;0.521000;0.518600;5;5;0.300525;0.545033
628;extraction_papers\ontocast_runs\run_500_more_20260721_105503\output\facts_0cbd095ba81e.ttl;Remaining useful life estimation;68,67,170,223,222;68,223,184,55,170;True;True;True;0.502000;0.502000;0.501200;0.500800;4;5;0.446617;0.572980
629;extraction_papers\ontocast_runs\run_500_more_20260721_105503\output\facts_0d9415ba9083.ttl;Remaining useful life estimation;121,226,8,178,59;121,60,68,226,197;True;True;True;0.515000;0.515000;0.509600;0.509200;4;5;0.421084;0.602811
630;extraction_papers\ontocast_runs\run_500_more_20260721_105503\output\facts_0e23d1d9ab19.ttl;Remaining useful life estimation;157,158,156,181,263;157,16,122,242,232;True;True;True;0.512000;0.512000;0.511800;0.511200;3;5;0.444231;0.548230
631;extraction_papers\ontocast_runs\run_500_more_20260721_105503\output\facts_0ea175f5da02.ttl;Remaining useful life estimation;256,197,181,22,21;256,197,21,263,232;True;True;True;0.527000;0.527000;0.520000;0.517800;5;5;0.550922;0.507279
632;extraction_papers\ontocast_runs\run_500_more_20260721_105503\output\facts_0f43116b6a57.ttl;Fault identification;210,201,202,203,48;210,48,247,212,243;True;True;True;0.707000;0.707000;0.707000;0.707000;5;5;0.528089;0.659710
633;extraction_papers\ontocast_runs\run_500_more_20260721_105503\output\facts_0fc092b36e31.ttl;Health assessment;73,239,153,154,193;73,193,104,7,227;True;True;True;0.517000;0.517000;0.512200;0.508800;4;5;0.389974;0.593413
634;extraction_papers\ontocast_runs\run_500_more_20260721_105503\output\facts_0fef9a50cdea.ttl;Fault detection;209,42,41,44,43;209,33,34,44,41;True;True;True;0.707000;0.707000;0.707000;0.707000;5;5;0.439411;0.485920
635;extraction_papers\ontocast_runs\run_500_more_20260721_105503\output\facts_10c7cf4bb507.ttl;Fault detection;42,41,44,43,46;42,20,34,44,245;True;True;True;0.521000;0.521000;0.521000;0.519000;5;5;0.296792;0.453397
636;extraction_papers\ontocast_runs\run_500_more_20260721_105503\output\facts_10fc6836508e.ttl;Fault identification;210,201,202,203,48;210,48,247,212,243;True;True;True;0.577000;0.577000;0.577000;0.577000;5;5;0.528089;0.659710
637;extraction_papers\ontocast_runs\run_500_more_20260721_105503\output\facts_1197c4a7a550.ttl;Remaining useful life estimation;223,8,178,22,21;223,207,75,172,23;True;True;True;0.527000;0.527000;0.525000;0.523600;4;5;0.426578;0.549745
638;extraction_papers\ontocast_runs\run_500_more_20260721_105503\output\facts_11a6adc2ad22.ttl;Fault feature extraction;18,231,190,70,229;18,229,70,190,235;True;True;True;0.603000;0.603000;0.594800;0.591800;5;5;0.620107;0.599411
639;extraction_papers\ontocast_runs\run_500_more_20260721_105503\output\facts_11f0d8e05fb5.ttl;Health assessment;31,38,239,213,221;31,213,239,221,104;True;True;True;0.577000;0.577000;0.577000;0.577000;5;5;0.562146;0.592777
640;extraction_papers\ontocast_runs\run_500_more_20260721_105503\output\facts_124de239a574.ttl;Health assessment;213,221,73,2,7;213,227,221,193,104;True;True;True;0.589000;0.589000;0.588400;0.585800;5;5;0.440492;0.603224
641;extraction_papers\ontocast_runs\run_500_more_20260721_105503\output\facts_132fb3c19ecf.ttl;Fault identification;255,203,216,189,201;255,216,247,210,176;True;True;True;0.547000;0.547000;0.514000;0.513000;5;5;0.614204;0.680451
642;extraction_papers\ontocast_runs\run_500_more_20260721_105503\output\facts_1369a550b788.ttl;Fault detection;209,42,41,44,43;209,33,34,44,41;True;True;True;0.577000;0.577000;0.577000;0.577000;5;5;0.439411;0.485920
643;extraction_papers\ontocast_runs\run_500_more_20260721_105503\output\facts_1383fb47dc0b.ttl;Fault detection;215,195,42,41,44;215,195,44,20,34;True;True;True;0.543000;0.543000;0.522400;0.522400;5;5;0.554857;0.539842
644;extraction_papers\ontocast_runs\run_500_more_20260721_105503\output\facts_13b6a96e3c49.ttl;Health assessment;188,7,177,173,2;188,173,104,193,38;True;True;True;0.572000;0.572000;0.527200;0.519200;4;5;0.498291;0.596016
645;extraction_papers\ontocast_runs\run_500_more_20260721_105503\output\facts_13eee031c115.ttl;Health assessment;221,73,239,153,154;221,239,7,104,153;True;True;True;0.583000;0.583000;0.544600;0.532400;4;5;0.377272;0.591686
646;extraction_papers\ontocast_runs\run_500_more_20260721_105503\output\facts_14c244517f16.ttl;Fault detection;42,41,44,43,46;42,34,44,41,29;True;True;True;0.607000;0.607000;0.607000;0.607000;5;5;0.296792;0.352886
647;extraction_papers\ontocast_runs\run_500_more_20260721_105503\output\facts_14e2d45242d9.ttl;Fault detection;200,166,167,98,19;200,215,166,218,211;True;True;True;0.503000;0.503000;0.501400;0.500800;4;5;0.424642;0.619877
648;extraction_papers\ontocast_runs\run_500_more_20260721_105503\output\facts_14ff68ec355e.ttl;Fault detection;200,166,167,98,230;200,166,230,34,33;True;True;True;0.527000;0.527000;0.522600;0.519400;4;5;0.439524;0.482622
649;extraction_papers\ontocast_runs\run_500_more_20260721_105503\output\facts_1546c3ef38f1.ttl;Fault identification;216,255,196,13,246;216,255,247,13,176;True;True;True;0.598000;0.598000;0.592400;0.590200;5;5;0.577328;0.680473
650;extraction_papers\ontocast_runs\run_500_more_20260721_105503\output\facts_15c3ad5fc8e1.ttl;Remaining useful life estimation;181,35,37,36,28;181,111,36,30,37;True;True;True;0.632000;0.632000;0.610400;0.610400;4;5;0.413595;0.448287
651;extraction_papers\ontocast_runs\run_500_more_20260721_105503\output\facts_15fe47328ffe.ttl;Fault detection;215,20,230,195,245;215,200,166,218,20;True;True;True;0.529000;0.529000;0.519400;0.514600;5;5;0.398915;0.584033
652;extraction_papers\ontocast_runs\run_500_more_20260721_105503\output\facts_1659b448624e.ttl;Fault feature extraction;17,231,70,27,18;17,229,70,190,235;True;True;True;0.515000;0.515000;0.509200;0.506000;4;5;0.420666;0.599411
653;extraction_papers\ontocast_runs\run_500_more_20260721_105503\output\facts_16cce76b69b8.ttl;Fault detection;42,41,44,43,46;42,34,44,166,41;True;True;True;0.524000;0.524000;0.524000;0.524000;5;5;0.296792;0.359171
654;extraction_papers\ontocast_runs\run_500_more_20260721_105503\output\facts_17364b981c05.ttl;Remaining useful life estimation;68,67,97,263,262;68,263,55,126,108;True;True;True;0.502000;0.502000;0.501400;0.500800;3;5;0.453377;0.511734
655;extraction_papers\ontocast_runs\run_500_more_20260721_105503\output\facts_174b4f5d17a5.ttl;Remaining useful life estimation;234,232,233,15,14;234,122,249,128,16;True;True;True;0.795000;0.795000;0.795000;0.795000;4;5;0.318960;0.549456
656;extraction_papers\ontocast_runs\run_500_more_20260721_105503\output\facts_1760757d9ad8.ttl;Fault detection;72,200,20,19,98;72,44,230,47,41;True;True;True;0.515000;0.515000;0.510400;0.506200;4;5;0.268548;0.444942
657;extraction_papers\ontocast_runs\run_500_more_20260721_105503\output\facts_1804915cdefd.ttl;Health assessment;31,38,104,227,73;31,213,239,104,221;True;True;True;0.546000;0.546000;0.531600;0.520600;5;5;0.457332;0.592777
658;extraction_papers\ontocast_runs\run_500_more_20260721_105503\output\facts_1828e7764198.ttl;Fault detection;72,42,41,44,43;72,44,47,41,29;True;True;True;0.527000;0.527000;0.517400;0.517400;5;5;0.394754;0.392319
659;extraction_papers\ontocast_runs\run_500_more_20260721_105503\output\facts_18b6ee490663.ttl;Fault detection;20,215,230,166,167;20,44,215,34,200;True;True;True;0.522000;0.522000;0.518200;0.517400;4;5;0.440830;0.532748
660;extraction_papers\ontocast_runs\run_500_more_20260721_105503\output\facts_18e830a9f47e.ttl;Fault detection;19,42,41,44,43;19,44,34,195,33;True;True;True;0.524000;0.524000;0.516800;0.516800;5;5;0.382882;0.502327
661;extraction_papers\ontocast_runs\run_500_more_20260721_105503\output\facts_19ee37fc6450.ttl;Fault detection;19,245,42,41,44;19,218,44,34,33;True;True;True;0.521000;0.521000;0.516600;0.515400;5;5;0.446792;0.558946
662;extraction_papers\ontocast_runs\run_500_more_20260721_105503\output\facts_1a10ec074530.ttl;Health assessment;31,38,104,73,7;31,213,193,104,221;True;True;True;0.515000;0.515000;0.512600;0.508200;5;5;0.497213;0.580062
663;extraction_papers\ontocast_runs\run_500_more_20260721_105503\output\facts_1a1ef03ce149.ttl;Fault detection;200,166,167,98,209;200,215,166,211,20;True;True;True;0.559000;0.559000;0.530800;0.528200;4;5;0.457066;0.594013
664;extraction_papers\ontocast_runs\run_500_more_20260721_105503\output\facts_1ac69b68a852.ttl;Fault detection;98,166,167,20,175;98,211,209,42,166;True;True;True;0.527000;0.527000;0.518800;0.514200;4;5;0.361374;0.544117
665;extraction_papers\ontocast_runs\run_500_more_20260721_105503\output\facts_1c32bb81c2ca.ttl;Health assessment;31,38,239,213,221;31,213,239,221,104;True;True;True;0.500000;0.500000;0.500000;0.500000;5;5;0.562146;0.592777
666;extraction_papers\ontocast_runs\run_500_more_20260721_105503\output\facts_1c6c15d7e92d.ttl;Health assessment;31,38,104,227,7;31,213,193,104,221;True;True;True;0.525000;0.525000;0.521600;0.514400;5;5;0.543393;0.580062
667;extraction_papers\ontocast_runs\run_500_more_20260721_105503\output\facts_1e7793c0fb87.ttl;Fault detection;230,42,41,44,43;230,41,175,44,34;True;True;True;0.516000;0.516000;0.513600;0.513600;5;5;0.388385;0.453940
668;extraction_papers\ontocast_runs\run_500_more_20260721_105503\output\facts_1ec7b79d0ea4.ttl;Health assessment;31,38,239,213,221;31,213,239,221,104;True;True;True;0.707000;0.707000;0.707000;0.707000;5;5;0.562146;0.592777
669;extraction_papers\ontocast_runs\run_500_more_20260721_105503\output\facts_1f540ba42fa5.ttl;Fault detection;72,195,19,209,211;72,218,166,211,215;True;True;True;0.515000;0.515000;0.508000;0.504400;5;5;0.416142;0.616822
670;extraction_papers\ontocast_runs\run_500_more_20260721_105503\output\facts_1f562b8ac71c.ttl;Fault detection;42,41,44,43,46;42,215,34,44,41;True;True;True;0.536000;0.536000;0.536000;0.533400;5;5;0.296792;0.447706
671;extraction_papers\ontocast_runs\run_500_more_20260721_105503\output\facts_20a6e0deb55f.ttl;Fault identification;203,189,252,243,244;203,201,189,243,210;True;True;True;0.551000;0.551000;0.534000;0.526800;4;5;0.463267;0.580025
672;extraction_papers\ontocast_runs\run_500_more_20260721_105503\output\facts_20f6fbfd7894.ttl;Fault detection;200,98,20,209,211;200,44,211,20,34;True;True;True;0.511000;0.511000;0.510000;0.509600;5;5;0.454222;0.538023
673;extraction_papers\ontocast_runs\run_500_more_20260721_105503\output\facts_21a2d846ad65.ttl;Health assessment;31,38,104,213,221;31,213,104,193,221;True;True;True;0.590000;0.590000;0.570200;0.554400;5;5;0.510601;0.580062
674;extraction_papers\ontocast_runs\run_500_more_20260721_105503\output\facts_21c271594507.ttl;Fault detection;215,200,42,41,44;215,200,44,19,34;True;True;True;0.523000;0.523000;0.517200;0.517200;5;5;0.543661;0.532748
675;extraction_papers\ontocast_runs\run_500_more_20260721_105503\output\facts_226be26d5d7e.ttl;Fault detection;209,42,41,44,43;209,33,34,44,41;True;True;True;0.577000;0.577000;0.577000;0.577000;5;5;0.439411;0.485920
676;extraction_papers\ontocast_runs\run_500_more_20260721_105503\output\facts_23254f5af84b.ttl;Remaining useful life estimation;97,75,74,76,107;97,204,107,75,74;True;True;True;0.513000;0.513000;0.510200;0.509400;5;5;0.370821;0.502590
677;extraction_papers\ontocast_runs\run_500_more_20260721_105503\output\facts_2458231486ca.ttl;Fault detection;72,230,175,19,218;72,218,44,230,42;True;True;True;0.595000;0.595000;0.589200;0.587000;5;5;0.444415;0.572343
678;extraction_papers\ontocast_runs\run_500_more_20260721_105503\output\facts_2471590301df.ttl;Remaining useful life estimation;234,232,233,15,14;234,122,249,128,16;True;True;True;0.689000;0.689000;0.689000;0.689000;4;5;0.318960;0.549456
679;extraction_papers\ontocast_runs\run_500_more_20260721_105503\output\facts_27748de04611.ttl;Health assessment;31,38,104,227,73;31,213,239,104,221;True;True;True;0.546000;0.546000;0.531600;0.520600;5;5;0.457332;0.592777
680;extraction_papers\ontocast_runs\run_500_more_20260721_105503\output\facts_27fa84415142.ttl;Fault detection;200,42,41,44,43;200,44,230,34,19;True;True;True;0.593000;0.593000;0.589000;0.589000;5;5;0.448759;0.466303
681;extraction_papers\ontocast_runs\run_500_more_20260721_105503\output\facts_28071ee19862.ttl;Fault detection;200,209,211,215,191;200,215,44,211,47;True;True;True;0.524000;0.524000;0.519200;0.515600;5;5;0.485599;0.592606
682;extraction_papers\ontocast_runs\run_500_more_20260721_105503\output\facts_2813a9cf840c.ttl;Fault detection;72,215,19,20,245;72,218,44,215,47;True;True;True;0.595000;0.595000;0.587600;0.585800;4;5;0.330317;0.565684
683;extraction_papers\ontocast_runs\run_500_more_20260721_105503\output\facts_2828ec95580c.ttl;Remaining useful life estimation;222,184,147,148,149;222,15,155,208,184;True;True;True;0.526000;0.526000;0.523600;0.520000;5;5;0.374346;0.572360
684;extraction_papers\ontocast_runs\run_500_more_20260721_105503\output\facts_2942474080f1.ttl;Fault detection;215,19,230,166,167;215,200,166,19,42;True;True;True;0.611000;0.611000;0.597200;0.596200;4;5;0.440830;0.543566
685;extraction_papers\ontocast_runs\run_500_more_20260721_105503\output\facts_29d80fec6db0.ttl;Remaining useful life estimation;222,184,108,8,178;222,204,184,256,237;True;True;True;0.594000;0.594000;0.593000;0.591200;4;5;0.399082;0.560430
686;extraction_papers\ontocast_runs\run_500_more_20260721_105503\output\facts_2a3e5109614f.ttl;Fault detection;218,230,175,200,72;218,175,211,230,209;True;True;True;0.514000;0.514000;0.510600;0.509800;5;5;0.445177;0.556788
687;extraction_papers\ontocast_runs\run_500_more_20260721_105503\output\facts_2a5ab19eec1b.ttl;Fault identification;238,210,48,50,49;238,247,49,212,13;True;True;True;0.596000;0.596000;0.593600;0.592200;5;5;0.573300;0.679338
688;extraction_papers\ontocast_runs\run_500_more_20260721_105503\output\facts_2a8937c2adda.ttl;Fault detection;175,230,209,211,191;175,218,211,166,230;True;True;True;0.520000;0.520000;0.515200;0.513800;5;5;0.478726;0.605357
689;extraction_papers\ontocast_runs\run_500_more_20260721_105503\output\facts_2accaffeeb92.ttl;Fault detection;42,41,44,43,46;42,218,34,44,215;True;True;True;0.663000;0.663000;0.663000;0.635800;5;5;0.296792;0.560855
690;extraction_papers\ontocast_runs\run_500_more_20260721_105503\output\facts_2ad5aaef592d.ttl;Remaining useful life estimation;207,208,263,262,75;207,23,197,256,75;True;True;True;0.569000;0.569000;0.555400;0.532000;4;5;0.358027;0.598855
691;extraction_papers\ontocast_runs\run_500_more_20260721_105503\output\facts_2c2a8543208a.ttl;Fault detection;98,200,166,167,20;98,211,200,230,42;True;True;True;0.523000;0.523000;0.516200;0.514600;4;5;0.424642;0.527833
692;extraction_papers\ontocast_runs\run_500_more_20260721_105503\output\facts_2d84923922e7.ttl;Fault detection;42,41,44,43,46;42,218,34,44,215;True;True;True;0.574000;0.574000;0.574000;0.550400;5;5;0.296792;0.560855
693;extraction_papers\ontocast_runs\run_500_more_20260721_105503\output\facts_2d985f627050.ttl;Fault detection;166,167,98,215,245;166,200,215,98,211;True;True;True;0.567000;0.567000;0.541800;0.530200;4;5;0.416315;0.579624
694;extraction_papers\ontocast_runs\run_500_more_20260721_105503\output\facts_2e33d1a3d1d2.ttl;Remaining useful life estimation;234,232,233,15,14;234,122,249,128,16;True;True;True;0.795000;0.795000;0.795000;0.795000;4;5;0.318960;0.549456
695;extraction_papers\ontocast_runs\run_500_more_20260721_105503\output\facts_2eb6f4c9e7ab.ttl;Remaining useful life estimation;207,208,169,35,37;207,120,30,169,36;True;True;True;0.609000;0.609000;0.601200;0.598400;5;5;0.497854;0.458576
696;extraction_papers\ontocast_runs\run_500_more_20260721_105503\output\facts_2ed8c9d5e82d.ttl;Fault detection;166,167,215,175,19;166,200,215,211,19;True;True;True;0.521000;0.521000;0.517600;0.516000;4;5;0.456511;0.594013
697;extraction_papers\ontocast_runs\run_500_more_20260721_105503\output\facts_2f22d6ffad1b.ttl;Fault detection;72,215,209,211,191;72,218,44,211,215;True;True;True;0.521000;0.521000;0.515600;0.513400;5;5;0.532761;0.617637
698;extraction_papers\ontocast_runs\run_500_more_20260721_105503\output\facts_3033c6608984.ttl;Fault detection;215,230,72,42,41;215,34,42,72,44;True;True;True;0.529000;0.529000;0.521400;0.519600;5;5;0.495713;0.494471
699;extraction_papers\ontocast_runs\run_500_more_20260721_105503\output\facts_314b35330e8d.ttl;Fault detection;230,42,41,44,43;230,41,200,34,44;True;True;True;0.598000;0.598000;0.595600;0.594800;5;5;0.388385;0.485242
700;extraction_papers\ontocast_runs\run_500_more_20260721_105503\output\facts_316e4d8a3d18.ttl;Fault detection;166,167,209,211,191;166,209,211,215,72;True;True;True;0.530000;0.530000;0.525800;0.521600;4;5;0.546203;0.601844
701;extraction_papers\ontocast_runs\run_500_more_20260721_105503\output\facts_31dcee2cecfd.ttl;Fault detection;98,42,41,44,43;98,42,44,72,34;True;True;True;0.523000;0.523000;0.516600;0.516600;5;5;0.307648;0.392372
702;extraction_papers\ontocast_runs\run_500_more_20260721_105503\output\facts_320689a5feb9.ttl;Fault detection;209,42,41,44,43;209,33,34,44,41;True;True;True;0.577000;0.577000;0.577000;0.577000;5;5;0.439411;0.485920
703;extraction_papers\ontocast_runs\run_500_more_20260721_105503\output\facts_322713e7e2a7.ttl;Fault detection;200,72,195,166,167;200,215,166,218,211;True;True;True;0.512000;0.512000;0.507600;0.505200;4;5;0.431688;0.619877
704;extraction_papers\ontocast_runs\run_500_more_20260721_105503\output\facts_328ad43df64b.ttl;Fault identification;255,238,176,203,247;255,238,247,176,201;True;True;True;0.525000;0.525000;0.514800;0.513800;5;5;0.592129;0.673493
705;extraction_papers\ontocast_runs\run_500_more_20260721_105503\output\facts_3291dab56c7e.ttl;Remaining useful life estimation;234,232,233,15,14;234,122,249,128,16;True;True;True;0.667000;0.667000;0.667000;0.667000;4;5;0.318960;0.549456
706;extraction_papers\ontocast_runs\run_500_more_20260721_105503\output\facts_32f8dfb4f37c.ttl;Remaining useful life estimation;226,59,58,60,127;226,60,58,55,127;True;True;True;0.685000;0.685000;0.616000;0.600800;5;5;0.464700;0.544594
707;extraction_papers\ontocast_runs\run_500_more_20260721_105503\output\facts_330c028d10b5.ttl;Health assessment;239,7,153,154,177;239,104,7,31,221;True;True;True;0.512000;0.512000;0.512000;0.508400;3;5;0.484085;0.590350
708;extraction_papers\ontocast_runs\run_500_more_20260721_105503\output\facts_33dc516dd8de.ttl;Health assessment;31,38,239,213,221;31,213,239,221,104;True;True;True;0.577000;0.577000;0.577000;0.577000;5;5;0.562146;0.592777
709;extraction_papers\ontocast_runs\run_500_more_20260721_105503\output\facts_3411fc81c13b.ttl;Health assessment;31,38,104,173,7;31,213,104,193,221;True;True;True;0.645000;0.645000;0.626000;0.609200;5;5;0.545681;0.580062
710;extraction_papers\ontocast_runs\run_500_more_20260721_105503\output\facts_34364e5d4324.ttl;Fault detection;166,167,98,218,245;166,218,245,34,33;True;True;True;0.598000;0.598000;0.596000;0.593600;4;5;0.479371;0.534704
711;extraction_papers\ontocast_runs\run_500_more_20260721_105503\output\facts_34e11e29a9e0.ttl;Fault detection;195,175,215,245,218;195,215,166,218,20;True;True;True;0.521000;0.521000;0.518600;0.515000;5;5;0.519227;0.579757
712;extraction_papers\ontocast_runs\run_500_more_20260721_105503\output\facts_34f4f204165a.ttl;Fault detection;209,42,41,44,43;209,33,34,44,41;True;True;True;0.577000;0.577000;0.577000;0.577000;5;5;0.439411;0.485920
713;extraction_papers\ontocast_runs\run_500_more_20260721_105503\output\facts_35bd4a298d1d.ttl;Remaining useful life estimation;172,92,204,256,8;172,208,204,55,92;True;True;True;0.522000;0.522000;0.516800;0.515400;5;5;0.552256;0.580953
714;extraction_papers\ontocast_runs\run_500_more_20260721_105503\output\facts_35fb99a9cf9a.ttl;Health assessment;213,7,177,221,239;213,173,221,193,104;True;True;True;0.510000;0.510000;0.507600;0.506400;4;5;0.496427;0.609252
715;extraction_papers\ontocast_runs\run_500_more_20260721_105503\output\facts_360b674b9ae4.ttl;Fault detection;209,42,41,44,43;209,33,34,44,41;True;True;True;0.577000;0.577000;0.577000;0.577000;5;5;0.439411;0.485920
716;extraction_papers\ontocast_runs\run_500_more_20260721_105503\output\facts_37902542e7d3.ttl;Fault detection;98,200,230,19,72;98,211,245,200,42;True;True;True;0.513000;0.513000;0.510200;0.508000;5;5;0.348494;0.541576
717;extraction_papers\ontocast_runs\run_500_more_20260721_105503\output\facts_37d3b512f559.ttl;Fault detection;209,42,41,44,43;209,33,34,44,41;True;True;True;0.707000;0.707000;0.707000;0.707000;5;5;0.439411;0.485920
718;extraction_papers\ontocast_runs\run_500_more_20260721_105503\output\facts_38008a39d8ba.ttl;Fault detection;166,167,19,230,215;166,215,19,34,33;True;True;True;0.614000;0.614000;0.603400;0.597800;4;5;0.440830;0.492128
719;extraction_papers\ontocast_runs\run_500_more_20260721_105503\output\facts_38cb47eaae78.ttl;Fault feature extraction;190,70,235,32,17;190,70,229,198,235;True;True;True;0.598000;0.598000;0.586000;0.585200;5;5;0.547974;0.605755
720;extraction_papers\ontocast_runs\run_500_more_20260721_105503\output\facts_394b36f37a87.ttl;Fault detection;42,41,44,43,46;42,34,44,41,29;True;True;True;0.546000;0.546000;0.546000;0.546000;5;5;0.296792;0.352886
721;extraction_papers\ontocast_runs\run_500_more_20260721_105503\output\facts_399c85ed8b40.ttl;Health assessment;213,31,38,104,188;213,227,221,193,104;True;True;True;0.504000;0.504000;0.504000;0.503400;5;5;0.544251;0.603224
722;extraction_papers\ontocast_runs\run_500_more_20260721_105503\output\facts_39bf81af29ee.ttl;Remaining useful life estimation;51,53,52,55,54;51,207,204,36,55;True;True;True;0.577000;0.577000;0.577000;0.577000;4;5;0.287092;0.541169
723;extraction_papers\ontocast_runs\run_500_more_20260721_105503\output\facts_3a42ffd44a80.ttl;Fault detection;42,41,44,43,46;42,230,34,44,20;True;True;True;0.524000;0.524000;0.524000;0.518400;5;5;0.296792;0.461336
724;extraction_papers\ontocast_runs\run_500_more_20260721_105503\output\facts_3acd98748b79.ttl;Health assessment;7,177,239,153,154;7,227,104,193,221;True;True;True;0.518000;0.518000;0.513800;0.509800;3;5;0.484085;0.600430
725;extraction_papers\ontocast_runs\run_500_more_20260721_105503\output\facts_3b08c804a1da.ttl;Fault detection;215,245,42,41,44;215,34,19,42,44;True;True;True;0.523000;0.523000;0.517800;0.516600;5;5;0.452523;0.496553
726;extraction_papers\ontocast_runs\run_500_more_20260721_105503\output\facts_3d0e659cfff8.ttl;Fault detection;166,167,98,209,42;166,209,34,33,44;True;True;True;0.501000;0.501000;0.500600;0.500200;4;5;0.408347;0.495702
727;extraction_papers\ontocast_runs\run_500_more_20260721_105503\output\facts_3d4ae289478c.ttl;Fault detection;195,166,167,20,230;195,44,20,34,230;True;True;True;0.542000;0.542000;0.517600;0.516000;4;5;0.469929;0.471408
728;extraction_papers\ontocast_runs\run_500_more_20260721_105503\output\facts_3dddf83495dd.ttl;Fault detection;72,195,19,209,211;72,218,166,211,215;True;True;True;0.515000;0.515000;0.508000;0.504400;5;5;0.416142;0.616822
729;extraction_papers\ontocast_runs\run_500_more_20260721_105503\output\facts_3e28de484ec6.ttl;Remaining useful life estimation;51,53,52,55,54;51,207,204,36,55;True;True;True;0.707000;0.707000;0.707000;0.707000;4;5;0.287092;0.541169
730;extraction_papers\ontocast_runs\run_500_more_20260721_105503\output\facts_3e472733607f.ttl;One step future state forecast;106,10,131,132,135;106,132,135,10,134;True;True;True;0.598000;0.598000;0.594800;0.594800;5;5;0.349074;0.365515
731;extraction_papers\ontocast_runs\run_500_more_20260721_105503\output\facts_3ee1f134ad86.ttl;Remaining useful life estimation;256,197,207,208,263;256,197,222,208,169;True;True;True;0.522000;0.522000;0.520200;0.518800;5;5;0.459845;0.602002
732;extraction_papers\ontocast_runs\run_500_more_20260721_105503\output\facts_3fabc092af26.ttl;Remaining useful life estimation;172,169,155,59,58;172,208,60,155,59;True;True;True;0.515000;0.515000;0.513000;0.511600;5;5;0.397475;0.591444
733;extraction_papers\ontocast_runs\run_500_more_20260721_105503\output\facts_3ff8ec2de53f.ttl;Fault detection;72,20,19,166,167;72,218,166,211,230;True;True;True;0.521000;0.521000;0.515600;0.510600;3;5;0.372132;0.607158
734;extraction_papers\ontocast_runs\run_500_more_20260721_105503\output\facts_403f3676d16a.ttl;Fault detection;200,166,167,98,230;200,166,230,34,33;True;True;True;0.527000;0.527000;0.522600;0.519400;4;5;0.439524;0.482622
735;extraction_papers\ontocast_runs\run_500_more_20260721_105503\output\facts_4060c2af021d.ttl;Fault detection;42,41,44,43,46;42,200,34,19,44;True;True;True;0.524000;0.524000;0.524000;0.519800;5;5;0.296792;0.488710
736;extraction_papers\ontocast_runs\run_500_more_20260721_105503\output\facts_40ebb960239f.ttl;Fault detection;200,166,167,20,42;200,166,20,34,33;True;True;True;0.547000;0.547000;0.526000;0.524400;4;5;0.470279;0.482916
737;extraction_papers\ontocast_runs\run_500_more_20260721_105503\output\facts_4131bb2becd4.ttl;Health assessment;31,38,239,213,221;31,213,239,221,104;True;True;True;0.577000;0.577000;0.577000;0.577000;5;5;0.562146;0.592777
738;extraction_papers\ontocast_runs\run_500_more_20260721_105503\output\facts_416cc3264b07.ttl;Fault detection;42,41,44,43,46;42,215,34,44,41;True;True;True;0.559000;0.559000;0.559000;0.550800;5;5;0.296792;0.447706
739;extraction_papers\ontocast_runs\run_500_more_20260721_105503\output\facts_427c2c6eadad.ttl;Remaining useful life estimation;107,75,74,76,92;107,223,30,75,263;True;True;True;0.532000;0.532000;0.519600;0.515600;5;5;0.375117;0.547489
740;extraction_papers\ontocast_runs\run_500_more_20260721_105503\output\facts_4377d4032cde.ttl;Health assessment;213,73,221,2,31;213,173,221,193,104;True;True;True;0.517000;0.517000;0.512400;0.509600;5;5;0.402278;0.609252
741;extraction_papers\ontocast_runs\run_500_more_20260721_105503\output\facts_43bc51ac738d.ttl;Fault identification;216,201,202,176,255;216,255,247,13,176;True;True;True;0.513000;0.513000;0.509600;0.508200;5;5;0.553424;0.680473
742;extraction_papers\ontocast_runs\run_500_more_20260721_105503\output\facts_44eed7eba562.ttl;One step future state forecast;131,132,106,10,135;131,10,135,132,133;True;True;True;0.577000;0.577000;0.577000;0.577000;5;5;0.349074;0.328540
743;extraction_papers\ontocast_runs\run_500_more_20260721_105503\output\facts_455e01077095.ttl;Health assessment;239,153,154,193,227;239,104,7,31,221;True;True;True;0.501000;0.501000;0.501000;0.500200;4;5;0.372614;0.590350
744;extraction_papers\ontocast_runs\run_500_more_20260721_105503\output\facts_46ba57ba8a25.ttl;Multiple steps future state forecast;102,103,101,136,139;102,143,141,146,101;True;True;True;0.506000;0.506000;0.506000;0.506000;5;5;0.237380;0.324475
745;extraction_papers\ontocast_runs\run_500_more_20260721_105503\output\facts_4774d48830bd.ttl;Fault detection;215,209,211,191,20;215,211,209,166,175;True;True;True;0.523000;0.523000;0.517200;0.514800;5;5;0.541273;0.602637
746;extraction_papers\ontocast_runs\run_500_more_20260721_105503\output\facts_480b9e05ea3f.ttl;One step future state forecast;10,131,132,135,133;10,134,132,106,135;True;True;True;0.517000;0.517000;0.513800;0.512000;5;5;0.328540;0.365515
747;extraction_papers\ontocast_runs\run_500_more_20260721_105503\output\facts_4818c2526caa.ttl;Remaining useful life estimation;121,107,256,263,262;121,208,15,172,107;True;True;True;0.590000;0.590000;0.590000;0.587800;4;5;0.409290;0.554267
748;extraction_papers\ontocast_runs\run_500_more_20260721_105503\output\facts_483c0c762f6e.ttl;Remaining useful life estimation;121,204,8,178,237;121,223,222,184,157;True;True;True;0.530000;0.530000;0.520800;0.517200;4;5;0.462008;0.578420
749;extraction_papers\ontocast_runs\run_500_more_20260721_105503\output\facts_4847f1f56c7d.ttl;One step future state forecast;131,132,106,10,135;131,10,135,132,133;True;True;True;0.707000;0.707000;0.707000;0.707000;5;5;0.349074;0.328540
750;extraction_papers\ontocast_runs\run_500_more_20260721_105503\output\facts_4856d70456dc.ttl;Health assessment;31,38,239,213,221;31,213,239,221,104;True;True;True;0.500000;0.500000;0.500000;0.500000;5;5;0.562146;0.592777
751;extraction_papers\ontocast_runs\run_500_more_20260721_105503\output\facts_487c20806b87.ttl;One step future state forecast;131,132,106,10,135;131,10,135,132,133;True;True;True;0.577000;0.577000;0.577000;0.577000;5;5;0.349074;0.328540
752;extraction_papers\ontocast_runs\run_500_more_20260721_105503\output\facts_48e7431f374c.ttl;Fault detection;209,42,41,44,43;209,33,34,44,41;True;True;True;0.707000;0.707000;0.707000;0.707000;5;5;0.439411;0.485920
753;extraction_papers\ontocast_runs\run_500_more_20260721_105503\output\facts_4960be284298.ttl;One step future state forecast;131,132,106,10,135;131,10,135,132,133;True;True;True;0.707000;0.707000;0.707000;0.707000;5;5;0.349074;0.328540
754;extraction_papers\ontocast_runs\run_500_more_20260721_105503\output\facts_498b8d9f5608.ttl;Remaining useful life estimation;234,232,233,15,14;234,122,249,128,16;True;True;True;0.689000;0.689000;0.689000;0.689000;4;5;0.318960;0.549456
755;extraction_papers\ontocast_runs\run_500_more_20260721_105503\output\facts_498d5e8d4af6.ttl;Remaining useful life estimation;197,172,207,208,226;197,222,256,208,172;True;True;True;0.543000;0.543000;0.524800;0.523400;5;5;0.503052;0.601933
756;extraction_papers\ontocast_runs\run_500_more_20260721_105503\output\facts_49909df6aca0.ttl;Fault detection;209,42,41,44,43;209,33,34,44,41;True;True;True;0.577000;0.577000;0.577000;0.577000;5;5;0.439411;0.485920
757;extraction_papers\ontocast_runs\run_500_more_20260721_105503\output\facts_499b69023fe2.ttl;Health assessment;31,38,104,239,153;31,213,193,104,221;True;True;True;0.534000;0.534000;0.524800;0.519000;5;5;0.529080;0.580062
758;extraction_papers\ontocast_runs\run_500_more_20260721_105503\output\facts_49df6834a2ce.ttl;Fault detection;20,19,72,209,211;20,211,44,215,42;True;True;True;0.510000;0.510000;0.507600;0.506000;4;5;0.410885;0.582696
759;extraction_papers\ontocast_runs\run_500_more_20260721_105503\output\facts_4a192e8a6c8e.ttl;Fault detection;209,42,41,44,43;209,33,34,44,41;True;True;True;0.577000;0.577000;0.577000;0.577000;5;5;0.439411;0.485920
760;extraction_papers\ontocast_runs\run_500_more_20260721_105503\output\facts_4a6614d318ab.ttl;Health assessment;31,38,239,213,221;31,213,239,221,104;True;True;True;0.577000;0.577000;0.577000;0.577000;5;5;0.562146;0.592777
761;extraction_papers\ontocast_runs\run_500_more_20260721_105503\output\facts_4ac5feae0fc6.ttl;Remaining useful life estimation;234,232,233,15,14;234,122,249,128,16;True;True;True;0.643000;0.643000;0.643000;0.643000;4;5;0.318960;0.549456
762;extraction_papers\ontocast_runs\run_500_more_20260721_105503\output\facts_4b32763b0987.ttl;Fault detection;200,195,209,211,191;200,215,166,218,211;True;True;True;0.514000;0.514000;0.513400;0.510000;5;5;0.293443;0.619877
763;extraction_papers\ontocast_runs\run_500_more_20260721_105503\output\facts_4b8fb8b45222.ttl;One step future state forecast;131,132,106,10,135;131,10,135,132,133;True;True;True;0.707000;0.707000;0.707000;0.707000;5;5;0.349074;0.328540
764;extraction_papers\ontocast_runs\run_500_more_20260721_105503\output\facts_4bafdce385c3.ttl;Fault detection;200,166,167,20,42;200,166,20,34,33;True;True;True;0.547000;0.547000;0.526000;0.524400;4;5;0.470279;0.482916
765;extraction_papers\ontocast_runs\run_500_more_20260721_105503\output\facts_4c050a46c9ce.ttl;Fault detection;209,42,41,44,43;209,33,34,44,41;True;True;True;0.577000;0.577000;0.577000;0.577000;5;5;0.439411;0.485920
766;extraction_papers\ontocast_runs\run_500_more_20260721_105503\output\facts_4dc413125288.ttl;Fault identification;252,216,243,244,247;252,247,210,216,243;True;True;True;0.524000;0.524000;0.518200;0.516000;4;5;0.594004;0.661508
767;extraction_papers\ontocast_runs\run_500_more_20260721_105503\output\facts_4def50cc615e.ttl;Health assessment;173,221,31,38,239;173,213,221,193,104;True;True;True;0.517000;0.517000;0.510200;0.510200;5;5;0.499035;0.609252
768;extraction_papers\ontocast_runs\run_500_more_20260721_105503\output\facts_4e2cc45c075b.ttl;Fault identification;210,201,202,203,48;210,48,247,212,243;True;True;True;0.577000;0.577000;0.577000;0.577000;5;5;0.528089;0.659710
769;extraction_papers\ontocast_runs\run_500_more_20260721_105503\output\facts_4e8bad82e6fd.ttl;Health assessment;31,38,104,173,213;31,213,239,221,104;True;True;True;0.510000;0.510000;0.509600;0.507400;5;5;0.564764;0.592777
770;extraction_papers\ontocast_runs\run_500_more_20260721_105503\output\facts_4ebf9281a20a.ttl;Fault detection;218,209,42,41,44;218,34,19,42,44;True;True;True;0.578000;0.578000;0.577200;0.577200;5;5;0.547752;0.561978
771;extraction_papers\ontocast_runs\run_500_more_20260721_105503\output\facts_4f1313eb578a.ttl;Fault detection;20,19,72,209,211;20,211,44,215,42;True;True;True;0.510000;0.510000;0.507600;0.506000;4;5;0.410885;0.582696
772;extraction_papers\ontocast_runs\run_500_more_20260721_105503\output\facts_4f5ab1227bfb.ttl;Fault detection;166,167,200,209,211;166,200,211,34,33;True;True;True;0.536000;0.536000;0.527000;0.522200;4;5;0.552121;0.518519
773;extraction_papers\ontocast_runs\run_500_more_20260721_105503\output\facts_504fbaca2c8b.ttl;Fault detection;209,211,191,230,42;209,33,211,230,34;True;True;True;0.598000;0.598000;0.597400;0.596800;5;5;0.544708;0.576590
774;extraction_papers\ontocast_runs\run_500_more_20260721_105503\output\facts_50ff19bade95.ttl;Fault detection;42,41,44,43,46;42,34,44,41,29;True;True;True;0.546000;0.546000;0.546000;0.546000;5;5;0.296792;0.352886
775;extraction_papers\ontocast_runs\run_500_more_20260721_105503\output\facts_516ccb2828d2.ttl;Fault detection;209,42,41,44,43;209,33,34,44,41;True;True;True;0.577000;0.577000;0.577000;0.577000;5;5;0.439411;0.485920
776;extraction_papers\ontocast_runs\run_500_more_20260721_105503\output\facts_51b9d790243c.ttl;Fault identification;210,201,202,203,48;210,48,247,212,243;True;True;True;0.500000;0.500000;0.500000;0.500000;5;5;0.528089;0.659710
777;extraction_papers\ontocast_runs\run_500_more_20260721_105503\output\facts_51ef3d10cb97.ttl;Remaining useful life estimation;51,53,52,55,54;51,207,204,36,55;True;True;True;0.577000;0.577000;0.577000;0.577000;4;5;0.287092;0.541169
778;extraction_papers\ontocast_runs\run_500_more_20260721_105503\output\facts_524da8e615b8.ttl;Fault identification;196,210,48,50,49;196,50,210,247,216;True;True;True;0.559000;0.559000;0.526200;0.522600;5;5;0.572427;0.691351
779;extraction_papers\ontocast_runs\run_500_more_20260721_105503\output\facts_52a07a59d415.ttl;Fault detection;42,41,44,43,46;42,34,44,41,29;True;True;True;0.630000;0.630000;0.630000;0.630000;5;5;0.296792;0.352886
780;extraction_papers\ontocast_runs\run_500_more_20260721_105503\output\facts_52fe2e63db11.ttl;Fault detection;215,166,167,98,20;215,34,20,166,33;True;True;True;0.506000;0.506000;0.506000;0.505200;4;5;0.415009;0.492128
781;extraction_papers\ontocast_runs\run_500_more_20260721_105503\output\facts_5322da858b7c.ttl;Health assessment;227,188,221,2,7;227,7,104,221,193;True;True;True;0.515000;0.515000;0.511400;0.508600;5;5;0.471373;0.600430
782;extraction_papers\ontocast_runs\run_500_more_20260721_105503\output\facts_5379aad386cd.ttl;Fault feature extraction;70,32,253,198,190;70,190,229,198,235;True;True;True;0.520000;0.520000;0.515600;0.511000;5;5;0.537472;0.605755
783;extraction_papers\ontocast_runs\run_500_more_20260721_105503\output\facts_53bb4ce274f9.ttl;Fault feature extraction;235,32,17,253,231;235,190,229,27,198;True;True;True;0.517000;0.517000;0.512200;0.508600;5;5;0.430159;0.583231
784;extraction_papers\ontocast_runs\run_500_more_20260721_105503\output\facts_542330ad6d18.ttl;Remaining useful life estimation;35,37,36,28,30;35,36,115,37,30;True;True;True;0.546000;0.546000;0.546000;0.546000;4;5;0.268100;0.290129
785;extraction_papers\ontocast_runs\run_500_more_20260721_105503\output\facts_547cc2d59dec.ttl;Remaining useful life estimation;51,53,52,55,54;51,207,204,36,55;True;True;True;0.577000;0.577000;0.577000;0.577000;4;5;0.287092;0.541169
786;extraction_papers\ontocast_runs\run_500_more_20260721_105503\output\facts_54a25529aea1.ttl;Health assessment;31,38,239,213,221;31,213,239,221,104;True;True;True;0.500000;0.500000;0.500000;0.500000;5;5;0.562146;0.592777
787;extraction_papers\ontocast_runs\run_500_more_20260721_105503\output\facts_54d3b210fcab.ttl;Fault detection;42,41,44,43,46;42,200,215,19,34;True;True;True;0.515000;0.515000;0.515000;0.514200;5;5;0.296792;0.522061
788;extraction_papers\ontocast_runs\run_500_more_20260721_105503\output\facts_550d81f1c9db.ttl;Health assessment;73,221,239,153,154;73,193,104,7,227;True;True;True;0.645000;0.645000;0.629600;0.606200;4;5;0.377272;0.593413
789;extraction_papers\ontocast_runs\run_500_more_20260721_105503\output\facts_555dd9093fef.ttl;Health assessment;73,239,153,154,193;73,193,7,104,227;True;True;True;0.517000;0.517000;0.512200;0.508600;4;5;0.389974;0.593413
790;extraction_papers\ontocast_runs\run_500_more_20260721_105503\output\facts_5569e0774d6c.ttl;Fault identification;252,203,189,243,244;252,189,212,210,243;True;True;True;0.645000;0.645000;0.607000;0.601600;4;5;0.463267;0.572689
791;extraction_papers\ontocast_runs\run_500_more_20260721_105503\output\facts_5592d95ac0f0.ttl;Fault detection;42,41,44,43,46;42,72,44,34,98;True;True;True;0.595000;0.595000;0.595000;0.594600;5;5;0.296792;0.392372
792;extraction_papers\ontocast_runs\run_500_more_20260721_105503\output\facts_56120865c1c4.ttl;Remaining useful life estimation;181,147,148,149,223;181,68,121,36,37;True;True;True;0.505000;0.505000;0.503200;0.502200;5;5;0.452853;0.526764
793;extraction_papers\ontocast_runs\run_500_more_20260721_105503\output\facts_56cf580069c2.ttl;Remaining useful life estimation;222,184,204,121,181;222,181,233,184,128;True;True;True;0.519000;0.519000;0.519000;0.518200;5;5;0.551591;0.572974
794;extraction_papers\ontocast_runs\run_500_more_20260721_105503\output\facts_56e4062bde20.ttl;Remaining useful life estimation;51,53,52,55,54;51,126,55,3,4;True;True;True;0.551000;0.551000;0.551000;0.551000;4;5;0.287092;0.403388
795;extraction_papers\ontocast_runs\run_500_more_20260721_105503\output\facts_56fda288cb57.ttl;Fault detection;230,42,41,44,43;230,41,195,34,44;True;True;True;0.527000;0.527000;0.524600;0.522800;5;5;0.388385;0.490353
796;extraction_papers\ontocast_runs\run_500_more_20260721_105503\output\facts_5709a498342e.ttl;Fault detection;230,20,200,195,209;230,211,41,209,195;True;True;True;0.609000;0.609000;0.590400;0.588800;5;5;0.335000;0.554154
797;extraction_papers\ontocast_runs\run_500_more_20260721_105503\output\facts_57c8ca890a95.ttl;Fault identification;252,210,48,50,49;252,210,212,216,189;True;True;True;0.524000;0.524000;0.519200;0.516400;5;5;0.474862;0.594191
798;extraction_papers\ontocast_runs\run_500_more_20260721_105503\output\facts_59465130ff38.ttl;Fault detection;72,215,230,19,166;72,215,44,47,230;True;True;True;0.542000;0.542000;0.521000;0.519000;5;5;0.459921;0.468891
799;extraction_papers\ontocast_runs\run_500_more_20260721_105503\output\facts_595b556991d8.ttl;Health assessment;31,38,104,188,2;31,213,193,104,221;True;True;True;0.524000;0.524000;0.522800;0.516600;5;5;0.517649;0.580062
800;extraction_papers\ontocast_runs\run_500_more_20260721_105503\output\facts_5a029f9b9de0.ttl;Fault detection;42,41,44,43,46;42,209,211,34,44;True;True;True;0.590000;0.590000;0.590000;0.563200;5;5;0.296792;0.577508
801;extraction_papers\ontocast_runs\run_500_more_20260721_105503\output\facts_5b6b172d2f15.ttl;One step future state forecast;131,132,135,133,134;131,10,135,132,133;True;True;True;0.519000;0.519000;0.519000;0.516200;5;5;0.241913;0.328540
802;extraction_papers\ontocast_runs\run_500_more_20260721_105503\output\facts_5b8b1125e2e5.ttl;Health assessment;227,173,7,177,221;227,213,221,239,104;True;True;True;0.506000;0.506000;0.503600;0.502200;4;5;0.541480;0.615902
803;extraction_papers\ontocast_runs\run_500_more_20260721_105503\output\facts_5cde14efa906.ttl;Remaining useful life estimation;35,37,36,28,30;35,36,115,37,30;True;True;True;0.546000;0.546000;0.546000;0.546000;4;5;0.268100;0.290129
804;extraction_papers\ontocast_runs\run_500_more_20260721_105503\output\facts_5d51a0b3cf4a.ttl;Health assessment;173,213,7,177,239;173,213,193,221,104;True;True;True;0.522000;0.522000;0.515200;0.513000;4;5;0.537702;0.609252
805;extraction_papers\ontocast_runs\run_500_more_20260721_105503\output\facts_5e72cd525264.ttl;Fault detection;42,41,44,43,46;42,34,44,41,29;True;True;True;0.664000;0.664000;0.664000;0.664000;5;5;0.296792;0.352886
806;extraction_papers\ontocast_runs\run_500_more_20260721_105503\output\facts_5f26ee0524c5.ttl;Health assessment;227,2,31,38,104;227,213,221,193,104;True;True;True;0.510000;0.510000;0.509200;0.507000;5;5;0.473824;0.603224
807;extraction_papers\ontocast_runs\run_500_more_20260721_105503\output\facts_5f4caee5286d.ttl;Fault detection;42,41,44,43,46;42,34,44,41,29;True;True;True;0.546000;0.546000;0.546000;0.546000;5;5;0.296792;0.352886
808;extraction_papers\ontocast_runs\run_500_more_20260721_105503\output\facts_6076eabdecc6.ttl;One step future state forecast;131,132,106,10,135;131,10,135,132,133;True;True;True;0.707000;0.707000;0.707000;0.707000;5;5;0.349074;0.328540
809;extraction_papers\ontocast_runs\run_500_more_20260721_105503\output\facts_60ad7a949795.ttl;Fault detection;98,218,19,20,230;98,218,200,230,42;True;True;True;0.522000;0.522000;0.516800;0.515800;4;5;0.412440;0.544248
810;extraction_papers\ontocast_runs\run_500_more_20260721_105503\output\facts_6148cd04d138.ttl;Remaining useful life estimation;35,37,36,28,30;35,36,115,37,30;True;True;True;0.546000;0.546000;0.546000;0.546000;4;5;0.268100;0.290129
811;extraction_papers\ontocast_runs\run_500_more_20260721_105503\output\facts_614bfb90048b.ttl;Fault detection;209,42,41,44,43;209,33,34,44,41;True;True;True;0.577000;0.577000;0.577000;0.577000;5;5;0.439411;0.485920
812;extraction_papers\ontocast_runs\run_500_more_20260721_105503\output\facts_616b4aa1e5c4.ttl;Fault detection;209,42,41,44,43;209,33,34,44,41;True;True;True;0.577000;0.577000;0.577000;0.577000;5;5;0.439411;0.485920
813;extraction_papers\ontocast_runs\run_500_more_20260721_105503\output\facts_62404ee7380d.ttl;Fault feature extraction;32,253,198,17,235;32,198,253,229,190;True;True;True;0.685000;0.685000;0.616200;0.614800;5;5;0.452377;0.607961
814;extraction_papers\ontocast_runs\run_500_more_20260721_105503\output\facts_6328c37d8c38.ttl;Health assessment;213,239,153,154,193;213,173,221,193,104;True;True;True;0.609000;0.609000;0.593800;0.591000;4;5;0.507345;0.609252
815;extraction_papers\ontocast_runs\run_500_more_20260721_105503\output\facts_6347797044fd.ttl;Health assessment;2,188,221,227,31;2,7,104,239,38;True;True;True;0.543000;0.543000;0.517400;0.513200;5;5;0.420186;0.596801
816;extraction_papers\ontocast_runs\run_500_more_20260721_105503\output\facts_6394f8527d9a.ttl;Fault feature extraction;18,229,17,27,190;18,229,70,190,27;True;True;True;0.510000;0.510000;0.508400;0.506600;4;5;0.519496;0.602419
817;extraction_papers\ontocast_runs\run_500_more_20260721_105503\output\facts_63ed91cb9eb9.ttl;Health assessment;7,177,173,188,239;7,227,221,193,38;True;True;True;0.513000;0.513000;0.510200;0.506000;4;5;0.497686;0.553210
818;extraction_papers\ontocast_runs\run_500_more_20260721_105503\output\facts_6472c99dc63a.ttl;Fault detection;20,175,98,245,218;20,218,44,34,33;True;True;True;0.514000;0.514000;0.513400;0.511000;5;5;0.461188;0.558946
819;extraction_papers\ontocast_runs\run_500_more_20260721_105503\output\facts_64825e9ef94b.ttl;Fault detection;200,195,166,167,230;200,44,230,34,33;True;True;True;0.503000;0.503000;0.501600;0.501400;4;5;0.477106;0.481180
820;extraction_papers\ontocast_runs\run_500_more_20260721_105503\output\facts_64ae74cefb26.ttl;Fault detection;42,41,44,43,46;42,209,34,44,41;True;True;True;0.524000;0.524000;0.524000;0.521000;5;5;0.296792;0.484741
821;extraction_papers\ontocast_runs\run_500_more_20260721_105503\output\facts_64d1c611c009.ttl;Fault detection;195,175,98,230,245;195,44,218,245,98;True;True;True;0.515000;0.515000;0.512000;0.509200;5;5;0.386154;0.563138
822;extraction_papers\ontocast_runs\run_500_more_20260721_105503\output\facts_64d436510543.ttl;Health assessment;31,38,239,213,221;31,213,239,221,104;True;True;True;0.577000;0.577000;0.577000;0.577000;5;5;0.562146;0.592777
823;extraction_papers\ontocast_runs\run_500_more_20260721_105503\output\facts_657a81fd8dcb.ttl;Health assessment;239,153,154,193,213;239,104,7,31,221;True;True;True;0.511000;0.511000;0.510800;0.508000;4;5;0.507345;0.590350
824;extraction_papers\ontocast_runs\run_500_more_20260721_105503\output\facts_65b89379753f.ttl;Fault detection;209,42,41,44,43;209,33,34,44,41;True;True;True;0.577000;0.577000;0.577000;0.577000;5;5;0.439411;0.485920
825;extraction_papers\ontocast_runs\run_500_more_20260721_105503\output\facts_68102015fd41.ttl;Remaining useful life estimation;197,59,58,60,256;197,75,256,226,60;True;True;True;0.515000;0.515000;0.513800;0.512000;5;5;0.558357;0.612228
826;extraction_papers\ontocast_runs\run_500_more_20260721_105503\output\facts_681179efc95d.ttl;Fault detection;215,42,41,44,43;215,211,209,44,34;True;True;True;0.518000;0.518000;0.515600;0.514800;5;5;0.395607;0.612159
827;extraction_papers\ontocast_runs\run_500_more_20260721_105503\output\facts_6849f7ba47df.ttl;Fault feature extraction;231,18,17,190,32;231,190,229,198,235;True;True;True;0.533000;0.533000;0.512400;0.509200;4;5;0.508291;0.602278
828;extraction_papers\ontocast_runs\run_500_more_20260721_105503\output\facts_68b711ea6ca7.ttl;Fault identification;210,48,50,49,212;210,48,247,212,216;True;True;True;0.529000;0.529000;0.529000;0.521800;5;5;0.587880;0.691685
829;extraction_papers\ontocast_runs\run_500_more_20260721_105503\output\facts_6910e322bb9c.ttl;Fault detection;209,42,41,44,43;209,33,34,44,41;True;True;True;0.707000;0.707000;0.707000;0.707000;5;5;0.439411;0.485920
830;extraction_papers\ontocast_runs\run_500_more_20260721_105503\output\facts_69957badf548.ttl;Remaining useful life estimation;147,148,149,225,107;147,197,208,155,92;True;True;True;0.518000;0.518000;0.516200;0.512600;5;5;0.330644;0.593702
831;extraction_papers\ontocast_runs\run_500_more_20260721_105503\output\facts_69a4cad7124b.ttl;Health assessment;2,239,213,153,154;2,7,104,239,38;True;True;True;0.513000;0.513000;0.509000;0.507200;4;5;0.474903;0.596801
832;extraction_papers\ontocast_runs\run_500_more_20260721_105503\output\facts_69a7f3c63dc9.ttl;Fault detection;200,166,167,19,20;200,215,166,211,19;True;True;True;0.512000;0.512000;0.506000;0.504800;3;5;0.433541;0.594013
833;extraction_papers\ontocast_runs\run_500_more_20260721_105503\output\facts_69ecad25d3d6.ttl;Remaining useful life estimation;35,37,36,28,30;35,36,115,37,30;True;True;True;0.529000;0.529000;0.529000;0.529000;4;5;0.268100;0.290129
834;extraction_papers\ontocast_runs\run_500_more_20260721_105503\output\facts_6a0d3357b87d.ttl;Fault detection;42,41,44,43,46;42,195,230,34,44;True;True;True;0.599000;0.599000;0.599000;0.599000;5;5;0.296792;0.493930
835;extraction_papers\ontocast_runs\run_500_more_20260721_105503\output\facts_6a1d05b721c3.ttl;Fault detection;209,42,41,44,43;209,33,34,44,41;True;True;True;0.707000;0.707000;0.707000;0.707000;5;5;0.439411;0.485920
836;extraction_papers\ontocast_runs\run_500_more_20260721_105503\output\facts_6a86c844c7f6.ttl;Remaining useful life estimation;256,226,59,58,60;256,223,208,59,52;True;True;True;0.503000;0.503000;0.501400;0.501000;5;5;0.507546;0.576288
837;extraction_papers\ontocast_runs\run_500_more_20260721_105503\output\facts_6aea3acabd6f.ttl;Fault detection;42,41,44,43,46;42,200,34,44,41;True;True;True;0.559000;0.559000;0.559000;0.552600;5;5;0.296792;0.463518
838;extraction_papers\ontocast_runs\run_500_more_20260721_105503\output\facts_6b72ada07f6f.ttl;Fault detection;200,230,42,41,44;200,44,230,34,33;True;True;True;0.614000;0.614000;0.607600;0.607600;5;5;0.511443;0.481180
839;extraction_papers\ontocast_runs\run_500_more_20260721_105503\output\facts_6d5d47efb24e.ttl;Health assessment;31,38,104,213,221;31,213,193,221,104;True;True;True;0.520000;0.520000;0.518000;0.515600;5;5;0.510601;0.580062
840;extraction_papers\ontocast_runs\run_500_more_20260721_105503\output\facts_6e4d55571d9a.ttl;Fault detection;215,195,175,218,245;215,195,166,218,20;True;True;True;0.604000;0.604000;0.598400;0.594800;5;5;0.519227;0.579757
841;extraction_papers\ontocast_runs\run_500_more_20260721_105503\output\facts_6e8a6c4c2a74.ttl;Remaining useful life estimation;181,107,108,59,58;181,22,107,59,8;True;True;True;0.614000;0.614000;0.534800;0.534400;4;5;0.390997;0.515721
842;extraction_papers\ontocast_runs\run_500_more_20260721_105503\output\facts_6fc5bb24b3e5.ttl;Fault feature extraction;229,231,70,32,253;229,18,70,190,235;True;True;True;0.517000;0.517000;0.511200;0.508000;5;5;0.438735;0.599411
843;extraction_papers\ontocast_runs\run_500_more_20260721_105503\output\facts_7061c33edf18.ttl;Health assessment;221,7,177,73,227;221,239,7,104,227;True;True;True;0.519000;0.519000;0.517400;0.513400;4;5;0.484431;0.610851
844;extraction_papers\ontocast_runs\run_500_more_20260721_105503\output\facts_706d6bd20b9d.ttl;Fault detection;245,20,195,218,175;245,211,166,209,175;True;True;True;0.517000;0.517000;0.513200;0.508200;5;5;0.463537;0.575834
845;extraction_papers\ontocast_runs\run_500_more_20260721_105503\output\facts_71c5769fa644.ttl;Remaining useful life estimation;234,232,233,15,14;234,122,249,128,16;True;True;True;0.775000;0.775000;0.775000;0.775000;4;5;0.318960;0.549456
846;extraction_papers\ontocast_runs\run_500_more_20260721_105503\output\facts_733c7b5e8831.ttl;Health assessment;31,38,239,213,221;31,213,239,221,104;True;True;True;0.707000;0.707000;0.707000;0.707000;5;5;0.562146;0.592777
847;extraction_papers\ontocast_runs\run_500_more_20260721_105503\output\facts_738e1930ab30.ttl;Fault detection;42,41,44,43,46;42,230,34,44,19;True;True;True;0.535000;0.535000;0.535000;0.529200;5;5;0.296792;0.461336
848;extraction_papers\ontocast_runs\run_500_more_20260721_105503\output\facts_73c284bfc8ab.ttl;Health assessment;173,31,38,227,104;173,104,188,193,38;True;True;True;0.612000;0.612000;0.598400;0.595800;5;5;0.489165;0.596016
849;extraction_papers\ontocast_runs\run_500_more_20260721_105503\output\facts_73c54a5c4d5f.ttl;Fault detection;195,215,98,20,230;195,215,166,218,20;True;True;True;0.515000;0.515000;0.512200;0.509600;5;5;0.435458;0.579757
850;extraction_papers\ontocast_runs\run_500_more_20260721_105503\output\facts_7405b3e5813c.ttl;Fault detection;209,42,41,44,43;209,33,34,44,41;True;True;True;0.577000;0.577000;0.577000;0.577000;5;5;0.439411;0.485920
851;extraction_papers\ontocast_runs\run_500_more_20260721_105503\output\facts_7504d81f814b.ttl;Remaining useful life estimation;237,222,184,75,74;237,8,222,184,75;True;True;True;0.571000;0.571000;0.553800;0.553200;5;5;0.423918;0.501814
852;extraction_papers\ontocast_runs\run_500_more_20260721_105503\output\facts_75385b6d0f0d.ttl;Health assessment;221,2,173,213,31;221,239,7,104,173;True;True;True;0.585000;0.585000;0.583400;0.582400;5;5;0.505746;0.613013
853;extraction_papers\ontocast_runs\run_500_more_20260721_105503\output\facts_75bd7cd1fa1e.ttl;Fault detection;215,20,245,209,211;215,211,209,44,47;True;True;True;0.519000;0.519000;0.513400;0.511800;5;5;0.522929;0.598143
854;extraction_papers\ontocast_runs\run_500_more_20260721_105503\output\facts_762d69194fa1.ttl;Health assessment;31,38,104,221,173;31,213,193,104,221;True;True;True;0.517000;0.517000;0.514200;0.511600;5;5;0.492775;0.580062
855;extraction_papers\ontocast_runs\run_500_more_20260721_105503\output\facts_763e0340d574.ttl;Fault detection;98,209,42,41,44;98,209,42,44,34;True;True;True;0.501000;0.501000;0.500200;0.500200;5;5;0.430744;0.451015
856;extraction_papers\ontocast_runs\run_500_more_20260721_105503\output\facts_7656df6082f0.ttl;Remaining useful life estimation;127,69,35,37,36;127,69,30,120,37;True;True;True;0.598000;0.598000;0.596200;0.596200;5;5;0.346054;0.354341
857;extraction_papers\ontocast_runs\run_500_more_20260721_105503\output\facts_769fe1d43616.ttl;Health assessment;7,177,73,213,31;7,227,104,221,193;True;True;True;0.529000;0.529000;0.521200;0.511800;4;5;0.483889;0.600430
858;extraction_papers\ontocast_runs\run_500_more_20260721_105503\output\facts_772a9799b691.ttl;Remaining useful life estimation;234,232,233,15,14;234,122,249,128,16;True;True;True;0.775000;0.775000;0.775000;0.775000;4;5;0.318960;0.549456
859;extraction_papers\ontocast_runs\run_500_more_20260721_105503\output\facts_7765cf2bc3b6.ttl;Health assessment;188,31,38,104,2;188,227,104,193,38;True;True;True;0.534000;0.534000;0.518400;0.516000;5;5;0.517649;0.595453
860;extraction_papers\ontocast_runs\run_500_more_20260721_105503\output\facts_7770841c9f5e.ttl;Fault detection;209,42,41,44,43;209,33,34,44,41;True;True;True;0.577000;0.577000;0.577000;0.577000;5;5;0.439411;0.485920
861;extraction_papers\ontocast_runs\run_500_more_20260721_105503\output\facts_782a4c403490.ttl;Fault detection;209,42,41,44,43;209,33,34,44,41;True;True;True;0.577000;0.577000;0.577000;0.577000;5;5;0.439411;0.485920
862;extraction_papers\ontocast_runs\run_500_more_20260721_105503\output\facts_78f523a95034.ttl;Fault detection;72,195,166,167,98;72,44,230,47,166;True;True;True;0.507000;0.507000;0.506400;0.505000;4;5;0.411445;0.444150
863;extraction_papers\ontocast_runs\run_500_more_20260721_105503\output\facts_7999991e5dda.ttl;Health assessment;31,38,239,213,221;31,213,239,221,104;True;True;True;0.577000;0.577000;0.577000;0.577000;5;5;0.562146;0.592777
864;extraction_papers\ontocast_runs\run_500_more_20260721_105503\output\facts_7a185cb42ae6.ttl;Fault detection;209,211,191,42,41;209,33,211,34,44;True;True;True;0.519000;0.519000;0.517000;0.516000;5;5;0.574954;0.576161
865;extraction_papers\ontocast_runs\run_500_more_20260721_105503\output\facts_7a267fff1eca.ttl;Health assessment;73,188,227,173,7;73,7,239,104,227;True;True;True;0.504000;0.504000;0.502800;0.502000;5;5;0.534823;0.596091
866;extraction_papers\ontocast_runs\run_500_more_20260721_105503\output\facts_7bbb2c9051f1.ttl;Fault detection;42,41,44,43,46;42,195,230,34,44;True;True;True;0.591000;0.591000;0.591000;0.591000;5;5;0.296792;0.493930
867;extraction_papers\ontocast_runs\run_500_more_20260721_105503\output\facts_7c6b6ba92bde.ttl;Fault detection;209,211,191,230,166;209,166,211,215,72;True;True;True;0.513000;0.513000;0.512600;0.511800;5;5;0.545410;0.601844
868;extraction_papers\ontocast_runs\run_500_more_20260721_105503\output\facts_7ca1103c5775.ttl;Fault identification;210,201,202,203,48;210,48,247,212,243;True;True;True;0.707000;0.707000;0.707000;0.707000;5;5;0.528089;0.659710
869;extraction_papers\ontocast_runs\run_500_more_20260721_105503\output\facts_7cdadd5c13a1.ttl;Health assessment;173,213,188,31,38;173,213,221,193,104;True;True;True;0.534000;0.534000;0.517200;0.514000;5;5;0.563436;0.609252
870;extraction_papers\ontocast_runs\run_500_more_20260721_105503\output\facts_7dada0ae49fa.ttl;Health assessment;227,31,38,104,173;227,213,221,193,104;True;True;True;0.522000;0.522000;0.516400;0.511400;5;5;0.489165;0.603224
871;extraction_papers\ontocast_runs\run_500_more_20260721_105503\output\facts_7deb509fc064.ttl;One step future state forecast;106,10,131,132,135;106,132,135,10,134;True;True;True;0.502000;0.502000;0.500400;0.500400;5;5;0.349074;0.365515
872;extraction_papers\ontocast_runs\run_500_more_20260721_105503\output\facts_7e3d97d3e0c5.ttl;Fault detection;209,42,41,44,43;209,33,34,44,41;True;True;True;0.577000;0.577000;0.577000;0.577000;5;5;0.439411;0.485920
873;extraction_papers\ontocast_runs\run_500_more_20260721_105503\output\facts_7e477a998e8e.ttl;Fault detection;72,195,200,209,211;72,44,211,230,209;True;True;True;0.595000;0.595000;0.589800;0.585400;5;5;0.341956;0.568703
874;extraction_papers\ontocast_runs\run_500_more_20260721_105503\output\facts_7ea70d27e9af.ttl;One step future state forecast;131,132,135,133,134;131,10,135,132,133;True;True;True;0.614000;0.614000;0.614000;0.607200;5;5;0.241913;0.328540
875;extraction_papers\ontocast_runs\run_500_more_20260721_105503\output\facts_7ec43972336f.ttl;Remaining useful life estimation;256,107,197,204,108;256,197,222,184,54;True;True;True;0.512000;0.512000;0.507600;0.506000;4;5;0.455133;0.593337
876;extraction_papers\ontocast_runs\run_500_more_20260721_105503\output\facts_7ed377e25cf3.ttl;Health assessment;31,38,104,188,221;31,213,193,221,104;True;True;True;0.513000;0.513000;0.512400;0.510400;5;5;0.476147;0.580062
877;extraction_papers\ontocast_runs\run_500_more_20260721_105503\output\facts_7ff57c0395ff.ttl;Fault detection;200,209,211,191,195;200,215,44,218,211;True;True;True;0.510000;0.510000;0.508800;0.505800;5;5;0.293443;0.620419
878;extraction_papers\ontocast_runs\run_500_more_20260721_105503\output\facts_8238cf65c01b.ttl;Fault detection;209,42,41,44,43;209,33,34,44,41;True;True;True;0.577000;0.577000;0.577000;0.577000;5;5;0.439411;0.485920
879;extraction_papers\ontocast_runs\run_500_more_20260721_105503\output\facts_827f8b267ef1.ttl;Fault detection;209,42,41,44,43;209,33,34,44,41;True;True;True;0.577000;0.577000;0.577000;0.577000;5;5;0.439411;0.485920
880;extraction_papers\ontocast_runs\run_500_more_20260721_105503\output\facts_82e5a75a103f.ttl;Health assessment;31,38,104,213,173;31,213,193,104,221;True;True;True;0.524000;0.524000;0.520800;0.516200;5;5;0.564764;0.580062
881;extraction_papers\ontocast_runs\run_500_more_20260721_105503\output\facts_82fd1fe5b2a5.ttl;Health assessment;73,213,227,31,38;73,7,239,104,227;True;True;True;0.600000;0.600000;0.594000;0.590000;5;5;0.502394;0.596091
882;extraction_papers\ontocast_runs\run_500_more_20260721_105503\output\facts_83356f554da2.ttl;Remaining useful life estimation;51,53,52,55,54;51,207,204,36,55;True;True;True;0.577000;0.577000;0.577000;0.577000;4;5;0.287092;0.541169
883;extraction_papers\ontocast_runs\run_500_more_20260721_105503\output\facts_842e98fc7ec5.ttl;Fault detection;72,20,230,175,42;72,44,230,47,41;True;True;True;0.511000;0.511000;0.509800;0.509600;5;5;0.380088;0.444942
884;extraction_papers\ontocast_runs\run_500_more_20260721_105503\output\facts_84ea853b0177.ttl;Health assessment;7,177,239,153,154;7,227,104,193,221;True;True;True;0.518000;0.518000;0.513800;0.509800;3;5;0.484085;0.600430
885;extraction_papers\ontocast_runs\run_500_more_20260721_105503\output\facts_84fae1bf66b6.ttl;Fault identification;255,203,216,189,201;255,216,247,210,176;True;True;True;0.632000;0.632000;0.593400;0.592400;5;5;0.614204;0.680451
886;extraction_papers\ontocast_runs\run_500_more_20260721_105503\output\facts_8556da6b4306.ttl;Fault detection;19,215,209,211,191;19,211,44,215,34;True;True;True;0.515000;0.515000;0.511000;0.510200;5;5;0.541273;0.588508
887;extraction_papers\ontocast_runs\run_500_more_20260721_105503\output\facts_8579d69b59e0.ttl;Remaining useful life estimation;51,53,52,55,54;51,207,204,36,55;True;True;True;0.577000;0.577000;0.577000;0.577000;4;5;0.287092;0.541169
888;extraction_papers\ontocast_runs\run_500_more_20260721_105503\output\facts_859d81e681ce.ttl;Fault detection;166,167,218,42,41;166,218,34,33,44;True;True;True;0.512000;0.512000;0.510200;0.509400;4;5;0.440266;0.520173
889;extraction_papers\ontocast_runs\run_500_more_20260721_105503\output\facts_867f2515f34e.ttl;Fault detection;245,230,195,218,215;245,195,41,218,34;True;True;True;0.521000;0.521000;0.516000;0.513800;5;5;0.453897;0.560471
890;extraction_papers\ontocast_runs\run_500_more_20260721_105503\output\facts_875ccca88ff4.ttl;Fault detection;42,41,44,43,46;42,72,230,44,34;True;True;True;0.521000;0.521000;0.521000;0.518200;5;5;0.296792;0.461937
891;extraction_papers\ontocast_runs\run_500_more_20260721_105503\output\facts_8797b8bf1374.ttl;Remaining useful life estimation;75,74,76,157,158;75,226,157,74,127;True;True;True;0.637000;0.637000;0.633400;0.619000;4;5;0.331360;0.471193
892;extraction_papers\ontocast_runs\run_500_more_20260721_105503\output\facts_887e1ebfa5a9.ttl;Fault detection;98,175,195,215,20;98,211,215,195,42;True;True;True;0.531000;0.531000;0.520800;0.518200;5;5;0.420731;0.577953
893;extraction_papers\ontocast_runs\run_500_more_20260721_105503\output\facts_8954f485e96f.ttl;Fault feature extraction;70,235,32,253,229;70,190,229,198,235;True;True;True;0.524000;0.524000;0.511200;0.510400;5;5;0.470928;0.605755
894;extraction_papers\ontocast_runs\run_500_more_20260721_105503\output\facts_8a07296e2377.ttl;Fault identification;216,203,189,243,244;216,247,243,203,13;True;True;True;0.523000;0.523000;0.519400;0.515800;4;5;0.515748;0.666977
895;extraction_papers\ontocast_runs\run_500_more_20260721_105503\output\facts_8a4694333078.ttl;Fault detection;175,218,245,42,41;175,218,29,245,43;True;True;True;0.535000;0.535000;0.515200;0.515200;5;5;0.541024;0.565064
896;extraction_papers\ontocast_runs\run_500_more_20260721_105503\output\facts_8ab0bb47722f.ttl;Fault detection;20,42,41,44,43;20,44,215,34,33;True;True;True;0.522000;0.522000;0.516400;0.516000;5;5;0.382882;0.492132
897;extraction_papers\ontocast_runs\run_500_more_20260721_105503\output\facts_8afb193ba5de.ttl;Health assessment;31,38,104,221,213;31,213,104,193,221;True;True;True;0.574000;0.574000;0.551600;0.539000;5;5;0.510601;0.580062
898;extraction_papers\ontocast_runs\run_500_more_20260721_105503\output\facts_8aff7c700bea.ttl;Fault detection;42,41,44,43,46;42,209,34,44,200;True;True;True;0.595000;0.595000;0.595000;0.592800;5;5;0.296792;0.520143
899;extraction_papers\ontocast_runs\run_500_more_20260721_105503\output\facts_8b1c5009d581.ttl;Health assessment;31,38,104,173,2;31,213,193,104,221;True;True;True;0.595000;0.595000;0.594600;0.589200;5;5;0.477592;0.580062
900;extraction_papers\ontocast_runs\run_500_more_20260721_105503\output\facts_8bd31c0c6ccf.ttl;Fault detection;195,72,215,230,218;195,44,218,215,34;True;True;True;0.515000;0.515000;0.507200;0.506600;5;5;0.506456;0.605637
901;extraction_papers\ontocast_runs\run_500_more_20260721_105503\output\facts_8c4e8fbd00bc.ttl;Remaining useful life estimation;263,262,207,208,256;263,22,256,75,74;True;True;True;0.594000;0.594000;0.556600;0.539600;4;5;0.344757;0.493834
902;extraction_papers\ontocast_runs\run_500_more_20260721_105503\output\facts_8ca814250b43.ttl;Health assessment;31,38,239,213,221;31,213,239,221,104;True;True;True;0.577000;0.577000;0.577000;0.577000;5;5;0.562146;0.592777
903;extraction_papers\ontocast_runs\run_500_more_20260721_105503\output\facts_8d343853ce22.ttl;Fault detection;42,41,44,43,46;42,209,215,34,44;True;True;True;0.524000;0.524000;0.524000;0.520800;5;5;0.296792;0.549987
904;extraction_papers\ontocast_runs\run_500_more_20260721_105503\output\facts_8d71edf312fc.ttl;Fault identification;203,189,252,210,48;203,50,210,216,189;True;True;True;0.604000;0.604000;0.597800;0.597400;5;5;0.551469;0.594404
905;extraction_papers\ontocast_runs\run_500_more_20260721_105503\output\facts_8e040136b26e.ttl;Fault detection;72,175,19,195,245;72,218,44,230,42;True;True;True;0.515000;0.515000;0.508600;0.504000;5;5;0.300607;0.572343
906;extraction_papers\ontocast_runs\run_500_more_20260721_105503\output\facts_8e62c1166a68.ttl;Health assessment;31,38,239,213,221;31,213,239,221,104;True;True;True;0.577000;0.577000;0.577000;0.577000;5;5;0.562146;0.592777
907;extraction_papers\ontocast_runs\run_500_more_20260721_105503\output\facts_8fc2745038d2.ttl;Fault detection;19,175,20,166,167;19,166,34,33,44;True;True;True;0.626000;0.626000;0.603000;0.596400;3;5;0.369380;0.438909
908;extraction_papers\ontocast_runs\run_500_more_20260721_105503\output\facts_90861cf02575.ttl;Fault detection;166,167,195,215,72;166,195,218,245,211;True;True;True;0.517000;0.517000;0.514800;0.511400;4;5;0.513880;0.592904
909;extraction_papers\ontocast_runs\run_500_more_20260721_105503\output\facts_91085f60b0ea.ttl;Fault detection;19,166,167,98,245;19,218,166,215,98;True;True;True;0.605000;0.605000;0.601200;0.597200;4;5;0.383938;0.524386
910;extraction_papers\ontocast_runs\run_500_more_20260721_105503\output\facts_9286c5caa92e.ttl;Remaining useful life estimation;51,53,52,55,54;51,207,204,36,55;True;True;True;0.577000;0.577000;0.577000;0.577000;4;5;0.287092;0.541169
911;extraction_papers\ontocast_runs\run_500_more_20260721_105503\output\facts_92a1902df0ec.ttl;Health assessment;73,221,31,38,104;73,7,239,104,227;True;True;True;0.517000;0.517000;0.511600;0.508600;5;5;0.410622;0.596091
912;extraction_papers\ontocast_runs\run_500_more_20260721_105503\output\facts_9309589ff542.ttl;Health assessment;239,153,154,193,221;239,104,7,31,221;True;True;True;0.517000;0.517000;0.515600;0.510600;4;5;0.435272;0.590350
913;extraction_papers\ontocast_runs\run_500_more_20260721_105503\output\facts_931d51203909.ttl;Fault feature extraction;32,253,198,17,229;32,190,198,229,235;True;True;True;0.564000;0.564000;0.545200;0.533000;5;5;0.545068;0.596786
914;extraction_papers\ontocast_runs\run_500_more_20260721_105503\output\facts_9438180390fb.ttl;Remaining useful life estimation;121,97,223,170,51;121,223,208,59,52;True;True;True;0.502000;0.502000;0.500800;0.500600;5;5;0.466500;0.575784
915;extraction_papers\ontocast_runs\run_500_more_20260721_105503\output\facts_969c6350bfb3.ttl;Fault detection;200,42,41,44,43;200,44,34,33,41;True;True;True;0.512000;0.512000;0.509600;0.509600;5;5;0.448759;0.461273
916;extraction_papers\ontocast_runs\run_500_more_20260721_105503\output\facts_98007434fd75.ttl;Health assessment;188,2,73,213,221;188,227,104,239,38;True;True;True;0.630000;0.630000;0.603400;0.595600;5;5;0.348547;0.602100
917;extraction_papers\ontocast_runs\run_500_more_20260721_105503\output\facts_9880f5c1429d.ttl;Fault detection;218,20,72,42,41;218,34,20,42,44;True;True;True;0.521000;0.521000;0.515000;0.514400;5;5;0.546788;0.561978
918;extraction_papers\ontocast_runs\run_500_more_20260721_105503\output\facts_9882abb08ff3.ttl;Fault detection;72,20,19,195,209;72,166,211,230,209;True;True;True;0.515000;0.515000;0.509400;0.507400;4;5;0.266821;0.575145
919;extraction_papers\ontocast_runs\run_500_more_20260721_105503\output\facts_988d676aa0b1.ttl;Remaining useful life estimation;35,37,36,28,30;35,36,115,37,30;True;True;True;0.574000;0.574000;0.574000;0.574000;4;5;0.268100;0.290129
920;extraction_papers\ontocast_runs\run_500_more_20260721_105503\output\facts_98ef33c2f4a5.ttl;Health assessment;227,31,38,221,104;227,213,221,193,104;True;True;True;0.513000;0.513000;0.509800;0.508600;5;5;0.486901;0.603224
921;extraction_papers\ontocast_runs\run_500_more_20260721_105503\output\facts_99585161f95f.ttl;Fault feature extraction;32,253,198,229,17;32,190,229,198,235;True;True;True;0.595000;0.595000;0.589800;0.586400;5;5;0.545068;0.596786
922;extraction_papers\ontocast_runs\run_500_more_20260721_105503\output\facts_99847612e6b2.ttl;Fault detection;42,41,44,43,46;42,20,34,44,166;True;True;True;0.624000;0.624000;0.624000;0.621600;5;5;0.296792;0.441435
923;extraction_papers\ontocast_runs\run_500_more_20260721_105503\output\facts_9c1944b4aefe.ttl;Fault detection;209,42,41,44,43;209,33,34,44,41;True;True;True;0.707000;0.707000;0.707000;0.707000;5;5;0.439411;0.485920
924;extraction_papers\ontocast_runs\run_500_more_20260721_105503\output\facts_9c600c980caa.ttl;Health assessment;239,153,154,193,221;239,104,153,193,188;True;True;True;0.659000;0.659000;0.633400;0.600000;4;5;0.435272;0.576981
925;extraction_papers\ontocast_runs\run_500_more_20260721_105503\output\facts_9ccfbe98c58a.ttl;Fault feature extraction;18,17,231,70,32;18,229,70,190,235;True;True;True;0.514000;0.514000;0.511000;0.509800;4;5;0.418920;0.599411
926;extraction_papers\ontocast_runs\run_500_more_20260721_105503\output\facts_9d2e6a424eba.ttl;Remaining useful life estimation;169,234,232,233,15;169,251,122,242,249;True;True;True;0.530000;0.530000;0.524400;0.524400;5;5;0.388943;0.582337
927;extraction_papers\ontocast_runs\run_500_more_20260721_105503\output\facts_9dc96976e0bf.ttl;Fault detection;230,19,72,195,166;230,41,72,44,166;True;True;True;0.598000;0.598000;0.595200;0.592000;5;5;0.439385;0.472270
928;extraction_papers\ontocast_runs\run_500_more_20260721_105503\output\facts_9f2f2c646b46.ttl;Fault identification;255,203,216,189,243;255,216,13,176,201;True;True;True;0.527000;0.527000;0.509800;0.507800;5;5;0.567721;0.631728
929;extraction_papers\ontocast_runs\run_500_more_20260721_105503\output\facts_9f312914c2a0.ttl;Remaining useful life estimation;121,204,8,178,237;121,223,222,184,237;True;True;True;0.612000;0.612000;0.601400;0.598000;4;5;0.462008;0.568347
930;extraction_papers\ontocast_runs\run_500_more_20260721_105503\output\facts_9f48c03765f1.ttl;Remaining useful life estimation;107,223,170,51,53;107,223,52,208,59;True;True;True;0.502000;0.502000;0.500600;0.500600;5;5;0.452612;0.565120
931;extraction_papers\ontocast_runs\run_500_more_20260721_105503\output\facts_9f5620430ceb.ttl;Fault detection;195,72,166,167,20;195,44,20,34,230;True;True;True;0.559000;0.559000;0.516800;0.515400;4;5;0.441118;0.471408
932;extraction_papers\ontocast_runs\run_500_more_20260721_105503\output\facts_9f5c1c6a6ea2.ttl;Fault detection;42,41,44,43,46;42,34,44,41,29;True;True;True;0.524000;0.524000;0.524000;0.524000;5;5;0.296792;0.352886
933;extraction_papers\ontocast_runs\run_500_more_20260721_105503\output\facts_a311a3312c4d.ttl;Fault detection;200,166,167,98,230;200,44,230,34,33;True;True;True;0.512000;0.512000;0.506800;0.505600;4;5;0.439524;0.481180
934;extraction_papers\ontocast_runs\run_500_more_20260721_105503\output\facts_a35c8ef58b3f.ttl;Fault identification;252,243,244,216,201;252,210,212,216,243;True;True;True;0.605000;0.605000;0.600400;0.594800;4;5;0.464233;0.602643
935;extraction_papers\ontocast_runs\run_500_more_20260721_105503\output\facts_a3d2f59384dd.ttl;Fault detection;209,42,41,44,43;209,33,34,44,41;True;True;True;0.577000;0.577000;0.577000;0.577000;5;5;0.439411;0.485920
936;extraction_papers\ontocast_runs\run_500_more_20260721_105503\output\facts_a4f2719d027c.ttl;Fault detection;72,19,20,166,167;72,166,215,211,209;True;True;True;0.609000;0.609000;0.599000;0.590800;3;5;0.372132;0.601844
937;extraction_papers\ontocast_runs\run_500_more_20260721_105503\output\facts_a5689e83b8a2.ttl;Health assessment;213,7,177,2,31;213,173,221,104,38;True;True;True;0.567000;0.567000;0.527200;0.524400;4;5;0.518783;0.563803
938;extraction_papers\ontocast_runs\run_500_more_20260721_105503\output\facts_a5cc7048679f.ttl;Health assessment;31,38,104,221,73;31,104,188,239,38;True;True;True;0.662000;0.662000;0.651200;0.635200;5;5;0.410622;0.574243
939;extraction_papers\ontocast_runs\run_500_more_20260721_105503\output\facts_a5ddb01d6eb2.ttl;Health assessment;221,188,31,38,104;221,239,7,104,31;True;True;True;0.525000;0.525000;0.516000;0.512400;5;5;0.476147;0.590350
940;extraction_papers\ontocast_runs\run_500_more_20260721_105503\output\facts_a6572a1be08e.ttl;Fault feature extraction;190,18,70,17,235;190,70,229,198,235;True;True;True;0.518000;0.518000;0.511600;0.507800;4;5;0.497984;0.605755
941;extraction_papers\ontocast_runs\run_500_more_20260721_105503\output\facts_a7852cb7191b.ttl;Remaining useful life estimation;170,51,53,52,55;170,208,204,55,54;True;True;True;0.500000;0.500000;0.500000;0.500000;4;5;0.313463;0.553044
942;extraction_papers\ontocast_runs\run_500_more_20260721_105503\output\facts_a7eb132d5868.ttl;Remaining useful life estimation;75,74,76,222,184;75,184,74,36,222;True;True;True;0.677000;0.677000;0.662200;0.650600;5;5;0.395374;0.455000
943;extraction_papers\ontocast_runs\run_500_more_20260721_105503\output\facts_a9337bbe2a13.ttl;Health assessment;7,177,213,2,239;7,2,104,239,213;True;True;True;0.518000;0.518000;0.515400;0.512600;4;5;0.519067;0.602250
944;extraction_papers\ontocast_runs\run_500_more_20260721_105503\output\facts_a93be7938bc2.ttl;Fault detection;42,41,44,43,46;42,34,44,41,29;True;True;True;0.546000;0.546000;0.546000;0.546000;5;5;0.296792;0.352886
945;extraction_papers\ontocast_runs\run_500_more_20260721_105503\output\facts_a94d0c8a8798.ttl;Fault identification;196,255,201,202,176;196,201,247,210,216;True;True;True;0.524000;0.524000;0.516200;0.513600;5;5;0.505382;0.700024
946;extraction_papers\ontocast_runs\run_500_more_20260721_105503\output\facts_aa6a012cb10f.ttl;Remaining useful life estimation;147,148,149,207,208;147,181,208,233,149;True;True;True;0.533000;0.533000;0.530600;0.526000;5;5;0.433087;0.581083
947;extraction_papers\ontocast_runs\run_500_more_20260721_105503\output\facts_aaf781ea0e83.ttl;Health assessment;31,38,104,188,221;31,213,239,221,104;True;True;True;0.600000;0.600000;0.600000;0.594200;5;5;0.476147;0.592777
948;extraction_papers\ontocast_runs\run_500_more_20260721_105503\output\facts_ab018cccbede.ttl;Remaining useful life estimation;92,127,226,69,222;92,184,69,127,222;True;True;True;0.540000;0.540000;0.521600;0.520800;5;5;0.476011;0.482531
949;extraction_papers\ontocast_runs\run_500_more_20260721_105503\output\facts_ab31ad4a214e.ttl;Health assessment;31,38,104,221,213;31,104,38,7,239;True;True;True;0.664000;0.664000;0.604200;0.601200;5;5;0.510601;0.571125
950;extraction_papers\ontocast_runs\run_500_more_20260721_105503\output\facts_ab655d0deb99.ttl;Fault identification;210,48,50,49,212;210,48,247,212,216;True;True;True;0.619000;0.619000;0.619000;0.606400;5;5;0.587880;0.691685
951;extraction_papers\ontocast_runs\run_500_more_20260721_105503\output\facts_ac0e1625c357.ttl;Fault detection;42,41,44,43,46;42,230,34,44,166;True;True;True;0.521000;0.521000;0.521000;0.518600;5;5;0.296792;0.428943
952;extraction_papers\ontocast_runs\run_500_more_20260721_105503\output\facts_ae9dc87e0fd9.ttl;Fault detection;215,72,42,41,44;215,34,42,44,72;True;True;True;0.518000;0.518000;0.511600;0.511600;5;5;0.484245;0.494471
953;extraction_papers\ontocast_runs\run_500_more_20260721_105503\output\facts_af573580f0c2.ttl;Fault detection;72,19,195,215,218;72,218,44,215,47;True;True;True;0.527000;0.527000;0.514400;0.510000;5;5;0.503996;0.565684
954;extraction_papers\ontocast_runs\run_500_more_20260721_105503\output\facts_b003cc83f20a.ttl;Health assessment;213,221,173,31,38;213,173,221,193,104;True;True;True;0.510000;0.510000;0.509600;0.508400;5;5;0.538306;0.609252
955;extraction_papers\ontocast_runs\run_500_more_20260721_105503\output\facts_b048b4785895.ttl;Health assessment;31,38,104,221,2;31,213,193,104,221;True;True;True;0.617000;0.617000;0.609800;0.604000;5;5;0.450892;0.580062
956;extraction_papers\ontocast_runs\run_500_more_20260721_105503\output\facts_b0ac984d6379.ttl;Fault detection;209,42,41,44,43;209,33,34,44,41;True;True;True;0.577000;0.577000;0.577000;0.577000;5;5;0.439411;0.485920
957;extraction_papers\ontocast_runs\run_500_more_20260721_105503\output\facts_b10df8385870.ttl;Fault detection;209,42,41,44,43;209,33,34,44,41;True;True;True;0.707000;0.707000;0.707000;0.707000;5;5;0.439411;0.485920
958;extraction_papers\ontocast_runs\run_500_more_20260721_105503\output\facts_b1d6bc1927e1.ttl;Fault detection;245,42,41,44,43;245,41,34,44,33;True;True;True;0.517000;0.517000;0.514600;0.514600;5;5;0.386541;0.421180
959;extraction_papers\ontocast_runs\run_500_more_20260721_105503\output\facts_b21144a02138.ttl;Health assessment;7,177,239,153,154;7,227,104,193,221;True;True;True;0.518000;0.518000;0.513800;0.509800;3;5;0.484085;0.600430
960;extraction_papers\ontocast_runs\run_500_more_20260721_105503\output\facts_b22872a789be.ttl;Fault detection;200,218,245,209,42;200,44,218,245,34;True;True;True;0.503000;0.503000;0.500800;0.500800;5;5;0.552409;0.569084
961;extraction_papers\ontocast_runs\run_500_more_20260721_105503\output\facts_b2cc70c112fa.ttl;Fault detection;20,195,230,42,41;20,44,195,34,230;True;True;True;0.622000;0.622000;0.605800;0.605800;5;5;0.506221;0.471408
962;extraction_papers\ontocast_runs\run_500_more_20260721_105503\output\facts_b302af5fff29.ttl;Fault detection;166,167,215,19,98;166,215,72,33,34;True;True;True;0.564000;0.564000;0.537000;0.525600;4;5;0.415009;0.484631
963;extraction_papers\ontocast_runs\run_500_more_20260721_105503\output\facts_b33f3fb85feb.ttl;Fault detection;42,41,44,43,46;42,72,44,34,41;True;True;True;0.620000;0.620000;0.620000;0.615400;5;5;0.296792;0.419318
964;extraction_papers\ontocast_runs\run_500_more_20260721_105503\output\facts_b3f3724aec97.ttl;One step future state forecast;131,132,106,10,135;131,10,135,132,133;True;True;True;0.577000;0.577000;0.577000;0.577000;5;5;0.349074;0.328540
965;extraction_papers\ontocast_runs\run_500_more_20260721_105503\output\facts_b4c6654ea536.ttl;Fault detection;209,211,191,19,166;209,166,211,215,200;True;True;True;0.619000;0.619000;0.618200;0.614000;5;5;0.560344;0.604495
966;extraction_papers\ontocast_runs\run_500_more_20260721_105503\output\facts_b66c9242982a.ttl;Fault detection;175,98,20,209,211;175,211,44,209,47;True;True;True;0.593000;0.593000;0.590200;0.588600;5;5;0.454341;0.552722
967;extraction_papers\ontocast_runs\run_500_more_20260721_105503\output\facts_b694087711e4.ttl;Fault feature extraction;231,27,229,32,17;231,190,229,198,235;True;True;True;0.503000;0.503000;0.501600;0.501000;5;5;0.522310;0.602278
968;extraction_papers\ontocast_runs\run_500_more_20260721_105503\output\facts_b7671164fd60.ttl;Fault detection;72,175,218,20,230;72,218,211,42,230;True;True;True;0.520000;0.520000;0.513000;0.510200;5;5;0.444415;0.609231
969;extraction_papers\ontocast_runs\run_500_more_20260721_105503\output\facts_b79e9093caec.ttl;Health assessment;239,153,154,193,73;239,104,7,73,173;True;True;True;0.533000;0.533000;0.529800;0.514600;4;5;0.389974;0.596148
970;extraction_papers\ontocast_runs\run_500_more_20260721_105503\output\facts_b7e494587813.ttl;Fault feature extraction;32,253,198,70,229;32,190,198,229,235;True;True;True;0.636000;0.636000;0.622200;0.608200;5;5;0.510420;0.596786
971;extraction_papers\ontocast_runs\run_500_more_20260721_105503\output\facts_b82c3cb47489.ttl;Fault detection;98,42,41,44,43;98,42,44,72,34;True;True;True;0.523000;0.523000;0.516600;0.516600;5;5;0.307648;0.392372
972;extraction_papers\ontocast_runs\run_500_more_20260721_105503\output\facts_b9d9070cdf5e.ttl;Health assessment;31,38,239,213,221;31,213,239,221,104;True;True;True;0.577000;0.577000;0.577000;0.577000;5;5;0.562146;0.592777
973;extraction_papers\ontocast_runs\run_500_more_20260721_105503\output\facts_ba7552ae09a5.ttl;Remaining useful life estimation;35,37,36,28,30;35,36,115,37,30;True;True;True;0.546000;0.546000;0.546000;0.546000;4;5;0.268100;0.290129
974;extraction_papers\ontocast_runs\run_500_more_20260721_105503\output\facts_ba9efeb3c285.ttl;Health assessment;31,38,104,73,221;31,213,193,104,221;True;True;True;0.524000;0.524000;0.519000;0.512800;5;5;0.410622;0.580062
975;extraction_papers\ontocast_runs\run_500_more_20260721_105503\output\facts_bb2621d7db2d.ttl;Fault detection;19,215,98,175,245;19,218,44,215,42;True;True;True;0.515000;0.515000;0.511600;0.508000;5;5;0.391893;0.545988
976;extraction_papers\ontocast_runs\run_500_more_20260721_105503\output\facts_bccfcf24e763.ttl;Health assessment;73,188,31,38,213;73,7,239,104,213;True;True;True;0.622000;0.622000;0.596800;0.593400;5;5;0.479865;0.576284
977;extraction_papers\ontocast_runs\run_500_more_20260721_105503\output\facts_bd4e72bcf334.ttl;Fault detection;166,167,20,215,19;166,218,200,215,20;True;True;True;0.519000;0.519000;0.515600;0.511600;3;5;0.421608;0.584033
978;extraction_papers\ontocast_runs\run_500_more_20260721_105503\output\facts_be94743e05d6.ttl;One step future state forecast;106,10,131,132,135;106,132,135,10,134;True;True;True;0.591000;0.591000;0.580600;0.580600;5;5;0.349074;0.365515
979;extraction_papers\ontocast_runs\run_500_more_20260721_105503\output\facts_bed905cc86c9.ttl;Fault detection;230,245,218,175,166;230,211,166,218,72;True;True;True;0.509000;0.509000;0.506400;0.505200;5;5;0.520024;0.607158
980;extraction_papers\ontocast_runs\run_500_more_20260721_105503\output\facts_bee43307504c.ttl;Fault detection;245,218,215,42,41;245,218,41,34,215;True;True;True;0.667000;0.667000;0.559000;0.559000;5;5;0.509076;0.526613
981;extraction_papers\ontocast_runs\run_500_more_20260721_105503\output\facts_bf01ee0b91ee.ttl;Health assessment;73,221,188,239,153;73,193,7,104,227;True;True;True;0.552000;0.552000;0.521600;0.516600;5;5;0.420940;0.593413
982;extraction_papers\ontocast_runs\run_500_more_20260721_105503\output\facts_bf052b3f88d3.ttl;Remaining useful life estimation;107,51,53,52,55;107,54,5,55,182;True;True;True;0.524000;0.524000;0.519200;0.519200;4;5;0.353673;0.460783
983;extraction_papers\ontocast_runs\run_500_more_20260721_105503\output\facts_c0866725e0d4.ttl;Fault detection;230,166,167,200,98;230,41,200,34,44;True;True;True;0.605000;0.605000;0.605000;0.600200;4;5;0.439524;0.485242
984;extraction_papers\ontocast_runs\run_500_more_20260721_105503\output\facts_c28682f68c21.ttl;Health assessment;221,173,31,38,104;221,239,7,104,173;True;True;True;0.606000;0.606000;0.594200;0.591000;5;5;0.492775;0.613013
985;extraction_papers\ontocast_runs\run_500_more_20260721_105503\output\facts_c3622e2f1fb9.ttl;Fault detection;42,41,44,43,46;42,209,211,34,44;True;True;True;0.645000;0.645000;0.645000;0.624200;5;5;0.296792;0.577508
986;extraction_papers\ontocast_runs\run_500_more_20260721_105503\output\facts_c39d5fbe9c9a.ttl;Remaining useful life estimation;35,37,36,28,30;35,36,115,37,30;True;True;True;0.546000;0.546000;0.546000;0.546000;4;5;0.268100;0.290129
987;extraction_papers\ontocast_runs\run_500_more_20260721_105503\output\facts_c44a689492fd.ttl;Health assessment;31,38,104,213,188;31,213,193,104,221;True;True;True;0.534000;0.534000;0.528800;0.522400;5;5;0.544251;0.580062
988;extraction_papers\ontocast_runs\run_500_more_20260721_105503\output\facts_c4a450408dd9.ttl;Remaining useful life estimation;107,97,234,232,233;107,122,250,128,233;True;True;True;0.502000;0.502000;0.501200;0.501200;5;5;0.358391;0.567903
989;extraction_papers\ontocast_runs\run_500_more_20260721_105503\output\facts_c4e7ffa6ee8d.ttl;Fault detection;20,19,72,209,211;20,211,44,215,42;True;True;True;0.589000;0.589000;0.585800;0.584200;4;5;0.410885;0.582696
990;extraction_papers\ontocast_runs\run_500_more_20260721_105503\output\facts_c5ee380d0d93.ttl;Remaining useful life estimation;226,59,58,60,197;226,60,58,197,22;True;True;True;0.546000;0.546000;0.539200;0.533600;5;5;0.532688;0.575536
991;extraction_papers\ontocast_runs\run_500_more_20260721_105503\output\facts_c5f16e3d788f.ttl;Fault detection;215,166,167,200,42;215,200,166,34,33;True;True;True;0.593000;0.593000;0.590000;0.589400;4;5;0.514610;0.534325
992;extraction_papers\ontocast_runs\run_500_more_20260721_105503\output\facts_c63f847b3dd8.ttl;Fault detection;230,72,42,41,44;230,41,72,44,34;True;True;True;0.517000;0.517000;0.507200;0.507200;5;5;0.474885;0.455584
993;extraction_papers\ontocast_runs\run_500_more_20260721_105503\output\facts_c656a6268582.ttl;Fault detection;20,166,167,42,41;20,166,34,33,44;True;True;True;0.518000;0.518000;0.516000;0.515000;4;5;0.369657;0.438909
994;extraction_papers\ontocast_runs\run_500_more_20260721_105503\output\facts_c68855388d77.ttl;Fault detection;175,98,20,209,211;175,211,44,209,47;True;True;True;0.593000;0.593000;0.590200;0.588600;5;5;0.454341;0.552722
995;extraction_papers\ontocast_runs\run_500_more_20260721_105503\output\facts_c72f38e97f3d.ttl;Fault detection;230,42,41,44,43;230,41,34,19,44;True;True;True;0.552000;0.552000;0.522400;0.522400;5;5;0.388385;0.458075
996;extraction_papers\ontocast_runs\run_500_more_20260721_105503\output\facts_c7a80b25b8d4.ttl;Fault detection;195,42,41,44,43;195,44,34,33,209;True;True;True;0.502000;0.502000;0.501200;0.501000;5;5;0.471342;0.535908
997;extraction_papers\ontocast_runs\run_500_more_20260721_105503\output\facts_c80f3e1918f5.ttl;Fault detection;200,98,175,245,20;200,215,44,218,211;True;True;True;0.603000;0.603000;0.596800;0.589200;5;5;0.359601;0.620419
998;extraction_papers\ontocast_runs\run_500_more_20260721_105503\output\facts_c8263fe309ca.ttl;Health assessment;213,31,38,104,188;213,173,221,193,104;True;True;True;0.510000;0.510000;0.509200;0.506000;5;5;0.544251;0.609252
999;extraction_papers\ontocast_runs\run_500_more_20260721_105503\output\facts_c8cbc84be15c.ttl;Fault detection;72,98,42,41,44;72,44,47,41,29;True;True;True;0.507000;0.507000;0.505000;0.504600;5;5;0.393320;0.392319
1000;extraction_papers\ontocast_runs\run_500_more_20260721_105503\output\facts_c8e92d608bd7.ttl;Fault detection;215,230,42,41,44;215,34,19,42,44;True;True;True;0.518000;0.518000;0.516000;0.515600;5;5;0.455213;0.496553
1001;extraction_papers\ontocast_runs\run_500_more_20260721_105503\output\facts_c8e972bc7e17.ttl;Health assessment;188,31,38,104,2;188,227,104,193,38;True;True;True;0.534000;0.534000;0.518400;0.516000;5;5;0.517649;0.595453
1002;extraction_papers\ontocast_runs\run_500_more_20260721_105503\output\facts_c99f6f132c7d.ttl;Remaining useful life estimation;35,37,36,28,30;35,36,115,37,30;True;True;True;0.664000;0.664000;0.664000;0.664000;4;5;0.268100;0.290129
1003;extraction_papers\ontocast_runs\run_500_more_20260721_105503\output\facts_c9fd6a77e380.ttl;Health assessment;239,153,154,193,73;239,104,7,73,173;True;True;True;0.615000;0.615000;0.611600;0.594200;4;5;0.389974;0.596148
1004;extraction_papers\ontocast_runs\run_500_more_20260721_105503\output\facts_cadda2082d0e.ttl;Fault detection;200,215,98,230,42;200,215,44,34,33;True;True;True;0.539000;0.539000;0.523400;0.521400;5;5;0.499868;0.534425
1005;extraction_papers\ontocast_runs\run_500_more_20260721_105503\output\facts_cb41414ff45b.ttl;Fault detection;166,167,200,72,245;166,218,200,245,211;True;True;True;0.514000;0.514000;0.514000;0.512400;4;5;0.483133;0.604726
1006;extraction_papers\ontocast_runs\run_500_more_20260721_105503\output\facts_cb60f865f2c9.ttl;Health assessment;31,38,104,173,227;31,213,193,104,173;True;True;True;0.515000;0.515000;0.512200;0.508400;5;5;0.489165;0.614987
1007;extraction_papers\ontocast_runs\run_500_more_20260721_105503\output\facts_cdb839ab2a34.ttl;Fault detection;200,230,42,41,44;200,44,230,34,19;True;True;True;0.512000;0.512000;0.509800;0.509800;5;5;0.511443;0.466303
1008;extraction_papers\ontocast_runs\run_500_more_20260721_105503\output\facts_cdc0b4f352bb.ttl;Fault detection;209,42,41,44,43;209,33,34,44,41;True;True;True;0.707000;0.707000;0.707000;0.707000;5;5;0.439411;0.485920
1009;extraction_papers\ontocast_runs\run_500_more_20260721_105503\output\facts_ce3b83abed23.ttl;Fault detection;218,245,209,211,215;218,34,211,215,209;True;True;True;0.590000;0.590000;0.587800;0.587400;5;5;0.541488;0.607177
1010;extraction_papers\ontocast_runs\run_500_more_20260721_105503\output\facts_cf1f5d2ba6da.ttl;Fault detection;230,166,167,175,72;230,211,166,72,218;True;True;True;0.514000;0.514000;0.514000;0.510200;4;5;0.425084;0.607158
1011;extraction_papers\ontocast_runs\run_500_more_20260721_105503\output\facts_cf4580bd02cb.ttl;Fault detection;209,42,41,44,43;209,33,34,44,41;True;True;True;0.577000;0.577000;0.577000;0.577000;5;5;0.439411;0.485920
1012;extraction_papers\ontocast_runs\run_500_more_20260721_105503\output\facts_d01fdfd7e505.ttl;Health assessment;213,31,38,227,104;213,173,221,193,104;True;True;True;0.539000;0.539000;0.519800;0.517800;5;5;0.559500;0.609252
1013;extraction_papers\ontocast_runs\run_500_more_20260721_105503\output\facts_d059b408e111.ttl;Fault detection;230,195,209,211,191;230,211,41,218,209;True;True;True;0.599000;0.599000;0.590800;0.587600;5;5;0.400372;0.591638
1014;extraction_papers\ontocast_runs\run_500_more_20260721_105503\output\facts_d0cf99a8d282.ttl;Fault detection;42,41,44,43,46;42,34,44,41,29;True;True;True;0.546000;0.546000;0.546000;0.546000;5;5;0.296792;0.352886
1015;extraction_papers\ontocast_runs\run_500_more_20260721_105503\output\facts_d2c7ac75036e.ttl;Fault detection;175,72,209,211,191;175,218,211,166,215;True;True;True;0.520000;0.520000;0.515200;0.512200;5;5;0.423424;0.617447
1016;extraction_papers\ontocast_runs\run_500_more_20260721_105503\output\facts_d2e5dfd67513.ttl;Fault detection;42,41,44,43,46;42,34,44,41,29;True;True;True;0.546000;0.546000;0.546000;0.546000;5;5;0.296792;0.352886
1017;extraction_papers\ontocast_runs\run_500_more_20260721_105503\output\facts_d38ecdfeaeef.ttl;Fault detection;209,42,41,44,43;209,33,34,44,41;True;True;True;0.707000;0.707000;0.707000;0.707000;5;5;0.439411;0.485920
1018;extraction_papers\ontocast_runs\run_500_more_20260721_105503\output\facts_d3b03bbd0128.ttl;Health assessment;31,38,104,221,227;31,213,193,221,104;True;True;True;0.515000;0.515000;0.513000;0.510000;5;5;0.486901;0.580062
1019;extraction_papers\ontocast_runs\run_500_more_20260721_105503\output\facts_d426846a60c4.ttl;Health assessment;7,177,221,213,73;7,227,221,193,38;True;True;True;0.532000;0.532000;0.518000;0.511000;4;5;0.431318;0.553210
1020;extraction_papers\ontocast_runs\run_500_more_20260721_105503\output\facts_d4a43c4ff34f.ttl;Remaining useful life estimation;107,256,197,22,21;107,197,22,208,256;True;True;True;0.532000;0.532000;0.512600;0.512200;5;5;0.532609;0.563014
1021;extraction_papers\ontocast_runs\run_500_more_20260721_105503\output\facts_d6163d30c72f.ttl;Fault detection;42,41,44,43,46;42,200,34,44,41;True;True;True;0.559000;0.559000;0.559000;0.552600;5;5;0.296792;0.463518
1022;extraction_papers\ontocast_runs\run_500_more_20260721_105503\output\facts_d7d13902a4c5.ttl;Health assessment;2,7,177,239,213;2,7,239,38,213;True;True;True;0.513000;0.513000;0.509800;0.508200;4;5;0.519067;0.578455
1023;extraction_papers\ontocast_runs\run_500_more_20260721_105503\output\facts_d804cd13ff79.ttl;Fault detection;19,215,166,167,72;19,211,218,166,215;True;True;True;0.664000;0.664000;0.547600;0.544800;4;5;0.457729;0.609716
1024;extraction_papers\ontocast_runs\run_500_more_20260721_105503\output\facts_d82d2b95ae91.ttl;Health assessment;73,213,227,31,38;73,7,239,104,227;True;True;True;0.517000;0.517000;0.511000;0.510000;5;5;0.502394;0.596091
1025;extraction_papers\ontocast_runs\run_500_more_20260721_105503\output\facts_d8eb1db857f6.ttl;Fault detection;72,19,166,167,20;72,166,33,34,44;True;True;True;0.625000;0.625000;0.599000;0.595800;3;5;0.372132;0.421099
1026;extraction_papers\ontocast_runs\run_500_more_20260721_105503\output\facts_d9be5c7ce28b.ttl;Health assessment;31,38,104,213,221;31,213,104,193,221;True;True;True;0.574000;0.574000;0.558400;0.545200;5;5;0.510601;0.580062
1027;extraction_papers\ontocast_runs\run_500_more_20260721_105503\output\facts_d9c8a28c6182.ttl;Fault detection;230,195,215,218,19;230,41,218,200,19;True;True;True;0.513000;0.513000;0.510200;0.507800;5;5;0.482175;0.541288
1028;extraction_papers\ontocast_runs\run_500_more_20260721_105503\output\facts_db0885e26c8c.ttl;Fault detection;245,98,72,209,211;245,211,41,209,72;True;True;True;0.597000;0.597000;0.592200;0.589200;5;5;0.508113;0.576570
1029;extraction_papers\ontocast_runs\run_500_more_20260721_105503\output\facts_db1f79e7e962.ttl;One step future state forecast;131,132,106,10,135;131,10,135,132,133;True;True;True;0.707000;0.707000;0.707000;0.707000;5;5;0.349074;0.328540
1030;extraction_papers\ontocast_runs\run_500_more_20260721_105503\output\facts_dbd84a4e60e3.ttl;Health assessment;2,239,227,153,154;2,7,104,239,38;True;True;True;0.593000;0.593000;0.592200;0.586800;4;5;0.323059;0.596801
1031;extraction_papers\ontocast_runs\run_500_more_20260721_105503\output\facts_dc80fc97c2ac.ttl;Fault feature extraction;231,18,17,190,32;231,190,229,198,235;True;True;True;0.533000;0.533000;0.512400;0.509200;4;5;0.508291;0.602278
1032;extraction_papers\ontocast_runs\run_500_more_20260721_105503\output\facts_dccb76a37d33.ttl;Health assessment;31,38,104,227,188;31,213,104,239,221;True;True;True;0.559000;0.559000;0.541400;0.527400;5;5;0.545430;0.592777
1033;extraction_papers\ontocast_runs\run_500_more_20260721_105503\output\facts_ded74c5c4816.ttl;Remaining useful life estimation;207,208,22,21,24;207,23,121,107,127;True;True;True;0.521000;0.521000;0.518600;0.515400;4;5;0.451346;0.489236
1034;extraction_papers\ontocast_runs\run_500_more_20260721_105503\output\facts_def36f8670c0.ttl;Fault detection;200,245,215,166,167;200,215,166,218,211;True;True;True;0.632000;0.632000;0.600000;0.598800;4;5;0.532857;0.619877
1035;extraction_papers\ontocast_runs\run_500_more_20260721_105503\output\facts_df04a14fe010.ttl;One step future state forecast;131,132,106,10,135;131,10,135,132,133;True;True;True;0.707000;0.707000;0.707000;0.707000;5;5;0.349074;0.328540
1036;extraction_papers\ontocast_runs\run_500_more_20260721_105503\output\facts_df24e041485e.ttl;Fault feature extraction;32,253,198,17,70;32,190,198,229,235;True;True;True;0.546000;0.546000;0.530800;0.520400;5;5;0.445912;0.596786
1037;extraction_papers\ontocast_runs\run_500_more_20260721_105503\output\facts_e049a7b635d8.ttl;Fault detection;209,211,191,175,98;209,33,211,175,44;True;True;True;0.595000;0.595000;0.592600;0.590600;5;5;0.468888;0.573964
1038;extraction_papers\ontocast_runs\run_500_more_20260721_105503\output\facts_e0867f5c7c21.ttl;Fault detection;230,195,42,41,44;230,41,195,34,44;True;True;True;0.589000;0.589000;0.584000;0.584000;5;5;0.520649;0.490353
1039;extraction_papers\ontocast_runs\run_500_more_20260721_105503\output\facts_e0f37b2abd9b.ttl;Health assessment;31,38,239,213,221;31,213,239,221,104;True;True;True;0.577000;0.577000;0.577000;0.577000;5;5;0.562146;0.592777
1040;extraction_papers\ontocast_runs\run_500_more_20260721_105503\output\facts_e147d0266de1.ttl;Fault detection;215,195,175,218,245;215,195,166,218,20;True;True;True;0.604000;0.604000;0.598400;0.594800;5;5;0.519227;0.579757
1041;extraction_papers\ontocast_runs\run_500_more_20260721_105503\output\facts_e15e43af9a53.ttl;Fault detection;230,200,215,98,42;230,41,200,34,44;True;True;True;0.598000;0.598000;0.587800;0.587000;5;5;0.499868;0.485242
1042;extraction_papers\ontocast_runs\run_500_more_20260721_105503\output\facts_e1bb0b3a326e.ttl;Health assessment;31,38,104,221,173;31,7,104,239,221;True;True;True;0.531000;0.531000;0.523800;0.518000;5;5;0.492775;0.590350
1043;extraction_papers\ontocast_runs\run_500_more_20260721_105503\output\facts_e1fbd2839a8f.ttl;Fault detection;200,215,19,166,167;200,215,166,218,19;True;True;True;0.534000;0.534000;0.519400;0.517600;4;5;0.521461;0.584033
1044;extraction_papers\ontocast_runs\run_500_more_20260721_105503\output\facts_e24dbd3f4270.ttl;Fault detection;215,166,167,72,209;215,200,166,218,211;True;True;True;0.598000;0.598000;0.590600;0.587800;4;5;0.528153;0.619877
1045;extraction_papers\ontocast_runs\run_500_more_20260721_105503\output\facts_e2e11d66f230.ttl;Fault detection;195,19,200,215,20;195,44,218,245,211;True;True;True;0.524000;0.524000;0.515400;0.510000;4;5;0.397340;0.600016
1046;extraction_papers\ontocast_runs\run_500_more_20260721_105503\output\facts_e4c6a92beaec.ttl;Fault detection;19,215,218,20,230;19,211,218,166,215;True;True;True;0.524000;0.524000;0.514600;0.512000;4;5;0.409008;0.609716
1047;extraction_papers\ontocast_runs\run_500_more_20260721_105503\output\facts_e57239423e97.ttl;Remaining useful life estimation;35,37,36,28,30;35,36,115,37,30;True;True;True;0.546000;0.546000;0.546000;0.546000;4;5;0.268100;0.290129
1048;extraction_papers\ontocast_runs\run_500_more_20260721_105503\output\facts_e63ca102b55f.ttl;Health assessment;221,31,38,104,188;221,239,7,104,31;True;True;True;0.614000;0.614000;0.592400;0.592000;5;5;0.476147;0.590350
1049;extraction_papers\ontocast_runs\run_500_more_20260721_105503\output\facts_e6992b804d17.ttl;Fault detection;218,98,245,19,230;218,175,211,44,230;True;True;True;0.517000;0.517000;0.511200;0.508800;5;5;0.425072;0.604679
1050;extraction_papers\ontocast_runs\run_500_more_20260721_105503\output\facts_e6a42e1b816c.ttl;One step future state forecast;106,131,132,135,133;106,132,135,10,134;True;True;True;0.587000;0.587000;0.584600;0.583800;5;5;0.299580;0.365515
1051;extraction_papers\ontocast_runs\run_500_more_20260721_105503\output\facts_e7586c5f3e90.ttl;Fault detection;209,42,41,44,43;209,33,34,44,41;True;True;True;0.577000;0.577000;0.577000;0.577000;5;5;0.439411;0.485920
1052;extraction_papers\ontocast_runs\run_500_more_20260721_105503\output\facts_e7dd5b3c1da8.ttl;Health assessment;239,153,154,193,188;239,104,188,31,153;True;True;True;0.539000;0.539000;0.537200;0.525600;4;5;0.438629;0.579152
1053;extraction_papers\ontocast_runs\run_500_more_20260721_105503\output\facts_e86db4320b62.ttl;Health assessment;7,177,227,31,38;7,227,104,221,193;True;True;True;0.598000;0.598000;0.594600;0.591600;4;5;0.500347;0.600430
1054;extraction_papers\ontocast_runs\run_500_more_20260721_105503\output\facts_e87842fbcb67.ttl;Fault detection;200,230,166,167,42;200,166,230,34,33;True;True;True;0.527000;0.527000;0.515800;0.515000;4;5;0.478214;0.482622
1055;extraction_papers\ontocast_runs\run_500_more_20260721_105503\output\facts_e8ae7f1e0a4d.ttl;Fault detection;215,42,41,44,43;215,195,44,34,33;True;True;True;0.598000;0.598000;0.595600;0.595600;5;5;0.395607;0.547430
1056;extraction_papers\ontocast_runs\run_500_more_20260721_105503\output\facts_e8c8a5c919af.ttl;Remaining useful life estimation;97,127,69,51,53;97,208,204,55,59;True;True;True;0.501000;0.501000;0.500600;0.500200;5;5;0.362545;0.568708
1057;extraction_papers\ontocast_runs\run_500_more_20260721_105503\output\facts_ea58497e74a2.ttl;Fault detection;200,166,167,19,72;200,166,230,19,47;True;True;True;0.609000;0.609000;0.601400;0.596800;4;5;0.435201;0.458982
1058;extraction_papers\ontocast_runs\run_500_more_20260721_105503\output\facts_ea94175ddfd5.ttl;Fault detection;195,19,20,72,166;195,44,215,19,211;True;True;True;0.527000;0.527000;0.517000;0.512200;4;5;0.377364;0.599209
1059;extraction_papers\ontocast_runs\run_500_more_20260721_105503\output\facts_ea99c14d2914.ttl;Remaining useful life estimation;51,53,52,55,54;51,126,108,55,3;True;True;True;0.614000;0.614000;0.614000;0.614000;4;5;0.287092;0.421903
1060;extraction_papers\ontocast_runs\run_500_more_20260721_105503\output\facts_eaa56f09ab61.ttl;Fault detection;200,230,72,209,211;200,44,230,211,34;True;True;True;0.512000;0.512000;0.508200;0.507200;5;5;0.456583;0.520430
1061;extraction_papers\ontocast_runs\run_500_more_20260721_105503\output\facts_eaf7d8f16fac.ttl;Fault feature extraction;229,32,253,198,231;229,18,70,190,235;True;True;True;0.504000;0.504000;0.503800;0.501800;5;5;0.515514;0.599411
1062;extraction_papers\ontocast_runs\run_500_more_20260721_105503\output\facts_ebed388f41ed.ttl;Fault detection;72,195,175,19,209;72,218,211,166,215;True;True;True;0.527000;0.527000;0.513200;0.508400;5;5;0.268429;0.616822
1063;extraction_papers\ontocast_runs\run_500_more_20260721_105503\output\facts_ec646a2507eb.ttl;Fault detection;42,41,44,43,46;42,34,44,41,29;True;True;True;0.546000;0.546000;0.546000;0.546000;5;5;0.296792;0.352886
1064;extraction_papers\ontocast_runs\run_500_more_20260721_105503\output\facts_ed1cdbe872df.ttl;Fault detection;72,215,19,218,20;72,218,166,211,230;True;True;True;0.609000;0.609000;0.587200;0.585400;4;5;0.437436;0.607158
1065;extraction_papers\ontocast_runs\run_500_more_20260721_105503\output\facts_ed2d565265fb.ttl;Health assessment;31,38,239,213,221;31,213,239,221,104;True;True;True;0.500000;0.500000;0.500000;0.500000;5;5;0.562146;0.592777
1066;extraction_papers\ontocast_runs\run_500_more_20260721_105503\output\facts_ede4e9db24aa.ttl;Remaining useful life estimation;22,21,24,23,26;22,208,107,68,21;True;True;True;0.559000;0.559000;0.559000;0.530200;3;5;0.166842;0.466123
1067;extraction_papers\ontocast_runs\run_500_more_20260721_105503\output\facts_edeaf0d7ae46.ttl;Multiple steps future state forecast;102,103,101,136,139;102,143,141,146,101;True;True;True;0.511000;0.511000;0.511000;0.511000;5;5;0.237380;0.324475
1068;extraction_papers\ontocast_runs\run_500_more_20260721_105503\output\facts_eeefdc27abf1.ttl;Health assessment;31,38,239,213,221;31,213,239,221,104;True;True;True;0.707000;0.707000;0.707000;0.707000;5;5;0.562146;0.592777
1069;extraction_papers\ontocast_runs\run_500_more_20260721_105503\output\facts_ef2959399ba1.ttl;Fault detection;245,42,41,44,43;245,41,34,44,33;True;True;True;0.510000;0.510000;0.510000;0.510000;5;5;0.386541;0.421180
1070;extraction_papers\ontocast_runs\run_500_more_20260721_105503\output\facts_f05c2f8974c2.ttl;Fault feature extraction;17,32,253,198,235;17,229,70,190,235;True;True;True;0.527000;0.527000;0.516600;0.513000;5;5;0.452377;0.599411
1071;extraction_papers\ontocast_runs\run_500_more_20260721_105503\output\facts_f2b10473f690.ttl;One step future state forecast;131,132,106,10,135;131,10,135,132,133;True;True;True;0.707000;0.707000;0.707000;0.707000;5;5;0.349074;0.328540
1072;extraction_papers\ontocast_runs\run_500_more_20260721_105503\output\facts_f2bc603e13fb.ttl;Health assessment;7,177,31,38,213;7,227,104,221,193;True;True;True;0.513000;0.513000;0.512400;0.508000;4;5;0.491449;0.600430
1073;extraction_papers\ontocast_runs\run_500_more_20260721_105503\output\facts_f46ccc885a23.ttl;Health assessment;73,7,177,31,38;73,7,239,104,227;True;True;True;0.510000;0.510000;0.505600;0.504800;4;5;0.456787;0.596091
1074;extraction_papers\ontocast_runs\run_500_more_20260721_105503\output\facts_f4e001ac1d13.ttl;Remaining useful life estimation;51,53,52,55,54;51,126,108,55,3;True;True;True;0.532000;0.532000;0.532000;0.532000;4;5;0.287092;0.421903
1075;extraction_papers\ontocast_runs\run_500_more_20260721_105503\output\facts_f5847eac6656.ttl;Fault detection;209,42,41,44,43;209,33,34,44,41;True;True;True;0.707000;0.707000;0.707000;0.707000;5;5;0.439411;0.485920
1076;extraction_papers\ontocast_runs\run_500_more_20260721_105503\output\facts_f5ac33f45024.ttl;One step future state forecast;131,132,135,133,134;131,10,135,132,133;True;True;True;0.587000;0.587000;0.587000;0.585800;5;5;0.241913;0.328540
1077;extraction_papers\ontocast_runs\run_500_more_20260721_105503\output\facts_f5c67c048340.ttl;Fault detection;209,42,41,44,43;209,33,34,44,41;True;True;True;0.707000;0.707000;0.707000;0.707000;5;5;0.439411;0.485920
1078;extraction_papers\ontocast_runs\run_500_more_20260721_105503\output\facts_f71d2b80cc05.ttl;Fault detection;42,41,44,43,46;42,215,34,44,41;True;True;True;0.536000;0.536000;0.536000;0.533400;5;5;0.296792;0.447706
1079;extraction_papers\ontocast_runs\run_500_more_20260721_105503\output\facts_f7d51d04d425.ttl;Fault detection;166,167,98,209,245;166,209,211,215,72;True;True;True;0.524000;0.524000;0.516800;0.513600;4;5;0.442362;0.601844
1080;extraction_papers\ontocast_runs\run_500_more_20260721_105503\output\facts_f7e7d9da6858.ttl;Fault detection;166,167,98,19,200;166,218,200,215,211;True;True;True;0.515000;0.515000;0.513000;0.509200;4;5;0.424642;0.619877
1081;extraction_papers\ontocast_runs\run_500_more_20260721_105503\output\facts_f8174a8087bb.ttl;Fault detection;98,42,41,44,43;98,42,44,166,34;True;True;True;0.523000;0.523000;0.515000;0.515000;5;5;0.307648;0.356252
1082;extraction_papers\ontocast_runs\run_500_more_20260721_105503\output\facts_f835ffdc4f12.ttl;Remaining useful life estimation;181,234,232,233,15;181,249,233,128,122;True;True;True;0.544000;0.544000;0.535200;0.535200;5;5;0.341788;0.562464
1083;extraction_papers\ontocast_runs\run_500_more_20260721_105503\output\facts_f869591ea2c6.ttl;Fault detection;98,218,245,166,167;98,218,200,245,42;True;True;True;0.594000;0.594000;0.590800;0.590000;4;5;0.479371;0.555928
1084;extraction_papers\ontocast_runs\run_500_more_20260721_105503\output\facts_f88ea939effa.ttl;Health assessment;213,73,31,38,104;213,227,221,104,38;True;True;True;0.622000;0.622000;0.609200;0.605400;5;5;0.495660;0.557284
1085;extraction_papers\ontocast_runs\run_500_more_20260721_105503\output\facts_f9248b9b0e78.ttl;Health assessment;73,221,188,239,153;73,193,7,104,227;True;True;True;0.552000;0.552000;0.521600;0.516600;5;5;0.420940;0.593413
1086;extraction_papers\ontocast_runs\run_500_more_20260721_105503\output\facts_f95680ba53dc.ttl;Remaining useful life estimation;234,232,233,15,14;234,122,249,128,16;True;True;True;0.621000;0.621000;0.621000;0.621000;4;5;0.318960;0.549456
1087;extraction_papers\ontocast_runs\run_500_more_20260721_105503\output\facts_fa4252c7bb84.ttl;Fault detection;166,167,215,19,20;166,215,19,34,33;True;True;True;0.526000;0.526000;0.521400;0.516800;3;5;0.421608;0.492128
1088;extraction_papers\ontocast_runs\run_500_more_20260721_105503\output\facts_fa795558aa10.ttl;Fault detection;42,41,44,43,46;42,200,34,44,41;True;True;True;0.645000;0.645000;0.645000;0.637800;5;5;0.296792;0.463518
1089;extraction_papers\ontocast_runs\run_500_more_20260721_105503\output\facts_fb08fbf53c80.ttl;Remaining useful life estimation;35,37,36,28,30;35,36,115,37,30;True;True;True;0.701000;0.701000;0.701000;0.701000;4;5;0.268100;0.290129
1090;extraction_papers\ontocast_runs\run_500_more_20260721_105503\output\facts_fbe2ab5fd0d9.ttl;Fault identification;210,201,202,203,48;210,48,247,212,243;True;True;True;0.707000;0.707000;0.707000;0.707000;5;5;0.528089;0.659710
1091;extraction_papers\ontocast_runs\run_500_more_20260721_105503\output\facts_fc0208cc411f.ttl;Fault detection;209,42,41,44,43;209,33,34,44,41;True;True;True;0.577000;0.577000;0.577000;0.577000;5;5;0.439411;0.485920
1092;extraction_papers\ontocast_runs\run_500_more_20260721_105503\output\facts_fc289f785b3b.ttl;Fault detection;218,209,42,41,44;218,34,19,42,44;True;True;True;0.500000;0.500000;0.500000;0.500000;5;5;0.547752;0.561978
1093;extraction_papers\ontocast_runs\run_500_more_20260721_105503\output\facts_fdd15faf2cbd.ttl;Fault detection;209,42,41,44,43;209,33,34,44,41;True;True;True;0.577000;0.577000;0.577000;0.577000;5;5;0.439411;0.485920
1094;extraction_papers\ontocast_runs\run_500_more_20260721_105503\output\facts_fefe415a3b8d.ttl;Fault detection;166,167,98,209,211;166,209,211,215,72;True;True;True;0.591000;0.591000;0.548400;0.531400;4;5;0.510220;0.601844
1095;extraction_papers\ontocast_runs\run_500_more_20260721_105503\output\facts_ff1f16a3d91e.ttl;Remaining useful life estimation;234,232,233,15,14;234,122,249,128,16;True;True;True;0.520000;0.520000;0.520000;0.520000;4;5;0.318960;0.549456
1096;extraction_papers\ontocast_runs\run_500_more_20260721_105503\output\facts_ff2e56662a40.ttl;Fault identification;252,203,189,243,244;252,189,212,210,243;True;True;True;0.546000;0.546000;0.523200;0.518600;4;5;0.463267;0.572689
1097;extraction_papers\ontocast_runs\run_500_more_20260721_105503\output\facts_ff3a1cbf129d.ttl;Fault detection;200,166,167,98,230;200,166,230,211,20;True;True;True;0.527000;0.527000;0.515200;0.512400;4;5;0.439524;0.548455
1098;extraction_papers\ontocast_runs\run_500_more_20260721_105503\output\facts_ff7525fd4cca.ttl;Fault detection;230,175,218,209,42;230,41,218,175,209;True;True;True;0.513000;0.513000;0.511000;0.511000;5;5;0.547513;0.556285
1099;extraction_papers\ontocast_runs\run_500_more_20260721_105503\output\facts_fff2e56e0195.ttl;Remaining useful life estimation;234,232,233,15,14;234,122,249,128,16;True;True;True;0.816000;0.816000;0.816000;0.816000;4;5;0.318960;0.549456
1100;extraction_papers\ontocast_runs\run_remaining_222_gpt-5.6-luna_20260723_010000\output\facts_01e57d818d7a.ttl;Remaining useful life estimation;68,67,170,223,222;68,223,184,55,170;True;True;True;0.502000;0.502000;0.501200;0.500800;4;5;0.446617;0.572980
1101;extraction_papers\ontocast_runs\run_remaining_222_gpt-5.6-luna_20260723_010000\output\facts_03448a4640f9.ttl;Fault detection;166,167,98,72,195;166,218,195,245,211;True;True;True;0.522000;0.522000;0.514800;0.511400;4;5;0.411445;0.592904
1102;extraction_papers\ontocast_runs\run_remaining_222_gpt-5.6-luna_20260723_010000\output\facts_03747957117e.ttl;Fault detection;200,166,167,98,230;200,166,230,34,33;True;True;True;0.527000;0.527000;0.522600;0.519400;4;5;0.439524;0.482622
1103;extraction_papers\ontocast_runs\run_remaining_222_gpt-5.6-luna_20260723_010000\output\facts_03843da573ac.ttl;Fault identification;252,255,243,244,210;252,210,212,216,255;True;True;True;0.515000;0.515000;0.507600;0.507200;4;5;0.459268;0.628691
1104;extraction_papers\ontocast_runs\run_remaining_222_gpt-5.6-luna_20260723_010000\output\facts_039472e41e58.ttl;Fault identification;252,203,189,243,244;252,189,212,13,243;True;True;True;0.546000;0.546000;0.519200;0.515400;4;5;0.463267;0.566167
1105;extraction_papers\ontocast_runs\run_remaining_222_gpt-5.6-luna_20260723_010000\output\facts_072c701e1aec.ttl;Fault detection;215,72,218,42,41;215,34,218,42,72;True;True;True;0.523000;0.523000;0.514400;0.514400;5;5;0.569684;0.582031
1106;extraction_papers\ontocast_runs\run_remaining_222_gpt-5.6-luna_20260723_010000\output\facts_07874aec4c9e.ttl;Fault detection;42,41,44,43,46;42,215,34,44,166;True;True;True;0.527000;0.527000;0.527000;0.524600;5;5;0.296792;0.457796
1107;extraction_papers\ontocast_runs\run_remaining_222_gpt-5.6-luna_20260723_010000\output\facts_092c3cae5ff0.ttl;Fault identification;252,203,189,243,244;252,189,212,13,243;True;True;True;0.546000;0.546000;0.519200;0.515400;4;5;0.463267;0.566167
1108;extraction_papers\ontocast_runs\run_remaining_222_gpt-5.6-luna_20260723_010000\output\facts_098048959648.ttl;Fault detection;42,41,44,43,46;42,209,211,34,44;True;True;True;0.534000;0.534000;0.534000;0.532000;5;5;0.296792;0.577508
1109;extraction_papers\ontocast_runs\run_remaining_222_gpt-5.6-luna_20260723_010000\output\facts_0af55af5ffa3.ttl;Fault detection;20,230,195,245,175;20,211,218,44,215;True;True;True;0.515000;0.515000;0.511600;0.506800;5;5;0.353107;0.610162
1110;extraction_papers\ontocast_runs\run_remaining_222_gpt-5.6-luna_20260723_010000\output\facts_0b4edaadbf5f.ttl;Fault detection;72,19,166,167,20;72,218,166,230,42;True;True;True;0.524000;0.524000;0.515400;0.510600;3;5;0.372132;0.574557
1111;extraction_papers\ontocast_runs\run_remaining_222_gpt-5.6-luna_20260723_010000\output\facts_0c5f1728e109.ttl;Fault detection;72,195,19,175,215;72,215,44,46,42;True;True;True;0.527000;0.527000;0.520800;0.509000;5;5;0.355833;0.472333
1112;extraction_papers\ontocast_runs\run_remaining_222_gpt-5.6-luna_20260723_010000\output\facts_0c6ece871905.ttl;Remaining useful life estimation;234,232,233,15,14;234,122,249,128,16;True;True;True;0.543000;0.543000;0.543000;0.543000;4;5;0.318960;0.549456
1113;extraction_papers\ontocast_runs\run_remaining_222_gpt-5.6-luna_20260723_010000\output\facts_0f4e2fa7b7d4.ttl;Fault identification;238,13,246,247,201;238,247,50,13,243;True;True;True;0.514000;0.514000;0.513400;0.512400;5;5;0.641447;0.659560
1114;extraction_papers\ontocast_runs\run_remaining_222_gpt-5.6-luna_20260723_010000\output\facts_1351d583d04f.ttl;One step future state forecast;131,132,106,10,135;131,10,135,132,133;True;True;True;0.707000;0.707000;0.707000;0.707000;5;5;0.349074;0.328540
1115;extraction_papers\ontocast_runs\run_remaining_222_gpt-5.6-luna_20260723_010000\output\facts_137a8efdcb9b.ttl;Remaining useful life estimation;181,234,232,233,15;181,249,233,128,122;True;True;True;0.544000;0.544000;0.535200;0.535200;5;5;0.341788;0.562464
1116;extraction_papers\ontocast_runs\run_remaining_222_gpt-5.6-luna_20260723_010000\output\facts_14a88b82d86a.ttl;Fault detection;42,41,44,43,46;42,34,44,41,29;True;True;True;0.546000;0.546000;0.546000;0.546000;5;5;0.296792;0.352886
1117;extraction_papers\ontocast_runs\run_remaining_222_gpt-5.6-luna_20260723_010000\output\facts_181b67b38202.ttl;Fault detection;166,167,98,42,41;166,34,98,42,44;True;True;True;0.655000;0.655000;0.585200;0.559000;4;5;0.285635;0.356252
1118;extraction_papers\ontocast_runs\run_remaining_222_gpt-5.6-luna_20260723_010000\output\facts_19cfd06d6ac9.ttl;Fault feature extraction;32,253,198,235,17;32,190,198,229,235;True;True;True;0.574000;0.574000;0.550200;0.537200;5;5;0.452377;0.596786
1119;extraction_papers\ontocast_runs\run_remaining_222_gpt-5.6-luna_20260723_010000\output\facts_1a25874fd12b.ttl;Fault detection;98,20,215,166,167;98,215,42,44,166;True;True;True;0.511000;0.511000;0.508600;0.507800;4;5;0.415009;0.418647
1120;extraction_papers\ontocast_runs\run_remaining_222_gpt-5.6-luna_20260723_010000\output\facts_1a4b59adbc4e.ttl;Fault feature extraction;27,18,70,229,235;27,190,229,235,198;True;True;True;0.514000;0.514000;0.509600;0.507000;5;5;0.535366;0.583231
1121;extraction_papers\ontocast_runs\run_remaining_222_gpt-5.6-luna_20260723_010000\output\facts_1b66d6d835e9.ttl;Remaining useful life estimation;59,58,60,35,37;59,60,120,30,36;True;True;True;0.540000;0.540000;0.536800;0.535200;5;5;0.364496;0.433045
1122;extraction_papers\ontocast_runs\run_remaining_222_gpt-5.6-luna_20260723_010000\output\facts_1b86996a0a8b.ttl;Remaining useful life estimation;234,232,233,15,14;234,122,249,128,16;True;True;True;0.689000;0.689000;0.689000;0.689000;4;5;0.318960;0.549456
1123;extraction_papers\ontocast_runs\run_remaining_222_gpt-5.6-luna_20260723_010000\output\facts_1baa6cf968b4.ttl;Health assessment;31,38,104,221,213;31,104,38,7,239;True;True;True;0.664000;0.664000;0.604200;0.601200;5;5;0.510601;0.571125
1124;extraction_papers\ontocast_runs\run_remaining_222_gpt-5.6-luna_20260723_010000\output\facts_1c03a0b7ff5f.ttl;Fault identification;201,202,176,252,13;201,247,13,203,216;True;True;True;0.509000;0.509000;0.508800;0.507200;5;5;0.489800;0.694491
1125;extraction_papers\ontocast_runs\run_remaining_222_gpt-5.6-luna_20260723_010000\output\facts_1c6cc49c9a71.ttl;Health assessment;188,239,153,154,193;188,227,193,38,7;True;True;True;0.543000;0.543000;0.527000;0.518200;4;5;0.438629;0.555493
1126;extraction_papers\ontocast_runs\run_remaining_222_gpt-5.6-luna_20260723_010000\output\facts_1da826f0c28c.ttl;Fault identification;252,203,189,243,244;252,189,212,13,243;True;True;True;0.534000;0.534000;0.516800;0.513000;4;5;0.463267;0.566167
1127;extraction_papers\ontocast_runs\run_remaining_222_gpt-5.6-luna_20260723_010000\output\facts_1fe295632fa4.ttl;Fault detection;166,167,98,42,41;166,34,98,167,42;True;True;True;0.756000;0.756000;0.675600;0.675600;4;4;0.285635;0.323785
1128;extraction_papers\ontocast_runs\run_remaining_222_gpt-5.6-luna_20260723_010000\output\facts_20236381df42.ttl;Health assessment;31,38,104,227,73;31,213,239,104,221;True;True;True;0.546000;0.546000;0.531600;0.520600;5;5;0.457332;0.592777
1129;extraction_papers\ontocast_runs\run_remaining_222_gpt-5.6-luna_20260723_010000\output\facts_21b856a11c67.ttl;Fault detection;98,20,230,200,209;98,218,211,215,200;True;True;True;0.523000;0.523000;0.512400;0.510800;5;5;0.367910;0.594953
1130;extraction_papers\ontocast_runs\run_remaining_222_gpt-5.6-luna_20260723_010000\output\facts_22703794e4e5.ttl;Fault detection;42,41,44,43,46;42,200,34,44,41;True;True;True;0.559000;0.559000;0.559000;0.552600;5;5;0.296792;0.463518
1131;extraction_papers\ontocast_runs\run_remaining_222_gpt-5.6-luna_20260723_010000\output\facts_24142cf4e073.ttl;Fault detection;72,19,166,167,20;72,166,33,34,44;True;True;True;0.625000;0.625000;0.599000;0.595800;3;5;0.372132;0.421099
1132;extraction_papers\ontocast_runs\run_remaining_222_gpt-5.6-luna_20260723_010000\output\facts_242c68d37e3d.ttl;Health assessment;31,38,104,73,221;31,213,193,104,221;True;True;True;0.595000;0.595000;0.591800;0.587800;5;5;0.410622;0.580062
1133;extraction_papers\ontocast_runs\run_remaining_222_gpt-5.6-luna_20260723_010000\output\facts_253959a56087.ttl;Fault detection;42,41,44,43,46;42,218,200,215,34;True;True;True;0.524000;0.524000;0.524000;0.517000;5;5;0.296792;0.599444
1134;extraction_papers\ontocast_runs\run_remaining_222_gpt-5.6-luna_20260723_010000\output\facts_277681d7635d.ttl;Remaining useful life estimation;226,59,58,60,127;226,60,69,55,127;True;True;True;0.664000;0.664000;0.603800;0.584600;5;5;0.464700;0.575651
1135;extraction_papers\ontocast_runs\run_remaining_222_gpt-5.6-luna_20260723_010000\output\facts_286a7fd89b9f.ttl;Fault detection;166,167,98,200,20;166,200,230,34,20;True;True;True;0.513000;0.513000;0.511400;0.507800;4;5;0.424642;0.467939
1136;extraction_papers\ontocast_runs\run_remaining_222_gpt-5.6-luna_20260723_010000\output\facts_29d7341cc46f.ttl;Fault detection;215,166,167,72,209;215,200,166,218,211;True;True;True;0.518000;0.518000;0.511400;0.509000;4;5;0.528153;0.619877
1137;extraction_papers\ontocast_runs\run_remaining_222_gpt-5.6-luna_20260723_010000\output\facts_2a85d1bfbdef.ttl;Fault detection;166,167,245,175,215;166,215,175,245,33;True;True;True;0.519000;0.519000;0.516400;0.515000;4;5;0.467550;0.484701
1138;extraction_papers\ontocast_runs\run_remaining_222_gpt-5.6-luna_20260723_010000\output\facts_2b20d0bd7e6a.ttl;Fault detection;98,42,41,44,43;98,42,44,72,34;True;True;True;0.523000;0.523000;0.516600;0.516600;5;5;0.307648;0.392372
1139;extraction_papers\ontocast_runs\run_remaining_222_gpt-5.6-luna_20260723_010000\output\facts_2c16787ac9e0.ttl;Remaining useful life estimation;35,37,36,28,30;35,36,115,37,30;True;True;True;0.546000;0.546000;0.546000;0.546000;4;5;0.268100;0.290129
1140;extraction_papers\ontocast_runs\run_remaining_222_gpt-5.6-luna_20260723_010000\output\facts_2d670524aef8.ttl;Fault detection;215,42,41,44,43;215,34,19,42,44;True;True;True;0.509000;0.509000;0.509000;0.509000;5;5;0.395607;0.496553
1141;extraction_papers\ontocast_runs\run_remaining_222_gpt-5.6-luna_20260723_010000\output\facts_2f30ee3e2632.ttl;Fault identification;216,196,201,202,176;216,255,247,13,176;True;True;True;0.523000;0.523000;0.520800;0.516000;5;5;0.523643;0.680473
1142;extraction_papers\ontocast_runs\run_remaining_222_gpt-5.6-luna_20260723_010000\output\facts_31387fedf847.ttl;Remaining useful life estimation;75,74,76,68,67;75,204,184,74,97;True;True;True;0.567000;0.567000;0.551000;0.541000;4;5;0.265305;0.532720
1143;extraction_papers\ontocast_runs\run_remaining_222_gpt-5.6-luna_20260723_010000\output\facts_32514aec473d.ttl;Fault detection;42,41,44,43,46;42,19,34,44,41;True;True;True;0.523000;0.523000;0.523000;0.521000;5;5;0.296792;0.432974
1144;extraction_papers\ontocast_runs\run_remaining_222_gpt-5.6-luna_20260723_010000\output\facts_32cdd644a2e6.ttl;Fault detection;42,41,44,43,46;42,200,34,19,44;True;True;True;0.524000;0.524000;0.524000;0.519800;5;5;0.296792;0.488710
1145;extraction_papers\ontocast_runs\run_remaining_222_gpt-5.6-luna_20260723_010000\output\facts_33bf865229ab.ttl;Fault detection;166,167,98,42,41;166,34,98,42,44;True;True;True;0.655000;0.655000;0.585200;0.559000;4;5;0.285635;0.356252
1146;extraction_papers\ontocast_runs\run_remaining_222_gpt-5.6-luna_20260723_010000\output\facts_33f467285044.ttl;Fault detection;42,41,44,43,46;42,200,215,34,44;True;True;True;0.534000;0.534000;0.534000;0.525200;5;5;0.296792;0.540124
1147;extraction_papers\ontocast_runs\run_remaining_222_gpt-5.6-luna_20260723_010000\output\facts_33fbece269a0.ttl;Fault identification;238,13,246,210,48;238,247,49,176,212;True;True;True;0.543000;0.543000;0.516600;0.515400;5;5;0.501659;0.666791
1148;extraction_papers\ontocast_runs\run_remaining_222_gpt-5.6-luna_20260723_010000\output\facts_3528fd45c52a.ttl;Health assessment;31,38,104,213,239;31,213,193,104,221;True;True;True;0.524000;0.524000;0.521200;0.517600;5;5;0.587605;0.580062
1149;extraction_papers\ontocast_runs\run_remaining_222_gpt-5.6-luna_20260723_010000\output\facts_38c6ea0ea119.ttl;Health assessment;213,227,31,38,239;213,173,221,193,104;True;True;True;0.512000;0.512000;0.510200;0.509600;5;5;0.568971;0.609252
1150;extraction_papers\ontocast_runs\run_remaining_222_gpt-5.6-luna_20260723_010000\output\facts_3ba067a41b30.ttl;Fault detection;195,215,230,218,200;195,215,44,218,20;True;True;True;0.527000;0.527000;0.516400;0.513600;5;5;0.491327;0.584261
1151;extraction_papers\ontocast_runs\run_remaining_222_gpt-5.6-luna_20260723_010000\output\facts_3c1ddd7c81fe.ttl;Fault detection;215,230,98,195,175;215,195,44,218,20;True;True;True;0.529000;0.529000;0.521200;0.516400;5;5;0.443535;0.584261
1152;extraction_papers\ontocast_runs\run_remaining_222_gpt-5.6-luna_20260723_010000\output\facts_3e2178a00e50.ttl;Fault detection;42,41,44,43,46;42,215,19,34,44;True;True;True;0.517000;0.517000;0.517000;0.515000;5;5;0.296792;0.496553
1153;extraction_papers\ontocast_runs\run_remaining_222_gpt-5.6-luna_20260723_010000\output\facts_3e8e5fa6233e.ttl;Fault detection;42,41,44,43,46;42,200,34,44,166;True;True;True;0.514000;0.514000;0.514000;0.514000;5;5;0.296792;0.470919
1154;extraction_papers\ontocast_runs\run_remaining_222_gpt-5.6-luna_20260723_010000\output\facts_409c55e04b54.ttl;Health assessment;73,2,188,31,38;73,7,239,104,227;True;True;True;0.598000;0.598000;0.591400;0.585600;5;5;0.388057;0.596091
1155;extraction_papers\ontocast_runs\run_remaining_222_gpt-5.6-luna_20260723_010000\output\facts_41b573abff6d.ttl;Remaining useful life estimation;107,35,37,36,28;107,35,36,115,37;True;True;True;0.601000;0.601000;0.532200;0.532200;4;5;0.372069;0.391432
1156;extraction_papers\ontocast_runs\run_remaining_222_gpt-5.6-luna_20260723_010000\output\facts_440d76ac7160.ttl;Health assessment;31,38,104,173,239;31,213,193,104,221;True;True;True;0.517000;0.517000;0.514800;0.512200;5;5;0.541754;0.580062
1157;extraction_papers\ontocast_runs\run_remaining_222_gpt-5.6-luna_20260723_010000\output\facts_452b398e371f.ttl;Fault detection;42,41,44,43,46;42,200,19,34,44;True;True;True;0.521000;0.521000;0.521000;0.519800;5;5;0.296792;0.488710
1158;extraction_papers\ontocast_runs\run_remaining_222_gpt-5.6-luna_20260723_010000\output\facts_47ccb7197b1f.ttl;One step future state forecast;131,132,106,10,135;131,10,135,132,133;True;True;True;0.577000;0.577000;0.577000;0.577000;5;5;0.349074;0.328540
1159;extraction_papers\ontocast_runs\run_remaining_222_gpt-5.6-luna_20260723_010000\output\facts_482dd37c6a86.ttl;Health assessment;173,7,177,221,239;173,213,221,193,7;True;True;True;0.515000;0.515000;0.508600;0.507000;4;5;0.537390;0.592810
1160;extraction_papers\ontocast_runs\run_remaining_222_gpt-5.6-luna_20260723_010000\output\facts_4869fc39c639.ttl;Health assessment;2,31,38,239,104;2,7,104,239,38;True;True;True;0.518000;0.518000;0.512400;0.511600;5;5;0.535555;0.596801
1161;extraction_papers\ontocast_runs\run_remaining_222_gpt-5.6-luna_20260723_010000\output\facts_48810fde4054.ttl;Health assessment;239,153,154,193,221;239,221,7,153,38;True;True;True;0.543000;0.543000;0.540600;0.526000;4;5;0.435272;0.543577
1162;extraction_papers\ontocast_runs\run_remaining_222_gpt-5.6-luna_20260723_010000\output\facts_4a8e14b8cdd3.ttl;Fault detection;230,166,167,20,215;230,211,41,72,218;True;True;True;0.517000;0.517000;0.512400;0.506200;4;5;0.440830;0.607472
1163;extraction_papers\ontocast_runs\run_remaining_222_gpt-5.6-luna_20260723_010000\output\facts_4d9acadccc67.ttl;Fault identification;247,238,252,13,246;247,238,49,176,13;True;True;True;0.515000;0.515000;0.511800;0.510200;5;5;0.584575;0.681337
1164;extraction_papers\ontocast_runs\run_remaining_222_gpt-5.6-luna_20260723_010000\output\facts_50a1e18460c8.ttl;Remaining useful life estimation;170,59,58,60,35;170,60,30,112,59;True;True;True;0.513000;0.513000;0.510600;0.510600;5;5;0.386301;0.429687
1165;extraction_papers\ontocast_runs\run_remaining_222_gpt-5.6-luna_20260723_010000\output\facts_50da3c79d8ac.ttl;Health assessment;173,2,7,177,31;173,213,221,193,104;True;True;True;0.510000;0.510000;0.508400;0.506600;4;5;0.514165;0.609252
1166;extraction_papers\ontocast_runs\run_remaining_222_gpt-5.6-luna_20260723_010000\output\facts_53448c2aae37.ttl;Remaining useful life estimation;75,74,76,157,158;75,226,157,74,127;True;True;True;0.552000;0.552000;0.548800;0.536000;4;5;0.331360;0.471193
1167;extraction_papers\ontocast_runs\run_remaining_222_gpt-5.6-luna_20260723_010000\output\facts_55219e83c51c.ttl;Fault detection;42,41,44,43,46;42,34,44,41,29;True;True;True;0.546000;0.546000;0.546000;0.546000;5;5;0.296792;0.352886
1168;extraction_papers\ontocast_runs\run_remaining_222_gpt-5.6-luna_20260723_010000\output\facts_566d79f640d4.ttl;Fault feature extraction;32,253,198,17,70;32,190,198,229,253;True;True;True;0.681000;0.681000;0.646000;0.644000;5;5;0.445912;0.607961
1169;extraction_papers\ontocast_runs\run_remaining_222_gpt-5.6-luna_20260723_010000\output\facts_57c2c60f0151.ttl;Fault detection;20,166,167,98,19;20,166,34,33,98;True;True;True;0.522000;0.522000;0.520600;0.517200;3;5;0.339131;0.397244
1170;extraction_papers\ontocast_runs\run_remaining_222_gpt-5.6-luna_20260723_010000\output\facts_5a974c9e2724.ttl;Health assessment;213,221,188,7,177;213,173,221,193,104;True;True;True;0.609000;0.609000;0.591800;0.589800;4;5;0.376011;0.609252
1171;extraction_papers\ontocast_runs\run_remaining_222_gpt-5.6-luna_20260723_010000\output\facts_5c72dd41f880.ttl;Fault identification;210,201,202,203,48;210,48,247,212,243;True;True;True;0.577000;0.577000;0.577000;0.577000;5;5;0.528089;0.659710
1172;extraction_papers\ontocast_runs\run_remaining_222_gpt-5.6-luna_20260723_010000\output\facts_5db748fcdacf.ttl;Fault identification;203,189,201,202,176;203,201,210,189,243;True;True;True;0.523000;0.523000;0.514600;0.513800;5;5;0.555323;0.580025
1173;extraction_papers\ontocast_runs\run_remaining_222_gpt-5.6-luna_20260723_010000\output\facts_5dd9c7a4e0b1.ttl;Fault feature extraction;32,253,198,70,17;32,190,198,229,235;True;True;True;0.574000;0.574000;0.552200;0.535400;5;5;0.445912;0.596786
1174;extraction_papers\ontocast_runs\run_remaining_222_gpt-5.6-luna_20260723_010000\output\facts_5e5dffc0405c.ttl;Fault detection;98,42,41,44,43;98,42,44,34,41;True;True;True;0.536000;0.536000;0.534400;0.534400;5;5;0.307648;0.351074
1175;extraction_papers\ontocast_runs\run_remaining_222_gpt-5.6-luna_20260723_010000\output\facts_5ea2c4b65fc0.ttl;Remaining useful life estimation;234,232,233,15,14;234,122,249,128,16;True;True;True;0.591000;0.591000;0.591000;0.591000;4;5;0.318960;0.549456
1176;extraction_papers\ontocast_runs\run_remaining_222_gpt-5.6-luna_20260723_010000\output\facts_602809aa5df4.ttl;One step future state forecast;131,132,135,133,134;131,10,135,132,133;True;True;True;0.586000;0.586000;0.586000;0.585000;5;5;0.241913;0.328540
1177;extraction_papers\ontocast_runs\run_remaining_222_gpt-5.6-luna_20260723_010000\output\facts_610c2c043112.ttl;Fault identification;216,203,189,210,48;216,247,203,210,201;True;True;True;0.529000;0.529000;0.517800;0.515800;5;5;0.592772;0.692341
1178;extraction_papers\ontocast_runs\run_remaining_222_gpt-5.6-luna_20260723_010000\output\facts_638e55510273.ttl;Fault detection;195,19,42,41,44;195,44,19,34,33;True;True;True;0.625000;0.625000;0.603000;0.603000;5;5;0.518461;0.502327
1179;extraction_papers\ontocast_runs\run_remaining_222_gpt-5.6-luna_20260723_010000\output\facts_63cfb09326c6.ttl;Fault detection;215,19,200,20,175;215,200,166,19,42;True;True;True;0.506000;0.506000;0.503400;0.503000;4;5;0.356883;0.543566
1180;extraction_papers\ontocast_runs\run_remaining_222_gpt-5.6-luna_20260723_010000\output\facts_63d81f44a5a8.ttl;Fault detection;42,41,44,43,46;42,200,34,44,166;True;True;True;0.530000;0.530000;0.530000;0.530000;5;5;0.296792;0.470919
1181;extraction_papers\ontocast_runs\run_remaining_222_gpt-5.6-luna_20260723_010000\output\facts_63ee7d0a864e.ttl;Remaining useful life estimation;121,127,69,172,169;121,60,69,226,52;True;True;True;0.519000;0.519000;0.517400;0.514200;5;5;0.416327;0.582203
1182;extraction_papers\ontocast_runs\run_remaining_222_gpt-5.6-luna_20260723_010000\output\facts_644c5c2bc5e8.ttl;Fault detection;98,42,41,44,43;98,42,44,34,41;True;True;True;0.536000;0.536000;0.534400;0.534400;5;5;0.307648;0.351074
1183;extraction_papers\ontocast_runs\run_remaining_222_gpt-5.6-luna_20260723_010000\output\facts_64e27135ed29.ttl;Fault detection;230,215,195,218,245;230,211,166,218,72;True;True;True;0.552000;0.552000;0.523000;0.518400;5;5;0.453897;0.607158
1184;extraction_papers\ontocast_runs\run_remaining_222_gpt-5.6-luna_20260723_010000\output\facts_65932973d86a.ttl;Fault feature extraction;70,18,190,32,253;70,190,229,198,235;True;True;True;0.524000;0.524000;0.512200;0.510400;5;5;0.541475;0.605755
1185;extraction_papers\ontocast_runs\run_remaining_222_gpt-5.6-luna_20260723_010000\output\facts_672e62c2debc.ttl;Fault detection;195,230,42,41,44;195,44,230,34,20;True;True;True;0.600000;0.600000;0.596600;0.596600;5;5;0.520649;0.471408
1186;extraction_papers\ontocast_runs\run_remaining_222_gpt-5.6-luna_20260723_010000\output\facts_67da28787783.ttl;Remaining useful life estimation;204,181,107,127,69;204,69,256,127,107;True;True;True;0.523000;0.523000;0.519000;0.517400;5;5;0.553406;0.531716
1187;extraction_papers\ontocast_runs\run_remaining_222_gpt-5.6-luna_20260723_010000\output\facts_67eacbaef38c.ttl;Fault detection;19,72,215,200,175;19,211,218,166,215;True;True;True;0.524000;0.524000;0.515400;0.511200;5;5;0.346343;0.609716
1188;extraction_papers\ontocast_runs\run_remaining_222_gpt-5.6-luna_20260723_010000\output\facts_696621ed84be.ttl;Health assessment;31,38,239,213,221;31,213,239,221,104;True;True;True;0.500000;0.500000;0.500000;0.500000;5;5;0.562146;0.592777
1189;extraction_papers\ontocast_runs\run_remaining_222_gpt-5.6-luna_20260723_010000\output\facts_6969dc93b9bb.ttl;Fault detection;19,245,215,209,211;19,211,44,215,47;True;True;True;0.512000;0.512000;0.511200;0.509200;5;5;0.522929;0.570492
1190;extraction_papers\ontocast_runs\run_remaining_222_gpt-5.6-luna_20260723_010000\output\facts_6b2d7c4fe78f.ttl;Health assessment;31,38,227,104,7;31,213,193,221,104;True;True;True;0.513000;0.513000;0.513000;0.510600;5;5;0.543393;0.580062
1191;extraction_papers\ontocast_runs\run_remaining_222_gpt-5.6-luna_20260723_010000\output\facts_6ce9869fc1da.ttl;Health assessment;31,38,104,7,177;31,213,239,104,221;True;True;True;0.605000;0.605000;0.602200;0.592400;4;5;0.495385;0.592777
1192;extraction_papers\ontocast_runs\run_remaining_222_gpt-5.6-luna_20260723_010000\output\facts_6d52613b3619.ttl;Fault detection;98,209,42,41,44;98,209,42,44,34;True;True;True;0.501000;0.501000;0.500200;0.500200;5;5;0.430744;0.451015
1193;extraction_papers\ontocast_runs\run_remaining_222_gpt-5.6-luna_20260723_010000\output\facts_7024c526be02.ttl;Fault detection;166,167,98,218,209;166,218,200,245,211;True;True;True;0.536000;0.536000;0.525200;0.515600;4;5;0.500226;0.604726
1194;extraction_papers\ontocast_runs\run_remaining_222_gpt-5.6-luna_20260723_010000\output\facts_70d54bc7cf1c.ttl;Fault detection;72,215,209,211,191;72,218,44,211,230;True;True;True;0.525000;0.525000;0.513000;0.509800;5;5;0.532761;0.606431
1195;extraction_papers\ontocast_runs\run_remaining_222_gpt-5.6-luna_20260723_010000\output\facts_70eda5da7729.ttl;Fault detection;72,19,195,215,218;72,218,44,215,47;True;True;True;0.527000;0.527000;0.514400;0.510000;5;5;0.503996;0.565684
1196;extraction_papers\ontocast_runs\run_remaining_222_gpt-5.6-luna_20260723_010000\output\facts_73edceab6847.ttl;Fault detection;209,211,191,218,42;209,33,211,218,34;True;True;True;0.500000;0.500000;0.500000;0.500000;5;5;0.568585;0.620632
1197;extraction_papers\ontocast_runs\run_remaining_222_gpt-5.6-luna_20260723_010000\output\facts_76a7d852c8c9.ttl;Fault detection;245,72,218,19,20;245,195,41,218,44;True;True;True;0.517000;0.517000;0.513000;0.510600;4;5;0.400202;0.598128
1198;extraction_papers\ontocast_runs\run_remaining_222_gpt-5.6-luna_20260723_010000\output\facts_781f5eb358bd.ttl;Fault feature extraction;235,18,32,17,253;235,190,229,27,198;True;True;True;0.521000;0.521000;0.512600;0.507400;4;5;0.425937;0.583231
1199;extraction_papers\ontocast_runs\run_remaining_222_gpt-5.6-luna_20260723_010000\output\facts_784c635b412d.ttl;Remaining useful life estimation;51,53,52,55,54;51,126,55,3,4;True;True;True;0.522000;0.522000;0.522000;0.522000;4;5;0.287092;0.403388
1200;extraction_papers\ontocast_runs\run_remaining_222_gpt-5.6-luna_20260723_010000\output\facts_785ddb1ecc01.ttl;Fault detection;200,98,20,166,167;200,215,166,20,211;True;True;True;0.527000;0.527000;0.518200;0.514600;4;5;0.424642;0.594013
1201;extraction_papers\ontocast_runs\run_remaining_222_gpt-5.6-luna_20260723_010000\output\facts_789d4e223de6.ttl;Fault detection;230,245,218,215,42;230,41,218,34,44;True;True;True;0.508000;0.508000;0.506600;0.505800;5;5;0.451979;0.529535
1202;extraction_papers\ontocast_runs\run_remaining_222_gpt-5.6-luna_20260723_010000\output\facts_7936a6d31e36.ttl;Remaining useful life estimation;59,58,60,207,208;59,207,60,35,36;True;True;True;0.518000;0.518000;0.518000;0.518000;5;5;0.494935;0.540990
1203;extraction_papers\ontocast_runs\run_remaining_222_gpt-5.6-luna_20260723_010000\output\facts_7ac79f3ecde7.ttl;Fault identification;216,13,246,210,48;216,212,13,48,243;True;True;True;0.520000;0.520000;0.516400;0.514800;5;5;0.564037;0.621656
1204;extraction_papers\ontocast_runs\run_remaining_222_gpt-5.6-luna_20260723_010000\output\facts_7ba7791cad36.ttl;Fault identification;216,252,243,244,238;216,247,243,192,210;True;True;True;0.519000;0.519000;0.512200;0.509400;4;5;0.478541;0.667260
1205;extraction_papers\ontocast_runs\run_remaining_222_gpt-5.6-luna_20260723_010000\output\facts_7d3afcd0b143.ttl;Health assessment;239,153,154,193,73;239,104,7,73,173;True;True;True;0.533000;0.533000;0.529800;0.514600;4;5;0.389974;0.596148
1206;extraction_papers\ontocast_runs\run_remaining_222_gpt-5.6-luna_20260723_010000\output\facts_7d68dca0a95a.ttl;Remaining useful life estimation;108,51,53,52,55;108,54,5,55,182;True;True;True;0.527000;0.527000;0.519800;0.519800;4;5;0.353673;0.460783
1207;extraction_papers\ontocast_runs\run_remaining_222_gpt-5.6-luna_20260723_010000\output\facts_7ee90e1dd3f8.ttl;Fault detection;209,42,41,44,43;209,33,34,44,41;True;True;True;0.577000;0.577000;0.577000;0.577000;5;5;0.439411;0.485920
1208;extraction_papers\ontocast_runs\run_remaining_222_gpt-5.6-luna_20260723_010000\output\facts_7f3c33d3130b.ttl;Fault identification;255,196,243,244,203;255,216,247,13,176;True;True;True;0.527000;0.527000;0.515200;0.508200;4;5;0.389495;0.680473
1209;extraction_papers\ontocast_runs\run_remaining_222_gpt-5.6-luna_20260723_010000\output\facts_80160046114f.ttl;Fault feature extraction;231,27,18,70,229;231,190,229,198,27;True;True;True;0.511000;0.511000;0.506600;0.505400;5;5;0.526950;0.608120
1210;extraction_papers\ontocast_runs\run_remaining_222_gpt-5.6-luna_20260723_010000\output\facts_836811d75aa5.ttl;Remaining useful life estimation;181,234,232,233,15;181,249,233,128,122;True;True;True;0.628000;0.628000;0.617600;0.617600;5;5;0.341788;0.562464
1211;extraction_papers\ontocast_runs\run_remaining_222_gpt-5.6-luna_20260723_010000\output\facts_842d44f1a21a.ttl;Fault identification;13,246,196,201,202;13,247,202,212,246;True;True;True;0.517000;0.517000;0.512600;0.511200;5;5;0.559230;0.667002
1212;extraction_papers\ontocast_runs\run_remaining_222_gpt-5.6-luna_20260723_010000\output\facts_84f585c6cda9.ttl;One step future state forecast;10,131,132,135,133;10,134,132,106,135;True;True;True;0.505000;0.505000;0.504200;0.503400;5;5;0.328540;0.365515
1213;extraction_papers\ontocast_runs\run_remaining_222_gpt-5.6-luna_20260723_010000\output\facts_8851ad1ea301.ttl;Fault detection;215,175,245,166,167;215,200,166,218,211;True;True;True;0.509000;0.509000;0.508400;0.507400;4;5;0.467550;0.619877
1214;extraction_papers\ontocast_runs\run_remaining_222_gpt-5.6-luna_20260723_010000\output\facts_8871ed407bd4.ttl;Fault detection;209,211,191,20,42;209,33,211,34,44;True;True;True;0.522000;0.522000;0.519200;0.516600;5;5;0.556165;0.576161
1215;extraction_papers\ontocast_runs\run_remaining_222_gpt-5.6-luna_20260723_010000\output\facts_8895eba68552.ttl;Fault detection;215,200,245,20,230;215,200,166,218,20;True;True;True;0.593000;0.593000;0.590000;0.588000;5;5;0.409425;0.584033
1216;extraction_papers\ontocast_runs\run_remaining_222_gpt-5.6-luna_20260723_010000\output\facts_8931a2f90142.ttl;Fault detection;72,195,175,200,20;72,44,47,41,42;True;True;True;0.527000;0.527000;0.515600;0.512600;5;5;0.195714;0.394361
1217;extraction_papers\ontocast_runs\run_remaining_222_gpt-5.6-luna_20260723_010000\output\facts_89721bc0ca3e.ttl;Fault detection;209,42,41,44,43;209,33,34,44,41;True;True;True;0.500000;0.500000;0.500000;0.500000;5;5;0.439411;0.485920
1218;extraction_papers\ontocast_runs\run_remaining_222_gpt-5.6-luna_20260723_010000\output\facts_89e5b0acb912.ttl;Fault detection;72,19,215,98,20;72,218,166,211,215;True;True;True;0.527000;0.527000;0.512000;0.508200;4;5;0.335307;0.616822
1219;extraction_papers\ontocast_runs\run_remaining_222_gpt-5.6-luna_20260723_010000\output\facts_8a066beed2f1.ttl;Health assessment;213,188,173,31,38;213,173,221,193,104;True;True;True;0.523000;0.523000;0.517400;0.514800;5;5;0.563436;0.609252
1220;extraction_papers\ontocast_runs\run_remaining_222_gpt-5.6-luna_20260723_010000\output\facts_8ac5db464e7a.ttl;Health assessment;73,221,239,153,154;73,193,7,227,213;True;True;True;0.510000;0.510000;0.506800;0.505600;4;5;0.377272;0.582272
1221;extraction_papers\ontocast_runs\run_remaining_222_gpt-5.6-luna_20260723_010000\output\facts_8efd958c9afa.ttl;Fault identification;252,203,189,243,244;252,189,212,13,243;True;True;True;0.546000;0.546000;0.519200;0.515400;4;5;0.463267;0.566167
1222;extraction_papers\ontocast_runs\run_remaining_222_gpt-5.6-luna_20260723_010000\output\facts_8fccbcfb2463.ttl;Remaining useful life estimation;22,21,24,23,26;22,197,107,263,69;True;True;True;0.523000;0.523000;0.523000;0.515400;3;5;0.166842;0.584517
1223;extraction_papers\ontocast_runs\run_remaining_222_gpt-5.6-luna_20260723_010000\output\facts_90157d8ccfad.ttl;Fault detection;72,19,195,215,218;72,218,44,215,47;True;True;True;0.527000;0.527000;0.514400;0.510000;5;5;0.503996;0.565684
1224;extraction_papers\ontocast_runs\run_remaining_222_gpt-5.6-luna_20260723_010000\output\facts_9087a6154225.ttl;Fault identification;255,201,202,176,210;255,216,247,210,176;True;True;True;0.544000;0.544000;0.519000;0.516000;5;5;0.567260;0.680451
1225;extraction_papers\ontocast_runs\run_remaining_222_gpt-5.6-luna_20260723_010000\output\facts_90a09225d19d.ttl;Remaining useful life estimation;147,148,149,234,232;147,15,242,128,149;True;True;True;0.542000;0.542000;0.538800;0.537200;5;5;0.289295;0.533374
1226;extraction_papers\ontocast_runs\run_remaining_222_gpt-5.6-luna_20260723_010000\output\facts_90a74f6cecdf.ttl;Fault detection;72,98,42,41,44;72,44,47,41,29;True;True;True;0.515000;0.515000;0.511000;0.510200;5;5;0.393320;0.392319
1227;extraction_papers\ontocast_runs\run_remaining_222_gpt-5.6-luna_20260723_010000\output\facts_92925fcec6f7.ttl;Fault feature extraction;70,235,32,17,253;70,190,229,198,235;True;True;True;0.516000;0.516000;0.512000;0.509400;5;5;0.427853;0.605755
1228;extraction_papers\ontocast_runs\run_remaining_222_gpt-5.6-luna_20260723_010000\output\facts_92bd1fa42ed6.ttl;Health assessment;31,38,104,173,2;31,213,193,221,104;True;True;True;0.515000;0.515000;0.514600;0.510200;5;5;0.477592;0.580062
1229;extraction_papers\ontocast_runs\run_remaining_222_gpt-5.6-luna_20260723_010000\output\facts_92f84bca2575.ttl;Fault detection;218,245,209,211,191;218,72,44,211,230;True;True;True;0.514000;0.514000;0.511000;0.509200;5;5;0.513021;0.606431
1230;extraction_papers\ontocast_runs\run_remaining_222_gpt-5.6-luna_20260723_010000\output\facts_93deedf6432c.ttl;Fault feature extraction;190,27,229,235,70;190,70,229,198,235;True;True;True;0.513000;0.513000;0.511600;0.509800;5;5;0.598064;0.605755
1231;extraction_papers\ontocast_runs\run_remaining_222_gpt-5.6-luna_20260723_010000\output\facts_94f305fad678.ttl;Fault detection;42,41,44,43,46;42,72,215,44,34;True;True;True;0.546000;0.546000;0.546000;0.538200;5;5;0.296792;0.494471
1232;extraction_papers\ontocast_runs\run_remaining_222_gpt-5.6-luna_20260723_010000\output\facts_96ba2247cc7b.ttl;Fault detection;218,209,42,41,44;218,34,19,42,44;True;True;True;0.501000;0.501000;0.500200;0.500200;5;5;0.547752;0.561978
1233;extraction_papers\ontocast_runs\run_remaining_222_gpt-5.6-luna_20260723_010000\output\facts_96f54b4a2a75.ttl;Fault detection;19,215,98,175,245;19,218,44,215,42;True;True;True;0.515000;0.515000;0.511600;0.508000;5;5;0.391893;0.545988
1234;extraction_papers\ontocast_runs\run_remaining_222_gpt-5.6-luna_20260723_010000\output\facts_972bd570a912.ttl;Remaining useful life estimation;35,37,36,28,30;35,36,115,37,30;True;True;True;0.546000;0.546000;0.546000;0.546000;4;5;0.268100;0.290129
1235;extraction_papers\ontocast_runs\run_remaining_222_gpt-5.6-luna_20260723_010000\output\facts_9a438d4a50c5.ttl;Fault identification;196,210,48,50,49;196,201,247,210,243;True;True;True;0.507000;0.507000;0.503800;0.503200;5;5;0.572427;0.667545
1236;extraction_papers\ontocast_runs\run_remaining_222_gpt-5.6-luna_20260723_010000\output\facts_9b03a9e967eb.ttl;Fault detection;230,195,166,167,42;230,41,195,34,44;True;True;True;0.517000;0.517000;0.513400;0.511800;4;5;0.478225;0.490353
1237;extraction_papers\ontocast_runs\run_remaining_222_gpt-5.6-luna_20260723_010000\output\facts_9c3b24a4de9b.ttl;Health assessment;213,31,38,104,188;213,227,221,193,104;True;True;True;0.504000;0.504000;0.504000;0.503000;5;5;0.544251;0.603224
1238;extraction_papers\ontocast_runs\run_remaining_222_gpt-5.6-luna_20260723_010000\output\facts_9da3f1d26301.ttl;Fault detection;42,41,44,43,46;42,230,34,44,41;True;True;True;0.532000;0.532000;0.532000;0.530600;5;5;0.296792;0.424573
1239;extraction_papers\ontocast_runs\run_remaining_222_gpt-5.6-luna_20260723_010000\output\facts_9e6e93f2160c.ttl;Fault detection;209,42,41,44,43;209,33,34,44,41;True;True;True;0.500000;0.500000;0.500000;0.500000;5;5;0.439411;0.485920
1240;extraction_papers\ontocast_runs\run_remaining_222_gpt-5.6-luna_20260723_010000\output\facts_9eec19823641.ttl;Fault detection;209,211,191,19,245;209,42,211,215,72;True;True;True;0.591000;0.591000;0.590200;0.587800;5;5;0.503888;0.596071
1241;extraction_papers\ontocast_runs\run_remaining_222_gpt-5.6-luna_20260723_010000\output\facts_a0bdfe6195b5.ttl;Health assessment;31,38,104,227,73;31,213,239,104,221;True;True;True;0.546000;0.546000;0.531600;0.520600;5;5;0.457332;0.592777
1242;extraction_papers\ontocast_runs\run_remaining_222_gpt-5.6-luna_20260723_010000\output\facts_a20b71e0f3db.ttl;Fault identification;203,189,243,244,252;203,189,201,243,210;True;True;True;0.655000;0.655000;0.592400;0.580200;4;5;0.463267;0.580025
1243;extraction_papers\ontocast_runs\run_remaining_222_gpt-5.6-luna_20260723_010000\output\facts_a38ce9f66f1f.ttl;Fault detection;230,218,19,200,195;230,211,42,218,72;True;True;True;0.519000;0.519000;0.513800;0.509200;5;5;0.440098;0.609231
1244;extraction_papers\ontocast_runs\run_remaining_222_gpt-5.6-luna_20260723_010000\output\facts_a39ad881a214.ttl;Fault detection;98,42,41,44,43;98,42,44,34,41;True;True;True;0.536000;0.536000;0.534400;0.534400;5;5;0.307648;0.351074
1245;extraction_papers\ontocast_runs\run_remaining_222_gpt-5.6-luna_20260723_010000\output\facts_a3b399d2a36a.ttl;Fault identification;252,201,202,176,203;252,247,210,212,189;True;True;True;0.590000;0.590000;0.529000;0.525600;5;5;0.413763;0.672554
1246;extraction_papers\ontocast_runs\run_remaining_222_gpt-5.6-luna_20260723_010000\output\facts_a4e5fabfddd7.ttl;One step future state forecast;131,132,106,10,135;131,10,135,132,133;True;True;True;0.577000;0.577000;0.577000;0.577000;5;5;0.349074;0.328540
1247;extraction_papers\ontocast_runs\run_remaining_222_gpt-5.6-luna_20260723_010000\output\facts_aa6451a77549.ttl;Fault identification;210,201,202,203,48;210,48,247,212,243;True;True;True;0.577000;0.577000;0.577000;0.577000;5;5;0.528089;0.659710
1248;extraction_papers\ontocast_runs\run_remaining_222_gpt-5.6-luna_20260723_010000\output\facts_aae9846c0cba.ttl;Fault detection;200,20,230,42,41;200,44,230,34,20;True;True;True;0.512000;0.512000;0.510000;0.510000;5;5;0.499619;0.466303
1249;extraction_papers\ontocast_runs\run_remaining_222_gpt-5.6-luna_20260723_010000\output\facts_aeb242bbc64f.ttl;One step future state forecast;106,10,131,132,135;106,132,135,10,134;True;True;True;0.504000;0.504000;0.502600;0.502600;5;5;0.349074;0.365515
1250;extraction_papers\ontocast_runs\run_remaining_222_gpt-5.6-luna_20260723_010000\output\facts_af87d3fd9098.ttl;Fault detection;215,166,167,200,98;215,200,166,218,211;True;True;True;0.523000;0.523000;0.516600;0.514000;4;5;0.493194;0.619877
1251;extraction_papers\ontocast_runs\run_remaining_222_gpt-5.6-luna_20260723_010000\output\facts_af8bb19647a5.ttl;Fault detection;230,42,41,44,43;230,41,200,34,19;True;True;True;0.517000;0.517000;0.515400;0.513600;5;5;0.388385;0.463848
1252;extraction_papers\ontocast_runs\run_remaining_222_gpt-5.6-luna_20260723_010000\output\facts_b14e095665e0.ttl;Health assessment;227,31,38,221,104;227,213,221,193,104;True;True;True;0.516000;0.516000;0.513600;0.512000;5;5;0.486901;0.603224
1253;extraction_papers\ontocast_runs\run_remaining_222_gpt-5.6-luna_20260723_010000\output\facts_b5683b42e377.ttl;Fault detection;98,42,41,44,43;98,42,44,72,34;True;True;True;0.523000;0.523000;0.516600;0.516600;5;5;0.307648;0.392372
1254;extraction_papers\ontocast_runs\run_remaining_222_gpt-5.6-luna_20260723_010000\output\facts_b663b16ff991.ttl;Remaining useful life estimation;22,21,24,23,26;22,184,223,121,75;True;True;True;0.513000;0.513000;0.513000;0.509000;3;5;0.166842;0.577024
1255;extraction_papers\ontocast_runs\run_remaining_222_gpt-5.6-luna_20260723_010000\output\facts_b7faba28aafe.ttl;Fault identification;203,189,243,244,252;203,201,210,243,189;True;True;True;0.506000;0.506000;0.504800;0.503800;4;5;0.463267;0.580025
1256;extraction_papers\ontocast_runs\run_remaining_222_gpt-5.6-luna_20260723_010000\output\facts_ba8d3cc61f95.ttl;Fault detection;72,98,42,41,44;72,44,47,41,29;True;True;True;0.515000;0.515000;0.511000;0.510200;5;5;0.393320;0.392319
1257;extraction_papers\ontocast_runs\run_remaining_222_gpt-5.6-luna_20260723_010000\output\facts_bcda1f1d73d1.ttl;Fault feature extraction;18,229,32,17,253;18,229,70,190,27;True;True;True;0.515000;0.515000;0.510400;0.507600;4;5;0.521742;0.602419
1258;extraction_papers\ontocast_runs\run_remaining_222_gpt-5.6-luna_20260723_010000\output\facts_bd459baa2840.ttl;Fault detection;230,215,218,42,41;230,41,218,34,44;True;True;True;0.515000;0.515000;0.512200;0.511800;5;5;0.516146;0.529535
1259;extraction_papers\ontocast_runs\run_remaining_222_gpt-5.6-luna_20260723_010000\output\facts_bd8741b801f5.ttl;Fault identification;247,210,48,50,49;247,238,49,212,13;True;True;True;0.530000;0.530000;0.518800;0.517200;5;5;0.633475;0.679338
1260;extraction_papers\ontocast_runs\run_remaining_222_gpt-5.6-luna_20260723_010000\output\facts_c1421978e585.ttl;Fault detection;98,230,72,195,209;98,211,215,209,42;True;True;True;0.506000;0.506000;0.503000;0.502000;5;5;0.387494;0.579940
1261;extraction_papers\ontocast_runs\run_remaining_222_gpt-5.6-luna_20260723_010000\output\facts_c1512a321cec.ttl;Health assessment;213,31,38,104,173;213,173,221,104,193;True;True;True;0.527000;0.527000;0.522800;0.517200;5;5;0.564764;0.609252
1262;extraction_papers\ontocast_runs\run_remaining_222_gpt-5.6-luna_20260723_010000\output\facts_c5eb67177d8f.ttl;Remaining useful life estimation;75,74,76,157,158;75,226,157,74,127;True;True;True;0.552000;0.552000;0.548800;0.536000;4;5;0.331360;0.471193
1263;extraction_papers\ontocast_runs\run_remaining_222_gpt-5.6-luna_20260723_010000\output\facts_c746f6b5ac4b.ttl;Health assessment;188,7,177,227,239;188,227,104,193,38;True;True;True;0.546000;0.546000;0.517600;0.514000;4;5;0.503892;0.595453
1264;extraction_papers\ontocast_runs\run_remaining_222_gpt-5.6-luna_20260723_010000\output\facts_c8483b99906a.ttl;Fault detection;215,42,41,44,43;215,34,42,44,166;True;True;True;0.559000;0.559000;0.535800;0.534200;5;5;0.395607;0.457796
1265;extraction_papers\ontocast_runs\run_remaining_222_gpt-5.6-luna_20260723_010000\output\facts_cc6e8f194411.ttl;Fault detection;42,41,44,43,46;42,34,44,41,29;True;True;True;0.546000;0.546000;0.546000;0.546000;5;5;0.296792;0.352886
1266;extraction_papers\ontocast_runs\run_remaining_222_gpt-5.6-luna_20260723_010000\output\facts_cd64449792ac.ttl;Health assessment;7,177,213,73,188;7,227,104,221,239;True;True;True;0.532000;0.532000;0.523000;0.512000;4;5;0.410283;0.610851
1267;extraction_papers\ontocast_runs\run_remaining_222_gpt-5.6-luna_20260723_010000\output\facts_ce64d01e6e6f.ttl;One step future state forecast;106,131,132,135,133;106,132,135,10,134;True;True;True;0.582000;0.582000;0.580400;0.580400;5;5;0.299580;0.365515
1268;extraction_papers\ontocast_runs\run_remaining_222_gpt-5.6-luna_20260723_010000\output\facts_ce74b9389643.ttl;Fault detection;42,41,44,43,46;42,195,215,34,44;True;True;True;0.515000;0.515000;0.515000;0.514600;5;5;0.296792;0.551312
1269;extraction_papers\ontocast_runs\run_remaining_222_gpt-5.6-luna_20260723_010000\output\facts_cee29a015fdd.ttl;Remaining useful life estimation;127,69,157,158,156;127,226,69,55,157;True;True;True;0.567000;0.567000;0.562200;0.552400;3;5;0.265735;0.519933
1270;extraction_papers\ontocast_runs\run_remaining_222_gpt-5.6-luna_20260723_010000\output\facts_d080f31ebe42.ttl;Fault detection;209,211,191,245,72;209,33,211,245,72;True;True;True;0.515000;0.515000;0.513800;0.512600;5;5;0.498059;0.566043
1271;extraction_papers\ontocast_runs\run_remaining_222_gpt-5.6-luna_20260723_010000\output\facts_d14f190f8d84.ttl;Fault identification;252,243,244,201,202;252,210,212,216,243;True;True;True;0.534000;0.534000;0.519200;0.515600;4;5;0.358126;0.602643
1272;extraction_papers\ontocast_runs\run_remaining_222_gpt-5.6-luna_20260723_010000\output\facts_d1ed423c8259.ttl;Fault detection;72,230,215,166,167;72,218,44,230,42;True;True;True;0.527000;0.527000;0.512400;0.511200;4;5;0.469987;0.572343
1273;extraction_papers\ontocast_runs\run_remaining_222_gpt-5.6-luna_20260723_010000\output\facts_d30fb2476919.ttl;Health assessment;221,188,31,38,104;221,239,7,104,31;True;True;True;0.519000;0.519000;0.513400;0.511800;5;5;0.476147;0.590350
1274;extraction_papers\ontocast_runs\run_remaining_222_gpt-5.6-luna_20260723_010000\output\facts_d3e0fb39267d.ttl;One step future state forecast;10,106,131,132,135;10,134,132,106,135;True;True;True;0.588000;0.588000;0.582800;0.582800;5;5;0.349074;0.365515
1275;extraction_papers\ontocast_runs\run_remaining_222_gpt-5.6-luna_20260723_010000\output\facts_d5b6bf685d18.ttl;Fault detection;72,175,218,20,230;72,218,211,42,230;True;True;True;0.520000;0.520000;0.513000;0.510200;5;5;0.444415;0.609231
1276;extraction_papers\ontocast_runs\run_remaining_222_gpt-5.6-luna_20260723_010000\output\facts_d640a2871d8b.ttl;Fault identification;243,244,255,216,201;243,247,216,176,13;True;True;True;0.512000;0.512000;0.510400;0.508000;4;5;0.507286;0.683498
1277;extraction_papers\ontocast_runs\run_remaining_222_gpt-5.6-luna_20260723_010000\output\facts_d950a4f6fe1d.ttl;Remaining useful life estimation;181,234,232,233,15;181,249,233,128,122;True;True;True;0.544000;0.544000;0.535200;0.535200;5;5;0.341788;0.562464
1278;extraction_papers\ontocast_runs\run_remaining_222_gpt-5.6-luna_20260723_010000\output\facts_db4663aa5cea.ttl;One step future state forecast;10,106,131,132,135;10,134,132,106,135;True;True;True;0.510000;0.510000;0.506600;0.506600;5;5;0.349074;0.365515
1279;extraction_papers\ontocast_runs\run_remaining_222_gpt-5.6-luna_20260723_010000\output\facts_dbb9b16d8ee9.ttl;Fault detection;20,166,167,200,72;20,166,34,200,33;True;True;True;0.525000;0.525000;0.517000;0.515400;4;5;0.435201;0.482916
1280;extraction_papers\ontocast_runs\run_remaining_222_gpt-5.6-luna_20260723_010000\output\facts_dcbe61b927e6.ttl;Fault detection;20,19,72,209,211;20,211,44,215,42;True;True;True;0.510000;0.510000;0.507600;0.506000;4;5;0.410885;0.582696
1281;extraction_papers\ontocast_runs\run_remaining_222_gpt-5.6-luna_20260723_010000\output\facts_de1cb3329ec1.ttl;Fault detection;166,167,98,230,42;166,230,34,33,98;True;True;True;0.536000;0.536000;0.525400;0.521200;4;5;0.362715;0.398861
1282;extraction_papers\ontocast_runs\run_remaining_222_gpt-5.6-luna_20260723_010000\output\facts_de716dc27fa7.ttl;Fault identification;196,243,244,252,201;196,201,210,243,189;True;True;True;0.520000;0.520000;0.516600;0.514200;4;5;0.445905;0.582800
1283;extraction_papers\ontocast_runs\run_remaining_222_gpt-5.6-luna_20260723_010000\output\facts_e037695a99e1.ttl;Fault detection;166,167,98,19,200;166,218,200,19,47;True;True;True;0.512000;0.512000;0.510800;0.508600;4;5;0.424642;0.558607
1284;extraction_papers\ontocast_runs\run_remaining_222_gpt-5.6-luna_20260723_010000\output\facts_e0743ee6959c.ttl;Remaining useful life estimation;157,158,156,234,232;157,16,122,242,249;True;True;True;0.518000;0.518000;0.517600;0.517200;3;5;0.293789;0.579052
1285;extraction_papers\ontocast_runs\run_remaining_222_gpt-5.6-luna_20260723_010000\output\facts_e48593a3eb5c.ttl;Fault detection;42,41,44,43,46;42,34,44,19,41;True;True;True;0.681000;0.681000;0.681000;0.663800;5;5;0.296792;0.432974
1286;extraction_papers\ontocast_runs\run_remaining_222_gpt-5.6-luna_20260723_010000\output\facts_e58918e79d02.ttl;Fault detection;230,195,42,41,44;230,41,195,34,44;True;True;True;0.510000;0.510000;0.505800;0.505800;5;5;0.520649;0.490353
1287;extraction_papers\ontocast_runs\run_remaining_222_gpt-5.6-luna_20260723_010000\output\facts_e72f4c699cc9.ttl;Fault detection;209,42,41,44,43;209,33,34,44,41;True;True;True;0.509000;0.509000;0.509000;0.509000;5;5;0.439411;0.485920
1288;extraction_papers\ontocast_runs\run_remaining_222_gpt-5.6-luna_20260723_010000\output\facts_e8f9b6381397.ttl;Fault feature extraction;32,253,198,17,70;32,190,198,229,235;True;True;True;0.546000;0.546000;0.530800;0.520400;5;5;0.445912;0.596786
1289;extraction_papers\ontocast_runs\run_remaining_222_gpt-5.6-luna_20260723_010000\output\facts_e9c8c3223f44.ttl;Health assessment;239,153,154,193,227;239,104,7,31,221;True;True;True;0.524000;0.524000;0.523600;0.509200;4;5;0.372614;0.590350
1290;extraction_papers\ontocast_runs\run_remaining_222_gpt-5.6-luna_20260723_010000\output\facts_e9d5f1b2e212.ttl;Remaining useful life estimation;147,148,149,237,8;147,15,208,242,149;True;True;True;0.511000;0.511000;0.509800;0.508200;5;5;0.385418;0.575416
1291;extraction_papers\ontocast_runs\run_remaining_222_gpt-5.6-luna_20260723_010000\output\facts_ea8987a8d571.ttl;Fault detection;19,20,245,175,230;19,44,34,230,33;True;True;True;0.597000;0.597000;0.595200;0.583200;4;5;0.284714;0.459063
1292;extraction_papers\ontocast_runs\run_remaining_222_gpt-5.6-luna_20260723_010000\output\facts_ea9c09b2de43.ttl;Health assessment;221,73,188,227,31;221,239,7,227,104;True;True;True;0.546000;0.546000;0.530600;0.519600;5;5;0.409070;0.610851
1293;extraction_papers\ontocast_runs\run_remaining_222_gpt-5.6-luna_20260723_010000\output\facts_eaacd0db92a8.ttl;Remaining useful life estimation;22,21,24,23,26;22,263,147,92,149;True;True;True;0.521000;0.521000;0.521000;0.517400;3;5;0.166842;0.468928
1294;extraction_papers\ontocast_runs\run_remaining_222_gpt-5.6-luna_20260723_010000\output\facts_eea52ea5e5f8.ttl;Fault detection;166,167,98,20,230;166,200,230,34,20;True;True;True;0.593000;0.593000;0.591400;0.589400;4;5;0.381514;0.467939
1295;extraction_papers\ontocast_runs\run_remaining_222_gpt-5.6-luna_20260723_010000\output\facts_f0482c0aba6b.ttl;Fault feature extraction;70,32,253,198,190;70,190,229,198,235;True;True;True;0.520000;0.520000;0.515600;0.511000;5;5;0.537472;0.605755
1296;extraction_papers\ontocast_runs\run_remaining_222_gpt-5.6-luna_20260723_010000\output\facts_f04bcb2fbf2a.ttl;Fault detection;98,209,42,41,44;98,209,42,44,34;True;True;True;0.501000;0.501000;0.500200;0.500200;5;5;0.430744;0.451015
1297;extraction_papers\ontocast_runs\run_remaining_222_gpt-5.6-luna_20260723_010000\output\facts_f30058b0f53d.ttl;Fault detection;215,175,72,209,42;215,34,209,42,44;True;True;True;0.512000;0.512000;0.510800;0.509600;5;5;0.483149;0.549987
1298;extraction_papers\ontocast_runs\run_remaining_222_gpt-5.6-luna_20260723_010000\output\facts_f3fb4db14771.ttl;Fault identification;255,201,202,176,243;255,216,247,176,210;True;True;True;0.512000;0.512000;0.509400;0.506400;5;5;0.511135;0.680451
1299;extraction_papers\ontocast_runs\run_remaining_222_gpt-5.6-luna_20260723_010000\output\facts_f446d26fb265.ttl;Fault feature extraction;32,253,198,17,27;32,190,229,198,235;True;True;True;0.515000;0.515000;0.512200;0.507800;5;5;0.450663;0.596786
1300;extraction_papers\ontocast_runs\run_remaining_222_gpt-5.6-luna_20260723_010000\output\facts_f47132de814d.ttl;Fault detection;215,42,41,44,43;215,34,19,42,44;True;True;True;0.509000;0.509000;0.509000;0.509000;5;5;0.395607;0.496553
1301;extraction_papers\ontocast_runs\run_remaining_222_gpt-5.6-luna_20260723_010000\output\facts_f4da830ae406.ttl;Health modelling;224,164,165,254,57;224,12,254,205,87;True;True;True;0.607000;0.607000;0.601600;0.550200;4;5;0.252000;0.564933
1302;extraction_papers\ontocast_runs\run_remaining_222_gpt-5.6-luna_20260723_010000\output\facts_f5578a4ce5d7.ttl;Health assessment;173,2,221,7,73;173,213,221,239,104;True;True;True;0.517000;0.517000;0.513600;0.509400;5;5;0.430610;0.621041
1303;extraction_papers\ontocast_runs\run_remaining_222_gpt-5.6-luna_20260723_010000\output\facts_f63a5b74e9e3.ttl;Remaining useful life estimation;263,262,107,8,178;263,92,197,107,69;True;True;True;0.511000;0.511000;0.509200;0.507400;3;5;0.174472;0.579993
1304;extraction_papers\ontocast_runs\run_remaining_222_gpt-5.6-luna_20260723_010000\output\facts_f78baf4da1fb.ttl;Fault detection;230,245,218,175,166;230,211,166,218,72;True;True;True;0.509000;0.509000;0.506400;0.505200;5;5;0.520024;0.607158
1305;extraction_papers\ontocast_runs\run_remaining_222_gpt-5.6-luna_20260723_010000\output\facts_fa07e1bcf7c7.ttl;Remaining useful life estimation;107,108,204,223,181;107,223,172,222,8;True;True;True;0.532000;0.532000;0.524000;0.518000;4;5;0.427841;0.554689
1306;extraction_papers\ontocast_runs\run_remaining_222_gpt-5.6-luna_20260723_010000\output\facts_fa16148c05bc.ttl;One step future state forecast;106,10,131,132,135;106,132,135,10,134;True;True;True;0.508000;0.508000;0.503400;0.503400;5;5;0.349074;0.365515
1307;extraction_papers\ontocast_runs\run_remaining_222_gpt-5.6-luna_20260723_010000\output\facts_fb2d996f709c.ttl;Health assessment;188,221,31,38,227;188,227,104,193,38;True;True;True;0.579000;0.579000;0.525200;0.523800;5;5;0.462498;0.595453
1308;extraction_papers\ontocast_runs\run_remaining_222_gpt-5.6-luna_20260723_010000\output\facts_fc31dfbeb7ef.ttl;Health assessment;31,38,239,213,221;31,213,239,221,104;True;True;True;0.707000;0.707000;0.707000;0.707000;5;5;0.562146;0.592777
1309;extraction_papers\ontocast_runs\run_remaining_500_gpt-5.6-luna_20260723_010000\output\facts_0096a913292f.ttl;Fault detection;72,230,215,166,167;72,218,44,230,42;True;True;True;0.527000;0.527000;0.512400;0.511200;4;5;0.469987;0.572343
1310;extraction_papers\ontocast_runs\run_remaining_500_gpt-5.6-luna_20260723_010000\output\facts_00ab9259d632.ttl;Health assessment;73,221,188,239,153;73,193,7,104,227;True;True;True;0.552000;0.552000;0.521600;0.516600;5;5;0.420940;0.593413
1311;extraction_papers\ontocast_runs\run_remaining_500_gpt-5.6-luna_20260723_010000\output\facts_01f4534b1ddc.ttl;Fault detection;20,166,167,98,19;20,166,34,33,98;True;True;True;0.522000;0.522000;0.520600;0.517200;3;5;0.339131;0.397244
1312;extraction_papers\ontocast_runs\run_remaining_500_gpt-5.6-luna_20260723_010000\output\facts_030f9dbc9a6c.ttl;Fault identification;252,203,189,243,244;252,189,212,13,243;True;True;True;0.546000;0.546000;0.519200;0.515400;4;5;0.463267;0.566167
1313;extraction_papers\ontocast_runs\run_remaining_500_gpt-5.6-luna_20260723_010000\output\facts_0446eae59bd2.ttl;Fault detection;175,215,20,98,72;175,218,166,230,209;True;True;True;0.512000;0.512000;0.507200;0.504400;5;5;0.349634;0.561133
1314;extraction_papers\ontocast_runs\run_remaining_500_gpt-5.6-luna_20260723_010000\output\facts_04a33d766a3e.ttl;Fault detection;166,167,98,20,209;166,209,211,98,42;True;True;True;0.587000;0.587000;0.557800;0.541800;4;5;0.401556;0.544117
1315;extraction_papers\ontocast_runs\run_remaining_500_gpt-5.6-luna_20260723_010000\output\facts_051b4353fd33.ttl;Fault identification;247,201,202,243,244;247,201,13,203,243;True;True;True;0.521000;0.521000;0.519400;0.517400;4;5;0.553388;0.666700
1316;extraction_papers\ontocast_runs\run_remaining_500_gpt-5.6-luna_20260723_010000\output\facts_051b9bcaaf19.ttl;Remaining useful life estimation;223,59,58,60,127;223,108,172,208,69;True;True;True;0.514000;0.514000;0.513200;0.510000;5;5;0.399426;0.586520
1317;extraction_papers\ontocast_runs\run_remaining_500_gpt-5.6-luna_20260723_010000\output\facts_05bf96b62766.ttl;Fault detection;166,200,72,98,209;166,200,218,245,211;True;True;True;0.522000;0.522000;0.511600;0.509400;5;5;0.430644;0.604726
1318;extraction_papers\ontocast_runs\run_remaining_500_gpt-5.6-luna_20260723_010000\output\facts_060ba91eb20d.ttl;Fault detection;72,175,218,20,230;72,218,211,42,230;True;True;True;0.520000;0.520000;0.513000;0.510200;5;5;0.444415;0.609231
1319;extraction_papers\ontocast_runs\run_remaining_500_gpt-5.6-luna_20260723_010000\output\facts_064b58fba9ee.ttl;Fault feature extraction;32,253,198,17,70;32,190,198,229,235;True;True;True;0.546000;0.546000;0.530800;0.520400;5;5;0.445912;0.596786
1320;extraction_papers\ontocast_runs\run_remaining_500_gpt-5.6-luna_20260723_010000\output\facts_06b9ca1cf6ae.ttl;Fault detection;218,209,42,41,44;218,34,19,42,44;True;True;True;0.578000;0.578000;0.577200;0.577200;5;5;0.547752;0.561978
1321;extraction_papers\ontocast_runs\run_remaining_500_gpt-5.6-luna_20260723_010000\output\facts_09ed4e3bae46.ttl;Fault detection;42,41,44,43,46;42,34,44,41,29;True;True;True;0.664000;0.664000;0.664000;0.664000;5;5;0.296792;0.352886
1322;extraction_papers\ontocast_runs\run_remaining_500_gpt-5.6-luna_20260723_010000\output\facts_0a47efc026a6.ttl;Remaining useful life estimation;35,37,36,28,30;35,36,115,37,30;True;True;True;0.664000;0.664000;0.664000;0.664000;4;5;0.268100;0.290129
1323;extraction_papers\ontocast_runs\run_remaining_500_gpt-5.6-luna_20260723_010000\output\facts_0b1b96e4b652.ttl;Fault detection;98,218,209,42,41;98,218,209,42,44;True;True;True;0.501000;0.501000;0.500400;0.500400;5;5;0.526106;0.526349
1324;extraction_papers\ontocast_runs\run_remaining_500_gpt-5.6-luna_20260723_010000\output\facts_0c664880dd3c.ttl;Fault detection;230,166,167,98,218;230,41,218,34,20;True;True;True;0.514000;0.514000;0.513400;0.509400;4;5;0.473899;0.533432
1325;extraction_papers\ontocast_runs\run_remaining_500_gpt-5.6-luna_20260723_010000\output\facts_0d2ec18f11d1.ttl;Health assessment;31,38,104,221,213;31,213,193,104,221;True;True;True;0.533000;0.533000;0.527000;0.521600;5;5;0.510601;0.580062
1326;extraction_papers\ontocast_runs\run_remaining_500_gpt-5.6-luna_20260723_010000\output\facts_0d60969295f2.ttl;Fault identification;243,244,210,48,50;243,176,216,212,13;True;True;True;0.518000;0.518000;0.513200;0.510800;4;5;0.491993;0.621168
1327;extraction_papers\ontocast_runs\run_remaining_500_gpt-5.6-luna_20260723_010000\output\facts_0e1b49678af8.ttl;Remaining useful life estimation;181,234,232,233,15;181,249,233,128,122;True;True;True;0.544000;0.544000;0.535200;0.535200;5;5;0.341788;0.562464
1328;extraction_papers\ontocast_runs\run_remaining_500_gpt-5.6-luna_20260723_010000\output\facts_0e4481a7eb0c.ttl;Fault detection;20,42,41,44,43;20,44,34,230,33;True;True;True;0.521000;0.521000;0.517800;0.517800;5;5;0.382882;0.459063
1329;extraction_papers\ontocast_runs\run_remaining_500_gpt-5.6-luna_20260723_010000\output\facts_0eb43578e68e.ttl;Remaining useful life estimation;75,74,76,157,158;75,15,242,74,157;True;True;True;0.583000;0.583000;0.560600;0.548200;4;5;0.331360;0.556302
1330;extraction_papers\ontocast_runs\run_remaining_500_gpt-5.6-luna_20260723_010000\output\facts_0f60e5da0843.ttl;Remaining useful life estimation;256,8,178,107,147;256,60,222,208,172;True;True;True;0.527000;0.527000;0.519400;0.517000;4;5;0.423170;0.599972
1331;extraction_papers\ontocast_runs\run_remaining_500_gpt-5.6-luna_20260723_010000\output\facts_10d6023c44c9.ttl;Fault feature extraction;18,229,32,253,198;18,229,253,190,235;True;True;True;0.530000;0.530000;0.525800;0.519600;5;5;0.545068;0.596697
1332;extraction_papers\ontocast_runs\run_remaining_500_gpt-5.6-luna_20260723_010000\output\facts_1184fed954d3.ttl;Fault detection;72,230,215,166,167;72,218,44,230,42;True;True;True;0.527000;0.527000;0.512400;0.511200;4;5;0.469987;0.572343
1333;extraction_papers\ontocast_runs\run_remaining_500_gpt-5.6-luna_20260723_010000\output\facts_121f202550f5.ttl;Fault detection;20,42,41,44,43;20,44,215,34,33;True;True;True;0.517000;0.517000;0.514600;0.514600;5;5;0.382882;0.492132
1334;extraction_papers\ontocast_runs\run_remaining_500_gpt-5.6-luna_20260723_010000\output\facts_1323e03ba2da.ttl;Remaining useful life estimation;92,157,158,156,204;92,204,184,69,157;True;True;True;0.559000;0.559000;0.530600;0.523000;3;5;0.387767;0.586708
1335;extraction_papers\ontocast_runs\run_remaining_500_gpt-5.6-luna_20260723_010000\output\facts_1343234cf080.ttl;Fault detection;98,42,41,44,43;98,42,44,34,41;True;True;True;0.536000;0.536000;0.534400;0.534400;5;5;0.307648;0.351074
1336;extraction_papers\ontocast_runs\run_remaining_500_gpt-5.6-luna_20260723_010000\output\facts_14222ad185b5.ttl;Fault detection;42,41,44,43,46;42,72,215,44,34;True;True;True;0.546000;0.546000;0.546000;0.538000;5;5;0.296792;0.494471
1337;extraction_papers\ontocast_runs\run_remaining_500_gpt-5.6-luna_20260723_010000\output\facts_150ec758bcaf.ttl;Fault feature extraction;231,18,17,190,32;231,190,229,198,235;True;True;True;0.533000;0.533000;0.512400;0.509200;4;5;0.508291;0.602278
1338;extraction_papers\ontocast_runs\run_remaining_500_gpt-5.6-luna_20260723_010000\output\facts_15133eb05d65.ttl;Remaining useful life estimation;181,234,232,233,15;181,249,233,128,122;True;True;True;0.544000;0.544000;0.535200;0.535200;5;5;0.341788;0.562464
1339;extraction_papers\ontocast_runs\run_remaining_500_gpt-5.6-luna_20260723_010000\output\facts_152d6e89992d.ttl;Health assessment;31,38,239,213,221;31,213,239,221,104;True;True;True;0.577000;0.577000;0.577000;0.577000;5;5;0.562146;0.592777
1340;extraction_papers\ontocast_runs\run_remaining_500_gpt-5.6-luna_20260723_010000\output\facts_16497921a57e.ttl;Remaining useful life estimation;35,37,36,28,30;35,36,115,37,30;True;True;True;0.515000;0.515000;0.515000;0.515000;4;5;0.268100;0.290129
1341;extraction_papers\ontocast_runs\run_remaining_500_gpt-5.6-luna_20260723_010000\output\facts_16bcae5566a3.ttl;Fault detection;72,195,19,215,166;72,215,44,46,42;True;True;True;0.527000;0.527000;0.515000;0.509000;5;5;0.492504;0.472333
1342;extraction_papers\ontocast_runs\run_remaining_500_gpt-5.6-luna_20260723_010000\output\facts_1763f50408fc.ttl;Fault feature extraction;70,32,253,229,198;70,190,229,198,235;True;True;True;0.516000;0.516000;0.515200;0.510600;5;5;0.510420;0.605755
1343;extraction_papers\ontocast_runs\run_remaining_500_gpt-5.6-luna_20260723_010000\output\facts_183dfb997644.ttl;Remaining useful life estimation;204,256,181,223,107;204,222,256,184,169;True;True;True;0.517000;0.517000;0.515000;0.511000;5;5;0.456496;0.561761
1344;extraction_papers\ontocast_runs\run_remaining_500_gpt-5.6-luna_20260723_010000\output\facts_195833fe582a.ttl;Fault detection;195,215,166,167,98;195,215,166,218,20;True;True;True;0.520000;0.520000;0.513200;0.512000;4;5;0.491100;0.579757
1345;extraction_papers\ontocast_runs\run_remaining_500_gpt-5.6-luna_20260723_010000\output\facts_19c140c61889.ttl;Fault detection;195,19,200,72,215;195,44,215,19,34;True;True;True;0.527000;0.527000;0.519400;0.516400;5;5;0.388407;0.539842
1346;extraction_papers\ontocast_runs\run_remaining_500_gpt-5.6-luna_20260723_010000\output\facts_1a10e2b11331.ttl;Health assessment;213,31,38,104,221;213,173,221,193,104;True;True;True;0.504000;0.504000;0.504000;0.503400;5;5;0.510601;0.609252
1347;extraction_papers\ontocast_runs\run_remaining_500_gpt-5.6-luna_20260723_010000\output\facts_1a68d0cb7455.ttl;Fault detection;215,19,72,245,218;215,200,44,218,19;True;True;True;0.598000;0.598000;0.590800;0.588200;5;5;0.467194;0.582641
1348;extraction_papers\ontocast_runs\run_remaining_500_gpt-5.6-luna_20260723_010000\output\facts_1bb0c9c81b25.ttl;Fault identification;203,189,238,255,13;203,50,247,210,216;True;True;True;0.521000;0.521000;0.517600;0.513000;5;5;0.509931;0.685360
1349;extraction_papers\ontocast_runs\run_remaining_500_gpt-5.6-luna_20260723_010000\output\facts_1e2a219145c1.ttl;Fault detection;215,209,211,191,19;215,200,44,211,19;True;True;True;0.526000;0.526000;0.515600;0.513600;5;5;0.541273;0.597671
1350;extraction_papers\ontocast_runs\run_remaining_500_gpt-5.6-luna_20260723_010000\output\facts_1e8aafd3522f.ttl;Remaining useful life estimation;127,69,157,158,156;127,226,69,55,157;True;True;True;0.567000;0.567000;0.556200;0.551600;3;5;0.265735;0.519933
1351;extraction_papers\ontocast_runs\run_remaining_500_gpt-5.6-luna_20260723_010000\output\facts_1f3407b2861d.ttl;Fault detection;218,166,167,98,209;218,34,166,209,33;True;True;True;0.506000;0.506000;0.505600;0.504800;4;5;0.500226;0.593136
1352;extraction_papers\ontocast_runs\run_remaining_500_gpt-5.6-luna_20260723_010000\output\facts_1f9fe4910c47.ttl;Fault detection;215,166,167,72,209;215,200,166,218,211;True;True;True;0.518000;0.518000;0.511400;0.509000;4;5;0.528153;0.619877
1353;extraction_papers\ontocast_runs\run_remaining_500_gpt-5.6-luna_20260723_010000\output\facts_219ab79cc639.ttl;One step future state forecast;131,132,135,133,134;131,10,135,132,133;True;True;True;0.502000;0.502000;0.502000;0.502000;5;5;0.241913;0.328540
1354;extraction_papers\ontocast_runs\run_remaining_500_gpt-5.6-luna_20260723_010000\output\facts_22ec0f660993.ttl;Fault detection;200,42,41,44,43;200,44,34,33,41;True;True;True;0.547000;0.547000;0.528600;0.528600;5;5;0.448759;0.461273
1355;extraction_papers\ontocast_runs\run_remaining_500_gpt-5.6-luna_20260723_010000\output\facts_24007ac0747b.ttl;Health assessment;221,213,239,153,154;221,239,7,104,173;True;True;True;0.640000;0.640000;0.605600;0.598600;4;5;0.526707;0.613013
1356;extraction_papers\ontocast_runs\run_remaining_500_gpt-5.6-luna_20260723_010000\output\facts_2422d523644d.ttl;Fault feature extraction;32,253,198,17,235;32,198,229,253,190;True;True;True;0.664000;0.664000;0.603600;0.602200;5;5;0.452377;0.607961
1357;extraction_papers\ontocast_runs\run_remaining_500_gpt-5.6-luna_20260723_010000\output\facts_2426b80bfc88.ttl;Remaining useful life estimation;226,59,58,60,127;226,60,69,55,127;True;True;True;0.664000;0.664000;0.603800;0.584600;5;5;0.464700;0.575651
1358;extraction_papers\ontocast_runs\run_remaining_500_gpt-5.6-luna_20260723_010000\output\facts_24cab02c15db.ttl;Remaining useful life estimation;234,232,233,15,14;234,122,249,128,16;True;True;True;0.689000;0.689000;0.689000;0.689000;4;5;0.318960;0.549456
1359;extraction_papers\ontocast_runs\run_remaining_500_gpt-5.6-luna_20260723_010000\output\facts_24ffaa57f421.ttl;Fault detection;200,98,20,166,167;200,215,166,20,211;True;True;True;0.527000;0.527000;0.518200;0.514600;4;5;0.424642;0.594013
1360;extraction_papers\ontocast_runs\run_remaining_500_gpt-5.6-luna_20260723_010000\output\facts_263c01111d8a.ttl;Remaining useful life estimation;51,53,52,55,54;51,207,204,36,55;True;True;True;0.577000;0.577000;0.577000;0.577000;4;5;0.287092;0.541169
1361;extraction_papers\ontocast_runs\run_remaining_500_gpt-5.6-luna_20260723_010000\output\facts_26a11fd4b51b.ttl;Fault identification;252,203,189,243,244;252,189,212,13,243;True;True;True;0.546000;0.546000;0.519200;0.515400;4;5;0.463267;0.566167
1362;extraction_papers\ontocast_runs\run_remaining_500_gpt-5.6-luna_20260723_010000\output\facts_26e4ffeefb6d.ttl;Remaining useful life estimation;157,158,156,181,263;157,16,122,242,232;True;True;True;0.512000;0.512000;0.511800;0.511200;3;5;0.444231;0.548230
1363;extraction_papers\ontocast_runs\run_remaining_500_gpt-5.6-luna_20260723_010000\output\facts_27cb1e0555b0.ttl;Fault detection;166,167,195,218,42;166,218,195,34,33;True;True;True;0.513000;0.513000;0.511800;0.511000;4;5;0.555769;0.584406
1364;extraction_papers\ontocast_runs\run_remaining_500_gpt-5.6-luna_20260723_010000\output\facts_2815645b7cbe.ttl;Remaining useful life estimation;234,232,233,15,14;234,122,249,128,16;True;True;True;0.621000;0.621000;0.621000;0.621000;4;5;0.318960;0.549456
1365;extraction_papers\ontocast_runs\run_remaining_500_gpt-5.6-luna_20260723_010000\output\facts_28d4f3a6e1f1.ttl;Fault detection;200,209,211,191,20;200,44,218,245,211;True;True;True;0.512000;0.512000;0.504600;0.504000;5;5;0.417348;0.605942
1366;extraction_papers\ontocast_runs\run_remaining_500_gpt-5.6-luna_20260723_010000\output\facts_298c665878c6.ttl;Health assessment;173,31,38,104,239;173,213,221,193,104;True;True;True;0.603000;0.603000;0.589800;0.587600;5;5;0.541754;0.609252
1367;extraction_papers\ontocast_runs\run_remaining_500_gpt-5.6-luna_20260723_010000\output\facts_298f27adbe6f.ttl;Fault detection;98,42,41,44,43;98,42,44,72,34;True;True;True;0.523000;0.523000;0.516600;0.516600;5;5;0.307648;0.392372
1368;extraction_papers\ontocast_runs\run_remaining_500_gpt-5.6-luna_20260723_010000\output\facts_299a4858fcac.ttl;Fault detection;98,42,41,44,43;98,42,44,72,34;True;True;True;0.523000;0.523000;0.516600;0.516600;5;5;0.307648;0.392372
1369;extraction_papers\ontocast_runs\run_remaining_500_gpt-5.6-luna_20260723_010000\output\facts_29c4059c39b3.ttl;Fault detection;175,209,211,191,72;175,218,211,44,230;True;True;True;0.520000;0.520000;0.513200;0.509000;5;5;0.423424;0.604679
1370;extraction_papers\ontocast_runs\run_remaining_500_gpt-5.6-luna_20260723_010000\output\facts_2a096148f97a.ttl;Fault detection;42,41,44,43,46;42,215,34,44,41;True;True;True;0.536000;0.536000;0.536000;0.533400;5;5;0.296792;0.447706
1371;extraction_papers\ontocast_runs\run_remaining_500_gpt-5.6-luna_20260723_010000\output\facts_2b2f3b0fbef2.ttl;Fault detection;42,41,44,43,46;42,34,44,41,29;True;True;True;0.546000;0.546000;0.546000;0.546000;5;5;0.296792;0.352886
1372;extraction_papers\ontocast_runs\run_remaining_500_gpt-5.6-luna_20260723_010000\output\facts_2cdc9fa9a911.ttl;One step future state forecast;131,132,106,10,135;131,10,135,132,133;True;True;True;0.707000;0.707000;0.707000;0.707000;5;5;0.349074;0.328540
1373;extraction_papers\ontocast_runs\run_remaining_500_gpt-5.6-luna_20260723_010000\output\facts_2d027f687e40.ttl;Fault feature extraction;32,253,198,17,70;32,190,198,229,235;True;True;True;0.546000;0.546000;0.530800;0.520400;5;5;0.445912;0.596786
1374;extraction_papers\ontocast_runs\run_remaining_500_gpt-5.6-luna_20260723_010000\output\facts_2d1f80cc6e1e.ttl;Health assessment;221,2,7,177,213;221,239,7,104,227;True;True;True;0.513000;0.513000;0.511400;0.509400;4;5;0.471318;0.610851
1375;extraction_papers\ontocast_runs\run_remaining_500_gpt-5.6-luna_20260723_010000\output\facts_2dd9e9da5c51.ttl;Fault detection;230,195,42,41,44;230,41,195,34,44;True;True;True;0.544000;0.544000;0.521200;0.521200;5;5;0.520649;0.490353
1376;extraction_papers\ontocast_runs\run_remaining_500_gpt-5.6-luna_20260723_010000\output\facts_2fbf5e63a063.ttl;Health assessment;227,173,73,188,7;227,213,221,193,104;True;True;True;0.510000;0.510000;0.508800;0.505000;5;5;0.534823;0.603224
1377;extraction_papers\ontocast_runs\run_remaining_500_gpt-5.6-luna_20260723_010000\output\facts_2fffa8e3c121.ttl;Fault identification;210,201,202,203,48;210,48,247,212,243;True;True;True;0.500000;0.500000;0.500000;0.500000;5;5;0.528089;0.659710
1378;extraction_papers\ontocast_runs\run_remaining_500_gpt-5.6-luna_20260723_010000\output\facts_300bec1895bb.ttl;Fault feature extraction;32,253,198,17,235;32,198,229,253,190;True;True;True;0.664000;0.664000;0.603600;0.602200;5;5;0.452377;0.607961
1379;extraction_papers\ontocast_runs\run_remaining_500_gpt-5.6-luna_20260723_010000\output\facts_3134f3073462.ttl;One step future state forecast;131,132,135,133,134;131,135,132,133,10;True;True;True;0.601000;0.601000;0.601000;0.581800;5;5;0.241913;0.328540
1380;extraction_papers\ontocast_runs\run_remaining_500_gpt-5.6-luna_20260723_010000\output\facts_32153205f0de.ttl;Fault detection;209,211,191,230,20;209,166,211,215,230;True;True;True;0.518000;0.518000;0.517200;0.515000;5;5;0.486777;0.587895
1381;extraction_papers\ontocast_runs\run_remaining_500_gpt-5.6-luna_20260723_010000\output\facts_333a61490d9a.ttl;Fault detection;209,42,41,44,43;209,33,34,44,41;True;True;True;0.577000;0.577000;0.577000;0.577000;5;5;0.439411;0.485920
1382;extraction_papers\ontocast_runs\run_remaining_500_gpt-5.6-luna_20260723_010000\output\facts_3367603e1de4.ttl;Health assessment;73,221,213,188,2;73,193,213,104,227;True;True;True;0.543000;0.543000;0.526200;0.518200;5;5;0.348547;0.595812
1383;extraction_papers\ontocast_runs\run_remaining_500_gpt-5.6-luna_20260723_010000\output\facts_3422fae673a8.ttl;Health assessment;73,173,7,177,221;73,7,239,104,173;True;True;True;0.527000;0.527000;0.515600;0.513000;4;5;0.483573;0.596148
1384;extraction_papers\ontocast_runs\run_remaining_500_gpt-5.6-luna_20260723_010000\output\facts_349274f02790.ttl;Health assessment;239,153,154,193,73;239,104,7,73,173;True;True;True;0.533000;0.533000;0.529800;0.514600;4;5;0.389974;0.596148
1385;extraction_papers\ontocast_runs\run_remaining_500_gpt-5.6-luna_20260723_010000\output\facts_35282e71f229.ttl;Remaining useful life estimation;59,58,60,226,256;59,60,226,256,58;True;False;True;0.688000;0.688000;0.669000;0.669000;5;5;0.507546;0.507546
1386;extraction_papers\ontocast_runs\run_remaining_500_gpt-5.6-luna_20260723_010000\output\facts_357f2a5efd31.ttl;Remaining useful life estimation;121,237,92,197,51;121,5,197,54,51;True;True;True;0.612000;0.612000;0.596800;0.596800;5;5;0.524999;0.567475
1387;extraction_papers\ontocast_runs\run_remaining_500_gpt-5.6-luna_20260723_010000\output\facts_35d46030058b.ttl;Fault feature extraction;32,253,198,17,70;32,190,198,229,235;True;True;True;0.546000;0.546000;0.530800;0.520400;5;5;0.445912;0.596786
1388;extraction_papers\ontocast_runs\run_remaining_500_gpt-5.6-luna_20260723_010000\output\facts_35f4e74709d7.ttl;Fault detection;166,167,98,42,41;166,34,98,167,42;True;True;True;0.680000;0.680000;0.595200;0.595200;4;4;0.285635;0.323785
1389;extraction_papers\ontocast_runs\run_remaining_500_gpt-5.6-luna_20260723_010000\output\facts_35fbd08f2630.ttl;Health assessment;213,31,38,104,188;213,227,221,193,104;True;True;True;0.504000;0.504000;0.504000;0.503000;5;5;0.544251;0.603224
1390;extraction_papers\ontocast_runs\run_remaining_500_gpt-5.6-luna_20260723_010000\output\facts_36936b01fb2e.ttl;Remaining useful life estimation;35,37,36,28,30;35,36,115,37,30;True;True;True;0.546000;0.546000;0.546000;0.546000;4;5;0.268100;0.290129
1391;extraction_papers\ontocast_runs\run_remaining_500_gpt-5.6-luna_20260723_010000\output\facts_36f43f0025e1.ttl;Fault identification;203,189,247,252,210;203,201,247,210,189;True;True;True;0.533000;0.533000;0.523400;0.521800;5;5;0.644419;0.682150
1392;extraction_papers\ontocast_runs\run_remaining_500_gpt-5.6-luna_20260723_010000\output\facts_370ee13a9424.ttl;Fault detection;166,167,98,19,200;166,218,200,215,211;True;True;True;0.595000;0.595000;0.592600;0.588200;4;5;0.424642;0.619877
1393;extraction_papers\ontocast_runs\run_remaining_500_gpt-5.6-luna_20260723_010000\output\facts_37b40ef255db.ttl;Fault detection;20,245,218,209,211;20,211,218,44,215;True;True;True;0.511000;0.511000;0.510200;0.509200;5;5;0.527254;0.610162
1394;extraction_papers\ontocast_runs\run_remaining_500_gpt-5.6-luna_20260723_010000\output\facts_39be8c540085.ttl;Fault identification;210,201,202,203,48;210,48,247,212,243;True;True;True;0.500000;0.500000;0.500000;0.500000;5;5;0.528089;0.659710
1395;extraction_papers\ontocast_runs\run_remaining_500_gpt-5.6-luna_20260723_010000\output\facts_3a8e507554e8.ttl;Remaining useful life estimation;155,225,108,222,169;155,60,222,208,197;True;True;True;0.517000;0.517000;0.513000;0.511800;5;5;0.401923;0.627574
1396;extraction_papers\ontocast_runs\run_remaining_500_gpt-5.6-luna_20260723_010000\output\facts_3ab66fb2201d.ttl;One step future state forecast;131,132,135,133,134;131,10,135,132,133;True;True;True;0.512000;0.512000;0.512000;0.510200;5;5;0.241913;0.328540
1397;extraction_papers\ontocast_runs\run_remaining_500_gpt-5.6-luna_20260723_010000\output\facts_3b586abe39e1.ttl;Remaining useful life estimation;234,232,233,15,14;234,122,249,128,16;True;True;True;0.689000;0.689000;0.689000;0.689000;4;5;0.318960;0.549456
1398;extraction_papers\ontocast_runs\run_remaining_500_gpt-5.6-luna_20260723_010000\output\facts_3b8c5a111f6c.ttl;Multiple steps future state forecast;130,129,11,220,228;130,228,101,220,139;True;True;True;0.504000;0.504000;0.503000;0.502000;5;5;0.542608;0.566168
1399;extraction_papers\ontocast_runs\run_remaining_500_gpt-5.6-luna_20260723_010000\output\facts_3bc301582762.ttl;Fault detection;42,41,44,43,46;42,195,34,44,41;True;True;True;0.574000;0.574000;0.574000;0.569400;5;5;0.296792;0.480225
1400;extraction_papers\ontocast_runs\run_remaining_500_gpt-5.6-luna_20260723_010000\output\facts_3c011fe3aee5.ttl;Fault detection;19,72,209,211,215;19,211,44,215,46;True;True;True;0.524000;0.524000;0.509800;0.508800;5;5;0.518833;0.573555
1401;extraction_papers\ontocast_runs\run_remaining_500_gpt-5.6-luna_20260723_010000\output\facts_3c4c829f2331.ttl;One step future state forecast;106,131,132,10,135;106,132,135,10,134;True;True;True;0.500000;0.500000;0.500000;0.500000;5;5;0.349074;0.365515
1402;extraction_papers\ontocast_runs\run_remaining_500_gpt-5.6-luna_20260723_010000\output\facts_3d97e1f5a45b.ttl;Fault detection;200,166,167,98,230;200,166,230,211,20;True;True;True;0.527000;0.527000;0.515200;0.512400;4;5;0.439524;0.548455
1403;extraction_papers\ontocast_runs\run_remaining_500_gpt-5.6-luna_20260723_010000\output\facts_3da2913bf9c8.ttl;Remaining useful life estimation;181,234,232,233,15;181,249,233,128,122;True;True;True;0.628000;0.628000;0.617600;0.617600;5;5;0.341788;0.562464
1404;extraction_papers\ontocast_runs\run_remaining_500_gpt-5.6-luna_20260723_010000\output\facts_3e17bc99fa2c.ttl;Remaining useful life estimation;181,234,232,233,15;181,249,233,128,122;True;True;True;0.544000;0.544000;0.535200;0.535200;5;5;0.341788;0.562464
1405;extraction_papers\ontocast_runs\run_remaining_500_gpt-5.6-luna_20260723_010000\output\facts_3e3e77a4b84b.ttl;Fault detection;218,245,230,42,41;218,34,42,245,44;True;True;True;0.528000;0.528000;0.515600;0.513800;5;5;0.498747;0.533782
1406;extraction_papers\ontocast_runs\run_remaining_500_gpt-5.6-luna_20260723_010000\output\facts_3ec47bcaffeb.ttl;Health assessment;221,31,38,239,213;221,239,7,104,227;True;True;True;0.514000;0.514000;0.509200;0.508600;5;5;0.562146;0.610851
1407;extraction_papers\ontocast_runs\run_remaining_500_gpt-5.6-luna_20260723_010000\output\facts_3f833cb4f599.ttl;Remaining useful life estimation;35,37,36,28,30;35,36,115,37,30;True;True;True;0.685000;0.685000;0.685000;0.685000;4;5;0.268100;0.290129
1408;extraction_papers\ontocast_runs\run_remaining_500_gpt-5.6-luna_20260723_010000\output\facts_3f8ba96123e4.ttl;Fault detection;72,20,230,175,42;72,44,230,47,41;True;True;True;0.511000;0.511000;0.509800;0.509600;5;5;0.380088;0.444942
1409;extraction_papers\ontocast_runs\run_remaining_500_gpt-5.6-luna_20260723_010000\output\facts_3f9a289d14e7.ttl;Fault identification;255,196,247,210,48;255,216,247,13,50;True;True;True;0.514000;0.514000;0.511800;0.510000;5;5;0.628043;0.685399
1410;extraction_papers\ontocast_runs\run_remaining_500_gpt-5.6-luna_20260723_010000\output\facts_3fc569199c15.ttl;Health assessment;239,153,154,193,7;239,104,7,31,221;True;True;True;0.597000;0.597000;0.596000;0.588400;4;5;0.464566;0.590350
1411;extraction_papers\ontocast_runs\run_remaining_500_gpt-5.6-luna_20260723_010000\output\facts_4015a44e79dd.ttl;Fault identification;203,255,189,216,196;203,201,247,210,216;True;True;True;0.524000;0.524000;0.522400;0.516400;5;5;0.531235;0.692341
1412;extraction_papers\ontocast_runs\run_remaining_500_gpt-5.6-luna_20260723_010000\output\facts_41383d7ce5b4.ttl;Fault identification;255,252,201,202,176;255,216,247,13,176;True;True;True;0.512000;0.512000;0.507200;0.504800;5;5;0.445223;0.680473
1413;extraction_papers\ontocast_runs\run_remaining_500_gpt-5.6-luna_20260723_010000\output\facts_42209aa8ee1b.ttl;Remaining useful life estimation;35,37,36,28,30;35,36,115,37,30;True;True;True;0.546000;0.546000;0.546000;0.546000;4;5;0.268100;0.290129
1414;extraction_papers\ontocast_runs\run_remaining_500_gpt-5.6-luna_20260723_010000\output\facts_42de4fbdda0f.ttl;Health assessment;31,38,104,173,227;31,213,193,104,173;True;True;True;0.515000;0.515000;0.512200;0.508400;5;5;0.489165;0.614987
1415;extraction_papers\ontocast_runs\run_remaining_500_gpt-5.6-luna_20260723_010000\output\facts_43094ea664ab.ttl;Fault detection;200,98,209,211,191;200,215,166,218,211;True;True;True;0.530000;0.530000;0.518000;0.513600;5;5;0.419841;0.619877
1416;extraction_papers\ontocast_runs\run_remaining_500_gpt-5.6-luna_20260723_010000\output\facts_454514024d48.ttl;Remaining useful life estimation;181,234,232,233,15;181,249,233,128,122;True;True;True;0.544000;0.544000;0.535200;0.535200;5;5;0.341788;0.562464
1417;extraction_papers\ontocast_runs\run_remaining_500_gpt-5.6-luna_20260723_010000\output\facts_459413046140.ttl;Fault feature extraction;190,17,235,70,18;190,70,229,198,235;True;True;True;0.529000;0.529000;0.520200;0.514400;4;5;0.497984;0.605755
1418;extraction_papers\ontocast_runs\run_remaining_500_gpt-5.6-luna_20260723_010000\output\facts_459ef212549b.ttl;Fault detection;98,209,211,191,72;98,218,211,215,209;True;True;True;0.519000;0.519000;0.517400;0.514400;5;5;0.470218;0.575777
1419;extraction_papers\ontocast_runs\run_remaining_500_gpt-5.6-luna_20260723_010000\output\facts_45f5df6effd5.ttl;Fault detection;42,41,44,43,46;42,20,34,44,166;True;True;True;0.534000;0.534000;0.534000;0.530200;5;5;0.296792;0.441435
1420;extraction_papers\ontocast_runs\run_remaining_500_gpt-5.6-luna_20260723_010000\output\facts_4634bb445c64.ttl;Fault detection;209,211,191,20,166;209,166,211,33,44;True;True;True;0.518000;0.518000;0.515200;0.512200;5;5;0.560344;0.574158
1421;extraction_papers\ontocast_runs\run_remaining_500_gpt-5.6-luna_20260723_010000\output\facts_464a329c89ed.ttl;Health assessment;31,38,104,227,73;31,213,239,104,221;True;True;True;0.546000;0.546000;0.531600;0.520600;5;5;0.457332;0.592777
1422;extraction_papers\ontocast_runs\run_remaining_500_gpt-5.6-luna_20260723_010000\output\facts_46f189ae61aa.ttl;Remaining useful life estimation;75,74,76,35,37;75,35,74,36,119;True;True;True;0.589000;0.589000;0.588200;0.587800;5;5;0.311501;0.374711
1423;extraction_papers\ontocast_runs\run_remaining_500_gpt-5.6-luna_20260723_010000\output\facts_473c53917748.ttl;Remaining useful life estimation;59,58,60,237,223;59,60,120,30,237;True;True;True;0.517000;0.517000;0.515000;0.513200;5;5;0.379223;0.434308
1424;extraction_papers\ontocast_runs\run_remaining_500_gpt-5.6-luna_20260723_010000\output\facts_47473d80f1bc.ttl;Remaining useful life estimation;108,223,127,69,35;108,223,30,69,120;True;True;True;0.505000;0.505000;0.504400;0.504400;5;5;0.519224;0.530523
1425;extraction_papers\ontocast_runs\run_remaining_500_gpt-5.6-luna_20260723_010000\output\facts_4793bc961674.ttl;Fault identification;252,255,243,244,210;252,210,212,216,255;True;True;True;0.515000;0.515000;0.507600;0.507200;4;5;0.459268;0.628691
1426;extraction_papers\ontocast_runs\run_remaining_500_gpt-5.6-luna_20260723_010000\output\facts_47ca90cdb761.ttl;Fault detection;215,200,42,41,44;215,200,44,34,19;True;True;True;0.529000;0.529000;0.525600;0.523800;5;5;0.543661;0.532748
1427;extraction_papers\ontocast_runs\run_remaining_500_gpt-5.6-luna_20260723_010000\output\facts_4809b62a29f9.ttl;Fault identification;210,48,50,49,212;210,48,212,216,243;True;True;True;0.529000;0.529000;0.529000;0.523400;5;5;0.587880;0.627581
1428;extraction_papers\ontocast_runs\run_remaining_500_gpt-5.6-luna_20260723_010000\output\facts_485f337ce59a.ttl;Fault detection;200,215,166,167,209;200,215,166,218,211;True;True;True;0.521000;0.521000;0.516000;0.515400;4;5;0.561885;0.619877
1429;extraction_papers\ontocast_runs\run_remaining_500_gpt-5.6-luna_20260723_010000\output\facts_4bb1cfbc8210.ttl;Fault identification;243,244,238,255,196;243,247,216,196,13;True;True;True;0.517000;0.517000;0.514000;0.510800;4;5;0.428098;0.674419
1430;extraction_papers\ontocast_runs\run_remaining_500_gpt-5.6-luna_20260723_010000\output\facts_4be70ad87e4e.ttl;Fault detection;215,166,167,72,209;215,200,166,218,211;True;True;True;0.518000;0.518000;0.511400;0.509000;4;5;0.528153;0.619877
1431;extraction_papers\ontocast_runs\run_remaining_500_gpt-5.6-luna_20260723_010000\output\facts_4d28a57d03c1.ttl;Health assessment;213,221,239,153,154;213,173,221,193,104;True;True;True;0.508000;0.508000;0.506400;0.504600;4;5;0.526707;0.609252
1432;extraction_papers\ontocast_runs\run_remaining_500_gpt-5.6-luna_20260723_010000\output\facts_4e71fb4e3664.ttl;Fault detection;42,41,44,43,46;42,209,211,34,44;True;True;True;0.534000;0.534000;0.534000;0.532000;5;5;0.296792;0.577508
1433;extraction_papers\ontocast_runs\run_remaining_500_gpt-5.6-luna_20260723_010000\output\facts_500c2ab9d345.ttl;Remaining useful life estimation;35,37,36,28,30;35,36,115,37,30;True;True;True;0.767000;0.767000;0.767000;0.767000;4;5;0.268100;0.290129
1434;extraction_papers\ontocast_runs\run_remaining_500_gpt-5.6-luna_20260723_010000\output\facts_503cf7b88b30.ttl;Fault detection;200,209,211,215,191;200,215,166,218,211;True;True;True;0.513000;0.513000;0.507400;0.505800;5;5;0.485599;0.619877
1435;extraction_papers\ontocast_runs\run_remaining_500_gpt-5.6-luna_20260723_010000\output\facts_51e1661fff3e.ttl;Remaining useful life estimation;121,107,147,148,149;121,223,149,226,170;True;True;True;0.511000;0.511000;0.511000;0.509800;5;5;0.373657;0.567534
1436;extraction_papers\ontocast_runs\run_remaining_500_gpt-5.6-luna_20260723_010000\output\facts_51f7076121ce.ttl;Fault detection;42,41,44,43,46;42,34,44,41,29;True;True;True;0.546000;0.546000;0.546000;0.546000;5;5;0.296792;0.352886
1437;extraction_papers\ontocast_runs\run_remaining_500_gpt-5.6-luna_20260723_010000\output\facts_527d8ef6ead9.ttl;Fault detection;98,42,41,44,43;98,42,44,72,34;True;True;True;0.523000;0.523000;0.516600;0.516600;5;5;0.307648;0.392372
1438;extraction_papers\ontocast_runs\run_remaining_500_gpt-5.6-luna_20260723_010000\output\facts_52acf1d0fb1d.ttl;Fault detection;42,41,44,43,46;42,34,44,41,29;True;True;True;0.534000;0.534000;0.534000;0.534000;5;5;0.296792;0.352886
1439;extraction_papers\ontocast_runs\run_remaining_500_gpt-5.6-luna_20260723_010000\output\facts_535a0e7a6856.ttl;Fault detection;72,195,19,175,215;72,215,44,46,42;True;True;True;0.527000;0.527000;0.520800;0.509000;5;5;0.355833;0.472333
1440;extraction_papers\ontocast_runs\run_remaining_500_gpt-5.6-luna_20260723_010000\output\facts_5370a9fac5bd.ttl;Fault detection;20,166,167,175,209;20,211,218,166,215;True;True;True;0.515000;0.515000;0.513600;0.509800;4;5;0.447804;0.609716
1441;extraction_papers\ontocast_runs\run_remaining_500_gpt-5.6-luna_20260723_010000\output\facts_54609ac6592d.ttl;Health assessment;213,173,2,188,7;213,173,221,193,104;True;True;True;0.552000;0.552000;0.517600;0.514600;5;5;0.550164;0.609252
1442;extraction_papers\ontocast_runs\run_remaining_500_gpt-5.6-luna_20260723_010000\output\facts_56314cfda697.ttl;Fault identification;216,13,246,243,244;216,247,243,13,192;True;True;True;0.523000;0.523000;0.515000;0.512400;4;5;0.512058;0.670110
1443;extraction_papers\ontocast_runs\run_remaining_500_gpt-5.6-luna_20260723_010000\output\facts_56ac328411a3.ttl;Remaining useful life estimation;75,74,76,157,158;75,15,242,74,157;True;True;True;0.583000;0.583000;0.560600;0.548200;4;5;0.331360;0.556302
1444;extraction_papers\ontocast_runs\run_remaining_500_gpt-5.6-luna_20260723_010000\output\facts_5730dc8ec3cf.ttl;Health assessment;227,173,188,7,177;227,213,221,239,104;True;True;True;0.510000;0.510000;0.509000;0.505400;4;5;0.531748;0.615902
1445;extraction_papers\ontocast_runs\run_remaining_500_gpt-5.6-luna_20260723_010000\output\facts_57f6c0a78093.ttl;Remaining useful life estimation;107,82,81,84,83;107,122,123,81,95;True;True;True;0.536000;0.536000;0.523200;0.517600;3;5;0.294145;0.564188
1446;extraction_papers\ontocast_runs\run_remaining_500_gpt-5.6-luna_20260723_010000\output\facts_58bf3f32b151.ttl;Fault detection;19,20,230,218,245;19,218,44,215,34;True;True;True;0.520000;0.520000;0.515600;0.512200;4;5;0.367841;0.569847
1447;extraction_papers\ontocast_runs\run_remaining_500_gpt-5.6-luna_20260723_010000\output\facts_5902718d1d09.ttl;Fault identification;216,196,247,203,252;216,247,196,13,243;True;True;True;0.523000;0.523000;0.519200;0.517200;5;5;0.573174;0.674419
1448;extraction_papers\ontocast_runs\run_remaining_500_gpt-5.6-luna_20260723_010000\output\facts_5b5707c091a8.ttl;Fault detection;42,41,44,43,46;42,34,44,41,29;True;True;True;0.546000;0.546000;0.546000;0.546000;5;5;0.296792;0.352886
1449;extraction_papers\ontocast_runs\run_remaining_500_gpt-5.6-luna_20260723_010000\output\facts_5bfd1659a6f9.ttl;Health assessment;221,73,188,31,38;221,239,7,104,31;True;True;True;0.539000;0.539000;0.524400;0.516000;5;5;0.366971;0.590350
1450;extraction_papers\ontocast_runs\run_remaining_500_gpt-5.6-luna_20260723_010000\output\facts_5c12913d931e.ttl;Fault detection;166,167,98,42,41;166,34,98,42,44;True;True;True;0.655000;0.655000;0.585200;0.559000;4;5;0.285635;0.356252
1451;extraction_papers\ontocast_runs\run_remaining_500_gpt-5.6-luna_20260723_010000\output\facts_5dcff467006b.ttl;Fault detection;209,42,41,44,43;209,33,34,44,41;True;True;True;0.707000;0.707000;0.707000;0.707000;5;5;0.439411;0.485920
1452;extraction_papers\ontocast_runs\run_remaining_500_gpt-5.6-luna_20260723_010000\output\facts_5e70f0903857.ttl;Fault detection;245,98,218,200,42;245,200,41,218,34;True;True;True;0.517000;0.517000;0.513600;0.511800;5;5;0.555928;0.563438
1453;extraction_papers\ontocast_runs\run_remaining_500_gpt-5.6-luna_20260723_010000\output\facts_5e7e0d3a4eac.ttl;One step future state forecast;106,10,131,132,135;106,132,135,10,134;True;True;True;0.508000;0.508000;0.502600;0.502600;5;5;0.349074;0.365515
1454;extraction_papers\ontocast_runs\run_remaining_500_gpt-5.6-luna_20260723_010000\output\facts_5ea657695774.ttl;Fault detection;20,175,42,41,44;20,44,34,33,41;True;True;True;0.522000;0.522000;0.517400;0.516400;5;5;0.429202;0.432006
1455;extraction_papers\ontocast_runs\run_remaining_500_gpt-5.6-luna_20260723_010000\output\facts_5f1c730ffac3.ttl;Fault detection;209,42,41,44,43;209,33,34,44,41;True;True;True;0.577000;0.577000;0.577000;0.577000;5;5;0.439411;0.485920
1456;extraction_papers\ontocast_runs\run_remaining_500_gpt-5.6-luna_20260723_010000\output\facts_5f3615cee7cc.ttl;Remaining useful life estimation;35,37,36,28,30;35,36,115,37,30;True;True;True;0.664000;0.664000;0.664000;0.664000;4;5;0.268100;0.290129
1457;extraction_papers\ontocast_runs\run_remaining_500_gpt-5.6-luna_20260723_010000\output\facts_6020c9f0caa2.ttl;Fault detection;209,42,41,44,43;209,33,34,44,41;True;True;True;0.577000;0.577000;0.577000;0.577000;5;5;0.439411;0.485920
1458;extraction_papers\ontocast_runs\run_remaining_500_gpt-5.6-luna_20260723_010000\output\facts_6039951e6e68.ttl;Health assessment;221,188,239,153,154;221,239,7,104,227;True;True;True;0.502000;0.502000;0.501200;0.501000;4;5;0.433593;0.610851
1459;extraction_papers\ontocast_runs\run_remaining_500_gpt-5.6-luna_20260723_010000\output\facts_606736c491cf.ttl;Remaining useful life estimation;234,232,233,15,14;234,122,249,128,16;True;True;True;0.689000;0.689000;0.689000;0.689000;4;5;0.318960;0.549456
1460;extraction_papers\ontocast_runs\run_remaining_500_gpt-5.6-luna_20260723_010000\output\facts_61448afe33a2.ttl;Health assessment;188,173,221,213,31;188,227,104,239,38;True;True;True;0.504000;0.504000;0.502000;0.501400;5;5;0.526920;0.602100
1461;extraction_papers\ontocast_runs\run_remaining_500_gpt-5.6-luna_20260723_010000\output\facts_61801de7faa6.ttl;Fault detection;98,42,41,44,43;98,42,44,34,41;True;True;True;0.536000;0.536000;0.534400;0.534400;5;5;0.307648;0.351074
1462;extraction_papers\ontocast_runs\run_remaining_500_gpt-5.6-luna_20260723_010000\output\facts_61d1b8ca213e.ttl;Fault detection;209,211,191,200,42;209,33,211,34,44;True;True;True;0.543000;0.543000;0.536000;0.531600;5;5;0.483694;0.576161
1463;extraction_papers\ontocast_runs\run_remaining_500_gpt-5.6-luna_20260723_010000\output\facts_626fc331ec69.ttl;Remaining useful life estimation;127,69,157,158,156;127,226,69,55,157;True;True;True;0.567000;0.567000;0.556200;0.551600;3;5;0.265735;0.519933
1464;extraction_papers\ontocast_runs\run_remaining_500_gpt-5.6-luna_20260723_010000\output\facts_6461b07c5e49.ttl;Remaining useful life estimation;92,35,37,36,28;92,36,112,37,30;True;True;True;0.529000;0.529000;0.519400;0.519400;4;5;0.288544;0.317687
1465;extraction_papers\ontocast_runs\run_remaining_500_gpt-5.6-luna_20260723_010000\output\facts_6485cdf21e07.ttl;Health assessment;239,153,154,193,173;239,104,7,31,221;True;True;True;0.597000;0.597000;0.596600;0.587400;4;5;0.375856;0.590350
1466;extraction_papers\ontocast_runs\run_remaining_500_gpt-5.6-luna_20260723_010000\output\facts_650a7fb7b013.ttl;Remaining useful life estimation;234,232,233,15,14;234,122,249,128,16;True;True;True;0.707000;0.707000;0.707000;0.707000;4;5;0.318960;0.549456
1467;extraction_papers\ontocast_runs\run_remaining_500_gpt-5.6-luna_20260723_010000\output\facts_66a208fdc2d6.ttl;Fault identification;203,189,201,202,176;203,201,210,216,243;True;True;True;0.523000;0.523000;0.514600;0.510400;5;5;0.555323;0.607144
1468;extraction_papers\ontocast_runs\run_remaining_500_gpt-5.6-luna_20260723_010000\output\facts_66f4714ceff7.ttl;Remaining useful life estimation;107,75,74,76,22;107,223,22,75,74;True;True;True;0.539000;0.539000;0.527400;0.524800;5;5;0.384123;0.506633
1469;extraction_papers\ontocast_runs\run_remaining_500_gpt-5.6-luna_20260723_010000\output\facts_670f54cfda24.ttl;Fault identification;252,203,189,243,244;252,189,212,13,243;True;True;True;0.546000;0.546000;0.519200;0.515400;4;5;0.463267;0.566167
1470;extraction_papers\ontocast_runs\run_remaining_500_gpt-5.6-luna_20260723_010000\output\facts_67177be8c292.ttl;Fault identification;243,244,210,48,50;243,176,216,212,13;True;True;True;0.508000;0.508000;0.506800;0.506000;4;5;0.491993;0.621168
1471;extraction_papers\ontocast_runs\run_remaining_500_gpt-5.6-luna_20260723_010000\output\facts_6772a3bbadfb.ttl;Fault detection;215,166,167,200,72;215,200,166,34,33;True;True;True;0.536000;0.536000;0.528800;0.522800;4;5;0.513474;0.534325
1472;extraction_papers\ontocast_runs\run_remaining_500_gpt-5.6-luna_20260723_010000\output\facts_67828081cd2d.ttl;Fault detection;42,41,44,43,46;42,34,44,41,29;True;True;True;0.546000;0.546000;0.546000;0.546000;5;5;0.296792;0.352886
1473;extraction_papers\ontocast_runs\run_remaining_500_gpt-5.6-luna_20260723_010000\output\facts_686ae6735d60.ttl;Fault detection;215,19,72,166,167;215,200,166,218,19;True;True;True;0.523000;0.523000;0.516000;0.514200;4;5;0.457729;0.584033
1474;extraction_papers\ontocast_runs\run_remaining_500_gpt-5.6-luna_20260723_010000\output\facts_68927456c5a2.ttl;Fault detection;42,41,44,43,46;42,195,230,34,44;True;True;True;0.515000;0.515000;0.515000;0.512400;5;5;0.296792;0.493930
1475;extraction_papers\ontocast_runs\run_remaining_500_gpt-5.6-luna_20260723_010000\output\facts_68edc7bfc419.ttl;Fault detection;166,72,230,98,209;166,209,230,72,33;True;True;True;0.581000;0.581000;0.579200;0.578800;5;5;0.457261;0.530150
1476;extraction_papers\ontocast_runs\run_remaining_500_gpt-5.6-luna_20260723_010000\output\facts_692880c67298.ttl;One step future state forecast;106,131,132,135,133;106,132,135,10,134;True;True;True;0.587000;0.587000;0.584600;0.583800;5;5;0.299580;0.365515
1477;extraction_papers\ontocast_runs\run_remaining_500_gpt-5.6-luna_20260723_010000\output\facts_6937f8f6e632.ttl;Fault feature extraction;32,253,198,190,70;32,190,229,198,235;True;True;True;0.520000;0.520000;0.517200;0.514600;5;5;0.537472;0.596786
1478;extraction_papers\ontocast_runs\run_remaining_500_gpt-5.6-luna_20260723_010000\output\facts_6a36ce857769.ttl;Fault detection;42,41,44,43,46;42,34,44,41,29;True;True;True;0.664000;0.664000;0.664000;0.664000;5;5;0.296792;0.352886
1479;extraction_papers\ontocast_runs\run_remaining_500_gpt-5.6-luna_20260723_010000\output\facts_6a4e77784ccd.ttl;Fault detection;42,41,44,43,46;42,72,44,34,98;True;True;True;0.515000;0.515000;0.515000;0.514600;5;5;0.296792;0.392372
1480;extraction_papers\ontocast_runs\run_remaining_500_gpt-5.6-luna_20260723_010000\output\facts_6a79677e8da7.ttl;Fault detection;218,245,209,211,191;218,72,211,166,230;True;True;True;0.597000;0.597000;0.590800;0.587400;5;5;0.513021;0.607158
1481;extraction_papers\ontocast_runs\run_remaining_500_gpt-5.6-luna_20260723_010000\output\facts_6b203fabc136.ttl;Fault identification;196,252,201,202,176;196,201,210,243,176;True;True;True;0.527000;0.527000;0.518600;0.514600;5;5;0.416615;0.594728
1482;extraction_papers\ontocast_runs\run_remaining_500_gpt-5.6-luna_20260723_010000\output\facts_6b8545b78ee4.ttl;Remaining useful life estimation;127,222,172,184,69;127,184,222,225,172;True;True;True;0.524000;0.524000;0.524000;0.522800;5;5;0.483043;0.504470
1483;extraction_papers\ontocast_runs\run_remaining_500_gpt-5.6-luna_20260723_010000\output\facts_6b9efd7a0165.ttl;Health assessment;239,153,154,193,227;239,104,7,31,221;True;True;True;0.598000;0.598000;0.597200;0.589800;4;5;0.372614;0.590350
1484;extraction_papers\ontocast_runs\run_remaining_500_gpt-5.6-luna_20260723_010000\output\facts_6bce914faee8.ttl;Fault detection;20,218,175,195,42;20,218,44,34,195;True;True;True;0.514000;0.514000;0.510200;0.509400;5;5;0.521587;0.576005
1485;extraction_papers\ontocast_runs\run_remaining_500_gpt-5.6-luna_20260723_010000\output\facts_6ca4f84c1511.ttl;Fault identification;252,203,243,244,189;252,247,189,255,210;True;True;True;0.559000;0.559000;0.526200;0.520400;4;5;0.463267;0.672146
1486;extraction_papers\ontocast_runs\run_remaining_500_gpt-5.6-luna_20260723_010000\output\facts_6cb8aede6e57.ttl;Remaining useful life estimation;127,69,226,157,158;127,69,226,60,157;True;True;True;0.684000;0.684000;0.596200;0.595000;4;5;0.453142;0.542249
1487;extraction_papers\ontocast_runs\run_remaining_500_gpt-5.6-luna_20260723_010000\output\facts_6d246defadfc.ttl;Fault detection;209,211,191,42,41;209,33,211,34,44;True;True;True;0.604000;0.604000;0.601200;0.599800;5;5;0.574954;0.576161
1488;extraction_papers\ontocast_runs\run_remaining_500_gpt-5.6-luna_20260723_010000\output\facts_6d3bfcb2d45a.ttl;Fault detection;19,42,41,44,43;19,44,34,33,41;True;True;True;0.517000;0.517000;0.513000;0.513000;5;5;0.382882;0.432006
1489;extraction_papers\ontocast_runs\run_remaining_500_gpt-5.6-luna_20260723_010000\output\facts_6da34c123972.ttl;Fault detection;215,42,41,44,43;215,195,44,34,33;True;True;True;0.518000;0.518000;0.515600;0.515600;5;5;0.395607;0.547430
1490;extraction_papers\ontocast_runs\run_remaining_500_gpt-5.6-luna_20260723_010000\output\facts_6e448e9baa63.ttl;One step future state forecast;131,132,135,133,134;131,10,135,132,133;True;True;True;0.508000;0.508000;0.508000;0.507000;5;5;0.241913;0.328540
1491;extraction_papers\ontocast_runs\run_remaining_500_gpt-5.6-luna_20260723_010000\output\facts_6ef0b30b64e0.ttl;Fault detection;166,167,42,41,44;166,34,33,44,41;True;True;True;0.536000;0.536000;0.528800;0.526400;4;5;0.285391;0.359297
1492;extraction_papers\ontocast_runs\run_remaining_500_gpt-5.6-luna_20260723_010000\output\facts_6f04f92f41f4.ttl;Fault detection;42,41,44,43,46;42,218,19,34,215;True;True;True;0.609000;0.609000;0.609000;0.598600;5;5;0.296792;0.568082
1493;extraction_papers\ontocast_runs\run_remaining_500_gpt-5.6-luna_20260723_010000\output\facts_6f5202a005cf.ttl;Fault detection;245,42,41,44,43;245,41,34,44,33;True;True;True;0.514000;0.514000;0.512400;0.512400;5;5;0.386541;0.421180
1494;extraction_papers\ontocast_runs\run_remaining_500_gpt-5.6-luna_20260723_010000\output\facts_6f8237fb1105.ttl;Fault detection;42,41,44,43,46;42,34,44,41,29;True;True;True;0.546000;0.546000;0.546000;0.546000;5;5;0.296792;0.352886
1495;extraction_papers\ontocast_runs\run_remaining_500_gpt-5.6-luna_20260723_010000\output\facts_70c78d1f7d9d.ttl;Health assessment;188,7,177,227,239;188,227,104,193,38;True;True;True;0.546000;0.546000;0.517600;0.514000;4;5;0.503892;0.595453
1496;extraction_papers\ontocast_runs\run_remaining_500_gpt-5.6-luna_20260723_010000\output\facts_7145880fa0ec.ttl;Fault detection;230,98,245,218,166;230,211,166,218,72;True;True;True;0.598000;0.598000;0.589200;0.585000;5;5;0.479394;0.607158
1497;extraction_papers\ontocast_runs\run_remaining_500_gpt-5.6-luna_20260723_010000\output\facts_7154c2f15adf.ttl;Fault detection;19,215,98,175,245;19,218,44,215,42;True;True;True;0.515000;0.515000;0.511600;0.508000;5;5;0.391893;0.545988
1498;extraction_papers\ontocast_runs\run_remaining_500_gpt-5.6-luna_20260723_010000\output\facts_71eaf3887b66.ttl;One step future state forecast;106,10,131,132,135;106,132,135,10,134;True;True;True;0.586000;0.586000;0.583800;0.583800;5;5;0.349074;0.365515
1499;extraction_papers\ontocast_runs\run_remaining_500_gpt-5.6-luna_20260723_010000\output\facts_72449a959f3c.ttl;Fault detection;72,42,41,44,43;72,44,230,47,41;True;True;True;0.554000;0.554000;0.538800;0.537200;5;5;0.394754;0.444942
1500;extraction_papers\ontocast_runs\run_remaining_500_gpt-5.6-luna_20260723_010000\output\facts_7341cad185f7.ttl;Fault detection;215,72,42,41,44;215,34,42,72,44;True;True;True;0.513000;0.513000;0.509400;0.509400;5;5;0.484245;0.494471
1501;extraction_papers\ontocast_runs\run_remaining_500_gpt-5.6-luna_20260723_010000\output\facts_739f1a2257d6.ttl;Remaining useful life estimation;263,262,107,234,232;263,122,249,242,128;True;True;True;0.520000;0.520000;0.518400;0.517600;4;5;0.317500;0.571001
1502;extraction_papers\ontocast_runs\run_remaining_500_gpt-5.6-luna_20260723_010000\output\facts_742569db1b34.ttl;Fault identification;247,255,238,203,243;247,238,255,201,13;True;True;True;0.542000;0.542000;0.518200;0.515800;5;5;0.587045;0.684964
1503;extraction_papers\ontocast_runs\run_remaining_500_gpt-5.6-luna_20260723_010000\output\facts_75e741edf08b.ttl;One step future state forecast;131,132,135,133,134;131,10,135,132,133;True;True;True;0.508000;0.508000;0.508000;0.507000;5;5;0.241913;0.328540
1504;extraction_papers\ontocast_runs\run_remaining_500_gpt-5.6-luna_20260723_010000\output\facts_7601be1727eb.ttl;Fault detection;42,41,44,43,46;42,195,34,44,19;True;True;True;0.565000;0.565000;0.565000;0.550400;5;5;0.296792;0.505409
1505;extraction_papers\ontocast_runs\run_remaining_500_gpt-5.6-luna_20260723_010000\output\facts_764d62b539a9.ttl;Fault detection;166,167,200,98,230;166,200,230,34,33;True;True;True;0.513000;0.513000;0.509600;0.507400;4;5;0.439524;0.482622
1506;extraction_papers\ontocast_runs\run_remaining_500_gpt-5.6-luna_20260723_010000\output\facts_774f6a062fc1.ttl;Fault detection;215,230,166,167,218;215,195,166,218,19;True;True;True;0.536000;0.536000;0.517800;0.515800;4;5;0.491611;0.579757
1507;extraction_papers\ontocast_runs\run_remaining_500_gpt-5.6-luna_20260723_010000\output\facts_77c48f15a97b.ttl;Fault detection;72,215,42,41,44;72,215,44,47,41;True;True;True;0.523000;0.523000;0.515400;0.515400;5;5;0.484245;0.469530
1508;extraction_papers\ontocast_runs\run_remaining_500_gpt-5.6-luna_20260723_010000\output\facts_79e539b9907e.ttl;Fault detection;209,42,41,44,43;209,33,34,44,41;True;True;True;0.577000;0.577000;0.577000;0.577000;5;5;0.439411;0.485920
1509;extraction_papers\ontocast_runs\run_remaining_500_gpt-5.6-luna_20260723_010000\output\facts_7af20d9d3082.ttl;Fault feature extraction;32,253,198,18,229;32,190,198,229,235;True;True;True;0.559000;0.559000;0.539400;0.527400;5;5;0.545068;0.596786
1510;extraction_papers\ontocast_runs\run_remaining_500_gpt-5.6-luna_20260723_010000\output\facts_7b45e17c92d7.ttl;Fault detection;42,41,44,43,46;42,215,34,44,41;True;True;True;0.619000;0.619000;0.619000;0.616000;5;5;0.296792;0.447706
1511;extraction_papers\ontocast_runs\run_remaining_500_gpt-5.6-luna_20260723_010000\output\facts_7dcef0231e6b.ttl;Fault detection;209,211,191,98,20;209,42,211,215,98;True;True;True;0.518000;0.518000;0.517200;0.514200;5;5;0.489856;0.579940
1512;extraction_papers\ontocast_runs\run_remaining_500_gpt-5.6-luna_20260723_010000\output\facts_7e210743000f.ttl;Fault identification;252,243,244,210,48;252,210,212,216,243;True;True;True;0.534000;0.534000;0.518800;0.518000;4;5;0.469974;0.602643
1513;extraction_papers\ontocast_runs\run_remaining_500_gpt-5.6-luna_20260723_010000\output\facts_7fdad9a52dc6.ttl;Fault identification;247,13,246,201,202;247,201,13,212,216;True;True;True;0.525000;0.525000;0.516600;0.514800;5;5;0.671108;0.698115
1514;extraction_papers\ontocast_runs\run_remaining_500_gpt-5.6-luna_20260723_010000\output\facts_800ab1cc29a2.ttl;Health assessment;239,153,154,193,7;239,104,7,31,221;True;True;True;0.511000;0.511000;0.510400;0.506200;4;5;0.464566;0.590350
1515;extraction_papers\ontocast_runs\run_remaining_500_gpt-5.6-luna_20260723_010000\output\facts_80fd96cc9371.ttl;Fault detection;166,167,98,42,41;166,34,98,42,44;True;True;True;0.655000;0.655000;0.585200;0.559000;4;5;0.285635;0.356252
1516;extraction_papers\ontocast_runs\run_remaining_500_gpt-5.6-luna_20260723_010000\output\facts_8145db8d38ec.ttl;Fault detection;166,167,98,19,200;166,218,200,215,211;True;True;True;0.515000;0.515000;0.513000;0.509200;4;5;0.424642;0.619877
1517;extraction_papers\ontocast_runs\run_remaining_500_gpt-5.6-luna_20260723_010000\output\facts_81d93d178930.ttl;Remaining useful life estimation;263,262,237,59,58;263,237,69,60,127;True;True;True;0.524000;0.524000;0.521400;0.520400;4;5;0.385762;0.515870
1518;extraction_papers\ontocast_runs\run_remaining_500_gpt-5.6-luna_20260723_010000\output\facts_8313c9633a46.ttl;Fault detection;42,41,44,43,46;42,209,211,34,44;True;True;True;0.565000;0.565000;0.565000;0.548200;5;5;0.296792;0.577508
1519;extraction_papers\ontocast_runs\run_remaining_500_gpt-5.6-luna_20260723_010000\output\facts_83aca1cd40c5.ttl;Fault detection;209,211,191,19,166;209,166,211,215,175;True;True;True;0.529000;0.529000;0.525600;0.520400;5;5;0.560344;0.602637
1520;extraction_papers\ontocast_runs\run_remaining_500_gpt-5.6-luna_20260723_010000\output\facts_84118bc90a2e.ttl;Fault detection;175,42,41,44,43;175,29,215,43,39;True;True;True;0.509000;0.509000;0.509000;0.508400;5;5;0.379920;0.475539
1521;extraction_papers\ontocast_runs\run_remaining_500_gpt-5.6-luna_20260723_010000\output\facts_846e4da09ef1.ttl;Fault detection;42,41,44,43,46;42,34,44,166,98;True;True;True;0.521000;0.521000;0.521000;0.521000;5;5;0.296792;0.356252
1522;extraction_papers\ontocast_runs\run_remaining_500_gpt-5.6-luna_20260723_010000\output\facts_85052b5fde74.ttl;Fault identification;196,201,202,176,216;196,201,247,13,216;True;True;True;0.517000;0.517000;0.514400;0.511800;5;5;0.523643;0.704065
1523;extraction_papers\ontocast_runs\run_remaining_500_gpt-5.6-luna_20260723_010000\output\facts_854f9525f7c2.ttl;Health assessment;31,38,104,221,213;31,104,38,7,239;True;True;True;0.664000;0.664000;0.604200;0.601200;5;5;0.510601;0.571125
1524;extraction_papers\ontocast_runs\run_remaining_500_gpt-5.6-luna_20260723_010000\output\facts_8558c8b8a2da.ttl;Remaining useful life estimation;127,69,226,35,37;127,226,69,30,120;True;True;True;0.601000;0.601000;0.565800;0.565800;5;5;0.471954;0.484702
1525;extraction_papers\ontocast_runs\run_remaining_500_gpt-5.6-luna_20260723_010000\output\facts_85fbda59e3ca.ttl;Fault detection;215,166,167,72,209;215,200,166,218,211;True;True;True;0.518000;0.518000;0.511400;0.509000;4;5;0.528153;0.619877
1526;extraction_papers\ontocast_runs\run_remaining_500_gpt-5.6-luna_20260723_010000\output\facts_8621a17b378c.ttl;Fault feature extraction;190,235,18,70,32;190,70,229,198,235;True;True;True;0.518000;0.518000;0.510000;0.508200;5;5;0.547974;0.605755
1527;extraction_papers\ontocast_runs\run_remaining_500_gpt-5.6-luna_20260723_010000\output\facts_8699c9dda289.ttl;Fault detection;72,195,19,215,166;72,215,44,46,42;True;True;True;0.527000;0.527000;0.515000;0.509000;5;5;0.492504;0.472333
1528;extraction_papers\ontocast_runs\run_remaining_500_gpt-5.6-luna_20260723_010000\output\facts_874a0e0b2027.ttl;Remaining useful life estimation;226,59,58,60,127;226,60,69,155,127;True;True;True;0.573000;0.573000;0.543000;0.534800;5;5;0.464700;0.567162
1529;extraction_papers\ontocast_runs\run_remaining_500_gpt-5.6-luna_20260723_010000\output\facts_87f23e08e1f1.ttl;Fault detection;209,42,41,44,43;209,33,34,44,41;True;True;True;0.577000;0.577000;0.577000;0.577000;5;5;0.439411;0.485920
1530;extraction_papers\ontocast_runs\run_remaining_500_gpt-5.6-luna_20260723_010000\output\facts_88b06e430dd2.ttl;Fault detection;215,175,245,166,167;215,200,166,218,211;True;True;True;0.509000;0.509000;0.508400;0.507400;4;5;0.467550;0.619877
1531;extraction_papers\ontocast_runs\run_remaining_500_gpt-5.6-luna_20260723_010000\output\facts_892f9ff654a7.ttl;Remaining useful life estimation;59,58,60,35,37;59,60,120,30,36;True;True;True;0.620000;0.620000;0.614400;0.611600;5;5;0.364496;0.433045
1532;extraction_papers\ontocast_runs\run_remaining_500_gpt-5.6-luna_20260723_010000\output\facts_89c528ad5243.ttl;Fault detection;209,211,215,191,218;209,166,211,215,72;True;True;True;0.513000;0.513000;0.512000;0.510600;5;5;0.534322;0.601844
1533;extraction_papers\ontocast_runs\run_remaining_500_gpt-5.6-luna_20260723_010000\output\facts_89e8038cd325.ttl;Health assessment;221,73,213,2,173;221,239,213,173,104;True;True;True;0.640000;0.640000;0.617600;0.605800;5;5;0.427578;0.621041
1534;extraction_papers\ontocast_runs\run_remaining_500_gpt-5.6-luna_20260723_010000\output\facts_8ac05466939c.ttl;Fault feature extraction;32,253,198,17,235;32,198,229,253,190;True;True;True;0.664000;0.664000;0.603600;0.602200;5;5;0.452377;0.607961
1535;extraction_papers\ontocast_runs\run_remaining_500_gpt-5.6-luna_20260723_010000\output\facts_8ad1ddeb43e5.ttl;Remaining useful life estimation;121,222,184,263,262;121,122,222,263,123;True;True;True;0.521000;0.521000;0.515400;0.514200;4;5;0.430495;0.555798
1536;extraction_papers\ontocast_runs\run_remaining_500_gpt-5.6-luna_20260723_010000\output\facts_8b7895e3d200.ttl;Fault detection;209,42,41,44,43;209,33,34,44,41;True;True;True;0.577000;0.577000;0.577000;0.577000;5;5;0.439411;0.485920
1537;extraction_papers\ontocast_runs\run_remaining_500_gpt-5.6-luna_20260723_010000\output\facts_8c1ece5d3ef1.ttl;Health assessment;31,38,104,73,188;31,7,104,239,221;True;True;True;0.605000;0.605000;0.601600;0.594400;5;5;0.477380;0.590350
1538;extraction_papers\ontocast_runs\run_remaining_500_gpt-5.6-luna_20260723_010000\output\facts_8d30ba7f5b7b.ttl;Health assessment;31,38,104,173,2;31,213,193,221,104;True;True;True;0.515000;0.515000;0.514600;0.510200;5;5;0.477592;0.580062
1539;extraction_papers\ontocast_runs\run_remaining_500_gpt-5.6-luna_20260723_010000\output\facts_8d35672305df.ttl;Fault detection;19,200,195,215,20;19,211,44,215,200;True;True;True;0.514000;0.514000;0.513000;0.511600;4;5;0.397340;0.597671
1540;extraction_papers\ontocast_runs\run_remaining_500_gpt-5.6-luna_20260723_010000\output\facts_8d8b1b0aa7e4.ttl;Health assessment;213,31,38,104,239;213,173,221,193,104;True;True;True;0.501000;0.501000;0.501000;0.500800;5;5;0.587605;0.609252
1541;extraction_papers\ontocast_runs\run_remaining_500_gpt-5.6-luna_20260723_010000\output\facts_8e2fb5424178.ttl;Health assessment;221,188,213,73,31;221,239,7,104,173;True;True;True;0.531000;0.531000;0.520800;0.514400;5;5;0.413344;0.613013
1542;extraction_papers\ontocast_runs\run_remaining_500_gpt-5.6-luna_20260723_010000\output\facts_8e9b4e4896e7.ttl;Health assessment;213,227,173,73,31;213,173,221,193,104;True;True;True;0.527000;0.527000;0.514200;0.511600;5;5;0.536132;0.609252
1543;extraction_papers\ontocast_runs\run_remaining_500_gpt-5.6-luna_20260723_010000\output\facts_8f8e35756c95.ttl;Remaining useful life estimation;107,157,158,156,127;107,223,157,208,69;True;True;True;0.598000;0.598000;0.598000;0.594400;3;5;0.322032;0.586520
1544;extraction_papers\ontocast_runs\run_remaining_500_gpt-5.6-luna_20260723_010000\output\facts_90046e067fc5.ttl;Remaining useful life estimation;75,74,76,157,158;75,226,157,74,127;True;True;True;0.552000;0.552000;0.548800;0.536000;4;5;0.331360;0.471193
1545;extraction_papers\ontocast_runs\run_remaining_500_gpt-5.6-luna_20260723_010000\output\facts_91405671917c.ttl;Remaining useful life estimation;181,204,256,35,37;181,111,256,30,37;True;True;True;0.520000;0.520000;0.512600;0.511800;5;5;0.470232;0.478287
1546;extraction_papers\ontocast_runs\run_remaining_500_gpt-5.6-luna_20260723_010000\output\facts_91df9176f791.ttl;Remaining useful life estimation;107,222,184,223,169;107,223,222,233,16;True;True;True;0.517000;0.517000;0.514200;0.513400;5;5;0.526763;0.537594
1547;extraction_papers\ontocast_runs\run_remaining_500_gpt-5.6-luna_20260723_010000\output\facts_929e8eacab06.ttl;Fault identification;252,203,189,243,244;252,189,212,13,243;True;True;True;0.546000;0.546000;0.519200;0.515400;4;5;0.463267;0.566167
1548;extraction_papers\ontocast_runs\run_remaining_500_gpt-5.6-luna_20260723_010000\output\facts_931d2045891f.ttl;One step future state forecast;10,106,131,132,135;10,134,132,106,135;True;True;True;0.526000;0.526000;0.510600;0.510600;5;5;0.349074;0.365515
1549;extraction_papers\ontocast_runs\run_remaining_500_gpt-5.6-luna_20260723_010000\output\facts_94baf47856f2.ttl;Fault detection;20,19,72,209,211;20,211,44,215,42;True;True;True;0.510000;0.510000;0.507600;0.506000;4;5;0.410885;0.582696
1550;extraction_papers\ontocast_runs\run_remaining_500_gpt-5.6-luna_20260723_010000\output\facts_958c5788cbb4.ttl;Fault detection;42,41,44,43,46;42,34,44,41,29;True;True;True;0.664000;0.664000;0.664000;0.664000;5;5;0.296792;0.352886
1551;extraction_papers\ontocast_runs\run_remaining_500_gpt-5.6-luna_20260723_010000\output\facts_95da473de9aa.ttl;Fault detection;42,41,44,43,46;42,72,44,34,98;True;True;True;0.515000;0.515000;0.515000;0.514600;5;5;0.296792;0.392372
1552;extraction_papers\ontocast_runs\run_remaining_500_gpt-5.6-luna_20260723_010000\output\facts_9779d21369c9.ttl;Fault identification;247,252,255,196,216;247,201,189,255,176;True;True;True;0.515000;0.515000;0.512600;0.509200;5;5;0.638161;0.678322
1553;extraction_papers\ontocast_runs\run_remaining_500_gpt-5.6-luna_20260723_010000\output\facts_97b4ec133f74.ttl;Remaining useful life estimation;234,232,233,15,14;234,122,249,128,16;True;True;True;0.543000;0.543000;0.543000;0.543000;4;5;0.318960;0.549456
1554;extraction_papers\ontocast_runs\run_remaining_500_gpt-5.6-luna_20260723_010000\output\facts_9876407b52cf.ttl;Health assessment;227,73,239,221,153;227,213,221,193,104;True;True;True;0.522000;0.522000;0.514800;0.510800;5;5;0.434629;0.603224
1555;extraction_papers\ontocast_runs\run_remaining_500_gpt-5.6-luna_20260723_010000\output\facts_992eca23346f.ttl;Remaining useful life estimation;207,208,169,8,178;207,149,256,169,8;True;True;True;0.550000;0.550000;0.535200;0.527600;4;5;0.403079;0.538549
1556;extraction_papers\ontocast_runs\run_remaining_500_gpt-5.6-luna_20260723_010000\output\facts_997ba1e83522.ttl;Health assessment;239,153,154,193,213;239,104,7,73,213;True;True;True;0.543000;0.543000;0.539800;0.526000;4;5;0.507345;0.576284
1557;extraction_papers\ontocast_runs\run_remaining_500_gpt-5.6-luna_20260723_010000\output\facts_99836d643bbf.ttl;Health assessment;31,38,239,213,221;31,213,239,221,104;True;True;True;0.577000;0.577000;0.577000;0.577000;5;5;0.562146;0.592777
1558;extraction_papers\ontocast_runs\run_remaining_500_gpt-5.6-luna_20260723_010000\output\facts_9b3a73543329.ttl;Fault detection;230,245,218,175,166;230,211,166,218,72;True;True;True;0.509000;0.509000;0.506400;0.505200;5;5;0.520024;0.607158
1559;extraction_papers\ontocast_runs\run_remaining_500_gpt-5.6-luna_20260723_010000\output\facts_9c32faf39d38.ttl;Health assessment;31,38,239,213,221;31,213,239,221,104;True;True;True;0.577000;0.577000;0.577000;0.577000;5;5;0.562146;0.592777
1560;extraction_papers\ontocast_runs\run_remaining_500_gpt-5.6-luna_20260723_010000\output\facts_9c7c6b0864ab.ttl;Remaining useful life estimation;226,59,58,60,204;226,60,58,55,127;True;True;True;0.590000;0.590000;0.577800;0.558400;5;5;0.485048;0.544594
1561;extraction_papers\ontocast_runs\run_remaining_500_gpt-5.6-luna_20260723_010000\output\facts_9c8b15693d26.ttl;Remaining useful life estimation;51,53,52,55,54;51,207,204,36,55;True;True;True;0.577000;0.577000;0.577000;0.577000;4;5;0.287092;0.541169
1562;extraction_papers\ontocast_runs\run_remaining_500_gpt-5.6-luna_20260723_010000\output\facts_9d4c5911e7e3.ttl;Health assessment;31,38,104,227,188;31,213,104,239,221;True;True;True;0.559000;0.559000;0.541400;0.527400;5;5;0.545430;0.592777
1563;extraction_papers\ontocast_runs\run_remaining_500_gpt-5.6-luna_20260723_010000\output\facts_9e5bfe950a14.ttl;Fault detection;200,20,230,19,209;200,44,230,211,20;True;True;True;0.512000;0.512000;0.509400;0.508400;4;5;0.312500;0.550571
1564;extraction_papers\ontocast_runs\run_remaining_500_gpt-5.6-luna_20260723_010000\output\facts_9e7a0cc451f9.ttl;Health assessment;188,239,153,154,193;188,227,104,193,38;True;True;True;0.509000;0.509000;0.506600;0.505800;4;5;0.438629;0.595453
1565;extraction_papers\ontocast_runs\run_remaining_500_gpt-5.6-luna_20260723_010000\output\facts_9e9b25268747.ttl;Health assessment;213,31,38,104,221;213,173,221,193,104;True;True;True;0.504000;0.504000;0.504000;0.503400;5;5;0.510601;0.609252
1566;extraction_papers\ontocast_runs\run_remaining_500_gpt-5.6-luna_20260723_010000\output\facts_9f2c1cdabe89.ttl;Fault detection;42,41,44,43,46;42,230,34,44,41;True;True;True;0.622000;0.622000;0.622000;0.616600;5;5;0.296792;0.424573
1567;extraction_papers\ontocast_runs\run_remaining_500_gpt-5.6-luna_20260723_010000\output\facts_9f36a5d7078a.ttl;Remaining useful life estimation;51,53,52,55,54;51,207,204,36,55;True;True;True;0.707000;0.707000;0.707000;0.707000;4;5;0.287092;0.541169
1568;extraction_papers\ontocast_runs\run_remaining_500_gpt-5.6-luna_20260723_010000\output\facts_9f496ac833c2.ttl;Health assessment;2,31,38,104,173;2,7,104,239,38;True;True;True;0.518000;0.518000;0.514000;0.510200;5;5;0.477592;0.596801
1569;extraction_papers\ontocast_runs\run_remaining_500_gpt-5.6-luna_20260723_010000\output\facts_9fbad0900ce0.ttl;Fault detection;209,42,41,44,43;209,33,34,44,41;True;True;True;0.500000;0.500000;0.500000;0.500000;5;5;0.439411;0.485920
1570;extraction_papers\ontocast_runs\run_remaining_500_gpt-5.6-luna_20260723_010000\output\facts_a090f16a9f6e.ttl;Health assessment;221,31,38,104,227;221,239,7,104,31;True;True;True;0.555000;0.555000;0.537400;0.531200;5;5;0.486901;0.590350
1571;extraction_papers\ontocast_runs\run_remaining_500_gpt-5.6-luna_20260723_010000\output\facts_a192cdbf8b1b.ttl;Fault detection;42,41,44,43,46;42,195,215,34,44;True;True;True;0.527000;0.527000;0.527000;0.524200;5;5;0.296792;0.551312
1572;extraction_papers\ontocast_runs\run_remaining_500_gpt-5.6-luna_20260723_010000\output\facts_a28b084e1b66.ttl;One step future state forecast;131,132,135,133,134;131,10,135,132,133;True;True;True;0.518000;0.518000;0.518000;0.517200;5;5;0.241913;0.328540
1573;extraction_papers\ontocast_runs\run_remaining_500_gpt-5.6-luna_20260723_010000\output\facts_a2917babd251.ttl;Fault detection;215,42,41,44,43;215,34,19,42,44;True;True;True;0.588000;0.588000;0.587200;0.587200;5;5;0.395607;0.496553
1574;extraction_papers\ontocast_runs\run_remaining_500_gpt-5.6-luna_20260723_010000\output\facts_a2f18bc5fd10.ttl;Remaining useful life estimation;51,53,52,55,54;51,207,204,36,55;True;True;True;0.500000;0.500000;0.500000;0.500000;4;5;0.287092;0.541169
1575;extraction_papers\ontocast_runs\run_remaining_500_gpt-5.6-luna_20260723_010000\output\facts_a38b4cc01b17.ttl;Remaining useful life estimation;222,184,169,35,37;222,184,120,30,169;True;True;True;0.523000;0.523000;0.520000;0.520000;5;5;0.453296;0.476045
1576;extraction_papers\ontocast_runs\run_remaining_500_gpt-5.6-luna_20260723_010000\output\facts_a39b6b2de917.ttl;Fault detection;230,42,41,44,43;230,41,72,44,34;True;True;True;0.510000;0.510000;0.509200;0.508800;5;5;0.388385;0.455584
1577;extraction_papers\ontocast_runs\run_remaining_500_gpt-5.6-luna_20260723_010000\output\facts_a4130cae873e.ttl;Remaining useful life estimation;197,204,107,172,207;197,222,208,107,60;True;True;True;0.535000;0.535000;0.522000;0.517800;5;5;0.556668;0.621653
1578;extraction_papers\ontocast_runs\run_remaining_500_gpt-5.6-luna_20260723_010000\output\facts_a421ee5aa019.ttl;Health assessment;31,38,104,227,73;31,213,239,104,221;True;True;True;0.546000;0.546000;0.531600;0.520600;5;5;0.457332;0.592777
1579;extraction_papers\ontocast_runs\run_remaining_500_gpt-5.6-luna_20260723_010000\output\facts_a6159777176f.ttl;Fault detection;209,42,41,44,43;209,33,34,44,41;True;True;True;0.577000;0.577000;0.577000;0.577000;5;5;0.439411;0.485920
1580;extraction_papers\ontocast_runs\run_remaining_500_gpt-5.6-luna_20260723_010000\output\facts_a6bd6e281258.ttl;Fault detection;19,215,98,175,245;19,218,44,215,42;True;True;True;0.515000;0.515000;0.511600;0.508000;5;5;0.391893;0.545988
1581;extraction_papers\ontocast_runs\run_remaining_500_gpt-5.6-luna_20260723_010000\output\facts_a6d58aa973c3.ttl;Health assessment;221,31,38,104,239;221,239,7,104,31;True;True;True;0.514000;0.514000;0.510400;0.510000;5;5;0.545685;0.590350
1582;extraction_papers\ontocast_runs\run_remaining_500_gpt-5.6-luna_20260723_010000\output\facts_a82a1224c806.ttl;Health assessment;213,173,2,73,7;213,173,221,193,104;True;True;True;0.595000;0.595000;0.591400;0.587600;5;5;0.528955;0.609252
1583;extraction_papers\ontocast_runs\run_remaining_500_gpt-5.6-luna_20260723_010000\output\facts_a8b5e4ff77a7.ttl;Fault detection;20,245,98,209,211;20,211,218,166,215;True;True;True;0.548000;0.548000;0.524000;0.518600;5;5;0.494839;0.609716
1584;extraction_papers\ontocast_runs\run_remaining_500_gpt-5.6-luna_20260723_010000\output\facts_a8ed53d67d62.ttl;Fault identification;247,252,13,246,196;247,238,201,255,176;True;True;True;0.518000;0.518000;0.515400;0.509600;5;5;0.606799;0.673493
1585;extraction_papers\ontocast_runs\run_remaining_500_gpt-5.6-luna_20260723_010000\output\facts_a9a7405a25fc.ttl;Fault identification;210,201,202,203,48;210,48,247,212,243;True;True;True;0.577000;0.577000;0.577000;0.577000;5;5;0.528089;0.659710
1586;extraction_papers\ontocast_runs\run_remaining_500_gpt-5.6-luna_20260723_010000\output\facts_a9a814c4137c.ttl;Health assessment;31,38,104,227,73;31,213,239,104,221;True;True;True;0.546000;0.546000;0.531600;0.520600;5;5;0.457332;0.592777
1587;extraction_papers\ontocast_runs\run_remaining_500_gpt-5.6-luna_20260723_010000\output\facts_ab08757cb1f6.ttl;Health assessment;239,153,154,193,221;239,104,7,31,221;True;True;True;0.517000;0.517000;0.516400;0.510200;4;5;0.435272;0.590350
1588;extraction_papers\ontocast_runs\run_remaining_500_gpt-5.6-luna_20260723_010000\output\facts_ac21400542c6.ttl;One step future state forecast;106,10,131,132,135;106,132,135,10,134;True;True;True;0.502000;0.502000;0.500600;0.500600;5;5;0.349074;0.365515
1589;extraction_papers\ontocast_runs\run_remaining_500_gpt-5.6-luna_20260723_010000\output\facts_ac4f9c281bfd.ttl;Fault detection;209,42,41,44,43;209,33,34,44,41;True;True;True;0.707000;0.707000;0.707000;0.707000;5;5;0.439411;0.485920
1590;extraction_papers\ontocast_runs\run_remaining_500_gpt-5.6-luna_20260723_010000\output\facts_ad0ba7e2d3af.ttl;Fault detection;42,41,44,43,46;42,34,44,41,29;True;True;True;0.791000;0.791000;0.791000;0.791000;5;5;0.296792;0.352886
1591;extraction_papers\ontocast_runs\run_remaining_500_gpt-5.6-luna_20260723_010000\output\facts_adad193aa049.ttl;Fault detection;72,19,20,175,195;72,218,166,211,230;True;True;True;0.542000;0.542000;0.516600;0.511000;4;5;0.206429;0.607158
1592;extraction_papers\ontocast_runs\run_remaining_500_gpt-5.6-luna_20260723_010000\output\facts_ae10bdfec88d.ttl;Remaining useful life estimation;35,37,36,28,30;35,36,115,37,30;True;True;True;0.664000;0.664000;0.664000;0.664000;4;5;0.268100;0.290129
1593;extraction_papers\ontocast_runs\run_remaining_500_gpt-5.6-luna_20260723_010000\output\facts_ae468cb8df63.ttl;Fault detection;20,209,211,166,167;20,211,166,33,44;True;True;True;0.519000;0.519000;0.515800;0.513400;4;5;0.552524;0.546095
1594;extraction_papers\ontocast_runs\run_remaining_500_gpt-5.6-luna_20260723_010000\output\facts_ae728c23e391.ttl;Fault identification;243,244,252,255,201;243,176,246,201,13;True;True;True;0.504000;0.504000;0.503400;0.502400;4;5;0.411288;0.597855
1595;extraction_papers\ontocast_runs\run_remaining_500_gpt-5.6-luna_20260723_010000\output\facts_afd110cb82db.ttl;Fault feature extraction;235,32,253,198,70;235,190,229,27,198;True;True;True;0.521000;0.521000;0.515600;0.511800;5;5;0.421250;0.583231
1596;extraction_papers\ontocast_runs\run_remaining_500_gpt-5.6-luna_20260723_010000\output\facts_b0087e9ce2fc.ttl;One step future state forecast;106,10,131,132,135;106,132,135,10,134;True;True;True;0.582000;0.582000;0.580600;0.580600;5;5;0.349074;0.365515
1597;extraction_papers\ontocast_runs\run_remaining_500_gpt-5.6-luna_20260723_010000\output\facts_b02caaded237.ttl;Fault detection;175,200,72,209,211;175,215,211,44,209;True;True;True;0.593000;0.593000;0.593000;0.590600;5;5;0.363524;0.597788
1598;extraction_papers\ontocast_runs\run_remaining_500_gpt-5.6-luna_20260723_010000\output\facts_b08d90731df7.ttl;One step future state forecast;131,132,135,133,134;131,10,135,132,133;True;True;True;0.523000;0.523000;0.523000;0.520400;5;5;0.241913;0.328540
1599;extraction_papers\ontocast_runs\run_remaining_500_gpt-5.6-luna_20260723_010000\output\facts_b1ff7a7499ed.ttl;Fault detection;218,98,19,230,200;218,175,211,44,230;True;True;True;0.517000;0.517000;0.512400;0.509600;5;5;0.479750;0.604679
1600;extraction_papers\ontocast_runs\run_remaining_500_gpt-5.6-luna_20260723_010000\output\facts_b2927a1cf215.ttl;Remaining useful life estimation;226,59,58,60,197;226,60,58,197,22;True;True;True;0.546000;0.546000;0.539200;0.533600;5;5;0.532688;0.575536
1601;extraction_papers\ontocast_runs\run_remaining_500_gpt-5.6-luna_20260723_010000\output\facts_b2a07349e3b9.ttl;Health assessment;188,73,31,38,104;188,227,104,193,38;True;True;True;0.515000;0.515000;0.510400;0.509000;5;5;0.477380;0.595453
1602;extraction_papers\ontocast_runs\run_remaining_500_gpt-5.6-luna_20260723_010000\output\facts_b2a4ffcab7fe.ttl;Health assessment;239,153,154,193,213;239,104,7,153,221;True;True;True;0.542000;0.542000;0.535800;0.521800;4;5;0.507345;0.591686
1603;extraction_papers\ontocast_runs\run_remaining_500_gpt-5.6-luna_20260723_010000\output\facts_b40731adfdff.ttl;Fault detection;98,42,41,44,43;98,42,44,72,34;True;True;True;0.523000;0.523000;0.516600;0.516600;5;5;0.307648;0.392372
1604;extraction_papers\ontocast_runs\run_remaining_500_gpt-5.6-luna_20260723_010000\output\facts_b45da2824e64.ttl;Remaining useful life estimation;127,69,157,158,156;127,226,69,55,157;True;True;True;0.567000;0.567000;0.556200;0.551600;3;5;0.265735;0.519933
1605;extraction_papers\ontocast_runs\run_remaining_500_gpt-5.6-luna_20260723_010000\output\facts_b4a61f0a6a20.ttl;Remaining useful life estimation;51,53,52,55,54;51,207,204,36,55;True;True;True;0.577000;0.577000;0.577000;0.577000;4;5;0.287092;0.541169
1606;extraction_papers\ontocast_runs\run_remaining_500_gpt-5.6-luna_20260723_010000\output\facts_b537faeb99d0.ttl;Fault feature extraction;32,253,198,229,17;32,190,229,198,235;True;True;True;0.509000;0.509000;0.507000;0.504800;5;5;0.545068;0.596786
1607;extraction_papers\ontocast_runs\run_remaining_500_gpt-5.6-luna_20260723_010000\output\facts_b56baf66b483.ttl;Remaining useful life estimation;127,69,204,226,92;127,204,184,76,222;True;True;True;0.522000;0.522000;0.517800;0.516000;5;5;0.575585;0.568245
1608;extraction_papers\ontocast_runs\run_remaining_500_gpt-5.6-luna_20260723_010000\output\facts_b5e935ce04bd.ttl;Fault identification;252,201,202,176,203;252,210,212,189,243;True;True;True;0.515000;0.515000;0.514000;0.511600;5;5;0.413763;0.572689
1609;extraction_papers\ontocast_runs\run_remaining_500_gpt-5.6-luna_20260723_010000\output\facts_b5ef7e801c17.ttl;Fault detection;20,195,175,98,72;20,44,215,195,34;True;True;True;0.530000;0.530000;0.518600;0.516000;5;5;0.261881;0.539842
1610;extraction_papers\ontocast_runs\run_remaining_500_gpt-5.6-luna_20260723_010000\output\facts_b62559d10800.ttl;Health assessment;31,38,104,173,2;31,213,193,221,104;True;True;True;0.515000;0.515000;0.514600;0.510200;5;5;0.477592;0.580062
1611;extraction_papers\ontocast_runs\run_remaining_500_gpt-5.6-luna_20260723_010000\output\facts_b6a121d8e218.ttl;Fault detection;209,42,41,44,43;209,33,34,44,41;True;True;True;0.577000;0.577000;0.577000;0.577000;5;5;0.439411;0.485920
1612;extraction_papers\ontocast_runs\run_remaining_500_gpt-5.6-luna_20260723_010000\output\facts_b704fb68cc76.ttl;Fault detection;166,167,98,42,41;166,34,98,42,44;True;True;True;0.655000;0.655000;0.585200;0.559000;4;5;0.285635;0.356252
1613;extraction_papers\ontocast_runs\run_remaining_500_gpt-5.6-luna_20260723_010000\output\facts_b715a415ff75.ttl;Fault identification;252,203,189,243,244;252,189,212,13,243;True;True;True;0.630000;0.630000;0.599600;0.595200;4;5;0.463267;0.566167
1614;extraction_papers\ontocast_runs\run_remaining_500_gpt-5.6-luna_20260723_010000\output\facts_b756afc27c6e.ttl;Remaining useful life estimation;226,59,58,60,127;226,60,69,55,127;True;True;True;0.664000;0.664000;0.603800;0.584600;5;5;0.464700;0.575651
1615;extraction_papers\ontocast_runs\run_remaining_500_gpt-5.6-luna_20260723_010000\output\facts_b7848c43e4e2.ttl;Fault detection;98,230,245,209,211;98,218,211,215,200;True;True;True;0.523000;0.523000;0.514400;0.510600;5;5;0.501098;0.594953
1616;extraction_papers\ontocast_runs\run_remaining_500_gpt-5.6-luna_20260723_010000\output\facts_b9675b32c53e.ttl;Fault detection;72,215,19,218,20;72,218,166,211,230;True;True;True;0.527000;0.527000;0.508400;0.506600;4;5;0.437436;0.607158
1617;extraction_papers\ontocast_runs\run_remaining_500_gpt-5.6-luna_20260723_010000\output\facts_bad5c82696ea.ttl;Remaining useful life estimation;35,37,36,28,30;35,36,115,37,30;True;True;True;0.664000;0.664000;0.664000;0.664000;4;5;0.268100;0.290129
1618;extraction_papers\ontocast_runs\run_remaining_500_gpt-5.6-luna_20260723_010000\output\facts_bb5276db5af5.ttl;Fault detection;200,166,167,98,19;200,215,166,218,211;True;True;True;0.503000;0.503000;0.501400;0.500800;4;5;0.424642;0.619877
1619;extraction_papers\ontocast_runs\run_remaining_500_gpt-5.6-luna_20260723_010000\output\facts_bc6ed95171e5.ttl;Fault detection;42,41,44,43,46;42,209,215,34,44;True;True;True;0.534000;0.534000;0.534000;0.526600;5;5;0.296792;0.549987
1620;extraction_papers\ontocast_runs\run_remaining_500_gpt-5.6-luna_20260723_010000\output\facts_bceca1cecb61.ttl;Fault feature extraction;32,253,198,17,70;32,190,198,229,235;True;True;True;0.546000;0.546000;0.530800;0.520400;5;5;0.445912;0.596786
1621;extraction_papers\ontocast_runs\run_remaining_500_gpt-5.6-luna_20260723_010000\output\facts_bd83563c2760.ttl;Health assessment;213,31,38,104,173;213,173,221,193,104;True;True;True;0.598000;0.598000;0.595600;0.593400;5;5;0.564764;0.609252
1622;extraction_papers\ontocast_runs\run_remaining_500_gpt-5.6-luna_20260723_010000\output\facts_bfd5aa76ec13.ttl;Fault detection;218,19,230,98,245;218,175,44,230,42;True;True;True;0.517000;0.517000;0.513200;0.509600;5;5;0.425072;0.555247
1623;extraction_papers\ontocast_runs\run_remaining_500_gpt-5.6-luna_20260723_010000\output\facts_c19b83e15528.ttl;Fault feature extraction;27,235,70,190,32;27,190,235,229,198;True;True;True;0.515000;0.515000;0.509600;0.508800;5;5;0.546153;0.583231
1624;extraction_papers\ontocast_runs\run_remaining_500_gpt-5.6-luna_20260723_010000\output\facts_c1a79cf788d5.ttl;Remaining useful life estimation;51,53,52,55,54;51,207,204,36,55;True;True;True;0.577000;0.577000;0.577000;0.577000;4;5;0.287092;0.541169
1625;extraction_papers\ontocast_runs\run_remaining_500_gpt-5.6-luna_20260723_010000\output\facts_c34db95e4551.ttl;Fault detection;175,195,209,211,215;175,215,211,44,209;True;True;True;0.509000;0.509000;0.506800;0.506200;5;5;0.513424;0.597788
1626;extraction_papers\ontocast_runs\run_remaining_500_gpt-5.6-luna_20260723_010000\output\facts_c368b34a1ac5.ttl;Fault feature extraction;231,18,17,190,32;231,190,229,198,235;True;True;True;0.533000;0.533000;0.512400;0.509200;4;5;0.508291;0.602278
1627;extraction_papers\ontocast_runs\run_remaining_500_gpt-5.6-luna_20260723_010000\output\facts_c4944ec42b6f.ttl;Fault detection;195,230,215,218,209;195,215,166,218,20;True;True;True;0.515000;0.515000;0.509600;0.507800;5;5;0.483635;0.579757
1628;extraction_papers\ontocast_runs\run_remaining_500_gpt-5.6-luna_20260723_010000\output\facts_c70a2f63afaf.ttl;Fault detection;98,72,42,41,44;98,42,44,72,166;True;True;True;0.523000;0.523000;0.513000;0.512400;5;5;0.393320;0.394389
1629;extraction_papers\ontocast_runs\run_remaining_500_gpt-5.6-luna_20260723_010000\output\facts_c9f7c54abe5c.ttl;Fault detection;209,42,41,44,43;209,33,34,44,41;True;True;True;0.577000;0.577000;0.577000;0.577000;5;5;0.439411;0.485920
1630;extraction_papers\ontocast_runs\run_remaining_500_gpt-5.6-luna_20260723_010000\output\facts_cbfa9564244f.ttl;One step future state forecast;10,106,131,132,135;10,134,132,106,135;True;True;True;0.508000;0.508000;0.503600;0.503600;5;5;0.349074;0.365515
1631;extraction_papers\ontocast_runs\run_remaining_500_gpt-5.6-luna_20260723_010000\output\facts_cc4a95d70392.ttl;Remaining useful life estimation;51,53,52,55,54;51,207,204,36,55;True;True;True;0.577000;0.577000;0.577000;0.577000;4;5;0.287092;0.541169
1632;extraction_papers\ontocast_runs\run_remaining_500_gpt-5.6-luna_20260723_010000\output\facts_cd82c0dc69b9.ttl;Fault identification;210,201,202,203,48;210,48,247,212,243;True;True;True;0.577000;0.577000;0.577000;0.577000;5;5;0.528089;0.659710
1633;extraction_papers\ontocast_runs\run_remaining_500_gpt-5.6-luna_20260723_010000\output\facts_ce1c41427c85.ttl;Health assessment;213,221,73,2,7;213,227,221,193,104;True;True;True;0.510000;0.510000;0.509400;0.507200;5;5;0.440492;0.603224
1634;extraction_papers\ontocast_runs\run_remaining_500_gpt-5.6-luna_20260723_010000\output\facts_ced72b29fe51.ttl;Fault detection;19,215,166,167,72;19,211,218,166,215;True;True;True;0.664000;0.664000;0.547600;0.544800;4;5;0.457729;0.609716
1635;extraction_papers\ontocast_runs\run_remaining_500_gpt-5.6-luna_20260723_010000\output\facts_cf067d9ee5a4.ttl;Fault detection;42,41,44,43,46;42,72,44,34,98;True;True;True;0.515000;0.515000;0.515000;0.514600;5;5;0.296792;0.392372
1636;extraction_papers\ontocast_runs\run_remaining_500_gpt-5.6-luna_20260723_010000\output\facts_cf1d87a8fd94.ttl;Fault detection;215,19,230,166,167;215,209,166,175,218;True;True;True;0.596000;0.596000;0.589600;0.588800;4;5;0.440830;0.585478
1637;extraction_papers\ontocast_runs\run_remaining_500_gpt-5.6-luna_20260723_010000\output\facts_d182b247ea3e.ttl;Remaining useful life estimation;172,237,35,37,36;172,237,30,120,36;True;True;True;0.521000;0.521000;0.518600;0.518600;5;5;0.302469;0.323270
1638;extraction_papers\ontocast_runs\run_remaining_500_gpt-5.6-luna_20260723_010000\output\facts_d18cf8b03641.ttl;Remaining useful life estimation;121,68,67,170,51;121,60,208,68,170;True;True;True;0.502000;0.502000;0.501200;0.500800;4;5;0.394243;0.596597
1639;extraction_papers\ontocast_runs\run_remaining_500_gpt-5.6-luna_20260723_010000\output\facts_d1cb3434b501.ttl;Fault detection;98,42,41,44,43;98,42,44,72,34;True;True;True;0.523000;0.523000;0.516600;0.516600;5;5;0.307648;0.392372
1640;extraction_papers\ontocast_runs\run_remaining_500_gpt-5.6-luna_20260723_010000\output\facts_d22f61589c6b.ttl;Fault feature extraction;32,253,198,17,70;32,190,229,198,235;True;True;True;0.523000;0.523000;0.520000;0.515000;5;5;0.445912;0.596786
1641;extraction_papers\ontocast_runs\run_remaining_500_gpt-5.6-luna_20260723_010000\output\facts_d2960e1252d9.ttl;Fault feature extraction;32,253,198,17,27;32,190,229,198,235;True;True;True;0.515000;0.515000;0.512200;0.507800;5;5;0.450663;0.596786
1642;extraction_papers\ontocast_runs\run_remaining_500_gpt-5.6-luna_20260723_010000\output\facts_d33eee2521db.ttl;Fault detection;72,195,166,167,230;72,218,166,211,230;True;True;True;0.585000;0.585000;0.584000;0.582200;4;5;0.467126;0.607158
1643;extraction_papers\ontocast_runs\run_remaining_500_gpt-5.6-luna_20260723_010000\output\facts_d385d2f0408a.ttl;Fault detection;42,41,44,43,46;42,230,34,44,215;True;True;True;0.515000;0.515000;0.515000;0.513600;5;5;0.296792;0.471325
1644;extraction_papers\ontocast_runs\run_remaining_500_gpt-5.6-luna_20260723_010000\output\facts_d3f9b4a961be.ttl;Remaining useful life estimation;35,37,36,28,30;35,36,115,37,30;True;True;True;0.546000;0.546000;0.546000;0.546000;4;5;0.268100;0.290129
1645;extraction_papers\ontocast_runs\run_remaining_500_gpt-5.6-luna_20260723_010000\output\facts_d4c1c10b7f4e.ttl;Fault detection;42,41,44,43,46;42,34,44,41,29;True;True;True;0.630000;0.630000;0.630000;0.630000;5;5;0.296792;0.352886
1646;extraction_papers\ontocast_runs\run_remaining_500_gpt-5.6-luna_20260723_010000\output\facts_d65e2fde1af0.ttl;Fault identification;243,244,210,48,50;243,247,246,212,201;True;True;True;0.500000;0.500000;0.500000;0.500000;4;5;0.491993;0.662546
1647;extraction_papers\ontocast_runs\run_remaining_500_gpt-5.6-luna_20260723_010000\output\facts_d66b61d3bacb.ttl;Fault detection;209,42,41,44,43;209,33,34,44,41;True;True;True;0.577000;0.577000;0.577000;0.577000;5;5;0.439411;0.485920
1648;extraction_papers\ontocast_runs\run_remaining_500_gpt-5.6-luna_20260723_010000\output\facts_d6a1170241c0.ttl;Fault detection;98,20,218,209,42;98,218,209,42,44;True;True;True;0.501000;0.501000;0.500400;0.500200;5;5;0.494526;0.526349
1649;extraction_papers\ontocast_runs\run_remaining_500_gpt-5.6-luna_20260723_010000\output\facts_d6d07ba7be53.ttl;Remaining useful life estimation;169,170,237,207,208;169,208,181,256,222;True;True;True;0.522000;0.522000;0.514200;0.510600;4;5;0.397453;0.596851
1650;extraction_papers\ontocast_runs\run_remaining_500_gpt-5.6-luna_20260723_010000\output\facts_d6eb41a2735f.ttl;Fault detection;166,167,98,42,41;166,34,98,167,42;True;True;True;0.756000;0.756000;0.675600;0.675600;4;4;0.285635;0.323785
1651;extraction_papers\ontocast_runs\run_remaining_500_gpt-5.6-luna_20260723_010000\output\facts_d7142ea77ea0.ttl;Remaining useful life estimation;121,169,223,234,232;121,122,16,249,128;True;True;True;0.521000;0.521000;0.514400;0.513000;5;5;0.421090;0.559301
1652;extraction_papers\ontocast_runs\run_remaining_500_gpt-5.6-luna_20260723_010000\output\facts_d76e693cac57.ttl;Fault detection;209,42,41,44,43;209,33,34,44,41;True;True;True;0.500000;0.500000;0.500000;0.500000;5;5;0.439411;0.485920
1653;extraction_papers\ontocast_runs\run_remaining_500_gpt-5.6-luna_20260723_010000\output\facts_d7c68483888e.ttl;Fault detection;200,166,167,98,230;200,166,230,34,33;True;True;True;0.527000;0.527000;0.522600;0.519400;4;5;0.439524;0.482622
1654;extraction_papers\ontocast_runs\run_remaining_500_gpt-5.6-luna_20260723_010000\output\facts_d877a5e9a05b.ttl;Fault detection;209,42,41,44,43;209,33,34,44,41;True;True;True;0.707000;0.707000;0.707000;0.707000;5;5;0.439411;0.485920
1655;extraction_papers\ontocast_runs\run_remaining_500_gpt-5.6-luna_20260723_010000\output\facts_d9fc11b05d7c.ttl;Remaining useful life estimation;170,51,53,52,55;170,208,204,55,54;True;True;True;0.500000;0.500000;0.500000;0.500000;4;5;0.313463;0.553044
1656;extraction_papers\ontocast_runs\run_remaining_500_gpt-5.6-luna_20260723_010000\output\facts_dadabd133627.ttl;One step future state forecast;131,132,135,133,134;131,10,135,132,133;True;True;True;0.515000;0.515000;0.515000;0.513000;5;5;0.241913;0.328540
1657;extraction_papers\ontocast_runs\run_remaining_500_gpt-5.6-luna_20260723_010000\output\facts_db415dbacdea.ttl;Remaining useful life estimation;234,232,233,15,14;234,122,249,128,16;True;True;True;0.621000;0.621000;0.621000;0.621000;4;5;0.318960;0.549456
1658;extraction_papers\ontocast_runs\run_remaining_500_gpt-5.6-luna_20260723_010000\output\facts_db57f5560ec2.ttl;Fault detection;42,41,44,43,46;42,215,34,44,245;True;True;True;0.527000;0.527000;0.527000;0.524200;5;5;0.296792;0.468635
1659;extraction_papers\ontocast_runs\run_remaining_500_gpt-5.6-luna_20260723_010000\output\facts_db6b9acca585.ttl;Remaining useful life estimation;121,234,232,233,15;121,122,250,128,248;True;True;True;0.527000;0.527000;0.519000;0.519000;5;5;0.348308;0.565212
1660;extraction_papers\ontocast_runs\run_remaining_500_gpt-5.6-luna_20260723_010000\output\facts_dbffc6ea378f.ttl;Remaining useful life estimation;51,53,52,55,54;51,207,204,36,55;True;True;True;0.577000;0.577000;0.577000;0.577000;4;5;0.287092;0.541169
1661;extraction_papers\ontocast_runs\run_remaining_500_gpt-5.6-luna_20260723_010000\output\facts_dc143a0d3ce7.ttl;Fault identification;210,201,202,203,48;210,48,247,212,243;True;True;True;0.577000;0.577000;0.577000;0.577000;5;5;0.528089;0.659710
1662;extraction_papers\ontocast_runs\run_remaining_500_gpt-5.6-luna_20260723_010000\output\facts_dc19997586aa.ttl;Fault detection;98,245,200,20,209;98,211,245,200,42;True;True;True;0.521000;0.521000;0.513600;0.513200;5;5;0.387910;0.541576
1663;extraction_papers\ontocast_runs\run_remaining_500_gpt-5.6-luna_20260723_010000\output\facts_dcd261d527c3.ttl;Fault detection;98,20,195,42,41;98,195,42,44,20;True;True;True;0.531000;0.531000;0.520600;0.520600;5;5;0.465891;0.473957
1664;extraction_papers\ontocast_runs\run_remaining_500_gpt-5.6-luna_20260723_010000\output\facts_dd8649c94efa.ttl;Remaining useful life estimation;172,121,127,69,234;172,16,122,242,249;True;True;True;0.530000;0.530000;0.525600;0.519600;5;5;0.443631;0.579052
1665;extraction_papers\ontocast_runs\run_remaining_500_gpt-5.6-luna_20260723_010000\output\facts_dd88997e6605.ttl;Health assessment;31,38,104,173,7;31,213,193,104,221;True;True;True;0.515000;0.515000;0.514600;0.511400;5;5;0.545681;0.580062
1666;extraction_papers\ontocast_runs\run_remaining_500_gpt-5.6-luna_20260723_010000\output\facts_ddcef1b51f01.ttl;Fault identification;216,201,202,176,255;216,255,247,13,176;True;True;True;0.513000;0.513000;0.509600;0.508200;5;5;0.553424;0.680473
1667;extraction_papers\ontocast_runs\run_remaining_500_gpt-5.6-luna_20260723_010000\output\facts_decaaa356f22.ttl;Health assessment;239,153,154,193,227;239,221,7,227,38;True;True;True;0.533000;0.533000;0.529400;0.514200;4;5;0.372614;0.559452
1668;extraction_papers\ontocast_runs\run_remaining_500_gpt-5.6-luna_20260723_010000\output\facts_df7e1d820c0d.ttl;Fault detection;209,211,191,200,42;209,33,211,34,44;True;True;True;0.543000;0.543000;0.536000;0.531600;5;5;0.483694;0.576161
1669;extraction_papers\ontocast_runs\run_remaining_500_gpt-5.6-luna_20260723_010000\output\facts_dfd5f29532e4.ttl;Fault identification;201,202,176,243,244;201,247,189,255,176;True;True;True;0.514000;0.514000;0.513200;0.508600;4;5;0.463854;0.678322
1670;extraction_papers\ontocast_runs\run_remaining_500_gpt-5.6-luna_20260723_010000\output\facts_e0371815423d.ttl;Fault detection;175,20,42,41,44;175,215,44,47,41;True;True;True;0.541000;0.541000;0.517600;0.517000;5;5;0.429202;0.470313
1671;extraction_papers\ontocast_runs\run_remaining_500_gpt-5.6-luna_20260723_010000\output\facts_e0503cea8e6c.ttl;Fault detection;72,20,175,98,195;72,218,44,211,209;True;True;True;0.530000;0.530000;0.517400;0.512800;5;5;0.261881;0.603834
1672;extraction_papers\ontocast_runs\run_remaining_500_gpt-5.6-luna_20260723_010000\output\facts_e08b9fdb8856.ttl;Fault detection;72,230,215,166,167;72,218,44,230,42;True;True;True;0.527000;0.527000;0.512400;0.511200;4;5;0.469987;0.572343
1673;extraction_papers\ontocast_runs\run_remaining_500_gpt-5.6-luna_20260723_010000\output\facts_e11d777d1644.ttl;Remaining useful life estimation;108,222,169,184,155;108,223,222,208,97;True;True;True;0.524000;0.524000;0.520400;0.516800;5;5;0.457553;0.582988
1674;extraction_papers\ontocast_runs\run_remaining_500_gpt-5.6-luna_20260723_010000\output\facts_e192b046ee2f.ttl;Fault detection;42,41,44,43,46;42,72,230,44,34;True;True;True;0.597000;0.597000;0.597000;0.595800;5;5;0.296792;0.461937
1675;extraction_papers\ontocast_runs\run_remaining_500_gpt-5.6-luna_20260723_010000\output\facts_e328568eaa47.ttl;Health assessment;239,153,154,193,73;239,104,7,73,173;True;True;True;0.533000;0.533000;0.529800;0.514600;4;5;0.389974;0.596148
1676;extraction_papers\ontocast_runs\run_remaining_500_gpt-5.6-luna_20260723_010000\output\facts_e49a2d6392c9.ttl;Fault detection;20,98,175,72,195;20,218,44,195,47;True;True;True;0.530000;0.530000;0.522200;0.515200;5;5;0.261881;0.566639
1677;extraction_papers\ontocast_runs\run_remaining_500_gpt-5.6-luna_20260723_010000\output\facts_e64107019048.ttl;Fault feature extraction;32,253,198,17,70;32,190,198,229,235;True;True;True;0.630000;0.630000;0.612600;0.600800;5;5;0.445912;0.596786
1678;extraction_papers\ontocast_runs\run_remaining_500_gpt-5.6-luna_20260723_010000\output\facts_e6b4890e4fde.ttl;Fault detection;200,166,167,98,230;200,166,230,34,33;True;True;True;0.527000;0.527000;0.522600;0.519400;4;5;0.439524;0.482622
1679;extraction_papers\ontocast_runs\run_remaining_500_gpt-5.6-luna_20260723_010000\output\facts_e6c9e8b98f0d.ttl;Health assessment;31,38,239,213,221;31,213,239,221,104;True;True;True;0.577000;0.577000;0.577000;0.577000;5;5;0.562146;0.592777
1680;extraction_papers\ontocast_runs\run_remaining_500_gpt-5.6-luna_20260723_010000\output\facts_e73fdabd018a.ttl;Fault detection;19,72,215,200,175;19,211,218,166,215;True;True;True;0.524000;0.524000;0.515400;0.511200;5;5;0.346343;0.609716
1681;extraction_papers\ontocast_runs\run_remaining_500_gpt-5.6-luna_20260723_010000\output\facts_e81b7efab900.ttl;Remaining useful life estimation;107,35,37,36,28;107,35,36,115,37;True;True;True;0.601000;0.601000;0.532200;0.532200;4;5;0.372069;0.391432
1682;extraction_papers\ontocast_runs\run_remaining_500_gpt-5.6-luna_20260723_010000\output\facts_e8454d13af94.ttl;Remaining useful life estimation;107,181,147,148,149;107,60,149,233,16;True;True;True;0.532000;0.532000;0.521000;0.517000;5;5;0.449297;0.530186
1683;extraction_papers\ontocast_runs\run_remaining_500_gpt-5.6-luna_20260723_010000\output\facts_e869c68d4742.ttl;Health assessment;173,221,239,153,154;173,213,221,193,38;True;True;True;0.515000;0.515000;0.507800;0.505800;4;5;0.417728;0.583294
1684;extraction_papers\ontocast_runs\run_remaining_500_gpt-5.6-luna_20260723_010000\output\facts_eb8d7e0a7afe.ttl;Fault detection;200,218,245,209,42;200,44,218,245,34;True;True;True;0.581000;0.581000;0.578200;0.578200;5;5;0.552409;0.569084
1685;extraction_papers\ontocast_runs\run_remaining_500_gpt-5.6-luna_20260723_010000\output\facts_ec7d4004949a.ttl;Fault detection;72,175,218,20,230;72,218,211,42,230;True;True;True;0.520000;0.520000;0.513000;0.510200;5;5;0.444415;0.609231
1686;extraction_papers\ontocast_runs\run_remaining_500_gpt-5.6-luna_20260723_010000\output\facts_ed34cd5a39f8.ttl;Remaining useful life estimation;51,53,52,55,54;51,207,204,36,55;True;True;True;0.707000;0.707000;0.707000;0.707000;4;5;0.287092;0.541169
1687;extraction_papers\ontocast_runs\run_remaining_500_gpt-5.6-luna_20260723_010000\output\facts_edd26611cd3c.ttl;Fault detection;245,72,209,20,211;245,211,41,209,72;True;True;True;0.593000;0.593000;0.588200;0.587600;5;5;0.482881;0.576570
1688;extraction_papers\ontocast_runs\run_remaining_500_gpt-5.6-luna_20260723_010000\output\facts_edeecf941976.ttl;Health assessment;2,31,38,227,104;2,7,104,239,38;True;True;True;0.518000;0.518000;0.515600;0.510600;5;5;0.473824;0.596801
1689;extraction_papers\ontocast_runs\run_remaining_500_gpt-5.6-luna_20260723_010000\output\facts_ef3405981275.ttl;Health assessment;7,177,239,153,154;7,227,104,221,193;True;True;True;0.592000;0.592000;0.590800;0.586600;3;5;0.484085;0.600430
1690;extraction_papers\ontocast_runs\run_remaining_500_gpt-5.6-luna_20260723_010000\output\facts_ef65454c5275.ttl;Fault detection;209,42,41,44,43;209,33,34,44,41;True;True;True;0.577000;0.577000;0.577000;0.577000;5;5;0.439411;0.485920
1691;extraction_papers\ontocast_runs\run_remaining_500_gpt-5.6-luna_20260723_010000\output\facts_f0f7494f9635.ttl;Health assessment;213,188,31,38,104;213,173,193,38,104;True;True;True;0.597000;0.597000;0.593400;0.590400;5;5;0.544251;0.611761
1692;extraction_papers\ontocast_runs\run_remaining_500_gpt-5.6-luna_20260723_010000\output\facts_f1cd5e21d9f6.ttl;One step future state forecast;106,10,131,132,135;106,132,135,10,134;True;True;True;0.508000;0.508000;0.503400;0.503400;5;5;0.349074;0.365515
1693;extraction_papers\ontocast_runs\run_remaining_500_gpt-5.6-luna_20260723_010000\output\facts_f23072a127c9.ttl;Remaining useful life estimation;222,184,75,74,76;222,184,120,76,30;True;True;True;0.631000;0.631000;0.623800;0.615800;5;5;0.395374;0.493185
1694;extraction_papers\ontocast_runs\run_remaining_500_gpt-5.6-luna_20260723_010000\output\facts_f30a3dd8f4ed.ttl;One step future state forecast;106,131,132,10,135;106,132,135,10,134;True;True;True;0.594000;0.594000;0.585200;0.585200;5;5;0.349074;0.365515
1695;extraction_papers\ontocast_runs\run_remaining_500_gpt-5.6-luna_20260723_010000\output\facts_f3e14d37e65c.ttl;Fault detection;215,42,41,44,43;215,200,44,34,33;True;True;True;0.509000;0.509000;0.509000;0.508800;5;5;0.395607;0.534425
1696;extraction_papers\ontocast_runs\run_remaining_500_gpt-5.6-luna_20260723_010000\output\facts_f3e1ac0209d9.ttl;Remaining useful life estimation;127,69,157,158,156;127,226,69,55,157;True;True;True;0.567000;0.567000;0.556200;0.551600;3;5;0.265735;0.519933
1697;extraction_papers\ontocast_runs\run_remaining_500_gpt-5.6-luna_20260723_010000\output\facts_f3f5d5dc739f.ttl;Fault detection;42,41,44,43,46;42,218,34,44,41;True;True;True;0.585000;0.585000;0.585000;0.571400;5;5;0.296792;0.510770
1698;extraction_papers\ontocast_runs\run_remaining_500_gpt-5.6-luna_20260723_010000\output\facts_f552323a9b17.ttl;Remaining useful life estimation;234,232,233,15,14;234,122,249,128,16;True;True;True;0.689000;0.689000;0.689000;0.689000;4;5;0.318960;0.549456
1699;extraction_papers\ontocast_runs\run_remaining_500_gpt-5.6-luna_20260723_010000\output\facts_f6f0120980fc.ttl;Remaining useful life estimation;157,158,156,127,69;157,204,226,69,127;True;True;True;0.651000;0.651000;0.606200;0.557200;3;5;0.265735;0.585393
1700;extraction_papers\ontocast_runs\run_remaining_500_gpt-5.6-luna_20260723_010000\output\facts_f73d5f570338.ttl;Fault detection;98,209,42,41,44;98,209,42,44,34;True;True;True;0.579000;0.579000;0.577400;0.577400;5;5;0.430744;0.451015
1701;extraction_papers\ontocast_runs\run_remaining_500_gpt-5.6-luna_20260723_010000\output\facts_f84b7a600d17.ttl;Health assessment;188,239,153,154,193;188,227,104,193,38;True;True;True;0.519000;0.519000;0.517400;0.511200;4;5;0.438629;0.595453
1702;extraction_papers\ontocast_runs\run_remaining_500_gpt-5.6-luna_20260723_010000\output\facts_f8f1d60c5f9c.ttl;One step future state forecast;106,10,131,132,135;106,132,135,10,134;True;True;True;0.517000;0.517000;0.506800;0.506800;5;5;0.349074;0.365515
1703;extraction_papers\ontocast_runs\run_remaining_500_gpt-5.6-luna_20260723_010000\output\facts_f9e0c3b7e92e.ttl;Fault detection;42,41,44,43,46;42,34,19,44,41;True;True;True;0.590000;0.590000;0.590000;0.576800;5;5;0.296792;0.432974
1704;extraction_papers\ontocast_runs\run_remaining_500_gpt-5.6-luna_20260723_010000\output\facts_fa331d96dfd0.ttl;Fault detection;42,41,44,43,46;42,72,44,34,98;True;True;True;0.515000;0.515000;0.515000;0.514600;5;5;0.296792;0.392372
1705;extraction_papers\ontocast_runs\run_remaining_500_gpt-5.6-luna_20260723_010000\output\facts_fae7e975c642.ttl;Fault detection;200,98,20,209,211;200,215,166,211,20;True;True;True;0.559000;0.559000;0.524600;0.521800;5;5;0.454222;0.594013
1706;extraction_papers\ontocast_runs\run_remaining_500_gpt-5.6-luna_20260723_010000\output\facts_fafefeeb3d55.ttl;Fault detection;98,42,41,44,43;98,42,44,175,34;True;True;True;0.518000;0.518000;0.514000;0.514000;5;5;0.307648;0.376337
1707;extraction_papers\ontocast_runs\run_remaining_500_gpt-5.6-luna_20260723_010000\output\facts_fb9f85d44b7e.ttl;Remaining useful life estimation;35,37,36,28,30;35,36,115,37,30;True;True;True;0.559000;0.559000;0.559000;0.559000;4;5;0.268100;0.290129
1708;extraction_papers\ontocast_runs\run_remaining_500_gpt-5.6-luna_20260723_010000\output\facts_fbe7da367282.ttl;Fault detection;218,42,41,44,43;218,34,19,42,200;True;True;True;0.514000;0.514000;0.513200;0.513200;5;5;0.449162;0.564719
1709;extraction_papers\ontocast_runs\run_remaining_500_gpt-5.6-luna_20260723_010000\output\facts_fccaa8ddd01d.ttl;Fault detection;42,41,44,43,46;42,218,34,44,215;True;True;True;0.574000;0.574000;0.574000;0.550400;5;5;0.296792;0.560855
1710;extraction_papers\ontocast_runs\run_remaining_500_gpt-5.6-luna_20260723_010000\output\facts_fd1ae1edef08.ttl;Fault detection;42,41,44,43,46;42,215,34,44,41;True;True;True;0.536000;0.536000;0.536000;0.533400;5;5;0.296792;0.447706
1711;extraction_papers\ontocast_runs\run_remaining_500_gpt-5.6-luna_20260723_010000\output\facts_fd4fd24fd715.ttl;Fault detection;72,19,209,211,215;72,218,211,166,230;True;True;True;0.539000;0.539000;0.520400;0.512600;5;5;0.518833;0.607158
1712;extraction_papers\ontocast_runs\run_remaining_500_gpt-5.6-luna_20260723_010000\output\facts_fd8c2fc0deba.ttl;Fault detection;166,167,98,200,209;166,200,211,33,98;True;True;True;0.523000;0.523000;0.521800;0.520200;4;5;0.457066;0.519830
1713;extraction_papers\ontocast_runs\run_remaining_500_gpt-5.6-luna_20260723_010000\output\facts_ff29a0eff0a3.ttl;Fault detection;166,167,98,215,245;166,200,215,98,211;True;True;True;0.654000;0.654000;0.625400;0.612200;4;5;0.416315;0.579624
1714;extraction_papers\ontocast_runs\run_remaining_500_gpt-5.6-luna_20260723_010000\output\facts_ff8c1f54a541.ttl;Remaining useful life estimation;51,53,52,55,54;51,207,204,36,55;True;True;True;0.577000;0.577000;0.577000;0.577000;4;5;0.287092;0.541169
1715;extraction_papers\ontocast_runs\run_retry_failed_106_gpt-5.6-luna_20260725_220000\output\facts_01be2c74ae5e.ttl;Fault detection;72,195,19,215,166;72,215,44,46,42;True;True;True;0.527000;0.527000;0.515000;0.509000;5;5;0.492504;0.472333
1716;extraction_papers\ontocast_runs\run_retry_failed_106_gpt-5.6-luna_20260725_220000\output\facts_0208dfb874f0.ttl;Fault identification;238,13,246,210,48;238,49,176,212,13;True;True;True;0.592000;0.592000;0.588800;0.587400;5;5;0.501659;0.613032
1717;extraction_papers\ontocast_runs\run_retry_failed_106_gpt-5.6-luna_20260725_220000\output\facts_0223a171e0d2.ttl;Fault detection;215,42,41,44,43;215,34,19,42,44;True;True;True;0.588000;0.588000;0.587200;0.587200;5;5;0.395607;0.496553
1718;extraction_papers\ontocast_runs\run_retry_failed_106_gpt-5.6-luna_20260725_220000\output\facts_057ee2d61ab9.ttl;Fault detection;20,19,166,167,230;20,211,166,218,215;True;True;True;0.522000;0.522000;0.519800;0.513000;3;5;0.394336;0.609716
1719;extraction_papers\ontocast_runs\run_retry_failed_106_gpt-5.6-luna_20260725_220000\output\facts_057fcbb86f5a.ttl;Health assessment;73,188,31,38,104;73,7,239,104,227;True;True;True;0.518000;0.518000;0.515000;0.511600;5;5;0.477380;0.596091
1720;extraction_papers\ontocast_runs\run_retry_failed_106_gpt-5.6-luna_20260725_220000\output\facts_0622eb5e2542.ttl;Remaining useful life estimation;35,37,36,28,30;35,36,115,37,30;True;True;True;0.546000;0.546000;0.546000;0.546000;4;5;0.268100;0.290129
1721;extraction_papers\ontocast_runs\run_retry_failed_106_gpt-5.6-luna_20260725_220000\output\facts_097175fccb51.ttl;Fault detection;215,209,211,191,175;215,211,209,44,175;True;True;True;0.522000;0.522000;0.515800;0.514400;5;5;0.532965;0.597788
1722;extraction_papers\ontocast_runs\run_retry_failed_106_gpt-5.6-luna_20260725_220000\output\facts_0a35a9d01d3b.ttl;Remaining useful life estimation;35,37,36,28,30;35,36,115,37,30;True;True;True;0.559000;0.559000;0.559000;0.559000;4;5;0.268100;0.290129
1723;extraction_papers\ontocast_runs\run_retry_failed_106_gpt-5.6-luna_20260725_220000\output\facts_0ace59f016bb.ttl;Fault detection;98,195,20,230,209;98,218,211,215,200;True;True;True;0.604000;0.604000;0.593000;0.590400;5;5;0.370410;0.594953
1724;extraction_papers\ontocast_runs\run_retry_failed_106_gpt-5.6-luna_20260725_220000\output\facts_0d9faa6aaa72.ttl;Remaining useful life estimation;22,21,24,23,26;22,108,92,147,149;True;True;True;0.523000;0.523000;0.523000;0.520000;3;5;0.166842;0.412727
1725;extraction_papers\ontocast_runs\run_retry_failed_106_gpt-5.6-luna_20260725_220000\output\facts_0e914695ea05.ttl;One step future state forecast;106,10,131,132,135;106,132,135,10,134;True;True;True;0.586000;0.586000;0.579600;0.579600;5;5;0.349074;0.365515
1726;extraction_papers\ontocast_runs\run_retry_failed_106_gpt-5.6-luna_20260725_220000\output\facts_10c47ec7eac9.ttl;Health assessment;227,173,73,188,7;227,213,221,193,104;True;True;True;0.510000;0.510000;0.508800;0.505000;5;5;0.534823;0.603224
1727;extraction_papers\ontocast_runs\run_retry_failed_106_gpt-5.6-luna_20260725_220000\output\facts_1327739e1297.ttl;Remaining useful life estimation;169,207,208,22,21;169,208,223,155,22;True;True;True;0.535000;0.535000;0.527400;0.522400;5;5;0.479347;0.577342
1728;extraction_papers\ontocast_runs\run_retry_failed_106_gpt-5.6-luna_20260725_220000\output\facts_16f155a3d6e0.ttl;Fault detection;19,175,215,20,230;19,44,215,34,33;True;True;True;0.515000;0.515000;0.512400;0.511000;4;5;0.341708;0.492132
1729;extraction_papers\ontocast_runs\run_retry_failed_106_gpt-5.6-luna_20260725_220000\output\facts_18a359482a7e.ttl;Fault detection;215,42,41,44,43;215,34,19,42,44;True;True;True;0.509000;0.509000;0.509000;0.509000;5;5;0.395607;0.496553
1730;extraction_papers\ontocast_runs\run_retry_failed_106_gpt-5.6-luna_20260725_220000\output\facts_1baac2332fd1.ttl;Fault detection;215,195,175,218,245;215,195,166,218,20;True;True;True;0.523000;0.523000;0.518400;0.515200;5;5;0.519227;0.579757
1731;extraction_papers\ontocast_runs\run_retry_failed_106_gpt-5.6-luna_20260725_220000\output\facts_1da4b167547b.ttl;Fault identification;216,255,238,203,189;216,255,247,13,50;True;True;True;0.598000;0.598000;0.593000;0.591000;5;5;0.531254;0.685399
1732;extraction_papers\ontocast_runs\run_retry_failed_106_gpt-5.6-luna_20260725_220000\output\facts_1e0e70ed831c.ttl;Remaining useful life estimation;51,53,52,55,54;51,207,204,36,55;True;True;True;0.577000;0.577000;0.577000;0.577000;4;5;0.287092;0.541169
1733;extraction_papers\ontocast_runs\run_retry_failed_106_gpt-5.6-luna_20260725_220000\output\facts_29104c9d16e5.ttl;Fault detection;195,20,209,211,191;195,215,166,218,20;True;True;True;0.517000;0.517000;0.514200;0.509800;5;5;0.414292;0.579757
1734;extraction_papers\ontocast_runs\run_retry_failed_106_gpt-5.6-luna_20260725_220000\output\facts_2f53dcd8b4aa.ttl;Fault detection;20,166,167,98,19;20,166,34,33,98;True;True;True;0.522000;0.522000;0.520600;0.517200;3;5;0.339131;0.397244
1735;extraction_papers\ontocast_runs\run_retry_failed_106_gpt-5.6-luna_20260725_220000\output\facts_33964ba9b8b2.ttl;Fault identification;243,244,252,196,13;243,216,196,13,252;True;True;True;0.517000;0.517000;0.514400;0.512200;4;5;0.474227;0.573307
1736;extraction_papers\ontocast_runs\run_retry_failed_106_gpt-5.6-luna_20260725_220000\output\facts_3974232ade42.ttl;Fault detection;42,41,44,43,46;42,72,44,34,98;True;True;True;0.515000;0.515000;0.515000;0.514600;5;5;0.296792;0.392372
1737;extraction_papers\ontocast_runs\run_retry_failed_106_gpt-5.6-luna_20260725_220000\output\facts_3cac35877c96.ttl;Fault detection;245,215,19,20,230;245,195,41,98,215;True;True;True;0.514000;0.514000;0.512000;0.511200;4;5;0.301750;0.524101
1738;extraction_papers\ontocast_runs\run_retry_failed_106_gpt-5.6-luna_20260725_220000\output\facts_41c75674ddfd.ttl;Remaining useful life estimation;68,67,197,35,37;68,197,120,30,36;True;True;True;0.502000;0.502000;0.501600;0.501400;4;5;0.490530;0.516297
1739;extraction_papers\ontocast_runs\run_retry_failed_106_gpt-5.6-luna_20260725_220000\output\facts_434800ee9102.ttl;Fault detection;200,230,175,19,72;200,215,44,19,47;True;True;True;0.512000;0.512000;0.509400;0.507000;5;5;0.289107;0.520193
1740;extraction_papers\ontocast_runs\run_retry_failed_106_gpt-5.6-luna_20260725_220000\output\facts_4978aedd4173.ttl;Health assessment;31,38,239,213,221;31,213,239,221,104;True;True;True;0.500000;0.500000;0.500000;0.500000;5;5;0.562146;0.592777
1741;extraction_papers\ontocast_runs\run_retry_failed_106_gpt-5.6-luna_20260725_220000\output\facts_4ad539c51bdd.ttl;Remaining useful life estimation;197,263,262,207,208;197,21,208,172,108;True;True;True;0.515000;0.515000;0.511800;0.510200;4;5;0.352916;0.581179
1742;extraction_papers\ontocast_runs\run_retry_failed_106_gpt-5.6-luna_20260725_220000\output\facts_518ea588523f.ttl;Fault detection;166,72,230,98,200;166,218,200,245,42;True;True;True;0.541000;0.541000;0.515200;0.509000;5;5;0.435364;0.589815
1743;extraction_papers\ontocast_runs\run_retry_failed_106_gpt-5.6-luna_20260725_220000\output\facts_57217e4cf0c1.ttl;Remaining useful life estimation;172,108,107,75,74;172,108,76,55,92;True;True;True;0.521000;0.521000;0.516200;0.514200;4;5;0.387595;0.464358
1744;extraction_papers\ontocast_runs\run_retry_failed_106_gpt-5.6-luna_20260725_220000\output\facts_597c86dc1f45.ttl;Fault detection;200,98,20,166,167;200,215,166,20,211;True;True;True;0.609000;0.609000;0.598800;0.594600;4;5;0.424642;0.594013
1745;extraction_papers\ontocast_runs\run_retry_failed_106_gpt-5.6-luna_20260725_220000\output\facts_5dcaad73a9a3.ttl;Fault detection;166,167,98,20,175;166,20,34,33,98;True;True;True;0.523000;0.523000;0.520000;0.517200;4;5;0.361374;0.397244
1746;extraction_papers\ontocast_runs\run_retry_failed_106_gpt-5.6-luna_20260725_220000\output\facts_5f51a3145650.ttl;Health assessment;227,221,7,177,239;227,213,221,193,7;True;True;True;0.530000;0.530000;0.520400;0.519600;4;5;0.538248;0.589802
1747;extraction_papers\ontocast_runs\run_retry_failed_106_gpt-5.6-luna_20260725_220000\output\facts_60eade06be07.ttl;Remaining useful life estimation;234,232,233,15,14;234,122,249,128,16;True;True;True;0.553000;0.553000;0.553000;0.553000;4;5;0.318960;0.549456
1748;extraction_papers\ontocast_runs\run_retry_failed_106_gpt-5.6-luna_20260725_220000\output\facts_68ed44cb6f3a.ttl;Fault identification;203,189,216,243,244;203,201,247,210,216;True;True;True;0.515000;0.515000;0.513000;0.510400;4;5;0.515748;0.692341
1749;extraction_papers\ontocast_runs\run_retry_failed_106_gpt-5.6-luna_20260725_220000\output\facts_72bbd6e7329a.ttl;Remaining useful life estimation;75,74,76,222,184;75,204,184,233,74;True;True;True;0.596000;0.596000;0.576000;0.553600;5;5;0.395374;0.562536
1750;extraction_papers\ontocast_runs\run_retry_failed_106_gpt-5.6-luna_20260725_220000\output\facts_72f8ed368da8.ttl;Fault feature extraction;18,32,17,253,198;18,229,70,190,235;True;True;True;0.515000;0.515000;0.510200;0.506200;4;5;0.419738;0.599411
1751;extraction_papers\ontocast_runs\run_retry_failed_106_gpt-5.6-luna_20260725_220000\output\facts_73b3f8b6d6a9.ttl;Remaining useful life estimation;226,59,58,60,127;226,60,69,55,127;True;True;True;0.767000;0.767000;0.697000;0.674800;5;5;0.464700;0.575651
1752;extraction_papers\ontocast_runs\run_retry_failed_106_gpt-5.6-luna_20260725_220000\output\facts_762f81c08566.ttl;Fault detection;98,230,209,211,215;98,211,215,209,42;True;True;True;0.506000;0.506000;0.501400;0.501200;5;5;0.539205;0.579940
1753;extraction_papers\ontocast_runs\run_retry_failed_106_gpt-5.6-luna_20260725_220000\output\facts_77d08ec311ea.ttl;Fault detection;20,166,167,98,19;20,166,34,33,98;True;True;True;0.522000;0.522000;0.520600;0.517200;3;5;0.339131;0.397244
1754;extraction_papers\ontocast_runs\run_retry_failed_106_gpt-5.6-luna_20260725_220000\output\facts_786670fd5149.ttl;Health assessment;227,213,31,38,104;227,213,221,239,104;True;True;True;0.506000;0.506000;0.504400;0.502800;5;5;0.559500;0.615902
1755;extraction_papers\ontocast_runs\run_retry_failed_106_gpt-5.6-luna_20260725_220000\output\facts_78bc5734ed30.ttl;Fault detection;209,211,98,191,200;209,33,211,34,44;True;True;True;0.523000;0.523000;0.522800;0.518200;5;5;0.419841;0.576161
1756;extraction_papers\ontocast_runs\run_retry_failed_106_gpt-5.6-luna_20260725_220000\output\facts_7a83d0b55d72.ttl;Remaining useful life estimation;92,108,51,53,52;92,108,5,55,125;True;True;True;0.611000;0.611000;0.597400;0.597400;5;5;0.383854;0.456391
1757;extraction_papers\ontocast_runs\run_retry_failed_106_gpt-5.6-luna_20260725_220000\output\facts_7d5923a34560.ttl;One step future state forecast;131,132,135,133,134;131,10,135,132,133;True;True;True;0.580000;0.580000;0.580000;0.579600;5;5;0.241913;0.328540
1758;extraction_papers\ontocast_runs\run_retry_failed_106_gpt-5.6-luna_20260725_220000\output\facts_7fa6b47b521f.ttl;One step future state forecast;131,132,135,133,134;131,10,135,132,133;True;True;True;0.587000;0.587000;0.587000;0.585800;5;5;0.241913;0.328540
1759;extraction_papers\ontocast_runs\run_retry_failed_106_gpt-5.6-luna_20260725_220000\output\facts_8845d890a7ef.ttl;Fault detection;98,42,41,44,43;98,42,44,72,34;True;True;True;0.523000;0.523000;0.516600;0.516600;5;5;0.307648;0.392372
1760;extraction_papers\ontocast_runs\run_retry_failed_106_gpt-5.6-luna_20260725_220000\output\facts_8eb9b6d4bd89.ttl;Remaining useful life estimation;22,21,24,23,26;22,208,181,76,172;True;True;True;0.506000;0.506000;0.506000;0.505000;3;5;0.166842;0.570576
1761;extraction_papers\ontocast_runs\run_retry_failed_106_gpt-5.6-luna_20260725_220000\output\facts_913eb9a58eaf.ttl;Remaining useful life estimation;127,69,157,158,156;127,226,69,55,157;True;True;True;0.567000;0.567000;0.556200;0.551600;3;5;0.265735;0.519933
1762;extraction_papers\ontocast_runs\run_retry_failed_106_gpt-5.6-luna_20260725_220000\output\facts_932e3eb80c16.ttl;Remaining useful life estimation;92,107,197,108,263;92,181,107,69,197;True;True;True;0.515000;0.515000;0.508000;0.507800;4;5;0.517818;0.598791
1763;extraction_papers\ontocast_runs\run_retry_failed_106_gpt-5.6-luna_20260725_220000\output\facts_95f624bceec1.ttl;Remaining useful life estimation;35,37,36,28,30;35,36,115,37,30;True;True;True;0.546000;0.546000;0.546000;0.546000;4;5;0.268100;0.290129
1764;extraction_papers\ontocast_runs\run_retry_failed_106_gpt-5.6-luna_20260725_220000\output\facts_9659aa3e1965.ttl;Fault detection;98,166,167,42,41;98,42,166,44,34;True;True;True;0.533000;0.533000;0.519800;0.518000;4;5;0.285635;0.356252
1765;extraction_papers\ontocast_runs\run_retry_failed_106_gpt-5.6-luna_20260725_220000\output\facts_96a5838a3554.ttl;Fault detection;98,209,42,41,44;98,209,42,44,34;True;True;True;0.501000;0.501000;0.500200;0.500200;5;5;0.430744;0.451015
1766;extraction_papers\ontocast_runs\run_retry_failed_106_gpt-5.6-luna_20260725_220000\output\facts_9fdba1c65cdc.ttl;Health assessment;239,153,154,193,221;239,104,7,31,221;True;True;True;0.534000;0.534000;0.531000;0.514400;4;5;0.435272;0.590350
1767;extraction_papers\ontocast_runs\run_retry_failed_106_gpt-5.6-luna_20260725_220000\output\facts_a738f196b1a3.ttl;Fault detection;195,72,230,42,41;195,44,230,34,33;True;True;True;0.595000;0.595000;0.585200;0.584600;5;5;0.504728;0.492195
1768;extraction_papers\ontocast_runs\run_retry_failed_106_gpt-5.6-luna_20260725_220000\output\facts_a77e99e90f91.ttl;Fault identification;196,203,255,189,216;196,216,13,49,189;True;True;True;0.543000;0.543000;0.521400;0.517400;5;5;0.531235;0.602395
1769;extraction_papers\ontocast_runs\run_retry_failed_106_gpt-5.6-luna_20260725_220000\output\facts_ad76ea21976d.ttl;Remaining useful life estimation;75,74,76,222,184;75,197,8,74,92;True;True;True;0.601000;0.601000;0.573000;0.554200;5;5;0.395374;0.578612
1770;extraction_papers\ontocast_runs\run_retry_failed_106_gpt-5.6-luna_20260725_220000\output\facts_ad9d56ff72a8.ttl;Health assessment;188,31,38,104,227;188,227,104,193,38;True;True;True;0.515000;0.515000;0.509600;0.508400;5;5;0.545430;0.595453
1771;extraction_papers\ontocast_runs\run_retry_failed_106_gpt-5.6-luna_20260725_220000\output\facts_b07d19e87200.ttl;Fault identification;210,48,50,49,212;210,48,247,212,243;True;True;True;0.500000;0.500000;0.500000;0.500000;5;5;0.587880;0.659710
1772;extraction_papers\ontocast_runs\run_retry_failed_106_gpt-5.6-luna_20260725_220000\output\facts_b0cb34d45b5c.ttl;Fault detection;200,98,20,166,167;200,215,166,20,211;True;True;True;0.527000;0.527000;0.518200;0.514600;4;5;0.424642;0.594013
1773;extraction_papers\ontocast_runs\run_retry_failed_106_gpt-5.6-luna_20260725_220000\output\facts_b25f6a437a51.ttl;Fault detection;166,167,98,175,42;166,175,98,42,44;True;True;True;0.536000;0.536000;0.528600;0.524400;4;5;0.342274;0.376978
1774;extraction_papers\ontocast_runs\run_retry_failed_106_gpt-5.6-luna_20260725_220000\output\facts_b2adb782929b.ttl;Fault detection;42,41,44,43,46;42,34,44,166,98;True;True;True;0.515000;0.515000;0.515000;0.514200;5;5;0.296792;0.356252
1775;extraction_papers\ontocast_runs\run_retry_failed_106_gpt-5.6-luna_20260725_220000\output\facts_b538a7d38541.ttl;Fault identification;203,189,216,243,244;203,50,247,210,216;True;True;True;0.523000;0.523000;0.519600;0.512000;4;5;0.515748;0.685360
1776;extraction_papers\ontocast_runs\run_retry_failed_106_gpt-5.6-luna_20260725_220000\output\facts_bc8411d6a7d8.ttl;Fault detection;215,166,167,72,209;215,200,166,218,211;True;True;True;0.518000;0.518000;0.511400;0.509000;4;5;0.528153;0.619877
1777;extraction_papers\ontocast_runs\run_retry_failed_106_gpt-5.6-luna_20260725_220000\output\facts_bd7efb611a78.ttl;One step future state forecast;106,10,131,132,135;106,132,135,10,134;True;True;True;0.504000;0.504000;0.502600;0.502600;5;5;0.349074;0.365515
1778;extraction_papers\ontocast_runs\run_retry_failed_106_gpt-5.6-luna_20260725_220000\output\facts_be64d4b18487.ttl;Health assessment;213,73,188,221,2;213,173,221,239,104;True;True;True;0.522000;0.522000;0.515000;0.509200;5;5;0.348547;0.621041
1779;extraction_papers\ontocast_runs\run_retry_failed_106_gpt-5.6-luna_20260725_220000\output\facts_c1788b8e6ae3.ttl;Fault feature extraction;32,17,253,190,198;32,190,229,198,235;True;True;True;0.595000;0.595000;0.595000;0.591000;5;5;0.542602;0.596786
1780;extraction_papers\ontocast_runs\run_retry_failed_106_gpt-5.6-luna_20260725_220000\output\facts_c184d051345a.ttl;Health assessment;73,188,239,153,154;73,7,239,227,213;True;True;True;0.510000;0.510000;0.507400;0.506200;4;5;0.415073;0.583047
1781;extraction_papers\ontocast_runs\run_retry_failed_106_gpt-5.6-luna_20260725_220000\output\facts_c496fb4486fe.ttl;One step future state forecast;131,132,135,133,134;131,10,135,132,133;True;True;True;0.590000;0.590000;0.590000;0.588800;5;5;0.241913;0.328540
1782;extraction_papers\ontocast_runs\run_retry_failed_106_gpt-5.6-luna_20260725_220000\output\facts_c6b53e7df067.ttl;Fault feature extraction;32,27,253,198,229;32,190,229,198,27;True;True;True;0.515000;0.515000;0.514000;0.511600;5;5;0.520022;0.601167
1783;extraction_papers\ontocast_runs\run_retry_failed_106_gpt-5.6-luna_20260725_220000\output\facts_c802bf6d9934.ttl;Fault feature extraction;32,27,235,17,18;32,190,229,198,235;True;True;True;0.577000;0.577000;0.577000;0.577000;4;5;0.424603;0.596786
1784;extraction_papers\ontocast_runs\run_retry_failed_106_gpt-5.6-luna_20260725_220000\output\facts_c9c814a46ec8.ttl;Remaining useful life estimation;157,158,156,22,21;157,21,127,69,35;True;True;True;0.527000;0.527000;0.525400;0.519800;3;5;0.257243;0.374921
1785;extraction_papers\ontocast_runs\run_retry_failed_106_gpt-5.6-luna_20260725_220000\output\facts_d0337df5bd2e.ttl;Fault detection;166,167,200,215,209;166,200,218,215,211;True;True;True;0.533000;0.533000;0.526200;0.521200;4;5;0.561885;0.619877
1786;extraction_papers\ontocast_runs\run_retry_failed_106_gpt-5.6-luna_20260725_220000\output\facts_d45d77e06d03.ttl;Health assessment;239,153,154,193,7;239,104,153,7,193;True;True;True;0.621000;0.621000;0.600400;0.579200;4;5;0.464566;0.582899
1787;extraction_papers\ontocast_runs\run_retry_failed_106_gpt-5.6-luna_20260725_220000\output\facts_d6094a109234.ttl;Fault detection;195,72,175,209,211;195,44,245,211,42;True;True;True;0.542000;0.542000;0.518000;0.512200;5;5;0.372968;0.583121
1788;extraction_papers\ontocast_runs\run_retry_failed_106_gpt-5.6-luna_20260725_220000\output\facts_d9f8809ffbc4.ttl;Remaining useful life estimation;121,147,148,149,35;121,149,112,36,147;True;True;True;0.520000;0.520000;0.517200;0.516800;5;5;0.349584;0.439342
1789;extraction_papers\ontocast_runs\run_retry_failed_106_gpt-5.6-luna_20260725_220000\output\facts_daa20f097baa.ttl;Fault detection;72,20,230,175,42;72,44,230,47,41;True;True;True;0.559000;0.559000;0.520400;0.519200;5;5;0.380088;0.444942
1790;extraction_papers\ontocast_runs\run_retry_failed_106_gpt-5.6-luna_20260725_220000\output\facts_db582593a13d.ttl;Remaining useful life estimation;181,234,232,233,15;181,249,233,128,122;True;True;True;0.544000;0.544000;0.535200;0.535200;5;5;0.341788;0.562464
1791;extraction_papers\ontocast_runs\run_retry_failed_106_gpt-5.6-luna_20260725_220000\output\facts_ddfd22b279ee.ttl;Remaining useful life estimation;51,53,52,55,54;51,207,204,36,55;True;True;True;0.577000;0.577000;0.577000;0.577000;4;5;0.287092;0.541169
1792;extraction_papers\ontocast_runs\run_retry_failed_106_gpt-5.6-luna_20260725_220000\output\facts_e03a80e0c970.ttl;One step future state forecast;10,131,132,135,133;10,134,132,106,135;True;True;True;0.589000;0.589000;0.587400;0.586400;5;5;0.328540;0.365515
1793;extraction_papers\ontocast_runs\run_retry_failed_106_gpt-5.6-luna_20260725_220000\output\facts_e45ff217208b.ttl;Fault detection;42,41,44,43,46;42,34,44,41,29;True;True;True;0.664000;0.664000;0.664000;0.664000;5;5;0.296792;0.352886
1794;extraction_papers\ontocast_runs\run_retry_failed_106_gpt-5.6-luna_20260725_220000\output\facts_e9ac71afa540.ttl;Fault identification;216,203,189,238,196;216,255,247,13,176;True;True;True;0.523000;0.523000;0.517800;0.512400;5;5;0.431554;0.680473
1795;extraction_papers\ontocast_runs\run_retry_failed_106_gpt-5.6-luna_20260725_220000\output\facts_ea107312ea02.ttl;Fault detection;20,19,72,209,211;20,211,44,215,42;True;True;True;0.510000;0.510000;0.507600;0.506000;4;5;0.410885;0.582696
1796;extraction_papers\ontocast_runs\run_retry_failed_106_gpt-5.6-luna_20260725_220000\output\facts_ea8831b64092.ttl;Fault detection;200,209,211,215,191;200,215,44,211,34;True;True;True;0.514000;0.514000;0.510000;0.509600;5;5;0.485599;0.578621
1797;extraction_papers\ontocast_runs\run_retry_failed_106_gpt-5.6-luna_20260725_220000\output\facts_f28c64e6b48f.ttl;Fault detection;215,42,41,44,43;215,200,44,34,33;True;True;True;0.509000;0.509000;0.509000;0.508800;5;5;0.395607;0.534425
1798;extraction_papers\ontocast_runs\run_retry_failed_106_gpt-5.6-luna_20260725_220000\output\facts_f4130e2616df.ttl;Fault detection;215,245,218,209,42;215,34,209,218,42;True;True;True;0.513000;0.513000;0.510600;0.510200;5;5;0.522605;0.596595
1799;extraction_papers\ontocast_runs\run_retry_failed_106_gpt-5.6-luna_20260725_220000\output\facts_f4971fc52a5d.ttl;Fault identification;203,189,243,244,252;203,201,247,210,243;True;True;True;0.523000;0.523000;0.519000;0.513400;4;5;0.463267;0.664199
1800;extraction_papers\ontocast_runs\run_retry_failed_106_gpt-5.6-luna_20260725_220000\output\facts_f6cc1ea1ac0f.ttl;Fault detection;42,41,44,43,46;42,195,215,34,44;True;True;True;0.605000;0.605000;0.605000;0.602600;5;5;0.296792;0.551312
1801;extraction_papers\ontocast_runs\run_retry_failed_106_gpt-5.6-luna_20260725_220000\output\facts_f818f5510e79.ttl;Remaining useful life estimation;172,223,222,184,225;172,226,223,155,51;True;True;True;0.533000;0.533000;0.515600;0.513400;5;5;0.564319;0.584217
1802;extraction_papers\ontocast_runs\run_retry_failed_106_gpt-5.6-luna_20260725_220000\output\facts_f8973d2f08e8.ttl;Fault detection;215,42,41,44,43;215,34,42,44,166;True;True;True;0.518000;0.518000;0.515600;0.514600;5;5;0.395607;0.457796
1803;extraction_papers\ontocast_runs\run_retry_failed_106_gpt-5.6-luna_20260725_220000\output\facts_fcec25df8534.ttl;Fault detection;72,215,166,167,98;72,215,44,47,166;True;True;True;0.507000;0.507000;0.506200;0.505400;4;5;0.430355;0.474458
1804;extraction_papers\ontocast_runs\run_retry_final_17_gpt-5.6-luna_20260726_040000\output\facts_490a449c42af.ttl;One step future state forecast;131,132,106,10,135;131,10,135,132,133;True;True;True;0.707000;0.707000;0.707000;0.707000;5;5;0.349074;0.328540
1805;extraction_papers\ontocast_runs\run_retry_final_17_gpt-5.6-luna_20260726_040000\output\facts_74ba58cd5455.ttl;Fault detection;98,42,41,44,43;98,42,44,72,34;True;True;True;0.604000;0.604000;0.596800;0.596800;5;5;0.307648;0.392372
1806;extraction_papers\ontocast_runs\run_retry_final_17_gpt-5.6-luna_20260726_040000\output\facts_7942dfd4779f.ttl;Health assessment;188,227,173,7,177;188,227,104,193,38;True;True;True;0.595000;0.595000;0.585800;0.584800;4;5;0.531748;0.595453
1807;extraction_papers\ontocast_runs\run_retry_final_17_gpt-5.6-luna_20260726_040000\output\facts_7dc648546698.ttl;Health assessment;221,31,38,104,188;221,239,7,104,31;True;True;True;0.600000;0.600000;0.593400;0.589400;5;5;0.476147;0.590350
1808;extraction_papers\ontocast_runs\run_retry_final_17_gpt-5.6-luna_20260726_040000\output\facts_af8c198ee5bc.ttl;Health assessment;239,153,154,193,7;239,104,7,73,227;True;True;True;0.597000;0.597000;0.596000;0.589800;4;5;0.464566;0.596091
1809;extraction_papers\ontocast_runs\run_retry_final_17_gpt-5.6-luna_20260726_040000\output\facts_b8bbed5b77b6.ttl;Remaining useful life estimation;234,232,233,15,14;234,122,249,128,16;True;True;True;0.689000;0.689000;0.689000;0.689000;4;5;0.318960;0.549456
1810;extraction_papers\ontocast_runs\run_retry_final_17_gpt-5.6-luna_20260726_040000\output\facts_c5c01e9a5c74.ttl;Fault detection;215,209,42,41,44;215,211,209,44,34;True;True;True;0.602000;0.602000;0.595600;0.595600;5;5;0.518542;0.612159
1811;extraction_papers\ontocast_runs\run_retry_final_17_gpt-5.6-luna_20260726_040000\output\facts_c856a1686ca0.ttl;Remaining useful life estimation;92,181,107,108,51;92,181,107,5,55;True;True;True;0.619000;0.619000;0.608000;0.607600;4;5;0.480512;0.558250
1812;extraction_papers\ontocast_runs\run_retry_final_17_gpt-5.6-luna_20260726_040000\output\facts_dec5ceac239e.ttl;One step future state forecast;10,106,131,132,135;10,134,132,106,135;True;True;True;0.508000;0.508000;0.507400;0.507400;5;5;0.349074;0.365515
1813;extraction_papers\ontocast_runs\run_retry_final_8_sanitized_gpt-5.6-luna_20260726_090000\output\facts_08b922ecd166.ttl;Remaining useful life estimation;204,108,97,127,147;204,149,108,97,69;True;True;True;0.531000;0.531000;0.521800;0.521800;5;5;0.496673;0.517939
1814;extraction_papers\ontocast_runs\run_retry_final_8_sanitized_gpt-5.6-luna_20260726_090000\output\facts_1632a6ddd186.ttl;Fault detection;72,245,218,20,209;72,218,211,166,230;True;True;True;0.595000;0.595000;0.591000;0.587800;5;5;0.447662;0.607158
1815;extraction_papers\ontocast_runs\run_retry_final_8_sanitized_gpt-5.6-luna_20260726_090000\output\facts_1b467dde5841.ttl;Health assessment;213,227,239,153,154;213,227,221,193,104;True;True;True;0.517000;0.517000;0.514000;0.511200;4;5;0.515572;0.603224
1816;extraction_papers\ontocast_runs\run_retry_final_8_sanitized_gpt-5.6-luna_20260726_090000\output\facts_b036ff041b2c.ttl;Fault detection;42,41,44,43,46;42,215,34,44,41;True;True;True;0.602000;0.602000;0.602000;0.599800;5;5;0.296792;0.447706
1817;extraction_papers\ontocast_runs\run_retry_final_8_sanitized_gpt-5.6-luna_20260726_090000\output\facts_cacb88534863.ttl;One step future state forecast;10,106,131,132,135;10,134,132,106,135;True;True;True;0.593000;0.593000;0.583600;0.583600;5;5;0.349074;0.365515
1818;extraction_papers\ontocast_runs\run_retry_final_8_sanitized_gpt-5.6-luna_20260726_090000\output\facts_d0f5cc0a6ada.ttl;One step future state forecast;106,131,132,135,133;106,132,135,10,134;True;True;True;0.589000;0.589000;0.585000;0.584400;5;5;0.299580;0.365515
1819;extraction_papers\ontocast_runs\run_retry_final_8_sanitized_gpt-5.6-luna_20260726_090000\output\facts_e2f30efd728e.ttl;One step future state forecast;106,131,132,135,133;106,132,135,10,134;True;True;True;0.502000;0.502000;0.502000;0.501800;5;5;0.299580;0.365515
1820;extraction_papers\ontocast_runs\run_retry_final_8_sanitized_gpt-5.6-luna_20260726_090000\output\facts_f2bee3e4193d.ttl;One step future state forecast;131,132,106,10,135;131,10,135,132,133;True;True;True;0.707000;0.707000;0.707000;0.707000;5;5;0.349074;0.328540
1821;extraction_papers\ontocast_runs\run_retry_paper3215_gpt-5.6-luna_20260725_220000\output\facts_4a52db9e0787.ttl;One step future state forecast;131,132,106,10,135;131,10,135,132,133;True;True;True;0.707000;0.707000;0.707000;0.707000;5;5;0.349074;0.328540
