query_index;facts_file;extracted_case_count;task;case_study_type;case_study;online_offline;input_for_model;input_type;normalization_notes;normalized_task;normalized_case_study_type;normalized_case_study;normalized_online_offline;normalized_input_for_model;normalized_input_type;top_k;pool_size
1;extraction_papers\ontocast_runs\run_100_20260611_194110\output\facts_007742b6c86c.ttl;1;Health assessment;Maintainable item;FactsHemisphereStructure;Unknown synchronization;Not reported;FactsPixelCount;case-study type dropped: Maintainable item | case study dropped: FactsHemisphereStructure | default online/offline dropped: Unknown synchronization | input-for-model dropped: Not reported | input type dropped: FactsPixelCount;Health assessment;;;;;;5;15
2;extraction_papers\ontocast_runs\run_100_20260611_194110\output\facts_021ea55a70f1.ttl;1;Remaining useful life estimation;Maintainable item;Solid/Liquid Hybrid Electrolyte Lithium-ion Battery (SLE-LIB);Unknown synchronization;Not reported;FactsImpedanceFeatures, FactsecmParametersTemperature;case-study type dropped: Maintainable item | default online/offline dropped: Unknown synchronization | input-for-model dropped: Not reported;Remaining useful life estimation;;Solid/Liquid Hybrid Electrolyte Lithium-ion Battery (SLE-LIB);;;FactsImpedanceFeatures, FactsecmParametersTemperature;5;15
3;extraction_papers\ontocast_runs\run_100_20260611_194110\output\facts_046ebc06c607.ttl;1;Fault detection;Maintainable item;FactsLongCable;Unknown synchronization;Not reported;conduction current, real component of complex permittivity, FactsSpaceCharge;case-study type dropped: Maintainable item | case study dropped: FactsLongCable | default online/offline dropped: Unknown synchronization | input-for-model dropped: Not reported;Fault detection;;;;;conduction current, real component of complex permittivity, FactsSpaceCharge;5;15
4;extraction_papers\ontocast_runs\run_100_20260611_194110\output\facts_051f27a6a164.ttl;1;Fault identification;Maintainable item;FactsCncFeedDrive;Unknown synchronization;Not reported;FactsCurrentSignal, FactsSpeedSignal, FactsTemperatureSignal, FactsVoltageSignal;case-study type dropped: Maintainable item | case study dropped: FactsCncFeedDrive | default online/offline dropped: Unknown synchronization | input-for-model dropped: Not reported;Fault identification;;;;;FactsCurrentSignal, FactsSpeedSignal, FactsTemperatureSignal, FactsVoltageSignal;5;15
5;extraction_papers\ontocast_runs\run_100_20260611_194110\output\facts_08d54e2673f7.ttl;2;Fault detection;Maintainable item;Not reported;Unknown synchronization;Not reported;Factsintegerparameter_1;case-study type dropped: Maintainable item | case study dropped: Not reported | default online/offline dropped: Unknown synchronization | input-for-model dropped: Not reported | input type dropped: Factsintegerparameter_1;Fault detection;;;;;;5;15
6;extraction_papers\ontocast_runs\run_100_20260611_194110\output\facts_098cb9c7ac60.ttl;3;Remaining useful life estimation;Maintainable item;FactsBattery1;Unknown synchronization;Not reported;FactsCapacityMeasure, charge/discharge conditions, environmental factors, internal electrochemical evolution;case-study type dropped: Maintainable item | case study dropped: FactsBattery1 | default online/offline dropped: Unknown synchronization | input-for-model dropped: Not reported;Remaining useful life estimation;;;;;FactsCapacityMeasure, charge/discharge conditions, environmental factors, internal electrochemical evolution;5;15
7;extraction_papers\ontocast_runs\run_100_20260611_194110\output\facts_0d538c41d5c9.ttl;1;One step future state forecast;Maintainable item;FactsPcdBearing;Unknown synchronization;Not reported;FactsmaxRotationalSpeed;case-study type dropped: Maintainable item | case study dropped: FactsPcdBearing | default online/offline dropped: Unknown synchronization | input-for-model dropped: Not reported | input type dropped: FactsmaxRotationalSpeed;One step future state forecast;;;;;;5;15
8;extraction_papers\ontocast_runs\run_100_20260611_194110\output\facts_0e5bc1020e80.ttl;2;Fault detection;Maintainable item;15 kg LPG pressure vessel;Unknown synchronization;Not reported;FBG strain signal;case-study type dropped: Maintainable item | default online/offline dropped: Unknown synchronization | input-for-model dropped: Not reported;Fault detection;;15 kg LPG pressure vessel;;;FBG strain signal;5;15
9;extraction_papers\ontocast_runs\run_100_20260611_194110\output\facts_1015dc489115.ttl;1;One step future state forecast;Maintainable item;Self-Excited Induction Generator;Unknown synchronization;Not reported;Capacitance variation, FactsExcitationCapacitance, load variation, rotor speed;case-study type dropped: Maintainable item | default online/offline dropped: Unknown synchronization | input-for-model dropped: Not reported;One step future state forecast;;Self-Excited Induction Generator;;;Capacitance variation, FactsExcitationCapacitance, load variation, rotor speed;5;15
10;extraction_papers\ontocast_runs\run_100_20260611_194110\output\facts_13663772d3a7.ttl;1;Fault detection;Maintainable item;Factsspindlemotor_3;Unknown synchronization;Not reported;FactsRms_2, FactsspectralEnergyRatios;case-study type dropped: Maintainable item | case study dropped: Factsspindlemotor_3 | default online/offline dropped: Unknown synchronization | input-for-model dropped: Not reported;Fault detection;;;;;FactsRms_2, FactsspectralEnergyRatios;5;15
11;extraction_papers\ontocast_runs\run_100_20260611_194110\output\facts_14cabde81b60.ttl;3;Fault identification;Maintainable item;modeled pipeline segment;Unknown synchronization;Not reported;Not reported;case-study type dropped: Maintainable item | default online/offline dropped: Unknown synchronization | input-for-model dropped: Not reported | input type dropped: Not reported;Fault identification;;modeled pipeline segment;;;;5;15
12;extraction_papers\ontocast_runs\run_100_20260611_194110\output\facts_1a71ce029db3.ttl;2;One step future state forecast;Maintainable item;real aircraft composite structure (subject under test);Unknown synchronization;Not reported;Not reported;case-study type dropped: Maintainable item | default online/offline dropped: Unknown synchronization | input-for-model dropped: Not reported | input type dropped: Not reported;One step future state forecast;;real aircraft composite structure (subject under test);;;;5;15
13;extraction_papers\ontocast_runs\run_100_20260611_194110\output\facts_1f647e26aadf.ttl;3;Fault identification;Maintainable item;cutter c4;Unknown synchronization;Not reported;FactsAcousticData, FactsDenoising, FactsMultiSensorData, FactsPrimaryCuttingForce, FactsTemperatureData, FactsTimeFrequencyInputs, FactsToolVibrations, Factsscalogram1;case-study type dropped: Maintainable item | default online/offline dropped: Unknown synchronization | input-for-model dropped: Not reported;Fault identification;;cutter c4;;;FactsAcousticData, FactsDenoising, FactsMultiSensorData, FactsPrimaryCuttingForce, FactsTemperatureData, FactsTimeFrequencyInputs, FactsToolVibrations, Factsscalogram1;5;15
14;extraction_papers\ontocast_runs\run_100_20260611_194110\output\facts_22144ece04a0.ttl;1;Fault detection;Maintainable item;44.10 kWp array;Unknown synchronization;Not reported;Not reported;case-study type dropped: Maintainable item | default online/offline dropped: Unknown synchronization | input-for-model dropped: Not reported | input type dropped: Not reported;Fault detection;;44.10 kWp array;;;;5;15
15;extraction_papers\ontocast_runs\run_100_20260611_194110\output\facts_22483bb7fa86.ttl;1;Remaining useful life estimation;Maintainable item;FactsWindTurbineBlade;Unknown synchronization;Not reported;FactsIsolationForestFeature, FactsNoveltyFeature, FactsThermalImaging, FactsUavImages, FactsVibrationData;case-study type dropped: Maintainable item | case study dropped: FactsWindTurbineBlade | default online/offline dropped: Unknown synchronization | input-for-model dropped: Not reported;Remaining useful life estimation;;;;;FactsIsolationForestFeature, FactsNoveltyFeature, FactsThermalImaging, FactsUavImages, FactsVibrationData;5;15
16;extraction_papers\ontocast_runs\run_100_20260611_194110\output\facts_247755c3ba72.ttl;1;One step future state forecast;Maintainable item;FactsCoolingSystem;Unknown synchronization;Not reported;FactsTimeFrequencyFeature, Factsvibrationsignal_1;case-study type dropped: Maintainable item | case study dropped: FactsCoolingSystem | default online/offline dropped: Unknown synchronization | input-for-model dropped: Not reported;One step future state forecast;;;;;FactsTimeFrequencyFeature, Factsvibrationsignal_1;5;15
17;extraction_papers\ontocast_runs\run_100_20260611_194110\output\facts_29441e0fc052.ttl;1;Fault detection;Maintainable item;FactsIndustrialEquipment;Unknown synchronization;Not reported;FactsTemperatureSpike, FactsVoltageAnomaly, Factsdataset1_2;case-study type dropped: Maintainable item | case study dropped: FactsIndustrialEquipment | default online/offline dropped: Unknown synchronization | input-for-model dropped: Not reported;Fault detection;;;;;FactsTemperatureSpike, FactsVoltageAnomaly, Factsdataset1_2;5;15
18;extraction_papers\ontocast_runs\run_100_20260611_194110\output\facts_30b468dfe762.ttl;1;One step future state forecast;Maintainable item;Not reported;Unknown synchronization;Not reported;FactsInputChannelCwt;case-study type dropped: Maintainable item | case study dropped: Not reported | default online/offline dropped: Unknown synchronization | input-for-model dropped: Not reported | input type dropped: FactsInputChannelCwt;One step future state forecast;;;;;;5;15
19;extraction_papers\ontocast_runs\run_100_20260611_194110\output\facts_32c353e565f9.ttl;1;One step future state forecast;Maintainable item;Not reported;Unknown synchronization;Not reported;Not reported;case-study type dropped: Maintainable item | case study dropped: Not reported | default online/offline dropped: Unknown synchronization | input-for-model dropped: Not reported | input type dropped: Not reported;One step future state forecast;;;;;;5;15
20;extraction_papers\ontocast_runs\run_100_20260611_194110\output\facts_36823d5c6b0e.ttl;2;One step future state forecast;Maintainable item;FactstoolInsert;Unknown synchronization;Not reported;Factscomparison1_1;case-study type dropped: Maintainable item | case study dropped: FactstoolInsert | default online/offline dropped: Unknown synchronization | input-for-model dropped: Not reported | input type dropped: Factscomparison1_1;One step future state forecast;;;;;;5;15
21;extraction_papers\ontocast_runs\run_100_20260611_194110\output\facts_369f47a9c5e1.ttl;2;Remaining useful life estimation;Maintainable item;compressor (data-center refrigeration component);Unknown synchronization;Not reported;electric current, vibration;case-study type dropped: Maintainable item | default online/offline dropped: Unknown synchronization | input-for-model dropped: Not reported;Remaining useful life estimation;;compressor (data-center refrigeration component);;;electric current, vibration;5;15
22;extraction_papers\ontocast_runs\run_100_20260611_194110\output\facts_37204455217d.ttl;5;Fault detection;Maintainable item;hydraulic directional control valve;Unknown synchronization;Not reported;inter-port pressure difference features, inter-sensor pressure difference, FactshydraulicPressureSignal;case-study type dropped: Maintainable item | default online/offline dropped: Unknown synchronization | input-for-model dropped: Not reported;Fault detection;;hydraulic directional control valve;;;inter-port pressure difference features, inter-sensor pressure difference, FactshydraulicPressureSignal;5;15
23;extraction_papers\ontocast_runs\run_100_20260611_194110\output\facts_374ab1994bf9.ttl;1;Fault feature extraction;Maintainable item;Ball bearing (generic);Unknown synchronization;Not reported;AR coefficient vector (theta), Number of Intrinsic Mode Functions (N);case-study type dropped: Maintainable item | default online/offline dropped: Unknown synchronization | input-for-model dropped: Not reported;Fault feature extraction;;Ball bearing (generic);;;AR coefficient vector (theta), Number of Intrinsic Mode Functions (N);5;15
24;extraction_papers\ontocast_runs\run_100_20260611_194110\output\facts_3945d25e6654.ttl;1;Fault detection;Maintainable item;FactsCoilSpring;Unknown synchronization;Not reported;FactsdataVariableLateral, FactsdataVariableZBogie, FactstimeDomainFeatures;case-study type dropped: Maintainable item | case study dropped: FactsCoilSpring | default online/offline dropped: Unknown synchronization | input-for-model dropped: Not reported;Fault detection;;;;;FactsdataVariableLateral, FactsdataVariableZBogie, FactstimeDomainFeatures;5;15
25;extraction_papers\ontocast_runs\run_100_20260611_194110\output\facts_39a966494a3b.ttl;2;Remaining useful life estimation;Maintainable item;ship shafting;Unknown synchronization;Not reported;FactsalignmentDeviation, FactsvibrationEnergy, FactswearParticleConcentration;case-study type dropped: Maintainable item | default online/offline dropped: Unknown synchronization | input-for-model dropped: Not reported;Remaining useful life estimation;;ship shafting;;;FactsalignmentDeviation, FactsvibrationEnergy, FactswearParticleConcentration;5;15
26;extraction_papers\ontocast_runs\run_100_20260611_194110\output\facts_3a301111e1fe.ttl;1;One step future state forecast;Maintainable item;FactsTurbofanEngine_1;Unknown synchronization;Not reported;Not reported;case-study type dropped: Maintainable item | case study dropped: FactsTurbofanEngine_1 | default online/offline dropped: Unknown synchronization | input-for-model dropped: Not reported | input type dropped: Not reported;One step future state forecast;;;;;;5;15
27;extraction_papers\ontocast_runs\run_100_20260611_194110\output\facts_40a36423982c.ttl;1;Fault detection;Maintainable item;FactsBess;Unknown synchronization;Not reported;cell temperature, full equivalent cycle (FEC) counter, depth of discharge (DOD), state of charge (SOC);case-study type dropped: Maintainable item | case study dropped: FactsBess | default online/offline dropped: Unknown synchronization | input-for-model dropped: Not reported;Fault detection;;;;;cell temperature, full equivalent cycle (FEC) counter, depth of discharge (DOD), state of charge (SOC);5;15
28;extraction_papers\ontocast_runs\run_100_20260611_194110\output\facts_4660ee2adb7e.ttl;1;Fault feature extraction;Maintainable item;Rolling bearing under study;Unknown synchronization;Not reported;FactsindicatorRms;case-study type dropped: Maintainable item | default online/offline dropped: Unknown synchronization | input-for-model dropped: Not reported | input type dropped: FactsindicatorRms;Fault feature extraction;;Rolling bearing under study;;;;5;15
29;extraction_papers\ontocast_runs\run_100_20260611_194110\output\facts_4abf47988e1b.ttl;2;One step future state forecast;Maintainable item;TK-type shell-and-tube heat exchanger;Unknown synchronization;Not reported;Not reported;case-study type dropped: Maintainable item | default online/offline dropped: Unknown synchronization | input-for-model dropped: Not reported | input type dropped: Not reported;One step future state forecast;;TK-type shell-and-tube heat exchanger;;;;5;15
30;extraction_papers\ontocast_runs\run_100_20260611_194110\output\facts_4b28dc65fe44.ttl;2;Fault detection;Maintainable item;FactsCapAndPinInsulatorString;Unknown synchronization;Not reported;Not reported;case-study type dropped: Maintainable item | case study dropped: FactsCapAndPinInsulatorString | default online/offline dropped: Unknown synchronization | input-for-model dropped: Not reported | input type dropped: Not reported;Fault detection;;;;;;5;15
31;extraction_papers\ontocast_runs\run_100_20260611_194110\output\facts_4ef590c98f1b.ttl;1;One step future state forecast;Maintainable item;FactsTurbofanEngine_2;Unknown synchronization;Not reported;augmentor duct total pressure, augmentor light-off detector signal, burner pressure, fan turbine inlet temperature, low-pressure spool rotational speed N1, convergent exhaust nozzle controller position transmitter, main oil pressure and low oil pressure sensors, static pressure Ps2, CIVV resolver position transmitter, total temperature at engine inlet Tt2;case-study type dropped: Maintainable item | case study dropped: FactsTurbofanEngine_2 | default online/offline dropped: Unknown synchronization | input-for-model dropped: Not reported;One step future state forecast;;;;;augmentor duct total pressure, augmentor light-off detector signal, burner pressure, fan turbine inlet temperature, low-pressure spool rotational speed N1, convergent exhaust nozzle controller position transmitter, main oil pressure and low oil pressure sensors, static pressure Ps2, CIVV resolver position transmitter, total temperature at engine inlet Tt2;5;15
32;extraction_papers\ontocast_runs\run_100_20260611_194110\output\facts_5250ed7e7ce4.ttl;2;One step future state forecast;Maintainable item;Not reported;Unknown synchronization;Not reported;Not reported;case-study type dropped: Maintainable item | case study dropped: Not reported | default online/offline dropped: Unknown synchronization | input-for-model dropped: Not reported | input type dropped: Not reported;One step future state forecast;;;;;;5;15
33;extraction_papers\ontocast_runs\run_100_20260611_194110\output\facts_550b300f2513.ttl;1;One step future state forecast;Maintainable item;Not reported;Unknown synchronization;Not reported;Not reported;case-study type dropped: Maintainable item | case study dropped: Not reported | default online/offline dropped: Unknown synchronization | input-for-model dropped: Not reported | input type dropped: Not reported;One step future state forecast;;;;;;5;15
34;extraction_papers\ontocast_runs\run_100_20260611_194110\output\facts_55a5963df187.ttl;1;One step future state forecast;Maintainable item;Self-aligning ball bearing;Unknown synchronization;Not reported;FactsBearSignal, FactsFaultFrequencyComponent, vibration signal;case-study type dropped: Maintainable item | default online/offline dropped: Unknown synchronization | input-for-model dropped: Not reported;One step future state forecast;;Self-aligning ball bearing;;;FactsBearSignal, FactsFaultFrequencyComponent, vibration signal;5;15
35;extraction_papers\ontocast_runs\run_100_20260611_194110\output\facts_55e23d1ad9f5.ttl;3;Remaining useful life estimation;Maintainable item;UAV lithium-ion battery;Unknown synchronization;Not reported;discharge C-rate (experimental range), humidity level (experimental range), wind speed (experimental range), FactstempLow;case-study type dropped: Maintainable item | default online/offline dropped: Unknown synchronization | input-for-model dropped: Not reported;Remaining useful life estimation;;UAV lithium-ion battery;;;discharge C-rate (experimental range), humidity level (experimental range), wind speed (experimental range), FactstempLow;5;15
36;extraction_papers\ontocast_runs\run_100_20260611_194110\output\facts_5d3461a99457.ttl;2;Fault detection;Maintainable item;FactsAh36;Unknown synchronization;Not reported;factsMbnrms;case-study type dropped: Maintainable item | case study dropped: FactsAh36 | default online/offline dropped: Unknown synchronization | input-for-model dropped: Not reported | input type dropped: factsMbnrms;Fault detection;;;;;;5;15
37;extraction_papers\ontocast_runs\run_100_20260611_194110\output\facts_5dec38f8cc66.ttl;1;Remaining useful life estimation;Maintainable item;FactsCncMillingTestbed;Unknown synchronization;Not reported;FactssensorVibration, Factsvibration;case-study type dropped: Maintainable item | case study dropped: FactsCncMillingTestbed | default online/offline dropped: Unknown synchronization | input-for-model dropped: Not reported;Remaining useful life estimation;;;;;FactssensorVibration, Factsvibration;5;15
38;extraction_papers\ontocast_runs\run_100_20260611_194110\output\facts_5f139e146360.ttl;1;One step future state forecast;Maintainable item;Not reported;Unknown synchronization;Not reported;Not reported;case-study type dropped: Maintainable item | case study dropped: Not reported | default online/offline dropped: Unknown synchronization | input-for-model dropped: Not reported | input type dropped: Not reported;One step future state forecast;;;;;;5;15
39;extraction_papers\ontocast_runs\run_100_20260611_194110\output\facts_5f2bc68116b8.ttl;2;Fault feature extraction;Maintainable item;coaxial cable;Unknown synchronization;Not reported;active pixel count, number of effective pixels, degree of red-blue aliasing, radial dispersion, reflection coefficient spectrum, red-blue overlap index, FactsWeakSignal;case-study type dropped: Maintainable item | default online/offline dropped: Unknown synchronization | input-for-model dropped: Not reported;Fault feature extraction;;coaxial cable;;;active pixel count, number of effective pixels, degree of red-blue aliasing, radial dispersion, reflection coefficient spectrum, red-blue overlap index, FactsWeakSignal;5;15
40;extraction_papers\ontocast_runs\run_100_20260611_194110\output\facts_623ac38deaa2.ttl;1;Health assessment;Maintainable item;FactsSensorArray1;Unknown synchronization;Not reported;Not reported;case-study type dropped: Maintainable item | case study dropped: FactsSensorArray1 | default online/offline dropped: Unknown synchronization | input-for-model dropped: Not reported | input type dropped: Not reported;Health assessment;;;;;;5;15
41;extraction_papers\ontocast_runs\run_100_20260611_194110\output\facts_6269de1ae371.ttl;2;Fault feature extraction;Maintainable item;FactsFixture;Unknown synchronization;FactsDataAcquisition;Key product characteristics (KPCs), FactsOilAnalysisData;case-study type dropped: Maintainable item | case study dropped: FactsFixture | default online/offline dropped: Unknown synchronization | input-for-model dropped: FactsDataAcquisition;Fault feature extraction;;;;;Key product characteristics (KPCs), FactsOilAnalysisData;5;15
42;extraction_papers\ontocast_runs\run_100_20260611_194110\output\facts_64dc30950f8c.ttl;1;Multiple steps future state forecast;Maintainable item;Grid-connected inverter;Unknown synchronization;Not reported;operating-state variable, power measurement, temperature measurement, FactsslidingWindow;case-study type dropped: Maintainable item | default online/offline dropped: Unknown synchronization | input-for-model dropped: Not reported;Multiple steps future state forecast;;Grid-connected inverter;;;operating-state variable, power measurement, temperature measurement, FactsslidingWindow;5;15
43;extraction_papers\ontocast_runs\run_100_20260611_194110\output\facts_6e7c4f90a8d7.ttl;1;Health assessment;Maintainable item;FactsDegradedSystem;Unknown synchronization;Not reported;FactsinspectionInterval;case-study type dropped: Maintainable item | case study dropped: FactsDegradedSystem | default online/offline dropped: Unknown synchronization | input-for-model dropped: Not reported | input type dropped: FactsinspectionInterval;Health assessment;;;;;;5;15
44;extraction_papers\ontocast_runs\run_100_20260611_194110\output\facts_73e4a95e45ca.ttl;2;Health assessment;Maintainable item;FactsMarineBlower;Unknown synchronization;Not reported;Not reported;case-study type dropped: Maintainable item | case study dropped: FactsMarineBlower | default online/offline dropped: Unknown synchronization | input-for-model dropped: Not reported | input type dropped: Not reported;Health assessment;;;;;;5;15
45;extraction_papers\ontocast_runs\run_100_20260611_194110\output\facts_772695bf4051.ttl;2;Remaining useful life estimation;Maintainable item;Lithium-ion battery;Unknown synchronization;Not reported;Not reported;case-study type dropped: Maintainable item | default online/offline dropped: Unknown synchronization | input-for-model dropped: Not reported | input type dropped: Not reported;Remaining useful life estimation;;Lithium-ion battery;;;;5;15
46;extraction_papers\ontocast_runs\run_100_20260611_194110\output\facts_7893f607735e.ttl;2;Fault identification;Maintainable item;Not reported;Unknown synchronization;Not reported;FactsImpulsiveComponents, FactsIncipientWear, FactsSignalTransients, FactsVibrationMonitoring, FactsstrainMeasurement, FactssurfaceRoughnessMeasurement;case-study type dropped: Maintainable item | case study dropped: Not reported | default online/offline dropped: Unknown synchronization | input-for-model dropped: Not reported;Fault identification;;;;;FactsImpulsiveComponents, FactsIncipientWear, FactsSignalTransients, FactsVibrationMonitoring, FactsstrainMeasurement, FactssurfaceRoughnessMeasurement;5;15
47;extraction_papers\ontocast_runs\run_100_20260611_194110\output\facts_7e8b13361693.ttl;2;Remaining useful life estimation;Maintainable item;Lithium-ion battery;Unknown synchronization;Not reported;capacity degradation signals, operational parameters;case-study type dropped: Maintainable item | default online/offline dropped: Unknown synchronization | input-for-model dropped: Not reported;Remaining useful life estimation;;Lithium-ion battery;;;capacity degradation signals, operational parameters;5;15
48;extraction_papers\ontocast_runs\run_100_20260611_194110\output\facts_7ecb8b8f68bb.ttl;1;Remaining useful life estimation;Maintainable item;FactsAircraftEngine;Unknown synchronization;Not reported;Cumulative heating time, Cumulative water output (total purified volume), Flow rate (volume per minute), Inlet water pressure, Intelligent rinse cycles (cumulative count), Membrane Type, Operational days (aggregated daily), pH level, Remaining Useful Life (RUL), Total Dissolved Solids (TDS);case-study type dropped: Maintainable item | case study dropped: FactsAircraftEngine | default online/offline dropped: Unknown synchronization | input-for-model dropped: Not reported;Remaining useful life estimation;;;;;Cumulative heating time, Cumulative water output (total purified volume), Flow rate (volume per minute), Inlet water pressure, Intelligent rinse cycles (cumulative count), Membrane Type, Operational days (aggregated daily), pH level, Remaining Useful Life (RUL), Total Dissolved Solids (TDS);5;15
49;extraction_papers\ontocast_runs\run_100_20260611_194110\output\facts_7f3c89f45832.ttl;1;One step future state forecast;Maintainable item;hydraulic cylinder;Unknown synchronization;Not reported;Not reported;case-study type dropped: Maintainable item | default online/offline dropped: Unknown synchronization | input-for-model dropped: Not reported | input type dropped: Not reported;One step future state forecast;;hydraulic cylinder;;;;5;15
50;extraction_papers\ontocast_runs\run_100_20260611_194110\output\facts_8068c91cfcfb.ttl;1;One step future state forecast;Maintainable item;Not reported;Unknown synchronization;Not reported;Not reported;case-study type dropped: Maintainable item | case study dropped: Not reported | default online/offline dropped: Unknown synchronization | input-for-model dropped: Not reported | input type dropped: Not reported;One step future state forecast;;;;;;5;15
51;extraction_papers\ontocast_runs\run_100_20260611_194110\output\facts_8477986e81ed.ttl;1;Health assessment;Maintainable item;smart home system;Unknown synchronization;Not reported;Not reported;case-study type dropped: Maintainable item | default online/offline dropped: Unknown synchronization | input-for-model dropped: Not reported | input type dropped: Not reported;Health assessment;;smart home system;;;;5;15
52;extraction_papers\ontocast_runs\run_100_20260611_194110\output\facts_8a2e7a6c3819.ttl;6;Fault feature extraction;Maintainable item;face-milling tool;Unknown synchronization;Not reported;cutting parameters, tool geometry, workpiece material properties, vibration signal acquired during drilling;case-study type dropped: Maintainable item | default online/offline dropped: Unknown synchronization | input-for-model dropped: Not reported;Fault feature extraction;;face-milling tool;;;cutting parameters, tool geometry, workpiece material properties, vibration signal acquired during drilling;5;15
53;extraction_papers\ontocast_runs\run_100_20260611_194110\output\facts_8bb32487bd90.ttl;1;One step future state forecast;Maintainable item;Not reported;Unknown synchronization;AE preprocessing;Not reported;case-study type dropped: Maintainable item | case study dropped: Not reported | default online/offline dropped: Unknown synchronization | input-for-model dropped: AE preprocessing | input type dropped: Not reported;One step future state forecast;;;;;;5;15
54;extraction_papers\ontocast_runs\run_100_20260611_194110\output\facts_8c97841ffeb0.ttl;1;Remaining useful life estimation;Maintainable item;FactsBearingMaintainableItem;Unknown synchronization;Not reported;Factshealth_indicator_1, temperature signal, vibration signal, factsTemperatureVar, factsVibrationVar;case-study type dropped: Maintainable item | case study dropped: FactsBearingMaintainableItem | default online/offline dropped: Unknown synchronization | input-for-model dropped: Not reported;Remaining useful life estimation;;;;;Factshealth_indicator_1, temperature signal, vibration signal, factsTemperatureVar, factsVibrationVar;5;15
55;extraction_papers\ontocast_runs\run_100_20260611_194110\output\facts_8d2f5e129936.ttl;1;Fault feature extraction;Maintainable item;Not reported;Unknown synchronization;Not reported;magnetic field phase, multiscale mutual information features extracted from the magnetostriction series, time-domain statistical features;case-study type dropped: Maintainable item | case study dropped: Not reported | default online/offline dropped: Unknown synchronization | input-for-model dropped: Not reported;Fault feature extraction;;;;;magnetic field phase, multiscale mutual information features extracted from the magnetostriction series, time-domain statistical features;5;15
56;extraction_papers\ontocast_runs\run_100_20260611_194110\output\facts_8d8a5b72c774.ttl;2;One step future state forecast;Maintainable item;Not reported;Unknown synchronization;Not reported;FactsGroundSpeed, FactsVerticalDistance, FactsWindShearSource;case-study type dropped: Maintainable item | case study dropped: Not reported | default online/offline dropped: Unknown synchronization | input-for-model dropped: Not reported;One step future state forecast;;;;;FactsGroundSpeed, FactsVerticalDistance, FactsWindShearSource;5;15
57;extraction_papers\ontocast_runs\run_100_20260611_194110\output\facts_8ff4d31a1511.ttl;3;Fault feature extraction;Maintainable item;connector (component example);Unknown synchronization;Not reported;Noise factors;case-study type dropped: Maintainable item | default online/offline dropped: Unknown synchronization | input-for-model dropped: Not reported;Fault feature extraction;;connector (component example);;;Noise factors;5;15
58;extraction_papers\ontocast_runs\run_100_20260611_194110\output\facts_93799b400c86.ttl;1;Remaining useful life estimation;Maintainable item;end mill;Unknown synchronization;Not reported;FactscuttingForce, FactsdepthOfCut, FactsfeedRate, FactsmachinePowerSignal, FactsmachineVibrationSignal, wear area, FactswearAreaFeature;case-study type dropped: Maintainable item | default online/offline dropped: Unknown synchronization | input-for-model dropped: Not reported;Remaining useful life estimation;;end mill;;;FactscuttingForce, FactsdepthOfCut, FactsfeedRate, FactsmachinePowerSignal, FactsmachineVibrationSignal, wear area, FactswearAreaFeature;5;15
59;extraction_papers\ontocast_runs\run_100_20260611_194110\output\facts_9a39f3592864.ttl;2;Fault feature extraction;Maintainable item;CNC cutting tool;Unknown synchronization;Not reported;FactsForceSignal, FactsMicroGeometryOfCuttingEdge, FactsTemperature_3;case-study type dropped: Maintainable item | default online/offline dropped: Unknown synchronization | input-for-model dropped: Not reported;Fault feature extraction;;CNC cutting tool;;;FactsForceSignal, FactsMicroGeometryOfCuttingEdge, FactsTemperature_3;5;15
60;extraction_papers\ontocast_runs\run_100_20260611_194110\output\facts_9b451b7f7ee0.ttl;1;Health assessment;Maintainable item;FactsMaintainableItemExample;Unknown synchronization;Not reported;Not reported;case-study type dropped: Maintainable item | case study dropped: FactsMaintainableItemExample | default online/offline dropped: Unknown synchronization | input-for-model dropped: Not reported | input type dropped: Not reported;Health assessment;;;;;;5;15
61;extraction_papers\ontocast_runs\run_100_20260611_194110\output\facts_9b53e6caba2d.ttl;1;Remaining useful life estimation;Maintainable item;Not reported;Unknown synchronization;Not reported;Not reported;case-study type dropped: Maintainable item | case study dropped: Not reported | default online/offline dropped: Unknown synchronization | input-for-model dropped: Not reported | input type dropped: Not reported;Remaining useful life estimation;;;;;;5;15
62;extraction_papers\ontocast_runs\run_100_20260611_194110\output\facts_a012354ab36b.ttl;1;Remaining useful life estimation;Maintainable item;FactsMachine;Unknown synchronization;Not reported;Not reported;case-study type dropped: Maintainable item | case study dropped: FactsMachine | default online/offline dropped: Unknown synchronization | input-for-model dropped: Not reported | input type dropped: Not reported;Remaining useful life estimation;;;;;;5;15
63;extraction_papers\ontocast_runs\run_100_20260611_194110\output\facts_a258a3b603ad.ttl;2;Remaining useful life estimation;Maintainable item;FactsAutomatedGuidedVehicle;Unknown synchronization;Not reported;Not reported;case-study type dropped: Maintainable item | case study dropped: FactsAutomatedGuidedVehicle | default online/offline dropped: Unknown synchronization | input-for-model dropped: Not reported | input type dropped: Not reported;Remaining useful life estimation;;;;;;5;15
64;extraction_papers\ontocast_runs\run_100_20260611_194110\output\facts_a933cf332592.ttl;2;Remaining useful life estimation;Maintainable item;turbofan engine;Unknown synchronization;Not reported;Not reported;case-study type dropped: Maintainable item | default online/offline dropped: Unknown synchronization | input-for-model dropped: Not reported | input type dropped: Not reported;Remaining useful life estimation;;turbofan engine;;;;5;15
65;extraction_papers\ontocast_runs\run_100_20260611_194110\output\facts_aca7906e2b63.ttl;2;Remaining useful life estimation;Maintainable item;FactsBattery;Unknown synchronization;Not reported;Not reported;case-study type dropped: Maintainable item | case study dropped: FactsBattery | default online/offline dropped: Unknown synchronization | input-for-model dropped: Not reported | input type dropped: Not reported;Remaining useful life estimation;;;;;;5;15
66;extraction_papers\ontocast_runs\run_100_20260611_194110\output\facts_b594a9ee5cb2.ttl;1;One step future state forecast;Maintainable item;Not reported;Unknown synchronization;Not reported;Not reported;case-study type dropped: Maintainable item | case study dropped: Not reported | default online/offline dropped: Unknown synchronization | input-for-model dropped: Not reported | input type dropped: Not reported;One step future state forecast;;;;;;5;15
67;extraction_papers\ontocast_runs\run_100_20260611_194110\output\facts_b60ff608bd4b.ttl;2;Remaining useful life estimation;Maintainable item;large-scale mining equipment;Unknown synchronization;Not reported;Not reported;case-study type dropped: Maintainable item | default online/offline dropped: Unknown synchronization | input-for-model dropped: Not reported | input type dropped: Not reported;Remaining useful life estimation;;large-scale mining equipment;;;;5;15
68;extraction_papers\ontocast_runs\run_100_20260611_194110\output\facts_ba25cb3a823e.ttl;1;One step future state forecast;Maintainable item;Insulator;Unknown synchronization;Not reported;Leakage current, Heavy (HP) pollution level;case-study type dropped: Maintainable item | default online/offline dropped: Unknown synchronization | input-for-model dropped: Not reported;One step future state forecast;;Insulator;;;Leakage current, Heavy (HP) pollution level;5;15
69;extraction_papers\ontocast_runs\run_100_20260611_194110\output\facts_bac0845f495f.ttl;1;Health assessment;Maintainable item;lithium-ion battery;Unknown synchronization;Not reported;FactsBatteryCurrent, factsBatterySoh, factsChargingCurveFeature3;case-study type dropped: Maintainable item | default online/offline dropped: Unknown synchronization | input-for-model dropped: Not reported;Health assessment;;lithium-ion battery;;;FactsBatteryCurrent, factsBatterySoh, factsChargingCurveFeature3;5;15
70;extraction_papers\ontocast_runs\run_100_20260611_194110\output\facts_be7e6c23b016.ttl;1;One step future state forecast;Maintainable item;Not reported;Unknown synchronization;Not reported;Not reported;case-study type dropped: Maintainable item | case study dropped: Not reported | default online/offline dropped: Unknown synchronization | input-for-model dropped: Not reported | input type dropped: Not reported;One step future state forecast;;;;;;5;15
71;extraction_papers\ontocast_runs\run_100_20260611_194110\output\facts_c27ab4671a29.ttl;1;Remaining useful life estimation;Maintainable item;FactsRoboticFasteningSystem;Unknown synchronization;Not reported;FactsTorqueMonitoring;case-study type dropped: Maintainable item | case study dropped: FactsRoboticFasteningSystem | default online/offline dropped: Unknown synchronization | input-for-model dropped: Not reported | input type dropped: FactsTorqueMonitoring;Remaining useful life estimation;;;;;;5;15
72;extraction_papers\ontocast_runs\run_100_20260611_194110\output\facts_c6db65a6433b.ttl;1;Remaining useful life estimation;Maintainable item;FactsAircraftEngineComponent;Unknown synchronization;Not reported;Not reported;case-study type dropped: Maintainable item | case study dropped: FactsAircraftEngineComponent | default online/offline dropped: Unknown synchronization | input-for-model dropped: Not reported | input type dropped: Not reported;Remaining useful life estimation;;;;;;5;15
73;extraction_papers\ontocast_runs\run_100_20260611_194110\output\facts_c72bcc7ff5df.ttl;2;One step future state forecast;Maintainable item;Not reported;Unknown synchronization;Not reported;Not reported;case-study type dropped: Maintainable item | case study dropped: Not reported | default online/offline dropped: Unknown synchronization | input-for-model dropped: Not reported | input type dropped: Not reported;One step future state forecast;;;;;;5;15
74;extraction_papers\ontocast_runs\run_100_20260611_194110\output\facts_c755cd0572dd.ttl;1;Remaining useful life estimation;Maintainable item;aeroengines;Unknown synchronization;Not reported;Not reported;case-study type dropped: Maintainable item | default online/offline dropped: Unknown synchronization | input-for-model dropped: Not reported | input type dropped: Not reported;Remaining useful life estimation;;aeroengines;;;;5;15
75;extraction_papers\ontocast_runs\run_100_20260611_194110\output\facts_c7f80acd8249.ttl;1;One step future state forecast;Maintainable item;Not reported;Unknown synchronization;Not reported;Not reported;case-study type dropped: Maintainable item | case study dropped: Not reported | default online/offline dropped: Unknown synchronization | input-for-model dropped: Not reported | input type dropped: Not reported;One step future state forecast;;;;;;5;15
76;extraction_papers\ontocast_runs\run_100_20260611_194110\output\facts_c8939242503a.ttl;1;Fault detection;Maintainable item;FactsFault;Unknown synchronization;Not reported;FactsArrayVoltage;case-study type dropped: Maintainable item | case study dropped: FactsFault | default online/offline dropped: Unknown synchronization | input-for-model dropped: Not reported | input type dropped: FactsArrayVoltage;Fault detection;;;;;;5;15
77;extraction_papers\ontocast_runs\run_100_20260611_194110\output\facts_cb41385fe115.ttl;2;One step future state forecast;Maintainable item;ASTRI-Horn Cherenkov telescope;Unknown synchronization;Not reported;FactsAstriHornMonitoringTimeSeries, Azimuth motor sensor measurements (aggregate), Elevation motor sensor measurements (aggregate);case-study type dropped: Maintainable item | default online/offline dropped: Unknown synchronization | input-for-model dropped: Not reported;One step future state forecast;;ASTRI-Horn Cherenkov telescope;;;FactsAstriHornMonitoringTimeSeries, Azimuth motor sensor measurements (aggregate), Elevation motor sensor measurements (aggregate);5;15
78;extraction_papers\ontocast_runs\run_100_20260611_194110\output\facts_ccf62781b4c5.ttl;1;One step future state forecast;Maintainable item;FactsFn280;Unknown synchronization;Not reported;FactsbodyForcePerUnitMass, FactsfluidCauchyStress, FactssolidDensity;case-study type dropped: Maintainable item | case study dropped: FactsFn280 | default online/offline dropped: Unknown synchronization | input-for-model dropped: Not reported;One step future state forecast;;;;;FactsbodyForcePerUnitMass, FactsfluidCauchyStress, FactssolidDensity;5;15
79;extraction_papers\ontocast_runs\run_100_20260611_194110\output\facts_cfc179a146da.ttl;1;One step future state forecast;Maintainable item;Valve spool (spool);Unknown synchronization;Not reported;Not reported;case-study type dropped: Maintainable item | default online/offline dropped: Unknown synchronization | input-for-model dropped: Not reported | input type dropped: Not reported;One step future state forecast;;Valve spool (spool);;;;5;15
80;extraction_papers\ontocast_runs\run_100_20260611_194110\output\facts_d8bff7381708.ttl;3;Remaining useful life estimation;Maintainable item;DTU research turbine (Vestas V52);Unknown synchronization;Not reported;FactsBladeRootStrainGauge, FactsScadaData;case-study type dropped: Maintainable item | default online/offline dropped: Unknown synchronization | input-for-model dropped: Not reported;Remaining useful life estimation;;DTU research turbine (Vestas V52);;;FactsBladeRootStrainGauge, FactsScadaData;5;15
81;extraction_papers\ontocast_runs\run_100_20260611_194110\output\facts_db4c696f6545.ttl;2;Fault detection;Maintainable item;FactsAsset;Unknown synchronization;Not reported;kurtosis, quadratic mean, skewness;case-study type dropped: Maintainable item | case study dropped: FactsAsset | default online/offline dropped: Unknown synchronization | input-for-model dropped: Not reported;Fault detection;;;;;kurtosis, quadratic mean, skewness;5;15
82;extraction_papers\ontocast_runs\run_100_20260611_194110\output\facts_de5ca28afd63.ttl;1;Fault feature extraction;Maintainable item;NP-27T emergency hydraulic pump;Unknown synchronization;Not reported;particle count (ISO 4406), wear metal concentration (ICP-OES);case-study type dropped: Maintainable item | default online/offline dropped: Unknown synchronization | input-for-model dropped: Not reported;Fault feature extraction;;NP-27T emergency hydraulic pump;;;particle count (ISO 4406), wear metal concentration (ICP-OES);5;15
83;extraction_papers\ontocast_runs\run_100_20260611_194110\output\facts_df8ade058f3c.ttl;1;One step future state forecast;Maintainable item;bearing;Unknown synchronization;Not reported;data partitioning methods, hyperparameter choices, network depth, vibration statistical features (time-domain, frequency-domain, time-frequency);case-study type dropped: Maintainable item | default online/offline dropped: Unknown synchronization | input-for-model dropped: Not reported;One step future state forecast;;bearing;;;data partitioning methods, hyperparameter choices, network depth, vibration statistical features (time-domain, frequency-domain, time-frequency);5;15
84;extraction_papers\ontocast_runs\run_100_20260611_194110\output\facts_e339faccffb2.ttl;1;Fault feature extraction;Maintainable item;Induction motor;Unknown synchronization;Not reported;12-dimensional feature space, stator currents;case-study type dropped: Maintainable item | default online/offline dropped: Unknown synchronization | input-for-model dropped: Not reported;Fault feature extraction;;Induction motor;;;12-dimensional feature space, stator currents;5;15
85;extraction_papers\ontocast_runs\run_100_20260611_194110\output\facts_e3fe4a88d35e.ttl;3;Remaining useful life estimation;Maintainable item;FactsAviationInverter;Unknown synchronization;Not reported;accelerated aging power cycling tests, variation of saturated voltage drop;case-study type dropped: Maintainable item | case study dropped: FactsAviationInverter | default online/offline dropped: Unknown synchronization | input-for-model dropped: Not reported;Remaining useful life estimation;;;;;accelerated aging power cycling tests, variation of saturated voltage drop;5;15
86;extraction_papers\ontocast_runs\run_100_20260611_194110\output\facts_e6e38ea99070.ttl;1;Fault identification;Maintainable item;rotor shaft-disk;Unknown synchronization;Not reported;spectral features;case-study type dropped: Maintainable item | default online/offline dropped: Unknown synchronization | input-for-model dropped: Not reported;Fault identification;;rotor shaft-disk;;;spectral features;5;15
87;extraction_papers\ontocast_runs\run_100_20260611_194110\output\facts_e70725b3b5d6.ttl;1;Fault detection;Maintainable item;laboratory grid-connected PV system;Unknown synchronization;Not reported;current, Histogram of Oriented Gradients features extracted from PV images, power, FactsScalogram, solar irradiance, temperature;case-study type dropped: Maintainable item | default online/offline dropped: Unknown synchronization | input-for-model dropped: Not reported;Fault detection;;laboratory grid-connected PV system;;;current, Histogram of Oriented Gradients features extracted from PV images, power, FactsScalogram, solar irradiance, temperature;5;15
88;extraction_papers\ontocast_runs\run_100_20260611_194110\output\facts_e86e97063e64.ttl;1;Remaining useful life estimation;Maintainable item;Factsbearing1;Unknown synchronization;Not reported;Not reported;case-study type dropped: Maintainable item | case study dropped: Factsbearing1 | default online/offline dropped: Unknown synchronization | input-for-model dropped: Not reported | input type dropped: Not reported;Remaining useful life estimation;;;;;;5;15
89;extraction_papers\ontocast_runs\run_100_20260611_194110\output\facts_ea20ed52a8e1.ttl;1;Remaining useful life estimation;Maintainable item;stator winding (motor);Unknown synchronization;Not reported;overload, torque (signal commonly available in SCADA), unbalanced supply voltage, power, speed, temperature, torque;case-study type dropped: Maintainable item | default online/offline dropped: Unknown synchronization | input-for-model dropped: Not reported;Remaining useful life estimation;;stator winding (motor);;;overload, torque (signal commonly available in SCADA), unbalanced supply voltage, power, speed, temperature, torque;5;15
90;extraction_papers\ontocast_runs\run_100_20260611_194110\output\facts_ea68a5c8efe4.ttl;2;Remaining useful life estimation;Maintainable item;FactsBearing;Unknown synchronization;Not reported;Health Index, FactsHi1;case-study type dropped: Maintainable item | case study dropped: FactsBearing | default online/offline dropped: Unknown synchronization | input-for-model dropped: Not reported;Remaining useful life estimation;;;;;Health Index, FactsHi1;5;15
91;extraction_papers\ontocast_runs\run_100_20260611_194110\output\facts_eebe82604414.ttl;3;Fault detection;Maintainable item;power electronic converter;Unknown synchronization;Not reported;FactsDcLinkCapacitance, FactsstatorResistance, FactssynchronousInductance;case-study type dropped: Maintainable item | default online/offline dropped: Unknown synchronization | input-for-model dropped: Not reported;Fault detection;;power electronic converter;;;FactsDcLinkCapacitance, FactsstatorResistance, FactssynchronousInductance;5;15
92;extraction_papers\ontocast_runs\run_100_20260611_194110\output\facts_eee19782a44b.ttl;2;Fault detection;Maintainable item;Oil and gas pipeline networks;Unknown synchronization;Not reported;Not reported;case-study type dropped: Maintainable item | default online/offline dropped: Unknown synchronization | input-for-model dropped: Not reported | input type dropped: Not reported;Fault detection;;Oil and gas pipeline networks;;;;5;15
93;extraction_papers\ontocast_runs\run_100_20260611_194110\output\facts_efdcb1f88fec.ttl;1;Remaining useful life estimation;Maintainable item;diagnostic imaging system;Unknown synchronization;Not reported;atrial sensing amplitude, implant duration, output settings, RV/LV capture threshold, multivariate telemetry features (routinely collected);case-study type dropped: Maintainable item | default online/offline dropped: Unknown synchronization | input-for-model dropped: Not reported;Remaining useful life estimation;;diagnostic imaging system;;;atrial sensing amplitude, implant duration, output settings, RV/LV capture threshold, multivariate telemetry features (routinely collected);5;15
94;extraction_papers\ontocast_runs\run_100_20260611_194110\output\facts_f1592c013293.ttl;1;Fault detection;Maintainable item;FactsAllTerrainCrane;Unknown synchronization;Not reported;FactsnodalForcesAndMoments;case-study type dropped: Maintainable item | case study dropped: FactsAllTerrainCrane | default online/offline dropped: Unknown synchronization | input-for-model dropped: Not reported | input type dropped: FactsnodalForcesAndMoments;Fault detection;;;;;;5;15
95;extraction_papers\ontocast_runs\run_100_20260611_194110\output\facts_f2edcbd552fb.ttl;1;Remaining useful life estimation;Maintainable item;Equipment (maintainable item);Unknown synchronization;Not reported;Sensor data stream;case-study type dropped: Maintainable item | default online/offline dropped: Unknown synchronization | input-for-model dropped: Not reported;Remaining useful life estimation;;Equipment (maintainable item);;;Sensor data stream;5;15
96;extraction_papers\ontocast_runs\run_100_20260611_194110\output\facts_f47994220d2b.ttl;2;Fault detection;Maintainable item;FactsIntegratedSystem;Unknown synchronization;Not reported;Not reported;case-study type dropped: Maintainable item | case study dropped: FactsIntegratedSystem | default online/offline dropped: Unknown synchronization | input-for-model dropped: Not reported | input type dropped: Not reported;Fault detection;;;;;;5;15
97;extraction_papers\ontocast_runs\run_100_20260611_194110\output\facts_fa4fa2d69a6d.ttl;2;Remaining useful life estimation;Maintainable item;IGBT device;Unknown synchronization;Not reported;blocking voltage (V), bond wire diameter (D), DC current (I), heating duration (t_on);case-study type dropped: Maintainable item | default online/offline dropped: Unknown synchronization | input-for-model dropped: Not reported;Remaining useful life estimation;;IGBT device;;;blocking voltage (V), bond wire diameter (D), DC current (I), heating duration (t_on);5;15
98;extraction_papers\ontocast_runs\run_100_20260611_194110\output\facts_fa83aff3fe09.ttl;1;Health assessment;Maintainable item;induction motor;Unknown synchronization;Not reported;FactsCurrentSignatureData, vibration signal, stator current signal;case-study type dropped: Maintainable item | default online/offline dropped: Unknown synchronization | input-for-model dropped: Not reported;Health assessment;;induction motor;;;FactsCurrentSignatureData, vibration signal, stator current signal;5;15
99;extraction_papers\ontocast_runs\run_100_20260611_194110\output\facts_fb9baedee0bb.ttl;4;Remaining useful life estimation;Maintainable item;components operating under high temperatures;Unknown synchronization;Not reported;Creep activation energy (Qc), Larson-Miller parameter (P_LM), Manson-Succop parameter (P_MS), Orr-Sherby-Dorn parameter (P_OSD), Rupture time (tr), Stress (Ï), Temperature (T);case-study type dropped: Maintainable item | default online/offline dropped: Unknown synchronization | input-for-model dropped: Not reported;Remaining useful life estimation;;components operating under high temperatures;;;Creep activation energy (Qc), Larson-Miller parameter (P_LM), Manson-Succop parameter (P_MS), Orr-Sherby-Dorn parameter (P_OSD), Rupture time (tr), Stress (Ï), Temperature (T);5;15
100;extraction_papers\ontocast_runs\run_100_20260611_194110\output\facts_ff6a373cd570.ttl;1;Health assessment;Maintainable item;electric drive;Unknown synchronization;Not reported;FactsTemperature, FactsVibration;case-study type dropped: Maintainable item | default online/offline dropped: Unknown synchronization | input-for-model dropped: Not reported;Health assessment;;electric drive;;;FactsTemperature, FactsVibration;5;15
101;extraction_papers\ontocast_runs\run_500_20260710_185042\output\facts_01ed610980f6.ttl;1;Fault feature extraction;Maintainable item;switch machines;Unknown synchronization;Not reported;empirical mode decomposition, time-domain features, kurtosis, degradation evolution of turnout machines, variance;case-study type dropped: Maintainable item | default online/offline dropped: Unknown synchronization | input-for-model dropped: Not reported;Fault feature extraction;;switch machines;;;empirical mode decomposition, time-domain features, kurtosis, degradation evolution of turnout machines, variance;5;15
102;extraction_papers\ontocast_runs\run_500_20260710_185042\output\facts_0274d4e4b6b4.ttl;1;Remaining useful life estimation;Maintainable item;distributed PV plants;Unknown synchronization;Not reported;FactssignalTypes;case-study type dropped: Maintainable item | default online/offline dropped: Unknown synchronization | input-for-model dropped: Not reported | input type dropped: FactssignalTypes;Remaining useful life estimation;;distributed PV plants;;;;5;15
103;extraction_papers\ontocast_runs\run_500_20260710_185042\output\facts_02b1e1db1ebc.ttl;1;Remaining useful life estimation;Maintainable item;power electronic components;Unknown synchronization;Not reported;AC output power, Factsfeature2_9;case-study type dropped: Maintainable item | default online/offline dropped: Unknown synchronization | input-for-model dropped: Not reported;Remaining useful life estimation;;power electronic components;;;AC output power, Factsfeature2_9;5;15
104;extraction_papers\ontocast_runs\run_500_20260710_185042\output\facts_02cb90b55b51.ttl;1;Remaining useful life estimation;Maintainable item;state of health;Unknown synchronization;Not reported;FactsbatteryInternalResistance, state of health, FactsurbanTerrainRoads, FactszAxisVibrations;case-study type dropped: Maintainable item | default online/offline dropped: Unknown synchronization | input-for-model dropped: Not reported;Remaining useful life estimation;;state of health;;;FactsbatteryInternalResistance, state of health, FactsurbanTerrainRoads, FactszAxisVibrations;5;15
105;extraction_papers\ontocast_runs\run_500_20260710_185042\output\facts_02fa479982bb.ttl;1;Fault detection;Maintainable item;induction motor;Unknown synchronization;Not reported;time-domain features, Factsvariable_1;case-study type dropped: Maintainable item | default online/offline dropped: Unknown synchronization | input-for-model dropped: Not reported;Fault detection;;induction motor;;;time-domain features, Factsvariable_1;5;15
106;extraction_papers\ontocast_runs\run_500_20260710_185042\output\facts_036cad9d17bd.ttl;1;Remaining useful life estimation;Maintainable item;lithium-ion battery;Unknown synchronization;Not reported;capacity degradation, capacity sequence;case-study type dropped: Maintainable item | default online/offline dropped: Unknown synchronization | input-for-model dropped: Not reported;Remaining useful life estimation;;lithium-ion battery;;;capacity degradation, capacity sequence;5;15
107;extraction_papers\ontocast_runs\run_500_20260710_185042\output\facts_0427cffaf5f0.ttl;1;Fault detection;Maintainable item;analog gauge;Unknown synchronization;Not reported;flow rate, pressure, temperature;case-study type dropped: Maintainable item | default online/offline dropped: Unknown synchronization | input-for-model dropped: Not reported;Fault detection;;analog gauge;;;flow rate, pressure, temperature;5;15
108;extraction_papers\ontocast_runs\run_500_20260710_185042\output\facts_0565684ca025.ttl;2;One step future state forecast;Maintainable item;ultra-high voltage gas-insulated switchgear (GIS);Unknown synchronization;Not reported;C (speed of propagation), SF6 gas temperature, T (absolute temperature), Î» (wavelength), Ï (angular frequency), SF6 gas density;case-study type dropped: Maintainable item | default online/offline dropped: Unknown synchronization | input-for-model dropped: Not reported;One step future state forecast;;ultra-high voltage gas-insulated switchgear (GIS);;;C (speed of propagation), SF6 gas temperature, T (absolute temperature), Î» (wavelength), Ï (angular frequency), SF6 gas density;5;15
109;extraction_papers\ontocast_runs\run_500_20260710_185042\output\facts_0569999cb923.ttl;1;Remaining useful life estimation;Maintainable item;Lithium-ion battery;Unknown synchronization;Not reported;InformationContentEntity;case-study type dropped: Maintainable item | default online/offline dropped: Unknown synchronization | input-for-model dropped: Not reported;Remaining useful life estimation;;Lithium-ion battery;;;InformationContentEntity;5;15
110;extraction_papers\ontocast_runs\run_500_20260710_185042\output\facts_0593a9919b79.ttl;1;Health assessment;Maintainable item;FactspolymericZincOxideSurgeArrester;Unknown synchronization;Not reported;leakage current;case-study type dropped: Maintainable item | case study dropped: FactspolymericZincOxideSurgeArrester | default online/offline dropped: Unknown synchronization | input-for-model dropped: Not reported;Health assessment;;;;;leakage current;5;15
111;extraction_papers\ontocast_runs\run_500_20260710_185042\output\facts_06390a092d7f.ttl;1;Fault identification;Maintainable item;industrial systems;Unknown synchronization;Not reported;vibration data, data from the different states, physics laws, simulations based on a physics model, nodes representing components, edges capturing physical interactions;case-study type dropped: Maintainable item | default online/offline dropped: Unknown synchronization | input-for-model dropped: Not reported;Fault identification;;industrial systems;;;vibration data, data from the different states, physics laws, simulations based on a physics model, nodes representing components, edges capturing physical interactions;5;15
112;extraction_papers\ontocast_runs\run_500_20260710_185042\output\facts_06c8822b55d2.ttl;1;One step future state forecast;Maintainable item;Not reported;Unknown synchronization;Not reported;Not reported;case-study type dropped: Maintainable item | case study dropped: Not reported | default online/offline dropped: Unknown synchronization | input-for-model dropped: Not reported | input type dropped: Not reported;One step future state forecast;;;;;;5;15
113;extraction_papers\ontocast_runs\run_500_20260710_185042\output\facts_0761d601b305.ttl;1;Fault detection;Maintainable item;bearing;Unknown synchronization;Not reported;time-domain features, acoustic signals, vibration data, Fourier transform-encoded representations, gray texture images, raw data;case-study type dropped: Maintainable item | default online/offline dropped: Unknown synchronization | input-for-model dropped: Not reported;Fault detection;;bearing;;;time-domain features, acoustic signals, vibration data, Fourier transform-encoded representations, gray texture images, raw data;5;15
114;extraction_papers\ontocast_runs\run_500_20260710_185042\output\facts_08257ce5150f.ttl;2;One step future state forecast;Maintainable item;FactsSm;Unknown synchronization;Not reported;SM capacitance, FactsEsr, FactsStandardElectricalMeasurements;case-study type dropped: Maintainable item | case study dropped: FactsSm | default online/offline dropped: Unknown synchronization | input-for-model dropped: Not reported;One step future state forecast;;;;;SM capacitance, FactsEsr, FactsStandardElectricalMeasurements;5;15
115;extraction_papers\ontocast_runs\run_500_20260710_185042\output\facts_0c0922d4a23b.ttl;1;One step future state forecast;Maintainable item;Not reported;Unknown synchronization;Not reported;Not reported;case-study type dropped: Maintainable item | case study dropped: Not reported | default online/offline dropped: Unknown synchronization | input-for-model dropped: Not reported | input type dropped: Not reported;One step future state forecast;;;;;;5;15
116;extraction_papers\ontocast_runs\run_500_20260710_185042\output\facts_0c556dd91c12.ttl;1;Health assessment;Maintainable item;RSS;Unknown synchronization;Not reported;potential sensor signal;case-study type dropped: Maintainable item | default online/offline dropped: Unknown synchronization | input-for-model dropped: Not reported;Health assessment;;RSS;;;potential sensor signal;5;15
117;extraction_papers\ontocast_runs\run_500_20260710_185042\output\facts_0cf575569a46.ttl;1;Fault detection;Maintainable item;wind turbine;Unknown synchronization;Not reported;SCADA data;case-study type dropped: Maintainable item | default online/offline dropped: Unknown synchronization | input-for-model dropped: Not reported;Fault detection;;wind turbine;;;SCADA data;5;15
118;extraction_papers\ontocast_runs\run_500_20260710_185042\output\facts_0d06342b9b75.ttl;2;Fault detection;Maintainable item;Factsitem2_18;Unknown synchronization;Not reported;Factsvalue3_13;case-study type dropped: Maintainable item | case study dropped: Factsitem2_18 | default online/offline dropped: Unknown synchronization | input-for-model dropped: Not reported | input type dropped: Factsvalue3_13;Fault detection;;;;;;5;15
119;extraction_papers\ontocast_runs\run_500_20260710_185042\output\facts_0e2936cf44a8.ttl;1;Health assessment;Maintainable item;robotic arm;Unknown synchronization;Not reported;telemetry, faults, network topology;case-study type dropped: Maintainable item | default online/offline dropped: Unknown synchronization | input-for-model dropped: Not reported;Health assessment;;robotic arm;;;telemetry, faults, network topology;5;15
120;extraction_papers\ontocast_runs\run_500_20260710_185042\output\facts_0e472e57d26e.ttl;1;One step future state forecast;Maintainable item;city bus engine;Unknown synchronization;Not reported;Engine load variability, Environmental conditions, Maintenance histories, FactsNitration_1, Operating profiles, FactsOxidation_1, Prolonged idling, FactsSulfation, FactsTan, extreme contamination (oil), wear metals concentration (oil);case-study type dropped: Maintainable item | default online/offline dropped: Unknown synchronization | input-for-model dropped: Not reported;One step future state forecast;;city bus engine;;;Engine load variability, Environmental conditions, Maintenance histories, FactsNitration_1, Operating profiles, FactsOxidation_1, Prolonged idling, FactsSulfation, FactsTan, extreme contamination (oil), wear metals concentration (oil);5;15
121;extraction_papers\ontocast_runs\run_500_20260710_185042\output\facts_0efdf6da33d6.ttl;1;One step future state forecast;Maintainable item;industrial equipment;Unknown synchronization;Not reported;nonlinear degradation patterns, domain knowledge, health information, multi-sensor information fusion, sensor data, training/testing data distributions;case-study type dropped: Maintainable item | default online/offline dropped: Unknown synchronization | input-for-model dropped: Not reported;One step future state forecast;;industrial equipment;;;nonlinear degradation patterns, domain knowledge, health information, multi-sensor information fusion, sensor data, training/testing data distributions;5;15
122;extraction_papers\ontocast_runs\run_500_20260710_185042\output\facts_10262fb0fde1.ttl;1;Remaining useful life estimation;Maintainable item;aircraft engine;Unknown synchronization;Not reported;failure time, operational setting 1, sensor measurement, transformed target, feature value;case-study type dropped: Maintainable item | default online/offline dropped: Unknown synchronization | input-for-model dropped: Not reported;Remaining useful life estimation;;aircraft engine;;;failure time, operational setting 1, sensor measurement, transformed target, feature value;5;15
123;extraction_papers\ontocast_runs\run_500_20260710_185042\output\facts_117847e3c530.ttl;1;Fault identification;Maintainable item;photovoltaic panels;Unknown synchronization;Not reported;environmental conditions, infrared thermography, irradiation, radiometrically normalised thermal data;case-study type dropped: Maintainable item | default online/offline dropped: Unknown synchronization | input-for-model dropped: Not reported;Fault identification;;photovoltaic panels;;;environmental conditions, infrared thermography, irradiation, radiometrically normalised thermal data;5;15
124;extraction_papers\ontocast_runs\run_500_20260710_185042\output\facts_12e0db15847a.ttl;2;Fault feature extraction;Maintainable item;bearing data;Unknown synchronization;Not reported;background noise, Factsfact6_45, vibration signals;case-study type dropped: Maintainable item | default online/offline dropped: Unknown synchronization | input-for-model dropped: Not reported;Fault feature extraction;;bearing data;;;background noise, Factsfact6_45, vibration signals;5;15
125;extraction_papers\ontocast_runs\run_500_20260710_185042\output\facts_12e4132d369b.ttl;1;Fault detection;Maintainable item;Pressure Sensor;Unknown synchronization;Not reported;Factsvar5_11;case-study type dropped: Maintainable item | default online/offline dropped: Unknown synchronization | input-for-model dropped: Not reported | input type dropped: Factsvar5_11;Fault detection;;Pressure Sensor;;;;5;15
126;extraction_papers\ontocast_runs\run_500_20260710_185042\output\facts_13a2395c2081.ttl;3;Health modelling;Maintainable item;FactsaircraftElectricalNetworks;Unknown synchronization;Not reported;Facts3d_2d_information, Factskeyword5_2, FactsrealAircraftData, inspection evidence, reliability parameters, contextual changes;case-study type dropped: Maintainable item | case study dropped: FactsaircraftElectricalNetworks | default online/offline dropped: Unknown synchronization | input-for-model dropped: Not reported;Health modelling;;;;;Facts3d_2d_information, Factskeyword5_2, FactsrealAircraftData, inspection evidence, reliability parameters, contextual changes;5;15
127;extraction_papers\ontocast_runs\run_500_20260710_185042\output\facts_13e24977c6b6.ttl;1;Health assessment;Maintainable item;degradation dataset target item;Unknown synchronization;Not reported;FactsvarPressure, FactsvarTemperature, FactsvarVibration;case-study type dropped: Maintainable item | default online/offline dropped: Unknown synchronization | input-for-model dropped: Not reported;Health assessment;;degradation dataset target item;;;FactsvarPressure, FactsvarTemperature, FactsvarVibration;5;15
128;extraction_papers\ontocast_runs\run_500_20260710_185042\output\facts_1489f1caf7d4.ttl;1;Remaining useful life estimation;Maintainable item;3 MW wind turbine;Unknown synchronization;Not reported;SCADA data, gearbox temperature, calibrated wind speed;case-study type dropped: Maintainable item | default online/offline dropped: Unknown synchronization | input-for-model dropped: Not reported;Remaining useful life estimation;;3 MW wind turbine;;;SCADA data, gearbox temperature, calibrated wind speed;5;15
129;extraction_papers\ontocast_runs\run_500_20260710_185042\output\facts_14d4842dceea.ttl;1;Fault detection;Maintainable item;industrial machines;Unknown synchronization;Not reported;FactscurrentVar, failure modes;case-study type dropped: Maintainable item | default online/offline dropped: Unknown synchronization | input-for-model dropped: Not reported;Fault detection;;industrial machines;;;FactscurrentVar, failure modes;5;15
130;extraction_papers\ontocast_runs\run_500_20260710_185042\output\facts_150362587e21.ttl;1;Fault detection;Maintainable item;cutter;Unknown synchronization;Not reported;tip width, operating parameters, traverse speed, rotational speed, specific energy consumption;case-study type dropped: Maintainable item | default online/offline dropped: Unknown synchronization | input-for-model dropped: Not reported;Fault detection;;cutter;;;tip width, operating parameters, traverse speed, rotational speed, specific energy consumption;5;15
131;extraction_papers\ontocast_runs\run_500_20260710_185042\output\facts_159a8af82084.ttl;1;Fault detection;Maintainable item;rolling element bearings;Unknown synchronization;Not reported;5-shot tasks, network architectures, engineering stability, industrial engineering environments, parameter selection, computational complexity, linear features, data scarcity, fault diagnosis;case-study type dropped: Maintainable item | default online/offline dropped: Unknown synchronization | input-for-model dropped: Not reported;Fault detection;;rolling element bearings;;;5-shot tasks, network architectures, engineering stability, industrial engineering environments, parameter selection, computational complexity, linear features, data scarcity, fault diagnosis;5;15
132;extraction_papers\ontocast_runs\run_500_20260710_185042\output\facts_15d6e0f725e9.ttl;2;Fault detection;Maintainable item;blades;Unknown synchronization;Not reported;SCADA variables, 10 min SCADA statistics;case-study type dropped: Maintainable item | default online/offline dropped: Unknown synchronization | input-for-model dropped: Not reported;Fault detection;;blades;;;SCADA variables, 10 min SCADA statistics;5;15
133;extraction_papers\ontocast_runs\run_500_20260710_185042\output\facts_16259bb8b181.ttl;1;Fault detection;Maintainable item;FactshistoricalFailureRecords;Unknown synchronization;Not reported;FactsacousticEmissions, Factsforce, sensor data, Factstemperature_2;case-study type dropped: Maintainable item | case study dropped: FactshistoricalFailureRecords | default online/offline dropped: Unknown synchronization | input-for-model dropped: Not reported;Fault detection;;;;;FactsacousticEmissions, Factsforce, sensor data, Factstemperature_2;5;15
134;extraction_papers\ontocast_runs\run_500_20260710_185042\output\facts_1649303d03f5.ttl;1;Remaining useful life estimation;Maintainable item;FactstoolCondition;Unknown synchronization;Not reported;FactsacousticEmission, FactsmotorVoltage, tool wear, Factsvibrations;case-study type dropped: Maintainable item | case study dropped: FactstoolCondition | default online/offline dropped: Unknown synchronization | input-for-model dropped: Not reported;Remaining useful life estimation;;;;;FactsacousticEmission, FactsmotorVoltage, tool wear, Factsvibrations;5;15
135;extraction_papers\ontocast_runs\run_500_20260710_185042\output\facts_164938fe194b.ttl;3;Remaining useful life estimation;Maintainable item;Eurotram bogie;Unknown synchronization;Not reported;virtual sensor (BIM-generated);case-study type dropped: Maintainable item | default online/offline dropped: Unknown synchronization | input-for-model dropped: Not reported;Remaining useful life estimation;;Eurotram bogie;;;virtual sensor (BIM-generated);5;15
136;extraction_papers\ontocast_runs\run_500_20260710_185042\output\facts_171b435bdf9e.ttl;1;Fault feature extraction;Maintainable item;contact system;Unknown synchronization;Not reported;FactsEquipmentAging, operation records, sensor data, FactsnormalizedContactSystemData, pole number (index used to reorder maintenance data);case-study type dropped: Maintainable item | default online/offline dropped: Unknown synchronization | input-for-model dropped: Not reported;Fault feature extraction;;contact system;;;FactsEquipmentAging, operation records, sensor data, FactsnormalizedContactSystemData, pole number (index used to reorder maintenance data);5;15
137;extraction_papers\ontocast_runs\run_500_20260710_185042\output\facts_173e989f42c4.ttl;1;Remaining useful life estimation;Maintainable item;Factsfact35_18;Unknown synchronization;Not reported;Not reported;case-study type dropped: Maintainable item | case study dropped: Factsfact35_18 | default online/offline dropped: Unknown synchronization | input-for-model dropped: Not reported | input type dropped: Not reported;Remaining useful life estimation;;;;;;5;15
138;extraction_papers\ontocast_runs\run_500_20260710_185042\output\facts_1762d3edd470.ttl;1;Health assessment;Maintainable item;engine;Unknown synchronization;Not reported;faulty products, noise status, scheduling, highly compressed measurements, rolling element bearings signals datasets, shop floor scenarios, machinery performance, workstations, vibration level, Factsvisits;case-study type dropped: Maintainable item | default online/offline dropped: Unknown synchronization | input-for-model dropped: Not reported;Health assessment;;engine;;;faulty products, noise status, scheduling, highly compressed measurements, rolling element bearings signals datasets, shop floor scenarios, machinery performance, workstations, vibration level, Factsvisits;5;15
139;extraction_papers\ontocast_runs\run_500_20260710_185042\output\facts_17792a3e16ba.ttl;1;One step future state forecast;Maintainable item;MSS;Unknown synchronization;Not reported;Not reported;case-study type dropped: Maintainable item | default online/offline dropped: Unknown synchronization | input-for-model dropped: Not reported | input type dropped: Not reported;One step future state forecast;;MSS;;;;5;15
140;extraction_papers\ontocast_runs\run_500_20260710_185042\output\facts_17cd6a7ce0d1.ttl;1;Fault detection;Maintainable item;insulation materials;Unknown synchronization;Not reported;Factsdata_var3;case-study type dropped: Maintainable item | default online/offline dropped: Unknown synchronization | input-for-model dropped: Not reported | input type dropped: Factsdata_var3;Fault detection;;insulation materials;;;;5;15
141;extraction_papers\ontocast_runs\run_500_20260710_185042\output\facts_184d608e1f84.ttl;1;Health assessment;Maintainable item;FPGA;Unknown synchronization;Not reported;gearbox bearing temperatures, GELU;case-study type dropped: Maintainable item | default online/offline dropped: Unknown synchronization | input-for-model dropped: Not reported;Health assessment;;FPGA;;;gearbox bearing temperatures, GELU;5;15
142;extraction_papers\ontocast_runs\run_500_20260710_185042\output\facts_1850d37fbad4.ttl;1;Remaining useful life estimation;Maintainable item;battery;Unknown synchronization;Not reported;charge/discharge rates, current, impedance metrics, temperature profiles, timestamped operating metrics, voltage;case-study type dropped: Maintainable item | default online/offline dropped: Unknown synchronization | input-for-model dropped: Not reported;Remaining useful life estimation;;battery;;;charge/discharge rates, current, impedance metrics, temperature profiles, timestamped operating metrics, voltage;5;15
143;extraction_papers\ontocast_runs\run_500_20260710_185042\output\facts_18cf238441be.ttl;1;Fault detection;Maintainable item;tool wear;Unknown synchronization;Not reported;tool wear;case-study type dropped: Maintainable item | default online/offline dropped: Unknown synchronization | input-for-model dropped: Not reported;Fault detection;;tool wear;;;tool wear;5;15
144;extraction_papers\ontocast_runs\run_500_20260710_185042\output\facts_1996f16e00b3.ttl;1;Health assessment;Maintainable item;rotor system;Unknown synchronization;Not reported;blade-root bending-moment measurements, R2, wind-speed profile;case-study type dropped: Maintainable item | default online/offline dropped: Unknown synchronization | input-for-model dropped: Not reported;Health assessment;;rotor system;;;blade-root bending-moment measurements, R2, wind-speed profile;5;15
145;extraction_papers\ontocast_runs\run_500_20260710_185042\output\facts_1aa5b3e6f988.ttl;1;Remaining useful life estimation;Maintainable item;Fault_detection;Unknown synchronization;Not reported;Factsvar1_9;case-study type dropped: Maintainable item | default online/offline dropped: Unknown synchronization | input-for-model dropped: Not reported | input type dropped: Factsvar1_9;Remaining useful life estimation;;Fault_detection;;;;5;15
146;extraction_papers\ontocast_runs\run_500_20260710_185042\output\facts_1afce5a917c7.ttl;1;Fault detection;Maintainable item;HI;Unknown synchronization;Not reported;Not reported;case-study type dropped: Maintainable item | default online/offline dropped: Unknown synchronization | input-for-model dropped: Not reported | input type dropped: Not reported;Fault detection;;HI;;;;5;15
147;extraction_papers\ontocast_runs\run_500_20260710_185042\output\facts_1b8e16eda666.ttl;1;Fault detection;Maintainable item;Factsitem1_33;Unknown synchronization;Not reported;feature weight assignment, missing values;case-study type dropped: Maintainable item | case study dropped: Factsitem1_33 | default online/offline dropped: Unknown synchronization | input-for-model dropped: Not reported;Fault detection;;;;;feature weight assignment, missing values;5;15
148;extraction_papers\ontocast_runs\run_500_20260710_185042\output\facts_1be481d41400.ttl;2;Health assessment;Maintainable item;Autonomous Mobile Robots;Unknown synchronization;Not reported;Factskw4_1;case-study type dropped: Maintainable item | default online/offline dropped: Unknown synchronization | input-for-model dropped: Not reported | input type dropped: Factskw4_1;Health assessment;;Autonomous Mobile Robots;;;;5;15
149;extraction_papers\ontocast_runs\run_500_20260710_185042\output\facts_1c251ba771a0.ttl;1;Fault detection;Maintainable item;cutting tool with thin-film thermocouple;Unknown synchronization;Not reported;Factsvar5_9;case-study type dropped: Maintainable item | default online/offline dropped: Unknown synchronization | input-for-model dropped: Not reported | input type dropped: Factsvar5_9;Fault detection;;cutting tool with thin-film thermocouple;;;;5;15
150;extraction_papers\ontocast_runs\run_500_20260710_185042\output\facts_1d38dce714eb.ttl;1;Fault detection;Maintainable item;Factsitem1_19;Unknown synchronization;Not reported;equipment vibration, monitoring data, monitoring data such as vibration and temperature;case-study type dropped: Maintainable item | case study dropped: Factsitem1_19 | default online/offline dropped: Unknown synchronization | input-for-model dropped: Not reported;Fault detection;;;;;equipment vibration, monitoring data, monitoring data such as vibration and temperature;5;15
151;extraction_papers\ontocast_runs\run_500_20260710_185042\output\facts_1d50f4186005.ttl;1;Health assessment;Maintainable item;Factsequipment_1;Unknown synchronization;Not reported;temperature, pressure, vibration;case-study type dropped: Maintainable item | case study dropped: Factsequipment_1 | default online/offline dropped: Unknown synchronization | input-for-model dropped: Not reported;Health assessment;;;;;temperature, pressure, vibration;5;15
152;extraction_papers\ontocast_runs\run_500_20260710_185042\output\facts_1de7d146cbcc.ttl;1;One step future state forecast;Maintainable item;FactsLvPvCableSample;Unknown synchronization;Not reported;Not reported;case-study type dropped: Maintainable item | case study dropped: FactsLvPvCableSample | default online/offline dropped: Unknown synchronization | input-for-model dropped: Not reported | input type dropped: Not reported;One step future state forecast;;;;;;5;15
153;extraction_papers\ontocast_runs\run_500_20260710_185042\output\facts_1dfb91166b11.ttl;1;Fault detection;Maintainable item;single-unit system;Unknown synchronization;Not reported;sensors, reliability information, CM data, control policies, Remaining Life Distributions (RLDs), sensor data, training data;case-study type dropped: Maintainable item | default online/offline dropped: Unknown synchronization | input-for-model dropped: Not reported;Fault detection;;single-unit system;;;sensors, reliability information, CM data, control policies, Remaining Life Distributions (RLDs), sensor data, training data;5;15
154;extraction_papers\ontocast_runs\run_500_20260710_185042\output\facts_1dfe564c9a8c.ttl;2;Remaining useful life estimation;Maintainable item;critical equipment;Unknown synchronization;Not reported;condition monitoring data, degradation signal, failure data, fracture length, valve opening time, Factsvar1_6, vibration;case-study type dropped: Maintainable item | default online/offline dropped: Unknown synchronization | input-for-model dropped: Not reported;Remaining useful life estimation;;critical equipment;;;condition monitoring data, degradation signal, failure data, fracture length, valve opening time, Factsvar1_6, vibration;5;15
155;extraction_papers\ontocast_runs\run_500_20260710_185042\output\facts_1e325e1b6ca0.ttl;1;Fault detection;Maintainable item;failure samples;Unknown synchronization;Not reported;FactsheadLoadUnloadCycles, SMART indicators, SMART;case-study type dropped: Maintainable item | default online/offline dropped: Unknown synchronization | input-for-model dropped: Not reported;Fault detection;;failure samples;;;FactsheadLoadUnloadCycles, SMART indicators, SMART;5;15
156;extraction_papers\ontocast_runs\run_500_20260710_185042\output\facts_1e54a6d33b60.ttl;1;Fault detection;Maintainable item;dynamically loaded bearings;Unknown synchronization;Not reported;FactsmagneticFluxVariationMeasurement1, FactspadThermalLoad1, FactsstrainGauge1, probes;case-study type dropped: Maintainable item | default online/offline dropped: Unknown synchronization | input-for-model dropped: Not reported;Fault detection;;dynamically loaded bearings;;;FactsmagneticFluxVariationMeasurement1, FactspadThermalLoad1, FactsstrainGauge1, probes;5;15
157;extraction_papers\ontocast_runs\run_500_20260710_185042\output\facts_1e7646977023.ttl;1;Health modelling;Maintainable item;industrial equipment;Unknown synchronization;Not reported;Not reported;case-study type dropped: Maintainable item | default online/offline dropped: Unknown synchronization | input-for-model dropped: Not reported | input type dropped: Not reported;Health modelling;;industrial equipment;;;;5;15
158;extraction_papers\ontocast_runs\run_500_20260710_185042\output\facts_1ef6273f524a.ttl;2;Remaining useful life estimation;Maintainable item;bridge damage;Unknown synchronization;Not reported;Not reported;case-study type dropped: Maintainable item | default online/offline dropped: Unknown synchronization | input-for-model dropped: Not reported | input type dropped: Not reported;Remaining useful life estimation;;bridge damage;;;;5;15
159;extraction_papers\ontocast_runs\run_500_20260710_185042\output\facts_200b31896355.ttl;1;Fault detection;Maintainable item;DC motor;Unknown synchronization;Not reported;voltage, environmental data, temperature, current, vibration;case-study type dropped: Maintainable item | default online/offline dropped: Unknown synchronization | input-for-model dropped: Not reported;Fault detection;;DC motor;;;voltage, environmental data, temperature, current, vibration;5;15
160;extraction_papers\ontocast_runs\run_500_20260710_185042\output\facts_207c2f61486e.ttl;1;Fault detection;Maintainable item;ATP;Unknown synchronization;Not reported;failure rate series;case-study type dropped: Maintainable item | default online/offline dropped: Unknown synchronization | input-for-model dropped: Not reported;Fault detection;;ATP;;;failure rate series;5;15
161;extraction_papers\ontocast_runs\run_500_20260710_185042\output\facts_2087e3707b95.ttl;1;Fault detection;Maintainable item;DCB;Unknown synchronization;Not reported;Not reported;case-study type dropped: Maintainable item | default online/offline dropped: Unknown synchronization | input-for-model dropped: Not reported | input type dropped: Not reported;Fault detection;;DCB;;;;5;15
162;extraction_papers\ontocast_runs\run_500_20260710_185042\output\facts_2090c159abe1.ttl;1;One step future state forecast;Maintainable item;Not reported;Unknown synchronization;Not reported;Not reported;case-study type dropped: Maintainable item | case study dropped: Not reported | default online/offline dropped: Unknown synchronization | input-for-model dropped: Not reported | input type dropped: Not reported;One step future state forecast;;;;;;5;15
163;extraction_papers\ontocast_runs\run_500_20260710_185042\output\facts_20954c1af19d.ttl;1;Remaining useful life estimation;Maintainable item;Lithium-ion battery (LIB);Unknown synchronization;Not reported;Current, Early Prediction Start Offset (EPSO), Temperature, Voltage;case-study type dropped: Maintainable item | default online/offline dropped: Unknown synchronization | input-for-model dropped: Not reported;Remaining useful life estimation;;Lithium-ion battery (LIB);;;Current, Early Prediction Start Offset (EPSO), Temperature, Voltage;5;15
164;extraction_papers\ontocast_runs\run_500_20260710_185042\output\facts_209acc5bf5ca.ttl;1;Fault detection;Maintainable item;rice seedling tray;Unknown synchronization;Not reported;Not reported;case-study type dropped: Maintainable item | default online/offline dropped: Unknown synchronization | input-for-model dropped: Not reported | input type dropped: Not reported;Fault detection;;rice seedling tray;;;;5;15
165;extraction_papers\ontocast_runs\run_500_20260710_185042\output\facts_2188ec61f052.ttl;1;Fault detection;Maintainable item;elevator;Unknown synchronization;Not reported;electrical current, fault data, inspectors' experience, noise, self-inspections, sensor signals, training data, vibration, visual checks;case-study type dropped: Maintainable item | default online/offline dropped: Unknown synchronization | input-for-model dropped: Not reported;Fault detection;;elevator;;;electrical current, fault data, inspectors' experience, noise, self-inspections, sensor signals, training data, vibration, visual checks;5;15
166;extraction_papers\ontocast_runs\run_500_20260710_185042\output\facts_21b5422495b4.ttl;2;Fault detection;Maintainable item;turbocharged marine diesel engine;Unknown synchronization;Not reported;Factsmulti_sensor_vibration_data1, Factsvibration_signal1_4;case-study type dropped: Maintainable item | default online/offline dropped: Unknown synchronization | input-for-model dropped: Not reported;Fault detection;;turbocharged marine diesel engine;;;Factsmulti_sensor_vibration_data1, Factsvibration_signal1_4;5;15
167;extraction_papers\ontocast_runs\run_500_20260710_185042\output\facts_21bd9d788c78.ttl;1;One step future state forecast;Maintainable item;DESMI NSLV-R 500-510;Unknown synchronization;Not reported;Factsrotationalspeed_900;case-study type dropped: Maintainable item | default online/offline dropped: Unknown synchronization | input-for-model dropped: Not reported | input type dropped: Factsrotationalspeed_900;One step future state forecast;;DESMI NSLV-R 500-510;;;;5;15
168;extraction_papers\ontocast_runs\run_500_20260710_185042\output\facts_21f5994b1922.ttl;2;Fault detection;Maintainable item;engine;Unknown synchronization;Not reported;FactsAudioModalities, engine fault time-frequency features (audio), spatial features (image), FactsThermalImageModalities, FactsVibrationVisModalities;case-study type dropped: Maintainable item | default online/offline dropped: Unknown synchronization | input-for-model dropped: Not reported;Fault detection;;engine;;;FactsAudioModalities, engine fault time-frequency features (audio), spatial features (image), FactsThermalImageModalities, FactsVibrationVisModalities;5;15
169;extraction_papers\ontocast_runs\run_500_20260710_185042\output\facts_22617f0051a2.ttl;1;One step future state forecast;Maintainable item;Not reported;Unknown synchronization;Not reported;Not reported;case-study type dropped: Maintainable item | case study dropped: Not reported | default online/offline dropped: Unknown synchronization | input-for-model dropped: Not reported | input type dropped: Not reported;One step future state forecast;;;;;;5;15
170;extraction_papers\ontocast_runs\run_500_20260710_185042\output\facts_2313ca9c6aa6.ttl;3;Remaining useful life estimation;Maintainable item;mine hoisting equipment;Unknown synchronization;Not reported;large labeled datasets;case-study type dropped: Maintainable item | default online/offline dropped: Unknown synchronization | input-for-model dropped: Not reported;Remaining useful life estimation;;mine hoisting equipment;;;large labeled datasets;5;15
171;extraction_papers\ontocast_runs\run_500_20260710_185042\output\facts_23354065a3d2.ttl;1;Remaining useful life estimation;Maintainable item;Factsdata_set1;Unknown synchronization;Not reported;Not reported;case-study type dropped: Maintainable item | case study dropped: Factsdata_set1 | default online/offline dropped: Unknown synchronization | input-for-model dropped: Not reported | input type dropped: Not reported;Remaining useful life estimation;;;;;;5;15
172;extraction_papers\ontocast_runs\run_500_20260710_185042\output\facts_24a3a2cce978.ttl;2;Fault detection;Maintainable item;controllable distributed resources;Unknown synchronization;Not reported;Not reported;case-study type dropped: Maintainable item | default online/offline dropped: Unknown synchronization | input-for-model dropped: Not reported | input type dropped: Not reported;Fault detection;;controllable distributed resources;;;;5;15
173;extraction_papers\ontocast_runs\run_500_20260710_185042\output\facts_24b4f118581d.ttl;1;Fault detection;Maintainable item;sample;Unknown synchronization;Not reported;capacitance change, resistance change, damage size, crack size, false positives;case-study type dropped: Maintainable item | default online/offline dropped: Unknown synchronization | input-for-model dropped: Not reported;Fault detection;;sample;;;capacitance change, resistance change, damage size, crack size, false positives;5;15
174;extraction_papers\ontocast_runs\run_500_20260710_185042\output\facts_24ff1d69286e.ttl;2;Fault detection;Maintainable item;brush;Unknown synchronization;Not reported;Factsspeed_input1, thermal behavior assessment;case-study type dropped: Maintainable item | default online/offline dropped: Unknown synchronization | input-for-model dropped: Not reported;Fault detection;;brush;;;Factsspeed_input1, thermal behavior assessment;5;15
175;extraction_papers\ontocast_runs\run_500_20260710_185042\output\facts_258e3e8931aa.ttl;1;Remaining useful life estimation;Maintainable item;gear;Unknown synchronization;Not reported;Not reported;case-study type dropped: Maintainable item | default online/offline dropped: Unknown synchronization | input-for-model dropped: Not reported | input type dropped: Not reported;Remaining useful life estimation;;gear;;;;5;15
176;extraction_papers\ontocast_runs\run_500_20260710_185042\output\facts_25ab5d9cebe4.ttl;1;Remaining useful life estimation;Maintainable item;CMAPSS dataset;Unknown synchronization;Not reported;Not reported;case-study type dropped: Maintainable item | default online/offline dropped: Unknown synchronization | input-for-model dropped: Not reported | input type dropped: Not reported;Remaining useful life estimation;;CMAPSS dataset;;;;5;15
177;extraction_papers\ontocast_runs\run_500_20260710_185042\output\facts_2676d75af134.ttl;1;Fault detection;Maintainable item;ball bearing;Unknown synchronization;Not reported;deep belief network, vibration data, actual plant conditions, signal-to-noise ratio, time-frequency-amplitude details, CWT signatures, kurtosis, fatigue, wear, stacked autoencoder, support vector machine, acoustic emission signals, scalogram, vibration signals, Factsvar5_19, accuracy;case-study type dropped: Maintainable item | default online/offline dropped: Unknown synchronization | input-for-model dropped: Not reported;Fault detection;;ball bearing;;;deep belief network, vibration data, actual plant conditions, signal-to-noise ratio, time-frequency-amplitude details, CWT signatures, kurtosis, fatigue, wear, stacked autoencoder, support vector machine, acoustic emission signals, scalogram, vibration signals, Factsvar5_19, accuracy;5;15
178;extraction_papers\ontocast_runs\run_500_20260710_185042\output\facts_274a592d6e6a.ttl;1;Health assessment;Maintainable item;FactsengineeringEquipment;Unknown synchronization;Not reported;Not reported;case-study type dropped: Maintainable item | case study dropped: FactsengineeringEquipment | default online/offline dropped: Unknown synchronization | input-for-model dropped: Not reported | input type dropped: Not reported;Health assessment;;;;;;5;15
179;extraction_papers\ontocast_runs\run_500_20260710_185042\output\facts_27ad2a70e827.ttl;2;Fault detection;Maintainable item;lithium-ion batteries;Unknown synchronization;Not reported;performance degradation index, Factsperiodicity, FactstimeSeries;case-study type dropped: Maintainable item | default online/offline dropped: Unknown synchronization | input-for-model dropped: Not reported;Fault detection;;lithium-ion batteries;;;performance degradation index, Factsperiodicity, FactstimeSeries;5;15
180;extraction_papers\ontocast_runs\run_500_20260710_185042\output\facts_27df4a5e3a93.ttl;1;Fault detection;Maintainable item;Factssignals_1;Unknown synchronization;Not reported;FactsrawVibrationSignals_1;case-study type dropped: Maintainable item | case study dropped: Factssignals_1 | default online/offline dropped: Unknown synchronization | input-for-model dropped: Not reported | input type dropped: FactsrawVibrationSignals_1;Fault detection;;;;;;5;15
181;extraction_papers\ontocast_runs\run_500_20260710_185042\output\facts_282a78718eb1.ttl;1;Fault detection;Maintainable item;gears;Unknown synchronization;Not reported;Not reported;case-study type dropped: Maintainable item | default online/offline dropped: Unknown synchronization | input-for-model dropped: Not reported | input type dropped: Not reported;Fault detection;;gears;;;;5;15
182;extraction_papers\ontocast_runs\run_500_20260710_185042\output\facts_2881f791711d.ttl;2;Remaining useful life estimation;Maintainable item;enterprise print settings;Unknown synchronization;Not reported;device health signals, historical print logs, toner consumption trends, user behaviors;case-study type dropped: Maintainable item | default online/offline dropped: Unknown synchronization | input-for-model dropped: Not reported;Remaining useful life estimation;;enterprise print settings;;;device health signals, historical print logs, toner consumption trends, user behaviors;5;15
183;extraction_papers\ontocast_runs\run_500_20260710_185042\output\facts_2904db2538a7.ttl;1;Fault feature extraction;Maintainable item;gear;Unknown synchronization;Not reported;input features, SEM images, wear particle analysis data, debris morphology, FactsscanningElectronMicroscopy, vibration signals, nanoparticle morphometrics, FactsvibrationSignalAnalysis;case-study type dropped: Maintainable item | default online/offline dropped: Unknown synchronization | input-for-model dropped: Not reported;Fault feature extraction;;gear;;;input features, SEM images, wear particle analysis data, debris morphology, FactsscanningElectronMicroscopy, vibration signals, nanoparticle morphometrics, FactsvibrationSignalAnalysis;5;15
184;extraction_papers\ontocast_runs\run_500_20260710_185042\output\facts_29117213505d.ttl;1;Fault feature extraction;Maintainable item;Factsescalator;Unknown synchronization;Not reported;Life Health Index Model;case-study type dropped: Maintainable item | case study dropped: Factsescalator | default online/offline dropped: Unknown synchronization | input-for-model dropped: Not reported;Fault feature extraction;;;;;Life Health Index Model;5;15
185;extraction_papers\ontocast_runs\run_500_20260710_185042\output\facts_29f76b527a2b.ttl;1;Fault feature extraction;Maintainable item;wind turbine gearbox;Unknown synchronization;Not reported;Mean (TF-3), FactstimeDomainFeatures;case-study type dropped: Maintainable item | default online/offline dropped: Unknown synchronization | input-for-model dropped: Not reported;Fault feature extraction;;wind turbine gearbox;;;Mean (TF-3), FactstimeDomainFeatures;5;15
186;extraction_papers\ontocast_runs\run_500_20260710_185042\output\facts_2b6e75ab029f.ttl;1;Fault detection;Maintainable item;Factsbroken_end_ring_case1;Unknown synchronization;Not reported;Not reported;case-study type dropped: Maintainable item | case study dropped: Factsbroken_end_ring_case1 | default online/offline dropped: Unknown synchronization | input-for-model dropped: Not reported | input type dropped: Not reported;Fault detection;;;;;;5;15
187;extraction_papers\ontocast_runs\run_500_20260710_185042\output\facts_2c4885be8796.ttl;2;Fault detection;Maintainable item;bearings;Unknown synchronization;Not reported;Not reported;case-study type dropped: Maintainable item | default online/offline dropped: Unknown synchronization | input-for-model dropped: Not reported | input type dropped: Not reported;Fault detection;;bearings;;;;5;15
188;extraction_papers\ontocast_runs\run_500_20260710_185042\output\facts_2cbf6784d2e3.ttl;1;Remaining useful life estimation;Maintainable item;industrial assets;Unknown synchronization;Not reported;outliers;case-study type dropped: Maintainable item | default online/offline dropped: Unknown synchronization | input-for-model dropped: Not reported;Remaining useful life estimation;;industrial assets;;;outliers;5;15
189;extraction_papers\ontocast_runs\run_500_20260710_185042\output\facts_2cfb118e9d92.ttl;1;Fault detection;Maintainable item;bearings;Unknown synchronization;Not reported;signal;case-study type dropped: Maintainable item | default online/offline dropped: Unknown synchronization | input-for-model dropped: Not reported;Fault detection;;bearings;;;signal;5;15
190;extraction_papers\ontocast_runs\run_500_20260710_185042\output\facts_2d91c598af4f.ttl;1;Fault detection;Maintainable item;cables;Unknown synchronization;Not reported;RS, cross-excitation experiment, time-domain waveform, measurement noise, artifact response, temporal behavior, physically meaningful reflection;case-study type dropped: Maintainable item | default online/offline dropped: Unknown synchronization | input-for-model dropped: Not reported;Fault detection;;cables;;;RS, cross-excitation experiment, time-domain waveform, measurement noise, artifact response, temporal behavior, physically meaningful reflection;5;15
191;extraction_papers\ontocast_runs\run_500_20260710_185042\output\facts_2db1655d31a6.ttl;2;Remaining useful life estimation;Maintainable item;refrigeration equipment;Unknown synchronization;Not reported;FactsCoolingLevel, FactsSamplingRate;case-study type dropped: Maintainable item | default online/offline dropped: Unknown synchronization | input-for-model dropped: Not reported;Remaining useful life estimation;;refrigeration equipment;;;FactsCoolingLevel, FactsSamplingRate;5;15
192;extraction_papers\ontocast_runs\run_500_20260710_185042\output\facts_2f1204323191.ttl;1;Remaining useful life estimation;Maintainable item;equipment;Unknown synchronization;Not reported;Not reported;case-study type dropped: Maintainable item | default online/offline dropped: Unknown synchronization | input-for-model dropped: Not reported | input type dropped: Not reported;Remaining useful life estimation;;equipment;;;;5;15
193;extraction_papers\ontocast_runs\run_500_20260710_185042\output\facts_30228a3c2349.ttl;1;Remaining useful life estimation;Maintainable item;battery;Unknown synchronization;Not reported;AC impedance, internal resistance changes, lithium iron phosphate, nickel manganese cobalt, incremental capacity curve features, IC curve area, temperature, discharge current;case-study type dropped: Maintainable item | default online/offline dropped: Unknown synchronization | input-for-model dropped: Not reported;Remaining useful life estimation;;battery;;;AC impedance, internal resistance changes, lithium iron phosphate, nickel manganese cobalt, incremental capacity curve features, IC curve area, temperature, discharge current;5;15
194;extraction_papers\ontocast_runs\run_500_20260710_185042\output\facts_30ddca7feb40.ttl;2;Health assessment;Maintainable item;air compressors;Unknown synchronization;Not reported;PdM systems;case-study type dropped: Maintainable item | default online/offline dropped: Unknown synchronization | input-for-model dropped: Not reported;Health assessment;;air compressors;;;PdM systems;5;15
195;extraction_papers\ontocast_runs\run_500_20260710_185042\output\facts_3252fa8ca6bb.ttl;2;Fault detection;Maintainable item;bus air compressor unit;Unknown synchronization;Not reported;Not reported;case-study type dropped: Maintainable item | default online/offline dropped: Unknown synchronization | input-for-model dropped: Not reported | input type dropped: Not reported;Fault detection;;bus air compressor unit;;;;5;15
196;extraction_papers\ontocast_runs\run_500_20260710_185042\output\facts_344967ac8b3f.ttl;1;Fault detection;Maintainable item;EV drive motors;Unknown synchronization;Not reported;FactsinputFeature;case-study type dropped: Maintainable item | default online/offline dropped: Unknown synchronization | input-for-model dropped: Not reported | input type dropped: FactsinputFeature;Fault detection;;EV drive motors;;;;5;15
197;extraction_papers\ontocast_runs\run_500_20260710_185042\output\facts_34747f2051b2.ttl;1;Remaining useful life estimation;Maintainable item;gearbox;Unknown synchronization;Not reported;Factstopic9_2;case-study type dropped: Maintainable item | default online/offline dropped: Unknown synchronization | input-for-model dropped: Not reported | input type dropped: Factstopic9_2;Remaining useful life estimation;;gearbox;;;;5;15
198;extraction_papers\ontocast_runs\run_500_20260710_185042\output\facts_3586d03d85ef.ttl;2;Health assessment;Maintainable item;modern machines;Unknown synchronization;Not reported;electrical parameters, electrical signature, labelled fault datasets, FactsmultiModeProductionCycles, FactsvariableLoads;case-study type dropped: Maintainable item | default online/offline dropped: Unknown synchronization | input-for-model dropped: Not reported;Health assessment;;modern machines;;;electrical parameters, electrical signature, labelled fault datasets, FactsmultiModeProductionCycles, FactsvariableLoads;5;15
199;extraction_papers\ontocast_runs\run_500_20260710_185042\output\facts_359c9220d540.ttl;1;Fault detection;Maintainable item;Not reported;Unknown synchronization;Not reported;acoustic signal (input variable for diagnostic models), FactsMfcc;case-study type dropped: Maintainable item | case study dropped: Not reported | default online/offline dropped: Unknown synchronization | input-for-model dropped: Not reported;Fault detection;;;;;acoustic signal (input variable for diagnostic models), FactsMfcc;5;15
200;extraction_papers\ontocast_runs\run_500_20260710_185042\output\facts_35ed82347e21.ttl;4;Remaining useful life estimation;Maintainable item;Moulder;Unknown synchronization;Not reported;repair data;case-study type dropped: Maintainable item | default online/offline dropped: Unknown synchronization | input-for-model dropped: Not reported;Remaining useful life estimation;;Moulder;;;repair data;5;15
201;extraction_papers\ontocast_runs\run_500_20260710_185042\output\facts_35eebb7b7afe.ttl;1;Fault feature extraction;Maintainable item;Brushless DC motor;Unknown synchronization;Not reported;FactsMultiplePhysicalQuantities, Factsdataset1_1;case-study type dropped: Maintainable item | default online/offline dropped: Unknown synchronization | input-for-model dropped: Not reported;Fault feature extraction;;Brushless DC motor;;;FactsMultiplePhysicalQuantities, Factsdataset1_1;5;15
202;extraction_papers\ontocast_runs\run_500_20260710_185042\output\facts_3646b6f83eec.ttl;1;Health assessment;Maintainable item;bearing;Unknown synchronization;Not reported;rotational speed;case-study type dropped: Maintainable item | default online/offline dropped: Unknown synchronization | input-for-model dropped: Not reported;Health assessment;;bearing;;;rotational speed;5;15
203;extraction_papers\ontocast_runs\run_500_20260710_185042\output\facts_369aa98c1873.ttl;1;Health assessment;Maintainable item;engine;Unknown synchronization;Not reported;time series, multivariate sensor trajectories;case-study type dropped: Maintainable item | default online/offline dropped: Unknown synchronization | input-for-model dropped: Not reported;Health assessment;;engine;;;time series, multivariate sensor trajectories;5;15
204;extraction_papers\ontocast_runs\run_500_20260710_185042\output\facts_379d2a018523.ttl;1;Health assessment;Maintainable item;internal combustion engine (vehicle);Unknown synchronization;Not reported;FactsCombustionEfficiency, FactsLoadProfile, oil condition (diagnostic variable), FactsTemperatureFluctuations_1, Factsfinding2, Factsviscosity;case-study type dropped: Maintainable item | default online/offline dropped: Unknown synchronization | input-for-model dropped: Not reported;Health assessment;;internal combustion engine (vehicle);;;FactsCombustionEfficiency, FactsLoadProfile, oil condition (diagnostic variable), FactsTemperatureFluctuations_1, Factsfinding2, Factsviscosity;5;15
205;extraction_papers\ontocast_runs\run_500_20260710_185042\output\facts_3802ef04d008.ttl;1;Health assessment;Maintainable item;FactsBattery_2;Unknown synchronization;Not reported;FactsCurrentData, Electrochemical impedance spectrum (EIS), FactsIncrementalCapacityFeature, FactsTemperatureData, FactsVoltageBasedFeature;case-study type dropped: Maintainable item | case study dropped: FactsBattery_2 | default online/offline dropped: Unknown synchronization | input-for-model dropped: Not reported;Health assessment;;;;;FactsCurrentData, Electrochemical impedance spectrum (EIS), FactsIncrementalCapacityFeature, FactsTemperatureData, FactsVoltageBasedFeature;5;15
206;extraction_papers\ontocast_runs\run_500_20260710_185042\output\facts_3816e4cb701a.ttl;1;Fault detection;Maintainable item;rolling bearings;Unknown synchronization;Not reported;CWRUDataset, Time-domain features;case-study type dropped: Maintainable item | default online/offline dropped: Unknown synchronization | input-for-model dropped: Not reported;Fault detection;;rolling bearings;;;CWRUDataset, Time-domain features;5;15
207;extraction_papers\ontocast_runs\run_500_20260710_185042\output\facts_38b8482122f9.ttl;1;Remaining useful life estimation;Maintainable item;electronic subsystems within biomedical devices;Unknown synchronization;Not reported;safety, surface temperature, thermal anomalies;case-study type dropped: Maintainable item | default online/offline dropped: Unknown synchronization | input-for-model dropped: Not reported;Remaining useful life estimation;;electronic subsystems within biomedical devices;;;safety, surface temperature, thermal anomalies;5;15
208;extraction_papers\ontocast_runs\run_500_20260710_185042\output\facts_38f7a98014e5.ttl;2;Health assessment;Maintainable item;transformers;Unknown synchronization;Not reported;Factsdata6_1, diagnostic accuracy;case-study type dropped: Maintainable item | default online/offline dropped: Unknown synchronization | input-for-model dropped: Not reported;Health assessment;;transformers;;;Factsdata6_1, diagnostic accuracy;5;15
209;extraction_papers\ontocast_runs\run_500_20260710_185042\output\facts_391d81ab140b.ttl;2;Remaining useful life estimation;Maintainable item;FactsCombustionChamberLiner;Unknown synchronization;Not reported;FactsL0, leaking rate (ESN hyperparameter), regularization coefficient (ESN hyperparameter), reservoir size (ESN hyperparameter), spectral radius (ESN hyperparameter), L0 (initial crack length);case-study type dropped: Maintainable item | case study dropped: FactsCombustionChamberLiner | default online/offline dropped: Unknown synchronization | input-for-model dropped: Not reported;Remaining useful life estimation;;;;;FactsL0, leaking rate (ESN hyperparameter), regularization coefficient (ESN hyperparameter), reservoir size (ESN hyperparameter), spectral radius (ESN hyperparameter), L0 (initial crack length);5;15
210;extraction_papers\ontocast_runs\run_500_20260710_185042\output\facts_395330d7af73.ttl;1;Fault detection;Maintainable item;gas pipeline;Unknown synchronization;Not reported;Not reported;case-study type dropped: Maintainable item | default online/offline dropped: Unknown synchronization | input-for-model dropped: Not reported | input type dropped: Not reported;Fault detection;;gas pipeline;;;;5;15
211;extraction_papers\ontocast_runs\run_500_20260710_185042\output\facts_3979e8861110.ttl;1;Fault detection;Maintainable item;MV PLC equipment;Unknown synchronization;Not reported;Not reported;case-study type dropped: Maintainable item | default online/offline dropped: Unknown synchronization | input-for-model dropped: Not reported | input type dropped: Not reported;Fault detection;;MV PLC equipment;;;;5;15
212;extraction_papers\ontocast_runs\run_500_20260710_185042\output\facts_3a29bbf81979.ttl;1;Fault detection;Maintainable item;hub;Unknown synchronization;Not reported;grid size;case-study type dropped: Maintainable item | default online/offline dropped: Unknown synchronization | input-for-model dropped: Not reported;Fault detection;;hub;;;grid size;5;15
213;extraction_papers\ontocast_runs\run_500_20260710_185042\output\facts_3ab6eeca2c90.ttl;1;Fault detection;Maintainable item;marine shafting;Unknown synchronization;Not reported;air-spring pressure, raft strain, bearing load;case-study type dropped: Maintainable item | default online/offline dropped: Unknown synchronization | input-for-model dropped: Not reported;Fault detection;;marine shafting;;;air-spring pressure, raft strain, bearing load;5;15
214;extraction_papers\ontocast_runs\run_500_20260710_185042\output\facts_3b389bcd8ccd.ttl;2;Health assessment;Maintainable item;bearing;Unknown synchronization;Not reported;temperature profile, vibration signal, GLCM, LBP, feature;case-study type dropped: Maintainable item | default online/offline dropped: Unknown synchronization | input-for-model dropped: Not reported;Health assessment;;bearing;;;temperature profile, vibration signal, GLCM, LBP, feature;5;15
215;extraction_papers\ontocast_runs\run_500_20260710_185042\output\facts_3b442c32918c.ttl;1;Remaining useful life estimation;Maintainable item;epoxy resin;Unknown synchronization;Not reported;Arrhenius equation, oxidation, relaxation behavior, molecular chain segment motion, interfacial polarization, ion migration, energy barrier, diagnosis, epoxy resin systems, epoxy-insulated transformers, high-frequency transformers, dry-type transformers, internal microstructure, cross-linking, bond breakage, aging time, dielectric constant, loss, life prediction;case-study type dropped: Maintainable item | default online/offline dropped: Unknown synchronization | input-for-model dropped: Not reported;Remaining useful life estimation;;epoxy resin;;;Arrhenius equation, oxidation, relaxation behavior, molecular chain segment motion, interfacial polarization, ion migration, energy barrier, diagnosis, epoxy resin systems, epoxy-insulated transformers, high-frequency transformers, dry-type transformers, internal microstructure, cross-linking, bond breakage, aging time, dielectric constant, loss, life prediction;5;15
216;extraction_papers\ontocast_runs\run_500_20260710_185042\output\facts_3bcaccb87e71.ttl;1;Fault detection;Maintainable item;Facts3OmegaSensor;Unknown synchronization;Not reported;FactscrossflowVelocity, Factsflux, 3Ï sensing, FactstransmembranePressure;case-study type dropped: Maintainable item | case study dropped: Facts3OmegaSensor | default online/offline dropped: Unknown synchronization | input-for-model dropped: Not reported;Fault detection;;;;;FactscrossflowVelocity, Factsflux, 3Ï sensing, FactstransmembranePressure;5;15
217;extraction_papers\ontocast_runs\run_500_20260710_185042\output\facts_3c088e509323.ttl;1;Fault detection;Maintainable item;aircraft;Unknown synchronization;Not reported;aircraft;case-study type dropped: Maintainable item | default online/offline dropped: Unknown synchronization | input-for-model dropped: Not reported;Fault detection;;aircraft;;;aircraft;5;15
218;extraction_papers\ontocast_runs\run_500_20260710_185042\output\facts_3c5b1b15be09.ttl;1;Health assessment;Maintainable item;asset;Unknown synchronization;Not reported;Not reported;case-study type dropped: Maintainable item | default online/offline dropped: Unknown synchronization | input-for-model dropped: Not reported | input type dropped: Not reported;Health assessment;;asset;;;;5;15
219;extraction_papers\ontocast_runs\run_500_20260710_185042\output\facts_3c9ad7411517.ttl;1;One step future state forecast;Maintainable item;Not reported;Unknown synchronization;Not reported;Not reported;case-study type dropped: Maintainable item | case study dropped: Not reported | default online/offline dropped: Unknown synchronization | input-for-model dropped: Not reported | input type dropped: Not reported;One step future state forecast;;;;;;5;15
220;extraction_papers\ontocast_runs\run_500_20260710_185042\output\facts_3cb79521fe2c.ttl;1;One step future state forecast;Maintainable item;FactsOffshoreTurbineBlade;Unknown synchronization;Not reported;FactsFrequencyShift_1, FactsIcingMass, FactsRawAccelerationTimeSeries, FactsScadaParameters, FactsSpectralImages, FactsTemperature_1, FactsVibrationDynamics, Factsf1_frequency_feature;case-study type dropped: Maintainable item | case study dropped: FactsOffshoreTurbineBlade | default online/offline dropped: Unknown synchronization | input-for-model dropped: Not reported;One step future state forecast;;;;;FactsFrequencyShift_1, FactsIcingMass, FactsRawAccelerationTimeSeries, FactsScadaParameters, FactsSpectralImages, FactsTemperature_1, FactsVibrationDynamics, Factsf1_frequency_feature;5;15
221;extraction_papers\ontocast_runs\run_500_20260710_185042\output\facts_3ccee18dcf6a.ttl;2;Remaining useful life estimation;Maintainable item;FactsJetCatP80;Unknown synchronization;Not reported;CO2 (PPM), mf (kg/s), FactsRpmMeasurement, Total power, Thrust, Total power (KW), Turbine RPM, Factsco2_emission, Exhaust gas temperature, Fuel flow rate, FactsthrustMeasurement;case-study type dropped: Maintainable item | case study dropped: FactsJetCatP80 | default online/offline dropped: Unknown synchronization | input-for-model dropped: Not reported;Remaining useful life estimation;;;;;CO2 (PPM), mf (kg/s), FactsRpmMeasurement, Total power, Thrust, Total power (KW), Turbine RPM, Factsco2_emission, Exhaust gas temperature, Fuel flow rate, FactsthrustMeasurement;5;15
222;extraction_papers\ontocast_runs\run_500_20260710_185042\output\facts_3d5d8a11e245.ttl;2;Health assessment;Maintainable item;bolt;Unknown synchronization;Not reported;acoustic response, external impact, Factsvariable2_5;case-study type dropped: Maintainable item | default online/offline dropped: Unknown synchronization | input-for-model dropped: Not reported;Health assessment;;bolt;;;acoustic response, external impact, Factsvariable2_5;5;15
223;extraction_papers\ontocast_runs\run_500_20260710_185042\output\facts_3db8aab0b0b7.ttl;1;Remaining useful life estimation;Maintainable item;aircraft engine;Unknown synchronization;Not reported;operational cycles, critical sensors;case-study type dropped: Maintainable item | default online/offline dropped: Unknown synchronization | input-for-model dropped: Not reported;Remaining useful life estimation;;aircraft engine;;;operational cycles, critical sensors;5;15
224;extraction_papers\ontocast_runs\run_500_20260710_185042\output\facts_3db8faecfca0.ttl;2;Fault detection;Maintainable item;power grid;Unknown synchronization;Not reported;Not reported;case-study type dropped: Maintainable item | default online/offline dropped: Unknown synchronization | input-for-model dropped: Not reported | input type dropped: Not reported;Fault detection;;power grid;;;;5;15
225;extraction_papers\ontocast_runs\run_500_20260710_185042\output\facts_3e0ce37a59da.ttl;1;One step future state forecast;Maintainable item;FactsArmoredVehicles;Unknown synchronization;Not reported;FactsbinaryFailureClasses;case-study type dropped: Maintainable item | case study dropped: FactsArmoredVehicles | default online/offline dropped: Unknown synchronization | input-for-model dropped: Not reported | input type dropped: FactsbinaryFailureClasses;One step future state forecast;;;;;;5;15
226;extraction_papers\ontocast_runs\run_500_20260710_185042\output\facts_3e441c612946.ttl;1;Remaining useful life estimation;Maintainable item;FactsFmu;Unknown synchronization;Not reported;historical observation sequences, variable tokens, metering vane LVDT displacement;case-study type dropped: Maintainable item | case study dropped: FactsFmu | default online/offline dropped: Unknown synchronization | input-for-model dropped: Not reported;Remaining useful life estimation;;;;;historical observation sequences, variable tokens, metering vane LVDT displacement;5;15
227;extraction_papers\ontocast_runs\run_500_20260710_185042\output\facts_3ee28dd4f49f.ttl;1;One step future state forecast;Maintainable item;Not reported;Unknown synchronization;Not reported;Not reported;case-study type dropped: Maintainable item | case study dropped: Not reported | default online/offline dropped: Unknown synchronization | input-for-model dropped: Not reported | input type dropped: Not reported;One step future state forecast;;;;;;5;15
228;extraction_papers\ontocast_runs\run_500_20260710_185042\output\facts_3ef3a4cd7be0.ttl;1;Health assessment;Maintainable item;bolt-nut fastener;Unknown synchronization;Not reported;Not reported;case-study type dropped: Maintainable item | default online/offline dropped: Unknown synchronization | input-for-model dropped: Not reported | input type dropped: Not reported;Health assessment;;bolt-nut fastener;;;;5;15
229;extraction_papers\ontocast_runs\run_500_20260710_185042\output\facts_400bbf651a24.ttl;1;Fault detection;Maintainable item;on-load tap changer;Unknown synchronization;Not reported;vibration signal, acoustic signal;case-study type dropped: Maintainable item | default online/offline dropped: Unknown synchronization | input-for-model dropped: Not reported;Fault detection;;on-load tap changer;;;vibration signal, acoustic signal;5;15
230;extraction_papers\ontocast_runs\run_500_20260710_185042\output\facts_4157d44cf5d5.ttl;8;Fault identification;Maintainable item;aircraft component;Unknown synchronization;Not reported;non-IID data, client updates, sensor data, risk vector;case-study type dropped: Maintainable item | default online/offline dropped: Unknown synchronization | input-for-model dropped: Not reported;Fault identification;;aircraft component;;;non-IID data, client updates, sensor data, risk vector;5;15
231;extraction_papers\ontocast_runs\run_500_20260710_185042\output\facts_4170e8a6f8ef.ttl;2;Fault detection;Maintainable item;biomedical equipment;Unknown synchronization;Not reported;Factsfact4_30;case-study type dropped: Maintainable item | default online/offline dropped: Unknown synchronization | input-for-model dropped: Not reported | input type dropped: Factsfact4_30;Fault detection;;biomedical equipment;;;;5;15
232;extraction_papers\ontocast_runs\run_500_20260710_185042\output\facts_419106279d06.ttl;1;Remaining useful life estimation;Maintainable item;FactsQar;Unknown synchronization;Not reported;FactsdegradationStages, multivariate time series data;case-study type dropped: Maintainable item | case study dropped: FactsQar | default online/offline dropped: Unknown synchronization | input-for-model dropped: Not reported;Remaining useful life estimation;;;;;FactsdegradationStages, multivariate time series data;5;15
233;extraction_papers\ontocast_runs\run_500_20260710_185042\output\facts_4242b18c0aaa.ttl;1;Fault feature extraction;Maintainable item;electric motor;Unknown synchronization;Not reported;accuracy;case-study type dropped: Maintainable item | default online/offline dropped: Unknown synchronization | input-for-model dropped: Not reported;Fault feature extraction;;electric motor;;;accuracy;5;15
234;extraction_papers\ontocast_runs\run_500_20260710_185042\output\facts_426e03dc1501.ttl;1;Fault detection;Maintainable item;fan;Unknown synchronization;Not reported;htBleed, Nc;case-study type dropped: Maintainable item | default online/offline dropped: Unknown synchronization | input-for-model dropped: Not reported;Fault detection;;fan;;;htBleed, Nc;5;15
235;extraction_papers\ontocast_runs\run_500_20260710_185042\output\facts_427b95a7296e.ttl;1;Fault detection;Maintainable item;WTBs;Unknown synchronization;Not reported;blade chamber acoustic signal, condition monitoring information, acoustic signals;case-study type dropped: Maintainable item | default online/offline dropped: Unknown synchronization | input-for-model dropped: Not reported;Fault detection;;WTBs;;;blade chamber acoustic signal, condition monitoring information, acoustic signals;5;15
236;extraction_papers\ontocast_runs\run_500_20260710_185042\output\facts_4296efeaf057.ttl;3;Remaining useful life estimation;Maintainable item;PEMFC;Unknown synchronization;Not reported;PEMFC voltage sequence;case-study type dropped: Maintainable item | default online/offline dropped: Unknown synchronization | input-for-model dropped: Not reported;Remaining useful life estimation;;PEMFC;;;PEMFC voltage sequence;5;15
237;extraction_papers\ontocast_runs\run_500_20260710_185042\output\facts_4354e4134545.ttl;1;Fault detection;Maintainable item;bearing;Unknown synchronization;Not reported;Factsdetail2_12, vibration signals, power spectrum, entropy features, HHT images, severity levels, log-likelihoods from the HMM;case-study type dropped: Maintainable item | default online/offline dropped: Unknown synchronization | input-for-model dropped: Not reported;Fault detection;;bearing;;;Factsdetail2_12, vibration signals, power spectrum, entropy features, HHT images, severity levels, log-likelihoods from the HMM;5;15
238;extraction_papers\ontocast_runs\run_500_20260710_185042\output\facts_438feb0c3a8b.ttl;1;Fault detection;Maintainable item;transformer breathing system;Unknown synchronization;Not reported;breathing frequency, load variation, oil level variation rate, oil pressure, pressure, temperature;case-study type dropped: Maintainable item | default online/offline dropped: Unknown synchronization | input-for-model dropped: Not reported;Fault detection;;transformer breathing system;;;breathing frequency, load variation, oil level variation rate, oil pressure, pressure, temperature;5;15
239;extraction_papers\ontocast_runs\run_500_20260710_185042\output\facts_4489dd6b61c6.ttl;1;Fault detection;Maintainable item;aero-engines;Unknown synchronization;Not reported;lifecycle labels, LSTM;case-study type dropped: Maintainable item | default online/offline dropped: Unknown synchronization | input-for-model dropped: Not reported;Fault detection;;aero-engines;;;lifecycle labels, LSTM;5;15
240;extraction_papers\ontocast_runs\run_500_20260710_185042\output\facts_44aad467543c.ttl;1;Health assessment;Maintainable item;Li-ion 18650 cells;Unknown synchronization;Not reported;actual resistance, 100 Hz, impedance modulus, phase angle;case-study type dropped: Maintainable item | default online/offline dropped: Unknown synchronization | input-for-model dropped: Not reported;Health assessment;;Li-ion 18650 cells;;;actual resistance, 100 Hz, impedance modulus, phase angle;5;15
241;extraction_papers\ontocast_runs\run_500_20260710_185042\output\facts_4500579a6de3.ttl;1;Remaining useful life estimation;Maintainable item;engine system;Unknown synchronization;Not reported;Health indicator (HI);case-study type dropped: Maintainable item | default online/offline dropped: Unknown synchronization | input-for-model dropped: Not reported;Remaining useful life estimation;;engine system;;;Health indicator (HI);5;15
242;extraction_papers\ontocast_runs\run_500_20260710_185042\output\facts_4501d16e33bc.ttl;1;Health assessment;Maintainable item;FactsinnerInsulationLayer;Unknown synchronization;Not reported;Facts2_furfuraldehyde, FactsdegreeOfPolymerization, Factsdp;case-study type dropped: Maintainable item | case study dropped: FactsinnerInsulationLayer | default online/offline dropped: Unknown synchronization | input-for-model dropped: Not reported;Health assessment;;;;;Facts2_furfuraldehyde, FactsdegreeOfPolymerization, Factsdp;5;15
243;extraction_papers\ontocast_runs\run_500_20260710_185042\output\facts_45a51c036a9d.ttl;1;Remaining useful life estimation;Maintainable item;auxiliary equipment;Unknown synchronization;Not reported;wear, kurtosis, noise, skewness, ultrasound level, variance, vibration data;case-study type dropped: Maintainable item | default online/offline dropped: Unknown synchronization | input-for-model dropped: Not reported;Remaining useful life estimation;;auxiliary equipment;;;wear, kurtosis, noise, skewness, ultrasound level, variance, vibration data;5;15
244;extraction_papers\ontocast_runs\run_500_20260710_185042\output\facts_469c26cc7d24.ttl;2;Fault detection;Maintainable item;Not reported;Unknown synchronization;Not reported;pressure, temperature, vibration, performance;case-study type dropped: Maintainable item | case study dropped: Not reported | default online/offline dropped: Unknown synchronization | input-for-model dropped: Not reported;Fault detection;;;;;pressure, temperature, vibration, performance;5;15
245;extraction_papers\ontocast_runs\run_500_20260710_185042\output\facts_46c71e5bf327.ttl;2;Remaining useful life estimation;Maintainable item;FD001;Unknown synchronization;Not reported;FactsnormalizedSensorSequences, Factspretraining, FactsrulTarget, FactsrunToFailureTrajectories, FactstrainingCappedRulLabels;case-study type dropped: Maintainable item | default online/offline dropped: Unknown synchronization | input-for-model dropped: Not reported;Remaining useful life estimation;;FD001;;;FactsnormalizedSensorSequences, Factspretraining, FactsrulTarget, FactsrunToFailureTrajectories, FactstrainingCappedRulLabels;5;15
246;extraction_papers\ontocast_runs\run_500_20260710_185042\output\facts_46edd8d69258.ttl;1;Health assessment;Maintainable item;failure;Unknown synchronization;Not reported;Not reported;case-study type dropped: Maintainable item | default online/offline dropped: Unknown synchronization | input-for-model dropped: Not reported | input type dropped: Not reported;Health assessment;;failure;;;;5;15
247;extraction_papers\ontocast_runs\run_500_20260710_185042\output\facts_47a1cd33622c.ttl;1;Fault detection;Maintainable item;Damaged Top Right Blade;Unknown synchronization;Not reported;accelerometer signals, x-axis, batch size, multi-axis vibration data, raw time domain signals, temporal segments, vibration channels;case-study type dropped: Maintainable item | default online/offline dropped: Unknown synchronization | input-for-model dropped: Not reported;Fault detection;;Damaged Top Right Blade;;;accelerometer signals, x-axis, batch size, multi-axis vibration data, raw time domain signals, temporal segments, vibration channels;5;15
248;extraction_papers\ontocast_runs\run_500_20260710_185042\output\facts_47acb7bbbb9d.ttl;1;Fault detection;Maintainable item;dataset;Unknown synchronization;Not reported;FactssensorData_1, temperature, pressure, vibration, acoustic emission, motor power consumption, main bearing pressure, feed flow rate;case-study type dropped: Maintainable item | default online/offline dropped: Unknown synchronization | input-for-model dropped: Not reported;Fault detection;;dataset;;;FactssensorData_1, temperature, pressure, vibration, acoustic emission, motor power consumption, main bearing pressure, feed flow rate;5;15
249;extraction_papers\ontocast_runs\run_500_20260710_185042\output\facts_48359801c85a.ttl;1;Fault detection;Maintainable item;RO system;Unknown synchronization;Not reported;differential pressure across RO vessel, feedwater temperature, flow rate, membrane pressure;case-study type dropped: Maintainable item | default online/offline dropped: Unknown synchronization | input-for-model dropped: Not reported;Fault detection;;RO system;;;differential pressure across RO vessel, feedwater temperature, flow rate, membrane pressure;5;15
250;extraction_papers\ontocast_runs\run_500_20260710_185042\output\facts_48cad2c1bc0b.ttl;1;Health assessment;Maintainable item;cable insulation;Unknown synchronization;Not reported;FactsdataVariablePartialDischarge, FactsdataVariableTunnelHumidity, tunnel humidity;case-study type dropped: Maintainable item | default online/offline dropped: Unknown synchronization | input-for-model dropped: Not reported;Health assessment;;cable insulation;;;FactsdataVariablePartialDischarge, FactsdataVariableTunnelHumidity, tunnel humidity;5;15
251;extraction_papers\ontocast_runs\run_500_20260710_185042\output\facts_49e805f7c461.ttl;1;Fault detection;Maintainable item;motor;Unknown synchronization;Not reported;noise variables, degradation models, torque data;case-study type dropped: Maintainable item | default online/offline dropped: Unknown synchronization | input-for-model dropped: Not reported;Fault detection;;motor;;;noise variables, degradation models, torque data;5;15
252;extraction_papers\ontocast_runs\run_500_20260710_185042\output\facts_4a2c4d4e2396.ttl;1;One step future state forecast;Maintainable item;Not reported;Unknown synchronization;Not reported;Not reported;case-study type dropped: Maintainable item | case study dropped: Not reported | default online/offline dropped: Unknown synchronization | input-for-model dropped: Not reported | input type dropped: Not reported;One step future state forecast;;;;;;5;15
253;extraction_papers\ontocast_runs\run_500_20260710_185042\output\facts_4a304c34b75e.ttl;2;Fault detection;Maintainable item;scrapers;Unknown synchronization;Not reported;FactsacciAlgorithm, FactsrealTimeMonitoring_1, FactssignalDrift;case-study type dropped: Maintainable item | default online/offline dropped: Unknown synchronization | input-for-model dropped: Not reported;Fault detection;;scrapers;;;FactsacciAlgorithm, FactsrealTimeMonitoring_1, FactssignalDrift;5;15
254;extraction_papers\ontocast_runs\run_500_20260710_185042\output\facts_4a516f879096.ttl;1;Remaining useful life estimation;Maintainable item;aero-engine;Unknown synchronization;Not reported;deep feature information, flight parameters, FPT, HI, multi-source features, original data, sensor information;case-study type dropped: Maintainable item | default online/offline dropped: Unknown synchronization | input-for-model dropped: Not reported;Remaining useful life estimation;;aero-engine;;;deep feature information, flight parameters, FPT, HI, multi-source features, original data, sensor information;5;15
255;extraction_papers\ontocast_runs\run_500_20260710_185042\output\facts_4aaf385d813e.ttl;1;Fault detection;Maintainable item;low-voltage instrumentation and control cable;Unknown synchronization;Not reported;Not reported;case-study type dropped: Maintainable item | default online/offline dropped: Unknown synchronization | input-for-model dropped: Not reported | input type dropped: Not reported;Fault detection;;low-voltage instrumentation and control cable;;;;5;15
256;extraction_papers\ontocast_runs\run_500_20260710_185042\output\facts_4b85cdf3b014.ttl;2;One step future state forecast;Maintainable item;bearings;Unknown synchronization;Not reported;absolute average amplitude value (AAAV), Gini coefficient (GI), kurtosis (KURT), standard deviation (SD), vibration signals (time-domain input variable);case-study type dropped: Maintainable item | default online/offline dropped: Unknown synchronization | input-for-model dropped: Not reported;One step future state forecast;;bearings;;;absolute average amplitude value (AAAV), Gini coefficient (GI), kurtosis (KURT), standard deviation (SD), vibration signals (time-domain input variable);5;15
257;extraction_papers\ontocast_runs\run_500_20260710_185042\output\facts_4c2b5277dd6e.ttl;2;Remaining useful life estimation;Maintainable item;FactsRotatingMachinery;Unknown synchronization;Not reported;Not reported;case-study type dropped: Maintainable item | case study dropped: FactsRotatingMachinery | default online/offline dropped: Unknown synchronization | input-for-model dropped: Not reported | input type dropped: Not reported;Remaining useful life estimation;;;;;;5;15
258;extraction_papers\ontocast_runs\run_500_20260710_185042\output\facts_4cfe55c1f5ef.ttl;1;Remaining useful life estimation;Maintainable item;CNC machine tool;Unknown synchronization;Not reported;features;case-study type dropped: Maintainable item | default online/offline dropped: Unknown synchronization | input-for-model dropped: Not reported;Remaining useful life estimation;;CNC machine tool;;;features;5;15
259;extraction_papers\ontocast_runs\run_500_20260710_185042\output\facts_4d434709444d.ttl;1;Remaining useful life estimation;Maintainable item;aircraft central maintenance system log-based dataset;Unknown synchronization;Not reported;aircraft communications data, maintenance event logs, sparse streams, survival times, competing risks, sparse event logs;case-study type dropped: Maintainable item | default online/offline dropped: Unknown synchronization | input-for-model dropped: Not reported;Remaining useful life estimation;;aircraft central maintenance system log-based dataset;;;aircraft communications data, maintenance event logs, sparse streams, survival times, competing risks, sparse event logs;5;15
260;extraction_papers\ontocast_runs\run_500_20260710_185042\output\facts_4d6301d8044f.ttl;2;Fault detection;Maintainable item;AHU;Unknown synchronization;Not reported;Not reported;case-study type dropped: Maintainable item | default online/offline dropped: Unknown synchronization | input-for-model dropped: Not reported | input type dropped: Not reported;Fault detection;;AHU;;;;5;15
261;extraction_papers\ontocast_runs\run_500_20260710_185042\output\facts_4e1d1324fb3b.ttl;1;Fault detection;Maintainable item;Badra Oil Field;Unknown synchronization;Not reported;Not reported;case-study type dropped: Maintainable item | default online/offline dropped: Unknown synchronization | input-for-model dropped: Not reported | input type dropped: Not reported;Fault detection;;Badra Oil Field;;;;5;15
262;extraction_papers\ontocast_runs\run_500_20260710_185042\output\facts_4e43c6ee7872.ttl;1;Fault detection;Maintainable item;Synchronous Reluctance Machine;Unknown synchronization;Not reported;SVM, stator currents, Factsvar1_23;case-study type dropped: Maintainable item | default online/offline dropped: Unknown synchronization | input-for-model dropped: Not reported;Fault detection;;Synchronous Reluctance Machine;;;SVM, stator currents, Factsvar1_23;5;15
263;extraction_papers\ontocast_runs\run_500_20260710_185042\output\facts_4f1461718e7c.ttl;1;Fault detection;Maintainable item;pantograph;Unknown synchronization;Not reported;Factsfeature2_6;case-study type dropped: Maintainable item | default online/offline dropped: Unknown synchronization | input-for-model dropped: Not reported | input type dropped: Factsfeature2_6;Fault detection;;pantograph;;;;5;15
264;extraction_papers\ontocast_runs\run_500_20260710_185042\output\facts_4fcf2df0b3c7.ttl;1;Health assessment;Maintainable item;face milling cutter;Unknown synchronization;Not reported;cutting forces, energy consumption, thermal behavior, Factsvariable2_12;case-study type dropped: Maintainable item | default online/offline dropped: Unknown synchronization | input-for-model dropped: Not reported;Health assessment;;face milling cutter;;;cutting forces, energy consumption, thermal behavior, Factsvariable2_12;5;15
265;extraction_papers\ontocast_runs\run_500_20260710_185042\output\facts_5143bfea6398.ttl;1;Fault detection;Maintainable item;andesite;Unknown synchronization;Not reported;RMS, vibration data;case-study type dropped: Maintainable item | default online/offline dropped: Unknown synchronization | input-for-model dropped: Not reported;Fault detection;;andesite;;;RMS, vibration data;5;15
266;extraction_papers\ontocast_runs\run_500_20260710_185042\output\facts_515756e1aadd.ttl;1;Health assessment;Maintainable item;FactsbatterySystems;Unknown synchronization;Not reported;DescriptiveInformationContentEntity, FactsphysicochemicalPhenomena;case-study type dropped: Maintainable item | case study dropped: FactsbatterySystems | default online/offline dropped: Unknown synchronization | input-for-model dropped: Not reported;Health assessment;;;;;DescriptiveInformationContentEntity, FactsphysicochemicalPhenomena;5;15
267;extraction_papers\ontocast_runs\run_500_20260710_185042\output\facts_51ae31472afe.ttl;1;Fault detection;Maintainable item;Factsbearings1;Unknown synchronization;Not reported;Factsml1;case-study type dropped: Maintainable item | case study dropped: Factsbearings1 | default online/offline dropped: Unknown synchronization | input-for-model dropped: Not reported | input type dropped: Factsml1;Fault detection;;;;;;5;15
268;extraction_papers\ontocast_runs\run_500_20260710_185042\output\facts_524e1be52051.ttl;2;Health modelling;Maintainable item;FactsRailDefects;Unknown synchronization;Not reported;FactsvarCurrent, FactsvarTemperature;case-study type dropped: Maintainable item | case study dropped: FactsRailDefects | default online/offline dropped: Unknown synchronization | input-for-model dropped: Not reported;Health modelling;;;;;FactsvarCurrent, FactsvarTemperature;5;15
269;extraction_papers\ontocast_runs\run_500_20260710_185042\output\facts_53766d82fa06.ttl;1;Fault feature extraction;Maintainable item;induction motor;Unknown synchronization;Not reported;diagnostic patterns, fault-related harmonics, high-precision faulty patterns;case-study type dropped: Maintainable item | default online/offline dropped: Unknown synchronization | input-for-model dropped: Not reported;Fault feature extraction;;induction motor;;;diagnostic patterns, fault-related harmonics, high-precision faulty patterns;5;15
270;extraction_papers\ontocast_runs\run_500_20260710_185042\output\facts_541c334faec8.ttl;1;One step future state forecast;Maintainable item;FactsrollingElementBearing;Unknown synchronization;Not reported;Not reported;case-study type dropped: Maintainable item | case study dropped: FactsrollingElementBearing | default online/offline dropped: Unknown synchronization | input-for-model dropped: Not reported | input type dropped: Not reported;One step future state forecast;;;;;;5;15
271;extraction_papers\ontocast_runs\run_500_20260710_185042\output\facts_5507b191edcf.ttl;1;Fault detection;Maintainable item;charging pile;Unknown synchronization;Not reported;current, temperature, voltage;case-study type dropped: Maintainable item | default online/offline dropped: Unknown synchronization | input-for-model dropped: Not reported;Fault detection;;charging pile;;;current, temperature, voltage;5;15
272;extraction_papers\ontocast_runs\run_500_20260710_185042\output\facts_5675c51df0ec.ttl;1;Health assessment;Maintainable item;transformer;Unknown synchronization;Not reported;historical data, indicators;case-study type dropped: Maintainable item | default online/offline dropped: Unknown synchronization | input-for-model dropped: Not reported;Health assessment;;transformer;;;historical data, indicators;5;15
273;extraction_papers\ontocast_runs\run_500_20260710_185042\output\facts_56c24a4b2483.ttl;2;Fault detection;Maintainable item;No. 1 WÃRTSILÃ 8L20 diesel engine;Unknown synchronization;Not reported;grid-structured data, sequential data, spatial features, engine thermal behavior, cylinder exhaust gas temperature, global contextual relationships, long-range temporal patterns, lubrication conditions, cylinder pressure, turbocharger speed, exhaust gas temperature;case-study type dropped: Maintainable item | default online/offline dropped: Unknown synchronization | input-for-model dropped: Not reported;Fault detection;;No. 1 WÃRTSILÃ 8L20 diesel engine;;;grid-structured data, sequential data, spatial features, engine thermal behavior, cylinder exhaust gas temperature, global contextual relationships, long-range temporal patterns, lubrication conditions, cylinder pressure, turbocharger speed, exhaust gas temperature;5;15
274;extraction_papers\ontocast_runs\run_500_20260710_185042\output\facts_570d0ba4227e.ttl;3;Health assessment;Maintainable item;industrial equipment;Unknown synchronization;Not reported;acoustic emissions, sensor readings, temperature, vibration;case-study type dropped: Maintainable item | default online/offline dropped: Unknown synchronization | input-for-model dropped: Not reported;Health assessment;;industrial equipment;;;acoustic emissions, sensor readings, temperature, vibration;5;15
275;extraction_papers\ontocast_runs\run_500_20260710_185042\output\facts_584634b5a6ab.ttl;1;Health assessment;Maintainable item;stretchable tri-axis solid-state sensor;Unknown synchronization;Not reported;Factsparameter5;case-study type dropped: Maintainable item | default online/offline dropped: Unknown synchronization | input-for-model dropped: Not reported | input type dropped: Factsparameter5;Health assessment;;stretchable tri-axis solid-state sensor;;;;5;15
276;extraction_papers\ontocast_runs\run_500_20260710_185042\output\facts_5916ba4e485a.ttl;3;Fault feature extraction;Maintainable item;gear;Unknown synchronization;Not reported;FactsMotorCurrentSignal, FactsResidualVibrationSignal;case-study type dropped: Maintainable item | default online/offline dropped: Unknown synchronization | input-for-model dropped: Not reported;Fault feature extraction;;gear;;;FactsMotorCurrentSignal, FactsResidualVibrationSignal;5;15
277;extraction_papers\ontocast_runs\run_500_20260710_185042\output\facts_59f6521f639b.ttl;1;Fault detection;Maintainable item;80MN electric screw press;Unknown synchronization;Not reported;oil pressure signals, signal data;case-study type dropped: Maintainable item | default online/offline dropped: Unknown synchronization | input-for-model dropped: Not reported;Fault detection;;80MN electric screw press;;;oil pressure signals, signal data;5;15
278;extraction_papers\ontocast_runs\run_500_20260710_185042\output\facts_5b17d29e1395.ttl;3;Fault feature extraction;Maintainable item;bearing;Unknown synchronization;Not reported;bearing, features;case-study type dropped: Maintainable item | default online/offline dropped: Unknown synchronization | input-for-model dropped: Not reported;Fault feature extraction;;bearing;;;bearing, features;5;15
279;extraction_papers\ontocast_runs\run_500_20260710_185042\output\facts_5b1cc3467d7a.ttl;1;Fault detection;Maintainable item;PCB;Unknown synchronization;Not reported;Not reported;case-study type dropped: Maintainable item | default online/offline dropped: Unknown synchronization | input-for-model dropped: Not reported | input type dropped: Not reported;Fault detection;;PCB;;;;5;15
280;extraction_papers\ontocast_runs\run_500_20260710_185042\output\facts_5bd2afb8af30.ttl;1;Fault detection;Maintainable item;dampers;Unknown synchronization;Not reported;inspection workflows, multi-scale object distributions, Regions of Interest (ROIs);case-study type dropped: Maintainable item | default online/offline dropped: Unknown synchronization | input-for-model dropped: Not reported;Fault detection;;dampers;;;inspection workflows, multi-scale object distributions, Regions of Interest (ROIs);5;15
281;extraction_papers\ontocast_runs\run_500_20260710_185042\output\facts_5bd770bbba76.ttl;1;Remaining useful life estimation;Maintainable item;bogie frame;Unknown synchronization;Not reported;cyclic loading, digital image correlation, Fy d, 46 distinct service load cases, strain gauges;case-study type dropped: Maintainable item | default online/offline dropped: Unknown synchronization | input-for-model dropped: Not reported;Remaining useful life estimation;;bogie frame;;;cyclic loading, digital image correlation, Fy d, 46 distinct service load cases, strain gauges;5;15
282;extraction_papers\ontocast_runs\run_500_20260710_185042\output\facts_5ca74d3ffe1e.ttl;2;Fault identification;Maintainable item;crack;Unknown synchronization;Not reported;Factsperf2_2;case-study type dropped: Maintainable item | default online/offline dropped: Unknown synchronization | input-for-model dropped: Not reported | input type dropped: Factsperf2_2;Fault identification;;crack;;;;5;15
283;extraction_papers\ontocast_runs\run_500_20260710_185042\output\facts_5d06cd53f72d.ttl;1;Fault feature extraction;Maintainable item;main reservoir;Unknown synchronization;Not reported;historical data, operational conditions, real-time data, Factsvar1_12, vehicle status;case-study type dropped: Maintainable item | default online/offline dropped: Unknown synchronization | input-for-model dropped: Not reported;Fault feature extraction;;main reservoir;;;historical data, operational conditions, real-time data, Factsvar1_12, vehicle status;5;15
284;extraction_papers\ontocast_runs\run_500_20260710_185042\output\facts_5d3a0c7776f1.ttl;2;Fault detection;Maintainable item;equipment;Unknown synchronization;Not reported;humidity, temperature, usage time, vibration, wear and tear;case-study type dropped: Maintainable item | default online/offline dropped: Unknown synchronization | input-for-model dropped: Not reported;Fault detection;;equipment;;;humidity, temperature, usage time, vibration, wear and tear;5;15
285;extraction_papers\ontocast_runs\run_500_20260710_185042\output\facts_5df129db58e0.ttl;1;One step future state forecast;Maintainable item;Not reported;Unknown synchronization;Not reported;Not reported;case-study type dropped: Maintainable item | case study dropped: Not reported | default online/offline dropped: Unknown synchronization | input-for-model dropped: Not reported | input type dropped: Not reported;One step future state forecast;;;;;;5;15
286;extraction_papers\ontocast_runs\run_500_20260710_185042\output\facts_5ed3ebaec3da.ttl;1;Fault detection;Maintainable item;hybrid electric vehicles;Unknown synchronization;Not reported;road gradient, speed, ambient temperature;case-study type dropped: Maintainable item | default online/offline dropped: Unknown synchronization | input-for-model dropped: Not reported;Fault detection;;hybrid electric vehicles;;;road gradient, speed, ambient temperature;5;15
287;extraction_papers\ontocast_runs\run_500_20260710_185042\output\facts_5eeeb5d8e008.ttl;1;Fault detection;Maintainable item;machinery;Unknown synchronization;Not reported;known health states, mechanical conditions, rotational speed, temperature, aging conditions, damage level, fault conditions, operational and environmental variables, FactsvibrationFeature2;case-study type dropped: Maintainable item | default online/offline dropped: Unknown synchronization | input-for-model dropped: Not reported;Fault detection;;machinery;;;known health states, mechanical conditions, rotational speed, temperature, aging conditions, damage level, fault conditions, operational and environmental variables, FactsvibrationFeature2;5;15
288;extraction_papers\ontocast_runs\run_500_20260710_185042\output\facts_6009f13f692f.ttl;1;Health assessment;Maintainable item;bearing;Unknown synchronization;Not reported;FactsdistributionShifts, FactssensorPlacement_1, sensor variable, FactstimeVaryingDegradation;case-study type dropped: Maintainable item | default online/offline dropped: Unknown synchronization | input-for-model dropped: Not reported;Health assessment;;bearing;;;FactsdistributionShifts, FactssensorPlacement_1, sensor variable, FactstimeVaryingDegradation;5;15
289;extraction_papers\ontocast_runs\run_500_20260710_185042\output\facts_605829bc47be.ttl;1;Remaining useful life estimation;Maintainable item;lithium battery;Unknown synchronization;Not reported;Not reported;case-study type dropped: Maintainable item | default online/offline dropped: Unknown synchronization | input-for-model dropped: Not reported | input type dropped: Not reported;Remaining useful life estimation;;lithium battery;;;;5;15
290;extraction_papers\ontocast_runs\run_500_20260710_185042\output\facts_61f079413f04.ttl;1;Remaining useful life estimation;Maintainable item;EV battery;Unknown synchronization;Not reported;Factscurrent1, Factsdepth_of_discharge1, EV battery, Active balance, machine learning;case-study type dropped: Maintainable item | default online/offline dropped: Unknown synchronization | input-for-model dropped: Not reported;Remaining useful life estimation;;EV battery;;;Factscurrent1, Factsdepth_of_discharge1, EV battery, Active balance, machine learning;5;15
291;extraction_papers\ontocast_runs\run_500_20260710_185042\output\facts_6284342b1ba8.ttl;1;Health assessment;Maintainable item;Factsbus_1;Unknown synchronization;Not reported;Not reported;case-study type dropped: Maintainable item | case study dropped: Factsbus_1 | default online/offline dropped: Unknown synchronization | input-for-model dropped: Not reported | input type dropped: Not reported;Health assessment;;;;;;5;15
292;extraction_papers\ontocast_runs\run_500_20260710_185042\output\facts_62dab09d68cc.ttl;1;Remaining useful life estimation;Maintainable item;40-year-old induction motor;Unknown synchronization;Not reported;FactsinsulationResistance, FactsleakageCurrent, FactswindingIntegrity;case-study type dropped: Maintainable item | default online/offline dropped: Unknown synchronization | input-for-model dropped: Not reported;Remaining useful life estimation;;40-year-old induction motor;;;FactsinsulationResistance, FactsleakageCurrent, FactswindingIntegrity;5;15
293;extraction_papers\ontocast_runs\run_500_20260710_185042\output\facts_631b04194d08.ttl;1;Fault detection;Maintainable item;silicon-carbon cell;Unknown synchronization;Not reported;Factsvar5_10;case-study type dropped: Maintainable item | default online/offline dropped: Unknown synchronization | input-for-model dropped: Not reported | input type dropped: Factsvar5_10;Fault detection;;silicon-carbon cell;;;;5;15
294;extraction_papers\ontocast_runs\run_500_20260710_185042\output\facts_637e0c3b555e.ttl;1;One step future state forecast;Maintainable item;Not reported;Unknown synchronization;Not reported;Not reported;case-study type dropped: Maintainable item | case study dropped: Not reported | default online/offline dropped: Unknown synchronization | input-for-model dropped: Not reported | input type dropped: Not reported;One step future state forecast;;;;;;5;15
295;extraction_papers\ontocast_runs\run_500_20260710_185042\output\facts_64c976727af8.ttl;1;One step future state forecast;Maintainable item;substation circuit breakers;Unknown synchronization;Not reported;FactsiidData;case-study type dropped: Maintainable item | default online/offline dropped: Unknown synchronization | input-for-model dropped: Not reported | input type dropped: FactsiidData;One step future state forecast;;substation circuit breakers;;;;5;15
296;extraction_papers\ontocast_runs\run_500_20260710_185042\output\facts_65e8eae47311.ttl;2;Fault feature extraction;Maintainable item;CNN;Unknown synchronization;Not reported;CNN, background noise, PD signals, Factsvar1_14, voltage fundamental wave;case-study type dropped: Maintainable item | default online/offline dropped: Unknown synchronization | input-for-model dropped: Not reported;Fault feature extraction;;CNN;;;CNN, background noise, PD signals, Factsvar1_14, voltage fundamental wave;5;15
297;extraction_papers\ontocast_runs\run_500_20260710_185042\output\facts_66514e3809a3.ttl;1;Health assessment;Maintainable item;FactsbeverageFillingPlant;Unknown synchronization;Not reported;FactsdataVar1;case-study type dropped: Maintainable item | case study dropped: FactsbeverageFillingPlant | default online/offline dropped: Unknown synchronization | input-for-model dropped: Not reported | input type dropped: FactsdataVar1;Health assessment;;;;;;5;15
298;extraction_papers\ontocast_runs\run_500_20260710_185042\output\facts_6684c2f36c0b.ttl;1;Fault detection;Maintainable item;polymeric materials;Unknown synchronization;Not reported;signal components, vibration signals;case-study type dropped: Maintainable item | default online/offline dropped: Unknown synchronization | input-for-model dropped: Not reported;Fault detection;;polymeric materials;;;signal components, vibration signals;5;15
299;extraction_papers\ontocast_runs\run_500_20260710_185042\output\facts_66a60553def5.ttl;1;Fault detection;Maintainable item;Dunes plant;Unknown synchronization;Not reported;conductivity;case-study type dropped: Maintainable item | default online/offline dropped: Unknown synchronization | input-for-model dropped: Not reported;Fault detection;;Dunes plant;;;conductivity;5;15
300;extraction_papers\ontocast_runs\run_500_20260710_185042\output\facts_66cb6db76cd9.ttl;2;One step future state forecast;Maintainable item;split roller bearing;Unknown synchronization;Not reported;FactsfaultLocation, FactsmachineOperatingSpeeds;case-study type dropped: Maintainable item | default online/offline dropped: Unknown synchronization | input-for-model dropped: Not reported;One step future state forecast;;split roller bearing;;;FactsfaultLocation, FactsmachineOperatingSpeeds;5;15
301;extraction_papers\ontocast_runs\run_500_20260710_185042\output\facts_673cbff3d812.ttl;1;Fault detection;Maintainable item;airgap;Unknown synchronization;Not reported;Factsperf2_3;case-study type dropped: Maintainable item | default online/offline dropped: Unknown synchronization | input-for-model dropped: Not reported | input type dropped: Factsperf2_3;Fault detection;;airgap;;;;5;15
302;extraction_papers\ontocast_runs\run_500_20260710_185042\output\facts_695231da8662.ttl;1;Fault detection;Maintainable item;power infrastructure;Unknown synchronization;Not reported;Not reported;case-study type dropped: Maintainable item | default online/offline dropped: Unknown synchronization | input-for-model dropped: Not reported | input type dropped: Not reported;Fault detection;;power infrastructure;;;;5;15
303;extraction_papers\ontocast_runs\run_500_20260710_185042\output\facts_69b1c98201d5.ttl;3;Fault detection;Maintainable item;92%;Unknown synchronization;Not reported;Factssignal1_5;case-study type dropped: Maintainable item | default online/offline dropped: Unknown synchronization | input-for-model dropped: Not reported | input type dropped: Factssignal1_5;Fault detection;;92%;;;;5;15
304;extraction_papers\ontocast_runs\run_500_20260710_185042\output\facts_6a48c55aef0b.ttl;1;Fault detection;Maintainable item;gear;Unknown synchronization;Not reported;Impedanzsignal, load;case-study type dropped: Maintainable item | default online/offline dropped: Unknown synchronization | input-for-model dropped: Not reported;Fault detection;;gear;;;Impedanzsignal, load;5;15
305;extraction_papers\ontocast_runs\run_500_20260710_185042\output\facts_6a4a212ffbc9.ttl;1;Health assessment;Maintainable item;conductors;Unknown synchronization;Not reported;iceshedding;case-study type dropped: Maintainable item | default online/offline dropped: Unknown synchronization | input-for-model dropped: Not reported;Health assessment;;conductors;;;iceshedding;5;15
306;extraction_papers\ontocast_runs\run_500_20260710_185042\output\facts_6aa0b4e055d0.ttl;1;One step future state forecast;Maintainable item;spur gearbox test rig;Unknown synchronization;Not reported;RÃ©nyi entropy;case-study type dropped: Maintainable item | default online/offline dropped: Unknown synchronization | input-for-model dropped: Not reported;One step future state forecast;;spur gearbox test rig;;;RÃ©nyi entropy;5;15
307;extraction_papers\ontocast_runs\run_500_20260710_185042\output\facts_6ae388cde46e.ttl;1;Fault detection;Maintainable item;three-phase induction motor;Unknown synchronization;Not reported;Factsvalue2_1;case-study type dropped: Maintainable item | default online/offline dropped: Unknown synchronization | input-for-model dropped: Not reported | input type dropped: Factsvalue2_1;Fault detection;;three-phase induction motor;;;;5;15
308;extraction_papers\ontocast_runs\run_500_20260710_185042\output\facts_6ae9f9262bd0.ttl;1;One step future state forecast;Maintainable item;Not reported;Unknown synchronization;Not reported;Not reported;case-study type dropped: Maintainable item | case study dropped: Not reported | default online/offline dropped: Unknown synchronization | input-for-model dropped: Not reported | input type dropped: Not reported;One step future state forecast;;;;;;5;15
309;extraction_papers\ontocast_runs\run_500_20260710_185042\output\facts_6b1c61beca3a.ttl;1;Fault feature extraction;Maintainable item;solid oxide fuel cell system;Unknown synchronization;Not reported;Fault Signature Matrix, FactsResiduals;case-study type dropped: Maintainable item | default online/offline dropped: Unknown synchronization | input-for-model dropped: Not reported;Fault feature extraction;;solid oxide fuel cell system;;;Fault Signature Matrix, FactsResiduals;5;15
310;extraction_papers\ontocast_runs\run_500_20260710_185042\output\facts_6b21f594fbb8.ttl;1;Fault detection;Maintainable item;IoT device;Unknown synchronization;Not reported;board;case-study type dropped: Maintainable item | default online/offline dropped: Unknown synchronization | input-for-model dropped: Not reported;Fault detection;;IoT device;;;board;5;15
311;extraction_papers\ontocast_runs\run_500_20260710_185042\output\facts_6ce70958b289.ttl;1;Fault identification;Maintainable item;plastic extrusion system;Unknown synchronization;Not reported;energy, timestamps;case-study type dropped: Maintainable item | default online/offline dropped: Unknown synchronization | input-for-model dropped: Not reported;Fault identification;;plastic extrusion system;;;energy, timestamps;5;15
312;extraction_papers\ontocast_runs\run_500_20260710_185042\output\facts_6d107013e4f7.ttl;2;Remaining useful life estimation;Maintainable item;lithium-ion battery;Unknown synchronization;Not reported;current, internal resistance, FactslearningRate, temperature, voltage;case-study type dropped: Maintainable item | default online/offline dropped: Unknown synchronization | input-for-model dropped: Not reported;Remaining useful life estimation;;lithium-ion battery;;;current, internal resistance, FactslearningRate, temperature, voltage;5;15
313;extraction_papers\ontocast_runs\run_500_20260710_185042\output\facts_6dcf7fafc720.ttl;1;Fault detection;Maintainable item;photovoltaic system;Unknown synchronization;Not reported;raw electrical measurements, intelligent fault detection and classification framework;case-study type dropped: Maintainable item | default online/offline dropped: Unknown synchronization | input-for-model dropped: Not reported;Fault detection;;photovoltaic system;;;raw electrical measurements, intelligent fault detection and classification framework;5;15
314;extraction_papers\ontocast_runs\run_500_20260710_185042\output\facts_6dd218ab4d5b.ttl;2;Remaining useful life estimation;Maintainable item;synchronous machine (maintainable item);Unknown synchronization;Not reported;J, Î± = 0 (healthy), Factsfeature_ExcitationCurrent_200Hz, e;case-study type dropped: Maintainable item | default online/offline dropped: Unknown synchronization | input-for-model dropped: Not reported;Remaining useful life estimation;;synchronous machine (maintainable item);;;J, Î± = 0 (healthy), Factsfeature_ExcitationCurrent_200Hz, e;5;15
315;extraction_papers\ontocast_runs\run_500_20260710_185042\output\facts_6e6418007fcd.ttl;1;Fault detection;Maintainable item;FactsGearbox_1;Unknown synchronization;Not reported;FactsEntropyFeature, FactsInfraredThermography_1, FactsTimeDomainFeature, FactsVibrationSensorData;case-study type dropped: Maintainable item | case study dropped: FactsGearbox_1 | default online/offline dropped: Unknown synchronization | input-for-model dropped: Not reported;Fault detection;;;;;FactsEntropyFeature, FactsInfraredThermography_1, FactsTimeDomainFeature, FactsVibrationSensorData;5;15
316;extraction_papers\ontocast_runs\run_500_20260710_185042\output\facts_6f785837148f.ttl;1;Fault detection;Maintainable item;IMS dataset;Unknown synchronization;Not reported;Not reported;case-study type dropped: Maintainable item | default online/offline dropped: Unknown synchronization | input-for-model dropped: Not reported | input type dropped: Not reported;Fault detection;;IMS dataset;;;;5;15
317;extraction_papers\ontocast_runs\run_500_20260710_185042\output\facts_6fbfec565444.ttl;1;Remaining useful life estimation;Maintainable item;Factstopic11_1;Unknown synchronization;Not reported;Factstopic17;case-study type dropped: Maintainable item | case study dropped: Factstopic11_1 | default online/offline dropped: Unknown synchronization | input-for-model dropped: Not reported | input type dropped: Factstopic17;Remaining useful life estimation;;;;;;5;15
318;extraction_papers\ontocast_runs\run_500_20260710_185042\output\facts_7013b2f1bdc2.ttl;1;Health assessment;Maintainable item;electric drive system;Unknown synchronization;Not reported;monitoring data, vibration, internal resistance, crack length, wear volume, rotational speed, pressure, flow;case-study type dropped: Maintainable item | default online/offline dropped: Unknown synchronization | input-for-model dropped: Not reported;Health assessment;;electric drive system;;;monitoring data, vibration, internal resistance, crack length, wear volume, rotational speed, pressure, flow;5;15
319;extraction_papers\ontocast_runs\run_500_20260710_185042\output\facts_7055937a9b67.ttl;1;Health assessment;Maintainable item;FactsproductionResources;Unknown synchronization;Not reported;input variables;case-study type dropped: Maintainable item | case study dropped: FactsproductionResources | default online/offline dropped: Unknown synchronization | input-for-model dropped: Not reported;Health assessment;;;;;input variables;5;15
320;extraction_papers\ontocast_runs\run_500_20260710_185042\output\facts_70f53c87c69c.ttl;1;Remaining useful life estimation;Maintainable item;FactstoolWear;Unknown synchronization;Not reported;FactscuttingForce, sinusoidal position encoding;case-study type dropped: Maintainable item | case study dropped: FactstoolWear | default online/offline dropped: Unknown synchronization | input-for-model dropped: Not reported;Remaining useful life estimation;;;;;FactscuttingForce, sinusoidal position encoding;5;15
321;extraction_papers\ontocast_runs\run_500_20260710_185042\output\facts_714558e87c38.ttl;1;Remaining useful life estimation;Maintainable item;LIBs for electric vehicles;Unknown synchronization;Not reported;multi-domain feature, degradation-relevant descriptor, M-score, FactsfeatureSetVoltageCurrentTemperatureCapacity;case-study type dropped: Maintainable item | default online/offline dropped: Unknown synchronization | input-for-model dropped: Not reported;Remaining useful life estimation;;LIBs for electric vehicles;;;multi-domain feature, degradation-relevant descriptor, M-score, FactsfeatureSetVoltageCurrentTemperatureCapacity;5;15
322;extraction_papers\ontocast_runs\run_500_20260710_185042\output\facts_71c28b6582e1.ttl;2;Remaining useful life estimation;Maintainable item;battery;Unknown synchronization;Not reported;FactsBatteryCapacity, FactsHealthFeatures;case-study type dropped: Maintainable item | default online/offline dropped: Unknown synchronization | input-for-model dropped: Not reported;Remaining useful life estimation;;battery;;;FactsBatteryCapacity, FactsHealthFeatures;5;15
323;extraction_papers\ontocast_runs\run_500_20260710_185042\output\facts_71fa2076b97e.ttl;1;Remaining useful life estimation;Maintainable item;assets;Unknown synchronization;Not reported;inputs;case-study type dropped: Maintainable item | default online/offline dropped: Unknown synchronization | input-for-model dropped: Not reported;Remaining useful life estimation;;assets;;;inputs;5;15
324;extraction_papers\ontocast_runs\run_500_20260710_185042\output\facts_721084846ae4.ttl;1;Fault detection;Maintainable item;Alkaline Water Electrolyzer;Unknown synchronization;Not reported;Factshi1, Factshi2;case-study type dropped: Maintainable item | default online/offline dropped: Unknown synchronization | input-for-model dropped: Not reported;Fault detection;;Alkaline Water Electrolyzer;;;Factshi1, Factshi2;5;15
325;extraction_papers\ontocast_runs\run_500_20260710_185042\output\facts_7292d3ea6ac3.ttl;3;One step future state forecast;Maintainable item;railway wagon;Unknown synchronization;Not reported;Factsvar1_27;case-study type dropped: Maintainable item | default online/offline dropped: Unknown synchronization | input-for-model dropped: Not reported | input type dropped: Factsvar1_27;One step future state forecast;;railway wagon;;;;5;15
326;extraction_papers\ontocast_runs\run_500_20260710_185042\output\facts_733454952f0f.ttl;1;Fault detection;Maintainable item;machine;Unknown synchronization;Not reported;energy drive signal, Internet of things sensors, vibration signal;case-study type dropped: Maintainable item | default online/offline dropped: Unknown synchronization | input-for-model dropped: Not reported;Fault detection;;machine;;;energy drive signal, Internet of things sensors, vibration signal;5;15
327;extraction_papers\ontocast_runs\run_500_20260710_185042\output\facts_74b3bb0b5533.ttl;1;Health assessment;Maintainable item;woven-type carbon fiber-reinforced polymer (CFRP) platelike structure;Unknown synchronization;Not reported;damage indicator (GW);case-study type dropped: Maintainable item | default online/offline dropped: Unknown synchronization | input-for-model dropped: Not reported;Health assessment;;woven-type carbon fiber-reinforced polymer (CFRP) platelike structure;;;damage indicator (GW);5;15
328;extraction_papers\ontocast_runs\run_500_20260710_185042\output\facts_74edf159492a.ttl;1;Fault detection;Maintainable item;automatic test equipment;Unknown synchronization;Not reported;accelerated life testing, analytics, ATE event logs, cumulative degradation time, drain current, real-time sensor data, robotic arm trajectories, subthreshold leakage;case-study type dropped: Maintainable item | default online/offline dropped: Unknown synchronization | input-for-model dropped: Not reported;Fault detection;;automatic test equipment;;;accelerated life testing, analytics, ATE event logs, cumulative degradation time, drain current, real-time sensor data, robotic arm trajectories, subthreshold leakage;5;15
329;extraction_papers\ontocast_runs\run_500_20260710_185042\output\facts_74f5576c5a23.ttl;1;Health assessment;Maintainable item;engine room;Unknown synchronization;Not reported;FactsvalvePositions;case-study type dropped: Maintainable item | default online/offline dropped: Unknown synchronization | input-for-model dropped: Not reported | input type dropped: FactsvalvePositions;Health assessment;;engine room;;;;5;15
330;extraction_papers\ontocast_runs\run_500_20260710_185042\output\facts_750c337900f0.ttl;1;Remaining useful life estimation;Maintainable item;industrial centrifuges used in mining;Unknown synchronization;Not reported;contextual factors, sensor temperatures, Factsvar1_21;case-study type dropped: Maintainable item | default online/offline dropped: Unknown synchronization | input-for-model dropped: Not reported;Remaining useful life estimation;;industrial centrifuges used in mining;;;contextual factors, sensor temperatures, Factsvar1_21;5;15
331;extraction_papers\ontocast_runs\run_500_20260710_185042\output\facts_76220d9772af.ttl;1;Fault detection;Maintainable item;Not reported;Unknown synchronization;Not reported;weather forecast, lightning, precipitation, wind speed;case-study type dropped: Maintainable item | case study dropped: Not reported | default online/offline dropped: Unknown synchronization | input-for-model dropped: Not reported;Fault detection;;;;;weather forecast, lightning, precipitation, wind speed;5;15
332;extraction_papers\ontocast_runs\run_500_20260710_185042\output\facts_7659e72df266.ttl;1;Fault detection;Maintainable item;double-lap joint;Unknown synchronization;Not reported;cyclic ratcheting strain, intrinsic damage kinetics;case-study type dropped: Maintainable item | default online/offline dropped: Unknown synchronization | input-for-model dropped: Not reported;Fault detection;;double-lap joint;;;cyclic ratcheting strain, intrinsic damage kinetics;5;15
333;extraction_papers\ontocast_runs\run_500_20260710_185042\output\facts_767449fe7ac9.ttl;2;Fault detection;Maintainable item;glass substrate;Unknown synchronization;Not reported;FactsacousticEmissionSignal, FactsaeSensors, FactscuttingForceSignal;case-study type dropped: Maintainable item | default online/offline dropped: Unknown synchronization | input-for-model dropped: Not reported;Fault detection;;glass substrate;;;FactsacousticEmissionSignal, FactsaeSensors, FactscuttingForceSignal;5;15
334;extraction_papers\ontocast_runs\run_500_20260710_185042\output\facts_76e792d7d5cf.ttl;1;Fault detection;Maintainable item;FactsXlpeInsulatedCables;Unknown synchronization;Not reported;moisture, age, insulation integrity, load, partial discharges;case-study type dropped: Maintainable item | case study dropped: FactsXlpeInsulatedCables | default online/offline dropped: Unknown synchronization | input-for-model dropped: Not reported;Fault detection;;;;;moisture, age, insulation integrity, load, partial discharges;5;15
335;extraction_papers\ontocast_runs\run_500_20260710_185042\output\facts_7702c17c1722.ttl;1;Fault detection;Maintainable item;analog circuit;Unknown synchronization;Not reported;output response, output voltage, supply current;case-study type dropped: Maintainable item | default online/offline dropped: Unknown synchronization | input-for-model dropped: Not reported;Fault detection;;analog circuit;;;output response, output voltage, supply current;5;15
336;extraction_papers\ontocast_runs\run_500_20260710_185042\output\facts_77d4216c88ff.ttl;2;Fault detection;Maintainable item;Not reported;Unknown synchronization;Not reported;shaft current baseline, shaft voltage signal;case-study type dropped: Maintainable item | case study dropped: Not reported | default online/offline dropped: Unknown synchronization | input-for-model dropped: Not reported;Fault detection;;;;;shaft current baseline, shaft voltage signal;5;15
337;extraction_papers\ontocast_runs\run_500_20260710_185042\output\facts_78176b462e77.ttl;1;Remaining useful life estimation;Maintainable item;rolling bearing;Unknown synchronization;Not reported;full lifecycle data, high-quality features, performance, vibration signals;case-study type dropped: Maintainable item | default online/offline dropped: Unknown synchronization | input-for-model dropped: Not reported;Remaining useful life estimation;;rolling bearing;;;full lifecycle data, high-quality features, performance, vibration signals;5;15
338;extraction_papers\ontocast_runs\run_500_20260710_185042\output\facts_78291a971a19.ttl;1;Health assessment;Maintainable item;capacitor;Unknown synchronization;Not reported;Factsinductance;case-study type dropped: Maintainable item | default online/offline dropped: Unknown synchronization | input-for-model dropped: Not reported | input type dropped: Factsinductance;Health assessment;;capacitor;;;;5;15
339;extraction_papers\ontocast_runs\run_500_20260710_185042\output\facts_785cce318ec7.ttl;2;Remaining useful life estimation;Maintainable item;asset;Unknown synchronization;Not reported;FactsacousticSignals_2;case-study type dropped: Maintainable item | default online/offline dropped: Unknown synchronization | input-for-model dropped: Not reported | input type dropped: FactsacousticSignals_2;Remaining useful life estimation;;asset;;;;5;15
340;extraction_papers\ontocast_runs\run_500_20260710_185042\output\facts_785cde2f910d.ttl;3;Health assessment;Maintainable item;AC motor;Unknown synchronization;Not reported;dq-axis derived features, Phase currents;case-study type dropped: Maintainable item | default online/offline dropped: Unknown synchronization | input-for-model dropped: Not reported;Health assessment;;AC motor;;;dq-axis derived features, Phase currents;5;15
341;extraction_papers\ontocast_runs\run_500_20260710_185042\output\facts_788697cf9291.ttl;1;Health assessment;Maintainable item;PV system;Unknown synchronization;Not reported;multi-sensor PV data, sensor noise, data gaps, unmodeled disturbances, humidity, panel soiling, partial shading, temperature stress, aging of semiconductor materials, sensor faults, Factsmae1_1;case-study type dropped: Maintainable item | default online/offline dropped: Unknown synchronization | input-for-model dropped: Not reported;Health assessment;;PV system;;;multi-sensor PV data, sensor noise, data gaps, unmodeled disturbances, humidity, panel soiling, partial shading, temperature stress, aging of semiconductor materials, sensor faults, Factsmae1_1;5;15
342;extraction_papers\ontocast_runs\run_500_20260710_185042\output\facts_789b744f30d5.ttl;1;Fault detection;Maintainable item;wheel flat;Unknown synchronization;Not reported;Not reported;case-study type dropped: Maintainable item | default online/offline dropped: Unknown synchronization | input-for-model dropped: Not reported | input type dropped: Not reported;Fault detection;;wheel flat;;;;5;15
343;extraction_papers\ontocast_runs\run_500_20260710_185042\output\facts_78b720ca0af2.ttl;1;Health assessment;Maintainable item;Facts3d_printed_cycloidal_gears;Unknown synchronization;Not reported;FactsworkingParameters;case-study type dropped: Maintainable item | case study dropped: Facts3d_printed_cycloidal_gears | default online/offline dropped: Unknown synchronization | input-for-model dropped: Not reported | input type dropped: FactsworkingParameters;Health assessment;;;;;;5;15
344;extraction_papers\ontocast_runs\run_500_20260710_185042\output\facts_78bbe354e88e.ttl;1;Fault detection;Maintainable item;FactsinkCores;Unknown synchronization;Not reported;FactspulseTypePneumaticConveyingSignals, FactsstatisticallyNormalizedDistances, FactstimeDomainPulseDescriptors, pulse width, voltage fluctuations, response frequency, air pressure, mechanical wear, pipeline leakage;case-study type dropped: Maintainable item | case study dropped: FactsinkCores | default online/offline dropped: Unknown synchronization | input-for-model dropped: Not reported;Fault detection;;;;;FactspulseTypePneumaticConveyingSignals, FactsstatisticallyNormalizedDistances, FactstimeDomainPulseDescriptors, pulse width, voltage fluctuations, response frequency, air pressure, mechanical wear, pipeline leakage;5;15
345;extraction_papers\ontocast_runs\run_500_20260710_185042\output\facts_7927f1f673b8.ttl;1;One step future state forecast;Maintainable item;Not reported;Unknown synchronization;Not reported;Not reported;case-study type dropped: Maintainable item | case study dropped: Not reported | default online/offline dropped: Unknown synchronization | input-for-model dropped: Not reported | input type dropped: Not reported;One step future state forecast;;;;;;5;15
346;extraction_papers\ontocast_runs\run_500_20260710_185042\output\facts_7a165376264a.ttl;1;Fault detection;Maintainable item;FactscoupledSensorTopologies;Unknown synchronization;Not reported;FactsdomainKnowledge_1, FactsnonLinearInteractions, Factsphase;case-study type dropped: Maintainable item | case study dropped: FactscoupledSensorTopologies | default online/offline dropped: Unknown synchronization | input-for-model dropped: Not reported;Fault detection;;;;;FactsdomainKnowledge_1, FactsnonLinearInteractions, Factsphase;5;15
347;extraction_papers\ontocast_runs\run_500_20260710_185042\output\facts_7a3780152090.ttl;2;Fault detection;Maintainable item;subsea pipeline;Unknown synchronization;Not reported;Not reported;case-study type dropped: Maintainable item | default online/offline dropped: Unknown synchronization | input-for-model dropped: Not reported | input type dropped: Not reported;Fault detection;;subsea pipeline;;;;5;15
348;extraction_papers\ontocast_runs\run_500_20260710_185042\output\facts_7a6f8131a906.ttl;1;Fault detection;Maintainable item;spur gears;Unknown synchronization;Not reported;AE, wave amplitude;case-study type dropped: Maintainable item | default online/offline dropped: Unknown synchronization | input-for-model dropped: Not reported;Fault detection;;spur gears;;;AE, wave amplitude;5;15
349;extraction_papers\ontocast_runs\run_500_20260710_185042\output\facts_7abbed652c1a.ttl;1;Fault identification;Maintainable item;all-terrain crane boom;Unknown synchronization;Not reported;fault data, equivalent stresses, Factssimdata1;case-study type dropped: Maintainable item | default online/offline dropped: Unknown synchronization | input-for-model dropped: Not reported;Fault identification;;all-terrain crane boom;;;fault data, equivalent stresses, Factssimdata1;5;15
350;extraction_papers\ontocast_runs\run_500_20260710_185042\output\facts_7ac990669414.ttl;1;One step future state forecast;Maintainable item;aeroengine;Unknown synchronization;Not reported;FactsassemblyPreload, FactscylindricalInterferenceFit;case-study type dropped: Maintainable item | default online/offline dropped: Unknown synchronization | input-for-model dropped: Not reported;One step future state forecast;;aeroengine;;;FactsassemblyPreload, FactscylindricalInterferenceFit;5;15
351;extraction_papers\ontocast_runs\run_500_20260710_185042\output\facts_7aca4ae45d7c.ttl;1;Fault detection;Maintainable item;Electric Parking Brake (EPB);Unknown synchronization;Not reported;non-linear time-series analysis;case-study type dropped: Maintainable item | default online/offline dropped: Unknown synchronization | input-for-model dropped: Not reported;Fault detection;;Electric Parking Brake (EPB);;;non-linear time-series analysis;5;15
352;extraction_papers\ontocast_runs\run_500_20260710_185042\output\facts_7aeb85c6cf0b.ttl;1;Health assessment;Maintainable item;grid-forming static var generator;Unknown synchronization;Not reported;Not reported;case-study type dropped: Maintainable item | default online/offline dropped: Unknown synchronization | input-for-model dropped: Not reported | input type dropped: Not reported;Health assessment;;grid-forming static var generator;;;;5;15
353;extraction_papers\ontocast_runs\run_500_20260710_185042\output\facts_7b7d5c4dd1ba.ttl;2;Fault identification;Maintainable item;condition monitoring;Unknown synchronization;Not reported;real operating behavior, signals extracted from machinery, Factstitle_1_6, vibration analysis, FactsvibrationSignals_4;case-study type dropped: Maintainable item | default online/offline dropped: Unknown synchronization | input-for-model dropped: Not reported;Fault identification;;condition monitoring;;;real operating behavior, signals extracted from machinery, Factstitle_1_6, vibration analysis, FactsvibrationSignals_4;5;15
354;extraction_papers\ontocast_runs\run_500_20260710_185042\output\facts_7b9bdbef320f.ttl;1;Health assessment;Maintainable item;LIB;Unknown synchronization;Not reported;historical capacity decline data, filtering, particles, rated capacity;case-study type dropped: Maintainable item | default online/offline dropped: Unknown synchronization | input-for-model dropped: Not reported;Health assessment;;LIB;;;historical capacity decline data, filtering, particles, rated capacity;5;15
355;extraction_papers\ontocast_runs\run_500_20260710_185042\output\facts_7ce8147528a3.ttl;1;Remaining useful life estimation;Maintainable item;residual current circuit breaker;Unknown synchronization;Not reported;Factsfact46_4;case-study type dropped: Maintainable item | default online/offline dropped: Unknown synchronization | input-for-model dropped: Not reported | input type dropped: Factsfact46_4;Remaining useful life estimation;;residual current circuit breaker;;;;5;15
356;extraction_papers\ontocast_runs\run_500_20260710_185042\output\facts_7d0c9939df48.ttl;1;Remaining useful life estimation;Maintainable item;CPs;Unknown synchronization;Not reported;healthy data;case-study type dropped: Maintainable item | default online/offline dropped: Unknown synchronization | input-for-model dropped: Not reported;Remaining useful life estimation;;CPs;;;healthy data;5;15
357;extraction_papers\ontocast_runs\run_500_20260710_185042\output\facts_7d5a793ede3b.ttl;3;Fault detection;Maintainable item;substation equipment;Unknown synchronization;Not reported;Factsmtf;case-study type dropped: Maintainable item | default online/offline dropped: Unknown synchronization | input-for-model dropped: Not reported | input type dropped: Factsmtf;Fault detection;;substation equipment;;;;5;15
358;extraction_papers\ontocast_runs\run_500_20260710_185042\output\facts_7da6df745dc5.ttl;1;Fault detection;Maintainable item;bearings;Unknown synchronization;Not reported;mode mixing, FactslowFrequencyBands, matrix pencil mean frequency, Factssignals;case-study type dropped: Maintainable item | default online/offline dropped: Unknown synchronization | input-for-model dropped: Not reported;Fault detection;;bearings;;;mode mixing, FactslowFrequencyBands, matrix pencil mean frequency, Factssignals;5;15
359;extraction_papers\ontocast_runs\run_500_20260710_185042\output\facts_7e88c7bdae86.ttl;1;Remaining useful life estimation;Maintainable item;NASA BP930 satellite battery;Unknown synchronization;Not reported;FactscyclingData;case-study type dropped: Maintainable item | default online/offline dropped: Unknown synchronization | input-for-model dropped: Not reported | input type dropped: FactscyclingData;Remaining useful life estimation;;NASA BP930 satellite battery;;;;5;15
360;extraction_papers\ontocast_runs\run_500_20260710_185042\output\facts_804c201052fc.ttl;1;Remaining useful life estimation;Maintainable item;battery;Unknown synchronization;Not reported;Factskeyword5_5;case-study type dropped: Maintainable item | default online/offline dropped: Unknown synchronization | input-for-model dropped: Not reported | input type dropped: Factskeyword5_5;Remaining useful life estimation;;battery;;;;5;15
361;extraction_papers\ontocast_runs\run_500_20260710_185042\output\facts_805197904a75.ttl;3;Remaining useful life estimation;Maintainable item;17-year serviced specimens;Unknown synchronization;Not reported;Not reported;case-study type dropped: Maintainable item | default online/offline dropped: Unknown synchronization | input-for-model dropped: Not reported | input type dropped: Not reported;Remaining useful life estimation;;17-year serviced specimens;;;;5;15
362;extraction_papers\ontocast_runs\run_500_20260710_185042\output\facts_8055849c5344.ttl;1;Remaining useful life estimation;Maintainable item;batteries;Unknown synchronization;Not reported;drift parameters, measurement errors, Factsvariable2_3;case-study type dropped: Maintainable item | default online/offline dropped: Unknown synchronization | input-for-model dropped: Not reported;Remaining useful life estimation;;batteries;;;drift parameters, measurement errors, Factsvariable2_3;5;15
363;extraction_papers\ontocast_runs\run_500_20260710_185042\output\facts_810133fe1e2a.ttl;1;Fault detection;Maintainable item;iron processing plant;Unknown synchronization;Not reported;Factsvar1_13;case-study type dropped: Maintainable item | default online/offline dropped: Unknown synchronization | input-for-model dropped: Not reported | input type dropped: Factsvar1_13;Fault detection;;iron processing plant;;;;5;15
364;extraction_papers\ontocast_runs\run_500_20260710_185042\output\facts_81284a6fcbce.ttl;1;Health assessment;Maintainable item;electric drive system;Unknown synchronization;Not reported;drive condition, road conditions;case-study type dropped: Maintainable item | default online/offline dropped: Unknown synchronization | input-for-model dropped: Not reported;Health assessment;;electric drive system;;;drive condition, road conditions;5;15
365;extraction_papers\ontocast_runs\run_500_20260710_185042\output\facts_81e786de9dfb.ttl;1;Fault detection;Maintainable item;stator;Unknown synchronization;Not reported;signal, labelled fault data, two-dimensional images, line voltages;case-study type dropped: Maintainable item | default online/offline dropped: Unknown synchronization | input-for-model dropped: Not reported;Fault detection;;stator;;;signal, labelled fault data, two-dimensional images, line voltages;5;15
366;extraction_papers\ontocast_runs\run_500_20260710_185042\output\facts_82116398e609.ttl;1;Fault detection;Maintainable item;BD system piping;Unknown synchronization;Not reported;Factsvariable_3;case-study type dropped: Maintainable item | default online/offline dropped: Unknown synchronization | input-for-model dropped: Not reported | input type dropped: Factsvariable_3;Fault detection;;BD system piping;;;;5;15
367;extraction_papers\ontocast_runs\run_500_20260710_185042\output\facts_825647eb95f3.ttl;1;Fault detection;Maintainable item;mini conveyor;Unknown synchronization;Not reported;peak-to-peak, wider feature set, slope sign change, wavelength, Willison amplitude, zero-crossing rate, Nyquist;case-study type dropped: Maintainable item | default online/offline dropped: Unknown synchronization | input-for-model dropped: Not reported;Fault detection;;mini conveyor;;;peak-to-peak, wider feature set, slope sign change, wavelength, Willison amplitude, zero-crossing rate, Nyquist;5;15
368;extraction_papers\ontocast_runs\run_500_20260710_185042\output\facts_8329bdcb4b52.ttl;1;Health modelling;Maintainable item;cranes;Unknown synchronization;Not reported;acoustic signals, LRD, noise, non-stationarity, self-similarity, vibration signals;case-study type dropped: Maintainable item | default online/offline dropped: Unknown synchronization | input-for-model dropped: Not reported;Health modelling;;cranes;;;acoustic signals, LRD, noise, non-stationarity, self-similarity, vibration signals;5;15
369;extraction_papers\ontocast_runs\run_500_20260710_185042\output\facts_834e768e64ba.ttl;1;Remaining useful life estimation;Maintainable item;ash;Unknown synchronization;Not reported;Not reported;case-study type dropped: Maintainable item | default online/offline dropped: Unknown synchronization | input-for-model dropped: Not reported | input type dropped: Not reported;Remaining useful life estimation;;ash;;;;5;15
370;extraction_papers\ontocast_runs\run_500_20260710_185042\output\facts_83891a4bc9b1.ttl;1;Health assessment;Maintainable item;baseplate;Unknown synchronization;Not reported;online, FactsthermalGradient1, Factsvcen1;case-study type dropped: Maintainable item | default online/offline dropped: Unknown synchronization | input-for-model dropped: Not reported;Health assessment;;baseplate;;;online, FactsthermalGradient1, Factsvcen1;5;15
371;extraction_papers\ontocast_runs\run_500_20260710_185042\output\facts_83d39a85d59f.ttl;1;Fault detection;Maintainable item;industrial machinery;Unknown synchronization;Not reported;Not reported;case-study type dropped: Maintainable item | default online/offline dropped: Unknown synchronization | input-for-model dropped: Not reported | input type dropped: Not reported;Fault detection;;industrial machinery;;;;5;15
372;extraction_papers\ontocast_runs\run_500_20260710_185042\output\facts_8462dbdc4a6a.ttl;1;Fault identification;Maintainable item;wind farm;Unknown synchronization;Not reported;features, wind farm, CNNs;case-study type dropped: Maintainable item | default online/offline dropped: Unknown synchronization | input-for-model dropped: Not reported;Fault identification;;wind farm;;;features, wind farm, CNNs;5;15
373;extraction_papers\ontocast_runs\run_500_20260710_185042\output\facts_862f28575276.ttl;2;Fault detection;Maintainable item;alignment system;Unknown synchronization;Not reported;alignment deviations, current, pressure, vibration;case-study type dropped: Maintainable item | default online/offline dropped: Unknown synchronization | input-for-model dropped: Not reported;Fault detection;;alignment system;;;alignment deviations, current, pressure, vibration;5;15
374;extraction_papers\ontocast_runs\run_500_20260710_185042\output\facts_869d03cdd61f.ttl;1;Remaining useful life estimation;Maintainable item;vehicles;Unknown synchronization;Not reported;FactscanData, CO2 emissions, consumption variables, dangerous cornering at speeds over 110 km/h, frequency of the vehicle's entries into service, fuel consumption efficiency, intervention frequency, maintenance costs, number of aggressive starts, number of incidents associated with dangerous speeds, predictors, time spent driving over 110 km/h, total distance traveled in kilometers, unsafe braking at speeds over 110 km/h, vehicle lifespan;case-study type dropped: Maintainable item | default online/offline dropped: Unknown synchronization | input-for-model dropped: Not reported;Remaining useful life estimation;;vehicles;;;FactscanData, CO2 emissions, consumption variables, dangerous cornering at speeds over 110 km/h, frequency of the vehicle's entries into service, fuel consumption efficiency, intervention frequency, maintenance costs, number of aggressive starts, number of incidents associated with dangerous speeds, predictors, time spent driving over 110 km/h, total distance traveled in kilometers, unsafe braking at speeds over 110 km/h, vehicle lifespan;5;15
375;extraction_papers\ontocast_runs\run_500_20260710_185042\output\facts_872943c34037.ttl;1;Remaining useful life estimation;Maintainable item;FactselectricVehicleBattery;Unknown synchronization;Not reported;key features highly correlated with battery life, input gate;case-study type dropped: Maintainable item | case study dropped: FactselectricVehicleBattery | default online/offline dropped: Unknown synchronization | input-for-model dropped: Not reported;Remaining useful life estimation;;;;;key features highly correlated with battery life, input gate;5;15
376;extraction_papers\ontocast_runs\run_500_20260710_185042\output\facts_889b80e1b70b.ttl;1;Health assessment;Maintainable item;pulsed septum electromagnet;Unknown synchronization;Not reported;Not reported;case-study type dropped: Maintainable item | default online/offline dropped: Unknown synchronization | input-for-model dropped: Not reported | input type dropped: Not reported;Health assessment;;pulsed septum electromagnet;;;;5;15
377;extraction_papers\ontocast_runs\run_500_20260710_185042\output\facts_88c087b3e43b.ttl;1;Fault feature extraction;Maintainable item;Lithium-ion battery;Unknown synchronization;Not reported;data incompleteness, observational irregularity, sample-level data scarcity;case-study type dropped: Maintainable item | default online/offline dropped: Unknown synchronization | input-for-model dropped: Not reported;Fault feature extraction;;Lithium-ion battery;;;data incompleteness, observational irregularity, sample-level data scarcity;5;15
378;extraction_papers\ontocast_runs\run_500_20260710_185042\output\facts_88eda2ec8dcf.ttl;1;One step future state forecast;Maintainable item;Not reported;Unknown synchronization;Not reported;Not reported;case-study type dropped: Maintainable item | case study dropped: Not reported | default online/offline dropped: Unknown synchronization | input-for-model dropped: Not reported | input type dropped: Not reported;One step future state forecast;;;;;;5;15
379;extraction_papers\ontocast_runs\run_500_20260710_185042\output\facts_891b3ea550a0.ttl;1;Fault detection;Maintainable item;Not reported;Unknown synchronization;Not reported;Not reported;case-study type dropped: Maintainable item | case study dropped: Not reported | default online/offline dropped: Unknown synchronization | input-for-model dropped: Not reported | input type dropped: Not reported;Fault detection;;;;;;5;15
380;extraction_papers\ontocast_runs\run_500_20260710_185042\output\facts_8a00dc329d3c.ttl;3;Fault detection;Maintainable item;nuclear reactor;Unknown synchronization;Not reported;continuous variable temporal representation;case-study type dropped: Maintainable item | default online/offline dropped: Unknown synchronization | input-for-model dropped: Not reported;Fault detection;;nuclear reactor;;;continuous variable temporal representation;5;15
381;extraction_papers\ontocast_runs\run_500_20260710_185042\output\facts_8a0548fc5770.ttl;1;Remaining useful life estimation;Maintainable item;maintainable item;Unknown synchronization;Not reported;historical maintenance records, sensor streams, and digital twin data;case-study type dropped: Maintainable item | default online/offline dropped: Unknown synchronization | input-for-model dropped: Not reported;Remaining useful life estimation;;maintainable item;;;historical maintenance records, sensor streams, and digital twin data;5;15
382;extraction_papers\ontocast_runs\run_500_20260710_185042\output\facts_8a336d5d2d6d.ttl;1;One step future state forecast;Maintainable item;aerospace;Unknown synchronization;Not reported;high-fidelity simulation data, input parameters, orthogonal modes, output targets;case-study type dropped: Maintainable item | default online/offline dropped: Unknown synchronization | input-for-model dropped: Not reported;One step future state forecast;;aerospace;;;high-fidelity simulation data, input parameters, orthogonal modes, output targets;5;15
383;extraction_papers\ontocast_runs\run_500_20260710_185042\output\facts_8be8523cfa78.ttl;1;One step future state forecast;Maintainable item;Not reported;Unknown synchronization;Not reported;Not reported;case-study type dropped: Maintainable item | case study dropped: Not reported | default online/offline dropped: Unknown synchronization | input-for-model dropped: Not reported | input type dropped: Not reported;One step future state forecast;;;;;;5;15
384;extraction_papers\ontocast_runs\run_500_20260710_185042\output\facts_8bf2b83a7f38.ttl;3;Remaining useful life estimation;Maintainable item;FactslithiumIonBattery;Unknown synchronization;Not reported;Not reported;case-study type dropped: Maintainable item | case study dropped: FactslithiumIonBattery | default online/offline dropped: Unknown synchronization | input-for-model dropped: Not reported | input type dropped: Not reported;Remaining useful life estimation;;;;;;5;15
385;extraction_papers\ontocast_runs\run_500_20260710_185042\output\facts_8c4034ec538a.ttl;1;Health assessment;Maintainable item;power systems;Unknown synchronization;Not reported;FactsfaultTaxonomy, raw data;case-study type dropped: Maintainable item | default online/offline dropped: Unknown synchronization | input-for-model dropped: Not reported;Health assessment;;power systems;;;FactsfaultTaxonomy, raw data;5;15
386;extraction_papers\ontocast_runs\run_500_20260710_185042\output\facts_8cc33107cf16.ttl;1;Remaining useful life estimation;Maintainable item;FactsendOfLifeParts;Unknown synchronization;Not reported;FactsactiveVehicleFleetSize, Factsfeature2_10, FactsfieldFailureRates, FactshistoricalConsumptionTrends, FactsreplacementRate, FactstemporallyOrderedPartYearData, FactswarrantyCoverage;case-study type dropped: Maintainable item | case study dropped: FactsendOfLifeParts | default online/offline dropped: Unknown synchronization | input-for-model dropped: Not reported;Remaining useful life estimation;;;;;FactsactiveVehicleFleetSize, Factsfeature2_10, FactsfieldFailureRates, FactshistoricalConsumptionTrends, FactsreplacementRate, FactstemporallyOrderedPartYearData, FactswarrantyCoverage;5;15
387;extraction_papers\ontocast_runs\run_500_20260710_185042\output\facts_8dea69c5326e.ttl;2;Health assessment;Maintainable item;equipment;Unknown synchronization;Not reported;Not reported;case-study type dropped: Maintainable item | default online/offline dropped: Unknown synchronization | input-for-model dropped: Not reported | input type dropped: Not reported;Health assessment;;equipment;;;;5;15
388;extraction_papers\ontocast_runs\run_500_20260710_185042\output\facts_8eca85666146.ttl;1;Fault detection;Maintainable item;mining enterprises;Unknown synchronization;Not reported;cable damage, climatic factor, insulator chipping, loss share, feeder emergency outage duration, phase clashing, ground faults, transformer failure;case-study type dropped: Maintainable item | default online/offline dropped: Unknown synchronization | input-for-model dropped: Not reported;Fault detection;;mining enterprises;;;cable damage, climatic factor, insulator chipping, loss share, feeder emergency outage duration, phase clashing, ground faults, transformer failure;5;15
389;extraction_papers\ontocast_runs\run_500_20260710_185042\output\facts_8ee267586a8c.ttl;1;Fault detection;Maintainable item;robot inspection cases;Unknown synchronization;Not reported;analytical predictions, backlash, conservative forces, Coriolis and centrifugal effects, system faults, energy dissipation, gravitational torques, inertia matrix, joint positions, joint velocities, lubricated contacts, measured joint variables, measured torques, model error, output torque, potential function, robot dynamics, sampling rates, sensor measurement noise and bias, stick-slip phenomena, Stribeck effect, temperature dependence, velocity sign;case-study type dropped: Maintainable item | default online/offline dropped: Unknown synchronization | input-for-model dropped: Not reported;Fault detection;;robot inspection cases;;;analytical predictions, backlash, conservative forces, Coriolis and centrifugal effects, system faults, energy dissipation, gravitational torques, inertia matrix, joint positions, joint velocities, lubricated contacts, measured joint variables, measured torques, model error, output torque, potential function, robot dynamics, sampling rates, sensor measurement noise and bias, stick-slip phenomena, Stribeck effect, temperature dependence, velocity sign;5;15
390;extraction_papers\ontocast_runs\run_500_20260710_185042\output\facts_8f6fbb01e775.ttl;1;Fault detection;Maintainable item;AF;Unknown synchronization;Not reported;AF, bias value, deviation rate, posterior distributions, HVAC system operating state, incomplete measurements, cooler malfunctions, causal effects, input variables z, weight coefficient;case-study type dropped: Maintainable item | default online/offline dropped: Unknown synchronization | input-for-model dropped: Not reported;Fault detection;;AF;;;AF, bias value, deviation rate, posterior distributions, HVAC system operating state, incomplete measurements, cooler malfunctions, causal effects, input variables z, weight coefficient;5;15
391;extraction_papers\ontocast_runs\run_500_20260710_185042\output\facts_8f7fd7a3e3e9.ttl;1;Health assessment;Maintainable item;coupled EMA drivetrain;Unknown synchronization;Not reported;Factsvar1_15;case-study type dropped: Maintainable item | default online/offline dropped: Unknown synchronization | input-for-model dropped: Not reported | input type dropped: Factsvar1_15;Health assessment;;coupled EMA drivetrain;;;;5;15
392;extraction_papers\ontocast_runs\run_500_20260710_185042\output\facts_8fbade113462.ttl;1;Remaining useful life estimation;Maintainable item;Collaborative Condition Monitoring;Unknown synchronization;Not reported;reusable patterns;case-study type dropped: Maintainable item | default online/offline dropped: Unknown synchronization | input-for-model dropped: Not reported;Remaining useful life estimation;;Collaborative Condition Monitoring;;;reusable patterns;5;15
393;extraction_papers\ontocast_runs\run_500_20260710_185042\output\facts_900a40a30ff4.ttl;1;One step future state forecast;Maintainable item;Factsgearbox1;Unknown synchronization;Not reported;Envelope peak amplitude, Kurtosis, GMF-Band Energy (TGMF), envelope-based indicators, RMS (root mean square) vibration indicator;case-study type dropped: Maintainable item | case study dropped: Factsgearbox1 | default online/offline dropped: Unknown synchronization | input-for-model dropped: Not reported;One step future state forecast;;;;;Envelope peak amplitude, Kurtosis, GMF-Band Energy (TGMF), envelope-based indicators, RMS (root mean square) vibration indicator;5;15
394;extraction_papers\ontocast_runs\run_500_20260710_185042\output\facts_901c2b998e10.ttl;1;Fault detection;Maintainable item;Not reported;Unknown synchronization;Not reported;Factsrf;case-study type dropped: Maintainable item | case study dropped: Not reported | default online/offline dropped: Unknown synchronization | input-for-model dropped: Not reported | input type dropped: Factsrf;Fault detection;;;;;;5;15
395;extraction_papers\ontocast_runs\run_500_20260710_185042\output\facts_9111fec121ac.ttl;1;Fault detection;Maintainable item;Not reported;Unknown synchronization;Not reported;Not reported;case-study type dropped: Maintainable item | case study dropped: Not reported | default online/offline dropped: Unknown synchronization | input-for-model dropped: Not reported | input type dropped: Not reported;Fault detection;;;;;;5;15
396;extraction_papers\ontocast_runs\run_500_20260710_185042\output\facts_921333765975.ttl;2;Fault detection;Maintainable item;FactsSubwayDoor;Unknown synchronization;Not reported;Not reported;case-study type dropped: Maintainable item | case study dropped: FactsSubwayDoor | default online/offline dropped: Unknown synchronization | input-for-model dropped: Not reported | input type dropped: Not reported;Fault detection;;;;;;5;15
397;extraction_papers\ontocast_runs\run_500_20260710_185042\output\facts_94e52b02a340.ttl;1;Fault detection;Maintainable item;flow-based production systems;Unknown synchronization;Not reported;FactsmaintenanceDemand;case-study type dropped: Maintainable item | default online/offline dropped: Unknown synchronization | input-for-model dropped: Not reported | input type dropped: FactsmaintenanceDemand;Fault detection;;flow-based production systems;;;;5;15
398;extraction_papers\ontocast_runs\run_500_20260710_185042\output\facts_9533e9913740.ttl;1;Remaining useful life estimation;Maintainable item;sensor noise;Unknown synchronization;Not reported;sensor noise, key variables, stack voltage, current density, humidity, hydrogen flow, pressure differentials;case-study type dropped: Maintainable item | default online/offline dropped: Unknown synchronization | input-for-model dropped: Not reported;Remaining useful life estimation;;sensor noise;;;sensor noise, key variables, stack voltage, current density, humidity, hydrogen flow, pressure differentials;5;15
399;extraction_papers\ontocast_runs\run_500_20260710_185042\output\facts_957375f200f0.ttl;1;Fault detection;Maintainable item;uCT790;Unknown synchronization;Not reported;Not reported;case-study type dropped: Maintainable item | default online/offline dropped: Unknown synchronization | input-for-model dropped: Not reported | input type dropped: Not reported;Fault detection;;uCT790;;;;5;15
400;extraction_papers\ontocast_runs\run_500_20260710_185042\output\facts_957c792b7d1a.ttl;1;Health assessment;Maintainable item;gear damage;Unknown synchronization;Not reported;Adaptive Order Bispectral Slices, metal content in lubricants, pressure, temperature, deep temporal degradation features, degradation trajectory, long-period meshing frequencies, raw vibration signals, short-term impact features;case-study type dropped: Maintainable item | default online/offline dropped: Unknown synchronization | input-for-model dropped: Not reported;Health assessment;;gear damage;;;Adaptive Order Bispectral Slices, metal content in lubricants, pressure, temperature, deep temporal degradation features, degradation trajectory, long-period meshing frequencies, raw vibration signals, short-term impact features;5;15
401;extraction_papers\ontocast_runs\run_500_20260710_185042\output\facts_95ae1663305e.ttl;2;Fault detection;Maintainable item;MCCB;Unknown synchronization;Not reported;contact gap, Factsovercurrent1, residual hot gases, voltage waveform;case-study type dropped: Maintainable item | default online/offline dropped: Unknown synchronization | input-for-model dropped: Not reported;Fault detection;;MCCB;;;contact gap, Factsovercurrent1, residual hot gases, voltage waveform;5;15
402;extraction_papers\ontocast_runs\run_500_20260710_185042\output\facts_96c5ae04feb8.ttl;1;Fault detection;Maintainable item;Factsair_volume_control_system1;Unknown synchronization;Not reported;Factsvariable2_2;case-study type dropped: Maintainable item | case study dropped: Factsair_volume_control_system1 | default online/offline dropped: Unknown synchronization | input-for-model dropped: Not reported | input type dropped: Factsvariable2_2;Fault detection;;;;;;5;15
403;extraction_papers\ontocast_runs\run_500_20260710_185042\output\facts_96eb29ba0f72.ttl;2;Remaining useful life estimation;Maintainable item;lithium-ion battery;Unknown synchronization;Not reported;FactsbatteryLifecycleMetrics, Factscurrent_3, Factstemperature_7;case-study type dropped: Maintainable item | default online/offline dropped: Unknown synchronization | input-for-model dropped: Not reported;Remaining useful life estimation;;lithium-ion battery;;;FactsbatteryLifecycleMetrics, Factscurrent_3, Factstemperature_7;5;15
404;extraction_papers\ontocast_runs\run_500_20260710_185042\output\facts_96ec88c731fe.ttl;1;Fault detection;Maintainable item;corona laboratory model;Unknown synchronization;Not reported;gain;case-study type dropped: Maintainable item | default online/offline dropped: Unknown synchronization | input-for-model dropped: Not reported;Fault detection;;corona laboratory model;;;gain;5;15
405;extraction_papers\ontocast_runs\run_500_20260710_185042\output\facts_972d28f8e6e8.ttl;1;Fault detection;Maintainable item;manufacturing equipment;Unknown synchronization;Not reported;FactsidleStateBaseline, FactssquaredDeviationBaseline;case-study type dropped: Maintainable item | default online/offline dropped: Unknown synchronization | input-for-model dropped: Not reported;Fault detection;;manufacturing equipment;;;FactsidleStateBaseline, FactssquaredDeviationBaseline;5;15
406;extraction_papers\ontocast_runs\run_500_20260710_185042\output\facts_98242ea4f088.ttl;3;One step future state forecast;Maintainable item;maintenance task;Unknown synchronization;Not reported;Not reported;case-study type dropped: Maintainable item | default online/offline dropped: Unknown synchronization | input-for-model dropped: Not reported | input type dropped: Not reported;One step future state forecast;;maintenance task;;;;5;15
407;extraction_papers\ontocast_runs\run_500_20260710_185042\output\facts_992561995723.ttl;3;Fault detection;Maintainable item;Not reported;Unknown synchronization;Not reported;limited labeled target data;case-study type dropped: Maintainable item | case study dropped: Not reported | default online/offline dropped: Unknown synchronization | input-for-model dropped: Not reported;Fault detection;;;;;limited labeled target data;5;15
408;extraction_papers\ontocast_runs\run_500_20260710_185042\output\facts_99607645a252.ttl;2;Fault detection;Maintainable item;Not reported;Unknown synchronization;Not reported;feature names, FactstabularSensorData;case-study type dropped: Maintainable item | case study dropped: Not reported | default online/offline dropped: Unknown synchronization | input-for-model dropped: Not reported;Fault detection;;;;;feature names, FactstabularSensorData;5;15
409;extraction_papers\ontocast_runs\run_500_20260710_185042\output\facts_99725d34ccdd.ttl;1;One step future state forecast;Maintainable item;Not reported;Unknown synchronization;Not reported;Not reported;case-study type dropped: Maintainable item | case study dropped: Not reported | default online/offline dropped: Unknown synchronization | input-for-model dropped: Not reported | input type dropped: Not reported;One step future state forecast;;;;;;5;15
410;extraction_papers\ontocast_runs\run_500_20260710_185042\output\facts_9a0cec89e3dc.ttl;1;Health assessment;Maintainable item;Not reported;Unknown synchronization;Not reported;coolant temperature, throttle position, intake manifold pressure, RPM;case-study type dropped: Maintainable item | case study dropped: Not reported | default online/offline dropped: Unknown synchronization | input-for-model dropped: Not reported;Health assessment;;;;;coolant temperature, throttle position, intake manifold pressure, RPM;5;15
411;extraction_papers\ontocast_runs\run_500_20260710_185042\output\facts_9a0d6f9a550c.ttl;1;Fault detection;Maintainable item;equipment;Unknown synchronization;Not reported;Not reported;case-study type dropped: Maintainable item | default online/offline dropped: Unknown synchronization | input-for-model dropped: Not reported | input type dropped: Not reported;Fault detection;;equipment;;;;5;15
412;extraction_papers\ontocast_runs\run_500_20260710_185042\output\facts_9a1b552552d6.ttl;1;Remaining useful life estimation;Maintainable item;LIB;Unknown synchronization;Not reported;voltage current temperature, capacity data, Factsdata_parameters1, multiple battery with multi-input profile, systematic sampling;case-study type dropped: Maintainable item | default online/offline dropped: Unknown synchronization | input-for-model dropped: Not reported;Remaining useful life estimation;;LIB;;;voltage current temperature, capacity data, Factsdata_parameters1, multiple battery with multi-input profile, systematic sampling;5;15
413;extraction_papers\ontocast_runs\run_500_20260710_185042\output\facts_9ae8c7096b85.ttl;1;Health modelling;Maintainable item;lithium-ion battery;Unknown synchronization;Not reported;Factsvalue3_3;case-study type dropped: Maintainable item | default online/offline dropped: Unknown synchronization | input-for-model dropped: Not reported | input type dropped: Factsvalue3_3;Health modelling;;lithium-ion battery;;;;5;15
414;extraction_papers\ontocast_runs\run_500_20260710_185042\output\facts_9af920d91e9b.ttl;2;Remaining useful life estimation;Maintainable item;gears;Unknown synchronization;Not reported;reliability, FactsgearFailureCause6;case-study type dropped: Maintainable item | default online/offline dropped: Unknown synchronization | input-for-model dropped: Not reported;Remaining useful life estimation;;gears;;;reliability, FactsgearFailureCause6;5;15
415;extraction_papers\ontocast_runs\run_500_20260710_185042\output\facts_9b159fe947f5.ttl;2;Health assessment;Maintainable item;digitally configurable DC/DC converters;Unknown synchronization;Not reported;converter-side power telemetry, embedded AI;case-study type dropped: Maintainable item | default online/offline dropped: Unknown synchronization | input-for-model dropped: Not reported;Health assessment;;digitally configurable DC/DC converters;;;converter-side power telemetry, embedded AI;5;15
416;extraction_papers\ontocast_runs\run_500_20260710_185042\output\facts_9bc3da5e3b19.ttl;2;Remaining useful life estimation;Maintainable item;internal short circuit;Unknown synchronization;Not reported;battery fault characteristics, historical data, Factskw4_4, temperature information, FactsvarCapacityLoss, average voltage value;case-study type dropped: Maintainable item | default online/offline dropped: Unknown synchronization | input-for-model dropped: Not reported;Remaining useful life estimation;;internal short circuit;;;battery fault characteristics, historical data, Factskw4_4, temperature information, FactsvarCapacityLoss, average voltage value;5;15
417;extraction_papers\ontocast_runs\run_500_20260710_185042\output\facts_9d3bfd1463ad.ttl;2;Fault detection;Maintainable item;cutting tools;Unknown synchronization;Not reported;current;case-study type dropped: Maintainable item | default online/offline dropped: Unknown synchronization | input-for-model dropped: Not reported;Fault detection;;cutting tools;;;current;5;15
418;extraction_papers\ontocast_runs\run_500_20260710_185042\output\facts_9de0eb8c8c85.ttl;1;Remaining useful life estimation;Maintainable item;milling machines;Unknown synchronization;Not reported;Factssignal1_10;case-study type dropped: Maintainable item | default online/offline dropped: Unknown synchronization | input-for-model dropped: Not reported | input type dropped: Factssignal1_10;Remaining useful life estimation;;milling machines;;;;5;15
419;extraction_papers\ontocast_runs\run_500_20260710_185042\output\facts_9e371980cf3e.ttl;1;Fault detection;Maintainable item;Factsbearing1_8;Unknown synchronization;Not reported;t0, transient burst containing a sinusoidal wavelet, friction condition, operating status of the bearing, response signal x(t) measured by the receiver probe, SAWs, inversely running wave packet path lI, shortest path lD;case-study type dropped: Maintainable item | case study dropped: Factsbearing1_8 | default online/offline dropped: Unknown synchronization | input-for-model dropped: Not reported;Fault detection;;;;;t0, transient burst containing a sinusoidal wavelet, friction condition, operating status of the bearing, response signal x(t) measured by the receiver probe, SAWs, inversely running wave packet path lI, shortest path lD;5;15
420;extraction_papers\ontocast_runs\run_500_20260710_185042\output\facts_9e39f8703bdd.ttl;1;One step future state forecast;Maintainable item;FactspvSystem_1;Unknown synchronization;Not reported;real operational data;case-study type dropped: Maintainable item | case study dropped: FactspvSystem_1 | default online/offline dropped: Unknown synchronization | input-for-model dropped: Not reported;One step future state forecast;;;;;real operational data;5;15
421;extraction_papers\ontocast_runs\run_500_20260710_185042\output\facts_9f9f96a7d773.ttl;1;Fault detection;Maintainable item;aircraft engine;Unknown synchronization;Not reported;time series data, sensor data;case-study type dropped: Maintainable item | default online/offline dropped: Unknown synchronization | input-for-model dropped: Not reported;Fault detection;;aircraft engine;;;time series data, sensor data;5;15
422;extraction_papers\ontocast_runs\run_500_20260710_185042\output\facts_a05fcbe5829e.ttl;1;Fault detection;Maintainable item;high-voltage insulator;Unknown synchronization;Not reported;leakage current;case-study type dropped: Maintainable item | default online/offline dropped: Unknown synchronization | input-for-model dropped: Not reported;Fault detection;;high-voltage insulator;;;leakage current;5;15
423;extraction_papers\ontocast_runs\run_500_20260710_185042\output\facts_a184b5b27a7f.ttl;1;Remaining useful life estimation;Maintainable item;Electro-Mechanical Brakes (E-Brakes);Unknown synchronization;Not reported;FactsBrakingEnergy, FactsExertedForceSignal, FactsMotorPhaseCurrentSignal, FactsResolverPositionSignal, FactsRunwayConditions, FactsThermalStates;case-study type dropped: Maintainable item | default online/offline dropped: Unknown synchronization | input-for-model dropped: Not reported;Remaining useful life estimation;;Electro-Mechanical Brakes (E-Brakes);;;FactsBrakingEnergy, FactsExertedForceSignal, FactsMotorPhaseCurrentSignal, FactsResolverPositionSignal, FactsRunwayConditions, FactsThermalStates;5;15
424;extraction_papers\ontocast_runs\run_500_20260710_185042\output\facts_a184e7607698.ttl;2;Remaining useful life estimation;Maintainable item;nuclear power plant;Unknown synchronization;Not reported;test stimuli, input data sets;case-study type dropped: Maintainable item | default online/offline dropped: Unknown synchronization | input-for-model dropped: Not reported;Remaining useful life estimation;;nuclear power plant;;;test stimuli, input data sets;5;15
425;extraction_papers\ontocast_runs\run_500_20260710_185042\output\facts_a18757173021.ttl;2;Fault feature extraction;Maintainable item;bolts;Unknown synchronization;Not reported;FactscurrentAmplitude, FactspreCompressionCondition, FactsspacerQuantity;case-study type dropped: Maintainable item | default online/offline dropped: Unknown synchronization | input-for-model dropped: Not reported;Fault feature extraction;;bolts;;;FactscurrentAmplitude, FactspreCompressionCondition, FactsspacerQuantity;5;15
426;extraction_papers\ontocast_runs\run_500_20260710_185042\output\facts_a312d6898c34.ttl;1;Remaining useful life estimation;Maintainable item;gearbox;Unknown synchronization;Not reported;time-varying weight;case-study type dropped: Maintainable item | default online/offline dropped: Unknown synchronization | input-for-model dropped: Not reported;Remaining useful life estimation;;gearbox;;;time-varying weight;5;15
427;extraction_papers\ontocast_runs\run_500_20260710_185042\output\facts_a3194078c97a.ttl;1;Remaining useful life estimation;Maintainable item;hybrid model;Unknown synchronization;Not reported;hybrid model;case-study type dropped: Maintainable item | default online/offline dropped: Unknown synchronization | input-for-model dropped: Not reported;Remaining useful life estimation;;hybrid model;;;hybrid model;5;15
428;extraction_papers\ontocast_runs\run_500_20260710_185042\output\facts_a3f4f12b8e17.ttl;2;Health assessment;Maintainable item;OLTC;Unknown synchronization;Not reported;current data;case-study type dropped: Maintainable item | default online/offline dropped: Unknown synchronization | input-for-model dropped: Not reported;Health assessment;;OLTC;;;current data;5;15
429;extraction_papers\ontocast_runs\run_500_20260710_185042\output\facts_a4a8eec7e361.ttl;1;Remaining useful life estimation;Maintainable item;turbofan engine;Unknown synchronization;Not reported;Factsperformance3_2, sensor 11;case-study type dropped: Maintainable item | default online/offline dropped: Unknown synchronization | input-for-model dropped: Not reported;Remaining useful life estimation;;turbofan engine;;;Factsperformance3_2, sensor 11;5;15
430;extraction_papers\ontocast_runs\run_500_20260710_185042\output\facts_a508bfac9c11.ttl;1;Fault detection;Maintainable item;rolling bearings;Unknown synchronization;Not reported;Not reported;case-study type dropped: Maintainable item | default online/offline dropped: Unknown synchronization | input-for-model dropped: Not reported | input type dropped: Not reported;Fault detection;;rolling bearings;;;;5;15
431;extraction_papers\ontocast_runs\run_500_20260710_185042\output\facts_a62f445003bb.ttl;4;One step future state forecast;Maintainable item;Chhukha Hydropower Plant;Unknown synchronization;Not reported;input feature 1 (linear/non-linear), FactsstatorWindingTemperature, Cooling Water Strainer Inlet Pressure, Generator Air Cooler Pressure, Generator Current, Generator Vibration, Overload level: 10 percent, Stator winding temperature (Slot 13);case-study type dropped: Maintainable item | default online/offline dropped: Unknown synchronization | input-for-model dropped: Not reported;One step future state forecast;;Chhukha Hydropower Plant;;;input feature 1 (linear/non-linear), FactsstatorWindingTemperature, Cooling Water Strainer Inlet Pressure, Generator Air Cooler Pressure, Generator Current, Generator Vibration, Overload level: 10 percent, Stator winding temperature (Slot 13);5;15
432;extraction_papers\ontocast_runs\run_500_20260710_185042\output\facts_a6d1d2f03a02.ttl;1;Remaining useful life estimation;Maintainable item;FactsAxleBox;Unknown synchronization;Not reported;Not reported;case-study type dropped: Maintainable item | case study dropped: FactsAxleBox | default online/offline dropped: Unknown synchronization | input-for-model dropped: Not reported | input type dropped: Not reported;Remaining useful life estimation;;;;;;5;15
433;extraction_papers\ontocast_runs\run_500_20260710_185042\output\facts_a73e3cdb54b6.ttl;1;Fault detection;Maintainable item;plastic injection molding equipment;Unknown synchronization;Not reported;Not reported;case-study type dropped: Maintainable item | default online/offline dropped: Unknown synchronization | input-for-model dropped: Not reported | input type dropped: Not reported;Fault detection;;plastic injection molding equipment;;;;5;15
434;extraction_papers\ontocast_runs\run_500_20260710_185042\output\facts_a81ff79a11ef.ttl;1;Fault detection;Maintainable item;pump;Unknown synchronization;Not reported;flow rate, temperature, conductivity, sensor data, maintenance needs, documentation, abnormal situations, sub-second interval sampling, supervisory states;case-study type dropped: Maintainable item | default online/offline dropped: Unknown synchronization | input-for-model dropped: Not reported;Fault detection;;pump;;;flow rate, temperature, conductivity, sensor data, maintenance needs, documentation, abnormal situations, sub-second interval sampling, supervisory states;5;15
435;extraction_papers\ontocast_runs\run_500_20260710_185042\output\facts_a82b03fbcab2.ttl;1;Fault detection;Maintainable item;Not reported;Unknown synchronization;Not reported;LC filter parameters, i dc;case-study type dropped: Maintainable item | case study dropped: Not reported | default online/offline dropped: Unknown synchronization | input-for-model dropped: Not reported;Fault detection;;;;;LC filter parameters, i dc;5;15
436;extraction_papers\ontocast_runs\run_500_20260710_185042\output\facts_a8ee4914c258.ttl;1;Fault detection;Maintainable item;induction motor;Unknown synchronization;Not reported;frequency-domain features, high-frequency vibration data, Machine Learning;case-study type dropped: Maintainable item | default online/offline dropped: Unknown synchronization | input-for-model dropped: Not reported;Fault detection;;induction motor;;;frequency-domain features, high-frequency vibration data, Machine Learning;5;15
437;extraction_papers\ontocast_runs\run_500_20260710_185042\output\facts_a9a96f2d7a18.ttl;1;Remaining useful life estimation;Maintainable item;battery;Unknown synchronization;Not reported;battery states, capacity decay curves, time-series data;case-study type dropped: Maintainable item | default online/offline dropped: Unknown synchronization | input-for-model dropped: Not reported;Remaining useful life estimation;;battery;;;battery states, capacity decay curves, time-series data;5;15
438;extraction_papers\ontocast_runs\run_500_20260710_185042\output\facts_ababe52429c3.ttl;1;Fault detection;Maintainable item;company-owned vehicle;Unknown synchronization;Not reported;Not reported;case-study type dropped: Maintainable item | default online/offline dropped: Unknown synchronization | input-for-model dropped: Not reported | input type dropped: Not reported;Fault detection;;company-owned vehicle;;;;5;15
439;extraction_papers\ontocast_runs\run_500_20260710_185042\output\facts_ac94a4053e5f.ttl;2;Health assessment;Maintainable item;Bearings;Unknown synchronization;Not reported;FactsConditionIndicatorStatParam, Vibration signals, FactsvarFailureSeverity, FactsvarLoad;case-study type dropped: Maintainable item | default online/offline dropped: Unknown synchronization | input-for-model dropped: Not reported;Health assessment;;Bearings;;;FactsConditionIndicatorStatParam, Vibration signals, FactsvarFailureSeverity, FactsvarLoad;5;15
440;extraction_papers\ontocast_runs\run_500_20260710_185042\output\facts_adcf48f74d04.ttl;1;Health assessment;Maintainable item;Factsfact6_49;Unknown synchronization;Not reported;Factsparam1;case-study type dropped: Maintainable item | case study dropped: Factsfact6_49 | default online/offline dropped: Unknown synchronization | input-for-model dropped: Not reported | input type dropped: Factsparam1;Health assessment;;;;;;5;15
441;extraction_papers\ontocast_runs\run_500_20260710_185042\output\facts_ae5cd89a88dd.ttl;2;Health assessment;Maintainable item;PV panel;Unknown synchronization;Not reported;handcrafted features;case-study type dropped: Maintainable item | default online/offline dropped: Unknown synchronization | input-for-model dropped: Not reported;Health assessment;;PV panel;;;handcrafted features;5;15
442;extraction_papers\ontocast_runs\run_500_20260710_185042\output\facts_aefd7037fa6c.ttl;1;One step future state forecast;Maintainable item;Not reported;Unknown synchronization;Not reported;Not reported;case-study type dropped: Maintainable item | case study dropped: Not reported | default online/offline dropped: Unknown synchronization | input-for-model dropped: Not reported | input type dropped: Not reported;One step future state forecast;;;;;;5;15
443;extraction_papers\ontocast_runs\run_500_20260710_185042\output\facts_af0d930fa5cb.ttl;1;Remaining useful life estimation;Maintainable item;bearing;Unknown synchronization;Not reported;large-scale time-series data, sequential data, Factsvar5_20;case-study type dropped: Maintainable item | default online/offline dropped: Unknown synchronization | input-for-model dropped: Not reported;Remaining useful life estimation;;bearing;;;large-scale time-series data, sequential data, Factsvar5_20;5;15
444;extraction_papers\ontocast_runs\run_500_20260710_185042\output\facts_afa13d08ad1f.ttl;1;Fault detection;Maintainable item;centrifugal pump;Unknown synchronization;Not reported;acoustic signal, Peak vs RMS increase, Turbulent kinetic energy, Vapor volume fraction;case-study type dropped: Maintainable item | default online/offline dropped: Unknown synchronization | input-for-model dropped: Not reported;Fault detection;;centrifugal pump;;;acoustic signal, Peak vs RMS increase, Turbulent kinetic energy, Vapor volume fraction;5;15
445;extraction_papers\ontocast_runs\run_500_20260710_185042\output\facts_afc5c3c0d8bf.ttl;4;Fault identification;Maintainable item;physical assets;Unknown synchronization;Not reported;Factsvar1_25;case-study type dropped: Maintainable item | default online/offline dropped: Unknown synchronization | input-for-model dropped: Not reported | input type dropped: Factsvar1_25;Fault identification;;physical assets;;;;5;15
446;extraction_papers\ontocast_runs\run_500_20260710_185042\output\facts_b024720ad691.ttl;1;Fault detection;Maintainable item;sensor-based smart irrigation system;Unknown synchronization;Not reported;environmental parameters, FactsfeatureSelection_1, recall, 5% missing data, operational parameters, FactssolarRadiation;case-study type dropped: Maintainable item | default online/offline dropped: Unknown synchronization | input-for-model dropped: Not reported;Fault detection;;sensor-based smart irrigation system;;;environmental parameters, FactsfeatureSelection_1, recall, 5% missing data, operational parameters, FactssolarRadiation;5;15
447;extraction_papers\ontocast_runs\run_500_20260710_185042\output\facts_b069352153b8.ttl;2;Fault detection;Maintainable item;FactsDistributionEquipment;Unknown synchronization;Not reported;FactsCurrent;case-study type dropped: Maintainable item | case study dropped: FactsDistributionEquipment | default online/offline dropped: Unknown synchronization | input-for-model dropped: Not reported | input type dropped: FactsCurrent;Fault detection;;;;;;5;15
448;extraction_papers\ontocast_runs\run_500_20260710_185042\output\facts_b1a4fd9a1f86.ttl;1;Fault detection;Maintainable item;district heating substation;Unknown synchronization;Not reported;Not reported;case-study type dropped: Maintainable item | default online/offline dropped: Unknown synchronization | input-for-model dropped: Not reported | input type dropped: Not reported;Fault detection;;district heating substation;;;;5;15
449;extraction_papers\ontocast_runs\run_500_20260710_185042\output\facts_b1ca20e0faf4.ttl;1;Remaining useful life estimation;Maintainable item;lithium batteries;Unknown synchronization;Not reported;information updating;case-study type dropped: Maintainable item | default online/offline dropped: Unknown synchronization | input-for-model dropped: Not reported;Remaining useful life estimation;;lithium batteries;;;information updating;5;15
450;extraction_papers\ontocast_runs\run_500_20260710_185042\output\facts_b21b67fc8e43.ttl;1;Fault detection;Maintainable item;DHV (Heavy Duty Vehicles);Unknown synchronization;Not reported;CF;case-study type dropped: Maintainable item | default online/offline dropped: Unknown synchronization | input-for-model dropped: Not reported;Fault detection;;DHV (Heavy Duty Vehicles);;;CF;5;15
451;extraction_papers\ontocast_runs\run_500_20260710_185042\output\facts_b2646d73a753.ttl;1;Health assessment;Maintainable item;hydro units;Unknown synchronization;Not reported;dielectric loss factor of insulating oil, hydrological forecasting errors Îµh(t), load demand fluctuations L(t), state vector, vibration amplitude, water inflow Q(t), winding temperature;case-study type dropped: Maintainable item | default online/offline dropped: Unknown synchronization | input-for-model dropped: Not reported;Health assessment;;hydro units;;;dielectric loss factor of insulating oil, hydrological forecasting errors Îµh(t), load demand fluctuations L(t), state vector, vibration amplitude, water inflow Q(t), winding temperature;5;15
452;extraction_papers\ontocast_runs\run_500_20260710_185042\output\facts_b32befcf6727.ttl;1;Remaining useful life estimation;Maintainable item;battery;Unknown synchronization;Not reported;extra equipment, mileage, Factsvar4_4;case-study type dropped: Maintainable item | default online/offline dropped: Unknown synchronization | input-for-model dropped: Not reported;Remaining useful life estimation;;battery;;;extra equipment, mileage, Factsvar4_4;5;15
453;extraction_papers\ontocast_runs\run_500_20260710_185042\output\facts_b468c3c4b64a.ttl;1;Fault detection;Maintainable item;Not reported;Unknown synchronization;Not reported;Auto-Regressive features, FactslabelledTrainingData, FactsunlabelledOutputs, FactswheelTreadImages;case-study type dropped: Maintainable item | case study dropped: Not reported | default online/offline dropped: Unknown synchronization | input-for-model dropped: Not reported;Fault detection;;;;;Auto-Regressive features, FactslabelledTrainingData, FactsunlabelledOutputs, FactswheelTreadImages;5;15
454;extraction_papers\ontocast_runs\run_500_20260710_185042\output\facts_b47b20ea7c9c.ttl;2;Remaining useful life estimation;Maintainable item;bearing (IMS dataset maintainable item);Unknown synchronization;Not reported;FactsVibrationSignal_1, FactshealthIndicators;case-study type dropped: Maintainable item | default online/offline dropped: Unknown synchronization | input-for-model dropped: Not reported;Remaining useful life estimation;;bearing (IMS dataset maintainable item);;;FactsVibrationSignal_1, FactshealthIndicators;5;15
455;extraction_papers\ontocast_runs\run_500_20260710_185042\output\facts_b4901083c4ab.ttl;1;Remaining useful life estimation;Maintainable item;commercial PEMFC stack;Unknown synchronization;Not reported;FactsparameterM;case-study type dropped: Maintainable item | default online/offline dropped: Unknown synchronization | input-for-model dropped: Not reported | input type dropped: FactsparameterM;Remaining useful life estimation;;commercial PEMFC stack;;;;5;15
456;extraction_papers\ontocast_runs\run_500_20260710_185042\output\facts_b5253f7fedd3.ttl;1;Remaining useful life estimation;Maintainable item;FactsMillingTool;Unknown synchronization;Not reported;FFT coefficients (frequency-domain), cutting force, mean (time-domain), power spectral density (frequency-domain), spindle load, standard deviation (time-domain), vibration signal;case-study type dropped: Maintainable item | case study dropped: FactsMillingTool | default online/offline dropped: Unknown synchronization | input-for-model dropped: Not reported;Remaining useful life estimation;;;;;FFT coefficients (frequency-domain), cutting force, mean (time-domain), power spectral density (frequency-domain), spindle load, standard deviation (time-domain), vibration signal;5;15
457;extraction_papers\ontocast_runs\run_500_20260710_185042\output\facts_b52ac2844669.ttl;1;Fault detection;Maintainable item;milling tool;Unknown synchronization;Not reported;input sequences, degradation features;case-study type dropped: Maintainable item | default online/offline dropped: Unknown synchronization | input-for-model dropped: Not reported;Fault detection;;milling tool;;;input sequences, degradation features;5;15
458;extraction_papers\ontocast_runs\run_500_20260710_185042\output\facts_b5382a2b8fb8.ttl;1;Remaining useful life estimation;Maintainable item;crankshaft;Unknown synchronization;Not reported;Not reported;case-study type dropped: Maintainable item | default online/offline dropped: Unknown synchronization | input-for-model dropped: Not reported | input type dropped: Not reported;Remaining useful life estimation;;crankshaft;;;;5;15
459;extraction_papers\ontocast_runs\run_500_20260710_185042\output\facts_b620da22ab4a.ttl;1;Fault detection;Maintainable item;FactsGearbox_2;Unknown synchronization;Not reported;Not reported;case-study type dropped: Maintainable item | case study dropped: FactsGearbox_2 | default online/offline dropped: Unknown synchronization | input-for-model dropped: Not reported | input type dropped: Not reported;Fault detection;;;;;;5;15
460;extraction_papers\ontocast_runs\run_500_20260710_185042\output\facts_b63697539c38.ttl;1;Fault detection;Maintainable item;motor;Unknown synchronization;Not reported;Factsvar5_7;case-study type dropped: Maintainable item | default online/offline dropped: Unknown synchronization | input-for-model dropped: Not reported | input type dropped: Factsvar5_7;Fault detection;;motor;;;;5;15
461;extraction_papers\ontocast_runs\run_500_20260710_185042\output\facts_b655ceff2211.ttl;2;Health assessment;Maintainable item;WTG;Unknown synchronization;Not reported;SCADA data;case-study type dropped: Maintainable item | default online/offline dropped: Unknown synchronization | input-for-model dropped: Not reported;Health assessment;;WTG;;;SCADA data;5;15
462;extraction_papers\ontocast_runs\run_500_20260710_185042\output\facts_b6cf69d1677f.ttl;1;Fault identification;Maintainable item;insulator;Unknown synchronization;Not reported;insulator, transformer, deep learning;case-study type dropped: Maintainable item | default online/offline dropped: Unknown synchronization | input-for-model dropped: Not reported;Fault identification;;insulator;;;insulator, transformer, deep learning;5;15
463;extraction_papers\ontocast_runs\run_500_20260710_185042\output\facts_b846be1d3f07.ttl;1;Remaining useful life estimation;Maintainable item;turbine engine;Unknown synchronization;Not reported;Factsconcept1, acoustic signal, grayscale image, resulting vector;case-study type dropped: Maintainable item | default online/offline dropped: Unknown synchronization | input-for-model dropped: Not reported;Remaining useful life estimation;;turbine engine;;;Factsconcept1, acoustic signal, grayscale image, resulting vector;5;15
464;extraction_papers\ontocast_runs\run_500_20260710_185042\output\facts_b8c5ed28b19d.ttl;9;Fault detection;Maintainable item;asset;Unknown synchronization;Not reported;sensor data, industrial environments, same dataset, MAE;case-study type dropped: Maintainable item | default online/offline dropped: Unknown synchronization | input-for-model dropped: Not reported;Fault detection;;asset;;;sensor data, industrial environments, same dataset, MAE;5;15
465;extraction_papers\ontocast_runs\run_500_20260710_185042\output\facts_b9d7c30d5141.ttl;2;Fault identification;Maintainable item;Class I induction motors;Unknown synchronization;Not reported;Factsbaseline_data1, healthy vibration baselines, motor power rating;case-study type dropped: Maintainable item | default online/offline dropped: Unknown synchronization | input-for-model dropped: Not reported;Fault identification;;Class I induction motors;;;Factsbaseline_data1, healthy vibration baselines, motor power rating;5;15
466;extraction_papers\ontocast_runs\run_500_20260710_185042\output\facts_bb4a9d52e9cc.ttl;1;Fault detection;Maintainable item;FactsHydraulicMachinery;Unknown synchronization;Not reported;analysis frame length (s), audio resampling rate, STFT magnitude spectrum;case-study type dropped: Maintainable item | case study dropped: FactsHydraulicMachinery | default online/offline dropped: Unknown synchronization | input-for-model dropped: Not reported;Fault detection;;;;;analysis frame length (s), audio resampling rate, STFT magnitude spectrum;5;15
467;extraction_papers\ontocast_runs\run_500_20260710_185042\output\facts_bb4b255b87cd.ttl;1;Remaining useful life estimation;Maintainable item;aerospace alloys;Unknown synchronization;Not reported;PHM;case-study type dropped: Maintainable item | default online/offline dropped: Unknown synchronization | input-for-model dropped: Not reported;Remaining useful life estimation;;aerospace alloys;;;PHM;5;15
468;extraction_papers\ontocast_runs\run_500_20260710_185042\output\facts_bbe415e66758.ttl;1;Fault detection;Maintainable item;bearing assemblies;Unknown synchronization;Not reported;Factskeyword5_7;case-study type dropped: Maintainable item | default online/offline dropped: Unknown synchronization | input-for-model dropped: Not reported | input type dropped: Factskeyword5_7;Fault detection;;bearing assemblies;;;;5;15
469;extraction_papers\ontocast_runs\run_500_20260710_185042\output\facts_bc3efa6e971c.ttl;1;Fault detection;Maintainable item;maintainable item;Unknown synchronization;Not reported;data variable;case-study type dropped: Maintainable item | default online/offline dropped: Unknown synchronization | input-for-model dropped: Not reported;Fault detection;;maintainable item;;;data variable;5;15
470;extraction_papers\ontocast_runs\run_500_20260710_185042\output\facts_be51d3a57b91.ttl;1;Fault detection;Maintainable item;gearbox fault diagnosis;Unknown synchronization;Not reported;Filtered Root Mean Square (FRMS), Normalized Summation of the positive amplitudes of the Difference Spectrum (NSDS);case-study type dropped: Maintainable item | default online/offline dropped: Unknown synchronization | input-for-model dropped: Not reported;Fault detection;;gearbox fault diagnosis;;;Filtered Root Mean Square (FRMS), Normalized Summation of the positive amplitudes of the Difference Spectrum (NSDS);5;15
471;extraction_papers\ontocast_runs\run_500_20260710_185042\output\facts_c02073b390a1.ttl;1;Fault identification;Maintainable item;transformer;Unknown synchronization;Not reported;current squared, harmonic current, vibration;case-study type dropped: Maintainable item | default online/offline dropped: Unknown synchronization | input-for-model dropped: Not reported;Fault identification;;transformer;;;current squared, harmonic current, vibration;5;15
472;extraction_papers\ontocast_runs\run_500_20260710_185042\output\facts_c0d21534f79d.ttl;2;Fault identification;Maintainable item;hull structure;Unknown synchronization;Not reported;FactsStaticStrainData, corrosion-induced thickness loss;case-study type dropped: Maintainable item | default online/offline dropped: Unknown synchronization | input-for-model dropped: Not reported;Fault identification;;hull structure;;;FactsStaticStrainData, corrosion-induced thickness loss;5;15
473;extraction_papers\ontocast_runs\run_500_20260710_185042\output\facts_c39995eec18e.ttl;1;Health assessment;Maintainable item;FD001;Unknown synchronization;Not reported;FactsahpHierarchicalIndicators, FactsrelHealth;case-study type dropped: Maintainable item | default online/offline dropped: Unknown synchronization | input-for-model dropped: Not reported;Health assessment;;FD001;;;FactsahpHierarchicalIndicators, FactsrelHealth;5;15
474;extraction_papers\ontocast_runs\run_500_20260710_185042\output\facts_c4d0c91f5145.ttl;1;Fault detection;Maintainable item;AH-64A helicopters;Unknown synchronization;Not reported;engine power parameters, pressure, rotational speed, temperature;case-study type dropped: Maintainable item | default online/offline dropped: Unknown synchronization | input-for-model dropped: Not reported;Fault detection;;AH-64A helicopters;;;engine power parameters, pressure, rotational speed, temperature;5;15
475;extraction_papers\ontocast_runs\run_500_20260710_185042\output\facts_c55bd7821f8d.ttl;1;Fault detection;Maintainable item;device;Unknown synchronization;Not reported;degradation data;case-study type dropped: Maintainable item | default online/offline dropped: Unknown synchronization | input-for-model dropped: Not reported;Fault detection;;device;;;degradation data;5;15
476;extraction_papers\ontocast_runs\run_500_20260710_185042\output\facts_c5900afb9e1d.ttl;1;Health assessment;Maintainable item;SF6 circuit breakers;Unknown synchronization;Not reported;fault samples, health-related indicators, field-monitoring constraints;case-study type dropped: Maintainable item | default online/offline dropped: Unknown synchronization | input-for-model dropped: Not reported;Health assessment;;SF6 circuit breakers;;;fault samples, health-related indicators, field-monitoring constraints;5;15
477;extraction_papers\ontocast_runs\run_500_20260710_185042\output\facts_c5ad36209254.ttl;1;Fault detection;Maintainable item;industrial condition monitoring;Unknown synchronization;Not reported;sensor signals, non-stationary vibration signals;case-study type dropped: Maintainable item | default online/offline dropped: Unknown synchronization | input-for-model dropped: Not reported;Fault detection;;industrial condition monitoring;;;sensor signals, non-stationary vibration signals;5;15
478;extraction_papers\ontocast_runs\run_500_20260710_185042\output\facts_c5d630726e73.ttl;1;Fault detection;Maintainable item;Machinery Fault Dataset (MaFaulDa);Unknown synchronization;Not reported;Not reported;case-study type dropped: Maintainable item | default online/offline dropped: Unknown synchronization | input-for-model dropped: Not reported | input type dropped: Not reported;Fault detection;;Machinery Fault Dataset (MaFaulDa);;;;5;15
479;extraction_papers\ontocast_runs\run_500_20260710_185042\output\facts_c660cac33b68.ttl;1;Remaining useful life estimation;Maintainable item;electric submersible pumps;Unknown synchronization;Not reported;ESP systems, FactslargeScaleMonitoringData, FactslongTermTemporalDependencies, multi-source time-series data, operating-parameter effects, controllable operating variables;case-study type dropped: Maintainable item | default online/offline dropped: Unknown synchronization | input-for-model dropped: Not reported;Remaining useful life estimation;;electric submersible pumps;;;ESP systems, FactslargeScaleMonitoringData, FactslongTermTemporalDependencies, multi-source time-series data, operating-parameter effects, controllable operating variables;5;15
480;extraction_papers\ontocast_runs\run_500_20260710_185042\output\facts_c7063fbd963c.ttl;1;Fault detection;Maintainable item;water pump;Unknown synchronization;Not reported;coolant temperature, intercept, quartile, slope, engine speed, fan vibration signals;case-study type dropped: Maintainable item | default online/offline dropped: Unknown synchronization | input-for-model dropped: Not reported;Fault detection;;water pump;;;coolant temperature, intercept, quartile, slope, engine speed, fan vibration signals;5;15
481;extraction_papers\ontocast_runs\run_500_20260710_185042\output\facts_c79730cbafdd.ttl;1;Health assessment;Maintainable item;bearing plate;Unknown synchronization;Not reported;P, E*, R*, mu, R1, Kurtosis, a(t), P0;case-study type dropped: Maintainable item | default online/offline dropped: Unknown synchronization | input-for-model dropped: Not reported;Health assessment;;bearing plate;;;P, E*, R*, mu, R1, Kurtosis, a(t), P0;5;15
482;extraction_papers\ontocast_runs\run_500_20260710_185042\output\facts_c7bd55c45a5a.ttl;2;Fault detection;Maintainable item;auxiliary systems;Unknown synchronization;Not reported;controller-level signals, locally derived features, sensor data, temperature setpoint, variable ambient conditions;case-study type dropped: Maintainable item | default online/offline dropped: Unknown synchronization | input-for-model dropped: Not reported;Fault detection;;auxiliary systems;;;controller-level signals, locally derived features, sensor data, temperature setpoint, variable ambient conditions;5;15
483;extraction_papers\ontocast_runs\run_500_20260710_185042\output\facts_c7c0f83a7b28.ttl;1;Remaining useful life estimation;Maintainable item;drones;Unknown synchronization;Not reported;Factsvariable2_8;case-study type dropped: Maintainable item | default online/offline dropped: Unknown synchronization | input-for-model dropped: Not reported | input type dropped: Factsvariable2_8;Remaining useful life estimation;;drones;;;;5;15
484;extraction_papers\ontocast_runs\run_500_20260710_185042\output\facts_c8a1ceca6e88.ttl;1;Fault detection;Maintainable item;Carbide inserts;Unknown synchronization;Not reported;FactsAcousticEmission_1, FactsCuttingForces, FactsMotorCurrent, FactsTemperature_3, Flank wear (VB), FactsVibration_1;case-study type dropped: Maintainable item | default online/offline dropped: Unknown synchronization | input-for-model dropped: Not reported;Fault detection;;Carbide inserts;;;FactsAcousticEmission_1, FactsCuttingForces, FactsMotorCurrent, FactsTemperature_3, Flank wear (VB), FactsVibration_1;5;15
485;extraction_papers\ontocast_runs\run_500_20260710_185042\output\facts_c8ee86acce09.ttl;4;Remaining useful life estimation;Maintainable item;FactsdiverseDieselEngines;Unknown synchronization;Not reported;RUL, FactsfuelSulfurContent, FactspriorOilAnalyses;case-study type dropped: Maintainable item | case study dropped: FactsdiverseDieselEngines | default online/offline dropped: Unknown synchronization | input-for-model dropped: Not reported;Remaining useful life estimation;;;;;RUL, FactsfuelSulfurContent, FactspriorOilAnalyses;5;15
486;extraction_papers\ontocast_runs\run_500_20260710_185042\output\facts_c9c45d670871.ttl;1;Remaining useful life estimation;Maintainable item;battery;Unknown synchronization;Not reported;intrinsic mode functions, battery capacity, raw capacity sequence, selected features;case-study type dropped: Maintainable item | default online/offline dropped: Unknown synchronization | input-for-model dropped: Not reported;Remaining useful life estimation;;battery;;;intrinsic mode functions, battery capacity, raw capacity sequence, selected features;5;15
487;extraction_papers\ontocast_runs\run_500_20260710_185042\output\facts_c9e70ae07243.ttl;1;Health assessment;Maintainable item;induction motor simultaneous faults;Unknown synchronization;Not reported;estimated speed, estimated torque, stator currents, voltages;case-study type dropped: Maintainable item | default online/offline dropped: Unknown synchronization | input-for-model dropped: Not reported;Health assessment;;induction motor simultaneous faults;;;estimated speed, estimated torque, stator currents, voltages;5;15
488;extraction_papers\ontocast_runs\run_500_20260710_185042\output\facts_c9f0c65295d5.ttl;2;Fault detection;Maintainable item;available Iraqi gas resources;Unknown synchronization;Not reported;air density, combustion dynamics, degree of contamination, dust, external forcing functions, gas quality, mass matrix, rotational speed;case-study type dropped: Maintainable item | default online/offline dropped: Unknown synchronization | input-for-model dropped: Not reported;Fault detection;;available Iraqi gas resources;;;air density, combustion dynamics, degree of contamination, dust, external forcing functions, gas quality, mass matrix, rotational speed;5;15
489;extraction_papers\ontocast_runs\run_500_20260710_185042\output\facts_ca0301374e51.ttl;1;One step future state forecast;Maintainable item;FactsPvPanel;Unknown synchronization;Not reported;FactsInputElectricalWeatherData;case-study type dropped: Maintainable item | case study dropped: FactsPvPanel | default online/offline dropped: Unknown synchronization | input-for-model dropped: Not reported | input type dropped: FactsInputElectricalWeatherData;One step future state forecast;;;;;;5;15
490;extraction_papers\ontocast_runs\run_500_20260710_185042\output\facts_cd65a5e76a5a.ttl;1;One step future state forecast;Maintainable item;equipment;Unknown synchronization;Not reported;Not reported;case-study type dropped: Maintainable item | default online/offline dropped: Unknown synchronization | input-for-model dropped: Not reported | input type dropped: Not reported;One step future state forecast;;equipment;;;;5;15
491;extraction_papers\ontocast_runs\run_500_20260710_185042\output\facts_cd699842b395.ttl;1;Fault detection;Maintainable item;deep groove ball bearing;Unknown synchronization;Not reported;AE features, Factsw1;case-study type dropped: Maintainable item | default online/offline dropped: Unknown synchronization | input-for-model dropped: Not reported;Fault detection;;deep groove ball bearing;;;AE features, Factsw1;5;15
492;extraction_papers\ontocast_runs\run_500_20260710_185042\output\facts_cdc37f9078a2.ttl;2;Health assessment;Maintainable item;Scania Trucks Air Pressure System dataset;Unknown synchronization;Not reported;CNN;case-study type dropped: Maintainable item | default online/offline dropped: Unknown synchronization | input-for-model dropped: Not reported;Health assessment;;Scania Trucks Air Pressure System dataset;;;CNN;5;15
493;extraction_papers\ontocast_runs\run_500_20260710_185042\output\facts_cde5a3fb156d.ttl;2;Health assessment;Maintainable item;apparatus;Unknown synchronization;Not reported;operational parameters;case-study type dropped: Maintainable item | default online/offline dropped: Unknown synchronization | input-for-model dropped: Not reported;Health assessment;;apparatus;;;operational parameters;5;15
494;extraction_papers\ontocast_runs\run_500_20260710_185042\output\facts_ce3b3e6b23cd.ttl;1;Fault feature extraction;Maintainable item;deep learning;Unknown synchronization;Not reported;amplitude;case-study type dropped: Maintainable item | default online/offline dropped: Unknown synchronization | input-for-model dropped: Not reported;Fault feature extraction;;deep learning;;;amplitude;5;15
495;extraction_papers\ontocast_runs\run_500_20260710_185042\output\facts_ce8987bda78c.ttl;1;Fault detection;Maintainable item;vehicle;Unknown synchronization;Not reported;diagnosis, temperature, vibration, environmental lighting, visitor movement, noise, frequency peaks, energy bands, trend gradients, autocorrelation, LSTM, random forests, autoencoders, computational complexity, large training sets, temporary disruption, performance deterioration, cloud, Machine Learning, SVM;case-study type dropped: Maintainable item | default online/offline dropped: Unknown synchronization | input-for-model dropped: Not reported;Fault detection;;vehicle;;;diagnosis, temperature, vibration, environmental lighting, visitor movement, noise, frequency peaks, energy bands, trend gradients, autocorrelation, LSTM, random forests, autoencoders, computational complexity, large training sets, temporary disruption, performance deterioration, cloud, Machine Learning, SVM;5;15
496;extraction_papers\ontocast_runs\run_500_20260710_185042\output\facts_cedb51cf5ade.ttl;1;Fault detection;Maintainable item;FactsdaihatsuEngine1;Unknown synchronization;Not reported;Not reported;case-study type dropped: Maintainable item | case study dropped: FactsdaihatsuEngine1 | default online/offline dropped: Unknown synchronization | input-for-model dropped: Not reported | input type dropped: Not reported;Fault detection;;;;;;5;15
497;extraction_papers\ontocast_runs\run_500_20260710_185042\output\facts_cf590247685f.ttl;1;Remaining useful life estimation;Maintainable item;CMPASS turbofan engine degradation dataset;Unknown synchronization;Not reported;health indicator, FactslinearDrift1;case-study type dropped: Maintainable item | default online/offline dropped: Unknown synchronization | input-for-model dropped: Not reported;Remaining useful life estimation;;CMPASS turbofan engine degradation dataset;;;health indicator, FactslinearDrift1;5;15
498;extraction_papers\ontocast_runs\run_500_20260710_185042\output\facts_cf6e72680499.ttl;1;Fault detection;Maintainable item;mild imbalance;Unknown synchronization;Not reported;beating phenomena, Bonferroni correction, critical frequency band, Doppler shifts, envelope analysis, epsilon squared effect size, Fast Fourier Transform processing, FDR correction, Factsfeature65, fundamental rotation frequency, Gaussianity, Hann window, harmonics, higher-order harmonics, I channel, imbalanced mass magnitude, maximum power, maximum value, mean absolute value, Load torque range, nonlinear mechanical interactions, normality, rotation frequencies below 30 Hz (1800 RPM), overlap, peak magnitudes, periodic radial displacement, Power spectral density, Python 3.10, Q25, range, kurtosis, rotor dynamics, spectral energy, statistical moments, subharmonic components, variance, vibrational motion;case-study type dropped: Maintainable item | default online/offline dropped: Unknown synchronization | input-for-model dropped: Not reported;Fault detection;;mild imbalance;;;beating phenomena, Bonferroni correction, critical frequency band, Doppler shifts, envelope analysis, epsilon squared effect size, Fast Fourier Transform processing, FDR correction, Factsfeature65, fundamental rotation frequency, Gaussianity, Hann window, harmonics, higher-order harmonics, I channel, imbalanced mass magnitude, maximum power, maximum value, mean absolute value, Load torque range, nonlinear mechanical interactions, normality, rotation frequencies below 30 Hz (1800 RPM), overlap, peak magnitudes, periodic radial displacement, Power spectral density, Python 3.10, Q25, range, kurtosis, rotor dynamics, spectral energy, statistical moments, subharmonic components, variance, vibrational motion;5;15
499;extraction_papers\ontocast_runs\run_500_20260710_185042\output\facts_cff6cc30ff52.ttl;1;Fault detection;Maintainable item;catenary;Unknown synchronization;Not reported;input images, video frame rates, brightness adjustment, normalization;case-study type dropped: Maintainable item | default online/offline dropped: Unknown synchronization | input-for-model dropped: Not reported;Fault detection;;catenary;;;input images, video frame rates, brightness adjustment, normalization;5;15
500;extraction_papers\ontocast_runs\run_500_20260710_185042\output\facts_d007baaf4931.ttl;2;Fault detection;Maintainable item;aircraft engine;Unknown synchronization;Not reported;frequency-domain vibration data, performance degradation parameters, whole life cycle data;case-study type dropped: Maintainable item | default online/offline dropped: Unknown synchronization | input-for-model dropped: Not reported;Fault detection;;aircraft engine;;;frequency-domain vibration data, performance degradation parameters, whole life cycle data;5;15
501;extraction_papers\ontocast_runs\run_500_20260710_185042\output\facts_d0fbf5e6b909.ttl;1;Fault detection;Maintainable item;220 kV circuit breaker body;Unknown synchronization;Not reported;closing pressure;case-study type dropped: Maintainable item | default online/offline dropped: Unknown synchronization | input-for-model dropped: Not reported;Fault detection;;220 kV circuit breaker body;;;closing pressure;5;15
502;extraction_papers\ontocast_runs\run_500_20260710_185042\output\facts_d17d87c3a3eb.ttl;1;Fault detection;Maintainable item;roller guide system;Unknown synchronization;Not reported;FactsClampingForce, FactsSensorSignal, FactsStructuralVibration;case-study type dropped: Maintainable item | default online/offline dropped: Unknown synchronization | input-for-model dropped: Not reported;Fault detection;;roller guide system;;;FactsClampingForce, FactsSensorSignal, FactsStructuralVibration;5;15
503;extraction_papers\ontocast_runs\run_500_20260710_185042\output\facts_d1cdcadecd98.ttl;1;Remaining useful life estimation;Maintainable item;Factsaero_engines1;Unknown synchronization;Not reported;multivariate time series data;case-study type dropped: Maintainable item | case study dropped: Factsaero_engines1 | default online/offline dropped: Unknown synchronization | input-for-model dropped: Not reported;Remaining useful life estimation;;;;;multivariate time series data;5;15
504;extraction_papers\ontocast_runs\run_500_20260710_185042\output\facts_d223bbaa9246.ttl;1;One step future state forecast;Maintainable item;marine diesel engine;Unknown synchronization;Not reported;FactsTemperatureAcrossCylinders, FactsVibrationAlongAxes;case-study type dropped: Maintainable item | default online/offline dropped: Unknown synchronization | input-for-model dropped: Not reported;One step future state forecast;;marine diesel engine;;;FactsTemperatureAcrossCylinders, FactsVibrationAlongAxes;5;15
505;extraction_papers\ontocast_runs\run_500_20260710_185042\output\facts_d2bdc8b855bd.ttl;1;Fault detection;Maintainable item;transformer;Unknown synchronization;Not reported;dissolved gas analysis, Rogers' ratio;case-study type dropped: Maintainable item | default online/offline dropped: Unknown synchronization | input-for-model dropped: Not reported;Fault detection;;transformer;;;dissolved gas analysis, Rogers' ratio;5;15
506;extraction_papers\ontocast_runs\run_500_20260710_185042\output\facts_d329fce35511.ttl;4;Fault detection;Maintainable item;multi-component system;Unknown synchronization;Not reported;Not reported;case-study type dropped: Maintainable item | default online/offline dropped: Unknown synchronization | input-for-model dropped: Not reported | input type dropped: Not reported;Fault detection;;multi-component system;;;;5;15
507;extraction_papers\ontocast_runs\run_500_20260710_185042\output\facts_d35b7b7541e8.ttl;1;Remaining useful life estimation;Maintainable item;FactscomplexSystem;Unknown synchronization;Not reported;FactsinputData, engine status monitoring;case-study type dropped: Maintainable item | case study dropped: FactscomplexSystem | default online/offline dropped: Unknown synchronization | input-for-model dropped: Not reported;Remaining useful life estimation;;;;;FactsinputData, engine status monitoring;5;15
508;extraction_papers\ontocast_runs\run_500_20260710_185042\output\facts_d418cd39b9d0.ttl;1;Health assessment;Maintainable item;transport fleet;Unknown synchronization;Not reported;Factsearly_spring_transition_period1, Factsextreme_temperatures1, quarter, month, seasonal dummy variables;case-study type dropped: Maintainable item | default online/offline dropped: Unknown synchronization | input-for-model dropped: Not reported;Health assessment;;transport fleet;;;Factsearly_spring_transition_period1, Factsextreme_temperatures1, quarter, month, seasonal dummy variables;5;15
509;extraction_papers\ontocast_runs\run_500_20260710_185042\output\facts_d47e94f453f3.ttl;3;One step future state forecast;Maintainable item;methane compressor;Unknown synchronization;Not reported;accelerations, elastic waves, strains;case-study type dropped: Maintainable item | default online/offline dropped: Unknown synchronization | input-for-model dropped: Not reported;One step future state forecast;;methane compressor;;;accelerations, elastic waves, strains;5;15
510;extraction_papers\ontocast_runs\run_500_20260710_185042\output\facts_d493073360b8.ttl;2;Fault detection;Maintainable item;internal surface of the cylinder;Unknown synchronization;Not reported;voltage signals;case-study type dropped: Maintainable item | default online/offline dropped: Unknown synchronization | input-for-model dropped: Not reported;Fault detection;;internal surface of the cylinder;;;voltage signals;5;15
511;extraction_papers\ontocast_runs\run_500_20260710_185042\output\facts_d4b1cbe7a461.ttl;1;Fault detection;Maintainable item;equipment dedicated to agri-food processing;Unknown synchronization;Not reported;vibration indicators;case-study type dropped: Maintainable item | default online/offline dropped: Unknown synchronization | input-for-model dropped: Not reported;Fault detection;;equipment dedicated to agri-food processing;;;vibration indicators;5;15
512;extraction_papers\ontocast_runs\run_500_20260710_185042\output\facts_d523cf136b65.ttl;1;Health assessment;Maintainable item;LIB systems;Unknown synchronization;Not reported;Not reported;case-study type dropped: Maintainable item | default online/offline dropped: Unknown synchronization | input-for-model dropped: Not reported | input type dropped: Not reported;Health assessment;;LIB systems;;;;5;15
513;extraction_papers\ontocast_runs\run_500_20260710_185042\output\facts_d5aab2dd8b3c.ttl;2;Remaining useful life estimation;Maintainable item;compressor unit;Unknown synchronization;Not reported;acceleration, Factsvariable2_7;case-study type dropped: Maintainable item | default online/offline dropped: Unknown synchronization | input-for-model dropped: Not reported;Remaining useful life estimation;;compressor unit;;;acceleration, Factsvariable2_7;5;15
514;extraction_papers\ontocast_runs\run_500_20260710_185042\output\facts_d65633e07130.ttl;1;Remaining useful life estimation;Maintainable item;LIB;Unknown synchronization;Not reported;highly correlated health indicator (enhanced incremental capacity curves);case-study type dropped: Maintainable item | default online/offline dropped: Unknown synchronization | input-for-model dropped: Not reported;Remaining useful life estimation;;LIB;;;highly correlated health indicator (enhanced incremental capacity curves);5;15
515;extraction_papers\ontocast_runs\run_500_20260710_185042\output\facts_d6a09466de9a.ttl;2;Fault detection;Maintainable item;Component X;Unknown synchronization;Not reported;correlation-based feature reduction, data augmentation, imputation, normalization, padding, path-signature feature transformation, sliding-window features, visibility-graph transformation, weighted sampling, last_k_summary;case-study type dropped: Maintainable item | default online/offline dropped: Unknown synchronization | input-for-model dropped: Not reported;Fault detection;;Component X;;;correlation-based feature reduction, data augmentation, imputation, normalization, padding, path-signature feature transformation, sliding-window features, visibility-graph transformation, weighted sampling, last_k_summary;5;15
516;extraction_papers\ontocast_runs\run_500_20260710_185042\output\facts_d715d990032f.ttl;2;Fault detection;Maintainable item;Factsbearing1_11;Unknown synchronization;Not reported;critical physical features, physical feature priors, Factssignal1_11;case-study type dropped: Maintainable item | case study dropped: Factsbearing1_11 | default online/offline dropped: Unknown synchronization | input-for-model dropped: Not reported;Fault detection;;;;;critical physical features, physical feature priors, Factssignal1_11;5;15
517;extraction_papers\ontocast_runs\run_500_20260710_185042\output\facts_d89aaaea83f7.ttl;1;Fault detection;Maintainable item;hard drive;Unknown synchronization;SMART data collection;hard disk location information, Device IP, VALUE;case-study type dropped: Maintainable item | default online/offline dropped: Unknown synchronization | input-for-model dropped: SMART data collection;Fault detection;;hard drive;;;hard disk location information, Device IP, VALUE;5;15
518;extraction_papers\ontocast_runs\run_500_20260710_185042\output\facts_d97b8789711a.ttl;1;Fault detection;Maintainable item;forces;Unknown synchronization;Not reported;Factssignal3_1;case-study type dropped: Maintainable item | default online/offline dropped: Unknown synchronization | input-for-model dropped: Not reported | input type dropped: Factssignal3_1;Fault detection;;forces;;;;5;15
519;extraction_papers\ontocast_runs\run_500_20260710_185042\output\facts_da6f95eecb0b.ttl;2;Fault identification;Maintainable item;Not reported;Unknown synchronization;Not reported;Not reported;case-study type dropped: Maintainable item | case study dropped: Not reported | default online/offline dropped: Unknown synchronization | input-for-model dropped: Not reported | input type dropped: Not reported;Fault identification;;;;;;5;15
520;extraction_papers\ontocast_runs\run_500_20260710_185042\output\facts_dac4dd71236c.ttl;1;Fault detection;Maintainable item;hole in the bearing;Unknown synchronization;Not reported;labeled data;case-study type dropped: Maintainable item | default online/offline dropped: Unknown synchronization | input-for-model dropped: Not reported;Fault detection;;hole in the bearing;;;labeled data;5;15
521;extraction_papers\ontocast_runs\run_500_20260710_185042\output\facts_db4017381234.ttl;2;Fault detection;Maintainable item;gear;Unknown synchronization;Not reported;FactsHandcraftedFeatures;case-study type dropped: Maintainable item | default online/offline dropped: Unknown synchronization | input-for-model dropped: Not reported | input type dropped: FactsHandcraftedFeatures;Fault detection;;gear;;;;5;15
522;extraction_papers\ontocast_runs\run_500_20260710_185042\output\facts_db4c36817c48.ttl;1;Remaining useful life estimation;Maintainable item;drivetrain systems;Unknown synchronization;Not reported;Factsoc1;case-study type dropped: Maintainable item | default online/offline dropped: Unknown synchronization | input-for-model dropped: Not reported | input type dropped: Factsoc1;Remaining useful life estimation;;drivetrain systems;;;;5;15
523;extraction_papers\ontocast_runs\run_500_20260710_185042\output\facts_dbd86d76e868.ttl;1;Fault detection;Maintainable item;cable core;Unknown synchronization;Not reported;Not reported;case-study type dropped: Maintainable item | default online/offline dropped: Unknown synchronization | input-for-model dropped: Not reported | input type dropped: Not reported;Fault detection;;cable core;;;;5;15
524;extraction_papers\ontocast_runs\run_500_20260710_185042\output\facts_dbf84cdbb960.ttl;1;Fault detection;Maintainable item;transformer;Unknown synchronization;Not reported;Factssample_size_46, CO2;case-study type dropped: Maintainable item | default online/offline dropped: Unknown synchronization | input-for-model dropped: Not reported;Fault detection;;transformer;;;Factssample_size_46, CO2;5;15
525;extraction_papers\ontocast_runs\run_500_20260710_185042\output\facts_dca2f34b6176.ttl;1;One step future state forecast;Maintainable item;Not reported;Unknown synchronization;Not reported;Not reported;case-study type dropped: Maintainable item | case study dropped: Not reported | default online/offline dropped: Unknown synchronization | input-for-model dropped: Not reported | input type dropped: Not reported;One step future state forecast;;;;;;5;15
526;extraction_papers\ontocast_runs\run_500_20260710_185042\output\facts_dd27fb45ad12.ttl;1;Remaining useful life estimation;Maintainable item;rotating machinery;Unknown synchronization;Not reported;measurement matrix, raw data, reconstructed signals, sparse representation, bearing signal;case-study type dropped: Maintainable item | default online/offline dropped: Unknown synchronization | input-for-model dropped: Not reported;Remaining useful life estimation;;rotating machinery;;;measurement matrix, raw data, reconstructed signals, sparse representation, bearing signal;5;15
527;extraction_papers\ontocast_runs\run_500_20260710_185042\output\facts_dd3e1f396fa8.ttl;2;Fault detection;Maintainable item;FactsPowerElectronicSystem;Unknown synchronization;Not reported;Amplitude statistics, Distribution entropy, Output voltage, Spectral energy;case-study type dropped: Maintainable item | case study dropped: FactsPowerElectronicSystem | default online/offline dropped: Unknown synchronization | input-for-model dropped: Not reported;Fault detection;;;;;Amplitude statistics, Distribution entropy, Output voltage, Spectral energy;5;15
528;extraction_papers\ontocast_runs\run_500_20260710_185042\output\facts_dd98d08b8f00.ttl;1;Health assessment;Maintainable item;bearing;Unknown synchronization;Not reported;chaotic features, handcrafted descriptors, nonlinear features, statistical indicators, time-frequency measures, Factsvalue3_6;case-study type dropped: Maintainable item | default online/offline dropped: Unknown synchronization | input-for-model dropped: Not reported;Health assessment;;bearing;;;chaotic features, handcrafted descriptors, nonlinear features, statistical indicators, time-frequency measures, Factsvalue3_6;5;15
529;extraction_papers\ontocast_runs\run_500_20260710_185042\output\facts_e1be51b0c534.ttl;1;Fault detection;Maintainable item;rotating machinery;Unknown synchronization;Not reported;Factsfeat6;case-study type dropped: Maintainable item | default online/offline dropped: Unknown synchronization | input-for-model dropped: Not reported | input type dropped: Factsfeat6;Fault detection;;rotating machinery;;;;5;15
530;extraction_papers\ontocast_runs\run_500_20260710_185042\output\facts_e1f936cbb7c2.ttl;1;One step future state forecast;Maintainable item;FactsIndustrialEquipment;Unknown synchronization;Not reported;Factspressure_1;case-study type dropped: Maintainable item | case study dropped: FactsIndustrialEquipment | default online/offline dropped: Unknown synchronization | input-for-model dropped: Not reported | input type dropped: Factspressure_1;One step future state forecast;;;;;;5;15
531;extraction_papers\ontocast_runs\run_500_20260710_185042\output\facts_e2b1d882f32b.ttl;1;Fault detection;Maintainable item;air conditioning system;Unknown synchronization;Not reported;pressure measurement data;case-study type dropped: Maintainable item | default online/offline dropped: Unknown synchronization | input-for-model dropped: Not reported;Fault detection;;air conditioning system;;;pressure measurement data;5;15
532;extraction_papers\ontocast_runs\run_500_20260710_185042\output\facts_e2bdf9e84552.ttl;1;Remaining useful life estimation;Maintainable item;batteries;Unknown synchronization;Not reported;degradation process, environment, fault time, real-time twin data, sensor values;case-study type dropped: Maintainable item | default online/offline dropped: Unknown synchronization | input-for-model dropped: Not reported;Remaining useful life estimation;;batteries;;;degradation process, environment, fault time, real-time twin data, sensor values;5;15
533;extraction_papers\ontocast_runs\run_500_20260710_185042\output\facts_e2f2354dbf9d.ttl;1;Health assessment;Maintainable item;heat exchangers;Unknown synchronization;Not reported;Not reported;case-study type dropped: Maintainable item | default online/offline dropped: Unknown synchronization | input-for-model dropped: Not reported | input type dropped: Not reported;Health assessment;;heat exchangers;;;;5;15
534;extraction_papers\ontocast_runs\run_500_20260710_185042\output\facts_e39978613cc4.ttl;1;Health assessment;Maintainable item;industrial assets;Unknown synchronization;Not reported;Not reported;case-study type dropped: Maintainable item | default online/offline dropped: Unknown synchronization | input-for-model dropped: Not reported | input type dropped: Not reported;Health assessment;;industrial assets;;;;5;15
535;extraction_papers\ontocast_runs\run_500_20260710_185042\output\facts_e415c45cce5a.ttl;1;Fault detection;Maintainable item;shaft;Unknown synchronization;Not reported;Not reported;case-study type dropped: Maintainable item | default online/offline dropped: Unknown synchronization | input-for-model dropped: Not reported | input type dropped: Not reported;Fault detection;;shaft;;;;5;15
536;extraction_papers\ontocast_runs\run_500_20260710_185042\output\facts_e454f7446f6b.ttl;1;Remaining useful life estimation;Maintainable item;MPID;Unknown synchronization;Not reported;drone-based data acquisition;case-study type dropped: Maintainable item | default online/offline dropped: Unknown synchronization | input-for-model dropped: Not reported;Remaining useful life estimation;;MPID;;;drone-based data acquisition;5;15
537;extraction_papers\ontocast_runs\run_500_20260710_185042\output\facts_e4559ba11228.ttl;1;Fault detection;Maintainable item;robotic arms;Unknown synchronization;Not reported;accelerometers, robot joints, sensor data, fault data, Factsfeatures1, gyroscopes, motor current sensors;case-study type dropped: Maintainable item | default online/offline dropped: Unknown synchronization | input-for-model dropped: Not reported;Fault detection;;robotic arms;;;accelerometers, robot joints, sensor data, fault data, Factsfeatures1, gyroscopes, motor current sensors;5;15
538;extraction_papers\ontocast_runs\run_500_20260710_185042\output\facts_e4726e040ad7.ttl;1;Health assessment;Maintainable item;blades;Unknown synchronization;Not reported;SCADA, vibration, power output, wind speed, temperature, rotor speed, Factsvar5_13;case-study type dropped: Maintainable item | default online/offline dropped: Unknown synchronization | input-for-model dropped: Not reported;Health assessment;;blades;;;SCADA, vibration, power output, wind speed, temperature, rotor speed, Factsvar5_13;5;15
539;extraction_papers\ontocast_runs\run_500_20260710_185042\output\facts_e51292722a24.ttl;1;Fault detection;Maintainable item;electrolyser;Unknown synchronization;Not reported;Factsvariable2_1;case-study type dropped: Maintainable item | default online/offline dropped: Unknown synchronization | input-for-model dropped: Not reported | input type dropped: Factsvariable2_1;Fault detection;;electrolyser;;;;5;15
540;extraction_papers\ontocast_runs\run_500_20260710_185042\output\facts_e55acaf01cc5.ttl;1;Fault detection;Maintainable item;wind turbine;Unknown synchronization;Not reported;Not reported;case-study type dropped: Maintainable item | default online/offline dropped: Unknown synchronization | input-for-model dropped: Not reported | input type dropped: Not reported;Fault detection;;wind turbine;;;;5;15
541;extraction_papers\ontocast_runs\run_500_20260710_185042\output\facts_e5a95337168b.ttl;1;Remaining useful life estimation;Maintainable item;system;Unknown synchronization;Not reported;devices;case-study type dropped: Maintainable item | default online/offline dropped: Unknown synchronization | input-for-model dropped: Not reported;Remaining useful life estimation;;system;;;devices;5;15
542;extraction_papers\ontocast_runs\run_500_20260710_185042\output\facts_e5c1aa5c505b.ttl;1;Health assessment;Maintainable item;rolling bearing;Unknown synchronization;Not reported;Factsvariable2_9;case-study type dropped: Maintainable item | default online/offline dropped: Unknown synchronization | input-for-model dropped: Not reported | input type dropped: Factsvariable2_9;Health assessment;;rolling bearing;;;;5;15
543;extraction_papers\ontocast_runs\run_500_20260710_185042\output\facts_e81a11cc92aa.ttl;1;Health assessment;Maintainable item;manage RUL;Unknown synchronization;Not reported;median;case-study type dropped: Maintainable item | default online/offline dropped: Unknown synchronization | input-for-model dropped: Not reported;Health assessment;;manage RUL;;;median;5;15
544;extraction_papers\ontocast_runs\run_500_20260710_185042\output\facts_e833bddd39db.ttl;1;Health assessment;Maintainable item;underwater module;Unknown synchronization;Not reported;FactssensorPressure, Factsvar5_1;case-study type dropped: Maintainable item | default online/offline dropped: Unknown synchronization | input-for-model dropped: Not reported;Health assessment;;underwater module;;;FactssensorPressure, Factsvar5_1;5;15
545;extraction_papers\ontocast_runs\run_500_20260710_185042\output\facts_e84380ee1506.ttl;1;Fault feature extraction;Maintainable item;GVA;Unknown synchronization;Not reported;Not reported;case-study type dropped: Maintainable item | default online/offline dropped: Unknown synchronization | input-for-model dropped: Not reported | input type dropped: Not reported;Fault feature extraction;;GVA;;;;5;15
546;extraction_papers\ontocast_runs\run_500_20260710_185042\output\facts_e875e4d7dd8e.ttl;1;Remaining useful life estimation;Maintainable item;CMAPSS;Unknown synchronization;Not reported;data;case-study type dropped: Maintainable item | default online/offline dropped: Unknown synchronization | input-for-model dropped: Not reported;Remaining useful life estimation;;CMAPSS;;;data;5;15
547;extraction_papers\ontocast_runs\run_500_20260710_185042\output\facts_e8d1b9b021c6.ttl;2;Fault detection;Maintainable item;FactsRollingElementBearings;Unknown synchronization;Not reported;Ball Pass Frequency of the Outer race (BPFO);case-study type dropped: Maintainable item | case study dropped: FactsRollingElementBearings | default online/offline dropped: Unknown synchronization | input-for-model dropped: Not reported;Fault detection;;;;;Ball Pass Frequency of the Outer race (BPFO);5;15
548;extraction_papers\ontocast_runs\run_500_20260710_185042\output\facts_e9d6cd4230be.ttl;1;Health assessment;Maintainable item;multi-chip power modules;Unknown synchronization;Not reported;InformationContentEntity;case-study type dropped: Maintainable item | default online/offline dropped: Unknown synchronization | input-for-model dropped: Not reported;Health assessment;;multi-chip power modules;;;InformationContentEntity;5;15
549;extraction_papers\ontocast_runs\run_500_20260710_185042\output\facts_ead5835a4af6.ttl;1;Health assessment;Maintainable item;aging devices;Unknown synchronization;Not reported;gate resistance, high di/dt, Rg, signal conditioning features;case-study type dropped: Maintainable item | default online/offline dropped: Unknown synchronization | input-for-model dropped: Not reported;Health assessment;;aging devices;;;gate resistance, high di/dt, Rg, signal conditioning features;5;15
550;extraction_papers\ontocast_runs\run_500_20260710_185042\output\facts_eae1b40b21d7.ttl;1;Fault feature extraction;Maintainable item;Factsdrivetrain_1;Unknown synchronization;Not reported;acoustic, condition monitoring, data analytics, load, long-interval data, lubricant condition, temperature, torque, vibration;case-study type dropped: Maintainable item | case study dropped: Factsdrivetrain_1 | default online/offline dropped: Unknown synchronization | input-for-model dropped: Not reported;Fault feature extraction;;;;;acoustic, condition monitoring, data analytics, load, long-interval data, lubricant condition, temperature, torque, vibration;5;15
551;extraction_papers\ontocast_runs\run_500_20260710_185042\output\facts_eb27293fafa8.ttl;1;Fault detection;Maintainable item;Industry 4.0;Unknown synchronization;Not reported;Factsdata1;case-study type dropped: Maintainable item | default online/offline dropped: Unknown synchronization | input-for-model dropped: Not reported | input type dropped: Factsdata1;Fault detection;;Industry 4.0;;;;5;15
552;extraction_papers\ontocast_runs\run_500_20260710_185042\output\facts_ebd7bf94937b.ttl;2;Remaining useful life estimation;Maintainable item;rolling bearing;Unknown synchronization;Not reported;Factsfact12_41, time-domain features, vibration signals, statistical traits;case-study type dropped: Maintainable item | default online/offline dropped: Unknown synchronization | input-for-model dropped: Not reported;Remaining useful life estimation;;rolling bearing;;;Factsfact12_41, time-domain features, vibration signals, statistical traits;5;15
553;extraction_papers\ontocast_runs\run_500_20260710_185042\output\facts_ec1fe9ef17bb.ttl;1;Fault detection;Maintainable item;rolling bearings;Unknown synchronization;Not reported;intrinsic mode functions, vibration signals, weak fault signatures;case-study type dropped: Maintainable item | default online/offline dropped: Unknown synchronization | input-for-model dropped: Not reported;Fault detection;;rolling bearings;;;intrinsic mode functions, vibration signals, weak fault signatures;5;15
554;extraction_papers\ontocast_runs\run_500_20260710_185042\output\facts_ec9d7ee0695a.ttl;1;Multiple steps future state forecast;Maintainable item;haul truck;Unknown synchronization;Not reported;Factsfact4;case-study type dropped: Maintainable item | default online/offline dropped: Unknown synchronization | input-for-model dropped: Not reported | input type dropped: Factsfact4;Multiple steps future state forecast;;haul truck;;;;5;15
555;extraction_papers\ontocast_runs\run_500_20260710_185042\output\facts_eca56b4f9e43.ttl;2;Remaining useful life estimation;Maintainable item;battery dataset (E-Bus case study);Unknown synchronization;Not reported;Input data matrix X (sensor measurements), State of Charge (SoC), State of Health (SoH), dQ/dV rate, Discharging current I(t), Average temperature Tavg, Battery voltage V(t);case-study type dropped: Maintainable item | default online/offline dropped: Unknown synchronization | input-for-model dropped: Not reported;Remaining useful life estimation;;battery dataset (E-Bus case study);;;Input data matrix X (sensor measurements), State of Charge (SoC), State of Health (SoH), dQ/dV rate, Discharging current I(t), Average temperature Tavg, Battery voltage V(t);5;15
556;extraction_papers\ontocast_runs\run_500_20260710_185042\output\facts_eccf53607080.ttl;1;Remaining useful life estimation;Maintainable item;distributed energy storage;Unknown synchronization;Not reported;Not reported;case-study type dropped: Maintainable item | default online/offline dropped: Unknown synchronization | input-for-model dropped: Not reported | input type dropped: Not reported;Remaining useful life estimation;;distributed energy storage;;;;5;15
557;extraction_papers\ontocast_runs\run_500_20260710_185042\output\facts_ed0054f88224.ttl;1;Fault identification;Maintainable item;deep learning;Unknown synchronization;Not reported;deep learning, accelerometer data, vibration measurements, coherence, uncertainty, root-mean-square error, RÂ²;case-study type dropped: Maintainable item | default online/offline dropped: Unknown synchronization | input-for-model dropped: Not reported;Fault identification;;deep learning;;;deep learning, accelerometer data, vibration measurements, coherence, uncertainty, root-mean-square error, RÂ²;5;15
558;extraction_papers\ontocast_runs\run_500_20260710_185042\output\facts_ed31a7b35952.ttl;1;Fault detection;Maintainable item;Factsitem1_14;Unknown synchronization;Not reported;Factsaccuracy_2;case-study type dropped: Maintainable item | case study dropped: Factsitem1_14 | default online/offline dropped: Unknown synchronization | input-for-model dropped: Not reported | input type dropped: Factsaccuracy_2;Fault detection;;;;;;5;15
559;extraction_papers\ontocast_runs\run_500_20260710_185042\output\facts_edfb051dca2e.ttl;1;Fault feature extraction;Maintainable item;distribution network;Unknown synchronization;Not reported;weather factors, monitoring data, protection relays, disturbance recorders, current;case-study type dropped: Maintainable item | default online/offline dropped: Unknown synchronization | input-for-model dropped: Not reported;Fault feature extraction;;distribution network;;;weather factors, monitoring data, protection relays, disturbance recorders, current;5;15
560;extraction_papers\ontocast_runs\run_500_20260710_185042\output\facts_ee072a2a59e7.ttl;1;Remaining useful life estimation;Maintainable item;Factscentrifuge;Unknown synchronization;Not reported;FactsindustrialSensors, FactsvibrationSignals;case-study type dropped: Maintainable item | case study dropped: Factscentrifuge | default online/offline dropped: Unknown synchronization | input-for-model dropped: Not reported;Remaining useful life estimation;;;;;FactsindustrialSensors, FactsvibrationSignals;5;15
561;extraction_papers\ontocast_runs\run_500_20260710_185042\output\facts_ee0a75e61d45.ttl;1;Remaining useful life estimation;Maintainable item;landing gear;Unknown synchronization;Not reported;characteristics of the aircraft operator, aircraft size, geographical location, ground manoeuvres, ground turns;case-study type dropped: Maintainable item | default online/offline dropped: Unknown synchronization | input-for-model dropped: Not reported;Remaining useful life estimation;;landing gear;;;characteristics of the aircraft operator, aircraft size, geographical location, ground manoeuvres, ground turns;5;15
562;extraction_papers\ontocast_runs\run_500_20260710_185042\output\facts_ee9a0a608f08.ttl;1;Fault detection;Maintainable item;bearing house;Unknown synchronization;Not reported;vibration amplitudes;case-study type dropped: Maintainable item | default online/offline dropped: Unknown synchronization | input-for-model dropped: Not reported;Fault detection;;bearing house;;;vibration amplitudes;5;15
563;extraction_papers\ontocast_runs\run_500_20260710_185042\output\facts_ee9a7ea15be2.ttl;1;Health assessment;Maintainable item;air coolers;Unknown synchronization;Not reported;Factsvariable2_6;case-study type dropped: Maintainable item | default online/offline dropped: Unknown synchronization | input-for-model dropped: Not reported | input type dropped: Factsvariable2_6;Health assessment;;air coolers;;;;5;15
564;extraction_papers\ontocast_runs\run_500_20260710_185042\output\facts_eeaa3f923a63.ttl;2;Fault detection;Maintainable item;hydraulic breakers;Unknown synchronization;Not reported;Not reported;case-study type dropped: Maintainable item | default online/offline dropped: Unknown synchronization | input-for-model dropped: Not reported | input type dropped: Not reported;Fault detection;;hydraulic breakers;;;;5;15
565;extraction_papers\ontocast_runs\run_500_20260710_185042\output\facts_eeef3f4263d6.ttl;3;Health assessment;Maintainable item;bearing;Unknown synchronization;Not reported;validation performance, RMS vibration, lubrication temperature, mill feed, lubrication pressures, temperature;case-study type dropped: Maintainable item | default online/offline dropped: Unknown synchronization | input-for-model dropped: Not reported;Health assessment;;bearing;;;validation performance, RMS vibration, lubrication temperature, mill feed, lubrication pressures, temperature;5;15
566;extraction_papers\ontocast_runs\run_500_20260710_185042\output\facts_ef0dba915afc.ttl;1;Fault detection;Maintainable item;valve body;Unknown synchronization;Not reported;Factsdata_variable1;case-study type dropped: Maintainable item | default online/offline dropped: Unknown synchronization | input-for-model dropped: Not reported | input type dropped: Factsdata_variable1;Fault detection;;valve body;;;;5;15
567;extraction_papers\ontocast_runs\run_500_20260710_185042\output\facts_efa87c7b41b2.ttl;1;Remaining useful life estimation;Maintainable item;FactsMaintainableItemExample;Unknown synchronization;Not reported;FactsRfFeatureSelection, FactsSensorData_1, Usage_Time_Hours, Vibration_mm_s;case-study type dropped: Maintainable item | case study dropped: FactsMaintainableItemExample | default online/offline dropped: Unknown synchronization | input-for-model dropped: Not reported;Remaining useful life estimation;;;;;FactsRfFeatureSelection, FactsSensorData_1, Usage_Time_Hours, Vibration_mm_s;5;15
568;extraction_papers\ontocast_runs\run_500_20260710_185042\output\facts_efbab9026697.ttl;1;Fault detection;Maintainable item;medium-voltage power cables;Unknown synchronization;Not reported;field noise level;case-study type dropped: Maintainable item | default online/offline dropped: Unknown synchronization | input-for-model dropped: Not reported;Fault detection;;medium-voltage power cables;;;field noise level;5;15
569;extraction_papers\ontocast_runs\run_500_20260710_185042\output\facts_f013b39c73eb.ttl;1;Fault detection;Maintainable item;cotton pickers;Unknown synchronization;Not reported;test data, vibration signals, feature distribution shifts, output-distribution consistency, speed fluctuations, load variations;case-study type dropped: Maintainable item | default online/offline dropped: Unknown synchronization | input-for-model dropped: Not reported;Fault detection;;cotton pickers;;;test data, vibration signals, feature distribution shifts, output-distribution consistency, speed fluctuations, load variations;5;15
570;extraction_papers\ontocast_runs\run_500_20260710_185042\output\facts_f0313ba46488.ttl;1;One step future state forecast;Maintainable item;Not reported;Unknown synchronization;Not reported;Not reported;case-study type dropped: Maintainable item | case study dropped: Not reported | default online/offline dropped: Unknown synchronization | input-for-model dropped: Not reported | input type dropped: Not reported;One step future state forecast;;;;;;5;15
571;extraction_papers\ontocast_runs\run_500_20260710_185042\output\facts_f08fa7ff2465.ttl;3;Fault feature extraction;Maintainable item;essential infrastructure assets;Unknown synchronization;Not reported;Not reported;case-study type dropped: Maintainable item | default online/offline dropped: Unknown synchronization | input-for-model dropped: Not reported | input type dropped: Not reported;Fault feature extraction;;essential infrastructure assets;;;;5;15
572;extraction_papers\ontocast_runs\run_500_20260710_185042\output\facts_f0bc196d90b1.ttl;2;Health modelling;Maintainable item;rod string;Unknown synchronization;Not reported;Factsvar1_5, working parameters;case-study type dropped: Maintainable item | default online/offline dropped: Unknown synchronization | input-for-model dropped: Not reported;Health modelling;;rod string;;;Factsvar1_5, working parameters;5;15
573;extraction_papers\ontocast_runs\run_500_20260710_185042\output\facts_f1087603d349.ttl;1;Fault detection;Maintainable item;solar panel;Unknown synchronization;Not reported;Factswidth1;case-study type dropped: Maintainable item | default online/offline dropped: Unknown synchronization | input-for-model dropped: Not reported | input type dropped: Factswidth1;Fault detection;;solar panel;;;;5;15
574;extraction_papers\ontocast_runs\run_500_20260710_185042\output\facts_f1ee42d74e0f.ttl;1;Remaining useful life estimation;Maintainable item;robot;Unknown synchronization;Not reported;predictive maintenance;case-study type dropped: Maintainable item | default online/offline dropped: Unknown synchronization | input-for-model dropped: Not reported;Remaining useful life estimation;;robot;;;predictive maintenance;5;15
575;extraction_papers\ontocast_runs\run_500_20260710_185042\output\facts_f29d09158cf0.ttl;1;Multiple steps future state forecast;Maintainable item;lithium-ion battery dataset released by NASA Ames;Unknown synchronization;Not reported;FactsVoltageSignal;case-study type dropped: Maintainable item | default online/offline dropped: Unknown synchronization | input-for-model dropped: Not reported | input type dropped: FactsVoltageSignal;Multiple steps future state forecast;;lithium-ion battery dataset released by NASA Ames;;;;5;15
576;extraction_papers\ontocast_runs\run_500_20260710_185042\output\facts_f2b7ac179570.ttl;1;Fault detection;Maintainable item;oil-immersed transformer;Unknown synchronization;Not reported;Factsdga1_1, DGA;case-study type dropped: Maintainable item | default online/offline dropped: Unknown synchronization | input-for-model dropped: Not reported;Fault detection;;oil-immersed transformer;;;Factsdga1_1, DGA;5;15
577;extraction_papers\ontocast_runs\run_500_20260710_185042\output\facts_f2f6fe6c1c7b.ttl;1;Fault feature extraction;Maintainable item;batteries;Unknown synchronization;Not reported;battery discharge capacity data, raw data, deep features, degradation features, feature engineering, historical state information, human intervention, hyperparameter adjustment, lifecycle monitoring data, local features, long-term dependencies, manual feature selection, mechanistic parameters, model training process, overfitting;case-study type dropped: Maintainable item | default online/offline dropped: Unknown synchronization | input-for-model dropped: Not reported;Fault feature extraction;;batteries;;;battery discharge capacity data, raw data, deep features, degradation features, feature engineering, historical state information, human intervention, hyperparameter adjustment, lifecycle monitoring data, local features, long-term dependencies, manual feature selection, mechanistic parameters, model training process, overfitting;5;15
578;extraction_papers\ontocast_runs\run_500_20260710_185042\output\facts_f313b1aa74f8.ttl;1;Fault detection;Maintainable item;HPPT bench;Unknown synchronization;Not reported;Not reported;case-study type dropped: Maintainable item | default online/offline dropped: Unknown synchronization | input-for-model dropped: Not reported | input type dropped: Not reported;Fault detection;;HPPT bench;;;;5;15
579;extraction_papers\ontocast_runs\run_500_20260710_185042\output\facts_f34d0afa1e71.ttl;4;Health assessment;Maintainable item;belt-drive system;Unknown synchronization;Not reported;Factsvar5_5;case-study type dropped: Maintainable item | default online/offline dropped: Unknown synchronization | input-for-model dropped: Not reported | input type dropped: Factsvar5_5;Health assessment;;belt-drive system;;;;5;15
580;extraction_papers\ontocast_runs\run_500_20260710_185042\output\facts_f3d29489b5d9.ttl;1;One step future state forecast;Maintainable item;tire;Unknown synchronization;Not reported;FactsRadialTreadDisplacement, FactsSensorMeasuredTargetContactPatchSize, FactsSensorMeasuredTargetFrictionCoefficient, FactsSensorMeasuredTargetRoadTexture, FactsSensorMeasuredTargetSlipAngle, FactsSensorMeasuredTargetTireLoad, FactsTireInflationPressureVariable, contact length, two-dimensional contact sector area, deformed tire profile, distance to tread surface, localized friction force, out-of-plane displacement, tire force, gap between rim and inner liner, strain, surface deformation (image-derived), tire temperature;case-study type dropped: Maintainable item | default online/offline dropped: Unknown synchronization | input-for-model dropped: Not reported;One step future state forecast;;tire;;;FactsRadialTreadDisplacement, FactsSensorMeasuredTargetContactPatchSize, FactsSensorMeasuredTargetFrictionCoefficient, FactsSensorMeasuredTargetRoadTexture, FactsSensorMeasuredTargetSlipAngle, FactsSensorMeasuredTargetTireLoad, FactsTireInflationPressureVariable, contact length, two-dimensional contact sector area, deformed tire profile, distance to tread surface, localized friction force, out-of-plane displacement, tire force, gap between rim and inner liner, strain, surface deformation (image-derived), tire temperature;5;15
581;extraction_papers\ontocast_runs\run_500_20260710_185042\output\facts_f52f31955818.ttl;1;Fault detection;Maintainable item;gearbox;Unknown synchronization;Not reported;HDCN, accelerometer data, buffer sizes, power spectral density, FactsmaximumTemperature, noise levels, multiple domain orders, vibration, time-frequency images, RUL prediction;case-study type dropped: Maintainable item | default online/offline dropped: Unknown synchronization | input-for-model dropped: Not reported;Fault detection;;gearbox;;;HDCN, accelerometer data, buffer sizes, power spectral density, FactsmaximumTemperature, noise levels, multiple domain orders, vibration, time-frequency images, RUL prediction;5;15
582;extraction_papers\ontocast_runs\run_500_20260710_185042\output\facts_f62b45f91653.ttl;1;Remaining useful life estimation;Maintainable item;bearings;Unknown synchronization;Not reported;number of modal components (K), EMD, penalty factor (Î±), FactsdenoisedEmpiricalModeFunctions, FactstemperatureMonitoring;case-study type dropped: Maintainable item | default online/offline dropped: Unknown synchronization | input-for-model dropped: Not reported;Remaining useful life estimation;;bearings;;;number of modal components (K), EMD, penalty factor (Î±), FactsdenoisedEmpiricalModeFunctions, FactstemperatureMonitoring;5;15
583;extraction_papers\ontocast_runs\run_500_20260710_185042\output\facts_f7eae092b413.ttl;1;Fault detection;Maintainable item;gearbox;Unknown synchronization;Not reported;vibration data;case-study type dropped: Maintainable item | default online/offline dropped: Unknown synchronization | input-for-model dropped: Not reported;Fault detection;;gearbox;;;vibration data;5;15
584;extraction_papers\ontocast_runs\run_500_20260710_185042\output\facts_f825989f2ec1.ttl;1;Remaining useful life estimation;Maintainable item;degradation process of photovoltaic systems;Unknown synchronization;Not reported;FactsdomainSpecificKnowledge;case-study type dropped: Maintainable item | default online/offline dropped: Unknown synchronization | input-for-model dropped: Not reported | input type dropped: FactsdomainSpecificKnowledge;Remaining useful life estimation;;degradation process of photovoltaic systems;;;;5;15
585;extraction_papers\ontocast_runs\run_500_20260710_185042\output\facts_f85dfc7490d0.ttl;1;Fault detection;Maintainable item;steady-state thermal model of a CPU die;Unknown synchronization;Not reported;Factscurrent_2;case-study type dropped: Maintainable item | default online/offline dropped: Unknown synchronization | input-for-model dropped: Not reported | input type dropped: Factscurrent_2;Fault detection;;steady-state thermal model of a CPU die;;;;5;15
586;extraction_papers\ontocast_runs\run_500_20260710_185042\output\facts_f8c14a9dd235.ttl;2;Remaining useful life estimation;Maintainable item;Factsfact6_11;Unknown synchronization;Not reported;AR Score 1224299;case-study type dropped: Maintainable item | case study dropped: Factsfact6_11 | default online/offline dropped: Unknown synchronization | input-for-model dropped: Not reported;Remaining useful life estimation;;;;;AR Score 1224299;5;15
587;extraction_papers\ontocast_runs\run_500_20260710_185042\output\facts_fa5793ba1e88.ttl;3;Fault detection;Maintainable item;FactsgearTrain;Unknown synchronization;Not reported;vibration signal;case-study type dropped: Maintainable item | case study dropped: FactsgearTrain | default online/offline dropped: Unknown synchronization | input-for-model dropped: Not reported;Fault detection;;;;;vibration signal;5;15
588;extraction_papers\ontocast_runs\run_500_20260710_185042\output\facts_fb83d9a66daa.ttl;1;Fault detection;Maintainable item;FactsBattery;Unknown synchronization;Not reported;FactsBatteryPackTemperature, FactsInternalResistance, FactsSoc;case-study type dropped: Maintainable item | case study dropped: FactsBattery | default online/offline dropped: Unknown synchronization | input-for-model dropped: Not reported;Fault detection;;;;;FactsBatteryPackTemperature, FactsInternalResistance, FactsSoc;5;15
589;extraction_papers\ontocast_runs\run_500_20260710_185042\output\facts_fbf5255fe1be.ttl;1;Health assessment;Maintainable item;lithium battery;Unknown synchronization;Not reported;capacity regeneration, capacity sequence, local nonlinear dynamics, long-range dependencies, trend component;case-study type dropped: Maintainable item | default online/offline dropped: Unknown synchronization | input-for-model dropped: Not reported;Health assessment;;lithium battery;;;capacity regeneration, capacity sequence, local nonlinear dynamics, long-range dependencies, trend component;5;15
590;extraction_papers\ontocast_runs\run_500_20260710_185042\output\facts_fc17fe9060c4.ttl;1;Fault feature extraction;Maintainable item;rolling bearings;Unknown synchronization;Not reported;Not reported;case-study type dropped: Maintainable item | default online/offline dropped: Unknown synchronization | input-for-model dropped: Not reported | input type dropped: Not reported;Fault feature extraction;;rolling bearings;;;;5;15
591;extraction_papers\ontocast_runs\run_500_20260710_185042\output\facts_fd1eedd089d5.ttl;1;Fault detection;Maintainable item;sensor;Unknown synchronization;Not reported;anomaly spoting, SCADA data;case-study type dropped: Maintainable item | default online/offline dropped: Unknown synchronization | input-for-model dropped: Not reported;Fault detection;;sensor;;;anomaly spoting, SCADA data;5;15
592;extraction_papers\ontocast_runs\run_500_20260710_185042\output\facts_fd8433d36a79.ttl;1;Fault detection;Maintainable item;reflectometers;Unknown synchronization;Not reported;Not reported;case-study type dropped: Maintainable item | default online/offline dropped: Unknown synchronization | input-for-model dropped: Not reported | input type dropped: Not reported;Fault detection;;reflectometers;;;;5;15
593;extraction_papers\ontocast_runs\run_500_20260710_185042\output\facts_fe104b30a598.ttl;2;Health modelling;Maintainable item;Not reported;Unknown synchronization;Not reported;Not reported;case-study type dropped: Maintainable item | case study dropped: Not reported | default online/offline dropped: Unknown synchronization | input-for-model dropped: Not reported | input type dropped: Not reported;Health modelling;;;;;;5;15
594;extraction_papers\ontocast_runs\run_500_20260710_185042\output\facts_fe823ec368d7.ttl;2;Fault detection;Maintainable item;induction motor (maintainable item);Unknown synchronization;Not reported;FactsvaryingLoadVariable, leakage flux measurements, stator current signals, variable load conditions;case-study type dropped: Maintainable item | default online/offline dropped: Unknown synchronization | input-for-model dropped: Not reported;Fault detection;;induction motor (maintainable item);;;FactsvaryingLoadVariable, leakage flux measurements, stator current signals, variable load conditions;5;15
595;extraction_papers\ontocast_runs\run_500_20260710_185042\output\facts_fea44576911a.ttl;1;Fault detection;Maintainable item;autonomous robotic agents;Unknown synchronization;Not reported;input variables used by predictive maintenance models;case-study type dropped: Maintainable item | default online/offline dropped: Unknown synchronization | input-for-model dropped: Not reported;Fault detection;;autonomous robotic agents;;;input variables used by predictive maintenance models;5;15
596;extraction_papers\ontocast_runs\run_500_20260710_185042\output\facts_ff03119d29c2.ttl;1;Fault detection;Maintainable item;engine;Unknown synchronization;Not reported;vibration signal, input signal, Factssignal1_9;case-study type dropped: Maintainable item | default online/offline dropped: Unknown synchronization | input-for-model dropped: Not reported;Fault detection;;engine;;;vibration signal, input signal, Factssignal1_9;5;15
597;extraction_papers\ontocast_runs\run_500_20260710_185042\output\facts_ff63b248f6b7.ttl;1;One step future state forecast;Maintainable item;equipment;Unknown synchronization;Not reported;corrective actions, failure types;case-study type dropped: Maintainable item | default online/offline dropped: Unknown synchronization | input-for-model dropped: Not reported;One step future state forecast;;equipment;;;corrective actions, failure types;5;15
598;extraction_papers\ontocast_runs\run_500_20260710_185042\output\facts_ff6c11b7abb1.ttl;1;Fault feature extraction;Maintainable item;gearbox;Unknown synchronization;Not reported;simulated signals;case-study type dropped: Maintainable item | default online/offline dropped: Unknown synchronization | input-for-model dropped: Not reported;Fault feature extraction;;gearbox;;;simulated signals;5;15
599;extraction_papers\ontocast_runs\run_500_20260710_185042\output\facts_fffa03ab557f.ttl;1;Fault detection;Maintainable item;bearing;Unknown synchronization;Not reported;domain shift, multi-sensor, source domain;case-study type dropped: Maintainable item | default online/offline dropped: Unknown synchronization | input-for-model dropped: Not reported;Fault detection;;bearing;;;domain shift, multi-sensor, source domain;5;15
600;extraction_papers\ontocast_runs\run_500_more_20260721_105503\output\facts_0028d9d5a386.ttl;2;Fault detection;Maintainable item;BC idlers;Unknown synchronization;Not reported;Factsrgb_images_1, Factssurface_temperature_1;case-study type dropped: Maintainable item | default online/offline dropped: Unknown synchronization | input-for-model dropped: Not reported;Fault detection;;BC idlers;;;Factsrgb_images_1, Factssurface_temperature_1;5;15
601;extraction_papers\ontocast_runs\run_500_more_20260721_105503\output\facts_0122f4455463.ttl;1;Fault detection;Maintainable item;rotating machines;Unknown synchronization;Not reported;dynamic machine vision data, event data, vibration analysis;case-study type dropped: Maintainable item | default online/offline dropped: Unknown synchronization | input-for-model dropped: Not reported;Fault detection;;rotating machines;;;dynamic machine vision data, event data, vibration analysis;5;15
602;extraction_papers\ontocast_runs\run_500_more_20260721_105503\output\facts_012a202279bd.ttl;1;Fault detection;Maintainable item;autolube system;Unknown synchronization;Not reported;AIoT, input power, lubricant flow rate, pressure, pump vibration, voltage;case-study type dropped: Maintainable item | default online/offline dropped: Unknown synchronization | input-for-model dropped: Not reported;Fault detection;;autolube system;;;AIoT, input power, lubricant flow rate, pressure, pump vibration, voltage;5;15
603;extraction_papers\ontocast_runs\run_500_more_20260721_105503\output\facts_017085dc54f2.ttl;1;Fault detection;Maintainable item;Not reported;Unknown synchronization;Not reported;Factsfeature4_2;case-study type dropped: Maintainable item | case study dropped: Not reported | default online/offline dropped: Unknown synchronization | input-for-model dropped: Not reported | input type dropped: Factsfeature4_2;Fault detection;;;;;;5;15
604;extraction_papers\ontocast_runs\run_500_more_20260721_105503\output\facts_01aac03dfa47.ttl;1;Fault feature extraction;Maintainable item;Not reported;Unknown synchronization;Not reported;Not reported;case-study type dropped: Maintainable item | case study dropped: Not reported | default online/offline dropped: Unknown synchronization | input-for-model dropped: Not reported | input type dropped: Not reported;Fault feature extraction;;;;;;5;15
605;extraction_papers\ontocast_runs\run_500_more_20260721_105503\output\facts_01d6da44113e.ttl;2;Fault identification;Maintainable item;BTA deep hole drilling;Unknown synchronization;Not reported;orthotropic material behavior, raw signal;case-study type dropped: Maintainable item | default online/offline dropped: Unknown synchronization | input-for-model dropped: Not reported;Fault identification;;BTA deep hole drilling;;;orthotropic material behavior, raw signal;5;15
606;extraction_papers\ontocast_runs\run_500_more_20260721_105503\output\facts_01ea63eede93.ttl;2;Remaining useful life estimation;Maintainable item;long-range dependence property;Unknown synchronization;Not reported;rate of the process, a;case-study type dropped: Maintainable item | default online/offline dropped: Unknown synchronization | input-for-model dropped: Not reported;Remaining useful life estimation;;long-range dependence property;;;rate of the process, a;5;15
607;extraction_papers\ontocast_runs\run_500_more_20260721_105503\output\facts_032b54eb788e.ttl;1;Health assessment;Maintainable item;lithium NMC-based 4S3P cylindrical cell module;Unknown synchronization;Not reported;current, live sensor telemetry, state-of-charge, temperature, terminal voltage, Factsvar3_21;case-study type dropped: Maintainable item | default online/offline dropped: Unknown synchronization | input-for-model dropped: Not reported;Health assessment;;lithium NMC-based 4S3P cylindrical cell module;;;current, live sensor telemetry, state-of-charge, temperature, terminal voltage, Factsvar3_21;5;15
608;extraction_papers\ontocast_runs\run_500_more_20260721_105503\output\facts_035db9008890.ttl;1;Fault detection;Maintainable item;FactsevChargingStations;Unknown synchronization;Not reported;MCC, FactsthermalStress;case-study type dropped: Maintainable item | case study dropped: FactsevChargingStations | default online/offline dropped: Unknown synchronization | input-for-model dropped: Not reported;Fault detection;;;;;MCC, FactsthermalStress;5;15
609;extraction_papers\ontocast_runs\run_500_more_20260721_105503\output\facts_03a6cdb4cdc8.ttl;1;Fault detection;Maintainable item;OpenMax;Unknown synchronization;Not reported;Factsbatch_size1;case-study type dropped: Maintainable item | default online/offline dropped: Unknown synchronization | input-for-model dropped: Not reported | input type dropped: Factsbatch_size1;Fault detection;;OpenMax;;;;5;15
610;extraction_papers\ontocast_runs\run_500_more_20260721_105503\output\facts_0411a2939dba.ttl;1;Remaining useful life estimation;Maintainable item;SAX;Unknown synchronization;Not reported;SAX, production cycle, steady-state, z-normalization, Symbolic Aggregate Approximation, dimensionality reduction, electric current range, handling of imbalanced datasets, Printed Circuit Board industry, electricity consumption by windmill motors (A), electricity consumption by heaters (A);case-study type dropped: Maintainable item | default online/offline dropped: Unknown synchronization | input-for-model dropped: Not reported;Remaining useful life estimation;;SAX;;;SAX, production cycle, steady-state, z-normalization, Symbolic Aggregate Approximation, dimensionality reduction, electric current range, handling of imbalanced datasets, Printed Circuit Board industry, electricity consumption by windmill motors (A), electricity consumption by heaters (A);5;15
611;extraction_papers\ontocast_runs\run_500_more_20260721_105503\output\facts_0423eec8d3e3.ttl;1;Health assessment;Maintainable item;new energy vehicles;Unknown synchronization;Not reported;InformationContentEntity;case-study type dropped: Maintainable item | default online/offline dropped: Unknown synchronization | input-for-model dropped: Not reported;Health assessment;;new energy vehicles;;;InformationContentEntity;5;15
612;extraction_papers\ontocast_runs\run_500_more_20260721_105503\output\facts_04a7f63f3ddd.ttl;1;One step future state forecast;Maintainable item;Not reported;Unknown synchronization;Not reported;Not reported;case-study type dropped: Maintainable item | case study dropped: Not reported | default online/offline dropped: Unknown synchronization | input-for-model dropped: Not reported | input type dropped: Not reported;One step future state forecast;;;;;;5;15
613;extraction_papers\ontocast_runs\run_500_more_20260721_105503\output\facts_065a4ddad0d4.ttl;3;Fault detection;Maintainable item;bearing;Unknown synchronization;Not reported;Not reported;case-study type dropped: Maintainable item | default online/offline dropped: Unknown synchronization | input-for-model dropped: Not reported | input type dropped: Not reported;Fault detection;;bearing;;;;5;15
614;extraction_papers\ontocast_runs\run_500_more_20260721_105503\output\facts_0662fc47254d.ttl;1;Fault detection;Maintainable item;landfill site;Unknown synchronization;Not reported;electric current, failure history, noise, operational status, current consumption related to torque, pH, transparency;case-study type dropped: Maintainable item | default online/offline dropped: Unknown synchronization | input-for-model dropped: Not reported;Fault detection;;landfill site;;;electric current, failure history, noise, operational status, current consumption related to torque, pH, transparency;5;15
615;extraction_papers\ontocast_runs\run_500_more_20260721_105503\output\facts_0697d4152cca.ttl;1;One step future state forecast;Maintainable item;Not reported;Unknown synchronization;Not reported;Not reported;case-study type dropped: Maintainable item | case study dropped: Not reported | default online/offline dropped: Unknown synchronization | input-for-model dropped: Not reported | input type dropped: Not reported;One step future state forecast;;;;;;5;15
616;extraction_papers\ontocast_runs\run_500_more_20260721_105503\output\facts_06a6ef1fb638.ttl;2;Fault identification;Maintainable item;long-service wind tunnel infrastructures;Unknown synchronization;Not reported;flow field, structural behaviors, Factswater_droplet_median_diameter1;case-study type dropped: Maintainable item | default online/offline dropped: Unknown synchronization | input-for-model dropped: Not reported;Fault identification;;long-service wind tunnel infrastructures;;;flow field, structural behaviors, Factswater_droplet_median_diameter1;5;15
617;extraction_papers\ontocast_runs\run_500_more_20260721_105503\output\facts_08a77a2de66a.ttl;1;Fault detection;Maintainable item;ball;Unknown synchronization;Not reported;vibration signal;case-study type dropped: Maintainable item | default online/offline dropped: Unknown synchronization | input-for-model dropped: Not reported;Fault detection;;ball;;;vibration signal;5;15
618;extraction_papers\ontocast_runs\run_500_more_20260721_105503\output\facts_08e6afccca23.ttl;1;One step future state forecast;Maintainable item;Not reported;Unknown synchronization;Not reported;Not reported;case-study type dropped: Maintainable item | case study dropped: Not reported | default online/offline dropped: Unknown synchronization | input-for-model dropped: Not reported | input type dropped: Not reported;One step future state forecast;;;;;;5;15
619;extraction_papers\ontocast_runs\run_500_more_20260721_105503\output\facts_08f9ab7aa034.ttl;1;Fault identification;Maintainable item;power transformers;Unknown synchronization;Not reported;FactsfeatureDimensions;case-study type dropped: Maintainable item | default online/offline dropped: Unknown synchronization | input-for-model dropped: Not reported | input type dropped: FactsfeatureDimensions;Fault identification;;power transformers;;;;5;15
620;extraction_papers\ontocast_runs\run_500_more_20260721_105503\output\facts_08fd540851d4.ttl;1;Fault detection;Maintainable item;High voltage insulators;Unknown synchronization;Not reported;performance, Ultraviolet, FactshumidityVar1;case-study type dropped: Maintainable item | default online/offline dropped: Unknown synchronization | input-for-model dropped: Not reported;Fault detection;;High voltage insulators;;;performance, Ultraviolet, FactshumidityVar1;5;15
621;extraction_papers\ontocast_runs\run_500_more_20260721_105503\output\facts_093a0b415e0a.ttl;1;Fault detection;Maintainable item;power grid;Unknown synchronization;Not reported;Not reported;case-study type dropped: Maintainable item | default online/offline dropped: Unknown synchronization | input-for-model dropped: Not reported | input type dropped: Not reported;Fault detection;;power grid;;;;5;15
622;extraction_papers\ontocast_runs\run_500_more_20260721_105503\output\facts_0aaa87c10a19.ttl;4;Remaining useful life estimation;Maintainable item;orthotropic steel bridge deck welds;Unknown synchronization;Not reported;predictive maintenance;case-study type dropped: Maintainable item | default online/offline dropped: Unknown synchronization | input-for-model dropped: Not reported;Remaining useful life estimation;;orthotropic steel bridge deck welds;;;predictive maintenance;5;15
623;extraction_papers\ontocast_runs\run_500_more_20260721_105503\output\facts_0afb5272deac.ttl;1;Remaining useful life estimation;Maintainable item;vibration modes;Unknown synchronization;Not reported;multi-scale feature fusion, channel attention mechanisms, residual connections, complex machining environments, external disturbances, instability at boundaries, large oscillations, vibration modes, RUL, intrinsic mode functions;case-study type dropped: Maintainable item | default online/offline dropped: Unknown synchronization | input-for-model dropped: Not reported;Remaining useful life estimation;;vibration modes;;;multi-scale feature fusion, channel attention mechanisms, residual connections, complex machining environments, external disturbances, instability at boundaries, large oscillations, vibration modes, RUL, intrinsic mode functions;5;15
624;extraction_papers\ontocast_runs\run_500_more_20260721_105503\output\facts_0b4414fd6f15.ttl;1;Remaining useful life estimation;Maintainable item;commercial greenhouse;Unknown synchronization;Not reported;external environment, FactsfullLifeCycleManagement, control information, sensor data, real-world data, switch voltage, current, vibration, noise, environmental factors;case-study type dropped: Maintainable item | default online/offline dropped: Unknown synchronization | input-for-model dropped: Not reported;Remaining useful life estimation;;commercial greenhouse;;;external environment, FactsfullLifeCycleManagement, control information, sensor data, real-world data, switch voltage, current, vibration, noise, environmental factors;5;15
625;extraction_papers\ontocast_runs\run_500_more_20260721_105503\output\facts_0bf17f1a2b43.ttl;1;Health assessment;Maintainable item;bearings;Unknown synchronization;Not reported;voltages, SCADA, dense instrumentation, extensive calibration, Factsfeature_set_1;case-study type dropped: Maintainable item | default online/offline dropped: Unknown synchronization | input-for-model dropped: Not reported;Health assessment;;bearings;;;voltages, SCADA, dense instrumentation, extensive calibration, Factsfeature_set_1;5;15
626;extraction_papers\ontocast_runs\run_500_more_20260721_105503\output\facts_0c2792860870.ttl;2;Fault detection;Maintainable item;UAV;Unknown synchronization;Not reported;training set;case-study type dropped: Maintainable item | default online/offline dropped: Unknown synchronization | input-for-model dropped: Not reported;Fault detection;;UAV;;;training set;5;15
627;extraction_papers\ontocast_runs\run_500_more_20260721_105503\output\facts_0cbc667cdee7.ttl;1;Remaining useful life estimation;Maintainable item;Condition-Based Maintenance;Unknown synchronization;Not reported;CNN, DCNN, Monte Carlo dropout, TCN;case-study type dropped: Maintainable item | default online/offline dropped: Unknown synchronization | input-for-model dropped: Not reported;Remaining useful life estimation;;Condition-Based Maintenance;;;CNN, DCNN, Monte Carlo dropout, TCN;5;15
628;extraction_papers\ontocast_runs\run_500_more_20260721_105503\output\facts_0cbd095ba81e.ttl;1;Remaining useful life estimation;Maintainable item;PEMFC;Unknown synchronization;Not reported;Factsaging_tolerant_control_strategy_1, ANN, degradation behavior, Factsextend_service_life_1, manual selection of features, historical data, Factspemfc_1_reliance_platinum, Factspv1;case-study type dropped: Maintainable item | default online/offline dropped: Unknown synchronization | input-for-model dropped: Not reported;Remaining useful life estimation;;PEMFC;;;Factsaging_tolerant_control_strategy_1, ANN, degradation behavior, Factsextend_service_life_1, manual selection of features, historical data, Factspemfc_1_reliance_platinum, Factspv1;5;15
629;extraction_papers\ontocast_runs\run_500_more_20260721_105503\output\facts_0d9415ba9083.ttl;1;Remaining useful life estimation;Maintainable item;AAC system;Unknown synchronization;Not reported;acoustic emissions, humidity, noise, oil analysis data, pressure, vibration pattern, voltage;case-study type dropped: Maintainable item | default online/offline dropped: Unknown synchronization | input-for-model dropped: Not reported;Remaining useful life estimation;;AAC system;;;acoustic emissions, humidity, noise, oil analysis data, pressure, vibration pattern, voltage;5;15
630;extraction_papers\ontocast_runs\run_500_more_20260721_105503\output\facts_0e23d1d9ab19.ttl;1;Remaining useful life estimation;Maintainable item;equipment;Unknown synchronization;Not reported;input signals, Probability Density Functions;case-study type dropped: Maintainable item | default online/offline dropped: Unknown synchronization | input-for-model dropped: Not reported;Remaining useful life estimation;;equipment;;;input signals, Probability Density Functions;5;15
631;extraction_papers\ontocast_runs\run_500_more_20260721_105503\output\facts_0ea175f5da02.ttl;1;Remaining useful life estimation;Maintainable item;motor;Unknown synchronization;Not reported;TSA signals, phase, Factsvariable2_4, vibration signal;case-study type dropped: Maintainable item | default online/offline dropped: Unknown synchronization | input-for-model dropped: Not reported;Remaining useful life estimation;;motor;;;TSA signals, phase, Factsvariable2_4, vibration signal;5;15
632;extraction_papers\ontocast_runs\run_500_more_20260721_105503\output\facts_0f43116b6a57.ttl;1;Fault identification;Maintainable item;Not reported;Unknown synchronization;Not reported;Not reported;case-study type dropped: Maintainable item | case study dropped: Not reported | default online/offline dropped: Unknown synchronization | input-for-model dropped: Not reported | input type dropped: Not reported;Fault identification;;;;;;5;15
633;extraction_papers\ontocast_runs\run_500_more_20260721_105503\output\facts_0fc092b36e31.ttl;5;Health assessment;Maintainable item;bus-line;Unknown synchronization;Not reported;gap length;case-study type dropped: Maintainable item | default online/offline dropped: Unknown synchronization | input-for-model dropped: Not reported;Health assessment;;bus-line;;;gap length;5;15
634;extraction_papers\ontocast_runs\run_500_more_20260721_105503\output\facts_0fef9a50cdea.ttl;1;Fault detection;Maintainable item;Factsitem1_12;Unknown synchronization;Not reported;Not reported;case-study type dropped: Maintainable item | case study dropped: Factsitem1_12 | default online/offline dropped: Unknown synchronization | input-for-model dropped: Not reported | input type dropped: Not reported;Fault detection;;;;;;5;15
635;extraction_papers\ontocast_runs\run_500_more_20260721_105503\output\facts_10c7cf4bb507.ttl;1;Fault detection;Maintainable item;voltage unbalance;Unknown synchronization;Not reported;electric motors, microprocessors, external server infrastructures, vibration, thermal, fuzzy logic, Motor Current Signature Analysis, voltage unbalance, cloud infrastructure, PCA;case-study type dropped: Maintainable item | default online/offline dropped: Unknown synchronization | input-for-model dropped: Not reported;Fault detection;;voltage unbalance;;;electric motors, microprocessors, external server infrastructures, vibration, thermal, fuzzy logic, Motor Current Signature Analysis, voltage unbalance, cloud infrastructure, PCA;5;15
636;extraction_papers\ontocast_runs\run_500_more_20260721_105503\output\facts_10fc6836508e.ttl;1;Fault identification;Maintainable item;FactsIm;Unknown synchronization;Not reported;Factsauditory_emissions1, Factselectromagnetic_torque1, Factsinstantaneous_power1, Factsrotor_speed1, negative-sequence current, Factsstator_current1;case-study type dropped: Maintainable item | case study dropped: FactsIm | default online/offline dropped: Unknown synchronization | input-for-model dropped: Not reported;Fault identification;;;;;Factsauditory_emissions1, Factselectromagnetic_torque1, Factsinstantaneous_power1, Factsrotor_speed1, negative-sequence current, Factsstator_current1;5;15
637;extraction_papers\ontocast_runs\run_500_more_20260721_105503\output\facts_1197c4a7a550.ttl;1;Remaining useful life estimation;Maintainable item;axial fan motors;Unknown synchronization;Not reported;diagnostic signals, FactsexternalStrayFlux, Factssound, Factstemperature_2;case-study type dropped: Maintainable item | default online/offline dropped: Unknown synchronization | input-for-model dropped: Not reported;Remaining useful life estimation;;axial fan motors;;;diagnostic signals, FactsexternalStrayFlux, Factssound, Factstemperature_2;5;15
638;extraction_papers\ontocast_runs\run_500_more_20260721_105503\output\facts_11a6adc2ad22.ttl;1;Fault feature extraction;Maintainable item;autonomous cars;Unknown synchronization;Not reported;FactsvibrationSignals_7;case-study type dropped: Maintainable item | default online/offline dropped: Unknown synchronization | input-for-model dropped: Not reported | input type dropped: FactsvibrationSignals_7;Fault feature extraction;;autonomous cars;;;;5;15
639;extraction_papers\ontocast_runs\run_500_more_20260721_105503\output\facts_11f0d8e05fb5.ttl;1;Health assessment;Maintainable item;FactsbackToBackGearTester;Unknown synchronization;Not reported;FactslubricantTemperature, FactsspatiotemporalEvolutionOfGearPitting;case-study type dropped: Maintainable item | case study dropped: FactsbackToBackGearTester | default online/offline dropped: Unknown synchronization | input-for-model dropped: Not reported;Health assessment;;;;;FactslubricantTemperature, FactsspatiotemporalEvolutionOfGearPitting;5;15
640;extraction_papers\ontocast_runs\run_500_more_20260721_105503\output\facts_124de239a574.ttl;1;Health assessment;Maintainable item;SCADA dataset;Unknown synchronization;Not reported;Factsresult_1;case-study type dropped: Maintainable item | default online/offline dropped: Unknown synchronization | input-for-model dropped: Not reported | input type dropped: Factsresult_1;Health assessment;;SCADA dataset;;;;5;15
641;extraction_papers\ontocast_runs\run_500_more_20260721_105503\output\facts_132fb3c19ecf.ttl;1;Fault identification;Maintainable item;elevator;Unknown synchronization;Not reported;Factsdata3_1, energy efficiency, lifting height, load capacity, travel speed;case-study type dropped: Maintainable item | default online/offline dropped: Unknown synchronization | input-for-model dropped: Not reported;Fault identification;;elevator;;;Factsdata3_1, energy efficiency, lifting height, load capacity, travel speed;5;15
642;extraction_papers\ontocast_runs\run_500_more_20260721_105503\output\facts_1369a550b788.ttl;1;Fault detection;Maintainable item;FactsairProductionUnits;Unknown synchronization;Not reported;relevant features, FactsonboardSensors, FactstemperatureSignal;case-study type dropped: Maintainable item | case study dropped: FactsairProductionUnits | default online/offline dropped: Unknown synchronization | input-for-model dropped: Not reported;Fault detection;;;;;relevant features, FactsonboardSensors, FactstemperatureSignal;5;15
643;extraction_papers\ontocast_runs\run_500_more_20260721_105503\output\facts_1383fb47dc0b.ttl;1;Fault detection;Maintainable item;coal power units;Unknown synchronization;Not reported;device operating variables, feature data;case-study type dropped: Maintainable item | default online/offline dropped: Unknown synchronization | input-for-model dropped: Not reported;Fault detection;;coal power units;;;device operating variables, feature data;5;15
644;extraction_papers\ontocast_runs\run_500_more_20260721_105503\output\facts_13b6a96e3c49.ttl;2;Health assessment;Maintainable item;aircraft component;Unknown synchronization;Not reported;pressure, altitude, voltage waveform, defect type, electric field;case-study type dropped: Maintainable item | default online/offline dropped: Unknown synchronization | input-for-model dropped: Not reported;Health assessment;;aircraft component;;;pressure, altitude, voltage waveform, defect type, electric field;5;15
645;extraction_papers\ontocast_runs\run_500_more_20260721_105503\output\facts_13eee031c115.ttl;2;Health assessment;Maintainable item;induction machine;Unknown synchronization;Not reported;Factsdata_variable_1, ball-pass-related frequencies, Fast Fourier Transform, online monitoring, digital-twin applications, bearing defects, advanced signal-processing techniques, stator current, torque, flux, vibration;case-study type dropped: Maintainable item | default online/offline dropped: Unknown synchronization | input-for-model dropped: Not reported;Health assessment;;induction machine;;;Factsdata_variable_1, ball-pass-related frequencies, Fast Fourier Transform, online monitoring, digital-twin applications, bearing defects, advanced signal-processing techniques, stator current, torque, flux, vibration;5;15
646;extraction_papers\ontocast_runs\run_500_more_20260721_105503\output\facts_14c244517f16.ttl;1;Fault detection;Maintainable item;slewing bearing;Unknown synchronization;Not reported;FactsvarNoise, FactsvarSensorDrift;case-study type dropped: Maintainable item | default online/offline dropped: Unknown synchronization | input-for-model dropped: Not reported;Fault detection;;slewing bearing;;;FactsvarNoise, FactsvarSensorDrift;5;15
647;extraction_papers\ontocast_runs\run_500_more_20260721_105503\output\facts_14e2d45242d9.ttl;1;Fault detection;Maintainable item;pump;Unknown synchronization;Not reported;sensitivity features in frequency domain, gas content, acoustic signal, pressure input;case-study type dropped: Maintainable item | default online/offline dropped: Unknown synchronization | input-for-model dropped: Not reported;Fault detection;;pump;;;sensitivity features in frequency domain, gas content, acoustic signal, pressure input;5;15
648;extraction_papers\ontocast_runs\run_500_more_20260721_105503\output\facts_14ff68ec355e.ttl;1;Fault detection;Maintainable item;engine;Unknown synchronization;Not reported;pressure, temperature, velocity, health index;case-study type dropped: Maintainable item | default online/offline dropped: Unknown synchronization | input-for-model dropped: Not reported;Fault detection;;engine;;;pressure, temperature, velocity, health index;5;15
649;extraction_papers\ontocast_runs\run_500_more_20260721_105503\output\facts_1546c3ef38f1.ttl;1;Fault identification;Maintainable item;conveyor belt;Unknown synchronization;Not reported;Factsvar3_22;case-study type dropped: Maintainable item | default online/offline dropped: Unknown synchronization | input-for-model dropped: Not reported | input type dropped: Factsvar3_22;Fault identification;;conveyor belt;;;;5;15
650;extraction_papers\ontocast_runs\run_500_more_20260721_105503\output\facts_15c3ad5fc8e1.ttl;2;Remaining useful life estimation;Maintainable item;FDM gears;Unknown synchronization;Not reported;Not reported;case-study type dropped: Maintainable item | default online/offline dropped: Unknown synchronization | input-for-model dropped: Not reported | input type dropped: Not reported;Remaining useful life estimation;;FDM gears;;;;5;15
651;extraction_papers\ontocast_runs\run_500_more_20260721_105503\output\facts_15fe47328ffe.ttl;1;Fault detection;Maintainable item;photovoltaic inverter;Unknown synchronization;Not reported;fault detection;case-study type dropped: Maintainable item | default online/offline dropped: Unknown synchronization | input-for-model dropped: Not reported;Fault detection;;photovoltaic inverter;;;fault detection;5;15
652;extraction_papers\ontocast_runs\run_500_more_20260721_105503\output\facts_1659b448624e.ttl;1;Fault feature extraction;Maintainable item;transformer;Unknown synchronization;Not reported;load rate, upper oil temperature, winding temperature, dissolved gas components, fusion indices, FactstopOilLayer;case-study type dropped: Maintainable item | default online/offline dropped: Unknown synchronization | input-for-model dropped: Not reported;Fault feature extraction;;transformer;;;load rate, upper oil temperature, winding temperature, dissolved gas components, fusion indices, FactstopOilLayer;5;15
653;extraction_papers\ontocast_runs\run_500_more_20260721_105503\output\facts_16cce76b69b8.ttl;2;Fault detection;Maintainable item;die-bonding machine;Unknown synchronization;Not reported;motion profile, Factstopic5_2, torque;case-study type dropped: Maintainable item | default online/offline dropped: Unknown synchronization | input-for-model dropped: Not reported;Fault detection;;die-bonding machine;;;motion profile, Factstopic5_2, torque;5;15
654;extraction_papers\ontocast_runs\run_500_more_20260721_105503\output\facts_17364b981c05.ttl;1;Remaining useful life estimation;Maintainable item;SPD;Unknown synchronization;Not reported;leakage current, FactsnonlinearCoefficient, nonlinear protection capability, FactsparallelCapacitance, FactsparallelResistance, varistor voltage;case-study type dropped: Maintainable item | default online/offline dropped: Unknown synchronization | input-for-model dropped: Not reported;Remaining useful life estimation;;SPD;;;leakage current, FactsnonlinearCoefficient, nonlinear protection capability, FactsparallelCapacitance, FactsparallelResistance, varistor voltage;5;15
655;extraction_papers\ontocast_runs\run_500_more_20260721_105503\output\facts_174b4f5d17a5.ttl;1;Remaining useful life estimation;Maintainable item;lithium-ion battery;Unknown synchronization;Not reported;FactsbatteryVoltage;case-study type dropped: Maintainable item | default online/offline dropped: Unknown synchronization | input-for-model dropped: Not reported | input type dropped: FactsbatteryVoltage;Remaining useful life estimation;;lithium-ion battery;;;;5;15
656;extraction_papers\ontocast_runs\run_500_more_20260721_105503\output\facts_1760757d9ad8.ttl;1;Fault detection;Maintainable item;paper;Unknown synchronization;Not reported;X t;case-study type dropped: Maintainable item | default online/offline dropped: Unknown synchronization | input-for-model dropped: Not reported;Fault detection;;paper;;;X t;5;15
657;extraction_papers\ontocast_runs\run_500_more_20260721_105503\output\facts_1804915cdefd.ttl;1;Health assessment;Maintainable item;bearing;Unknown synchronization;Not reported;vibration signals, FactsnonZeroEntries;case-study type dropped: Maintainable item | default online/offline dropped: Unknown synchronization | input-for-model dropped: Not reported;Health assessment;;bearing;;;vibration signals, FactsnonZeroEntries;5;15
658;extraction_papers\ontocast_runs\run_500_more_20260721_105503\output\facts_1828e7764198.ttl;2;Fault detection;Maintainable item;spur gearbox;Unknown synchronization;Not reported;condition indicator, frequency domain, statistical parameters, vibration signal;case-study type dropped: Maintainable item | default online/offline dropped: Unknown synchronization | input-for-model dropped: Not reported;Fault detection;;spur gearbox;;;condition indicator, frequency domain, statistical parameters, vibration signal;5;15
659;extraction_papers\ontocast_runs\run_500_more_20260721_105503\output\facts_18b6ee490663.ttl;1;Fault detection;Maintainable item;clinical assets;Unknown synchronization;Not reported;device telemetry, workload signals, temperature, vibration, pressure, sensor streams, Factsusage1;case-study type dropped: Maintainable item | default online/offline dropped: Unknown synchronization | input-for-model dropped: Not reported;Fault detection;;clinical assets;;;device telemetry, workload signals, temperature, vibration, pressure, sensor streams, Factsusage1;5;15
660;extraction_papers\ontocast_runs\run_500_more_20260721_105503\output\facts_18e830a9f47e.ttl;1;Fault detection;Maintainable item;busbars;Unknown synchronization;Not reported;low-voltage network;case-study type dropped: Maintainable item | default online/offline dropped: Unknown synchronization | input-for-model dropped: Not reported;Fault detection;;busbars;;;low-voltage network;5;15
661;extraction_papers\ontocast_runs\run_500_more_20260721_105503\output\facts_19ee37fc6450.ttl;1;Fault detection;Maintainable item;critical feedwater pumps;Unknown synchronization;Not reported;risk curves, traceability;case-study type dropped: Maintainable item | default online/offline dropped: Unknown synchronization | input-for-model dropped: Not reported;Fault detection;;critical feedwater pumps;;;risk curves, traceability;5;15
662;extraction_papers\ontocast_runs\run_500_more_20260721_105503\output\facts_1a10ec074530.ttl;1;Health assessment;Maintainable item;ZnO varistor;Unknown synchronization;Not reported;damping factor, measured reference voltage signal, measured values, nonlinearity exponent, resistive current, number of sample points, scaling coefficient, predefined tolerance threshold, total leakage current, voltage;case-study type dropped: Maintainable item | default online/offline dropped: Unknown synchronization | input-for-model dropped: Not reported;Health assessment;;ZnO varistor;;;damping factor, measured reference voltage signal, measured values, nonlinearity exponent, resistive current, number of sample points, scaling coefficient, predefined tolerance threshold, total leakage current, voltage;5;15
663;extraction_papers\ontocast_runs\run_500_more_20260721_105503\output\facts_1a1ef03ce149.ttl;1;Fault detection;Maintainable item;subsea pipelines;Unknown synchronization;Not reported;Factslpwan, FactsopticalFiberSensors1;case-study type dropped: Maintainable item | default online/offline dropped: Unknown synchronization | input-for-model dropped: Not reported;Fault detection;;subsea pipelines;;;Factslpwan, FactsopticalFiberSensors1;5;15
664;extraction_papers\ontocast_runs\run_500_more_20260721_105503\output\facts_1ac69b68a852.ttl;1;Fault detection;Maintainable item;industrial machine;Unknown synchronization;Not reported;Mel energies, inverse-Mel scale based acoustic features, MFCC;case-study type dropped: Maintainable item | default online/offline dropped: Unknown synchronization | input-for-model dropped: Not reported;Fault detection;;industrial machine;;;Mel energies, inverse-Mel scale based acoustic features, MFCC;5;15
665;extraction_papers\ontocast_runs\run_500_more_20260721_105503\output\facts_1c32bb81c2ca.ttl;3;Health assessment;Maintainable item;GIS;Unknown synchronization;Not reported;UHF signal;case-study type dropped: Maintainable item | default online/offline dropped: Unknown synchronization | input-for-model dropped: Not reported;Health assessment;;GIS;;;UHF signal;5;15
666;extraction_papers\ontocast_runs\run_500_more_20260721_105503\output\facts_1c6c15d7e92d.ttl;1;Health assessment;Maintainable item;planetary journal bearing;Unknown synchronization;Not reported;friction state;case-study type dropped: Maintainable item | default online/offline dropped: Unknown synchronization | input-for-model dropped: Not reported;Health assessment;;planetary journal bearing;;;friction state;5;15
667;extraction_papers\ontocast_runs\run_500_more_20260721_105503\output\facts_1e7793c0fb87.ttl;1;Fault detection;Maintainable item;high-voltage isolation switches;Unknown synchronization;Not reported;motor power signals, raw data;case-study type dropped: Maintainable item | default online/offline dropped: Unknown synchronization | input-for-model dropped: Not reported;Fault detection;;high-voltage isolation switches;;;motor power signals, raw data;5;15
668;extraction_papers\ontocast_runs\run_500_more_20260721_105503\output\facts_1ec7b79d0ea4.ttl;2;Health assessment;Maintainable item;Factsasset1_1;Unknown synchronization;Not reported;Factsml1_6;case-study type dropped: Maintainable item | case study dropped: Factsasset1_1 | default online/offline dropped: Unknown synchronization | input-for-model dropped: Not reported | input type dropped: Factsml1_6;Health assessment;;;;;;5;15
669;extraction_papers\ontocast_runs\run_500_more_20260721_105503\output\facts_1f540ba42fa5.ttl;1;Fault detection;Maintainable item;safety;Unknown synchronization;Not reported;safety, Real-time sensor data;case-study type dropped: Maintainable item | default online/offline dropped: Unknown synchronization | input-for-model dropped: Not reported;Fault detection;;safety;;;safety, Real-time sensor data;5;15
670;extraction_papers\ontocast_runs\run_500_more_20260721_105503\output\facts_1f562b8ac71c.ttl;2;Fault detection;Maintainable item;rotating machinery;Unknown synchronization;Not reported;FactsoperationalVariables, ultrasound levels, vibration velocity;case-study type dropped: Maintainable item | default online/offline dropped: Unknown synchronization | input-for-model dropped: Not reported;Fault detection;;rotating machinery;;;FactsoperationalVariables, ultrasound levels, vibration velocity;5;15
671;extraction_papers\ontocast_runs\run_500_more_20260721_105503\output\facts_20a6e0deb55f.ttl;1;Fault identification;Maintainable item;wind farms;Unknown synchronization;Not reported;viscosity, water content, acidity, particle count, initial degradation, fuel, friction performance, early detection, bench testing, severe;case-study type dropped: Maintainable item | default online/offline dropped: Unknown synchronization | input-for-model dropped: Not reported;Fault identification;;wind farms;;;viscosity, water content, acidity, particle count, initial degradation, fuel, friction performance, early detection, bench testing, severe;5;15
672;extraction_papers\ontocast_runs\run_500_more_20260721_105503\output\facts_20f6fbfd7894.ttl;1;Fault detection;Maintainable item;GFRPC laminate;Unknown synchronization;Not reported;number of holes, feed rate, drill diameter, thrust force, vibration;case-study type dropped: Maintainable item | default online/offline dropped: Unknown synchronization | input-for-model dropped: Not reported;Fault detection;;GFRPC laminate;;;number of holes, feed rate, drill diameter, thrust force, vibration;5;15
673;extraction_papers\ontocast_runs\run_500_more_20260721_105503\output\facts_21a2d846ad65.ttl;1;Health assessment;Maintainable item;rolling element bearings;Unknown synchronization;Not reported;vibration measurement;case-study type dropped: Maintainable item | default online/offline dropped: Unknown synchronization | input-for-model dropped: Not reported;Health assessment;;rolling element bearings;;;vibration measurement;5;15
674;extraction_papers\ontocast_runs\run_500_more_20260721_105503\output\facts_21c271594507.ttl;1;Fault detection;Maintainable item;PV inverter;Unknown synchronization;Not reported;temporal leakage;case-study type dropped: Maintainable item | default online/offline dropped: Unknown synchronization | input-for-model dropped: Not reported;Fault detection;;PV inverter;;;temporal leakage;5;15
675;extraction_papers\ontocast_runs\run_500_more_20260721_105503\output\facts_226be26d5d7e.ttl;1;Fault detection;Maintainable item;FactsballBearings;Unknown synchronization;Not reported;varying load effects, vibration signals, FactsvibrationData;case-study type dropped: Maintainable item | case study dropped: FactsballBearings | default online/offline dropped: Unknown synchronization | input-for-model dropped: Not reported;Fault detection;;;;;varying load effects, vibration signals, FactsvibrationData;5;15
676;extraction_papers\ontocast_runs\run_500_more_20260721_105503\output\facts_23254f5af84b.ttl;1;Remaining useful life estimation;Maintainable item;SAG mill;Unknown synchronization;Not reported;convolutional network features, current, prognostics, rotational speed, lube-oil pressures, hydrocyclone feed, hydrocyclone pressure, operating-state segmentation, time alignment, vibration, acoustic emissions, torque, temperature, load, particle-size proxies, mill power, process images, sensor streams;case-study type dropped: Maintainable item | default online/offline dropped: Unknown synchronization | input-for-model dropped: Not reported;Remaining useful life estimation;;SAG mill;;;convolutional network features, current, prognostics, rotational speed, lube-oil pressures, hydrocyclone feed, hydrocyclone pressure, operating-state segmentation, time alignment, vibration, acoustic emissions, torque, temperature, load, particle-size proxies, mill power, process images, sensor streams;5;15
677;extraction_papers\ontocast_runs\run_500_more_20260721_105503\output\facts_2458231486ca.ttl;1;Fault detection;Maintainable item;work roll S;Unknown synchronization;Not reported;Factsvar_1;case-study type dropped: Maintainable item | default online/offline dropped: Unknown synchronization | input-for-model dropped: Not reported | input type dropped: Factsvar_1;Fault detection;;work roll S;;;;5;15
678;extraction_papers\ontocast_runs\run_500_more_20260721_105503\output\facts_2471590301df.ttl;1;Remaining useful life estimation;Maintainable item;lithium-ion battery;Unknown synchronization;Not reported;Factsimf1_1, time warp profile;case-study type dropped: Maintainable item | default online/offline dropped: Unknown synchronization | input-for-model dropped: Not reported;Remaining useful life estimation;;lithium-ion battery;;;Factsimf1_1, time warp profile;5;15
679;extraction_papers\ontocast_runs\run_500_more_20260721_105503\output\facts_27748de04611.ttl;1;Health assessment;Maintainable item;bearing;Unknown synchronization;Not reported;features, vibration signal, grayscale image;case-study type dropped: Maintainable item | default online/offline dropped: Unknown synchronization | input-for-model dropped: Not reported;Health assessment;;bearing;;;features, vibration signal, grayscale image;5;15
680;extraction_papers\ontocast_runs\run_500_more_20260721_105503\output\facts_27fa84415142.ttl;1;Fault detection;Maintainable item;C-MAPSS simulation dataset;Unknown synchronization;Not reported;Not reported;case-study type dropped: Maintainable item | default online/offline dropped: Unknown synchronization | input-for-model dropped: Not reported | input type dropped: Not reported;Fault detection;;C-MAPSS simulation dataset;;;;5;15
681;extraction_papers\ontocast_runs\run_500_more_20260721_105503\output\facts_28071ee19862.ttl;1;Fault detection;Maintainable item;impeller defects;Unknown synchronization;Not reported;intrinsic mode functions, raw signal;case-study type dropped: Maintainable item | default online/offline dropped: Unknown synchronization | input-for-model dropped: Not reported;Fault detection;;impeller defects;;;intrinsic mode functions, raw signal;5;15
682;extraction_papers\ontocast_runs\run_500_more_20260721_105503\output\facts_2813a9cf840c.ttl;1;Fault detection;Maintainable item;IIoT network;Unknown synchronization;Not reported;FactsimbalancedDataset;case-study type dropped: Maintainable item | default online/offline dropped: Unknown synchronization | input-for-model dropped: Not reported | input type dropped: FactsimbalancedDataset;Fault detection;;IIoT network;;;;5;15
683;extraction_papers\ontocast_runs\run_500_more_20260721_105503\output\facts_2828ec95580c.ttl;2;Remaining useful life estimation;Maintainable item;extraction of spatiotemporal features;Unknown synchronization;Not reported;features, Input shape, time steps;case-study type dropped: Maintainable item | default online/offline dropped: Unknown synchronization | input-for-model dropped: Not reported;Remaining useful life estimation;;extraction of spatiotemporal features;;;features, Input shape, time steps;5;15
684;extraction_papers\ontocast_runs\run_500_more_20260721_105503\output\facts_2942474080f1.ttl;2;Fault detection;Maintainable item;lithium-ion battery;Unknown synchronization;Not reported;Not reported;case-study type dropped: Maintainable item | default online/offline dropped: Unknown synchronization | input-for-model dropped: Not reported | input type dropped: Not reported;Fault detection;;lithium-ion battery;;;;5;15
685;extraction_papers\ontocast_runs\run_500_more_20260721_105503\output\facts_29d80fec6db0.ttl;1;Remaining useful life estimation;Maintainable item;industrial pump;Unknown synchronization;Not reported;Factsvar1;case-study type dropped: Maintainable item | default online/offline dropped: Unknown synchronization | input-for-model dropped: Not reported | input type dropped: Factsvar1;Remaining useful life estimation;;industrial pump;;;;5;15
686;extraction_papers\ontocast_runs\run_500_more_20260721_105503\output\facts_2a3e5109614f.ttl;1;Fault detection;Maintainable item;electrical system;Unknown synchronization;Not reported;FactsspeedData, Factsvar3_24;case-study type dropped: Maintainable item | default online/offline dropped: Unknown synchronization | input-for-model dropped: Not reported;Fault detection;;electrical system;;;FactsspeedData, Factsvar3_24;5;15
687;extraction_papers\ontocast_runs\run_500_more_20260721_105503\output\facts_2a5ab19eec1b.ttl;1;Fault identification;Maintainable item;acoustic emission sensor;Unknown synchronization;Not reported;Factsid1_50;case-study type dropped: Maintainable item | default online/offline dropped: Unknown synchronization | input-for-model dropped: Not reported | input type dropped: Factsid1_50;Fault identification;;acoustic emission sensor;;;;5;15
688;extraction_papers\ontocast_runs\run_500_more_20260721_105503\output\facts_2a8937c2adda.ttl;2;Fault detection;Maintainable item;rail transit system;Unknown synchronization;Not reported;bracket force, dynamic stagger;case-study type dropped: Maintainable item | default online/offline dropped: Unknown synchronization | input-for-model dropped: Not reported;Fault detection;;rail transit system;;;bracket force, dynamic stagger;5;15
689;extraction_papers\ontocast_runs\run_500_more_20260721_105503\output\facts_2accaffeeb92.ttl;2;Fault detection;Maintainable item;rolling element bearing;Unknown synchronization;Not reported;Factsstride;case-study type dropped: Maintainable item | default online/offline dropped: Unknown synchronization | input-for-model dropped: Not reported | input type dropped: Factsstride;Fault detection;;rolling element bearing;;;;5;15
690;extraction_papers\ontocast_runs\run_500_more_20260721_105503\output\facts_2ad5aaef592d.ttl;1;Remaining useful life estimation;Maintainable item;tantalum capacitors;Unknown synchronization;Not reported;temperature measurements;case-study type dropped: Maintainable item | default online/offline dropped: Unknown synchronization | input-for-model dropped: Not reported;Remaining useful life estimation;;tantalum capacitors;;;temperature measurements;5;15
691;extraction_papers\ontocast_runs\run_500_more_20260721_105503\output\facts_2c2a8543208a.ttl;1;Fault detection;Maintainable item;flexspline;Unknown synchronization;Not reported;degradation data, HD life test;case-study type dropped: Maintainable item | default online/offline dropped: Unknown synchronization | input-for-model dropped: Not reported;Fault detection;;flexspline;;;degradation data, HD life test;5;15
692;extraction_papers\ontocast_runs\run_500_more_20260721_105503\output\facts_2d84923922e7.ttl;1;Fault detection;Maintainable item;rolling element bearing;Unknown synchronization;Not reported;vibration signals, image data, sensor data, deep learning, accuracy;case-study type dropped: Maintainable item | default online/offline dropped: Unknown synchronization | input-for-model dropped: Not reported;Fault detection;;rolling element bearing;;;vibration signals, image data, sensor data, deep learning, accuracy;5;15
693;extraction_papers\ontocast_runs\run_500_more_20260721_105503\output\facts_2d985f627050.ttl;2;Fault detection;Maintainable item;Francis turbine;Unknown synchronization;Not reported;prediction, FactspowerOutput;case-study type dropped: Maintainable item | default online/offline dropped: Unknown synchronization | input-for-model dropped: Not reported;Fault detection;;Francis turbine;;;prediction, FactspowerOutput;5;15
694;extraction_papers\ontocast_runs\run_500_more_20260721_105503\output\facts_2e33d1a3d1d2.ttl;1;Remaining useful life estimation;Maintainable item;lithium-ion battery;Unknown synchronization;Not reported;Not reported;case-study type dropped: Maintainable item | default online/offline dropped: Unknown synchronization | input-for-model dropped: Not reported | input type dropped: Not reported;Remaining useful life estimation;;lithium-ion battery;;;;5;15
695;extraction_papers\ontocast_runs\run_500_more_20260721_105503\output\facts_2eb6f4c9e7ab.ttl;2;Remaining useful life estimation;Maintainable item;reciprocating compressor;Unknown synchronization;Not reported;Not reported;case-study type dropped: Maintainable item | default online/offline dropped: Unknown synchronization | input-for-model dropped: Not reported | input type dropped: Not reported;Remaining useful life estimation;;reciprocating compressor;;;;5;15
696;extraction_papers\ontocast_runs\run_500_more_20260721_105503\output\facts_2ed8c9d5e82d.ttl;6;Fault detection;Maintainable item;maintainable item;Unknown synchronization;Not reported;acoustic signals, data variable, run-to-failure data;case-study type dropped: Maintainable item | default online/offline dropped: Unknown synchronization | input-for-model dropped: Not reported;Fault detection;;maintainable item;;;acoustic signals, data variable, run-to-failure data;5;15
697;extraction_papers\ontocast_runs\run_500_more_20260721_105503\output\facts_2f22d6ffad1b.ttl;1;Fault detection;Maintainable item;standby diesel generator;Unknown synchronization;Not reported;net load, Factsvar3_18;case-study type dropped: Maintainable item | default online/offline dropped: Unknown synchronization | input-for-model dropped: Not reported;Fault detection;;standby diesel generator;;;net load, Factsvar3_18;5;15
698;extraction_papers\ontocast_runs\run_500_more_20260721_105503\output\facts_3033c6608984.ttl;1;Fault detection;Maintainable item;blanking process;Unknown synchronization;Not reported;data scarcity, tool geometry, material thickness, force signal, Gramian Angular Field, manufacturing conditions, time-series data, training data availability;case-study type dropped: Maintainable item | default online/offline dropped: Unknown synchronization | input-for-model dropped: Not reported;Fault detection;;blanking process;;;data scarcity, tool geometry, material thickness, force signal, Gramian Angular Field, manufacturing conditions, time-series data, training data availability;5;15
699;extraction_papers\ontocast_runs\run_500_more_20260721_105503\output\facts_314b35330e8d.ttl;1;Fault detection;Maintainable item;boiler;Unknown synchronization;Not reported;Not reported;case-study type dropped: Maintainable item | default online/offline dropped: Unknown synchronization | input-for-model dropped: Not reported | input type dropped: Not reported;Fault detection;;boiler;;;;5;15
700;extraction_papers\ontocast_runs\run_500_more_20260721_105503\output\facts_316e4d8a3d18.ttl;1;Fault detection;Maintainable item;wind energy asset;Unknown synchronization;Not reported;quantitative defect parameters;case-study type dropped: Maintainable item | default online/offline dropped: Unknown synchronization | input-for-model dropped: Not reported;Fault detection;;wind energy asset;;;quantitative defect parameters;5;15
701;extraction_papers\ontocast_runs\run_500_more_20260721_105503\output\facts_31dcee2cecfd.ttl;1;Fault detection;Maintainable item;gearbox;Unknown synchronization;Not reported;current-based methods, current signal, mechanical vibration, electric torque;case-study type dropped: Maintainable item | default online/offline dropped: Unknown synchronization | input-for-model dropped: Not reported;Fault detection;;gearbox;;;current-based methods, current signal, mechanical vibration, electric torque;5;15
702;extraction_papers\ontocast_runs\run_500_more_20260721_105503\output\facts_320689a5feb9.ttl;1;Fault detection;Maintainable item;Factsitem3;Unknown synchronization;Not reported;SCADA data;case-study type dropped: Maintainable item | case study dropped: Factsitem3 | default online/offline dropped: Unknown synchronization | input-for-model dropped: Not reported;Fault detection;;;;;SCADA data;5;15
703;extraction_papers\ontocast_runs\run_500_more_20260721_105503\output\facts_322713e7e2a7.ttl;1;Fault detection;Maintainable item;PV system;Unknown synchronization;Not reported;performance, dust sensor, historical data, humidity sensor, direct irradiance sensing, Pyranometer, sensor, wind speed sensor;case-study type dropped: Maintainable item | default online/offline dropped: Unknown synchronization | input-for-model dropped: Not reported;Fault detection;;PV system;;;performance, dust sensor, historical data, humidity sensor, direct irradiance sensing, Pyranometer, sensor, wind speed sensor;5;15
704;extraction_papers\ontocast_runs\run_500_more_20260721_105503\output\facts_328ad43df64b.ttl;1;Fault identification;Maintainable item;centrifugal pump;Unknown synchronization;Not reported;Casing Vibration, Current, Pump Load Variation (PGV);case-study type dropped: Maintainable item | default online/offline dropped: Unknown synchronization | input-for-model dropped: Not reported;Fault identification;;centrifugal pump;;;Casing Vibration, Current, Pump Load Variation (PGV);5;15
705;extraction_papers\ontocast_runs\run_500_more_20260721_105503\output\facts_3291dab56c7e.ttl;1;Remaining useful life estimation;Maintainable item;lithium batteries;Unknown synchronization;Not reported;Not reported;case-study type dropped: Maintainable item | default online/offline dropped: Unknown synchronization | input-for-model dropped: Not reported | input type dropped: Not reported;Remaining useful life estimation;;lithium batteries;;;;5;15
706;extraction_papers\ontocast_runs\run_500_more_20260721_105503\output\facts_32f8dfb4f37c.ttl;1;Remaining useful life estimation;Maintainable item;aircraft engines;Unknown synchronization;Not reported;datasets, engine degradation parameters, system's lifecycle, redundant sensors, time;case-study type dropped: Maintainable item | default online/offline dropped: Unknown synchronization | input-for-model dropped: Not reported;Remaining useful life estimation;;aircraft engines;;;datasets, engine degradation parameters, system's lifecycle, redundant sensors, time;5;15
707;extraction_papers\ontocast_runs\run_500_more_20260721_105503\output\facts_330c028d10b5.ttl;1;Health assessment;Maintainable item;SF6 high-voltage circuit breaker;Unknown synchronization;Not reported;arc-extinguishing;case-study type dropped: Maintainable item | default online/offline dropped: Unknown synchronization | input-for-model dropped: Not reported;Health assessment;;SF6 high-voltage circuit breaker;;;arc-extinguishing;5;15
708;extraction_papers\ontocast_runs\run_500_more_20260721_105503\output\facts_33dc516dd8de.ttl;2;Health assessment;Maintainable item;Not reported;Unknown synchronization;Not reported;FactsbatteryHealth1, handcrafted features, specific datasets, time-domain features, wavelet-domain features;case-study type dropped: Maintainable item | case study dropped: Not reported | default online/offline dropped: Unknown synchronization | input-for-model dropped: Not reported;Health assessment;;;;;FactsbatteryHealth1, handcrafted features, specific datasets, time-domain features, wavelet-domain features;5;15
709;extraction_papers\ontocast_runs\run_500_more_20260721_105503\output\facts_3411fc81c13b.ttl;1;Health assessment;Maintainable item;axle box bearing;Unknown synchronization;Not reported;Not reported;case-study type dropped: Maintainable item | default online/offline dropped: Unknown synchronization | input-for-model dropped: Not reported | input type dropped: Not reported;Health assessment;;axle box bearing;;;;5;15
710;extraction_papers\ontocast_runs\run_500_more_20260721_105503\output\facts_34364e5d4324.ttl;1;Fault detection;Maintainable item;load current unbalance;Unknown synchronization;Not reported;Not reported;case-study type dropped: Maintainable item | default online/offline dropped: Unknown synchronization | input-for-model dropped: Not reported | input type dropped: Not reported;Fault detection;;load current unbalance;;;;5;15
711;extraction_papers\ontocast_runs\run_500_more_20260721_105503\output\facts_34e11e29a9e0.ttl;1;Fault detection;Maintainable item;Power transformer;Unknown synchronization;Not reported;Insulation, Temperature, Failure, FactsinsulationDegradation, Load, FactsrelieffBasedAttributePreference, thermal transients, cellulose insulation degradation, Humidity, Age, demand variation;case-study type dropped: Maintainable item | default online/offline dropped: Unknown synchronization | input-for-model dropped: Not reported;Fault detection;;Power transformer;;;Insulation, Temperature, Failure, FactsinsulationDegradation, Load, FactsrelieffBasedAttributePreference, thermal transients, cellulose insulation degradation, Humidity, Age, demand variation;5;15
712;extraction_papers\ontocast_runs\run_500_more_20260721_105503\output\facts_34f4f204165a.ttl;1;Fault detection;Maintainable item;Factsrotor_1;Unknown synchronization;Not reported;cutting force;case-study type dropped: Maintainable item | case study dropped: Factsrotor_1 | default online/offline dropped: Unknown synchronization | input-for-model dropped: Not reported;Fault detection;;;;;cutting force;5;15
713;extraction_papers\ontocast_runs\run_500_more_20260721_105503\output\facts_35bd4a298d1d.ttl;1;Remaining useful life estimation;Maintainable item;case study record;Unknown synchronization;Not reported;RUL, sugarcane flow, electrical power, Factssec1;case-study type dropped: Maintainable item | default online/offline dropped: Unknown synchronization | input-for-model dropped: Not reported;Remaining useful life estimation;;case study record;;;RUL, sugarcane flow, electrical power, Factssec1;5;15
714;extraction_papers\ontocast_runs\run_500_more_20260721_105503\output\facts_35fb99a9cf9a.ttl;2;Health assessment;Maintainable item;OCTG systems;Unknown synchronization;Not reported;corrosive substances, temperature, fluid chemistry, stress;case-study type dropped: Maintainable item | default online/offline dropped: Unknown synchronization | input-for-model dropped: Not reported;Health assessment;;OCTG systems;;;corrosive substances, temperature, fluid chemistry, stress;5;15
715;extraction_papers\ontocast_runs\run_500_more_20260721_105503\output\facts_360b674b9ae4.ttl;1;Fault detection;Maintainable item;Factsbearing_2;Unknown synchronization;Not reported;FT features;case-study type dropped: Maintainable item | case study dropped: Factsbearing_2 | default online/offline dropped: Unknown synchronization | input-for-model dropped: Not reported;Fault detection;;;;;FT features;5;15
716;extraction_papers\ontocast_runs\run_500_more_20260721_105503\output\facts_37902542e7d3.ttl;1;Fault detection;Maintainable item;fragile;Unknown synchronization;Not reported;CNNs, current signals, spectral sidebands, signals that change with time, transient features, vibration signals;case-study type dropped: Maintainable item | default online/offline dropped: Unknown synchronization | input-for-model dropped: Not reported;Fault detection;;fragile;;;CNNs, current signals, spectral sidebands, signals that change with time, transient features, vibration signals;5;15
717;extraction_papers\ontocast_runs\run_500_more_20260721_105503\output\facts_37d3b512f559.ttl;2;Fault detection;Maintainable item;Factsfact89;Unknown synchronization;Not reported;Factsfact58_2;case-study type dropped: Maintainable item | case study dropped: Factsfact89 | default online/offline dropped: Unknown synchronization | input-for-model dropped: Not reported | input type dropped: Factsfact58_2;Fault detection;;;;;;5;15
718;extraction_papers\ontocast_runs\run_500_more_20260721_105503\output\facts_38008a39d8ba.ttl;1;Fault detection;Maintainable item;cylindrical structures;Unknown synchronization;Not reported;Not reported;case-study type dropped: Maintainable item | default online/offline dropped: Unknown synchronization | input-for-model dropped: Not reported | input type dropped: Not reported;Fault detection;;cylindrical structures;;;;5;15
719;extraction_papers\ontocast_runs\run_500_more_20260721_105503\output\facts_38cb47eaae78.ttl;2;Fault feature extraction;Maintainable item;multilayered PCB;Unknown synchronization;Not reported;Factsvar2_1;case-study type dropped: Maintainable item | default online/offline dropped: Unknown synchronization | input-for-model dropped: Not reported | input type dropped: Factsvar2_1;Fault feature extraction;;multilayered PCB;;;;5;15
720;extraction_papers\ontocast_runs\run_500_more_20260721_105503\output\facts_394b36f37a87.ttl;1;Fault detection;Maintainable item;bearing;Unknown synchronization;Not reported;systematic feature extraction, measured signals, raw data features, vibration signals;case-study type dropped: Maintainable item | default online/offline dropped: Unknown synchronization | input-for-model dropped: Not reported;Fault detection;;bearing;;;systematic feature extraction, measured signals, raw data features, vibration signals;5;15
721;extraction_papers\ontocast_runs\run_500_more_20260721_105503\output\facts_399c85ed8b40.ttl;3;Health assessment;Maintainable item;rim;Unknown synchronization;Not reported;reverberation time, ADF method, mass, sound absorption coefficient;case-study type dropped: Maintainable item | default online/offline dropped: Unknown synchronization | input-for-model dropped: Not reported;Health assessment;;rim;;;reverberation time, ADF method, mass, sound absorption coefficient;5;15
722;extraction_papers\ontocast_runs\run_500_more_20260721_105503\output\facts_39bf81af29ee.ttl;1;Remaining useful life estimation;Maintainable item;Factsbattery_aging1;Unknown synchronization;Not reported;InformationContentEntity;case-study type dropped: Maintainable item | case study dropped: Factsbattery_aging1 | default online/offline dropped: Unknown synchronization | input-for-model dropped: Not reported;Remaining useful life estimation;;;;;InformationContentEntity;5;15
723;extraction_papers\ontocast_runs\run_500_more_20260721_105503\output\facts_3a42ffd44a80.ttl;1;Fault detection;Maintainable item;bearing dataset;Unknown synchronization;Not reported;FactsdataCorruption, FactsdataDistributionDiscrepancies, FactsgrayscaleImages_1, FactslimitedTrainingData, FactsoperationalVariability, FactsprivacyConcerns, FactswaveletCoherence;case-study type dropped: Maintainable item | default online/offline dropped: Unknown synchronization | input-for-model dropped: Not reported;Fault detection;;bearing dataset;;;FactsdataCorruption, FactsdataDistributionDiscrepancies, FactsgrayscaleImages_1, FactslimitedTrainingData, FactsoperationalVariability, FactsprivacyConcerns, FactswaveletCoherence;5;15
724;extraction_papers\ontocast_runs\run_500_more_20260721_105503\output\facts_3acd98748b79.ttl;1;Health assessment;Maintainable item;transformer;Unknown synchronization;Not reported;Ethane, Oil temperature at site, CO, Breakdown Voltage;case-study type dropped: Maintainable item | default online/offline dropped: Unknown synchronization | input-for-model dropped: Not reported;Health assessment;;transformer;;;Ethane, Oil temperature at site, CO, Breakdown Voltage;5;15
725;extraction_papers\ontocast_runs\run_500_more_20260721_105503\output\facts_3b08c804a1da.ttl;1;Fault detection;Maintainable item;earthing brush fault;Unknown synchronization;Not reported;shaft current, shaft voltage;case-study type dropped: Maintainable item | default online/offline dropped: Unknown synchronization | input-for-model dropped: Not reported;Fault detection;;earthing brush fault;;;shaft current, shaft voltage;5;15
726;extraction_papers\ontocast_runs\run_500_more_20260721_105503\output\facts_3d0e659cfff8.ttl;1;Fault detection;Maintainable item;WTB;Unknown synchronization;Not reported;RGB imagery, infrared thermography;case-study type dropped: Maintainable item | default online/offline dropped: Unknown synchronization | input-for-model dropped: Not reported;Fault detection;;WTB;;;RGB imagery, infrared thermography;5;15
727;extraction_papers\ontocast_runs\run_500_more_20260721_105503\output\facts_3d4ae289478c.ttl;1;Fault detection;Maintainable item;motors;Unknown synchronization;Not reported;image data, operational behavior, weather conditions, power generation, drive train characteristics, vibration data, acceleration data, label space, NBM;case-study type dropped: Maintainable item | default online/offline dropped: Unknown synchronization | input-for-model dropped: Not reported;Fault detection;;motors;;;image data, operational behavior, weather conditions, power generation, drive train characteristics, vibration data, acceleration data, label space, NBM;5;15
728;extraction_papers\ontocast_runs\run_500_more_20260721_105503\output\facts_3dddf83495dd.ttl;1;Fault detection;Maintainable item;safety;Unknown synchronization;Not reported;fault histories, sensor measurements;case-study type dropped: Maintainable item | default online/offline dropped: Unknown synchronization | input-for-model dropped: Not reported;Fault detection;;safety;;;fault histories, sensor measurements;5;15
729;extraction_papers\ontocast_runs\run_500_more_20260721_105503\output\facts_3e28de484ec6.ttl;1;Remaining useful life estimation;Maintainable item;FactsbessThailandCase;Unknown synchronization;Not reported;FactsbatteryAge;case-study type dropped: Maintainable item | case study dropped: FactsbessThailandCase | default online/offline dropped: Unknown synchronization | input-for-model dropped: Not reported | input type dropped: FactsbatteryAge;Remaining useful life estimation;;;;;;5;15
730;extraction_papers\ontocast_runs\run_500_more_20260721_105503\output\facts_3e472733607f.ttl;2;One step future state forecast;Maintainable item;battery energy storage systems;Unknown synchronization;Not reported;Not reported;case-study type dropped: Maintainable item | default online/offline dropped: Unknown synchronization | input-for-model dropped: Not reported | input type dropped: Not reported;One step future state forecast;;battery energy storage systems;;;;5;15
731;extraction_papers\ontocast_runs\run_500_more_20260721_105503\output\facts_3ee1f134ad86.ttl;1;Remaining useful life estimation;Maintainable item;composite insulators;Unknown synchronization;Not reported;lack of in-depth research on the comprehensive analysis of multiple functional groups, spectral features, HC1, hydrophobicity, FactssampleCount, Shore A hardness, Factsvar3_4;case-study type dropped: Maintainable item | default online/offline dropped: Unknown synchronization | input-for-model dropped: Not reported;Remaining useful life estimation;;composite insulators;;;lack of in-depth research on the comprehensive analysis of multiple functional groups, spectral features, HC1, hydrophobicity, FactssampleCount, Shore A hardness, Factsvar3_4;5;15
732;extraction_papers\ontocast_runs\run_500_more_20260721_105503\output\facts_3fabc092af26.ttl;2;Remaining useful life estimation;Maintainable item;Emergency Drive Control Unit;Unknown synchronization;Not reported;failure rate, year;case-study type dropped: Maintainable item | default online/offline dropped: Unknown synchronization | input-for-model dropped: Not reported;Remaining useful life estimation;;Emergency Drive Control Unit;;;failure rate, year;5;15
733;extraction_papers\ontocast_runs\run_500_more_20260721_105503\output\facts_3ff8ec2de53f.ttl;1;Fault detection;Maintainable item;industrial motors;Unknown synchronization;Not reported;FactsdataVar3, residual errors, FFT spectra, component temperatures, vibration intensity, sensor data, 100%;case-study type dropped: Maintainable item | default online/offline dropped: Unknown synchronization | input-for-model dropped: Not reported;Fault detection;;industrial motors;;;FactsdataVar3, residual errors, FFT spectra, component temperatures, vibration intensity, sensor data, 100%;5;15
734;extraction_papers\ontocast_runs\run_500_more_20260721_105503\output\facts_403f3676d16a.ttl;1;Fault detection;Maintainable item;engine;Unknown synchronization;Not reported;acoustics, sensor signal, pressure, FactsshaftRotationFrequency, temperature, vibration;case-study type dropped: Maintainable item | default online/offline dropped: Unknown synchronization | input-for-model dropped: Not reported;Fault detection;;engine;;;acoustics, sensor signal, pressure, FactsshaftRotationFrequency, temperature, vibration;5;15
735;extraction_papers\ontocast_runs\run_500_more_20260721_105503\output\facts_4060c2af021d.ttl;1;Fault detection;Maintainable item;gears;Unknown synchronization;Not reported;crack expansion path, damage features, sensor data;case-study type dropped: Maintainable item | default online/offline dropped: Unknown synchronization | input-for-model dropped: Not reported;Fault detection;;gears;;;crack expansion path, damage features, sensor data;5;15
736;extraction_papers\ontocast_runs\run_500_more_20260721_105503\output\facts_40ebb960239f.ttl;1;Fault detection;Maintainable item;machines;Unknown synchronization;Not reported;historical equipment data, sensor data;case-study type dropped: Maintainable item | default online/offline dropped: Unknown synchronization | input-for-model dropped: Not reported;Fault detection;;machines;;;historical equipment data, sensor data;5;15
737;extraction_papers\ontocast_runs\run_500_more_20260721_105503\output\facts_4131bb2becd4.ttl;1;Health assessment;Maintainable item;Factsblade1;Unknown synchronization;Not reported;blade asynchronous vibration parameters, sampling frequency, signal parameters;case-study type dropped: Maintainable item | case study dropped: Factsblade1 | default online/offline dropped: Unknown synchronization | input-for-model dropped: Not reported;Health assessment;;;;;blade asynchronous vibration parameters, sampling frequency, signal parameters;5;15
738;extraction_papers\ontocast_runs\run_500_more_20260721_105503\output\facts_416cc3264b07.ttl;1;Fault detection;Maintainable item;rotating ring;Unknown synchronization;Not reported;FactsabrasiveParticleImpacts, acoustic emission, FactsadhesiveWear, FactsdryContact, fluid pressure, FactshighFrequencyAeSignals, rotational speed, running condition, temperature, vibration, wear;case-study type dropped: Maintainable item | default online/offline dropped: Unknown synchronization | input-for-model dropped: Not reported;Fault detection;;rotating ring;;;FactsabrasiveParticleImpacts, acoustic emission, FactsadhesiveWear, FactsdryContact, fluid pressure, FactshighFrequencyAeSignals, rotational speed, running condition, temperature, vibration, wear;5;15
739;extraction_papers\ontocast_runs\run_500_more_20260721_105503\output\facts_427c2c6eadad.ttl;1;Remaining useful life estimation;Maintainable item;fuel cell;Unknown synchronization;Not reported;threshold voltage Vth, FactsfeatureOnResistance, rated current;case-study type dropped: Maintainable item | default online/offline dropped: Unknown synchronization | input-for-model dropped: Not reported;Remaining useful life estimation;;fuel cell;;;threshold voltage Vth, FactsfeatureOnResistance, rated current;5;15
740;extraction_papers\ontocast_runs\run_500_more_20260721_105503\output\facts_4377d4032cde.ttl;2;Health assessment;Maintainable item;Flexspline;Unknown synchronization;Not reported;random variable, output state variable;case-study type dropped: Maintainable item | default online/offline dropped: Unknown synchronization | input-for-model dropped: Not reported;Health assessment;;Flexspline;;;random variable, output state variable;5;15
741;extraction_papers\ontocast_runs\run_500_more_20260721_105503\output\facts_43bc51ac738d.ttl;1;Fault identification;Maintainable item;transformer;Unknown synchronization;Not reported;FRA response curve, input voltage, inrush current, magnitude, neutral current patterns, negative sequence line currents, on-load excitation currents, Park's vector modulus, phase angle, primary current measurements, RNSC, sequence components of current and voltage, symmetrical components, terminal parameters, turns ratio, zero sequence;case-study type dropped: Maintainable item | default online/offline dropped: Unknown synchronization | input-for-model dropped: Not reported;Fault identification;;transformer;;;FRA response curve, input voltage, inrush current, magnitude, neutral current patterns, negative sequence line currents, on-load excitation currents, Park's vector modulus, phase angle, primary current measurements, RNSC, sequence components of current and voltage, symmetrical components, terminal parameters, turns ratio, zero sequence;5;15
742;extraction_papers\ontocast_runs\run_500_more_20260721_105503\output\facts_44eed7eba562.ttl;1;One step future state forecast;Maintainable item;FactselectromechanicalOscillatorBatteries;Unknown synchronization;Not reported;missing degradation samples;case-study type dropped: Maintainable item | case study dropped: FactselectromechanicalOscillatorBatteries | default online/offline dropped: Unknown synchronization | input-for-model dropped: Not reported;One step future state forecast;;;;;missing degradation samples;5;15
743;extraction_papers\ontocast_runs\run_500_more_20260721_105503\output\facts_455e01077095.ttl;2;Health assessment;Maintainable item;MU-TCM;Unknown synchronization;Not reported;external sensors, internal CNC signals, sensor fusion, tool condition monitoring;case-study type dropped: Maintainable item | default online/offline dropped: Unknown synchronization | input-for-model dropped: Not reported;Health assessment;;MU-TCM;;;external sensors, internal CNC signals, sensor fusion, tool condition monitoring;5;15
744;extraction_papers\ontocast_runs\run_500_more_20260721_105503\output\facts_46ba57ba8a25.ttl;1;Multiple steps future state forecast;Maintainable item;solar array;Unknown synchronization;Not reported;temperature telemetry data, non-stationary, multi-scale dynamics, pointwise attention, stationarity assumptions, multivariate telemetry parameters characterizing the thermal state of solar array;case-study type dropped: Maintainable item | default online/offline dropped: Unknown synchronization | input-for-model dropped: Not reported;Multiple steps future state forecast;;solar array;;;temperature telemetry data, non-stationary, multi-scale dynamics, pointwise attention, stationarity assumptions, multivariate telemetry parameters characterizing the thermal state of solar array;5;15
745;extraction_papers\ontocast_runs\run_500_more_20260721_105503\output\facts_4774d48830bd.ttl;1;Fault detection;Maintainable item;SiC-based medium-voltage hybrid clamped converter;Unknown synchronization;Not reported;Factsresult1, Factstopic6_1;case-study type dropped: Maintainable item | default online/offline dropped: Unknown synchronization | input-for-model dropped: Not reported;Fault detection;;SiC-based medium-voltage hybrid clamped converter;;;Factsresult1, Factstopic6_1;5;15
746;extraction_papers\ontocast_runs\run_500_more_20260721_105503\output\facts_480b9e05ea3f.ttl;1;One step future state forecast;Maintainable item;clean reference module;Unknown synchronization;Not reported;PM concentration, ambient temperature, deposition velocity, FactsdesertProximity1, dust properties, hourly data, particle size, rainfall, relative humidity, seasonal patterns, tilt angle, environmental data, PM10;case-study type dropped: Maintainable item | default online/offline dropped: Unknown synchronization | input-for-model dropped: Not reported;One step future state forecast;;clean reference module;;;PM concentration, ambient temperature, deposition velocity, FactsdesertProximity1, dust properties, hourly data, particle size, rainfall, relative humidity, seasonal patterns, tilt angle, environmental data, PM10;5;15
747;extraction_papers\ontocast_runs\run_500_more_20260721_105503\output\facts_4818c2526caa.ttl;1;Remaining useful life estimation;Maintainable item;UAV BLDC motor;Unknown synchronization;Not reported;FactsfeatureHi;case-study type dropped: Maintainable item | default online/offline dropped: Unknown synchronization | input-for-model dropped: Not reported | input type dropped: FactsfeatureHi;Remaining useful life estimation;;UAV BLDC motor;;;;5;15
748;extraction_papers\ontocast_runs\run_500_more_20260721_105503\output\facts_483c0c762f6e.ttl;1;Remaining useful life estimation;Maintainable item;maintainable item;Unknown synchronization;Not reported;data variable;case-study type dropped: Maintainable item | default online/offline dropped: Unknown synchronization | input-for-model dropped: Not reported;Remaining useful life estimation;;maintainable item;;;data variable;5;15
749;extraction_papers\ontocast_runs\run_500_more_20260721_105503\output\facts_4847f1f56c7d.ttl;1;One step future state forecast;Maintainable item;Not reported;Unknown synchronization;Not reported;Not reported;case-study type dropped: Maintainable item | case study dropped: Not reported | default online/offline dropped: Unknown synchronization | input-for-model dropped: Not reported | input type dropped: Not reported;One step future state forecast;;;;;;5;15
750;extraction_papers\ontocast_runs\run_500_more_20260721_105503\output\facts_4856d70456dc.ttl;1;Health assessment;Maintainable item;CWP;Unknown synchronization;Not reported;Factstdh1, temperatures of the bearings, temperatures of the electrical motor, vibrations in the main axial axis of the pump bearings;case-study type dropped: Maintainable item | default online/offline dropped: Unknown synchronization | input-for-model dropped: Not reported;Health assessment;;CWP;;;Factstdh1, temperatures of the bearings, temperatures of the electrical motor, vibrations in the main axial axis of the pump bearings;5;15
751;extraction_papers\ontocast_runs\run_500_more_20260721_105503\output\facts_487c20806b87.ttl;1;One step future state forecast;Maintainable item;FactsproductionLines;Unknown synchronization;Not reported;3-axis accelerometer ADXL345, FactsairborneParticleConcentration, FactsambientHeatAccumulation, FactsmechanicalImbalance, FactsmechanicalStress, PMS5003 laser-based sensor, clamp-type current sensor SCT013, FactssensorInterruptions, DHT21 digital sensor, FactswindowBasedSmoothing;case-study type dropped: Maintainable item | case study dropped: FactsproductionLines | default online/offline dropped: Unknown synchronization | input-for-model dropped: Not reported;One step future state forecast;;;;;3-axis accelerometer ADXL345, FactsairborneParticleConcentration, FactsambientHeatAccumulation, FactsmechanicalImbalance, FactsmechanicalStress, PMS5003 laser-based sensor, clamp-type current sensor SCT013, FactssensorInterruptions, DHT21 digital sensor, FactswindowBasedSmoothing;5;15
752;extraction_papers\ontocast_runs\run_500_more_20260721_105503\output\facts_48e7431f374c.ttl;1;Fault detection;Maintainable item;FactsagriculturalMachinery;Unknown synchronization;Not reported;FactsrepairRateSamples;case-study type dropped: Maintainable item | case study dropped: FactsagriculturalMachinery | default online/offline dropped: Unknown synchronization | input-for-model dropped: Not reported | input type dropped: FactsrepairRateSamples;Fault detection;;;;;;5;15
753;extraction_papers\ontocast_runs\run_500_more_20260721_105503\output\facts_4960be284298.ttl;1;One step future state forecast;Maintainable item;Not reported;Unknown synchronization;Not reported;Not reported;case-study type dropped: Maintainable item | case study dropped: Not reported | default online/offline dropped: Unknown synchronization | input-for-model dropped: Not reported | input type dropped: Not reported;One step future state forecast;;;;;;5;15
754;extraction_papers\ontocast_runs\run_500_more_20260721_105503\output\facts_498b8d9f5608.ttl;1;Remaining useful life estimation;Maintainable item;lithium-ion battery;Unknown synchronization;Not reported;LSTM;case-study type dropped: Maintainable item | default online/offline dropped: Unknown synchronization | input-for-model dropped: Not reported;Remaining useful life estimation;;lithium-ion battery;;;LSTM;5;15
755;extraction_papers\ontocast_runs\run_500_more_20260721_105503\output\facts_498d5e8d4af6.ttl;1;Remaining useful life estimation;Maintainable item;laboratory datasets;Unknown synchronization;Not reported;global dependencies, intrinsic mode functions, local transient behaviors, multi-scale degradation features, vibration signal;case-study type dropped: Maintainable item | default online/offline dropped: Unknown synchronization | input-for-model dropped: Not reported;Remaining useful life estimation;;laboratory datasets;;;global dependencies, intrinsic mode functions, local transient behaviors, multi-scale degradation features, vibration signal;5;15
756;extraction_papers\ontocast_runs\run_500_more_20260721_105503\output\facts_49909df6aca0.ttl;1;Fault detection;Maintainable item;Factssensor1_6;Unknown synchronization;Not reported;costs;case-study type dropped: Maintainable item | case study dropped: Factssensor1_6 | default online/offline dropped: Unknown synchronization | input-for-model dropped: Not reported;Fault detection;;;;;costs;5;15
757;extraction_papers\ontocast_runs\run_500_more_20260721_105503\output\facts_499b69023fe2.ttl;1;Health assessment;Maintainable item;tool wear;Unknown synchronization;Not reported;features extracted from cyclostationarity analysis, cutting force, cutting temperature, Factsvalue1_19;case-study type dropped: Maintainable item | default online/offline dropped: Unknown synchronization | input-for-model dropped: Not reported;Health assessment;;tool wear;;;features extracted from cyclostationarity analysis, cutting force, cutting temperature, Factsvalue1_19;5;15
758;extraction_papers\ontocast_runs\run_500_more_20260721_105503\output\facts_49df6834a2ce.ttl;2;Fault detection;Maintainable item;battery;Unknown synchronization;Not reported;state of charge, state of health, temperature, voltage, Factsvar3_6;case-study type dropped: Maintainable item | default online/offline dropped: Unknown synchronization | input-for-model dropped: Not reported;Fault detection;;battery;;;state of charge, state of health, temperature, voltage, Factsvar3_6;5;15
759;extraction_papers\ontocast_runs\run_500_more_20260721_105503\output\facts_4a192e8a6c8e.ttl;1;Fault detection;Maintainable item;Factsbearings1;Unknown synchronization;Not reported;single time-series, multi-source heterogeneous fusion, annotated training data, fault sample distributions, semantic attribute transfer, cross-domain feature alignment, multi-class attribute classifiers, tensor prototype alignment, uncertainty-aware dual meta-domain prototype learning, input pairing, Spiking Neural Networks, Cross-Attention Transformers, Mahalanobis distance metrics, multi-scale feature extraction, model ensemble, task homogeneity, multi-kernel channel attention encoders, flexible weight adaptation mechanism, Factsscarce_vibration_data1, average precision;case-study type dropped: Maintainable item | case study dropped: Factsbearings1 | default online/offline dropped: Unknown synchronization | input-for-model dropped: Not reported;Fault detection;;;;;single time-series, multi-source heterogeneous fusion, annotated training data, fault sample distributions, semantic attribute transfer, cross-domain feature alignment, multi-class attribute classifiers, tensor prototype alignment, uncertainty-aware dual meta-domain prototype learning, input pairing, Spiking Neural Networks, Cross-Attention Transformers, Mahalanobis distance metrics, multi-scale feature extraction, model ensemble, task homogeneity, multi-kernel channel attention encoders, flexible weight adaptation mechanism, Factsscarce_vibration_data1, average precision;5;15
760;extraction_papers\ontocast_runs\run_500_more_20260721_105503\output\facts_4a6614d318ab.ttl;1;Health assessment;Maintainable item;FactscoalMineRoofs;Unknown synchronization;Not reported;current signal, FactsdataFusion_1;case-study type dropped: Maintainable item | case study dropped: FactscoalMineRoofs | default online/offline dropped: Unknown synchronization | input-for-model dropped: Not reported;Health assessment;;;;;current signal, FactsdataFusion_1;5;15
761;extraction_papers\ontocast_runs\run_500_more_20260721_105503\output\facts_4ac5feae0fc6.ttl;5;Remaining useful life estimation;Maintainable item;lithium-ion batteries;Unknown synchronization;Not reported;current-based techniques, diagnostic tests, health indicators, battery SOH estimation methods, load conditions, temperature, voltage-based techniques;case-study type dropped: Maintainable item | default online/offline dropped: Unknown synchronization | input-for-model dropped: Not reported;Remaining useful life estimation;;lithium-ion batteries;;;current-based techniques, diagnostic tests, health indicators, battery SOH estimation methods, load conditions, temperature, voltage-based techniques;5;15
762;extraction_papers\ontocast_runs\run_500_more_20260721_105503\output\facts_4b32763b0987.ttl;1;Fault detection;Maintainable item;insulation system;Unknown synchronization;Not reported;FactsdiscreteSinusoidalInterference, PD signals, FactsfreeSpacePropagationVelocity, FactspdPulsePropagationVelocity, FactstimeOfArrivalEstimation;case-study type dropped: Maintainable item | default online/offline dropped: Unknown synchronization | input-for-model dropped: Not reported;Fault detection;;insulation system;;;FactsdiscreteSinusoidalInterference, PD signals, FactsfreeSpacePropagationVelocity, FactspdPulsePropagationVelocity, FactstimeOfArrivalEstimation;5;15
763;extraction_papers\ontocast_runs\run_500_more_20260721_105503\output\facts_4b8fb8b45222.ttl;1;One step future state forecast;Maintainable item;Not reported;Unknown synchronization;Not reported;Not reported;case-study type dropped: Maintainable item | case study dropped: Not reported | default online/offline dropped: Unknown synchronization | input-for-model dropped: Not reported | input type dropped: Not reported;One step future state forecast;;;;;;5;15
764;extraction_papers\ontocast_runs\run_500_more_20260721_105503\output\facts_4bafdce385c3.ttl;1;Fault detection;Maintainable item;machines;Unknown synchronization;Not reported;machine interdependencies, temporal dependencies, Factsvar3_25, workflow optimization;case-study type dropped: Maintainable item | default online/offline dropped: Unknown synchronization | input-for-model dropped: Not reported;Fault detection;;machines;;;machine interdependencies, temporal dependencies, Factsvar3_25, workflow optimization;5;15
765;extraction_papers\ontocast_runs\run_500_more_20260721_105503\output\facts_4c050a46c9ce.ttl;1;Fault detection;Maintainable item;FactspvModule;Unknown synchronization;Not reported;PV panel temperature, temperature distribution, Factsimpedance, FactsparallelCapacitance, FactsparallelResistance, FactstemperatureDistribution;case-study type dropped: Maintainable item | case study dropped: FactspvModule | default online/offline dropped: Unknown synchronization | input-for-model dropped: Not reported;Fault detection;;;;;PV panel temperature, temperature distribution, Factsimpedance, FactsparallelCapacitance, FactsparallelResistance, FactstemperatureDistribution;5;15
766;extraction_papers\ontocast_runs\run_500_more_20260721_105503\output\facts_4dc413125288.ttl;1;Fault identification;Maintainable item;bearing systems;Unknown synchronization;Not reported;multiple lubrication states, vibration signal, structural defect scenarios, Factsvar3_5;case-study type dropped: Maintainable item | default online/offline dropped: Unknown synchronization | input-for-model dropped: Not reported;Fault identification;;bearing systems;;;multiple lubrication states, vibration signal, structural defect scenarios, Factsvar3_5;5;15
767;extraction_papers\ontocast_runs\run_500_more_20260721_105503\output\facts_4def50cc615e.ttl;1;Health assessment;Maintainable item;gas turbine power plant;Unknown synchronization;Not reported;health and performance insights, high-resolution data, historical maintenance records, real-time operational data;case-study type dropped: Maintainable item | default online/offline dropped: Unknown synchronization | input-for-model dropped: Not reported;Health assessment;;gas turbine power plant;;;health and performance insights, high-resolution data, historical maintenance records, real-time operational data;5;15
768;extraction_papers\ontocast_runs\run_500_more_20260721_105503\output\facts_4e2cc45c075b.ttl;2;Fault identification;Maintainable item;FactslubricatingOil_1;Unknown synchronization;Not reported;FactslubricantHealth, output of TCN at time t in layer l, convolution kernel weights in TCN for layer l, final hidden state from LSTM, mean of latent variable distribution, latent variable sampled from encoder VAE, VAE training loss, Evidence Lower Bound, Kullback-Leibler divergence, health degradation, multivariate time series input, equipment maintenance and repair strategies, impending failures, trend component, residual component, key vector, attention dimension normalization factor, FactsviscosityTemperatureRelationships, FactswearParticleEvolution;case-study type dropped: Maintainable item | case study dropped: FactslubricatingOil_1 | default online/offline dropped: Unknown synchronization | input-for-model dropped: Not reported;Fault identification;;;;;FactslubricantHealth, output of TCN at time t in layer l, convolution kernel weights in TCN for layer l, final hidden state from LSTM, mean of latent variable distribution, latent variable sampled from encoder VAE, VAE training loss, Evidence Lower Bound, Kullback-Leibler divergence, health degradation, multivariate time series input, equipment maintenance and repair strategies, impending failures, trend component, residual component, key vector, attention dimension normalization factor, FactsviscosityTemperatureRelationships, FactswearParticleEvolution;5;15
769;extraction_papers\ontocast_runs\run_500_more_20260721_105503\output\facts_4e8bad82e6fd.ttl;1;Health assessment;Maintainable item;wheel-speed signals under real-world driving conditions;Unknown synchronization;Not reported;road vehicle characteristics, hill grades, steering pad, dynamic operating environments, external noise, load fluctuations, changing road surfaces, non-stationary behavior, dynamic interactions between mechanical subsystems, multiple speeds, time-domain data;case-study type dropped: Maintainable item | default online/offline dropped: Unknown synchronization | input-for-model dropped: Not reported;Health assessment;;wheel-speed signals under real-world driving conditions;;;road vehicle characteristics, hill grades, steering pad, dynamic operating environments, external noise, load fluctuations, changing road surfaces, non-stationary behavior, dynamic interactions between mechanical subsystems, multiple speeds, time-domain data;5;15
770;extraction_papers\ontocast_runs\run_500_more_20260721_105503\output\facts_4ebf9281a20a.ttl;2;Fault detection;Maintainable item;ICE;Unknown synchronization;Not reported;Not reported;case-study type dropped: Maintainable item | default online/offline dropped: Unknown synchronization | input-for-model dropped: Not reported | input type dropped: Not reported;Fault detection;;ICE;;;;5;15
771;extraction_papers\ontocast_runs\run_500_more_20260721_105503\output\facts_4f1313eb578a.ttl;1;Fault detection;Maintainable item;battery;Unknown synchronization;Not reported;battery, constant-current charging isovoltage rise time;case-study type dropped: Maintainable item | default online/offline dropped: Unknown synchronization | input-for-model dropped: Not reported;Fault detection;;battery;;;battery, constant-current charging isovoltage rise time;5;15
772;extraction_papers\ontocast_runs\run_500_more_20260721_105503\output\facts_4f5ab1227bfb.ttl;1;Fault detection;Maintainable item;batteries;Unknown synchronization;Not reported;real-time thermal failure data, FactssensorData_2, simulated sensor-based temperature readings;case-study type dropped: Maintainable item | default online/offline dropped: Unknown synchronization | input-for-model dropped: Not reported;Fault detection;;batteries;;;real-time thermal failure data, FactssensorData_2, simulated sensor-based temperature readings;5;15
773;extraction_papers\ontocast_runs\run_500_more_20260721_105503\output\facts_504fbaca2c8b.ttl;1;Fault detection;Maintainable item;engine oil;Unknown synchronization;Not reported;Not reported;case-study type dropped: Maintainable item | default online/offline dropped: Unknown synchronization | input-for-model dropped: Not reported | input type dropped: Not reported;Fault detection;;engine oil;;;;5;15
774;extraction_papers\ontocast_runs\run_500_more_20260721_105503\output\facts_50ff19bade95.ttl;2;Fault detection;Maintainable item;bearing;Unknown synchronization;Not reported;real industrial data, log-Mel spectrogram frames, real-world idler data, acoustic signal, temperature signal;case-study type dropped: Maintainable item | default online/offline dropped: Unknown synchronization | input-for-model dropped: Not reported;Fault detection;;bearing;;;real industrial data, log-Mel spectrogram frames, real-world idler data, acoustic signal, temperature signal;5;15
775;extraction_papers\ontocast_runs\run_500_more_20260721_105503\output\facts_516ccb2828d2.ttl;1;Fault detection;Maintainable item;FactsdrillingCells;Unknown synchronization;Not reported;FactshighRateSensors, current, drilling power signals;case-study type dropped: Maintainable item | case study dropped: FactsdrillingCells | default online/offline dropped: Unknown synchronization | input-for-model dropped: Not reported;Fault detection;;;;;FactshighRateSensors, current, drilling power signals;5;15
776;extraction_papers\ontocast_runs\run_500_more_20260721_105503\output\facts_51b9d790243c.ttl;2;Fault identification;Maintainable item;OLTC;Unknown synchronization;Not reported;dissolved gas analysis, structured features;case-study type dropped: Maintainable item | default online/offline dropped: Unknown synchronization | input-for-model dropped: Not reported;Fault identification;;OLTC;;;dissolved gas analysis, structured features;5;15
777;extraction_papers\ontocast_runs\run_500_more_20260721_105503\output\facts_51ef3d10cb97.ttl;1;Remaining useful life estimation;Maintainable item;FactsmaintainableItemPemfc;Unknown synchronization;Not reported;input size;case-study type dropped: Maintainable item | case study dropped: FactsmaintainableItemPemfc | default online/offline dropped: Unknown synchronization | input-for-model dropped: Not reported;Remaining useful life estimation;;;;;input size;5;15
778;extraction_papers\ontocast_runs\run_500_more_20260721_105503\output\facts_524da8e615b8.ttl;2;Fault identification;Maintainable item;outer sheath;Unknown synchronization;Not reported;deep learning algorithms, harmonic features, sheath current, sheath potential difference;case-study type dropped: Maintainable item | default online/offline dropped: Unknown synchronization | input-for-model dropped: Not reported;Fault identification;;outer sheath;;;deep learning algorithms, harmonic features, sheath current, sheath potential difference;5;15
779;extraction_papers\ontocast_runs\run_500_more_20260721_105503\output\facts_52a07a59d415.ttl;1;Fault detection;Maintainable item;bearing;Unknown synchronization;Not reported;Not reported;case-study type dropped: Maintainable item | default online/offline dropped: Unknown synchronization | input-for-model dropped: Not reported | input type dropped: Not reported;Fault detection;;bearing;;;;5;15
780;extraction_papers\ontocast_runs\run_500_more_20260721_105503\output\facts_52fe2e63db11.ttl;1;Fault detection;Maintainable item;coupon;Unknown synchronization;Not reported;signal processing;case-study type dropped: Maintainable item | default online/offline dropped: Unknown synchronization | input-for-model dropped: Not reported;Fault detection;;coupon;;;signal processing;5;15
781;extraction_papers\ontocast_runs\run_500_more_20260721_105503\output\facts_5322da858b7c.ttl;1;Health assessment;Maintainable item;lubricating oil;Unknown synchronization;Not reported;feature band selection, wear metal content;case-study type dropped: Maintainable item | default online/offline dropped: Unknown synchronization | input-for-model dropped: Not reported;Health assessment;;lubricating oil;;;feature band selection, wear metal content;5;15
782;extraction_papers\ontocast_runs\run_500_more_20260721_105503\output\facts_5379aad386cd.ttl;2;Fault feature extraction;Maintainable item;cutting tool;Unknown synchronization;Not reported;acoustic emission, cutting forces, historical data, labeled datasets, motor current, physical quantities, real-time data, sound, temperature, images, vibration, wear features;case-study type dropped: Maintainable item | default online/offline dropped: Unknown synchronization | input-for-model dropped: Not reported;Fault feature extraction;;cutting tool;;;acoustic emission, cutting forces, historical data, labeled datasets, motor current, physical quantities, real-time data, sound, temperature, images, vibration, wear features;5;15
783;extraction_papers\ontocast_runs\run_500_more_20260721_105503\output\facts_53bb4ce274f9.ttl;3;Fault feature extraction;Maintainable item;PMSM with 1.0 kW power rating;Unknown synchronization;Not reported;current data, vibration data;case-study type dropped: Maintainable item | default online/offline dropped: Unknown synchronization | input-for-model dropped: Not reported;Fault feature extraction;;PMSM with 1.0 kW power rating;;;current data, vibration data;5;15
784;extraction_papers\ontocast_runs\run_500_more_20260721_105503\output\facts_542330ad6d18.ttl;1;Remaining useful life estimation;Maintainable item;bearing;Unknown synchronization;Not reported;FactsfeatureExtractedFromEmd, FactsfeatureSubsetOptimal, FactsfeatureTimeDomain;case-study type dropped: Maintainable item | default online/offline dropped: Unknown synchronization | input-for-model dropped: Not reported;Remaining useful life estimation;;bearing;;;FactsfeatureExtractedFromEmd, FactsfeatureSubsetOptimal, FactsfeatureTimeDomain;5;15
785;extraction_papers\ontocast_runs\run_500_more_20260721_105503\output\facts_547cc2d59dec.ttl;1;Remaining useful life estimation;Maintainable item;Factsdoi1_26;Unknown synchronization;Not reported;Factsonline, FactstimeT;case-study type dropped: Maintainable item | case study dropped: Factsdoi1_26 | default online/offline dropped: Unknown synchronization | input-for-model dropped: Not reported;Remaining useful life estimation;;;;;Factsonline, FactstimeT;5;15
786;extraction_papers\ontocast_runs\run_500_more_20260721_105503\output\facts_54a25529aea1.ttl;1;Health assessment;Maintainable item;NBM;Unknown synchronization;Not reported;10 min SCADA data, FactsscadaData_1, FactstemperatureSignal1;case-study type dropped: Maintainable item | default online/offline dropped: Unknown synchronization | input-for-model dropped: Not reported;Health assessment;;NBM;;;10 min SCADA data, FactsscadaData_1, FactstemperatureSignal1;5;15
787;extraction_papers\ontocast_runs\run_500_more_20260721_105503\output\facts_54d3b210fcab.ttl;1;Fault detection;Maintainable item;Ti6Al4V parts;Unknown synchronization;Not reported;Belgian electric grid, Belgium, Ti6Al4V;case-study type dropped: Maintainable item | default online/offline dropped: Unknown synchronization | input-for-model dropped: Not reported;Fault detection;;Ti6Al4V parts;;;Belgian electric grid, Belgium, Ti6Al4V;5;15
788;extraction_papers\ontocast_runs\run_500_more_20260721_105503\output\facts_550d81f1c9db.ttl;1;Health assessment;Maintainable item;construction machinery;Unknown synchronization;Not reported;Not reported;case-study type dropped: Maintainable item | default online/offline dropped: Unknown synchronization | input-for-model dropped: Not reported | input type dropped: Not reported;Health assessment;;construction machinery;;;;5;15
789;extraction_papers\ontocast_runs\run_500_more_20260721_105503\output\facts_555dd9093fef.ttl;1;Health assessment;Maintainable item;quality;Unknown synchronization;Not reported;real-time and production data, production data;case-study type dropped: Maintainable item | default online/offline dropped: Unknown synchronization | input-for-model dropped: Not reported;Health assessment;;quality;;;real-time and production data, production data;5;15
790;extraction_papers\ontocast_runs\run_500_more_20260721_105503\output\facts_5569e0774d6c.ttl;3;Fault identification;Maintainable item;bearings;Unknown synchronization;Not reported;Not reported;case-study type dropped: Maintainable item | default online/offline dropped: Unknown synchronization | input-for-model dropped: Not reported | input type dropped: Not reported;Fault identification;;bearings;;;;5;15
791;extraction_papers\ontocast_runs\run_500_more_20260721_105503\output\facts_5592d95ac0f0.ttl;1;Fault detection;Maintainable item;gear;Unknown synchronization;Not reported;FactsrawData;case-study type dropped: Maintainable item | default online/offline dropped: Unknown synchronization | input-for-model dropped: Not reported | input type dropped: FactsrawData;Fault detection;;gear;;;;5;15
792;extraction_papers\ontocast_runs\run_500_more_20260721_105503\output\facts_56120865c1c4.ttl;1;Remaining useful life estimation;Maintainable item;LIBs;Unknown synchronization;Not reported;FactschargingTime, domain-driven feature engineering, FactstemperatureFluctuations_2, FactsvoltageDrops;case-study type dropped: Maintainable item | default online/offline dropped: Unknown synchronization | input-for-model dropped: Not reported;Remaining useful life estimation;;LIBs;;;FactschargingTime, domain-driven feature engineering, FactstemperatureFluctuations_2, FactsvoltageDrops;5;15
793;extraction_papers\ontocast_runs\run_500_more_20260721_105503\output\facts_56cf580069c2.ttl;1;Remaining useful life estimation;Maintainable item;industrial systems;Unknown synchronization;Not reported;X(t), temperature reading;case-study type dropped: Maintainable item | default online/offline dropped: Unknown synchronization | input-for-model dropped: Not reported;Remaining useful life estimation;;industrial systems;;;X(t), temperature reading;5;15
794;extraction_papers\ontocast_runs\run_500_more_20260721_105503\output\facts_56e4062bde20.ttl;1;Remaining useful life estimation;Maintainable item;aero-engines dataset;Unknown synchronization;Not reported;Factsdata_variable1, performance degradation variables;case-study type dropped: Maintainable item | default online/offline dropped: Unknown synchronization | input-for-model dropped: Not reported;Remaining useful life estimation;;aero-engines dataset;;;Factsdata_variable1, performance degradation variables;5;15
795;extraction_papers\ontocast_runs\run_500_more_20260721_105503\output\facts_56fda288cb57.ttl;1;Fault detection;Maintainable item;oil wells;Unknown synchronization;Not reported;bottom hole flow pressure, dynamometer cards, injection volume, production parameters, real-time monitoring data, temperature, time series features, wellhead pressure;case-study type dropped: Maintainable item | default online/offline dropped: Unknown synchronization | input-for-model dropped: Not reported;Fault detection;;oil wells;;;bottom hole flow pressure, dynamometer cards, injection volume, production parameters, real-time monitoring data, temperature, time series features, wellhead pressure;5;15
796;extraction_papers\ontocast_runs\run_500_more_20260721_105503\output\facts_5709a498342e.ttl;1;Fault detection;Maintainable item;hemodialysis;Unknown synchronization;Not reported;Factsvar1_13;case-study type dropped: Maintainable item | default online/offline dropped: Unknown synchronization | input-for-model dropped: Not reported | input type dropped: Factsvar1_13;Fault detection;;hemodialysis;;;;5;15
797;extraction_papers\ontocast_runs\run_500_more_20260721_105503\output\facts_57c8ca890a95.ttl;1;Fault identification;Maintainable item;solder joint;Unknown synchronization;Not reported;surface finish material, solder doping, aging duration, biomedical healthcare data, 255 oral cancer patients, ALT data, reliability, mechanical stress, temperature;case-study type dropped: Maintainable item | default online/offline dropped: Unknown synchronization | input-for-model dropped: Not reported;Fault identification;;solder joint;;;surface finish material, solder doping, aging duration, biomedical healthcare data, 255 oral cancer patients, ALT data, reliability, mechanical stress, temperature;5;15
798;extraction_papers\ontocast_runs\run_500_more_20260721_105503\output\facts_59465130ff38.ttl;1;Fault detection;Maintainable item;generators;Unknown synchronization;Not reported;availability, energy output, error logs, SCADA data, wind turbine signals;case-study type dropped: Maintainable item | default online/offline dropped: Unknown synchronization | input-for-model dropped: Not reported;Fault detection;;generators;;;availability, energy output, error logs, SCADA data, wind turbine signals;5;15
799;extraction_papers\ontocast_runs\run_500_more_20260721_105503\output\facts_595b556991d8.ttl;1;Health assessment;Maintainable item;wind turbine;Unknown synchronization;Not reported;cut-in speed, SCADA data, rated power, rated wind speed, air density, atmospheric pressure, local terrain, standard test conditions, wind turbine power curve, WTPC, source domain;case-study type dropped: Maintainable item | default online/offline dropped: Unknown synchronization | input-for-model dropped: Not reported;Health assessment;;wind turbine;;;cut-in speed, SCADA data, rated power, rated wind speed, air density, atmospheric pressure, local terrain, standard test conditions, wind turbine power curve, WTPC, source domain;5;15
800;extraction_papers\ontocast_runs\run_500_more_20260721_105503\output\facts_5a029f9b9de0.ttl;1;Fault detection;Maintainable item;faulty bearings;Unknown synchronization;Not reported;electroencephalography signals, extracted features, historical data, raw signals, vibration signals;case-study type dropped: Maintainable item | default online/offline dropped: Unknown synchronization | input-for-model dropped: Not reported;Fault detection;;faulty bearings;;;electroencephalography signals, extracted features, historical data, raw signals, vibration signals;5;15
801;extraction_papers\ontocast_runs\run_500_more_20260721_105503\output\facts_5b6b172d2f15.ttl;1;One step future state forecast;Maintainable item;dataset collection;Unknown synchronization;Not reported;feed rate, model-based experience data;case-study type dropped: Maintainable item | default online/offline dropped: Unknown synchronization | input-for-model dropped: Not reported;One step future state forecast;;dataset collection;;;feed rate, model-based experience data;5;15
802;extraction_papers\ontocast_runs\run_500_more_20260721_105503\output\facts_5b8b1125e2e5.ttl;1;Health assessment;Maintainable item;cloud;Unknown synchronization;Not reported;cloud;case-study type dropped: Maintainable item | default online/offline dropped: Unknown synchronization | input-for-model dropped: Not reported;Health assessment;;cloud;;;cloud;5;15
803;extraction_papers\ontocast_runs\run_500_more_20260721_105503\output\facts_5cde14efa906.ttl;1;Remaining useful life estimation;Maintainable item;bearing;Unknown synchronization;input;monitoring data, time-frequency domain signals, measured vibration data;case-study type dropped: Maintainable item | default online/offline dropped: Unknown synchronization | input-for-model dropped: input;Remaining useful life estimation;;bearing;;;monitoring data, time-frequency domain signals, measured vibration data;5;15
804;extraction_papers\ontocast_runs\run_500_more_20260721_105503\output\facts_5d51a0b3cf4a.ttl;2;Health assessment;Maintainable item;conveyor belt;Unknown synchronization;Not reported;Doppler shift, RSSI, UHF RFID sensors, small cracks, FactsrfidMonitoring, RFID tags;case-study type dropped: Maintainable item | default online/offline dropped: Unknown synchronization | input-for-model dropped: Not reported;Health assessment;;conveyor belt;;;Doppler shift, RSSI, UHF RFID sensors, small cracks, FactsrfidMonitoring, RFID tags;5;15
805;extraction_papers\ontocast_runs\run_500_more_20260721_105503\output\facts_5e72cd525264.ttl;1;Fault detection;Maintainable item;rolling bearing;Unknown synchronization;Not reported;FactsclassImbalance1, Factscnn1_10;case-study type dropped: Maintainable item | default online/offline dropped: Unknown synchronization | input-for-model dropped: Not reported;Fault detection;;rolling bearing;;;FactsclassImbalance1, Factscnn1_10;5;15
806;extraction_papers\ontocast_runs\run_500_more_20260721_105503\output\facts_5f26ee0524c5.ttl;2;Health assessment;Maintainable item;technician;Unknown synchronization;Not reported;labor;case-study type dropped: Maintainable item | default online/offline dropped: Unknown synchronization | input-for-model dropped: Not reported;Health assessment;;technician;;;labor;5;15
807;extraction_papers\ontocast_runs\run_500_more_20260721_105503\output\facts_5f4caee5286d.ttl;1;Fault detection;Maintainable item;bearing;Unknown synchronization;Not reported;acceleration values, crest factor, health indicator, FactspeakToPeakAmplitude, RMS, vibration data, signal's energy;case-study type dropped: Maintainable item | default online/offline dropped: Unknown synchronization | input-for-model dropped: Not reported;Fault detection;;bearing;;;acceleration values, crest factor, health indicator, FactspeakToPeakAmplitude, RMS, vibration data, signal's energy;5;15
808;extraction_papers\ontocast_runs\run_500_more_20260721_105503\output\facts_6076eabdecc6.ttl;1;One step future state forecast;Maintainable item;Not reported;Unknown synchronization;Not reported;Not reported;case-study type dropped: Maintainable item | case study dropped: Not reported | default online/offline dropped: Unknown synchronization | input-for-model dropped: Not reported | input type dropped: Not reported;One step future state forecast;;;;;;5;15
809;extraction_papers\ontocast_runs\run_500_more_20260721_105503\output\facts_60ad7a949795.ttl;1;Fault detection;Maintainable item;electrical machinery;Unknown synchronization;Not reported;wear, viscosity, sulfur content, temperature, pressure, oil analysis;case-study type dropped: Maintainable item | default online/offline dropped: Unknown synchronization | input-for-model dropped: Not reported;Fault detection;;electrical machinery;;;wear, viscosity, sulfur content, temperature, pressure, oil analysis;5;15
810;extraction_papers\ontocast_runs\run_500_more_20260721_105503\output\facts_6148cd04d138.ttl;1;Remaining useful life estimation;Maintainable item;bearing;Unknown synchronization;Not reported;FactsfeaturesOfBearings, multi-feature fusion, FactsperformanceDegradationData, vibration signals;case-study type dropped: Maintainable item | default online/offline dropped: Unknown synchronization | input-for-model dropped: Not reported;Remaining useful life estimation;;bearing;;;FactsfeaturesOfBearings, multi-feature fusion, FactsperformanceDegradationData, vibration signals;5;15
811;extraction_papers\ontocast_runs\run_500_more_20260721_105503\output\facts_614bfb90048b.ttl;2;Fault detection;Maintainable item;Not reported;Unknown synchronization;Not reported;center distance, pinion speed, torque;case-study type dropped: Maintainable item | case study dropped: Not reported | default online/offline dropped: Unknown synchronization | input-for-model dropped: Not reported;Fault detection;;;;;center distance, pinion speed, torque;5;15
812;extraction_papers\ontocast_runs\run_500_more_20260721_105503\output\facts_616b4aa1e5c4.ttl;1;Fault detection;Maintainable item;FactshardDisk;Unknown synchronization;Not reported;inaccurate or incomplete hard disk data, AUC;case-study type dropped: Maintainable item | case study dropped: FactshardDisk | default online/offline dropped: Unknown synchronization | input-for-model dropped: Not reported;Fault detection;;;;;inaccurate or incomplete hard disk data, AUC;5;15
813;extraction_papers\ontocast_runs\run_500_more_20260721_105503\output\facts_62404ee7380d.ttl;2;Fault feature extraction;Maintainable item;Rolling bearing;Unknown synchronization;Not reported;signal;case-study type dropped: Maintainable item | default online/offline dropped: Unknown synchronization | input-for-model dropped: Not reported;Fault feature extraction;;Rolling bearing;;;signal;5;15
814;extraction_papers\ontocast_runs\run_500_more_20260721_105503\output\facts_6328c37d8c38.ttl;1;Health assessment;Maintainable item;equipment;Unknown synchronization;Not reported;Not reported;case-study type dropped: Maintainable item | default online/offline dropped: Unknown synchronization | input-for-model dropped: Not reported | input type dropped: Not reported;Health assessment;;equipment;;;;5;15
815;extraction_papers\ontocast_runs\run_500_more_20260721_105503\output\facts_6347797044fd.ttl;1;Health assessment;Maintainable item;used engine oil;Unknown synchronization;Not reported;FactsdurationOfUseMonths, FactsoilServiceLife, FactsurbanOperation;case-study type dropped: Maintainable item | default online/offline dropped: Unknown synchronization | input-for-model dropped: Not reported;Health assessment;;used engine oil;;;FactsdurationOfUseMonths, FactsoilServiceLife, FactsurbanOperation;5;15
816;extraction_papers\ontocast_runs\run_500_more_20260721_105503\output\facts_6394f8527d9a.ttl;1;Fault feature extraction;Maintainable item;blade;Unknown synchronization;Not reported;modal parameters;case-study type dropped: Maintainable item | default online/offline dropped: Unknown synchronization | input-for-model dropped: Not reported;Fault feature extraction;;blade;;;modal parameters;5;15
817;extraction_papers\ontocast_runs\run_500_more_20260721_105503\output\facts_63ed91cb9eb9.ttl;1;Health assessment;Maintainable item;air compressor;Unknown synchronization;Not reported;FactsairPressureVariable, analogue/digital sensor signals, GPS data, FactsmotorCurrentVariable, FactsoilTemperatureVariable, operational data, actual readings from sensors, 16 signals logged at 1Hz, temporal patterns;case-study type dropped: Maintainable item | default online/offline dropped: Unknown synchronization | input-for-model dropped: Not reported;Health assessment;;air compressor;;;FactsairPressureVariable, analogue/digital sensor signals, GPS data, FactsmotorCurrentVariable, FactsoilTemperatureVariable, operational data, actual readings from sensors, 16 signals logged at 1Hz, temporal patterns;5;15
818;extraction_papers\ontocast_runs\run_500_more_20260721_105503\output\facts_6472c99dc63a.ttl;1;Fault detection;Maintainable item;vertical machining center;Unknown synchronization;Not reported;accelerometers, force sensors, cutting speed, feed rate, nose radius, volume of material removed, Factssignal1, sound sensors, surface quality prediction, vibration signals, current signals, cutting force signals, feature extraction, dimensionality reduction, neural network;case-study type dropped: Maintainable item | default online/offline dropped: Unknown synchronization | input-for-model dropped: Not reported;Fault detection;;vertical machining center;;;accelerometers, force sensors, cutting speed, feed rate, nose radius, volume of material removed, Factssignal1, sound sensors, surface quality prediction, vibration signals, current signals, cutting force signals, feature extraction, dimensionality reduction, neural network;5;15
819;extraction_papers\ontocast_runs\run_500_more_20260721_105503\output\facts_64825e9ef94b.ttl;2;Fault detection;Maintainable item;IMs;Unknown synchronization;Not reported;fault signatures, Factskw5_3;case-study type dropped: Maintainable item | default online/offline dropped: Unknown synchronization | input-for-model dropped: Not reported;Fault detection;;IMs;;;fault signatures, Factskw5_3;5;15
820;extraction_papers\ontocast_runs\run_500_more_20260721_105503\output\facts_64ae74cefb26.ttl;1;Fault detection;Maintainable item;low-voltage winding;Unknown synchronization;Not reported;FactsimpulseVoltage, FactspartialDischarges, lightning impulses;case-study type dropped: Maintainable item | default online/offline dropped: Unknown synchronization | input-for-model dropped: Not reported;Fault detection;;low-voltage winding;;;FactsimpulseVoltage, FactspartialDischarges, lightning impulses;5;15
821;extraction_papers\ontocast_runs\run_500_more_20260721_105503\output\facts_64d1c611c009.ttl;1;Fault detection;Maintainable item;gear fault;Unknown synchronization;Not reported;gear fault, Factste1;case-study type dropped: Maintainable item | default online/offline dropped: Unknown synchronization | input-for-model dropped: Not reported;Fault detection;;gear fault;;;gear fault, Factste1;5;15
822;extraction_papers\ontocast_runs\run_500_more_20260721_105503\output\facts_64d436510543.ttl;1;Health assessment;Maintainable item;Factscondition_monitoring_case1;Unknown synchronization;Not reported;lossy compression;case-study type dropped: Maintainable item | case study dropped: Factscondition_monitoring_case1 | default online/offline dropped: Unknown synchronization | input-for-model dropped: Not reported;Health assessment;;;;;lossy compression;5;15
823;extraction_papers\ontocast_runs\run_500_more_20260721_105503\output\facts_657a81fd8dcb.ttl;1;Health assessment;Maintainable item;motors;Unknown synchronization;Not reported;line current, voltage, FactsvariableGases;case-study type dropped: Maintainable item | default online/offline dropped: Unknown synchronization | input-for-model dropped: Not reported;Health assessment;;motors;;;line current, voltage, FactsvariableGases;5;15
824;extraction_papers\ontocast_runs\run_500_more_20260721_105503\output\facts_65b89379753f.ttl;1;Fault detection;Maintainable item;Factsgearbox_1;Unknown synchronization;Not reported;annotated fault data, real-world failure, SCADA data, sensor data, temperature readings, vibration signals;case-study type dropped: Maintainable item | case study dropped: Factsgearbox_1 | default online/offline dropped: Unknown synchronization | input-for-model dropped: Not reported;Fault detection;;;;;annotated fault data, real-world failure, SCADA data, sensor data, temperature readings, vibration signals;5;15
825;extraction_papers\ontocast_runs\run_500_more_20260721_105503\output\facts_68102015fd41.ttl;1;Remaining useful life estimation;Maintainable item;catalyst;Unknown synchronization;Not reported;Factsfeature_dimension_change_1, limited training datasets;case-study type dropped: Maintainable item | default online/offline dropped: Unknown synchronization | input-for-model dropped: Not reported;Remaining useful life estimation;;catalyst;;;Factsfeature_dimension_change_1, limited training datasets;5;15
826;extraction_papers\ontocast_runs\run_500_more_20260721_105503\output\facts_681179efc95d.ttl;1;Fault detection;Maintainable item;cutting tool;Unknown synchronization;Not reported;cutting force signal, small number of samples;case-study type dropped: Maintainable item | default online/offline dropped: Unknown synchronization | input-for-model dropped: Not reported;Fault detection;;cutting tool;;;cutting force signal, small number of samples;5;15
827;extraction_papers\ontocast_runs\run_500_more_20260721_105503\output\facts_6849f7ba47df.ttl;1;Fault feature extraction;Maintainable item;battery;Unknown synchronization;Not reported;current, electrochemical impedance spectroscopy, full charge-discharge cycles, voltage;case-study type dropped: Maintainable item | default online/offline dropped: Unknown synchronization | input-for-model dropped: Not reported;Fault feature extraction;;battery;;;current, electrochemical impedance spectroscopy, full charge-discharge cycles, voltage;5;15
828;extraction_papers\ontocast_runs\run_500_more_20260721_105503\output\facts_68b711ea6ca7.ttl;1;Fault identification;Maintainable item;aircraft engine;Unknown synchronization;Not reported;raw monitoring data, fault degradation features, reliability;case-study type dropped: Maintainable item | default online/offline dropped: Unknown synchronization | input-for-model dropped: Not reported;Fault identification;;aircraft engine;;;raw monitoring data, fault degradation features, reliability;5;15
829;extraction_papers\ontocast_runs\run_500_more_20260721_105503\output\facts_6910e322bb9c.ttl;1;Fault detection;Maintainable item;Not reported;Unknown synchronization;Not reported;Not reported;case-study type dropped: Maintainable item | case study dropped: Not reported | default online/offline dropped: Unknown synchronization | input-for-model dropped: Not reported | input type dropped: Not reported;Fault detection;;;;;;5;15
830;extraction_papers\ontocast_runs\run_500_more_20260721_105503\output\facts_69957badf548.ttl;1;Remaining useful life estimation;Maintainable item;cast-resin transformer;Unknown synchronization;Not reported;Factsfeat2, PD datasets;case-study type dropped: Maintainable item | default online/offline dropped: Unknown synchronization | input-for-model dropped: Not reported;Remaining useful life estimation;;cast-resin transformer;;;Factsfeat2, PD datasets;5;15
831;extraction_papers\ontocast_runs\run_500_more_20260721_105503\output\facts_69a4cad7124b.ttl;1;Health assessment;Maintainable item;high-voltage insulator;Unknown synchronization;Not reported;time domain features, leakage current signals, humidity, visual imagery;case-study type dropped: Maintainable item | default online/offline dropped: Unknown synchronization | input-for-model dropped: Not reported;Health assessment;;high-voltage insulator;;;time domain features, leakage current signals, humidity, visual imagery;5;15
832;extraction_papers\ontocast_runs\run_500_more_20260721_105503\output\facts_69a7f3c63dc9.ttl;1;Fault detection;Maintainable item;pumps;Unknown synchronization;Not reported;velocity, FactsatmosphericHumidity, shear stresses, thermal degradation, oxidation hotspots, oil oxidation rates, additive depletion, contaminant transport, sliding meshes, multiphysics coupling, fluid flow, chemical reactions, localized thermal stresses, pressure variations, lubricant chemical composition, remaining productive life, FactsoxygenExposure, temperature, FactsviscosityVariation, FactswaterContamination, FactswearDebris_2;case-study type dropped: Maintainable item | default online/offline dropped: Unknown synchronization | input-for-model dropped: Not reported;Fault detection;;pumps;;;velocity, FactsatmosphericHumidity, shear stresses, thermal degradation, oxidation hotspots, oil oxidation rates, additive depletion, contaminant transport, sliding meshes, multiphysics coupling, fluid flow, chemical reactions, localized thermal stresses, pressure variations, lubricant chemical composition, remaining productive life, FactsoxygenExposure, temperature, FactsviscosityVariation, FactswaterContamination, FactswearDebris_2;5;15
833;extraction_papers\ontocast_runs\run_500_more_20260721_105503\output\facts_69ecad25d3d6.ttl;1;Remaining useful life estimation;Maintainable item;landing gear structures;Unknown synchronization;Not reported;FactsfiveInputs, FactsfuelMass;case-study type dropped: Maintainable item | default online/offline dropped: Unknown synchronization | input-for-model dropped: Not reported;Remaining useful life estimation;;landing gear structures;;;FactsfiveInputs, FactsfuelMass;5;15
834;extraction_papers\ontocast_runs\run_500_more_20260721_105503\output\facts_6a0d3357b87d.ttl;3;Fault detection;Maintainable item;composting systems;Unknown synchronization;Not reported;Not reported;case-study type dropped: Maintainable item | default online/offline dropped: Unknown synchronization | input-for-model dropped: Not reported | input type dropped: Not reported;Fault detection;;composting systems;;;;5;15
835;extraction_papers\ontocast_runs\run_500_more_20260721_105503\output\facts_6a1d05b721c3.ttl;2;Fault detection;Maintainable item;Factsfact16_5;Unknown synchronization;Not reported;Factsfact20_7;case-study type dropped: Maintainable item | case study dropped: Factsfact16_5 | default online/offline dropped: Unknown synchronization | input-for-model dropped: Not reported | input type dropped: Factsfact20_7;Fault detection;;;;;;5;15
836;extraction_papers\ontocast_runs\run_500_more_20260721_105503\output\facts_6a86c844c7f6.ttl;1;Remaining useful life estimation;Maintainable item;ANN;Unknown synchronization;Not reported;ANN;case-study type dropped: Maintainable item | default online/offline dropped: Unknown synchronization | input-for-model dropped: Not reported;Remaining useful life estimation;;ANN;;;ANN;5;15
837;extraction_papers\ontocast_runs\run_500_more_20260721_105503\output\facts_6aea3acabd6f.ttl;1;Fault detection;Maintainable item;bearings;Unknown synchronization;Not reported;FactsacousticEmissionData, Factsvar3_17;case-study type dropped: Maintainable item | default online/offline dropped: Unknown synchronization | input-for-model dropped: Not reported;Fault detection;;bearings;;;FactsacousticEmissionData, Factsvar3_17;5;15
838;extraction_papers\ontocast_runs\run_500_more_20260721_105503\output\facts_6b72ada07f6f.ttl;1;Fault detection;Maintainable item;IoT devices;Unknown synchronization;Not reported;Not reported;case-study type dropped: Maintainable item | default online/offline dropped: Unknown synchronization | input-for-model dropped: Not reported | input type dropped: Not reported;Fault detection;;IoT devices;;;;5;15
839;extraction_papers\ontocast_runs\run_500_more_20260721_105503\output\facts_6d5d47efb24e.ttl;2;Health assessment;Maintainable item;oil-suspended wear particles;Unknown synchronization;Not reported;pressure amplitude, density, flow velocity, acoustic frequency, oil temperature, particle size, viscosity, particle migration dynamics;case-study type dropped: Maintainable item | default online/offline dropped: Unknown synchronization | input-for-model dropped: Not reported;Health assessment;;oil-suspended wear particles;;;pressure amplitude, density, flow velocity, acoustic frequency, oil temperature, particle size, viscosity, particle migration dynamics;5;15
840;extraction_papers\ontocast_runs\run_500_more_20260721_105503\output\facts_6e4d55571d9a.ttl;2;Fault detection;Maintainable item;power transformer;Unknown synchronization;Not reported;Factsvar3_11;case-study type dropped: Maintainable item | default online/offline dropped: Unknown synchronization | input-for-model dropped: Not reported | input type dropped: Factsvar3_11;Fault detection;;power transformer;;;;5;15
841;extraction_papers\ontocast_runs\run_500_more_20260721_105503\output\facts_6e8a6c4c2a74.ttl;1;Remaining useful life estimation;Maintainable item;filter;Unknown synchronization;Not reported;sensor data;case-study type dropped: Maintainable item | default online/offline dropped: Unknown synchronization | input-for-model dropped: Not reported;Remaining useful life estimation;;filter;;;sensor data;5;15
842;extraction_papers\ontocast_runs\run_500_more_20260721_105503\output\facts_6fc5bb24b3e5.ttl;2;Fault feature extraction;Maintainable item;conveyor belt;Unknown synchronization;Not reported;expected operating time, FactsdropHeight, FactsfineMineralFractions, Age;case-study type dropped: Maintainable item | default online/offline dropped: Unknown synchronization | input-for-model dropped: Not reported;Fault feature extraction;;conveyor belt;;;expected operating time, FactsdropHeight, FactsfineMineralFractions, Age;5;15
843;extraction_papers\ontocast_runs\run_500_more_20260721_105503\output\facts_7061c33edf18.ttl;1;Health assessment;Maintainable item;reach stackers;Unknown synchronization;Not reported;sensors;case-study type dropped: Maintainable item | default online/offline dropped: Unknown synchronization | input-for-model dropped: Not reported;Health assessment;;reach stackers;;;sensors;5;15
844;extraction_papers\ontocast_runs\run_500_more_20260721_105503\output\facts_706d6bd20b9d.ttl;2;Fault detection;Maintainable item;photovoltaic cell;Unknown synchronization;Not reported;light, solar radiation;case-study type dropped: Maintainable item | default online/offline dropped: Unknown synchronization | input-for-model dropped: Not reported;Fault detection;;photovoltaic cell;;;light, solar radiation;5;15
845;extraction_papers\ontocast_runs\run_500_more_20260721_105503\output\facts_71c5769fa644.ttl;1;Remaining useful life estimation;Maintainable item;Lithium-Ion Battery;Unknown synchronization;Not reported;Factsvar3_2;case-study type dropped: Maintainable item | default online/offline dropped: Unknown synchronization | input-for-model dropped: Not reported | input type dropped: Factsvar3_2;Remaining useful life estimation;;Lithium-Ion Battery;;;;5;15
846;extraction_papers\ontocast_runs\run_500_more_20260721_105503\output\facts_733c7b5e8831.ttl;1;Health assessment;Maintainable item;Factssolvent_extraction_system1;Unknown synchronization;Not reported;Not reported;case-study type dropped: Maintainable item | case study dropped: Factssolvent_extraction_system1 | default online/offline dropped: Unknown synchronization | input-for-model dropped: Not reported | input type dropped: Not reported;Health assessment;;;;;;5;15
847;extraction_papers\ontocast_runs\run_500_more_20260721_105503\output\facts_738e1930ab30.ttl;1;Fault detection;Maintainable item;tool milling datasets;Unknown synchronization;Not reported;FactsfutureContext, multi-sensor data, multi-source signals, tool wear features;case-study type dropped: Maintainable item | default online/offline dropped: Unknown synchronization | input-for-model dropped: Not reported;Fault detection;;tool milling datasets;;;FactsfutureContext, multi-sensor data, multi-source signals, tool wear features;5;15
848;extraction_papers\ontocast_runs\run_500_more_20260721_105503\output\facts_73c284bfc8ab.ttl;1;Health assessment;Maintainable item;machine tools;Unknown synchronization;Not reported;Not reported;case-study type dropped: Maintainable item | default online/offline dropped: Unknown synchronization | input-for-model dropped: Not reported | input type dropped: Not reported;Health assessment;;machine tools;;;;5;15
849;extraction_papers\ontocast_runs\run_500_more_20260721_105503\output\facts_73c54a5c4d5f.ttl;1;Fault detection;Maintainable item;gear systems;Unknown synchronization;Not reported;vibration signal;case-study type dropped: Maintainable item | default online/offline dropped: Unknown synchronization | input-for-model dropped: Not reported;Fault detection;;gear systems;;;vibration signal;5;15
850;extraction_papers\ontocast_runs\run_500_more_20260721_105503\output\facts_7405b3e5813c.ttl;1;Fault detection;Maintainable item;Factscps62_system;Unknown synchronization;Not reported;Lower-Layer Model;case-study type dropped: Maintainable item | case study dropped: Factscps62_system | default online/offline dropped: Unknown synchronization | input-for-model dropped: Not reported;Fault detection;;;;;Lower-Layer Model;5;15
851;extraction_papers\ontocast_runs\run_500_more_20260721_105503\output\facts_7504d81f814b.ttl;2;Remaining useful life estimation;Maintainable item;railway point machine;Unknown synchronization;Not reported;historical failure records, naive baseline MTTR data, weekly and monthly CCTV camera failure incidents;case-study type dropped: Maintainable item | default online/offline dropped: Unknown synchronization | input-for-model dropped: Not reported;Remaining useful life estimation;;railway point machine;;;historical failure records, naive baseline MTTR data, weekly and monthly CCTV camera failure incidents;5;15
852;extraction_papers\ontocast_runs\run_500_more_20260721_105503\output\facts_75385b6d0f0d.ttl;1;Health assessment;Maintainable item;Uzbekistan;Unknown synchronization;Not reported;Factsvar1_14;case-study type dropped: Maintainable item | default online/offline dropped: Unknown synchronization | input-for-model dropped: Not reported | input type dropped: Factsvar1_14;Health assessment;;Uzbekistan;;;;5;15
853;extraction_papers\ontocast_runs\run_500_more_20260721_105503\output\facts_75bd7cd1fa1e.ttl;1;Fault detection;Maintainable item;15-dimensional comprehensive feature system;Unknown synchronization;Not reported;15-dimensional comprehensive feature system;case-study type dropped: Maintainable item | default online/offline dropped: Unknown synchronization | input-for-model dropped: Not reported;Fault detection;;15-dimensional comprehensive feature system;;;15-dimensional comprehensive feature system;5;15
854;extraction_papers\ontocast_runs\run_500_more_20260721_105503\output\facts_762d69194fa1.ttl;1;Health assessment;Maintainable item;floating offshore wind turbine;Unknown synchronization;Not reported;Factsdata_scarcity1, Factsvariable2_7;case-study type dropped: Maintainable item | default online/offline dropped: Unknown synchronization | input-for-model dropped: Not reported;Health assessment;;floating offshore wind turbine;;;Factsdata_scarcity1, Factsvariable2_7;5;15
855;extraction_papers\ontocast_runs\run_500_more_20260721_105503\output\facts_763e0340d574.ttl;1;Fault detection;Maintainable item;IGBT;Unknown synchronization;Not reported;conduction currents, T a, thermal cycles;case-study type dropped: Maintainable item | default online/offline dropped: Unknown synchronization | input-for-model dropped: Not reported;Fault detection;;IGBT;;;conduction currents, T a, thermal cycles;5;15
856;extraction_papers\ontocast_runs\run_500_more_20260721_105503\output\facts_7656df6082f0.ttl;1;Remaining useful life estimation;Maintainable item;component;Unknown synchronization;Not reported;Factsfact15_12;case-study type dropped: Maintainable item | default online/offline dropped: Unknown synchronization | input-for-model dropped: Not reported | input type dropped: Factsfact15_12;Remaining useful life estimation;;component;;;;5;15
857;extraction_papers\ontocast_runs\run_500_more_20260721_105503\output\facts_769fe1d43616.ttl;1;Health assessment;Maintainable item;tri-axial accelerometer;Unknown synchronization;Not reported;EMD, time-frequency images, vibration signals;case-study type dropped: Maintainable item | default online/offline dropped: Unknown synchronization | input-for-model dropped: Not reported;Health assessment;;tri-axial accelerometer;;;EMD, time-frequency images, vibration signals;5;15
858;extraction_papers\ontocast_runs\run_500_more_20260721_105503\output\facts_772a9799b691.ttl;1;Remaining useful life estimation;Maintainable item;Lithium-Ion Battery;Unknown synchronization;Not reported;Factsdataset2_4;case-study type dropped: Maintainable item | default online/offline dropped: Unknown synchronization | input-for-model dropped: Not reported | input type dropped: Factsdataset2_4;Remaining useful life estimation;;Lithium-Ion Battery;;;;5;15
859;extraction_papers\ontocast_runs\run_500_more_20260721_105503\output\facts_7765cf2bc3b6.ttl;1;Health assessment;Maintainable item;engine;Unknown synchronization;Not reported;performance;case-study type dropped: Maintainable item | default online/offline dropped: Unknown synchronization | input-for-model dropped: Not reported;Health assessment;;engine;;;performance;5;15
860;extraction_papers\ontocast_runs\run_500_more_20260721_105503\output\facts_7770841c9f5e.ttl;1;Fault detection;Maintainable item;Factsfact1;Unknown synchronization;Not reported;Blade angles, humidity, parameter monitoring, sampling rate, Factsvariable5, wind speed;case-study type dropped: Maintainable item | case study dropped: Factsfact1 | default online/offline dropped: Unknown synchronization | input-for-model dropped: Not reported;Fault detection;;;;;Blade angles, humidity, parameter monitoring, sampling rate, Factsvariable5, wind speed;5;15
861;extraction_papers\ontocast_runs\run_500_more_20260721_105503\output\facts_782a4c403490.ttl;1;Fault detection;Maintainable item;Factsdataset1_23;Unknown synchronization;Not reported;accuracy, raw vibration sequence;case-study type dropped: Maintainable item | case study dropped: Factsdataset1_23 | default online/offline dropped: Unknown synchronization | input-for-model dropped: Not reported;Fault detection;;;;;accuracy, raw vibration sequence;5;15
862;extraction_papers\ontocast_runs\run_500_more_20260721_105503\output\facts_78f523a95034.ttl;1;Fault detection;Maintainable item;rail;Unknown synchronization;Not reported;FactsabbrAi, axle positions, cargo position, dynamic loads, geometrical features, load distribution, overloading situations, static load, strain data, synthetic data, track acceleration, track unevenness, train speed, wheel load, wheel loads, difference between each wheel-rail force;case-study type dropped: Maintainable item | default online/offline dropped: Unknown synchronization | input-for-model dropped: Not reported;Fault detection;;rail;;;FactsabbrAi, axle positions, cargo position, dynamic loads, geometrical features, load distribution, overloading situations, static load, strain data, synthetic data, track acceleration, track unevenness, train speed, wheel load, wheel loads, difference between each wheel-rail force;5;15
863;extraction_papers\ontocast_runs\run_500_more_20260721_105503\output\facts_7999991e5dda.ttl;3;Health assessment;Maintainable item;Not reported;Unknown synchronization;Not reported;LDA, PCA;case-study type dropped: Maintainable item | case study dropped: Not reported | default online/offline dropped: Unknown synchronization | input-for-model dropped: Not reported;Health assessment;;;;;LDA, PCA;5;15
864;extraction_papers\ontocast_runs\run_500_more_20260721_105503\output\facts_7a185cb42ae6.ttl;1;Fault detection;Maintainable item;Case Western Reserve University bearing dataset;Unknown synchronization;Not reported;FactslongTermDependency_1, input features, bearing vibration signals;case-study type dropped: Maintainable item | default online/offline dropped: Unknown synchronization | input-for-model dropped: Not reported;Fault detection;;Case Western Reserve University bearing dataset;;;FactslongTermDependency_1, input features, bearing vibration signals;5;15
865;extraction_papers\ontocast_runs\run_500_more_20260721_105503\output\facts_7a267fff1eca.ttl;1;Health assessment;Maintainable item;GaN HEMT;Unknown synchronization;Not reported;FactsambientTemperature, FactsgateLeakageCurrent, FactsvSbd, gate leakage current, dynamic ON-resistance, remaining useful life;case-study type dropped: Maintainable item | default online/offline dropped: Unknown synchronization | input-for-model dropped: Not reported;Health assessment;;GaN HEMT;;;FactsambientTemperature, FactsgateLeakageCurrent, FactsvSbd, gate leakage current, dynamic ON-resistance, remaining useful life;5;15
866;extraction_papers\ontocast_runs\run_500_more_20260721_105503\output\facts_7bbb2c9051f1.ttl;2;Fault detection;Maintainable item;substation secondary system;Unknown synchronization;Not reported;Factsvariable2_1;case-study type dropped: Maintainable item | default online/offline dropped: Unknown synchronization | input-for-model dropped: Not reported | input type dropped: Factsvariable2_1;Fault detection;;substation secondary system;;;;5;15
867;extraction_papers\ontocast_runs\run_500_more_20260721_105503\output\facts_7c6b6ba92bde.ttl;1;Fault detection;Maintainable item;blade pitch system;Unknown synchronization;Not reported;electrical energy output, tower vibration, nacelle yaw, gearbox temperature, SCADA data;case-study type dropped: Maintainable item | default online/offline dropped: Unknown synchronization | input-for-model dropped: Not reported;Fault detection;;blade pitch system;;;electrical energy output, tower vibration, nacelle yaw, gearbox temperature, SCADA data;5;15
868;extraction_papers\ontocast_runs\run_500_more_20260721_105503\output\facts_7ca1103c5775.ttl;2;Fault identification;Maintainable item;Factsenergy1;Unknown synchronization;Not reported;Factsvar1_4;case-study type dropped: Maintainable item | case study dropped: Factsenergy1 | default online/offline dropped: Unknown synchronization | input-for-model dropped: Not reported | input type dropped: Factsvar1_4;Fault identification;;;;;;5;15
869;extraction_papers\ontocast_runs\run_500_more_20260721_105503\output\facts_7cdadd5c13a1.ttl;1;Health assessment;Maintainable item;current health condition;Unknown synchronization;Not reported;health index, maintenance, operating conditions, time;case-study type dropped: Maintainable item | default online/offline dropped: Unknown synchronization | input-for-model dropped: Not reported;Health assessment;;current health condition;;;health index, maintenance, operating conditions, time;5;15
870;extraction_papers\ontocast_runs\run_500_more_20260721_105503\output\facts_7dada0ae49fa.ttl;1;Health assessment;Maintainable item;cylindrical pin;Unknown synchronization;Not reported;real-time sensor data, strain sensor, temperature, vibration;case-study type dropped: Maintainable item | default online/offline dropped: Unknown synchronization | input-for-model dropped: Not reported;Health assessment;;cylindrical pin;;;real-time sensor data, strain sensor, temperature, vibration;5;15
871;extraction_papers\ontocast_runs\run_500_more_20260721_105503\output\facts_7deb509fc064.ttl;1;One step future state forecast;Maintainable item;ship;Unknown synchronization;Not reported;observer;case-study type dropped: Maintainable item | default online/offline dropped: Unknown synchronization | input-for-model dropped: Not reported;One step future state forecast;;ship;;;observer;5;15
872;extraction_papers\ontocast_runs\run_500_more_20260721_105503\output\facts_7e3d97d3e0c5.ttl;1;Fault detection;Maintainable item;FactsJohnDeereTractors;Unknown synchronization;Not reported;Mo, P, Zn, calendar time, density, FactsengineOil, field activities, flash point, fuel contamination, wear particles, iron, FactsironShavings, lead, oil properties, FactstractorAge, FactstractorEngineOil, viscosity, water content, FactswearDebris_1;case-study type dropped: Maintainable item | case study dropped: FactsJohnDeereTractors | default online/offline dropped: Unknown synchronization | input-for-model dropped: Not reported;Fault detection;;;;;Mo, P, Zn, calendar time, density, FactsengineOil, field activities, flash point, fuel contamination, wear particles, iron, FactsironShavings, lead, oil properties, FactstractorAge, FactstractorEngineOil, viscosity, water content, FactswearDebris_1;5;15
873;extraction_papers\ontocast_runs\run_500_more_20260721_105503\output\facts_7e477a998e8e.ttl;1;Fault detection;Maintainable item;assets;Unknown synchronization;Not reported;Not reported;case-study type dropped: Maintainable item | default online/offline dropped: Unknown synchronization | input-for-model dropped: Not reported | input type dropped: Not reported;Fault detection;;assets;;;;5;15
874;extraction_papers\ontocast_runs\run_500_more_20260721_105503\output\facts_7ea70d27e9af.ttl;4;One step future state forecast;Maintainable item;battery;Unknown synchronization;Not reported;Not reported;case-study type dropped: Maintainable item | default online/offline dropped: Unknown synchronization | input-for-model dropped: Not reported | input type dropped: Not reported;One step future state forecast;;battery;;;;5;15
875;extraction_papers\ontocast_runs\run_500_more_20260721_105503\output\facts_7ec43972336f.ttl;1;Remaining useful life estimation;Maintainable item;dust;Unknown synchronization;Not reported;dust;case-study type dropped: Maintainable item | default online/offline dropped: Unknown synchronization | input-for-model dropped: Not reported;Remaining useful life estimation;;dust;;;dust;5;15
876;extraction_papers\ontocast_runs\run_500_more_20260721_105503\output\facts_7ed377e25cf3.ttl;1;Health assessment;Maintainable item;engineering structures;Unknown synchronization;Not reported;residual stress monitoring method;case-study type dropped: Maintainable item | default online/offline dropped: Unknown synchronization | input-for-model dropped: Not reported;Health assessment;;engineering structures;;;residual stress monitoring method;5;15
877;extraction_papers\ontocast_runs\run_500_more_20260721_105503\output\facts_7ff57c0395ff.ttl;1;Fault detection;Maintainable item;wheel-flat;Unknown synchronization;Not reported;ABA measurements, axle-box vibration measurements, solution, vibration signals;case-study type dropped: Maintainable item | default online/offline dropped: Unknown synchronization | input-for-model dropped: Not reported;Fault detection;;wheel-flat;;;ABA measurements, axle-box vibration measurements, solution, vibration signals;5;15
878;extraction_papers\ontocast_runs\run_500_more_20260721_105503\output\facts_8238cf65c01b.ttl;2;Fault detection;Maintainable item;Not reported;Unknown synchronization;Not reported;current, pressure, temperature, vibration;case-study type dropped: Maintainable item | case study dropped: Not reported | default online/offline dropped: Unknown synchronization | input-for-model dropped: Not reported;Fault detection;;;;;current, pressure, temperature, vibration;5;15
879;extraction_papers\ontocast_runs\run_500_more_20260721_105503\output\facts_827f8b267ef1.ttl;2;Fault detection;Maintainable item;Factsbearings_2;Unknown synchronization;Not reported;FactsdeformationsUnderAppliedLoads, FactsfiberBraggGratings, FactsmodeShapes, rotational speed, oil supply rate, ambient temperature, lubricant viscosity, clearances;case-study type dropped: Maintainable item | case study dropped: Factsbearings_2 | default online/offline dropped: Unknown synchronization | input-for-model dropped: Not reported;Fault detection;;;;;FactsdeformationsUnderAppliedLoads, FactsfiberBraggGratings, FactsmodeShapes, rotational speed, oil supply rate, ambient temperature, lubricant viscosity, clearances;5;15
880;extraction_papers\ontocast_runs\run_500_more_20260721_105503\output\facts_82e5a75a103f.ttl;2;Health assessment;Maintainable item;mine hoists;Unknown synchronization;Not reported;bend, kink, break, rope contour, structural boundaries, intensity discontinuities, periodicity analysis, lay length as dominant spatial wavelength, lubricating greases, adhered fines, motion blur, vibration, surface contamination, intact, environmental perturbations, stable imaging conditions, background suppression, high-performance computing resources, real-world conditions, routine acceptance, in-service monitoring, lifetime assessment, enhanced stripe imaging, calibration, industrial diagnostic pipelines, mine-site diagnostics, deep-learning-based systems, black boxes, contour extraction, contactless sensing;case-study type dropped: Maintainable item | default online/offline dropped: Unknown synchronization | input-for-model dropped: Not reported;Health assessment;;mine hoists;;;bend, kink, break, rope contour, structural boundaries, intensity discontinuities, periodicity analysis, lay length as dominant spatial wavelength, lubricating greases, adhered fines, motion blur, vibration, surface contamination, intact, environmental perturbations, stable imaging conditions, background suppression, high-performance computing resources, real-world conditions, routine acceptance, in-service monitoring, lifetime assessment, enhanced stripe imaging, calibration, industrial diagnostic pipelines, mine-site diagnostics, deep-learning-based systems, black boxes, contour extraction, contactless sensing;5;15
881;extraction_papers\ontocast_runs\run_500_more_20260721_105503\output\facts_82fd1fe5b2a5.ttl;1;Health assessment;Maintainable item;indexable face milling tools;Unknown synchronization;Not reported;Factswear_land_width1;case-study type dropped: Maintainable item | default online/offline dropped: Unknown synchronization | input-for-model dropped: Not reported | input type dropped: Factswear_land_width1;Health assessment;;indexable face milling tools;;;;5;15
882;extraction_papers\ontocast_runs\run_500_more_20260721_105503\output\facts_83356f554da2.ttl;1;Remaining useful life estimation;Maintainable item;Factsfact13_18;Unknown synchronization;Not reported;FactshealthyFeatures, FactsrawVibrationSignals, Factsuncertainty_1;case-study type dropped: Maintainable item | case study dropped: Factsfact13_18 | default online/offline dropped: Unknown synchronization | input-for-model dropped: Not reported;Remaining useful life estimation;;;;;FactshealthyFeatures, FactsrawVibrationSignals, Factsuncertainty_1;5;15
883;extraction_papers\ontocast_runs\run_500_more_20260721_105503\output\facts_842e98fc7ec5.ttl;1;Fault detection;Maintainable item;classification;Unknown synchronization;Not reported;acoustic channels, thermometric channels, vibration;case-study type dropped: Maintainable item | default online/offline dropped: Unknown synchronization | input-for-model dropped: Not reported;Fault detection;;classification;;;acoustic channels, thermometric channels, vibration;5;15
884;extraction_papers\ontocast_runs\run_500_more_20260721_105503\output\facts_84ea853b0177.ttl;2;Health assessment;Maintainable item;transformer;Unknown synchronization;Not reported;analysis window w, d, forecast horizon h, H2;case-study type dropped: Maintainable item | default online/offline dropped: Unknown synchronization | input-for-model dropped: Not reported;Health assessment;;transformer;;;analysis window w, d, forecast horizon h, H2;5;15
885;extraction_papers\ontocast_runs\run_500_more_20260721_105503\output\facts_84fae1bf66b6.ttl;1;Fault identification;Maintainable item;elevator;Unknown synchronization;Not reported;Not reported;case-study type dropped: Maintainable item | default online/offline dropped: Unknown synchronization | input-for-model dropped: Not reported | input type dropped: Not reported;Fault identification;;elevator;;;;5;15
886;extraction_papers\ontocast_runs\run_500_more_20260721_105503\output\facts_8556da6b4306.ttl;2;Fault detection;Maintainable item;lithium-ion battery pack;Unknown synchronization;Not reported;cell voltage sensors, currents, diagnostic signals, missing measurements, temperatures, voltage measurements, sensor data;case-study type dropped: Maintainable item | default online/offline dropped: Unknown synchronization | input-for-model dropped: Not reported;Fault detection;;lithium-ion battery pack;;;cell voltage sensors, currents, diagnostic signals, missing measurements, temperatures, voltage measurements, sensor data;5;15
887;extraction_papers\ontocast_runs\run_500_more_20260721_105503\output\facts_8579d69b59e0.ttl;1;Remaining useful life estimation;Maintainable item;Factsdata2_6;Unknown synchronization;Not reported;health index;case-study type dropped: Maintainable item | case study dropped: Factsdata2_6 | default online/offline dropped: Unknown synchronization | input-for-model dropped: Not reported;Remaining useful life estimation;;;;;health index;5;15
888;extraction_papers\ontocast_runs\run_500_more_20260721_105503\output\facts_859d81e681ce.ttl;1;Fault detection;Maintainable item;crude distillation unit;Unknown synchronization;Not reported;fouling resistance, heat exchanger outlet temperature;case-study type dropped: Maintainable item | default online/offline dropped: Unknown synchronization | input-for-model dropped: Not reported;Fault detection;;crude distillation unit;;;fouling resistance, heat exchanger outlet temperature;5;15
889;extraction_papers\ontocast_runs\run_500_more_20260721_105503\output\facts_867f2515f34e.ttl;1;Fault detection;Maintainable item;broken rotor bar fault;Unknown synchronization;Not reported;feature selection, motor loading, noise, operating conditions, steady-state signals, Wrapper;case-study type dropped: Maintainable item | default online/offline dropped: Unknown synchronization | input-for-model dropped: Not reported;Fault detection;;broken rotor bar fault;;;feature selection, motor loading, noise, operating conditions, steady-state signals, Wrapper;5;15
890;extraction_papers\ontocast_runs\run_500_more_20260721_105503\output\facts_875ccca88ff4.ttl;1;Fault detection;Maintainable item;boilers operation;Unknown synchronization;Not reported;recall, 40 features, measurements obtained from sensors, temperature data;case-study type dropped: Maintainable item | default online/offline dropped: Unknown synchronization | input-for-model dropped: Not reported;Fault detection;;boilers operation;;;recall, 40 features, measurements obtained from sensors, temperature data;5;15
891;extraction_papers\ontocast_runs\run_500_more_20260721_105503\output\facts_8797b8bf1374.ttl;1;Remaining useful life estimation;Maintainable item;machine;Unknown synchronization;Not reported;FactsRmse;case-study type dropped: Maintainable item | default online/offline dropped: Unknown synchronization | input-for-model dropped: Not reported | input type dropped: FactsRmse;Remaining useful life estimation;;machine;;;;5;15
892;extraction_papers\ontocast_runs\run_500_more_20260721_105503\output\facts_887e1ebfa5a9.ttl;1;Fault detection;Maintainable item;stator current;Unknown synchronization;Not reported;rotor slot harmonics;case-study type dropped: Maintainable item | default online/offline dropped: Unknown synchronization | input-for-model dropped: Not reported;Fault detection;;stator current;;;rotor slot harmonics;5;15
893;extraction_papers\ontocast_runs\run_500_more_20260721_105503\output\facts_8954f485e96f.ttl;1;Fault feature extraction;Maintainable item;hydropower station;Unknown synchronization;Not reported;biased data;case-study type dropped: Maintainable item | default online/offline dropped: Unknown synchronization | input-for-model dropped: Not reported;Fault feature extraction;;hydropower station;;;biased data;5;15
894;extraction_papers\ontocast_runs\run_500_more_20260721_105503\output\facts_8a07296e2377.ttl;1;Fault identification;Maintainable item;grinding wheel;Unknown synchronization;Not reported;acoustic emissions, vibration data, experimental data, sensor data;case-study type dropped: Maintainable item | default online/offline dropped: Unknown synchronization | input-for-model dropped: Not reported;Fault identification;;grinding wheel;;;acoustic emissions, vibration data, experimental data, sensor data;5;15
895;extraction_papers\ontocast_runs\run_500_more_20260721_105503\output\facts_8a4694333078.ttl;1;Fault detection;Maintainable item;railway signal relay;Unknown synchronization;Not reported;voiceprint;case-study type dropped: Maintainable item | default online/offline dropped: Unknown synchronization | input-for-model dropped: Not reported;Fault detection;;railway signal relay;;;voiceprint;5;15
896;extraction_papers\ontocast_runs\run_500_more_20260721_105503\output\facts_8ab0bb47722f.ttl;1;Fault detection;Maintainable item;machinery;Unknown synchronization;Not reported;brown noise, Gaussian distribution, higher harmonics, machine vibration, knocking sound, signal horn, machine signal s m;case-study type dropped: Maintainable item | default online/offline dropped: Unknown synchronization | input-for-model dropped: Not reported;Fault detection;;machinery;;;brown noise, Gaussian distribution, higher harmonics, machine vibration, knocking sound, signal horn, machine signal s m;5;15
897;extraction_papers\ontocast_runs\run_500_more_20260721_105503\output\facts_8afb193ba5de.ttl;1;Health assessment;Maintainable item;motor bearing;Unknown synchronization;Not reported;real data, synthetic fault data, vibration data;case-study type dropped: Maintainable item | default online/offline dropped: Unknown synchronization | input-for-model dropped: Not reported;Health assessment;;motor bearing;;;real data, synthetic fault data, vibration data;5;15
898;extraction_papers\ontocast_runs\run_500_more_20260721_105503\output\facts_8aff7c700bea.ttl;1;Fault detection;Maintainable item;drive end;Unknown synchronization;Not reported;Not reported;case-study type dropped: Maintainable item | default online/offline dropped: Unknown synchronization | input-for-model dropped: Not reported | input type dropped: Not reported;Fault detection;;drive end;;;;5;15
899;extraction_papers\ontocast_runs\run_500_more_20260721_105503\output\facts_8b1c5009d581.ttl;1;Health assessment;Maintainable item;cutting tool;Unknown synchronization;Not reported;Factsdowntime_3;case-study type dropped: Maintainable item | default online/offline dropped: Unknown synchronization | input-for-model dropped: Not reported | input type dropped: Factsdowntime_3;Health assessment;;cutting tool;;;;5;15
900;extraction_papers\ontocast_runs\run_500_more_20260721_105503\output\facts_8bd31c0c6ccf.ttl;1;Fault detection;Maintainable item;corrosion;Unknown synchronization;Not reported;Factschloride_concentration_factor1, pH value;case-study type dropped: Maintainable item | default online/offline dropped: Unknown synchronization | input-for-model dropped: Not reported;Fault detection;;corrosion;;;Factschloride_concentration_factor1, pH value;5;15
901;extraction_papers\ontocast_runs\run_500_more_20260721_105503\output\facts_8c4e8fbd00bc.ttl;1;Remaining useful life estimation;Maintainable item;capacitor;Unknown synchronization;Not reported;aging state, capacitance change rate, capacitance loss, C value, ESR, guidance;case-study type dropped: Maintainable item | default online/offline dropped: Unknown synchronization | input-for-model dropped: Not reported;Remaining useful life estimation;;capacitor;;;aging state, capacitance change rate, capacitance loss, C value, ESR, guidance;5;15
902;extraction_papers\ontocast_runs\run_500_more_20260721_105503\output\facts_8ca814250b43.ttl;1;Health assessment;Maintainable item;FactsMe;Unknown synchronization;Not reported;FactsMe, FactsMePropulsionPower;case-study type dropped: Maintainable item | case study dropped: FactsMe | default online/offline dropped: Unknown synchronization | input-for-model dropped: Not reported;Health assessment;;;;;FactsMe, FactsMePropulsionPower;5;15
903;extraction_papers\ontocast_runs\run_500_more_20260721_105503\output\facts_8d343853ce22.ttl;1;Fault detection;Maintainable item;cutting tools;Unknown synchronization;Not reported;FactscuttingForce_3, FactstoolLife_1, FactsvibrationSignal_3;case-study type dropped: Maintainable item | default online/offline dropped: Unknown synchronization | input-for-model dropped: Not reported;Fault detection;;cutting tools;;;FactscuttingForce_3, FactstoolLife_1, FactsvibrationSignal_3;5;15
904;extraction_papers\ontocast_runs\run_500_more_20260721_105503\output\facts_8d71edf312fc.ttl;1;Fault identification;Maintainable item;machines;Unknown synchronization;Not reported;Not reported;case-study type dropped: Maintainable item | default online/offline dropped: Unknown synchronization | input-for-model dropped: Not reported | input type dropped: Not reported;Fault identification;;machines;;;;5;15
905;extraction_papers\ontocast_runs\run_500_more_20260721_105503\output\facts_8e040136b26e.ttl;1;Fault detection;Maintainable item;crack;Unknown synchronization;Not reported;classification;case-study type dropped: Maintainable item | default online/offline dropped: Unknown synchronization | input-for-model dropped: Not reported;Fault detection;;crack;;;classification;5;15
906;extraction_papers\ontocast_runs\run_500_more_20260721_105503\output\facts_8e62c1166a68.ttl;1;Health assessment;Maintainable item;Factsevs;Unknown synchronization;Not reported;temperature, load, depth of discharge, feature selection;case-study type dropped: Maintainable item | case study dropped: Factsevs | default online/offline dropped: Unknown synchronization | input-for-model dropped: Not reported;Health assessment;;;;;temperature, load, depth of discharge, feature selection;5;15
907;extraction_papers\ontocast_runs\run_500_more_20260721_105503\output\facts_8fc2745038d2.ttl;2;Fault detection;Maintainable item;spring-operated circuit breaker;Unknown synchronization;Not reported;Factsdoi1_97;case-study type dropped: Maintainable item | default online/offline dropped: Unknown synchronization | input-for-model dropped: Not reported | input type dropped: Factsdoi1_97;Fault detection;;spring-operated circuit breaker;;;;5;15
908;extraction_papers\ontocast_runs\run_500_more_20260721_105503\output\facts_90861cf02575.ttl;2;Fault detection;Maintainable item;inverter switch;Unknown synchronization;Not reported;irradiance, temperature, current signals;case-study type dropped: Maintainable item | default online/offline dropped: Unknown synchronization | input-for-model dropped: Not reported;Fault detection;;inverter switch;;;irradiance, temperature, current signals;5;15
909;extraction_papers\ontocast_runs\run_500_more_20260721_105503\output\facts_91085f60b0ea.ttl;2;Fault detection;Maintainable item;Arc furnace;Unknown synchronization;Not reported;Not reported;case-study type dropped: Maintainable item | default online/offline dropped: Unknown synchronization | input-for-model dropped: Not reported | input type dropped: Not reported;Fault detection;;Arc furnace;;;;5;15
910;extraction_papers\ontocast_runs\run_500_more_20260721_105503\output\facts_9286c5caa92e.ttl;1;Remaining useful life estimation;Maintainable item;FactsliB1;Unknown synchronization;Not reported;fuzzy information granularity, time series;case-study type dropped: Maintainable item | case study dropped: FactsliB1 | default online/offline dropped: Unknown synchronization | input-for-model dropped: Not reported;Remaining useful life estimation;;;;;fuzzy information granularity, time series;5;15
911;extraction_papers\ontocast_runs\run_500_more_20260721_105503\output\facts_92a1902df0ec.ttl;1;Health assessment;Maintainable item;PV panel;Unknown synchronization;Not reported;abnormal temperature patterns, thermal images, spatial features, temporal information, environmental conditions, fault-induced anomalies, hot spots, cracked cells, broken electrical connections;case-study type dropped: Maintainable item | default online/offline dropped: Unknown synchronization | input-for-model dropped: Not reported;Health assessment;;PV panel;;;abnormal temperature patterns, thermal images, spatial features, temporal information, environmental conditions, fault-induced anomalies, hot spots, cracked cells, broken electrical connections;5;15
912;extraction_papers\ontocast_runs\run_500_more_20260721_105503\output\facts_9309589ff542.ttl;1;Health assessment;Maintainable item;insulator;Unknown synchronization;Not reported;FactselectricFieldDistributionAnalysis, Factsfact8_43, FactshighVoltageKeyword, FactssparkGapMeasurement;case-study type dropped: Maintainable item | default online/offline dropped: Unknown synchronization | input-for-model dropped: Not reported;Health assessment;;insulator;;;FactselectricFieldDistributionAnalysis, Factsfact8_43, FactshighVoltageKeyword, FactssparkGapMeasurement;5;15
913;extraction_papers\ontocast_runs\run_500_more_20260721_105503\output\facts_931d51203909.ttl;1;Fault feature extraction;Maintainable item;marine plain bearings;Unknown synchronization;Not reported;vibration parameters, diagnostic parameters;case-study type dropped: Maintainable item | default online/offline dropped: Unknown synchronization | input-for-model dropped: Not reported;Fault feature extraction;;marine plain bearings;;;vibration parameters, diagnostic parameters;5;15
914;extraction_papers\ontocast_runs\run_500_more_20260721_105503\output\facts_9438180390fb.ttl;1;Remaining useful life estimation;Maintainable item;IGBT;Unknown synchronization;Not reported;bond-wire fatigue, solder-layer fatigue, current path, parasitics, temperature, turn-off overvoltage, on-state voltage;case-study type dropped: Maintainable item | default online/offline dropped: Unknown synchronization | input-for-model dropped: Not reported;Remaining useful life estimation;;IGBT;;;bond-wire fatigue, solder-layer fatigue, current path, parasitics, temperature, turn-off overvoltage, on-state voltage;5;15
915;extraction_papers\ontocast_runs\run_500_more_20260721_105503\output\facts_969c6350bfb3.ttl;1;Fault detection;Maintainable item;fans;Unknown synchronization;Not reported;spectrograms;case-study type dropped: Maintainable item | default online/offline dropped: Unknown synchronization | input-for-model dropped: Not reported;Fault detection;;fans;;;spectrograms;5;15
916;extraction_papers\ontocast_runs\run_500_more_20260721_105503\output\facts_98007434fd75.ttl;3;Health assessment;Maintainable item;aero-engine;Unknown synchronization;Not reported;FactssensorData_1;case-study type dropped: Maintainable item | default online/offline dropped: Unknown synchronization | input-for-model dropped: Not reported | input type dropped: FactssensorData_1;Health assessment;;aero-engine;;;;5;15
917;extraction_papers\ontocast_runs\run_500_more_20260721_105503\output\facts_9880f5c1429d.ttl;1;Fault detection;Maintainable item;aluminum electrolytic capacitors;Unknown synchronization;Not reported;capacitor current integral, DC voltage ripple, low-frequency ripples, regeneration mode, Factstemperature_15, training data, capacitance, time constant multiplier, voltage change;case-study type dropped: Maintainable item | default online/offline dropped: Unknown synchronization | input-for-model dropped: Not reported;Fault detection;;aluminum electrolytic capacitors;;;capacitor current integral, DC voltage ripple, low-frequency ripples, regeneration mode, Factstemperature_15, training data, capacitance, time constant multiplier, voltage change;5;15
918;extraction_papers\ontocast_runs\run_500_more_20260721_105503\output\facts_9882abb08ff3.ttl;1;Fault detection;Maintainable item;pantograph;Unknown synchronization;Not reported;friction coefficient, Factsfrequency_1hz;case-study type dropped: Maintainable item | default online/offline dropped: Unknown synchronization | input-for-model dropped: Not reported;Fault detection;;pantograph;;;friction coefficient, Factsfrequency_1hz;5;15
919;extraction_papers\ontocast_runs\run_500_more_20260721_105503\output\facts_988d676aa0b1.ttl;1;Remaining useful life estimation;Maintainable item;milling machines;Unknown synchronization;Not reported;acoustic emission, cutting speed, cutting forces, spindle current, vibration, health;case-study type dropped: Maintainable item | default online/offline dropped: Unknown synchronization | input-for-model dropped: Not reported;Remaining useful life estimation;;milling machines;;;acoustic emission, cutting speed, cutting forces, spindle current, vibration, health;5;15
920;extraction_papers\ontocast_runs\run_500_more_20260721_105503\output\facts_98ef33c2f4a5.ttl;1;Health assessment;Maintainable item;critical subsystems of WTs;Unknown synchronization;Not reported;features, operational wind farm data;case-study type dropped: Maintainable item | default online/offline dropped: Unknown synchronization | input-for-model dropped: Not reported;Health assessment;;critical subsystems of WTs;;;features, operational wind farm data;5;15
921;extraction_papers\ontocast_runs\run_500_more_20260721_105503\output\facts_99585161f95f.ttl;1;Fault feature extraction;Maintainable item;gearbox;Unknown synchronization;Not reported;Not reported;case-study type dropped: Maintainable item | default online/offline dropped: Unknown synchronization | input-for-model dropped: Not reported | input type dropped: Not reported;Fault feature extraction;;gearbox;;;;5;15
922;extraction_papers\ontocast_runs\run_500_more_20260721_105503\output\facts_99847612e6b2.ttl;1;Fault detection;Maintainable item;knitting machines;Unknown synchronization;Not reported;Not reported;case-study type dropped: Maintainable item | default online/offline dropped: Unknown synchronization | input-for-model dropped: Not reported | input type dropped: Not reported;Fault detection;;knitting machines;;;;5;15
923;extraction_papers\ontocast_runs\run_500_more_20260721_105503\output\facts_9c1944b4aefe.ttl;1;Fault detection;Maintainable item;FactsaerialDrones;Unknown synchronization;Not reported;Not reported;case-study type dropped: Maintainable item | case study dropped: FactsaerialDrones | default online/offline dropped: Unknown synchronization | input-for-model dropped: Not reported | input type dropped: Not reported;Fault detection;;;;;;5;15
924;extraction_papers\ontocast_runs\run_500_more_20260721_105503\output\facts_9c600c980caa.ttl;1;Health assessment;Maintainable item;Lithium-ion batteries;Unknown synchronization;Not reported;heat, load, trade-off between reduced performance and extended lifetime, vibration data;case-study type dropped: Maintainable item | default online/offline dropped: Unknown synchronization | input-for-model dropped: Not reported;Health assessment;;Lithium-ion batteries;;;heat, load, trade-off between reduced performance and extended lifetime, vibration data;5;15
925;extraction_papers\ontocast_runs\run_500_more_20260721_105503\output\facts_9ccfbe98c58a.ttl;1;Fault feature extraction;Maintainable item;underground power cable infrastructure;Unknown synchronization;Not reported;FactshighFrequencySignalAnalysis, stress waves, wavelets, time difference of arrival, centimeter-level pinpointing accuracy;case-study type dropped: Maintainable item | default online/offline dropped: Unknown synchronization | input-for-model dropped: Not reported;Fault feature extraction;;underground power cable infrastructure;;;FactshighFrequencySignalAnalysis, stress waves, wavelets, time difference of arrival, centimeter-level pinpointing accuracy;5;15
926;extraction_papers\ontocast_runs\run_500_more_20260721_105503\output\facts_9d2e6a424eba.ttl;1;Remaining useful life estimation;Maintainable item;wheat combine harvester;Unknown synchronization;Not reported;FactscuttingWidth, intelligent yield prediction model;case-study type dropped: Maintainable item | default online/offline dropped: Unknown synchronization | input-for-model dropped: Not reported;Remaining useful life estimation;;wheat combine harvester;;;FactscuttingWidth, intelligent yield prediction model;5;15
927;extraction_papers\ontocast_runs\run_500_more_20260721_105503\output\facts_9dc96976e0bf.ttl;4;Fault detection;Maintainable item;hard faults;Unknown synchronization;Not reported;Not reported;case-study type dropped: Maintainable item | default online/offline dropped: Unknown synchronization | input-for-model dropped: Not reported | input type dropped: Not reported;Fault detection;;hard faults;;;;5;15
928;extraction_papers\ontocast_runs\run_500_more_20260721_105503\output\facts_9f2f2c646b46.ttl;1;Fault identification;Maintainable item;EV motor;Unknown synchronization;Not reported;Weak Small-Sample Learning Ability;case-study type dropped: Maintainable item | default online/offline dropped: Unknown synchronization | input-for-model dropped: Not reported;Fault identification;;EV motor;;;Weak Small-Sample Learning Ability;5;15
929;extraction_papers\ontocast_runs\run_500_more_20260721_105503\output\facts_9f312914c2a0.ttl;1;Remaining useful life estimation;Maintainable item;maintainable item;Unknown synchronization;Not reported;Factsmode_aware_segmentation_1;case-study type dropped: Maintainable item | default online/offline dropped: Unknown synchronization | input-for-model dropped: Not reported | input type dropped: Factsmode_aware_segmentation_1;Remaining useful life estimation;;maintainable item;;;;5;15
930;extraction_papers\ontocast_runs\run_500_more_20260721_105503\output\facts_9f48c03765f1.ttl;1;Remaining useful life estimation;Maintainable item;CBM;Unknown synchronization;Not reported;massive, squeaky-clean datasets;case-study type dropped: Maintainable item | default online/offline dropped: Unknown synchronization | input-for-model dropped: Not reported;Remaining useful life estimation;;CBM;;;massive, squeaky-clean datasets;5;15
931;extraction_papers\ontocast_runs\run_500_more_20260721_105503\output\facts_9f5620430ceb.ttl;1;Fault detection;Maintainable item;shafts;Unknown synchronization;Not reported;order spectrum, sidebands, excitation signal, FactslocalPressureDistributions, FactstoothRootStresses, FactsvibrationSignatures;case-study type dropped: Maintainable item | default online/offline dropped: Unknown synchronization | input-for-model dropped: Not reported;Fault detection;;shafts;;;order spectrum, sidebands, excitation signal, FactslocalPressureDistributions, FactstoothRootStresses, FactsvibrationSignatures;5;15
932;extraction_papers\ontocast_runs\run_500_more_20260721_105503\output\facts_9f5c1c6a6ea2.ttl;1;Fault detection;Maintainable item;diagnosing;Unknown synchronization;Not reported;delays, two readings;case-study type dropped: Maintainable item | default online/offline dropped: Unknown synchronization | input-for-model dropped: Not reported;Fault detection;;diagnosing;;;delays, two readings;5;15
933;extraction_papers\ontocast_runs\run_500_more_20260721_105503\output\facts_a311a3312c4d.ttl;1;Fault detection;Maintainable item;size;Unknown synchronization;Not reported;size;case-study type dropped: Maintainable item | default online/offline dropped: Unknown synchronization | input-for-model dropped: Not reported;Fault detection;;size;;;size;5;15
934;extraction_papers\ontocast_runs\run_500_more_20260721_105503\output\facts_a35c8ef58b3f.ttl;3;Fault identification;Maintainable item;earthing brush;Unknown synchronization;Not reported;FactsdcOffset;case-study type dropped: Maintainable item | default online/offline dropped: Unknown synchronization | input-for-model dropped: Not reported | input type dropped: FactsdcOffset;Fault identification;;earthing brush;;;;5;15
935;extraction_papers\ontocast_runs\run_500_more_20260721_105503\output\facts_a3d2f59384dd.ttl;1;Fault detection;Maintainable item;Factscscs1;Unknown synchronization;Not reported;high-dimensional data, pixel-level anomaly maps;case-study type dropped: Maintainable item | case study dropped: Factscscs1 | default online/offline dropped: Unknown synchronization | input-for-model dropped: Not reported;Fault detection;;;;;high-dimensional data, pixel-level anomaly maps;5;15
936;extraction_papers\ontocast_runs\run_500_more_20260721_105503\output\facts_a4f2719d027c.ttl;1;Fault detection;Maintainable item;actuators;Unknown synchronization;Not reported;Factsprocess_data_1;case-study type dropped: Maintainable item | default online/offline dropped: Unknown synchronization | input-for-model dropped: Not reported | input type dropped: Factsprocess_data_1;Fault detection;;actuators;;;;5;15
937;extraction_papers\ontocast_runs\run_500_more_20260721_105503\output\facts_a5689e83b8a2.ttl;4;Health assessment;Maintainable item;caster segments;Unknown synchronization;Not reported;angle measurements, roll positions;case-study type dropped: Maintainable item | default online/offline dropped: Unknown synchronization | input-for-model dropped: Not reported;Health assessment;;caster segments;;;angle measurements, roll positions;5;15
938;extraction_papers\ontocast_runs\run_500_more_20260721_105503\output\facts_a5cc7048679f.ttl;2;Health assessment;Maintainable item;milling machines;Unknown synchronization;Not reported;Factsvar3_20;case-study type dropped: Maintainable item | default online/offline dropped: Unknown synchronization | input-for-model dropped: Not reported | input type dropped: Factsvar3_20;Health assessment;;milling machines;;;;5;15
939;extraction_papers\ontocast_runs\run_500_more_20260721_105503\output\facts_a5ddb01d6eb2.ttl;2;Health assessment;Maintainable item;transmission lines;Unknown synchronization;Not reported;temperature, location characteristics;case-study type dropped: Maintainable item | default online/offline dropped: Unknown synchronization | input-for-model dropped: Not reported;Health assessment;;transmission lines;;;temperature, location characteristics;5;15
940;extraction_papers\ontocast_runs\run_500_more_20260721_105503\output\facts_a6572a1be08e.ttl;1;Fault feature extraction;Maintainable item;angular sensor;Unknown synchronization;Not reported;simulation scenarios, Factskeyword3_2;case-study type dropped: Maintainable item | default online/offline dropped: Unknown synchronization | input-for-model dropped: Not reported;Fault feature extraction;;angular sensor;;;simulation scenarios, Factskeyword3_2;5;15
941;extraction_papers\ontocast_runs\run_500_more_20260721_105503\output\facts_a7852cb7191b.ttl;1;Remaining useful life estimation;Maintainable item;MVME6100;Unknown synchronization;Not reported;ambient variations, bit error rates, communication noise, CPU temperature, fault data, normal data, output voltage, precursor signals, processor clock delays, solder resistance changes;case-study type dropped: Maintainable item | default online/offline dropped: Unknown synchronization | input-for-model dropped: Not reported;Remaining useful life estimation;;MVME6100;;;ambient variations, bit error rates, communication noise, CPU temperature, fault data, normal data, output voltage, precursor signals, processor clock delays, solder resistance changes;5;15
942;extraction_papers\ontocast_runs\run_500_more_20260721_105503\output\facts_a7eb132d5868.ttl;1;Remaining useful life estimation;Maintainable item;rotating machinery;Unknown synchronization;Not reported;Factsvar1_11;case-study type dropped: Maintainable item | default online/offline dropped: Unknown synchronization | input-for-model dropped: Not reported | input type dropped: Factsvar1_11;Remaining useful life estimation;;rotating machinery;;;;5;15
943;extraction_papers\ontocast_runs\run_500_more_20260721_105503\output\facts_a9337bbe2a13.ttl;1;Health assessment;Maintainable item;accelerometers;Unknown synchronization;Not reported;Factsdata2_1, specific frequency, high-dimensional data, high-velocity data streams, images, rotational speed, time series data, vibrations;case-study type dropped: Maintainable item | default online/offline dropped: Unknown synchronization | input-for-model dropped: Not reported;Health assessment;;accelerometers;;;Factsdata2_1, specific frequency, high-dimensional data, high-velocity data streams, images, rotational speed, time series data, vibrations;5;15
944;extraction_papers\ontocast_runs\run_500_more_20260721_105503\output\facts_a93be7938bc2.ttl;1;Fault detection;Maintainable item;bearing;Unknown synchronization;Not reported;FactsperformanceDegradation, FactsvibrationFeatures;case-study type dropped: Maintainable item | default online/offline dropped: Unknown synchronization | input-for-model dropped: Not reported;Fault detection;;bearing;;;FactsperformanceDegradation, FactsvibrationFeatures;5;15
945;extraction_papers\ontocast_runs\run_500_more_20260721_105503\output\facts_a94d0c8a8798.ttl;1;Fault identification;Maintainable item;elastic supports;Unknown synchronization;Not reported;.csv, Experiment timestamp, Sensor type, Test ID;case-study type dropped: Maintainable item | default online/offline dropped: Unknown synchronization | input-for-model dropped: Not reported;Fault identification;;elastic supports;;;.csv, Experiment timestamp, Sensor type, Test ID;5;15
946;extraction_papers\ontocast_runs\run_500_more_20260721_105503\output\facts_aa6a012cb10f.ttl;1;Remaining useful life estimation;Maintainable item;ceramic plates;Unknown synchronization;Not reported;FactssensorData1_1, 12 sensors;case-study type dropped: Maintainable item | default online/offline dropped: Unknown synchronization | input-for-model dropped: Not reported;Remaining useful life estimation;;ceramic plates;;;FactssensorData1_1, 12 sensors;5;15
947;extraction_papers\ontocast_runs\run_500_more_20260721_105503\output\facts_aaf781ea0e83.ttl;1;Health assessment;Maintainable item;ground engaging tools;Unknown synchronization;Not reported;Not reported;case-study type dropped: Maintainable item | default online/offline dropped: Unknown synchronization | input-for-model dropped: Not reported | input type dropped: Not reported;Health assessment;;ground engaging tools;;;;5;15
948;extraction_papers\ontocast_runs\run_500_more_20260721_105503\output\facts_ab018cccbede.ttl;1;Remaining useful life estimation;Maintainable item;low-power edge devices;Unknown synchronization;Not reported;acoustic emission technique, field data, hydraulic model benchmarks, metal loss parameters, 30% missing input data, transient multiphase flow dynamics, Factsvariable2_5;case-study type dropped: Maintainable item | default online/offline dropped: Unknown synchronization | input-for-model dropped: Not reported;Remaining useful life estimation;;low-power edge devices;;;acoustic emission technique, field data, hydraulic model benchmarks, metal loss parameters, 30% missing input data, transient multiphase flow dynamics, Factsvariable2_5;5;15
949;extraction_papers\ontocast_runs\run_500_more_20260721_105503\output\facts_ab31ad4a214e.ttl;1;Health assessment;Maintainable item;rolling bearing;Unknown synchronization;Not reported;vibration signals, one-dimensional signals, matrix images, spatial features, time-frequency features, learnable CLS token, contextual dependency modeling, gradient flow issues, raw data, CNN;case-study type dropped: Maintainable item | default online/offline dropped: Unknown synchronization | input-for-model dropped: Not reported;Health assessment;;rolling bearing;;;vibration signals, one-dimensional signals, matrix images, spatial features, time-frequency features, learnable CLS token, contextual dependency modeling, gradient flow issues, raw data, CNN;5;15
950;extraction_papers\ontocast_runs\run_500_more_20260721_105503\output\facts_ab655d0deb99.ttl;1;Fault identification;Maintainable item;aero-engine gas path;Unknown synchronization;Not reported;Not reported;case-study type dropped: Maintainable item | default online/offline dropped: Unknown synchronization | input-for-model dropped: Not reported | input type dropped: Not reported;Fault identification;;aero-engine gas path;;;;5;15
951;extraction_papers\ontocast_runs\run_500_more_20260721_105503\output\facts_ac0e1625c357.ttl;1;Fault detection;Maintainable item;digital printing devices;Unknown synchronization;Not reported;sensor data;case-study type dropped: Maintainable item | default online/offline dropped: Unknown synchronization | input-for-model dropped: Not reported;Fault detection;;digital printing devices;;;sensor data;5;15
952;extraction_papers\ontocast_runs\run_500_more_20260721_105503\output\facts_ae9dc87e0fd9.ttl;1;Fault detection;Maintainable item;frequency conversion motor;Unknown synchronization;Not reported;phase;case-study type dropped: Maintainable item | default online/offline dropped: Unknown synchronization | input-for-model dropped: Not reported;Fault detection;;frequency conversion motor;;;phase;5;15
953;extraction_papers\ontocast_runs\run_500_more_20260721_105503\output\facts_af573580f0c2.ttl;1;Fault detection;Maintainable item;compressor;Unknown synchronization;Not reported;Acoustic signals, Continuous Wavelet Transform, Batch-Normalized Deep Sparse Filtering, image-like data, Mel spectrograms, Mel Frequency Cepstral Coefficients, Maximal Overlap Discrete Wavelet Packet Transform, sequential data, time frequency representations;case-study type dropped: Maintainable item | default online/offline dropped: Unknown synchronization | input-for-model dropped: Not reported;Fault detection;;compressor;;;Acoustic signals, Continuous Wavelet Transform, Batch-Normalized Deep Sparse Filtering, image-like data, Mel spectrograms, Mel Frequency Cepstral Coefficients, Maximal Overlap Discrete Wavelet Packet Transform, sequential data, time frequency representations;5;15
954;extraction_papers\ontocast_runs\run_500_more_20260721_105503\output\facts_b003cc83f20a.ttl;1;Health assessment;Maintainable item;ropes;Unknown synchronization;Not reported;grayscale, labeled data scarcity, high-resolution imaging, magnetic flux leakage data, thermal data, time-spectrum images, vibration signals;case-study type dropped: Maintainable item | default online/offline dropped: Unknown synchronization | input-for-model dropped: Not reported;Health assessment;;ropes;;;grayscale, labeled data scarcity, high-resolution imaging, magnetic flux leakage data, thermal data, time-spectrum images, vibration signals;5;15
955;extraction_papers\ontocast_runs\run_500_more_20260721_105503\output\facts_b048b4785895.ttl;1;Health assessment;Maintainable item;machine parts;Unknown synchronization;Not reported;Not reported;case-study type dropped: Maintainable item | default online/offline dropped: Unknown synchronization | input-for-model dropped: Not reported | input type dropped: Not reported;Health assessment;;machine parts;;;;5;15
956;extraction_papers\ontocast_runs\run_500_more_20260721_105503\output\facts_b0ac984d6379.ttl;1;Fault detection;Maintainable item;FactsaircraftTurbines;Unknown synchronization;Not reported;capacitance;case-study type dropped: Maintainable item | case study dropped: FactsaircraftTurbines | default online/offline dropped: Unknown synchronization | input-for-model dropped: Not reported;Fault detection;;;;;capacitance;5;15
957;extraction_papers\ontocast_runs\run_500_more_20260721_105503\output\facts_b10df8385870.ttl;1;Fault detection;Maintainable item;Factsbjt;Unknown synchronization;Not reported;Factsalt1;case-study type dropped: Maintainable item | case study dropped: Factsbjt | default online/offline dropped: Unknown synchronization | input-for-model dropped: Not reported | input type dropped: Factsalt1;Fault detection;;;;;;5;15
958;extraction_papers\ontocast_runs\run_500_more_20260721_105503\output\facts_b1d6bc1927e1.ttl;1;Fault detection;Maintainable item;remaining useful life;Unknown synchronization;Not reported;vibration signals;case-study type dropped: Maintainable item | default online/offline dropped: Unknown synchronization | input-for-model dropped: Not reported;Fault detection;;remaining useful life;;;vibration signals;5;15
959;extraction_papers\ontocast_runs\run_500_more_20260721_105503\output\facts_b21144a02138.ttl;1;Health assessment;Maintainable item;transformer;Unknown synchronization;Not reported;sensor graph node variable, Factsvar3_16;case-study type dropped: Maintainable item | default online/offline dropped: Unknown synchronization | input-for-model dropped: Not reported;Health assessment;;transformer;;;sensor graph node variable, Factsvar3_16;5;15
960;extraction_papers\ontocast_runs\run_500_more_20260721_105503\output\facts_b22872a789be.ttl;2;Fault detection;Maintainable item;PMSG;Unknown synchronization;Not reported;three-phase currents, signal, machine parameters, measurements of their variables, phase shift in the signal, symmetrical components of the currents, symmetrical components of the voltage;case-study type dropped: Maintainable item | default online/offline dropped: Unknown synchronization | input-for-model dropped: Not reported;Fault detection;;PMSG;;;three-phase currents, signal, machine parameters, measurements of their variables, phase shift in the signal, symmetrical components of the currents, symmetrical components of the voltage;5;15
961;extraction_papers\ontocast_runs\run_500_more_20260721_105503\output\facts_b2cc70c112fa.ttl;1;Fault detection;Maintainable item;dental chairs;Unknown synchronization;Not reported;Not reported;case-study type dropped: Maintainable item | default online/offline dropped: Unknown synchronization | input-for-model dropped: Not reported | input type dropped: Not reported;Fault detection;;dental chairs;;;;5;15
962;extraction_papers\ontocast_runs\run_500_more_20260721_105503\output\facts_b302af5fff29.ttl;1;Fault detection;Maintainable item;wind turbine components;Unknown synchronization;Not reported;time series data, sensor data, raw signals, case studies;case-study type dropped: Maintainable item | default online/offline dropped: Unknown synchronization | input-for-model dropped: Not reported;Fault detection;;wind turbine components;;;time series data, sensor data, raw signals, case studies;5;15
963;extraction_papers\ontocast_runs\run_500_more_20260721_105503\output\facts_b33f3fb85feb.ttl;1;Fault detection;Maintainable item;angular contact bearing;Unknown synchronization;Not reported;Not reported;case-study type dropped: Maintainable item | default online/offline dropped: Unknown synchronization | input-for-model dropped: Not reported | input type dropped: Not reported;Fault detection;;angular contact bearing;;;;5;15
964;extraction_papers\ontocast_runs\run_500_more_20260721_105503\output\facts_b3f3724aec97.ttl;1;One step future state forecast;Maintainable item;Not reported;Unknown synchronization;Not reported;AGE, CPI, Food and nutrition assistance per capita, Capital stock at constant 2017 national prices per capita, Food consumer price index, Government effectiveness, Agriculture shares of government expenditure, GNI per capita, Human capital index, Agricultural import value index, Percent of arable land equipped for irrigation, Gross per capita cereal production index, Prevalence of undernourishment;case-study type dropped: Maintainable item | case study dropped: Not reported | default online/offline dropped: Unknown synchronization | input-for-model dropped: Not reported;One step future state forecast;;;;;AGE, CPI, Food and nutrition assistance per capita, Capital stock at constant 2017 national prices per capita, Food consumer price index, Government effectiveness, Agriculture shares of government expenditure, GNI per capita, Human capital index, Agricultural import value index, Percent of arable land equipped for irrigation, Gross per capita cereal production index, Prevalence of undernourishment;5;15
965;extraction_papers\ontocast_runs\run_500_more_20260721_105503\output\facts_b4c6654ea536.ttl;7;Fault detection;Maintainable item;aircraft engines;Unknown synchronization;Not reported;FactssensorNc;case-study type dropped: Maintainable item | default online/offline dropped: Unknown synchronization | input-for-model dropped: Not reported | input type dropped: FactssensorNc;Fault detection;;aircraft engines;;;;5;15
966;extraction_papers\ontocast_runs\run_500_more_20260721_105503\output\facts_b66c9242982a.ttl;1;Fault detection;Maintainable item;Digital Twin;Unknown synchronization;Not reported;Not reported;case-study type dropped: Maintainable item | default online/offline dropped: Unknown synchronization | input-for-model dropped: Not reported | input type dropped: Not reported;Fault detection;;Digital Twin;;;;5;15
967;extraction_papers\ontocast_runs\run_500_more_20260721_105503\output\facts_b694087711e4.ttl;1;Fault feature extraction;Maintainable item;LiB;Unknown synchronization;Not reported;charge phase, FactscurrentData, FactsgramianAngularFieldRepresentations, FactsrawChargeDischargeCycles, FactstemperatureData;case-study type dropped: Maintainable item | default online/offline dropped: Unknown synchronization | input-for-model dropped: Not reported;Fault feature extraction;;LiB;;;charge phase, FactscurrentData, FactsgramianAngularFieldRepresentations, FactsrawChargeDischargeCycles, FactstemperatureData;5;15
968;extraction_papers\ontocast_runs\run_500_more_20260721_105503\output\facts_b7671164fd60.ttl;1;Fault detection;Maintainable item;electric motor;Unknown synchronization;Not reported;acoustic, magnetic field, raw signals, stator current, temperature, vibration, accuracy;case-study type dropped: Maintainable item | default online/offline dropped: Unknown synchronization | input-for-model dropped: Not reported;Fault detection;;electric motor;;;acoustic, magnetic field, raw signals, stator current, temperature, vibration, accuracy;5;15
969;extraction_papers\ontocast_runs\run_500_more_20260721_105503\output\facts_b79e9093caec.ttl;1;Health assessment;Maintainable item;battery;Unknown synchronization;Not reported;current, temperature, terminal voltage, empirical data, real-world measurements, controlled battery aging experiments, battery usage profiles;case-study type dropped: Maintainable item | default online/offline dropped: Unknown synchronization | input-for-model dropped: Not reported;Health assessment;;battery;;;current, temperature, terminal voltage, empirical data, real-world measurements, controlled battery aging experiments, battery usage profiles;5;15
970;extraction_papers\ontocast_runs\run_500_more_20260721_105503\output\facts_b7e494587813.ttl;1;Fault feature extraction;Maintainable item;aero-engine bearing system;Unknown synchronization;Not reported;Not reported;case-study type dropped: Maintainable item | default online/offline dropped: Unknown synchronization | input-for-model dropped: Not reported | input type dropped: Not reported;Fault feature extraction;;aero-engine bearing system;;;;5;15
971;extraction_papers\ontocast_runs\run_500_more_20260721_105503\output\facts_b82c3cb47489.ttl;1;Fault detection;Maintainable item;gearbox;Unknown synchronization;Not reported;data variable, spectrogram representations, vibration signals;case-study type dropped: Maintainable item | default online/offline dropped: Unknown synchronization | input-for-model dropped: Not reported;Fault detection;;gearbox;;;data variable, spectrogram representations, vibration signals;5;15
972;extraction_papers\ontocast_runs\run_500_more_20260721_105503\output\facts_b9d9070cdf5e.ttl;1;Health assessment;Maintainable item;FactsmicroTool;Unknown synchronization;Not reported;current sensing, FactssigNoise, FactssigThermal;case-study type dropped: Maintainable item | case study dropped: FactsmicroTool | default online/offline dropped: Unknown synchronization | input-for-model dropped: Not reported;Health assessment;;;;;current sensing, FactssigNoise, FactssigThermal;5;15
973;extraction_papers\ontocast_runs\run_500_more_20260721_105503\output\facts_ba7552ae09a5.ttl;1;Remaining useful life estimation;Maintainable item;bearing;Unknown synchronization;Not reported;NASA;case-study type dropped: Maintainable item | default online/offline dropped: Unknown synchronization | input-for-model dropped: Not reported;Remaining useful life estimation;;bearing;;;NASA;5;15
974;extraction_papers\ontocast_runs\run_500_more_20260721_105503\output\facts_ba9efeb3c285.ttl;1;Health assessment;Maintainable item;HV bushing;Unknown synchronization;Not reported;PRPD pattern, Factslocal_density_redistribution1;case-study type dropped: Maintainable item | default online/offline dropped: Unknown synchronization | input-for-model dropped: Not reported;Health assessment;;HV bushing;;;PRPD pattern, Factslocal_density_redistribution1;5;15
975;extraction_papers\ontocast_runs\run_500_more_20260721_105503\output\facts_bb2621d7db2d.ttl;1;Fault detection;Maintainable item;transformer;Unknown synchronization;Not reported;gas data;case-study type dropped: Maintainable item | default online/offline dropped: Unknown synchronization | input-for-model dropped: Not reported;Fault detection;;transformer;;;gas data;5;15
976;extraction_papers\ontocast_runs\run_500_more_20260721_105503\output\facts_bccfcf24e763.ttl;1;Health assessment;Maintainable item;Conformal AMP insert;Unknown synchronization;Not reported;Not reported;case-study type dropped: Maintainable item | default online/offline dropped: Unknown synchronization | input-for-model dropped: Not reported | input type dropped: Not reported;Health assessment;;Conformal AMP insert;;;;5;15
977;extraction_papers\ontocast_runs\run_500_more_20260721_105503\output\facts_bd4e72bcf334.ttl;2;Fault detection;Maintainable item;industrial systems;Unknown synchronization;Not reported;alerts;case-study type dropped: Maintainable item | default online/offline dropped: Unknown synchronization | input-for-model dropped: Not reported;Fault detection;;industrial systems;;;alerts;5;15
978;extraction_papers\ontocast_runs\run_500_more_20260721_105503\output\facts_be94743e05d6.ttl;1;One step future state forecast;Maintainable item;components;Unknown synchronization;Not reported;Not reported;case-study type dropped: Maintainable item | default online/offline dropped: Unknown synchronization | input-for-model dropped: Not reported | input type dropped: Not reported;One step future state forecast;;components;;;;5;15
979;extraction_papers\ontocast_runs\run_500_more_20260721_105503\output\facts_bed905cc86c9.ttl;1;Fault detection;Maintainable item;centrifugal pump;Unknown synchronization;Not reported;vibration sensors, sidebands, current spectrum;case-study type dropped: Maintainable item | default online/offline dropped: Unknown synchronization | input-for-model dropped: Not reported;Fault detection;;centrifugal pump;;;vibration sensors, sidebands, current spectrum;5;15
980;extraction_papers\ontocast_runs\run_500_more_20260721_105503\output\facts_bee43307504c.ttl;1;Fault detection;Maintainable item;Proton Exchange Membrane Fuel Cell;Unknown synchronization;Not reported;vehicle condition data, vibration signals, current and temperature distributions, multivariate data, battery ESC data;case-study type dropped: Maintainable item | default online/offline dropped: Unknown synchronization | input-for-model dropped: Not reported;Fault detection;;Proton Exchange Membrane Fuel Cell;;;vehicle condition data, vibration signals, current and temperature distributions, multivariate data, battery ESC data;5;15
981;extraction_papers\ontocast_runs\run_500_more_20260721_105503\output\facts_bf01ee0b91ee.ttl;3;Health assessment;Maintainable item;machine;Unknown synchronization;Not reported;vibration data, FactssymptomTemperature, FactssymptomVibration;case-study type dropped: Maintainable item | default online/offline dropped: Unknown synchronization | input-for-model dropped: Not reported;Health assessment;;machine;;;vibration data, FactssymptomTemperature, FactssymptomVibration;5;15
982;extraction_papers\ontocast_runs\run_500_more_20260721_105503\output\facts_bf052b3f88d3.ttl;1;Remaining useful life estimation;Maintainable item;counterfeit part;Unknown synchronization;Not reported;6G, cloud computing;case-study type dropped: Maintainable item | default online/offline dropped: Unknown synchronization | input-for-model dropped: Not reported;Remaining useful life estimation;;counterfeit part;;;6G, cloud computing;5;15
983;extraction_papers\ontocast_runs\run_500_more_20260721_105503\output\facts_c0866725e0d4.ttl;1;Fault detection;Maintainable item;electrical machines;Unknown synchronization;Not reported;Factsvalue1_4;case-study type dropped: Maintainable item | default online/offline dropped: Unknown synchronization | input-for-model dropped: Not reported | input type dropped: Factsvalue1_4;Fault detection;;electrical machines;;;;5;15
984;extraction_papers\ontocast_runs\run_500_more_20260721_105503\output\facts_c28682f68c21.ttl;1;Health assessment;Maintainable item;autonomous vehicles;Unknown synchronization;Not reported;Not reported;case-study type dropped: Maintainable item | default online/offline dropped: Unknown synchronization | input-for-model dropped: Not reported | input type dropped: Not reported;Health assessment;;autonomous vehicles;;;;5;15
985;extraction_papers\ontocast_runs\run_500_more_20260721_105503\output\facts_c3622e2f1fb9.ttl;1;Fault detection;Maintainable item;thrust bearing;Unknown synchronization;Not reported;Factstemperature;case-study type dropped: Maintainable item | default online/offline dropped: Unknown synchronization | input-for-model dropped: Not reported | input type dropped: Factstemperature;Fault detection;;thrust bearing;;;;5;15
986;extraction_papers\ontocast_runs\run_500_more_20260721_105503\output\facts_c39d5fbe9c9a.ttl;1;Remaining useful life estimation;Maintainable item;sliding strips;Unknown synchronization;Not reported;contact pressure fluctuations, seasonal variables, strip thickness, unevenly spaced wear data, wear patterns;case-study type dropped: Maintainable item | default online/offline dropped: Unknown synchronization | input-for-model dropped: Not reported;Remaining useful life estimation;;sliding strips;;;contact pressure fluctuations, seasonal variables, strip thickness, unevenly spaced wear data, wear patterns;5;15
987;extraction_papers\ontocast_runs\run_500_more_20260721_105503\output\facts_c44a689492fd.ttl;1;Health assessment;Maintainable item;loose windings;Unknown synchronization;Not reported;classifier, normalized time-series vibration data;case-study type dropped: Maintainable item | default online/offline dropped: Unknown synchronization | input-for-model dropped: Not reported;Health assessment;;loose windings;;;classifier, normalized time-series vibration data;5;15
988;extraction_papers\ontocast_runs\run_500_more_20260721_105503\output\facts_c4a450408dd9.ttl;1;Remaining useful life estimation;Maintainable item;CT-1;Unknown synchronization;Not reported;focus, degradation phase, R2, stable phase;case-study type dropped: Maintainable item | default online/offline dropped: Unknown synchronization | input-for-model dropped: Not reported;Remaining useful life estimation;;CT-1;;;focus, degradation phase, R2, stable phase;5;15
989;extraction_papers\ontocast_runs\run_500_more_20260721_105503\output\facts_c4e7ffa6ee8d.ttl;1;Fault detection;Maintainable item;battery;Unknown synchronization;Not reported;FactspowerSensors;case-study type dropped: Maintainable item | default online/offline dropped: Unknown synchronization | input-for-model dropped: Not reported | input type dropped: FactspowerSensors;Fault detection;;battery;;;;5;15
990;extraction_papers\ontocast_runs\run_500_more_20260721_105503\output\facts_c5ee380d0d93.ttl;1;Remaining useful life estimation;Maintainable item;aircraft;Unknown synchronization;Not reported;operational parameters, temperature, pressure, vibration, fuel flow;case-study type dropped: Maintainable item | default online/offline dropped: Unknown synchronization | input-for-model dropped: Not reported;Remaining useful life estimation;;aircraft;;;operational parameters, temperature, pressure, vibration, fuel flow;5;15
991;extraction_papers\ontocast_runs\run_500_more_20260721_105503\output\facts_c5f16e3d788f.ttl;2;Fault detection;Maintainable item;turbine system;Unknown synchronization;Not reported;Not reported;case-study type dropped: Maintainable item | default online/offline dropped: Unknown synchronization | input-for-model dropped: Not reported | input type dropped: Not reported;Fault detection;;turbine system;;;;5;15
992;extraction_papers\ontocast_runs\run_500_more_20260721_105503\output\facts_c63f847b3dd8.ttl;2;Fault detection;Maintainable item;Volkov;Unknown synchronization;Not reported;electrical resistance of the load, current frequency;case-study type dropped: Maintainable item | default online/offline dropped: Unknown synchronization | input-for-model dropped: Not reported;Fault detection;;Volkov;;;electrical resistance of the load, current frequency;5;15
993;extraction_papers\ontocast_runs\run_500_more_20260721_105503\output\facts_c656a6268582.ttl;1;Fault detection;Maintainable item;industrial cooling systems;Unknown synchronization;Not reported;attack data labels, operational parameters, vibration signals;case-study type dropped: Maintainable item | default online/offline dropped: Unknown synchronization | input-for-model dropped: Not reported;Fault detection;;industrial cooling systems;;;attack data labels, operational parameters, vibration signals;5;15
994;extraction_papers\ontocast_runs\run_500_more_20260721_105503\output\facts_c68855388d77.ttl;4;Fault detection;Maintainable item;smart grid;Unknown synchronization;Not reported;Not reported;case-study type dropped: Maintainable item | default online/offline dropped: Unknown synchronization | input-for-model dropped: Not reported | input type dropped: Not reported;Fault detection;;smart grid;;;;5;15
995;extraction_papers\ontocast_runs\run_500_more_20260721_105503\output\facts_c72f38e97f3d.ttl;1;Fault detection;Maintainable item;drain valve;Unknown synchronization;Not reported;degradation features, dynamic trends, historical operational data, non-stationary characteristics, operational fluctuations, original valve internal leakage time series, residual sequence, white noise sequence, normal distribution;case-study type dropped: Maintainable item | default online/offline dropped: Unknown synchronization | input-for-model dropped: Not reported;Fault detection;;drain valve;;;degradation features, dynamic trends, historical operational data, non-stationary characteristics, operational fluctuations, original valve internal leakage time series, residual sequence, white noise sequence, normal distribution;5;15
996;extraction_papers\ontocast_runs\run_500_more_20260721_105503\output\facts_c7a80b25b8d4.ttl;1;Fault detection;Maintainable item;RSS;Unknown synchronization;Not reported;lubricant quality, obtained features, operational parameters, friction torque, contact temperature;case-study type dropped: Maintainable item | default online/offline dropped: Unknown synchronization | input-for-model dropped: Not reported;Fault detection;;RSS;;;lubricant quality, obtained features, operational parameters, friction torque, contact temperature;5;15
997;extraction_papers\ontocast_runs\run_500_more_20260721_105503\output\facts_c80f3e1918f5.ttl;1;Fault detection;Maintainable item;natural gas pipeline;Unknown synchronization;Not reported;Factspressure_signals1;case-study type dropped: Maintainable item | default online/offline dropped: Unknown synchronization | input-for-model dropped: Not reported | input type dropped: Factspressure_signals1;Fault detection;;natural gas pipeline;;;;5;15
998;extraction_papers\ontocast_runs\run_500_more_20260721_105503\output\facts_c8263fe309ca.ttl;2;Health assessment;Maintainable item;kilns;Unknown synchronization;Not reported;data acquisition;case-study type dropped: Maintainable item | default online/offline dropped: Unknown synchronization | input-for-model dropped: Not reported;Health assessment;;kilns;;;data acquisition;5;15
999;extraction_papers\ontocast_runs\run_500_more_20260721_105503\output\facts_c8cbc84be15c.ttl;1;Fault detection;Maintainable item;fan;Unknown synchronization;Not reported;vibration data;case-study type dropped: Maintainable item | default online/offline dropped: Unknown synchronization | input-for-model dropped: Not reported;Fault detection;;fan;;;vibration data;5;15
1000;extraction_papers\ontocast_runs\run_500_more_20260721_105503\output\facts_c8e92d608bd7.ttl;1;Fault detection;Maintainable item;conveyors;Unknown synchronization;Not reported;thermal, vibration, acoustic, temporal sensor data, visual data;case-study type dropped: Maintainable item | default online/offline dropped: Unknown synchronization | input-for-model dropped: Not reported;Fault detection;;conveyors;;;thermal, vibration, acoustic, temporal sensor data, visual data;5;15
1001;extraction_papers\ontocast_runs\run_500_more_20260721_105503\output\facts_c8e972bc7e17.ttl;1;Health assessment;Maintainable item;engine;Unknown synchronization;Not reported;engine RPM, fuel pressure, lubrication oil pressure, engine data from vehicles;case-study type dropped: Maintainable item | default online/offline dropped: Unknown synchronization | input-for-model dropped: Not reported;Health assessment;;engine;;;engine RPM, fuel pressure, lubrication oil pressure, engine data from vehicles;5;15
1002;extraction_papers\ontocast_runs\run_500_more_20260721_105503\output\facts_c99f6f132c7d.ttl;4;Remaining useful life estimation;Maintainable item;rolling bearing;Unknown synchronization;Not reported;fatigue-sensitive indicator set, monitoring data, multi-domain feature sets, state information of rolling bearings, bearing operation temperature data, temporal significance, Factsvar1_3, bearing operation vibration data;case-study type dropped: Maintainable item | default online/offline dropped: Unknown synchronization | input-for-model dropped: Not reported;Remaining useful life estimation;;rolling bearing;;;fatigue-sensitive indicator set, monitoring data, multi-domain feature sets, state information of rolling bearings, bearing operation temperature data, temporal significance, Factsvar1_3, bearing operation vibration data;5;15
1003;extraction_papers\ontocast_runs\run_500_more_20260721_105503\output\facts_c9fd6a77e380.ttl;1;Health assessment;Maintainable item;battery;Unknown synchronization;Not reported;Not reported;case-study type dropped: Maintainable item | default online/offline dropped: Unknown synchronization | input-for-model dropped: Not reported | input type dropped: Not reported;Health assessment;;battery;;;;5;15
1004;extraction_papers\ontocast_runs\run_500_more_20260721_105503\output\facts_cadda2082d0e.ttl;1;Fault detection;Maintainable item;power line;Unknown synchronization;Not reported;50 Hz, power line frequency, displacement, voltage, current, force factor, damping ratio, electromechanical coupling factor;case-study type dropped: Maintainable item | default online/offline dropped: Unknown synchronization | input-for-model dropped: Not reported;Fault detection;;power line;;;50 Hz, power line frequency, displacement, voltage, current, force factor, damping ratio, electromechanical coupling factor;5;15
1005;extraction_papers\ontocast_runs\run_500_more_20260721_105503\output\facts_cb41414ff45b.ttl;1;Fault detection;Maintainable item;Line Replaceable Unit;Unknown synchronization;Not reported;maneuver-related data, temperature, voltage, current, real flight data;case-study type dropped: Maintainable item | default online/offline dropped: Unknown synchronization | input-for-model dropped: Not reported;Fault detection;;Line Replaceable Unit;;;maneuver-related data, temperature, voltage, current, real flight data;5;15
1006;extraction_papers\ontocast_runs\run_500_more_20260721_105503\output\facts_cb60f865f2c9.ttl;1;Health assessment;Maintainable item;gearbox;Unknown synchronization;Not reported;fiber optic strain sensors;case-study type dropped: Maintainable item | default online/offline dropped: Unknown synchronization | input-for-model dropped: Not reported;Health assessment;;gearbox;;;fiber optic strain sensors;5;15
1007;extraction_papers\ontocast_runs\run_500_more_20260721_105503\output\facts_cdb839ab2a34.ttl;1;Fault detection;Maintainable item;balls;Unknown synchronization;Not reported;acoustic emissions, current, vibrations, Factssignal1_9, stray magnetic flux, temperature, voltage;case-study type dropped: Maintainable item | default online/offline dropped: Unknown synchronization | input-for-model dropped: Not reported;Fault detection;;balls;;;acoustic emissions, current, vibrations, Factssignal1_9, stray magnetic flux, temperature, voltage;5;15
1008;extraction_papers\ontocast_runs\run_500_more_20260721_105503\output\facts_cdc0b4f352bb.ttl;1;Fault detection;Maintainable item;Factsfoct;Unknown synchronization;Not reported;Not reported;case-study type dropped: Maintainable item | case study dropped: Factsfoct | default online/offline dropped: Unknown synchronization | input-for-model dropped: Not reported | input type dropped: Not reported;Fault detection;;;;;;5;15
1009;extraction_papers\ontocast_runs\run_500_more_20260721_105503\output\facts_ce3b83abed23.ttl;1;Fault detection;Maintainable item;component test rig for journal bearings with integrated SAW measurement;Unknown synchronization;Not reported;Not reported;case-study type dropped: Maintainable item | default online/offline dropped: Unknown synchronization | input-for-model dropped: Not reported | input type dropped: Not reported;Fault detection;;component test rig for journal bearings with integrated SAW measurement;;;;5;15
1010;extraction_papers\ontocast_runs\run_500_more_20260721_105503\output\facts_cf1f5d2ba6da.ttl;1;Fault detection;Maintainable item;diagnostic conclusion;Unknown synchronization;Not reported;high-frequency, numerical time-series data from sensors, temporal, spectral, and time-frequency characteristics, pump vibration signals;case-study type dropped: Maintainable item | default online/offline dropped: Unknown synchronization | input-for-model dropped: Not reported;Fault detection;;diagnostic conclusion;;;high-frequency, numerical time-series data from sensors, temporal, spectral, and time-frequency characteristics, pump vibration signals;5;15
1011;extraction_papers\ontocast_runs\run_500_more_20260721_105503\output\facts_cf4580bd02cb.ttl;1;Fault detection;Maintainable item;A07;Unknown synchronization;Not reported;Factsdt2;case-study type dropped: Maintainable item | default online/offline dropped: Unknown synchronization | input-for-model dropped: Not reported | input type dropped: Factsdt2;Fault detection;;A07;;;;5;15
1012;extraction_papers\ontocast_runs\run_500_more_20260721_105503\output\facts_d01fdfd7e505.ttl;1;Health assessment;Maintainable item;chiller plant;Unknown synchronization;Not reported;Gramian Angular Summation Field, gas path measurements, images, Markov Transition Field, profound features, virtual sensors, accuracy;case-study type dropped: Maintainable item | default online/offline dropped: Unknown synchronization | input-for-model dropped: Not reported;Health assessment;;chiller plant;;;Gramian Angular Summation Field, gas path measurements, images, Markov Transition Field, profound features, virtual sensors, accuracy;5;15
1013;extraction_papers\ontocast_runs\run_500_more_20260721_105503\output\facts_d059b408e111.ttl;2;Fault detection;Maintainable item;UAV sounds dataset;Unknown synchronization;Not reported;Factssplit1;case-study type dropped: Maintainable item | default online/offline dropped: Unknown synchronization | input-for-model dropped: Not reported | input type dropped: Factssplit1;Fault detection;;UAV sounds dataset;;;;5;15
1014;extraction_papers\ontocast_runs\run_500_more_20260721_105503\output\facts_d0cf99a8d282.ttl;1;Fault detection;Maintainable item;bearing;Unknown synchronization;Not reported;diagnostic indicator, vibration measurement;case-study type dropped: Maintainable item | default online/offline dropped: Unknown synchronization | input-for-model dropped: Not reported;Fault detection;;bearing;;;diagnostic indicator, vibration measurement;5;15
1015;extraction_papers\ontocast_runs\run_500_more_20260721_105503\output\facts_d2c7ac75036e.ttl;1;Fault detection;Maintainable item;air production unit;Unknown synchronization;Not reported;wheel vibration;case-study type dropped: Maintainable item | default online/offline dropped: Unknown synchronization | input-for-model dropped: Not reported;Fault detection;;air production unit;;;wheel vibration;5;15
1016;extraction_papers\ontocast_runs\run_500_more_20260721_105503\output\facts_d2e5dfd67513.ttl;1;Fault detection;Maintainable item;bearing;Unknown synchronization;Not reported;kernel principal component analysis, complex, nonlinear hidden data patterns, irrelevant input features, long-term dependencies, noise, progressive inputs, thermal imaging, time series data, vibration signals;case-study type dropped: Maintainable item | default online/offline dropped: Unknown synchronization | input-for-model dropped: Not reported;Fault detection;;bearing;;;kernel principal component analysis, complex, nonlinear hidden data patterns, irrelevant input features, long-term dependencies, noise, progressive inputs, thermal imaging, time series data, vibration signals;5;15
1017;extraction_papers\ontocast_runs\run_500_more_20260721_105503\output\facts_d38ecdfeaeef.ttl;1;Fault detection;Maintainable item;Factsfood_industry_processes1;Unknown synchronization;Not reported;Factsvar1;case-study type dropped: Maintainable item | case study dropped: Factsfood_industry_processes1 | default online/offline dropped: Unknown synchronization | input-for-model dropped: Not reported | input type dropped: Factsvar1;Fault detection;;;;;;5;15
1018;extraction_papers\ontocast_runs\run_500_more_20260721_105503\output\facts_d3b03bbd0128.ttl;1;Health assessment;Maintainable item;single cell;Unknown synchronization;Not reported;multi-source information, State of Charge, State of Health, State of Power;case-study type dropped: Maintainable item | default online/offline dropped: Unknown synchronization | input-for-model dropped: Not reported;Health assessment;;single cell;;;multi-source information, State of Charge, State of Health, State of Power;5;15
1019;extraction_papers\ontocast_runs\run_500_more_20260721_105503\output\facts_d426846a60c4.ttl;1;Health assessment;Maintainable item;power transformer;Unknown synchronization;Not reported;FactscoreTemporalFeatureOt, FactsetDataset;case-study type dropped: Maintainable item | default online/offline dropped: Unknown synchronization | input-for-model dropped: Not reported;Health assessment;;power transformer;;;FactscoreTemporalFeatureOt, FactsetDataset;5;15
1020;extraction_papers\ontocast_runs\run_500_more_20260721_105503\output\facts_d4a43c4ff34f.ttl;1;Remaining useful life estimation;Maintainable item;tool;Unknown synchronization;Not reported;chip morphology, runtime, acceleration, acoustic sensor signals, spindle drive current sensor signals, cutting forces, temperature, vibrations;case-study type dropped: Maintainable item | default online/offline dropped: Unknown synchronization | input-for-model dropped: Not reported;Remaining useful life estimation;;tool;;;chip morphology, runtime, acceleration, acoustic sensor signals, spindle drive current sensor signals, cutting forces, temperature, vibrations;5;15
1021;extraction_papers\ontocast_runs\run_500_more_20260721_105503\output\facts_d6163d30c72f.ttl;1;Fault detection;Maintainable item;bearings;Unknown synchronization;Not reported;air flow rate, air pressure, compressor outlet pressure, motor current, oil temperature, pulled air temperature, RPM, water pump power;case-study type dropped: Maintainable item | default online/offline dropped: Unknown synchronization | input-for-model dropped: Not reported;Fault detection;;bearings;;;air flow rate, air pressure, compressor outlet pressure, motor current, oil temperature, pulled air temperature, RPM, water pump power;5;15
1022;extraction_papers\ontocast_runs\run_500_more_20260721_105503\output\facts_d7d13902a4c5.ttl;4;Health assessment;Maintainable item;failure state with different level of valve plate degradation;Unknown synchronization;Not reported;flow sensor, imbalance rate, prediction methods, pressure sensor, amount of pump failure data, vibration sensor data, vibration speed;case-study type dropped: Maintainable item | default online/offline dropped: Unknown synchronization | input-for-model dropped: Not reported;Health assessment;;failure state with different level of valve plate degradation;;;flow sensor, imbalance rate, prediction methods, pressure sensor, amount of pump failure data, vibration sensor data, vibration speed;5;15
1023;extraction_papers\ontocast_runs\run_500_more_20260721_105503\output\facts_d804cd13ff79.ttl;1;Fault detection;Maintainable item;circuit breaker;Unknown synchronization;Not reported;acoustic emissions, coil current, dynamic contact resistance, healthy data, operation timing, Factssignal1_8, travel curves, vibration, Factsxai_1;case-study type dropped: Maintainable item | default online/offline dropped: Unknown synchronization | input-for-model dropped: Not reported;Fault detection;;circuit breaker;;;acoustic emissions, coil current, dynamic contact resistance, healthy data, operation timing, Factssignal1_8, travel curves, vibration, Factsxai_1;5;15
1024;extraction_papers\ontocast_runs\run_500_more_20260721_105503\output\facts_d82d2b95ae91.ttl;2;Health assessment;Maintainable item;Fuel cell;Unknown synchronization;Not reported;inputs;case-study type dropped: Maintainable item | default online/offline dropped: Unknown synchronization | input-for-model dropped: Not reported;Health assessment;;Fuel cell;;;inputs;5;15
1025;extraction_papers\ontocast_runs\run_500_more_20260721_105503\output\facts_d8eb1db857f6.ttl;1;Fault detection;Maintainable item;insulator;Unknown synchronization;Not reported;Not reported;case-study type dropped: Maintainable item | default online/offline dropped: Unknown synchronization | input-for-model dropped: Not reported | input type dropped: Not reported;Fault detection;;insulator;;;;5;15
1026;extraction_papers\ontocast_runs\run_500_more_20260721_105503\output\facts_d9be5c7ce28b.ttl;1;Health assessment;Maintainable item;rolling element bearing;Unknown synchronization;Not reported;Factsshap1, Factssignals, vibration signal analysis;case-study type dropped: Maintainable item | default online/offline dropped: Unknown synchronization | input-for-model dropped: Not reported;Health assessment;;rolling element bearing;;;Factsshap1, Factssignals, vibration signal analysis;5;15
1027;extraction_papers\ontocast_runs\run_500_more_20260721_105503\output\facts_d9c8a28c6182.ttl;1;Fault detection;Maintainable item;cyber-physical systems;Unknown synchronization;Not reported;actuator states, fault data, network traffic, sensor data;case-study type dropped: Maintainable item | default online/offline dropped: Unknown synchronization | input-for-model dropped: Not reported;Fault detection;;cyber-physical systems;;;actuator states, fault data, network traffic, sensor data;5;15
1028;extraction_papers\ontocast_runs\run_500_more_20260721_105503\output\facts_db0885e26c8c.ttl;1;Fault detection;Maintainable item;water hammer phenomenon;Unknown synchronization;Not reported;Not reported;case-study type dropped: Maintainable item | default online/offline dropped: Unknown synchronization | input-for-model dropped: Not reported | input type dropped: Not reported;Fault detection;;water hammer phenomenon;;;;5;15
1029;extraction_papers\ontocast_runs\run_500_more_20260721_105503\output\facts_db1f79e7e962.ttl;1;One step future state forecast;Maintainable item;Not reported;Unknown synchronization;Not reported;Not reported;case-study type dropped: Maintainable item | case study dropped: Not reported | default online/offline dropped: Unknown synchronization | input-for-model dropped: Not reported | input type dropped: Not reported;One step future state forecast;;;;;;5;15
1030;extraction_papers\ontocast_runs\run_500_more_20260721_105503\output\facts_dbd84a4e60e3.ttl;1;Health assessment;Maintainable item;custom-curated dataset;Unknown synchronization;Not reported;Not reported;case-study type dropped: Maintainable item | default online/offline dropped: Unknown synchronization | input-for-model dropped: Not reported | input type dropped: Not reported;Health assessment;;custom-curated dataset;;;;5;15
1031;extraction_papers\ontocast_runs\run_500_more_20260721_105503\output\facts_dc80fc97c2ac.ttl;1;Fault feature extraction;Maintainable item;battery;Unknown synchronization;Not reported;histogram-based features, multiview features, time-domain features, voltage curve features;case-study type dropped: Maintainable item | default online/offline dropped: Unknown synchronization | input-for-model dropped: Not reported;Fault feature extraction;;battery;;;histogram-based features, multiview features, time-domain features, voltage curve features;5;15
1032;extraction_papers\ontocast_runs\run_500_more_20260721_105503\output\facts_dccb76a37d33.ttl;1;Health assessment;Maintainable item;bearings;Unknown synchronization;Not reported;Factspressure, Factstemperature, SCADA data, high-frequency vibration signals;case-study type dropped: Maintainable item | default online/offline dropped: Unknown synchronization | input-for-model dropped: Not reported;Health assessment;;bearings;;;Factspressure, Factstemperature, SCADA data, high-frequency vibration signals;5;15
1033;extraction_papers\ontocast_runs\run_500_more_20260721_105503\output\facts_ded74c5c4816.ttl;4;Remaining useful life estimation;Maintainable item;nitrogen compressor;Unknown synchronization;Not reported;corrective maintenance;case-study type dropped: Maintainable item | default online/offline dropped: Unknown synchronization | input-for-model dropped: Not reported;Remaining useful life estimation;;nitrogen compressor;;;corrective maintenance;5;15
1034;extraction_papers\ontocast_runs\run_500_more_20260721_105503\output\facts_def36f8670c0.ttl;1;Fault detection;Maintainable item;X52 pipeline steel;Unknown synchronization;Not reported;Not reported;case-study type dropped: Maintainable item | default online/offline dropped: Unknown synchronization | input-for-model dropped: Not reported | input type dropped: Not reported;Fault detection;;X52 pipeline steel;;;;5;15
1035;extraction_papers\ontocast_runs\run_500_more_20260721_105503\output\facts_df04a14fe010.ttl;1;One step future state forecast;Maintainable item;Not reported;Unknown synchronization;Not reported;Not reported;case-study type dropped: Maintainable item | case study dropped: Not reported | default online/offline dropped: Unknown synchronization | input-for-model dropped: Not reported | input type dropped: Not reported;One step future state forecast;;;;;;5;15
1036;extraction_papers\ontocast_runs\run_500_more_20260721_105503\output\facts_df24e041485e.ttl;2;Fault feature extraction;Maintainable item;bearing;Unknown synchronization;Not reported;bearing, independent source signals, mixing matrix A, observed signal matrix X, unmixing matrix W, windowed vibration signals;case-study type dropped: Maintainable item | default online/offline dropped: Unknown synchronization | input-for-model dropped: Not reported;Fault feature extraction;;bearing;;;bearing, independent source signals, mixing matrix A, observed signal matrix X, unmixing matrix W, windowed vibration signals;5;15
1037;extraction_papers\ontocast_runs\run_500_more_20260721_105503\output\facts_e049a7b635d8.ttl;1;Fault detection;Maintainable item;steel frame undergoing fatigue deterioration;Unknown synchronization;Not reported;Factsvar1_9;case-study type dropped: Maintainable item | default online/offline dropped: Unknown synchronization | input-for-model dropped: Not reported | input type dropped: Factsvar1_9;Fault detection;;steel frame undergoing fatigue deterioration;;;;5;15
1038;extraction_papers\ontocast_runs\run_500_more_20260721_105503\output\facts_e0867f5c7c21.ttl;1;Fault detection;Maintainable item;tool;Unknown synchronization;Not reported;FactsfeedRate;case-study type dropped: Maintainable item | default online/offline dropped: Unknown synchronization | input-for-model dropped: Not reported | input type dropped: FactsfeedRate;Fault detection;;tool;;;;5;15
1039;extraction_papers\ontocast_runs\run_500_more_20260721_105503\output\facts_e0f37b2abd9b.ttl;2;Health assessment;Maintainable item;Factsdrilling;Unknown synchronization;Not reported;FactsaxialForce, Factsfeatures_4, Factstemperature_7, FactstoolWear_2, factsforce;case-study type dropped: Maintainable item | case study dropped: Factsdrilling | default online/offline dropped: Unknown synchronization | input-for-model dropped: Not reported;Health assessment;;;;;FactsaxialForce, Factsfeatures_4, Factstemperature_7, FactstoolWear_2, factsforce;5;15
1040;extraction_papers\ontocast_runs\run_500_more_20260721_105503\output\facts_e147d0266de1.ttl;1;Fault detection;Maintainable item;power transformer;Unknown synchronization;Not reported;FactstimeInterval;case-study type dropped: Maintainable item | default online/offline dropped: Unknown synchronization | input-for-model dropped: Not reported | input type dropped: FactstimeInterval;Fault detection;;power transformer;;;;5;15
1041;extraction_papers\ontocast_runs\run_500_more_20260721_105503\output\facts_e15e43af9a53.ttl;1;Fault detection;Maintainable item;vehicle;Unknown synchronization;Not reported;Not reported;case-study type dropped: Maintainable item | default online/offline dropped: Unknown synchronization | input-for-model dropped: Not reported | input type dropped: Not reported;Fault detection;;vehicle;;;;5;15
1042;extraction_papers\ontocast_runs\run_500_more_20260721_105503\output\facts_e1bb0b3a326e.ttl;1;Health assessment;Maintainable item;starting point of bearing aging;Unknown synchronization;Not reported;dimensionless indicators, RMS values, Factsspectral_correlation1, time-scale information, vibration signals;case-study type dropped: Maintainable item | default online/offline dropped: Unknown synchronization | input-for-model dropped: Not reported;Health assessment;;starting point of bearing aging;;;dimensionless indicators, RMS values, Factsspectral_correlation1, time-scale information, vibration signals;5;15
1043;extraction_papers\ontocast_runs\run_500_more_20260721_105503\output\facts_e1fbd2839a8f.ttl;1;Fault detection;Maintainable item;equipment pieces;Unknown synchronization;Not reported;V;case-study type dropped: Maintainable item | default online/offline dropped: Unknown synchronization | input-for-model dropped: Not reported;Fault detection;;equipment pieces;;;V;5;15
1044;extraction_papers\ontocast_runs\run_500_more_20260721_105503\output\facts_e24dbd3f4270.ttl;1;Fault detection;Maintainable item;induction motor;Unknown synchronization;Not reported;Not reported;case-study type dropped: Maintainable item | default online/offline dropped: Unknown synchronization | input-for-model dropped: Not reported | input type dropped: Not reported;Fault detection;;induction motor;;;;5;15
1045;extraction_papers\ontocast_runs\run_500_more_20260721_105503\output\facts_e2e11d66f230.ttl;1;Fault detection;Maintainable item;aeration systems;Unknown synchronization;Not reported;FactsairflowRates, FactsdissolvedOxygen, process variable, feature importance score;case-study type dropped: Maintainable item | default online/offline dropped: Unknown synchronization | input-for-model dropped: Not reported;Fault detection;;aeration systems;;;FactsairflowRates, FactsdissolvedOxygen, process variable, feature importance score;5;15
1046;extraction_papers\ontocast_runs\run_500_more_20260721_105503\output\facts_e4c6a92beaec.ttl;1;Fault detection;Maintainable item;traction roller;Unknown synchronization;Not reported;dynamic load cells, identified mu s, torque transducers, web speed sensors;case-study type dropped: Maintainable item | default online/offline dropped: Unknown synchronization | input-for-model dropped: Not reported;Fault detection;;traction roller;;;dynamic load cells, identified mu s, torque transducers, web speed sensors;5;15
1047;extraction_papers\ontocast_runs\run_500_more_20260721_105503\output\facts_e57239423e97.ttl;1;Remaining useful life estimation;Maintainable item;bearing;Unknown synchronization;Not reported;external environmental factors, health indicator, state of the bearing, Factstcchc1;case-study type dropped: Maintainable item | default online/offline dropped: Unknown synchronization | input-for-model dropped: Not reported;Remaining useful life estimation;;bearing;;;external environmental factors, health indicator, state of the bearing, Factstcchc1;5;15
1048;extraction_papers\ontocast_runs\run_500_more_20260721_105503\output\facts_e63ca102b55f.ttl;1;Health assessment;Maintainable item;product quality;Unknown synchronization;Not reported;Not reported;case-study type dropped: Maintainable item | default online/offline dropped: Unknown synchronization | input-for-model dropped: Not reported | input type dropped: Not reported;Health assessment;;product quality;;;;5;15
1049;extraction_papers\ontocast_runs\run_500_more_20260721_105503\output\facts_e6992b804d17.ttl;1;Fault detection;Maintainable item;power system equipment;Unknown synchronization;Not reported;fault patterns, real-time monitoring data, subtle correlations in data;case-study type dropped: Maintainable item | default online/offline dropped: Unknown synchronization | input-for-model dropped: Not reported;Fault detection;;power system equipment;;;fault patterns, real-time monitoring data, subtle correlations in data;5;15
1050;extraction_papers\ontocast_runs\run_500_more_20260721_105503\output\facts_e6a42e1b816c.ttl;1;One step future state forecast;Maintainable item;transformer oil ageing monitoring;Unknown synchronization;Not reported;Not reported;case-study type dropped: Maintainable item | default online/offline dropped: Unknown synchronization | input-for-model dropped: Not reported | input type dropped: Not reported;One step future state forecast;;transformer oil ageing monitoring;;;;5;15
1051;extraction_papers\ontocast_runs\run_500_more_20260721_105503\output\facts_e7586c5f3e90.ttl;1;Fault detection;Maintainable item;Factsfact3_21;Unknown synchronization;Not reported;accuracy, feature sets, sensor-fusion metrics, time-frequency representations, vibration data;case-study type dropped: Maintainable item | case study dropped: Factsfact3_21 | default online/offline dropped: Unknown synchronization | input-for-model dropped: Not reported;Fault detection;;;;;accuracy, feature sets, sensor-fusion metrics, time-frequency representations, vibration data;5;15
1052;extraction_papers\ontocast_runs\run_500_more_20260721_105503\output\facts_e7dd5b3c1da8.ttl;1;Health assessment;Maintainable item;distribution cabinet;Unknown synchronization;Not reported;combustion, equipment heterogeneity, GRU, heat dissipation, high-frequency harmonics, insulation degradation, load switching, long-term multivariate time-series data, overheating, multi-scale fluctuations, resistance, sustained smoldering, non-stationarity, three-phase imbalance, power, zero-sequence harmonics;case-study type dropped: Maintainable item | default online/offline dropped: Unknown synchronization | input-for-model dropped: Not reported;Health assessment;;distribution cabinet;;;combustion, equipment heterogeneity, GRU, heat dissipation, high-frequency harmonics, insulation degradation, load switching, long-term multivariate time-series data, overheating, multi-scale fluctuations, resistance, sustained smoldering, non-stationarity, three-phase imbalance, power, zero-sequence harmonics;5;15
1053;extraction_papers\ontocast_runs\run_500_more_20260721_105503\output\facts_e86db4320b62.ttl;1;Health assessment;Maintainable item;industrial gearbox;Unknown synchronization;Not reported;Factsvariable2_8;case-study type dropped: Maintainable item | default online/offline dropped: Unknown synchronization | input-for-model dropped: Not reported | input type dropped: Factsvariable2_8;Health assessment;;industrial gearbox;;;;5;15
1054;extraction_papers\ontocast_runs\run_500_more_20260721_105503\output\facts_e87842fbcb67.ttl;1;Fault detection;Maintainable item;idler;Unknown synchronization;Not reported;sound signals, FactsspatialSensorData;case-study type dropped: Maintainable item | default online/offline dropped: Unknown synchronization | input-for-model dropped: Not reported;Fault detection;;idler;;;sound signals, FactsspatialSensorData;5;15
1055;extraction_papers\ontocast_runs\run_500_more_20260721_105503\output\facts_e8ae7f1e0a4d.ttl;1;Fault detection;Maintainable item;power grid;Unknown synchronization;Not reported;Factshistorical_data1_1;case-study type dropped: Maintainable item | default online/offline dropped: Unknown synchronization | input-for-model dropped: Not reported | input type dropped: Factshistorical_data1_1;Fault detection;;power grid;;;;5;15
1056;extraction_papers\ontocast_runs\run_500_more_20260721_105503\output\facts_e8c8a5c919af.ttl;2;Remaining useful life estimation;Maintainable item;TSA;Unknown synchronization;Not reported;machine learning, FactsvarD;case-study type dropped: Maintainable item | default online/offline dropped: Unknown synchronization | input-for-model dropped: Not reported;Remaining useful life estimation;;TSA;;;machine learning, FactsvarD;5;15
1057;extraction_papers\ontocast_runs\run_500_more_20260721_105503\output\facts_ea58497e74a2.ttl;1;Fault detection;Maintainable item;failures;Unknown synchronization;Not reported;Not reported;case-study type dropped: Maintainable item | default online/offline dropped: Unknown synchronization | input-for-model dropped: Not reported | input type dropped: Not reported;Fault detection;;failures;;;;5;15
1058;extraction_papers\ontocast_runs\run_500_more_20260721_105503\output\facts_ea94175ddfd5.ttl;1;Fault detection;Maintainable item;datasets;Unknown synchronization;Not reported;feature distribution, linguistic variables, numeric inputs;case-study type dropped: Maintainable item | default online/offline dropped: Unknown synchronization | input-for-model dropped: Not reported;Fault detection;;datasets;;;feature distribution, linguistic variables, numeric inputs;5;15
1059;extraction_papers\ontocast_runs\run_500_more_20260721_105503\output\facts_ea99c14d2914.ttl;1;Remaining useful life estimation;Maintainable item;insulated gate bipolar transistor;Unknown synchronization;Not reported;Not reported;case-study type dropped: Maintainable item | default online/offline dropped: Unknown synchronization | input-for-model dropped: Not reported | input type dropped: Not reported;Remaining useful life estimation;;insulated gate bipolar transistor;;;;5;15
1060;extraction_papers\ontocast_runs\run_500_more_20260721_105503\output\facts_eaa56f09ab61.ttl;1;Fault detection;Maintainable item;fleet;Unknown synchronization;Not reported;sensor monitoring data, past data, spare parts usage;case-study type dropped: Maintainable item | default online/offline dropped: Unknown synchronization | input-for-model dropped: Not reported;Fault detection;;fleet;;;sensor monitoring data, past data, spare parts usage;5;15
1061;extraction_papers\ontocast_runs\run_500_more_20260721_105503\output\facts_eaf7d8f16fac.ttl;1;Fault feature extraction;Maintainable item;axle;Unknown synchronization;Not reported;FactsaxleBoxAccelerationMeasurement, FactsaxleFrequencyOfRevolution, noise, rail corrugation, FactsrunningSpeed, track irregularities, vibration, wheel out of roundness;case-study type dropped: Maintainable item | default online/offline dropped: Unknown synchronization | input-for-model dropped: Not reported;Fault feature extraction;;axle;;;FactsaxleBoxAccelerationMeasurement, FactsaxleFrequencyOfRevolution, noise, rail corrugation, FactsrunningSpeed, track irregularities, vibration, wheel out of roundness;5;15
1062;extraction_papers\ontocast_runs\run_500_more_20260721_105503\output\facts_ebed388f41ed.ttl;1;Fault detection;Maintainable item;Backsheet;Unknown synchronization;Not reported;spectral data;case-study type dropped: Maintainable item | default online/offline dropped: Unknown synchronization | input-for-model dropped: Not reported;Fault detection;;Backsheet;;;spectral data;5;15
1063;extraction_papers\ontocast_runs\run_500_more_20260721_105503\output\facts_ec646a2507eb.ttl;1;Fault detection;Maintainable item;bearing;Unknown synchronization;Not reported;oil supply flow rate, rotational speed;case-study type dropped: Maintainable item | default online/offline dropped: Unknown synchronization | input-for-model dropped: Not reported;Fault detection;;bearing;;;oil supply flow rate, rotational speed;5;15
1064;extraction_papers\ontocast_runs\run_500_more_20260721_105503\output\facts_ed1cdbe872df.ttl;1;Fault detection;Maintainable item;BLDC motor;Unknown synchronization;Not reported;Not reported;case-study type dropped: Maintainable item | default online/offline dropped: Unknown synchronization | input-for-model dropped: Not reported | input type dropped: Not reported;Fault detection;;BLDC motor;;;;5;15
1065;extraction_papers\ontocast_runs\run_500_more_20260721_105503\output\facts_ed2d565265fb.ttl;1;Health assessment;Maintainable item;HPC;Unknown synchronization;Not reported;geometric deviations, manufacturing errors, condition monitoring, rear-stage HPC geometric deviations;case-study type dropped: Maintainable item | default online/offline dropped: Unknown synchronization | input-for-model dropped: Not reported;Health assessment;;HPC;;;geometric deviations, manufacturing errors, condition monitoring, rear-stage HPC geometric deviations;5;15
1066;extraction_papers\ontocast_runs\run_500_more_20260721_105503\output\facts_ede4e9db24aa.ttl;1;Remaining useful life estimation;Maintainable item;RUL prediction;Unknown synchronization;Not reported;3.8.2;case-study type dropped: Maintainable item | default online/offline dropped: Unknown synchronization | input-for-model dropped: Not reported;Remaining useful life estimation;;RUL prediction;;;3.8.2;5;15
1067;extraction_papers\ontocast_runs\run_500_more_20260721_105503\output\facts_edeaf0d7ae46.ttl;3;Multiple steps future state forecast;Maintainable item;components;Unknown synchronization;Not reported;vibration signals;case-study type dropped: Maintainable item | default online/offline dropped: Unknown synchronization | input-for-model dropped: Not reported;Multiple steps future state forecast;;components;;;vibration signals;5;15
1068;extraction_papers\ontocast_runs\run_500_more_20260721_105503\output\facts_eeefdc27abf1.ttl;1;Health assessment;Maintainable item;FactsgasInsulatedSwitchgear;Unknown synchronization;Not reported;Not reported;case-study type dropped: Maintainable item | case study dropped: FactsgasInsulatedSwitchgear | default online/offline dropped: Unknown synchronization | input-for-model dropped: Not reported | input type dropped: Not reported;Health assessment;;;;;;5;15
1069;extraction_papers\ontocast_runs\run_500_more_20260721_105503\output\facts_ef2959399ba1.ttl;1;Fault detection;Maintainable item;metal-mechanical industry;Unknown synchronization;Not reported;Air Temperature, Failure Type, Rotation Speed, Target Label, Tool Wear, Torque, UID, Factsvar2_2;case-study type dropped: Maintainable item | default online/offline dropped: Unknown synchronization | input-for-model dropped: Not reported;Fault detection;;metal-mechanical industry;;;Air Temperature, Failure Type, Rotation Speed, Target Label, Tool Wear, Torque, UID, Factsvar2_2;5;15
1070;extraction_papers\ontocast_runs\run_500_more_20260721_105503\output\facts_f05c2f8974c2.ttl;1;Fault feature extraction;Maintainable item;large turbine generators;Unknown synchronization;Not reported;shaft voltage, harmonic content, predefined signal characteristics, data acquisition, handcrafted features, expert knowledge, noise, machine-specific variations, grounding current;case-study type dropped: Maintainable item | default online/offline dropped: Unknown synchronization | input-for-model dropped: Not reported;Fault feature extraction;;large turbine generators;;;shaft voltage, harmonic content, predefined signal characteristics, data acquisition, handcrafted features, expert knowledge, noise, machine-specific variations, grounding current;5;15
1071;extraction_papers\ontocast_runs\run_500_more_20260721_105503\output\facts_f2b10473f690.ttl;1;One step future state forecast;Maintainable item;Not reported;Unknown synchronization;Not reported;Not reported;case-study type dropped: Maintainable item | case study dropped: Not reported | default online/offline dropped: Unknown synchronization | input-for-model dropped: Not reported | input type dropped: Not reported;One step future state forecast;;;;;;5;15
1072;extraction_papers\ontocast_runs\run_500_more_20260721_105503\output\facts_f2bc603e13fb.ttl;1;Health assessment;Maintainable item;helicopter gearbox;Unknown synchronization;Not reported;bearing condition indicators, oil temperature;case-study type dropped: Maintainable item | default online/offline dropped: Unknown synchronization | input-for-model dropped: Not reported;Health assessment;;helicopter gearbox;;;bearing condition indicators, oil temperature;5;15
1073;extraction_papers\ontocast_runs\run_500_more_20260721_105503\output\facts_f46ccc885a23.ttl;1;Health assessment;Maintainable item;air;Unknown synchronization;Not reported;instantaneous angular speed, lift-off state, FactsmonitoredAe, FactsmonitoredFriction, temperature distribution on the top foil;case-study type dropped: Maintainable item | default online/offline dropped: Unknown synchronization | input-for-model dropped: Not reported;Health assessment;;air;;;instantaneous angular speed, lift-off state, FactsmonitoredAe, FactsmonitoredFriction, temperature distribution on the top foil;5;15
1074;extraction_papers\ontocast_runs\run_500_more_20260721_105503\output\facts_f4e001ac1d13.ttl;1;Remaining useful life estimation;Maintainable item;insulated gate bipolar transistor;Unknown synchronization;Not reported;inverter output current signal, Factsfrequency_domain1;case-study type dropped: Maintainable item | default online/offline dropped: Unknown synchronization | input-for-model dropped: Not reported;Remaining useful life estimation;;insulated gate bipolar transistor;;;inverter output current signal, Factsfrequency_domain1;5;15
1075;extraction_papers\ontocast_runs\run_500_more_20260721_105503\output\facts_f5847eac6656.ttl;1;Fault detection;Maintainable item;FactshighSpeedHeavyLoadTransmissions;Unknown synchronization;Not reported;Not reported;case-study type dropped: Maintainable item | case study dropped: FactshighSpeedHeavyLoadTransmissions | default online/offline dropped: Unknown synchronization | input-for-model dropped: Not reported | input type dropped: Not reported;Fault detection;;;;;;5;15
1076;extraction_papers\ontocast_runs\run_500_more_20260721_105503\output\facts_f5ac33f45024.ttl;1;One step future state forecast;Maintainable item;spur gear;Unknown synchronization;Not reported;Factsmttr2013;case-study type dropped: Maintainable item | default online/offline dropped: Unknown synchronization | input-for-model dropped: Not reported | input type dropped: Factsmttr2013;One step future state forecast;;spur gear;;;;5;15
1077;extraction_papers\ontocast_runs\run_500_more_20260721_105503\output\facts_f5c67c048340.ttl;2;Fault detection;Maintainable item;Not reported;Unknown synchronization;Not reported;Not reported;case-study type dropped: Maintainable item | case study dropped: Not reported | default online/offline dropped: Unknown synchronization | input-for-model dropped: Not reported | input type dropped: Not reported;Fault detection;;;;;;5;15
1078;extraction_papers\ontocast_runs\run_500_more_20260721_105503\output\facts_f71d2b80cc05.ttl;1;Fault detection;Maintainable item;rotating machinery;Unknown synchronization;Not reported;vibration signal, spectral band, anomaly score;case-study type dropped: Maintainable item | default online/offline dropped: Unknown synchronization | input-for-model dropped: Not reported;Fault detection;;rotating machinery;;;vibration signal, spectral band, anomaly score;5;15
1079;extraction_papers\ontocast_runs\run_500_more_20260721_105503\output\facts_f7d51d04d425.ttl;1;Fault detection;Maintainable item;crack detection in wind turbine blades;Unknown synchronization;Not reported;crack detection in wind turbine blades, vibration signals;case-study type dropped: Maintainable item | default online/offline dropped: Unknown synchronization | input-for-model dropped: Not reported;Fault detection;;crack detection in wind turbine blades;;;crack detection in wind turbine blades, vibration signals;5;15
1080;extraction_papers\ontocast_runs\run_500_more_20260721_105503\output\facts_f7e7d9da6858.ttl;1;Fault detection;Maintainable item;industrial equipment;Unknown synchronization;Not reported;vibration, flow, energy consumption, temperature, pressure;case-study type dropped: Maintainable item | default online/offline dropped: Unknown synchronization | input-for-model dropped: Not reported;Fault detection;;industrial equipment;;;vibration, flow, energy consumption, temperature, pressure;5;15
1081;extraction_papers\ontocast_runs\run_500_more_20260721_105503\output\facts_f8174a8087bb.ttl;1;Fault detection;Maintainable item;internal combustion engine;Unknown synchronization;Not reported;FactsambientNoise, complex sensor data, Factsspeed;case-study type dropped: Maintainable item | default online/offline dropped: Unknown synchronization | input-for-model dropped: Not reported;Fault detection;;internal combustion engine;;;FactsambientNoise, complex sensor data, Factsspeed;5;15
1082;extraction_papers\ontocast_runs\run_500_more_20260721_105503\output\facts_f835ffdc4f12.ttl;1;Remaining useful life estimation;Maintainable item;battery;Unknown synchronization;Not reported;voltage, charging current curves, current, FactstimeSeriesDegradationFeatures;case-study type dropped: Maintainable item | default online/offline dropped: Unknown synchronization | input-for-model dropped: Not reported;Remaining useful life estimation;;battery;;;voltage, charging current curves, current, FactstimeSeriesDegradationFeatures;5;15
1083;extraction_papers\ontocast_runs\run_500_more_20260721_105503\output\facts_f869591ea2c6.ttl;1;Fault detection;Maintainable item;Plastic Injection Machine;Unknown synchronization;Not reported;Not reported;case-study type dropped: Maintainable item | default online/offline dropped: Unknown synchronization | input-for-model dropped: Not reported | input type dropped: Not reported;Fault detection;;Plastic Injection Machine;;;;5;15
1084;extraction_papers\ontocast_runs\run_500_more_20260721_105503\output\facts_f88ea939effa.ttl;1;Health assessment;Maintainable item;solar panels;Unknown synchronization;Not reported;Not reported;case-study type dropped: Maintainable item | default online/offline dropped: Unknown synchronization | input-for-model dropped: Not reported | input type dropped: Not reported;Health assessment;;solar panels;;;;5;15
1085;extraction_papers\ontocast_runs\run_500_more_20260721_105503\output\facts_f9248b9b0e78.ttl;1;Health assessment;Maintainable item;machine;Unknown synchronization;Not reported;diagnostic parameters, state parameters;case-study type dropped: Maintainable item | default online/offline dropped: Unknown synchronization | input-for-model dropped: Not reported;Health assessment;;machine;;;diagnostic parameters, state parameters;5;15
1086;extraction_papers\ontocast_runs\run_500_more_20260721_105503\output\facts_f95680ba53dc.ttl;1;Remaining useful life estimation;Maintainable item;Li-ion battery;Unknown synchronization;Not reported;battery capacity, life decay, temporal nature of data, training time, CNN, fully charged relaxation voltage curve;case-study type dropped: Maintainable item | default online/offline dropped: Unknown synchronization | input-for-model dropped: Not reported;Remaining useful life estimation;;Li-ion battery;;;battery capacity, life decay, temporal nature of data, training time, CNN, fully charged relaxation voltage curve;5;15
1087;extraction_papers\ontocast_runs\run_500_more_20260721_105503\output\facts_fa4252c7bb84.ttl;1;Fault detection;Maintainable item;wind-turbine maintenance processes;Unknown synchronization;Not reported;one-hot encoding, logical flow, event sequence;case-study type dropped: Maintainable item | default online/offline dropped: Unknown synchronization | input-for-model dropped: Not reported;Fault detection;;wind-turbine maintenance processes;;;one-hot encoding, logical flow, event sequence;5;15
1088;extraction_papers\ontocast_runs\run_500_more_20260721_105503\output\facts_fa795558aa10.ttl;4;Fault detection;Maintainable item;bearings;Unknown synchronization;Not reported;Not reported;case-study type dropped: Maintainable item | default online/offline dropped: Unknown synchronization | input-for-model dropped: Not reported | input type dropped: Not reported;Fault detection;;bearings;;;;5;15
1089;extraction_papers\ontocast_runs\run_500_more_20260721_105503\output\facts_fb08fbf53c80.ttl;1;Remaining useful life estimation;Maintainable item;ball bearings;Unknown synchronization;Not reported;Factsfft1_1;case-study type dropped: Maintainable item | default online/offline dropped: Unknown synchronization | input-for-model dropped: Not reported | input type dropped: Factsfft1_1;Remaining useful life estimation;;ball bearings;;;;5;15
1090;extraction_papers\ontocast_runs\run_500_more_20260721_105503\output\facts_fbe2ab5fd0d9.ttl;1;Fault identification;Maintainable item;FactsbiomedicalEquipment;Unknown synchronization;Not reported;Factsdetail1_9;case-study type dropped: Maintainable item | case study dropped: FactsbiomedicalEquipment | default online/offline dropped: Unknown synchronization | input-for-model dropped: Not reported | input type dropped: Factsdetail1_9;Fault identification;;;;;;5;15
1091;extraction_papers\ontocast_runs\run_500_more_20260721_105503\output\facts_fc0208cc411f.ttl;1;Fault detection;Maintainable item;Factsfact7_4;Unknown synchronization;Not reported;Factsfact9_7, model-based symptoms;case-study type dropped: Maintainable item | case study dropped: Factsfact7_4 | default online/offline dropped: Unknown synchronization | input-for-model dropped: Not reported;Fault detection;;;;;Factsfact9_7, model-based symptoms;5;15
1092;extraction_papers\ontocast_runs\run_500_more_20260721_105503\output\facts_fc289f785b3b.ttl;1;Fault detection;Maintainable item;ESP;Unknown synchronization;Not reported;Discharge Pressure, Intake Pressure, Motor Current, Motor Temperature, Motor Voltage, Factsvar7_1, Vibration X axis;case-study type dropped: Maintainable item | default online/offline dropped: Unknown synchronization | input-for-model dropped: Not reported;Fault detection;;ESP;;;Discharge Pressure, Intake Pressure, Motor Current, Motor Temperature, Motor Voltage, Factsvar7_1, Vibration X axis;5;15
1093;extraction_papers\ontocast_runs\run_500_more_20260721_105503\output\facts_fdd15faf2cbd.ttl;1;Fault detection;Maintainable item;FactscarBody;Unknown synchronization;Not reported;FactswheelLateralDistortion, UIC 518;case-study type dropped: Maintainable item | case study dropped: FactscarBody | default online/offline dropped: Unknown synchronization | input-for-model dropped: Not reported;Fault detection;;;;;FactswheelLateralDistortion, UIC 518;5;15
1094;extraction_papers\ontocast_runs\run_500_more_20260721_105503\output\facts_fefe415a3b8d.ttl;1;Fault detection;Maintainable item;wind turbine system;Unknown synchronization;Not reported;vibration signals;case-study type dropped: Maintainable item | default online/offline dropped: Unknown synchronization | input-for-model dropped: Not reported;Fault detection;;wind turbine system;;;vibration signals;5;15
1095;extraction_papers\ontocast_runs\run_500_more_20260721_105503\output\facts_ff1f16a3d91e.ttl;1;Remaining useful life estimation;Maintainable item;deteriorating systems;Unknown synchronization;Not reported;input data, GANs;case-study type dropped: Maintainable item | default online/offline dropped: Unknown synchronization | input-for-model dropped: Not reported;Remaining useful life estimation;;deteriorating systems;;;input data, GANs;5;15
1096;extraction_papers\ontocast_runs\run_500_more_20260721_105503\output\facts_ff2e56662a40.ttl;1;Fault identification;Maintainable item;Bearings;Unknown synchronization;Not reported;sensor data, testing data, vibration signals;case-study type dropped: Maintainable item | default online/offline dropped: Unknown synchronization | input-for-model dropped: Not reported;Fault identification;;Bearings;;;sensor data, testing data, vibration signals;5;15
1097;extraction_papers\ontocast_runs\run_500_more_20260721_105503\output\facts_ff3a1cbf129d.ttl;1;Fault detection;Maintainable item;device;Unknown synchronization;Not reported;degradation process, time;case-study type dropped: Maintainable item | default online/offline dropped: Unknown synchronization | input-for-model dropped: Not reported;Fault detection;;device;;;degradation process, time;5;15
1098;extraction_papers\ontocast_runs\run_500_more_20260721_105503\output\facts_ff7525fd4cca.ttl;1;Fault detection;Maintainable item;cable insulation slice specimen;Unknown synchronization;Not reported;immersion time;case-study type dropped: Maintainable item | default online/offline dropped: Unknown synchronization | input-for-model dropped: Not reported;Fault detection;;cable insulation slice specimen;;;immersion time;5;15
1099;extraction_papers\ontocast_runs\run_500_more_20260721_105503\output\facts_fff2e56e0195.ttl;1;Remaining useful life estimation;Maintainable item;Lithium-ion battery;Unknown synchronization;Not reported;Not reported;case-study type dropped: Maintainable item | default online/offline dropped: Unknown synchronization | input-for-model dropped: Not reported | input type dropped: Not reported;Remaining useful life estimation;;Lithium-ion battery;;;;5;15
1100;extraction_papers\ontocast_runs\run_remaining_222_gpt-5.6-luna_20260723_010000\output\facts_01e57d818d7a.ttl;1;Remaining useful life estimation;Maintainable item;PEMFC;Unknown synchronization;Not reported;performance degradation, Random Gaussian noise;case-study type dropped: Maintainable item | default online/offline dropped: Unknown synchronization | input-for-model dropped: Not reported;Remaining useful life estimation;;PEMFC;;;performance degradation, Random Gaussian noise;5;15
1101;extraction_papers\ontocast_runs\run_remaining_222_gpt-5.6-luna_20260723_010000\output\facts_03448a4640f9.ttl;1;Fault detection;Maintainable item;manufacturing system;Unknown synchronization;Not reported;energy consumption, FactsenergyVariable1, FactsmultivariateTimeSeriesData;case-study type dropped: Maintainable item | default online/offline dropped: Unknown synchronization | input-for-model dropped: Not reported;Fault detection;;manufacturing system;;;energy consumption, FactsenergyVariable1, FactsmultivariateTimeSeriesData;5;15
1102;extraction_papers\ontocast_runs\run_remaining_222_gpt-5.6-luna_20260723_010000\output\facts_03747957117e.ttl;1;Fault detection;Maintainable item;engine;Unknown synchronization;Not reported;pressure, rotation speed, sensor data, temperature, vibration;case-study type dropped: Maintainable item | default online/offline dropped: Unknown synchronization | input-for-model dropped: Not reported;Fault detection;;engine;;;pressure, rotation speed, sensor data, temperature, vibration;5;15
1103;extraction_papers\ontocast_runs\run_remaining_222_gpt-5.6-luna_20260723_010000\output\facts_03843da573ac.ttl;3;Fault identification;Maintainable item;gear;Unknown synchronization;Not reported;acoustic emission, vibration measurement;case-study type dropped: Maintainable item | default online/offline dropped: Unknown synchronization | input-for-model dropped: Not reported;Fault identification;;gear;;;acoustic emission, vibration measurement;5;15
1104;extraction_papers\ontocast_runs\run_remaining_222_gpt-5.6-luna_20260723_010000\output\facts_039472e41e58.ttl;1;Fault identification;Maintainable item;bearing;Unknown synchronization;Not reported;RGB image representation preserving temporal and spectral information, Time-frequency representation, Current signal;case-study type dropped: Maintainable item | default online/offline dropped: Unknown synchronization | input-for-model dropped: Not reported;Fault identification;;bearing;;;RGB image representation preserving temporal and spectral information, Time-frequency representation, Current signal;5;15
1105;extraction_papers\ontocast_runs\run_remaining_222_gpt-5.6-luna_20260723_010000\output\facts_072c701e1aec.ttl;1;Fault detection;Maintainable item;synchronous generator;Unknown synchronization;Not reported;bias vector, cell state, Factscurrent_6, hidden state, input vector, generator stator winding temperature trend, weight matrices;case-study type dropped: Maintainable item | default online/offline dropped: Unknown synchronization | input-for-model dropped: Not reported;Fault detection;;synchronous generator;;;bias vector, cell state, Factscurrent_6, hidden state, input vector, generator stator winding temperature trend, weight matrices;5;15
1106;extraction_papers\ontocast_runs\run_remaining_222_gpt-5.6-luna_20260723_010000\output\facts_07874aec4c9e.ttl;2;Fault detection;Maintainable item;Bearing conditions;Unknown synchronization;Data transfer and storage;Axial load, RPM, Vibration;case-study type dropped: Maintainable item | default online/offline dropped: Unknown synchronization | input-for-model dropped: Data transfer and storage;Fault detection;;Bearing conditions;;;Axial load, RPM, Vibration;5;15
1107;extraction_papers\ontocast_runs\run_remaining_222_gpt-5.6-luna_20260723_010000\output\facts_092c3cae5ff0.ttl;1;Fault identification;Maintainable item;bearing;Unknown synchronization;accelerated fatigue life testing;acceleration sensor features, acoustic emission sensor features, AE signals;case-study type dropped: Maintainable item | default online/offline dropped: Unknown synchronization | input-for-model dropped: accelerated fatigue life testing;Fault identification;;bearing;;;acceleration sensor features, acoustic emission sensor features, AE signals;5;15
1108;extraction_papers\ontocast_runs\run_remaining_222_gpt-5.6-luna_20260723_010000\output\facts_098048959648.ttl;1;Fault detection;Maintainable item;marine engine;Unknown synchronization;Not reported;capacitance, oil, physicochemical parameters of the oil;case-study type dropped: Maintainable item | default online/offline dropped: Unknown synchronization | input-for-model dropped: Not reported;Fault detection;;marine engine;;;capacitance, oil, physicochemical parameters of the oil;5;15
1109;extraction_papers\ontocast_runs\run_remaining_222_gpt-5.6-luna_20260723_010000\output\facts_0af55af5ffa3.ttl;1;Fault detection;Maintainable item;photovoltaic array;Unknown synchronization;Not reported;bifaciality factor, irradiance, IV measurement, temperature;case-study type dropped: Maintainable item | default online/offline dropped: Unknown synchronization | input-for-model dropped: Not reported;Fault detection;;photovoltaic array;;;bifaciality factor, irradiance, IV measurement, temperature;5;15
1110;extraction_papers\ontocast_runs\run_remaining_222_gpt-5.6-luna_20260723_010000\output\facts_0b4edaadbf5f.ttl;1;Fault detection;Maintainable item;Banbury mixer;Unknown synchronization;Not reported;FactscurrentBatchParameters, Electrical energy, Failure status, Material weight, Mixing time, FactsmrsProductionDuration, Temperature, Time between batches, Torque power;case-study type dropped: Maintainable item | default online/offline dropped: Unknown synchronization | input-for-model dropped: Not reported;Fault detection;;Banbury mixer;;;FactscurrentBatchParameters, Electrical energy, Failure status, Material weight, Mixing time, FactsmrsProductionDuration, Temperature, Time between batches, Torque power;5;15
1111;extraction_papers\ontocast_runs\run_remaining_222_gpt-5.6-luna_20260723_010000\output\facts_0c5f1728e109.ttl;1;Fault detection;Maintainable item;aircraft;Unknown synchronization;SMED;flight metrics;case-study type dropped: Maintainable item | default online/offline dropped: Unknown synchronization | input-for-model dropped: SMED;Fault detection;;aircraft;;;flight metrics;5;15
1112;extraction_papers\ontocast_runs\run_remaining_222_gpt-5.6-luna_20260723_010000\output\facts_0c6ece871905.ttl;2;Remaining useful life estimation;Maintainable item;induction motor;Unknown synchronization;Not reported;Factsmean, vibration signal 1;case-study type dropped: Maintainable item | default online/offline dropped: Unknown synchronization | input-for-model dropped: Not reported;Remaining useful life estimation;;induction motor;;;Factsmean, vibration signal 1;5;15
1113;extraction_papers\ontocast_runs\run_remaining_222_gpt-5.6-luna_20260723_010000\output\facts_0f4e2fa7b7d4.ttl;1;Fault identification;Maintainable item;equipment using mineral oil;Unknown synchronization;Not reported;temperature;case-study type dropped: Maintainable item | default online/offline dropped: Unknown synchronization | input-for-model dropped: Not reported;Fault identification;;equipment using mineral oil;;;temperature;5;15
1114;extraction_papers\ontocast_runs\run_remaining_222_gpt-5.6-luna_20260723_010000\output\facts_1351d583d04f.ttl;1;One step future state forecast;Maintainable item;FactsNcMachineTools;Unknown synchronization;Not reported;Not reported;case-study type dropped: Maintainable item | case study dropped: FactsNcMachineTools | default online/offline dropped: Unknown synchronization | input-for-model dropped: Not reported | input type dropped: Not reported;One step future state forecast;;;;;;5;15
1115;extraction_papers\ontocast_runs\run_remaining_222_gpt-5.6-luna_20260723_010000\output\facts_137a8efdcb9b.ttl;2;Remaining useful life estimation;Maintainable item;battery;Unknown synchronization;Not reported;cathode chemistry, End of Life, passed End of Life status, path signature, pulse resistance, State of Charge, temperature, time, voltage;case-study type dropped: Maintainable item | default online/offline dropped: Unknown synchronization | input-for-model dropped: Not reported;Remaining useful life estimation;;battery;;;cathode chemistry, End of Life, passed End of Life status, path signature, pulse resistance, State of Charge, temperature, time, voltage;5;15
1116;extraction_papers\ontocast_runs\run_remaining_222_gpt-5.6-luna_20260723_010000\output\facts_14a88b82d86a.ttl;1;Fault detection;Maintainable item;bearing;Unknown synchronization;Not reported;voltage;case-study type dropped: Maintainable item | default online/offline dropped: Unknown synchronization | input-for-model dropped: Not reported;Fault detection;;bearing;;;voltage;5;15
1117;extraction_papers\ontocast_runs\run_remaining_222_gpt-5.6-luna_20260723_010000\output\facts_181b67b38202.ttl;1;Fault detection;Maintainable item;wind turbine;Unknown synchronization;Not reported;active power, ambient temperature, blade pitch angle, current, environmental inputs, failure profile, frequency, humidity, hydraulic pressure, nacelle direction, nose cone temperature, phase displacement, power output, real-time condition attributes, reservoir level, rotor speed, spurious data, voltage, weather station data stream, wind speed;case-study type dropped: Maintainable item | default online/offline dropped: Unknown synchronization | input-for-model dropped: Not reported;Fault detection;;wind turbine;;;active power, ambient temperature, blade pitch angle, current, environmental inputs, failure profile, frequency, humidity, hydraulic pressure, nacelle direction, nose cone temperature, phase displacement, power output, real-time condition attributes, reservoir level, rotor speed, spurious data, voltage, weather station data stream, wind speed;5;15
1118;extraction_papers\ontocast_runs\run_remaining_222_gpt-5.6-luna_20260723_010000\output\facts_19cfd06d6ac9.ttl;1;Fault feature extraction;Maintainable item;rolling element bearing;Unknown synchronization;Not reported;600-sample vibration signal epoch, bearing fault detection, vibration signal, vibration signals, wavelet scattering features;case-study type dropped: Maintainable item | default online/offline dropped: Unknown synchronization | input-for-model dropped: Not reported;Fault feature extraction;;rolling element bearing;;;600-sample vibration signal epoch, bearing fault detection, vibration signal, vibration signals, wavelet scattering features;5;15
1119;extraction_papers\ontocast_runs\run_remaining_222_gpt-5.6-luna_20260723_010000\output\facts_1a25874fd12b.ttl;1;Fault detection;Maintainable item;SNMG 120404-MF 431 carbide insert;Unknown synchronization;FactschipThicknessMeasurement;cutting forces, surface roughness, tool wear;case-study type dropped: Maintainable item | default online/offline dropped: Unknown synchronization | input-for-model dropped: FactschipThicknessMeasurement;Fault detection;;SNMG 120404-MF 431 carbide insert;;;cutting forces, surface roughness, tool wear;5;15
1120;extraction_papers\ontocast_runs\run_remaining_222_gpt-5.6-luna_20260723_010000\output\facts_1a4b59adbc4e.ttl;1;Fault feature extraction;Maintainable item;power transformer;Unknown synchronization;Not reported;deformation levels, electromagnetic time-series signals, Euclidean distance, FRA curves, frequency response curve, transformer vibration signals;case-study type dropped: Maintainable item | default online/offline dropped: Unknown synchronization | input-for-model dropped: Not reported;Fault feature extraction;;power transformer;;;deformation levels, electromagnetic time-series signals, Euclidean distance, FRA curves, frequency response curve, transformer vibration signals;5;15
1121;extraction_papers\ontocast_runs\run_remaining_222_gpt-5.6-luna_20260723_010000\output\facts_1b66d6d835e9.ttl;1;Remaining useful life estimation;Maintainable item;high-load slew bearing;Unknown synchronization;Not reported;degradation index, Histogram Lower, kurtosis;case-study type dropped: Maintainable item | default online/offline dropped: Unknown synchronization | input-for-model dropped: Not reported;Remaining useful life estimation;;high-load slew bearing;;;degradation index, Histogram Lower, kurtosis;5;15
1122;extraction_papers\ontocast_runs\run_remaining_222_gpt-5.6-luna_20260723_010000\output\facts_1b86996a0a8b.ttl;2;Remaining useful life estimation;Maintainable item;lithium-ion battery;Unknown synchronization;Not reported;Charging and discharging cycles, current, Battery degradation features, Driving conditions, Battery sensor data, Temperature fluctuations;case-study type dropped: Maintainable item | default online/offline dropped: Unknown synchronization | input-for-model dropped: Not reported;Remaining useful life estimation;;lithium-ion battery;;;Charging and discharging cycles, current, Battery degradation features, Driving conditions, Battery sensor data, Temperature fluctuations;5;15
1123;extraction_papers\ontocast_runs\run_remaining_222_gpt-5.6-luna_20260723_010000\output\facts_1baa6cf968b4.ttl;6;Health assessment;Maintainable item;rolling bearing;Unknown synchronization;Not reported;aging temperature, aging time;case-study type dropped: Maintainable item | default online/offline dropped: Unknown synchronization | input-for-model dropped: Not reported;Health assessment;;rolling bearing;;;aging temperature, aging time;5;15
1124;extraction_papers\ontocast_runs\run_remaining_222_gpt-5.6-luna_20260723_010000\output\facts_1c03a0b7ff5f.ttl;2;Fault identification;Maintainable item;conical pick;Unknown synchronization;Not reported;Feed rate, FactsresultantDisplacement;case-study type dropped: Maintainable item | default online/offline dropped: Unknown synchronization | input-for-model dropped: Not reported;Fault identification;;conical pick;;;Feed rate, FactsresultantDisplacement;5;15
1125;extraction_papers\ontocast_runs\run_remaining_222_gpt-5.6-luna_20260723_010000\output\facts_1c6cc49c9a71.ttl;3;Health assessment;Maintainable item;aircraft propulsion system;Unknown synchronization;Not reported;flight reports, input data quality, historical data, maintenance logs, operational data, sensor data;case-study type dropped: Maintainable item | default online/offline dropped: Unknown synchronization | input-for-model dropped: Not reported;Health assessment;;aircraft propulsion system;;;flight reports, input data quality, historical data, maintenance logs, operational data, sensor data;5;15
1126;extraction_papers\ontocast_runs\run_remaining_222_gpt-5.6-luna_20260723_010000\output\facts_1da826f0c28c.ttl;1;Fault identification;Maintainable item;Bearing;Unknown synchronization;Not reported;Acoustic emission signals, Image data;case-study type dropped: Maintainable item | default online/offline dropped: Unknown synchronization | input-for-model dropped: Not reported;Fault identification;;Bearing;;;Acoustic emission signals, Image data;5;15
1127;extraction_papers\ontocast_runs\run_remaining_222_gpt-5.6-luna_20260723_010000\output\facts_1fe295632fa4.ttl;4;Fault detection;Maintainable item;wind turbine;Unknown synchronization;Not reported;Not reported;case-study type dropped: Maintainable item | default online/offline dropped: Unknown synchronization | input-for-model dropped: Not reported | input type dropped: Not reported;Fault detection;;wind turbine;;;;5;15
1128;extraction_papers\ontocast_runs\run_remaining_222_gpt-5.6-luna_20260723_010000\output\facts_20236381df42.ttl;1;Health assessment;Maintainable item;bearing;Unknown synchronization;Not reported;vibration;case-study type dropped: Maintainable item | default online/offline dropped: Unknown synchronization | input-for-model dropped: Not reported;Health assessment;;bearing;;;vibration;5;15
1129;extraction_papers\ontocast_runs\run_remaining_222_gpt-5.6-luna_20260723_010000\output\facts_21b856a11c67.ttl;2;Fault detection;Maintainable item;metal pipe;Unknown synchronization;Not reported;pressure response;case-study type dropped: Maintainable item | default online/offline dropped: Unknown synchronization | input-for-model dropped: Not reported;Fault detection;;metal pipe;;;pressure response;5;15
1130;extraction_papers\ontocast_runs\run_remaining_222_gpt-5.6-luna_20260723_010000\output\facts_22703794e4e5.ttl;5;Fault detection;Maintainable item;bearings;Unknown synchronization;Not reported;vibration data, kurtosis, peak value, statistical feature extraction;case-study type dropped: Maintainable item | default online/offline dropped: Unknown synchronization | input-for-model dropped: Not reported;Fault detection;;bearings;;;vibration data, kurtosis, peak value, statistical feature extraction;5;15
1131;extraction_papers\ontocast_runs\run_remaining_222_gpt-5.6-luna_20260723_010000\output\facts_24142cf4e073.ttl;2;Fault detection;Maintainable item;insulator;Unknown synchronization;Not reported;Not reported;case-study type dropped: Maintainable item | default online/offline dropped: Unknown synchronization | input-for-model dropped: Not reported | input type dropped: Not reported;Fault detection;;insulator;;;;5;15
1132;extraction_papers\ontocast_runs\run_remaining_222_gpt-5.6-luna_20260723_010000\output\facts_242c68d37e3d.ttl;1;Health assessment;Maintainable item;bushing;Unknown synchronization;Not reported;Not reported;case-study type dropped: Maintainable item | default online/offline dropped: Unknown synchronization | input-for-model dropped: Not reported | input type dropped: Not reported;Health assessment;;bushing;;;;5;15
1133;extraction_papers\ontocast_runs\run_remaining_222_gpt-5.6-luna_20260723_010000\output\facts_253959a56087.ttl;1;Fault detection;Maintainable item;drilling tool;Unknown synchronization;Not reported;bit depth, cutting parameters, intermediate feature maps, signal size, Signal-to-Noise Ratio, thrust;case-study type dropped: Maintainable item | default online/offline dropped: Unknown synchronization | input-for-model dropped: Not reported;Fault detection;;drilling tool;;;bit depth, cutting parameters, intermediate feature maps, signal size, Signal-to-Noise Ratio, thrust;5;15
1134;extraction_papers\ontocast_runs\run_remaining_222_gpt-5.6-luna_20260723_010000\output\facts_277681d7635d.ttl;1;Remaining useful life estimation;Maintainable item;aircraft engine;Unknown synchronization;Not reported;degraded data features, fault features, health data, lifespan data, local target feature information, operating conditions, labeled data from the source domain, target domain test data;case-study type dropped: Maintainable item | default online/offline dropped: Unknown synchronization | input-for-model dropped: Not reported;Remaining useful life estimation;;aircraft engine;;;degraded data features, fault features, health data, lifespan data, local target feature information, operating conditions, labeled data from the source domain, target domain test data;5;15
1135;extraction_papers\ontocast_runs\run_remaining_222_gpt-5.6-luna_20260723_010000\output\facts_286a7fd89b9f.ttl;2;Fault detection;Maintainable item;DHN pipe;Unknown synchronization;Not reported;environmental data, fault data, historical failures, land use, mass flow rate, precipitation, pressure;case-study type dropped: Maintainable item | default online/offline dropped: Unknown synchronization | input-for-model dropped: Not reported;Fault detection;;DHN pipe;;;environmental data, fault data, historical failures, land use, mass flow rate, precipitation, pressure;5;15
1136;extraction_papers\ontocast_runs\run_remaining_222_gpt-5.6-luna_20260723_010000\output\facts_29d7341cc46f.ttl;1;Fault detection;Maintainable item;induction motor;Unknown synchronization;Not reported;three-phase current signal, FactsfaultType, load;case-study type dropped: Maintainable item | default online/offline dropped: Unknown synchronization | input-for-model dropped: Not reported;Fault detection;;induction motor;;;three-phase current signal, FactsfaultType, load;5;15
1137;extraction_papers\ontocast_runs\run_remaining_222_gpt-5.6-luna_20260723_010000\output\facts_2a85d1bfbdef.ttl;1;Fault detection;Maintainable item;drainage pump unit;Unknown synchronization;Not reported;Color contrast, pore area, Silt;case-study type dropped: Maintainable item | default online/offline dropped: Unknown synchronization | input-for-model dropped: Not reported;Fault detection;;drainage pump unit;;;Color contrast, pore area, Silt;5;15
1138;extraction_papers\ontocast_runs\run_remaining_222_gpt-5.6-luna_20260723_010000\output\facts_2b20d0bd7e6a.ttl;2;Fault detection;Maintainable item;gearbox;Unknown synchronization;Not reported;common time base, sensor orientation information, resampling factor k1, target sampling frequency, fused vibration data, FactsvibrationSignalVariable, vibration signal of Sensor 1;case-study type dropped: Maintainable item | default online/offline dropped: Unknown synchronization | input-for-model dropped: Not reported;Fault detection;;gearbox;;;common time base, sensor orientation information, resampling factor k1, target sampling frequency, fused vibration data, FactsvibrationSignalVariable, vibration signal of Sensor 1;5;15
1139;extraction_papers\ontocast_runs\run_remaining_222_gpt-5.6-luna_20260723_010000\output\facts_2c16787ac9e0.ttl;1;Remaining useful life estimation;Maintainable item;bearing;Unknown synchronization;Not reported;Un, FactstemperatureMeasurements;case-study type dropped: Maintainable item | default online/offline dropped: Unknown synchronization | input-for-model dropped: Not reported;Remaining useful life estimation;;bearing;;;Un, FactstemperatureMeasurements;5;15
1140;extraction_papers\ontocast_runs\run_remaining_222_gpt-5.6-luna_20260723_010000\output\facts_2d670524aef8.ttl;2;Fault detection;Maintainable item;equipment;Unknown synchronization;Not reported;PCB 356A16 accelerometer, LEM LA55-P current sensor, K-type thermocouple, pressure, current, temperature, vibration;case-study type dropped: Maintainable item | default online/offline dropped: Unknown synchronization | input-for-model dropped: Not reported;Fault detection;;equipment;;;PCB 356A16 accelerometer, LEM LA55-P current sensor, K-type thermocouple, pressure, current, temperature, vibration;5;15
1141;extraction_papers\ontocast_runs\run_remaining_222_gpt-5.6-luna_20260723_010000\output\facts_2f30ee3e2632.ttl;1;Fault identification;Maintainable item;power transformer;Unknown synchronization;Not reported;carbon dioxide, ethylene, gas ratio, methane;case-study type dropped: Maintainable item | default online/offline dropped: Unknown synchronization | input-for-model dropped: Not reported;Fault identification;;power transformer;;;carbon dioxide, ethylene, gas ratio, methane;5;15
1142;extraction_papers\ontocast_runs\run_remaining_222_gpt-5.6-luna_20260723_010000\output\facts_31387fedf847.ttl;1;Remaining useful life estimation;Maintainable item;MRI machine;Unknown synchronization;Not reported;Full-time equivalent (FTE), Headcount;case-study type dropped: Maintainable item | default online/offline dropped: Unknown synchronization | input-for-model dropped: Not reported;Remaining useful life estimation;;MRI machine;;;Full-time equivalent (FTE), Headcount;5;15
1143;extraction_papers\ontocast_runs\run_remaining_222_gpt-5.6-luna_20260723_010000\output\facts_32514aec473d.ttl;2;Fault detection;Maintainable item;asynchronous motor bearing;Unknown synchronization;Not reported;vibration signal, Factspressure_2;case-study type dropped: Maintainable item | default online/offline dropped: Unknown synchronization | input-for-model dropped: Not reported;Fault detection;;asynchronous motor bearing;;;vibration signal, Factspressure_2;5;15
1144;extraction_papers\ontocast_runs\run_remaining_222_gpt-5.6-luna_20260723_010000\output\facts_32cdd644a2e6.ttl;1;Fault detection;Maintainable item;gears;Unknown synchronization;Not reported;gear mesh frequency (GMF), frequency domain, rotational speed, torque, vibration level;case-study type dropped: Maintainable item | default online/offline dropped: Unknown synchronization | input-for-model dropped: Not reported;Fault detection;;gears;;;gear mesh frequency (GMF), frequency domain, rotational speed, torque, vibration level;5;15
1145;extraction_papers\ontocast_runs\run_remaining_222_gpt-5.6-luna_20260723_010000\output\facts_33bf865229ab.ttl;1;Fault detection;Maintainable item;wind turbine;Unknown synchronization;Not reported;Ambient temperature, Wind speed;case-study type dropped: Maintainable item | default online/offline dropped: Unknown synchronization | input-for-model dropped: Not reported;Fault detection;;wind turbine;;;Ambient temperature, Wind speed;5;15
1146;extraction_papers\ontocast_runs\run_remaining_222_gpt-5.6-luna_20260723_010000\output\facts_33f467285044.ttl;1;Fault detection;Maintainable item;cooling system;Unknown synchronization;Not reported;random noise, real data, temperature, time series data, training data;case-study type dropped: Maintainable item | default online/offline dropped: Unknown synchronization | input-for-model dropped: Not reported;Fault detection;;cooling system;;;random noise, real data, temperature, time series data, training data;5;15
1147;extraction_papers\ontocast_runs\run_remaining_222_gpt-5.6-luna_20260723_010000\output\facts_33fbece269a0.ttl;1;Fault identification;Maintainable item;three-phase asynchronous motor;Unknown synchronization;Not reported;ball diameter, bearing fault, cage diameter, contact angle, amplitude, measured additive white noise, mechanical rotor frequency, phase, acquired samples number, sampling period, sinusoidal components number, vibracija;case-study type dropped: Maintainable item | default online/offline dropped: Unknown synchronization | input-for-model dropped: Not reported;Fault identification;;three-phase asynchronous motor;;;ball diameter, bearing fault, cage diameter, contact angle, amplitude, measured additive white noise, mechanical rotor frequency, phase, acquired samples number, sampling period, sinusoidal components number, vibracija;5;15
1148;extraction_papers\ontocast_runs\run_remaining_222_gpt-5.6-luna_20260723_010000\output\facts_3528fd45c52a.ttl;1;Health assessment;Maintainable item;inverters;Unknown synchronization;Not reported;current, dust accumulation, humidity, operational status, panel orientation, power output, shading, solar irradiance, temperature, voltage, wind speed;case-study type dropped: Maintainable item | default online/offline dropped: Unknown synchronization | input-for-model dropped: Not reported;Health assessment;;inverters;;;current, dust accumulation, humidity, operational status, panel orientation, power output, shading, solar irradiance, temperature, voltage, wind speed;5;15
1149;extraction_papers\ontocast_runs\run_remaining_222_gpt-5.6-luna_20260723_010000\output\facts_38c6ea0ea119.ttl;1;Health assessment;Maintainable item;high-voltage X-ray CT tubes;Unknown synchronization;Not reported;force sensor data, force sensor;case-study type dropped: Maintainable item | default online/offline dropped: Unknown synchronization | input-for-model dropped: Not reported;Health assessment;;high-voltage X-ray CT tubes;;;force sensor data, force sensor;5;15
1150;extraction_papers\ontocast_runs\run_remaining_222_gpt-5.6-luna_20260723_010000\output\facts_3ba067a41b30.ttl;1;Fault detection;Maintainable item;power system;Unknown synchronization;Not reported;current fault signal, diagnostic data;case-study type dropped: Maintainable item | default online/offline dropped: Unknown synchronization | input-for-model dropped: Not reported;Fault detection;;power system;;;current fault signal, diagnostic data;5;15
1151;extraction_papers\ontocast_runs\run_remaining_222_gpt-5.6-luna_20260723_010000\output\facts_3c1ddd7c81fe.ttl;2;Fault detection;Maintainable item;Solar power plant;Unknown synchronization;Not reported;along-track image overlap, flight altitude, flight speed, ground sampling distance, RGB imagery, thermal infrared imagery, viewing angle;case-study type dropped: Maintainable item | default online/offline dropped: Unknown synchronization | input-for-model dropped: Not reported;Fault detection;;Solar power plant;;;along-track image overlap, flight altitude, flight speed, ground sampling distance, RGB imagery, thermal infrared imagery, viewing angle;5;15
1152;extraction_papers\ontocast_runs\run_remaining_222_gpt-5.6-luna_20260723_010000\output\facts_3e2178a00e50.ttl;1;Fault detection;Maintainable item;seismic observation station;Unknown synchronization;Not reported;current;case-study type dropped: Maintainable item | default online/offline dropped: Unknown synchronization | input-for-model dropped: Not reported;Fault detection;;seismic observation station;;;current;5;15
1153;extraction_papers\ontocast_runs\run_remaining_222_gpt-5.6-luna_20260723_010000\output\facts_3e8e5fa6233e.ttl;1;Fault detection;Maintainable item;oil well pumping unit;Unknown synchronization;Not reported;cragginess, cyclic power deviation, electrical parameters, electrical power diagram, five typical operating conditions, fourteen extracted features, marginal spectral characteristics, motor power curves, time domain analysis, upstroke power;case-study type dropped: Maintainable item | default online/offline dropped: Unknown synchronization | input-for-model dropped: Not reported;Fault detection;;oil well pumping unit;;;cragginess, cyclic power deviation, electrical parameters, electrical power diagram, five typical operating conditions, fourteen extracted features, marginal spectral characteristics, motor power curves, time domain analysis, upstroke power;5;15
1154;extraction_papers\ontocast_runs\run_remaining_222_gpt-5.6-luna_20260723_010000\output\facts_409c55e04b54.ttl;1;Health assessment;Maintainable item;hydraulic turbine unit;Unknown synchronization;Not reported;Not reported;case-study type dropped: Maintainable item | default online/offline dropped: Unknown synchronization | input-for-model dropped: Not reported | input type dropped: Not reported;Health assessment;;hydraulic turbine unit;;;;5;15
1155;extraction_papers\ontocast_runs\run_remaining_222_gpt-5.6-luna_20260723_010000\output\facts_41b573abff6d.ttl;1;Remaining useful life estimation;Maintainable item;cutting tool;Unknown synchronization;Not reported;force signal, Coating wear, machine internal control data, vibration signal;case-study type dropped: Maintainable item | default online/offline dropped: Unknown synchronization | input-for-model dropped: Not reported;Remaining useful life estimation;;cutting tool;;;force signal, Coating wear, machine internal control data, vibration signal;5;15
1156;extraction_papers\ontocast_runs\run_remaining_222_gpt-5.6-luna_20260723_010000\output\facts_440d76ac7160.ttl;1;Health assessment;Maintainable item;gas engine cogeneration system;Unknown synchronization;Not reported;availability, engine performance parameters, number of starts, stable oil film, oil parameters, operating conditions, resistance to oxidation, runtime, thermal stability, viscosity;case-study type dropped: Maintainable item | default online/offline dropped: Unknown synchronization | input-for-model dropped: Not reported;Health assessment;;gas engine cogeneration system;;;availability, engine performance parameters, number of starts, stable oil film, oil parameters, operating conditions, resistance to oxidation, runtime, thermal stability, viscosity;5;15
1157;extraction_papers\ontocast_runs\run_remaining_222_gpt-5.6-luna_20260723_010000\output\facts_452b398e371f.ttl;1;Fault detection;Maintainable item;Reciprocating compressor;Unknown synchronization;Not reported;FactsdissolvedGasData_1, Energy, Instantaneous angular velocity, Sensor signals, Classification;case-study type dropped: Maintainable item | default online/offline dropped: Unknown synchronization | input-for-model dropped: Not reported;Fault detection;;Reciprocating compressor;;;FactsdissolvedGasData_1, Energy, Instantaneous angular velocity, Sensor signals, Classification;5;15
1158;extraction_papers\ontocast_runs\run_remaining_222_gpt-5.6-luna_20260723_010000\output\facts_47ccb7197b1f.ttl;1;One step future state forecast;Maintainable item;Not reported;Unknown synchronization;Not reported;sensor data;case-study type dropped: Maintainable item | case study dropped: Not reported | default online/offline dropped: Unknown synchronization | input-for-model dropped: Not reported;One step future state forecast;;;;;sensor data;5;15
1159;extraction_papers\ontocast_runs\run_remaining_222_gpt-5.6-luna_20260723_010000\output\facts_482dd37c6a86.ttl;1;Health assessment;Maintainable item;fan motor No. 2;Unknown synchronization;Not reported;current consumed by the motor, noise, temperature, vibration acceleration;case-study type dropped: Maintainable item | default online/offline dropped: Unknown synchronization | input-for-model dropped: Not reported;Health assessment;;fan motor No. 2;;;current consumed by the motor, noise, temperature, vibration acceleration;5;15
1160;extraction_papers\ontocast_runs\run_remaining_222_gpt-5.6-luna_20260723_010000\output\facts_4869fc39c639.ttl;1;Health assessment;Maintainable item;gas-insulated switchgear;Unknown synchronization;Not reported;event logs, temperature data, vibration data;case-study type dropped: Maintainable item | default online/offline dropped: Unknown synchronization | input-for-model dropped: Not reported;Health assessment;;gas-insulated switchgear;;;event logs, temperature data, vibration data;5;15
1161;extraction_papers\ontocast_runs\run_remaining_222_gpt-5.6-luna_20260723_010000\output\facts_48810fde4054.ttl;1;Health assessment;Maintainable item;induction motor;Unknown synchronization;Not reported;speed, stator current;case-study type dropped: Maintainable item | default online/offline dropped: Unknown synchronization | input-for-model dropped: Not reported;Health assessment;;induction motor;;;speed, stator current;5;15
1162;extraction_papers\ontocast_runs\run_remaining_222_gpt-5.6-luna_20260723_010000\output\facts_4a8e14b8cdd3.ttl;2;Fault detection;Maintainable item;endoscope;Unknown synchronization;regular endoscope quality check;endoscope tray number, light transmission, focus;case-study type dropped: Maintainable item | default online/offline dropped: Unknown synchronization | input-for-model dropped: regular endoscope quality check;Fault detection;;endoscope;;;endoscope tray number, light transmission, focus;5;15
1163;extraction_papers\ontocast_runs\run_remaining_222_gpt-5.6-luna_20260723_010000\output\facts_4d9acadccc67.ttl;1;Fault identification;Maintainable item;industrial centrifugal pump;Unknown synchronization;predictive maintenance;FactsfftTransformedVibrationData, spectra MFS;case-study type dropped: Maintainable item | default online/offline dropped: Unknown synchronization | input-for-model dropped: predictive maintenance;Fault identification;;industrial centrifugal pump;;;FactsfftTransformedVibrationData, spectra MFS;5;15
1164;extraction_papers\ontocast_runs\run_remaining_222_gpt-5.6-luna_20260723_010000\output\facts_50a1e18460c8.ttl;3;Remaining useful life estimation;Maintainable item;15-kV XLPE cable segments;Unknown synchronization;Not reported;Loading conditions, Neutral corrosion, Partial discharge, Sensor data;case-study type dropped: Maintainable item | default online/offline dropped: Unknown synchronization | input-for-model dropped: Not reported;Remaining useful life estimation;;15-kV XLPE cable segments;;;Loading conditions, Neutral corrosion, Partial discharge, Sensor data;5;15
1165;extraction_papers\ontocast_runs\run_remaining_222_gpt-5.6-luna_20260723_010000\output\facts_50da3c79d8ac.ttl;1;Health assessment;Maintainable item;thermal power unit;Unknown synchronization;Not reported;current, flow, pressure, temperature, time series operating data, FactscurrentVariable;case-study type dropped: Maintainable item | default online/offline dropped: Unknown synchronization | input-for-model dropped: Not reported;Health assessment;;thermal power unit;;;current, flow, pressure, temperature, time series operating data, FactscurrentVariable;5;15
1166;extraction_papers\ontocast_runs\run_remaining_222_gpt-5.6-luna_20260723_010000\output\facts_53448c2aae37.ttl;1;Remaining useful life estimation;Maintainable item;machine;Unknown synchronization;Not reported;machine data, weather data;case-study type dropped: Maintainable item | default online/offline dropped: Unknown synchronization | input-for-model dropped: Not reported;Remaining useful life estimation;;machine;;;machine data, weather data;5;15
1167;extraction_papers\ontocast_runs\run_remaining_222_gpt-5.6-luna_20260723_010000\output\facts_55219e83c51c.ttl;1;Fault detection;Maintainable item;bearing;Unknown synchronization;Not reported;exhaust gas temperature, engine power, sequential data;case-study type dropped: Maintainable item | default online/offline dropped: Unknown synchronization | input-for-model dropped: Not reported;Fault detection;;bearing;;;exhaust gas temperature, engine power, sequential data;5;15
1168;extraction_papers\ontocast_runs\run_remaining_222_gpt-5.6-luna_20260723_010000\output\facts_566d79f640d4.ttl;1;Fault feature extraction;Maintainable item;engine bearing;Unknown synchronization;Not reported;FactssensorData_3;case-study type dropped: Maintainable item | default online/offline dropped: Unknown synchronization | input-for-model dropped: Not reported | input type dropped: FactssensorData_3;Fault feature extraction;;engine bearing;;;;5;15
1169;extraction_papers\ontocast_runs\run_remaining_222_gpt-5.6-luna_20260723_010000\output\facts_57c2c60f0151.ttl;1;Fault detection;Maintainable item;industrial machinery;Unknown synchronization;Not reported;pressure, sound, vibrations;case-study type dropped: Maintainable item | default online/offline dropped: Unknown synchronization | input-for-model dropped: Not reported;Fault detection;;industrial machinery;;;pressure, sound, vibrations;5;15
1170;extraction_papers\ontocast_runs\run_remaining_222_gpt-5.6-luna_20260723_010000\output\facts_5a974c9e2724.ttl;1;Health assessment;Maintainable item;Power system;Unknown synchronization;Not reported;FactsenergyConsumption_1;case-study type dropped: Maintainable item | default online/offline dropped: Unknown synchronization | input-for-model dropped: Not reported | input type dropped: FactsenergyConsumption_1;Health assessment;;Power system;;;;5;15
1171;extraction_papers\ontocast_runs\run_remaining_222_gpt-5.6-luna_20260723_010000\output\facts_5c72dd41f880.ttl;1;Fault identification;Maintainable item;Factscable;Unknown synchronization;Not reported;center frequency;case-study type dropped: Maintainable item | case study dropped: Factscable | default online/offline dropped: Unknown synchronization | input-for-model dropped: Not reported;Fault identification;;;;;center frequency;5;15
1172;extraction_papers\ontocast_runs\run_remaining_222_gpt-5.6-luna_20260723_010000\output\facts_5db748fcdacf.ttl;2;Fault identification;Maintainable item;MRI machine;Unknown synchronization;Not reported;Environmental data, Historical maintenance records, humidity, power consumption, Sensor readings, vibration;case-study type dropped: Maintainable item | default online/offline dropped: Unknown synchronization | input-for-model dropped: Not reported;Fault identification;;MRI machine;;;Environmental data, Historical maintenance records, humidity, power consumption, Sensor readings, vibration;5;15
1173;extraction_papers\ontocast_runs\run_remaining_222_gpt-5.6-luna_20260723_010000\output\facts_5dd9c7a4e0b1.ttl;1;Fault feature extraction;Maintainable item;motor bearing;Unknown synchronization;Not reported;motor bearing operational data, FactssensorInput;case-study type dropped: Maintainable item | default online/offline dropped: Unknown synchronization | input-for-model dropped: Not reported;Fault feature extraction;;motor bearing;;;motor bearing operational data, FactssensorInput;5;15
1174;extraction_papers\ontocast_runs\run_remaining_222_gpt-5.6-luna_20260723_010000\output\facts_5e5dffc0405c.ttl;1;Fault detection;Maintainable item;Bearing;Unknown synchronization;Not reported;Asset age, Asset size, WTG dissimilarity measures, conditional input, External conditions, temporal operational data, Wake effects, WTG-specific categorical identifiers;case-study type dropped: Maintainable item | default online/offline dropped: Unknown synchronization | input-for-model dropped: Not reported;Fault detection;;Bearing;;;Asset age, Asset size, WTG dissimilarity measures, conditional input, External conditions, temporal operational data, Wake effects, WTG-specific categorical identifiers;5;15
1175;extraction_papers\ontocast_runs\run_remaining_222_gpt-5.6-luna_20260723_010000\output\facts_5ea2c4b65fc0.ttl;1;Remaining useful life estimation;Maintainable item;lithium-ion cell;Unknown synchronization;Not reported;battery lifetime, capacity curve, capacity, early-stage cycle observations, first 100 battery cycles, R2, state of health, temperature series, voltage series;case-study type dropped: Maintainable item | default online/offline dropped: Unknown synchronization | input-for-model dropped: Not reported;Remaining useful life estimation;;lithium-ion cell;;;battery lifetime, capacity curve, capacity, early-stage cycle observations, first 100 battery cycles, R2, state of health, temperature series, voltage series;5;15
1176;extraction_papers\ontocast_runs\run_remaining_222_gpt-5.6-luna_20260723_010000\output\facts_602809aa5df4.ttl;1;One step future state forecast;Maintainable item;k-out-of-n system;Unknown synchronization;Not reported;Not reported;case-study type dropped: Maintainable item | default online/offline dropped: Unknown synchronization | input-for-model dropped: Not reported | input type dropped: Not reported;One step future state forecast;;k-out-of-n system;;;;5;15
1177;extraction_papers\ontocast_runs\run_remaining_222_gpt-5.6-luna_20260723_010000\output\facts_610c2c043112.ttl;2;Fault identification;Maintainable item;aircraft components;Unknown synchronization;Not reported;maintenance time, random failure time;case-study type dropped: Maintainable item | default online/offline dropped: Unknown synchronization | input-for-model dropped: Not reported;Fault identification;;aircraft components;;;maintenance time, random failure time;5;15
1178;extraction_papers\ontocast_runs\run_remaining_222_gpt-5.6-luna_20260723_010000\output\facts_638e55510273.ttl;2;Fault detection;Maintainable item;robot swarm;Unknown synchronization;Not reported;Not reported;case-study type dropped: Maintainable item | default online/offline dropped: Unknown synchronization | input-for-model dropped: Not reported | input type dropped: Not reported;Fault detection;;robot swarm;;;;5;15
1179;extraction_papers\ontocast_runs\run_remaining_222_gpt-5.6-luna_20260723_010000\output\facts_63cfb09326c6.ttl;1;Fault detection;Maintainable item;chip;Unknown synchronization;Not reported;stress conditions, FactsvoltageVariable, working environment;case-study type dropped: Maintainable item | default online/offline dropped: Unknown synchronization | input-for-model dropped: Not reported;Fault detection;;chip;;;stress conditions, FactsvoltageVariable, working environment;5;15
1180;extraction_papers\ontocast_runs\run_remaining_222_gpt-5.6-luna_20260723_010000\output\facts_63d81f44a5a8.ttl;3;Fault detection;Maintainable item;bearing specimens;Unknown synchronization;Not reported;feature selection, fractal dimension, RMS, Root mean square (RMS), spectral centroid;case-study type dropped: Maintainable item | default online/offline dropped: Unknown synchronization | input-for-model dropped: Not reported;Fault detection;;bearing specimens;;;feature selection, fractal dimension, RMS, Root mean square (RMS), spectral centroid;5;15
1181;extraction_papers\ontocast_runs\run_remaining_222_gpt-5.6-luna_20260723_010000\output\facts_63ee7d0a864e.ttl;1;Remaining useful life estimation;Maintainable item;airborne fuel pump;Unknown synchronization;Not reported;current sensor signal, flowrate, material thickness loss, motor current, pressure, pump head rise data, pump system flow data, vibration;case-study type dropped: Maintainable item | default online/offline dropped: Unknown synchronization | input-for-model dropped: Not reported;Remaining useful life estimation;;airborne fuel pump;;;current sensor signal, flowrate, material thickness loss, motor current, pressure, pump head rise data, pump system flow data, vibration;5;15
1182;extraction_papers\ontocast_runs\run_remaining_222_gpt-5.6-luna_20260723_010000\output\facts_644c5c2bc5e8.ttl;1;Fault detection;Maintainable item;Bearing;Unknown synchronization;Not reported;Degradation signals, Sensor data, vibration signals;case-study type dropped: Maintainable item | default online/offline dropped: Unknown synchronization | input-for-model dropped: Not reported;Fault detection;;Bearing;;;Degradation signals, Sensor data, vibration signals;5;15
1183;extraction_papers\ontocast_runs\run_remaining_222_gpt-5.6-luna_20260723_010000\output\facts_64e27135ed29.ttl;1;Fault detection;Maintainable item;converter valve;Unknown synchronization;Not reported;FactscoolantFlowRate, current, System variable, temperature, voltage;case-study type dropped: Maintainable item | default online/offline dropped: Unknown synchronization | input-for-model dropped: Not reported;Fault detection;;converter valve;;;FactscoolantFlowRate, current, System variable, temperature, voltage;5;15
1184;extraction_papers\ontocast_runs\run_remaining_222_gpt-5.6-luna_20260723_010000\output\facts_65932973d86a.ttl;2;Fault feature extraction;Maintainable item;connecting rod;Unknown synchronization;Not reported;acceleration measurement data, acoustic emission signal, bending moment signal, cutting force signal, maximum decomposition level J0, radial acceleration, signal, signal energy, vibration signal, wavelet coefficient;case-study type dropped: Maintainable item | default online/offline dropped: Unknown synchronization | input-for-model dropped: Not reported;Fault feature extraction;;connecting rod;;;acceleration measurement data, acoustic emission signal, bending moment signal, cutting force signal, maximum decomposition level J0, radial acceleration, signal, signal energy, vibration signal, wavelet coefficient;5;15
1185;extraction_papers\ontocast_runs\run_remaining_222_gpt-5.6-luna_20260723_010000\output\facts_672e62c2debc.ttl;1;Fault detection;Maintainable item;solar PV array;Unknown synchronization;Not reported;FactsvoltageVariable_1;case-study type dropped: Maintainable item | default online/offline dropped: Unknown synchronization | input-for-model dropped: Not reported | input type dropped: FactsvoltageVariable_1;Fault detection;;solar PV array;;;;5;15
1186;extraction_papers\ontocast_runs\run_remaining_222_gpt-5.6-luna_20260723_010000\output\facts_67da28787783.ttl;1;Remaining useful life estimation;Maintainable item;burner;Unknown synchronization;Not reported;fuel flow rate, key time-series features, FactslimitedData1, low-pressure rotor speed, thrust, total pressure before the inlet, exhaust temperature, accumulated usage time;case-study type dropped: Maintainable item | default online/offline dropped: Unknown synchronization | input-for-model dropped: Not reported;Remaining useful life estimation;;burner;;;fuel flow rate, key time-series features, FactslimitedData1, low-pressure rotor speed, thrust, total pressure before the inlet, exhaust temperature, accumulated usage time;5;15
1187;extraction_papers\ontocast_runs\run_remaining_222_gpt-5.6-luna_20260723_010000\output\facts_67eacbaef38c.ttl;1;Fault detection;Maintainable item;air compressor;Unknown synchronization;Not reported;FactspressureVariable, random variables;case-study type dropped: Maintainable item | default online/offline dropped: Unknown synchronization | input-for-model dropped: Not reported;Fault detection;;air compressor;;;FactspressureVariable, random variables;5;15
1188;extraction_papers\ontocast_runs\run_remaining_222_gpt-5.6-luna_20260723_010000\output\facts_696621ed84be.ttl;1;Health assessment;Maintainable item;Ð¢ÑÐ°Ð½ÑÐ¿Ð¾ÑÑÐ½ÑÐµ ÑÑÐµÐ´ÑÑÐ²Ð°;Unknown synchronization;Not reported;ÐÐ°ÑÑÐ°Ð¶Ð¸ÑÐ¾Ð¿Ð¾ÑÐ¾Ðº;case-study type dropped: Maintainable item | default online/offline dropped: Unknown synchronization | input-for-model dropped: Not reported;Health assessment;;Ð¢ÑÐ°Ð½ÑÐ¿Ð¾ÑÑÐ½ÑÐµ ÑÑÐµÐ´ÑÑÐ²Ð°;;;ÐÐ°ÑÑÐ°Ð¶Ð¸ÑÐ¾Ð¿Ð¾ÑÐ¾Ðº;5;15
1189;extraction_papers\ontocast_runs\run_remaining_222_gpt-5.6-luna_20260723_010000\output\facts_6969dc93b9bb.ttl;2;Fault detection;Maintainable item;Distribution network of Kenitra, Morocco;Unknown synchronization;Not reported;current signals, frequency spectra, Phasor Measurement Unit data, voltage signals;case-study type dropped: Maintainable item | default online/offline dropped: Unknown synchronization | input-for-model dropped: Not reported;Fault detection;;Distribution network of Kenitra, Morocco;;;current signals, frequency spectra, Phasor Measurement Unit data, voltage signals;5;15
1190;extraction_papers\ontocast_runs\run_remaining_222_gpt-5.6-luna_20260723_010000\output\facts_6b2d7c4fe78f.ttl;1;Health assessment;Maintainable item;bearing aging assessment target;Unknown synchronization;One-level Wavelet Decomposition;Mean frequency, Shannon entropy;case-study type dropped: Maintainable item | default online/offline dropped: Unknown synchronization | input-for-model dropped: One-level Wavelet Decomposition;Health assessment;;bearing aging assessment target;;;Mean frequency, Shannon entropy;5;15
1191;extraction_papers\ontocast_runs\run_remaining_222_gpt-5.6-luna_20260723_010000\output\facts_6ce9869fc1da.ttl;2;Health assessment;Maintainable item;Crowd winch gearbox;Unknown synchronization;Not reported;Not reported;case-study type dropped: Maintainable item | default online/offline dropped: Unknown synchronization | input-for-model dropped: Not reported | input type dropped: Not reported;Health assessment;;Crowd winch gearbox;;;;5;15
1192;extraction_papers\ontocast_runs\run_remaining_222_gpt-5.6-luna_20260723_010000\output\facts_6d52613b3619.ttl;1;Fault detection;Maintainable item;HTBTA;Unknown synchronization;Not reported;sensor data, FactsTwinData;case-study type dropped: Maintainable item | default online/offline dropped: Unknown synchronization | input-for-model dropped: Not reported;Fault detection;;HTBTA;;;sensor data, FactsTwinData;5;15
1193;extraction_papers\ontocast_runs\run_remaining_222_gpt-5.6-luna_20260723_010000\output\facts_7024c526be02.ttl;1;Fault detection;Maintainable item;hydro-turbine unit;Unknown synchronization;Not reported;damage characteristic frequency, Frequency Response Function, 532 Hz, FactshydraulicExcitation, modal parameters, vibration response signals;case-study type dropped: Maintainable item | default online/offline dropped: Unknown synchronization | input-for-model dropped: Not reported;Fault detection;;hydro-turbine unit;;;damage characteristic frequency, Frequency Response Function, 532 Hz, FactshydraulicExcitation, modal parameters, vibration response signals;5;15
1194;extraction_papers\ontocast_runs\run_remaining_222_gpt-5.6-luna_20260723_010000\output\facts_70d54bc7cf1c.ttl;1;Fault detection;Maintainable item;Bucket wheel excavator;Unknown synchronization;Not reported;Alarm threshold values, Basic statistical parameters, conditional probability, diagnostic decision, diagnostic symptom, initial measurements, Machine load, one-sided order power spectrum, Peak value, reduced feature set, resampled vibroacoustic signal, RMS, signal frame, signal length N, Spearman correlation coefficient, spectral component, vector of states, tachometer signal, vibration-acoustic signal;case-study type dropped: Maintainable item | default online/offline dropped: Unknown synchronization | input-for-model dropped: Not reported;Fault detection;;Bucket wheel excavator;;;Alarm threshold values, Basic statistical parameters, conditional probability, diagnostic decision, diagnostic symptom, initial measurements, Machine load, one-sided order power spectrum, Peak value, reduced feature set, resampled vibroacoustic signal, RMS, signal frame, signal length N, Spearman correlation coefficient, spectral component, vector of states, tachometer signal, vibration-acoustic signal;5;15
1195;extraction_papers\ontocast_runs\run_remaining_222_gpt-5.6-luna_20260723_010000\output\facts_70eda5da7729.ttl;1;Fault detection;Maintainable item;compressor;Unknown synchronization;Not reported;monitored compressor data;case-study type dropped: Maintainable item | default online/offline dropped: Unknown synchronization | input-for-model dropped: Not reported;Fault detection;;compressor;;;monitored compressor data;5;15
1196;extraction_papers\ontocast_runs\run_remaining_222_gpt-5.6-luna_20260723_010000\output\facts_73edceab6847.ttl;1;Fault detection;Maintainable item;MAR-M247;Unknown synchronization;FactssignalProcessing_1;Factsfrequency_2, FactssignalEnergy;case-study type dropped: Maintainable item | default online/offline dropped: Unknown synchronization | input-for-model dropped: FactssignalProcessing_1;Fault detection;;MAR-M247;;;Factsfrequency_2, FactssignalEnergy;5;15
1197;extraction_papers\ontocast_runs\run_remaining_222_gpt-5.6-luna_20260723_010000\output\facts_76a7d852c8c9.ttl;2;Fault detection;Maintainable item;low-frequency transformer;Unknown synchronization;Not reported;FactsacousticPressure, acoustic signals;case-study type dropped: Maintainable item | default online/offline dropped: Unknown synchronization | input-for-model dropped: Not reported;Fault detection;;low-frequency transformer;;;FactsacousticPressure, acoustic signals;5;15
1198;extraction_papers\ontocast_runs\run_remaining_222_gpt-5.6-luna_20260723_010000\output\facts_781f5eb358bd.ttl;1;Fault feature extraction;Maintainable item;railway track;Unknown synchronization;Not reported;acceleration data, harmonic order 12-14, operational characteristics, strain data, train speed, vertical wheel force;case-study type dropped: Maintainable item | default online/offline dropped: Unknown synchronization | input-for-model dropped: Not reported;Fault feature extraction;;railway track;;;acceleration data, harmonic order 12-14, operational characteristics, strain data, train speed, vertical wheel force;5;15
1199;extraction_papers\ontocast_runs\run_remaining_222_gpt-5.6-luna_20260723_010000\output\facts_784c635b412d.ttl;1;Remaining useful life estimation;Maintainable item;distressed concrete pipe segments;Unknown synchronization;Not reported;current, reliability parameter, metal particles in lubrication, shape parameter beta, temperature level, vibration;case-study type dropped: Maintainable item | default online/offline dropped: Unknown synchronization | input-for-model dropped: Not reported;Remaining useful life estimation;;distressed concrete pipe segments;;;current, reliability parameter, metal particles in lubrication, shape parameter beta, temperature level, vibration;5;15
1200;extraction_papers\ontocast_runs\run_remaining_222_gpt-5.6-luna_20260723_010000\output\facts_785ddb1ecc01.ttl;1;Fault detection;Maintainable item;machine;Unknown synchronization;Not reported;current operational situation of each machine, Downtime duration, sensor data;case-study type dropped: Maintainable item | default online/offline dropped: Unknown synchronization | input-for-model dropped: Not reported;Fault detection;;machine;;;current operational situation of each machine, Downtime duration, sensor data;5;15
1201;extraction_papers\ontocast_runs\run_remaining_222_gpt-5.6-luna_20260723_010000\output\facts_789d4e223de6.ttl;2;Fault detection;Maintainable item;20kV XLPE cable system;Unknown synchronization;Not reported;Cable age, Engineered features, Labeled training data, Corrosion, Neutral conductor corrosion, Noisy data, Partial discharge, Visual inspections;case-study type dropped: Maintainable item | default online/offline dropped: Unknown synchronization | input-for-model dropped: Not reported;Fault detection;;20kV XLPE cable system;;;Cable age, Engineered features, Labeled training data, Corrosion, Neutral conductor corrosion, Noisy data, Partial discharge, Visual inspections;5;15
1202;extraction_papers\ontocast_runs\run_remaining_222_gpt-5.6-luna_20260723_010000\output\facts_7936a6d31e36.ttl;2;Remaining useful life estimation;Maintainable item;non-permanent bolting connections;Unknown synchronization;Not reported;process parameters;case-study type dropped: Maintainable item | default online/offline dropped: Unknown synchronization | input-for-model dropped: Not reported;Remaining useful life estimation;;non-permanent bolting connections;;;process parameters;5;15
1203;extraction_papers\ontocast_runs\run_remaining_222_gpt-5.6-luna_20260723_010000\output\facts_7ac79f3ecde7.ttl;2;Fault identification;Maintainable item;Photovoltaic power station in Aoulef-Adrar;Unknown synchronization;Not reported;solar radiation, weather information, humidity, power residual;case-study type dropped: Maintainable item | default online/offline dropped: Unknown synchronization | input-for-model dropped: Not reported;Fault identification;;Photovoltaic power station in Aoulef-Adrar;;;solar radiation, weather information, humidity, power residual;5;15
1204;extraction_papers\ontocast_runs\run_remaining_222_gpt-5.6-luna_20260723_010000\output\facts_7ba7791cad36.ttl;1;Fault identification;Maintainable item;SKF 30205J2/Q tapered roller bearing;Unknown synchronization;Not reported;RMS, unbalance, vibration response;case-study type dropped: Maintainable item | default online/offline dropped: Unknown synchronization | input-for-model dropped: Not reported;Fault identification;;SKF 30205J2/Q tapered roller bearing;;;RMS, unbalance, vibration response;5;15
1205;extraction_papers\ontocast_runs\run_remaining_222_gpt-5.6-luna_20260723_010000\output\facts_7d3afcd0b143.ttl;1;Health assessment;Maintainable item;battery;Unknown synchronization;Not reported;battery state, driving segments, current, state of power, voltage;case-study type dropped: Maintainable item | default online/offline dropped: Unknown synchronization | input-for-model dropped: Not reported;Health assessment;;battery;;;battery state, driving segments, current, state of power, voltage;5;15
1206;extraction_papers\ontocast_runs\run_remaining_222_gpt-5.6-luna_20260723_010000\output\facts_7d68dca0a95a.ttl;2;Remaining useful life estimation;Maintainable item;gas-insulated switchgear;Unknown synchronization;Not reported;Environmental factors, FactsstreamingSensorData;case-study type dropped: Maintainable item | default online/offline dropped: Unknown synchronization | input-for-model dropped: Not reported;Remaining useful life estimation;;gas-insulated switchgear;;;Environmental factors, FactsstreamingSensorData;5;15
1207;extraction_papers\ontocast_runs\run_remaining_222_gpt-5.6-luna_20260723_010000\output\facts_7ee90e1dd3f8.ttl;1;Fault detection;Maintainable item;FactsGaNHallSensor;Unknown synchronization;FactsMagneticFieldInspection;magnetic field, magnetic field intensity, reference condition with no field applied, FactssensorPlotLines, Factstemperature_5, wafer resistance consistency;case-study type dropped: Maintainable item | case study dropped: FactsGaNHallSensor | default online/offline dropped: Unknown synchronization | input-for-model dropped: FactsMagneticFieldInspection;Fault detection;;;;;magnetic field, magnetic field intensity, reference condition with no field applied, FactssensorPlotLines, Factstemperature_5, wafer resistance consistency;5;15
1208;extraction_papers\ontocast_runs\run_remaining_222_gpt-5.6-luna_20260723_010000\output\facts_7f3c33d3130b.ttl;1;Fault identification;Maintainable item;rotor;Unknown synchronization;Not reported;pressure;case-study type dropped: Maintainable item | default online/offline dropped: Unknown synchronization | input-for-model dropped: Not reported;Fault identification;;rotor;;;pressure;5;15
1209;extraction_papers\ontocast_runs\run_remaining_222_gpt-5.6-luna_20260723_010000\output\facts_80160046114f.ttl;1;Fault feature extraction;Maintainable item;motor;Unknown synchronization;Not reported;Scenarios;case-study type dropped: Maintainable item | default online/offline dropped: Unknown synchronization | input-for-model dropped: Not reported;Fault feature extraction;;motor;;;Scenarios;5;15
1210;extraction_papers\ontocast_runs\run_remaining_222_gpt-5.6-luna_20260723_010000\output\facts_836811d75aa5.ttl;1;Remaining useful life estimation;Maintainable item;battery;Unknown synchronization;Not reported;FactscellBalance;case-study type dropped: Maintainable item | default online/offline dropped: Unknown synchronization | input-for-model dropped: Not reported | input type dropped: FactscellBalance;Remaining useful life estimation;;battery;;;;5;15
1211;extraction_papers\ontocast_runs\run_remaining_222_gpt-5.6-luna_20260723_010000\output\facts_842d44f1a21a.ttl;1;Fault identification;Maintainable item;photovoltaic module;Unknown synchronization;Not reported;humidity;case-study type dropped: Maintainable item | default online/offline dropped: Unknown synchronization | input-for-model dropped: Not reported;Fault identification;;photovoltaic module;;;humidity;5;15
1212;extraction_papers\ontocast_runs\run_remaining_222_gpt-5.6-luna_20260723_010000\output\facts_84f585c6cda9.ttl;2;One step future state forecast;Maintainable item;air navigation facility;Unknown synchronization;Not reported;environmental variables, GNSS data, number of nearest neighbors (k), real-time sensor data;case-study type dropped: Maintainable item | default online/offline dropped: Unknown synchronization | input-for-model dropped: Not reported;One step future state forecast;;air navigation facility;;;environmental variables, GNSS data, number of nearest neighbors (k), real-time sensor data;5;15
1213;extraction_papers\ontocast_runs\run_remaining_222_gpt-5.6-luna_20260723_010000\output\facts_8851ad1ea301.ttl;1;Fault detection;Maintainable item;axial piston pump;Unknown synchronization;Not reported;CNN hyperparameters, operating condition, high-frequency sensor, load history, original sensor data, wear, time-domain method, time series;case-study type dropped: Maintainable item | default online/offline dropped: Unknown synchronization | input-for-model dropped: Not reported;Fault detection;;axial piston pump;;;CNN hyperparameters, operating condition, high-frequency sensor, load history, original sensor data, wear, time-domain method, time series;5;15
1214;extraction_papers\ontocast_runs\run_remaining_222_gpt-5.6-luna_20260723_010000\output\facts_8871ed407bd4.ttl;2;Fault detection;Maintainable item;doubly-fed induction generator;Unknown synchronization;Not reported;magnetic flux leakage signal, controller signal, wind speed, harmonics from multiple signatures, stator current harmonics, time harmonics;case-study type dropped: Maintainable item | default online/offline dropped: Unknown synchronization | input-for-model dropped: Not reported;Fault detection;;doubly-fed induction generator;;;magnetic flux leakage signal, controller signal, wind speed, harmonics from multiple signatures, stator current harmonics, time harmonics;5;15
1215;extraction_papers\ontocast_runs\run_remaining_222_gpt-5.6-luna_20260723_010000\output\facts_8895eba68552.ttl;1;Fault detection;Maintainable item;critical asset;Unknown synchronization;Not reported;Not reported;case-study type dropped: Maintainable item | default online/offline dropped: Unknown synchronization | input-for-model dropped: Not reported | input type dropped: Not reported;Fault detection;;critical asset;;;;5;15
1216;extraction_papers\ontocast_runs\run_remaining_222_gpt-5.6-luna_20260723_010000\output\facts_8931a2f90142.ttl;1;Fault detection;Maintainable item;apparatus;Unknown synchronization;Not reported;energy consumption, reactive power, temperature, vibration;case-study type dropped: Maintainable item | default online/offline dropped: Unknown synchronization | input-for-model dropped: Not reported;Fault detection;;apparatus;;;energy consumption, reactive power, temperature, vibration;5;15
1217;extraction_papers\ontocast_runs\run_remaining_222_gpt-5.6-luna_20260723_010000\output\facts_89721bc0ca3e.ttl;2;Fault detection;Maintainable item;GIL;Unknown synchronization;Not reported;ambient temperature, conductor temperature, internal resistance value, load current, temperature rate of the conductor, vibration signals;case-study type dropped: Maintainable item | default online/offline dropped: Unknown synchronization | input-for-model dropped: Not reported;Fault detection;;GIL;;;ambient temperature, conductor temperature, internal resistance value, load current, temperature rate of the conductor, vibration signals;5;15
1218;extraction_papers\ontocast_runs\run_remaining_222_gpt-5.6-luna_20260723_010000\output\facts_89e5b0acb912.ttl;1;Fault detection;Maintainable item;accumulator;Unknown synchronization;Not reported;motor power consumption, pressure, temperature, volume flow rate;case-study type dropped: Maintainable item | default online/offline dropped: Unknown synchronization | input-for-model dropped: Not reported;Fault detection;;accumulator;;;motor power consumption, pressure, temperature, volume flow rate;5;15
1219;extraction_papers\ontocast_runs\run_remaining_222_gpt-5.6-luna_20260723_010000\output\facts_8a066beed2f1.ttl;1;Health assessment;Maintainable item;machinery and equipment;Unknown synchronization;Not reported;predictive variables;case-study type dropped: Maintainable item | default online/offline dropped: Unknown synchronization | input-for-model dropped: Not reported;Health assessment;;machinery and equipment;;;predictive variables;5;15
1220;extraction_papers\ontocast_runs\run_remaining_222_gpt-5.6-luna_20260723_010000\output\facts_8ac5db464e7a.ttl;1;Health assessment;Maintainable item;PV module;Unknown synchronization;Not reported;power;case-study type dropped: Maintainable item | default online/offline dropped: Unknown synchronization | input-for-model dropped: Not reported;Health assessment;;PV module;;;power;5;15
1221;extraction_papers\ontocast_runs\run_remaining_222_gpt-5.6-luna_20260723_010000\output\facts_8efd958c9afa.ttl;2;Fault identification;Maintainable item;bearing;Unknown synchronization;Not reported;ball diameter, energy, entropy, harmonic amplitude, homogeneity, sampling frequency, shaft rotation frequency, sum average, contrast, reconstructed vibration signal;case-study type dropped: Maintainable item | default online/offline dropped: Unknown synchronization | input-for-model dropped: Not reported;Fault identification;;bearing;;;ball diameter, energy, entropy, harmonic amplitude, homogeneity, sampling frequency, shaft rotation frequency, sum average, contrast, reconstructed vibration signal;5;15
1222;extraction_papers\ontocast_runs\run_remaining_222_gpt-5.6-luna_20260723_010000\output\facts_8fccbcfb2463.ttl;1;Remaining useful life estimation;Maintainable item;Corrosion;Unknown synchronization;Not reported;load, loads;case-study type dropped: Maintainable item | default online/offline dropped: Unknown synchronization | input-for-model dropped: Not reported;Remaining useful life estimation;;Corrosion;;;load, loads;5;15
1223;extraction_papers\ontocast_runs\run_remaining_222_gpt-5.6-luna_20260723_010000\output\facts_90157d8ccfad.ttl;2;Fault detection;Maintainable item;compressor;Unknown synchronization;Not reported;gas flow rate, oil temperature, industrial sensor data;case-study type dropped: Maintainable item | default online/offline dropped: Unknown synchronization | input-for-model dropped: Not reported;Fault detection;;compressor;;;gas flow rate, oil temperature, industrial sensor data;5;15
1224;extraction_papers\ontocast_runs\run_remaining_222_gpt-5.6-luna_20260723_010000\output\facts_9087a6154225.ttl;1;Fault identification;Maintainable item;valve actuator;Unknown synchronization;Not reported;FactscomponentStrain, micro leakage measurement, load measurement, vibration measurement;case-study type dropped: Maintainable item | default online/offline dropped: Unknown synchronization | input-for-model dropped: Not reported;Fault identification;;valve actuator;;;FactscomponentStrain, micro leakage measurement, load measurement, vibration measurement;5;15
1225;extraction_papers\ontocast_runs\run_remaining_222_gpt-5.6-luna_20260723_010000\output\facts_90a09225d19d.ttl;1;Remaining useful life estimation;Maintainable item;second-life battery pack;Unknown synchronization;Not reported;Charge-discharge cycles, Battery degradation rate, Depth of discharge, Dynamic operational state, power allocation, state of health, Stochastic environmental variation, remaining useful life;case-study type dropped: Maintainable item | default online/offline dropped: Unknown synchronization | input-for-model dropped: Not reported;Remaining useful life estimation;;second-life battery pack;;;Charge-discharge cycles, Battery degradation rate, Depth of discharge, Dynamic operational state, power allocation, state of health, Stochastic environmental variation, remaining useful life;5;15
1226;extraction_papers\ontocast_runs\run_remaining_222_gpt-5.6-luna_20260723_010000\output\facts_90a74f6cecdf.ttl;1;Fault detection;Maintainable item;Gear;Unknown synchronization;Not reported;Fault Characteristic Frequency, Instantaneous Frequency, Mel Frequency Cepstral Coefficient, ZCR, Zero Crossing Rate;case-study type dropped: Maintainable item | default online/offline dropped: Unknown synchronization | input-for-model dropped: Not reported;Fault detection;;Gear;;;Fault Characteristic Frequency, Instantaneous Frequency, Mel Frequency Cepstral Coefficient, ZCR, Zero Crossing Rate;5;15
1227;extraction_papers\ontocast_runs\run_remaining_222_gpt-5.6-luna_20260723_010000\output\facts_92925fcec6f7.ttl;4;Fault feature extraction;Maintainable item;NPP circulating pump;Unknown synchronization;Not reported;rolling bearing vibration signal;case-study type dropped: Maintainable item | default online/offline dropped: Unknown synchronization | input-for-model dropped: Not reported;Fault feature extraction;;NPP circulating pump;;;rolling bearing vibration signal;5;15
1228;extraction_papers\ontocast_runs\run_remaining_222_gpt-5.6-luna_20260723_010000\output\facts_92bd1fa42ed6.ttl;1;Health assessment;Maintainable item;cutting tool;Unknown synchronization;Not reported;acoustic emission signal, cutting force signal, cutting speed, numerical data, signal measures, tool wear, vibration signal;case-study type dropped: Maintainable item | default online/offline dropped: Unknown synchronization | input-for-model dropped: Not reported;Health assessment;;cutting tool;;;acoustic emission signal, cutting force signal, cutting speed, numerical data, signal measures, tool wear, vibration signal;5;15
1229;extraction_papers\ontocast_runs\run_remaining_222_gpt-5.6-luna_20260723_010000\output\facts_92f84bca2575.ttl;1;Fault detection;Maintainable item;large industrial mill;Unknown synchronization;Not reported;real-time equipment performance data, sensor data variable;case-study type dropped: Maintainable item | default online/offline dropped: Unknown synchronization | input-for-model dropped: Not reported;Fault detection;;large industrial mill;;;real-time equipment performance data, sensor data variable;5;15
1230;extraction_papers\ontocast_runs\run_remaining_222_gpt-5.6-luna_20260723_010000\output\facts_93deedf6432c.ttl;1;Fault feature extraction;Maintainable item;offshore wind farm;Unknown synchronization;Not reported;historical fault patterns, historical maintenance records, multi-sensor data, operational trends, SCADA data, turbine sensor readings, weather data;case-study type dropped: Maintainable item | default online/offline dropped: Unknown synchronization | input-for-model dropped: Not reported;Fault feature extraction;;offshore wind farm;;;historical fault patterns, historical maintenance records, multi-sensor data, operational trends, SCADA data, turbine sensor readings, weather data;5;15
1231;extraction_papers\ontocast_runs\run_remaining_222_gpt-5.6-luna_20260723_010000\output\facts_94f305fad678.ttl;2;Fault detection;Maintainable item;bearing gearbox;Unknown synchronization;delayed data acquisition;acquisition time, ball energy, BGCI values, oil temperature, 1/Rev, aircraft roll angle, spectral kurtosis, Temperature, Whip;case-study type dropped: Maintainable item | default online/offline dropped: Unknown synchronization | input-for-model dropped: delayed data acquisition;Fault detection;;bearing gearbox;;;acquisition time, ball energy, BGCI values, oil temperature, 1/Rev, aircraft roll angle, spectral kurtosis, Temperature, Whip;5;15
1232;extraction_papers\ontocast_runs\run_remaining_222_gpt-5.6-luna_20260723_010000\output\facts_96ba2247cc7b.ttl;1;Fault detection;Maintainable item;AEC;Unknown synchronization;Not reported;Equivalent Series Resistance (ESR), capacitance;case-study type dropped: Maintainable item | default online/offline dropped: Unknown synchronization | input-for-model dropped: Not reported;Fault detection;;AEC;;;Equivalent Series Resistance (ESR), capacitance;5;15
1233;extraction_papers\ontocast_runs\run_remaining_222_gpt-5.6-luna_20260723_010000\output\facts_96f54b4a2a75.ttl;1;Fault detection;Maintainable item;transformer;Unknown synchronization;Not reported;oil temperature, rated load;case-study type dropped: Maintainable item | default online/offline dropped: Unknown synchronization | input-for-model dropped: Not reported;Fault detection;;transformer;;;oil temperature, rated load;5;15
1234;extraction_papers\ontocast_runs\run_remaining_222_gpt-5.6-luna_20260723_010000\output\facts_972bd570a912.ttl;1;Remaining useful life estimation;Maintainable item;bearing;Unknown synchronization;Not reported;bearing characteristics, degradation features, domain private attributes, health indicator, joint distribution difference, measured gearbox data, full life-cycle simulation data, partial target data, test data, time-domain features;case-study type dropped: Maintainable item | default online/offline dropped: Unknown synchronization | input-for-model dropped: Not reported;Remaining useful life estimation;;bearing;;;bearing characteristics, degradation features, domain private attributes, health indicator, joint distribution difference, measured gearbox data, full life-cycle simulation data, partial target data, test data, time-domain features;5;15
1235;extraction_papers\ontocast_runs\run_remaining_222_gpt-5.6-luna_20260723_010000\output\facts_9a438d4a50c5.ttl;2;Fault identification;Maintainable item;asset;Unknown synchronization;Not reported;FactsfundamentalsOfMachineMaintenance, FactsmachineOperation;case-study type dropped: Maintainable item | default online/offline dropped: Unknown synchronization | input-for-model dropped: Not reported;Fault identification;;asset;;;FactsfundamentalsOfMachineMaintenance, FactsmachineOperation;5;15
1236;extraction_papers\ontocast_runs\run_remaining_222_gpt-5.6-luna_20260723_010000\output\facts_9b03a9e967eb.ttl;1;Fault detection;Maintainable item;journal;Unknown synchronization;Not reported;e, r, l_1, c, Î²_1;case-study type dropped: Maintainable item | default online/offline dropped: Unknown synchronization | input-for-model dropped: Not reported;Fault detection;;journal;;;e, r, l_1, c, Î²_1;5;15
1237;extraction_papers\ontocast_runs\run_remaining_222_gpt-5.6-luna_20260723_010000\output\facts_9c3b24a4de9b.ttl;1;Health assessment;Maintainable item;Si IGBT;Unknown synchronization;Not reported;bondwire electrical resistance R bondwire, degradation profile, degradation, gate resistance, filter residual, measured parameter, metallization contact resistance R metallization, temperature estimate, temperature, thermal resistance, DSEP;case-study type dropped: Maintainable item | default online/offline dropped: Unknown synchronization | input-for-model dropped: Not reported;Health assessment;;Si IGBT;;;bondwire electrical resistance R bondwire, degradation profile, degradation, gate resistance, filter residual, measured parameter, metallization contact resistance R metallization, temperature estimate, temperature, thermal resistance, DSEP;5;15
1238;extraction_papers\ontocast_runs\run_remaining_222_gpt-5.6-luna_20260723_010000\output\facts_9da3f1d26301.ttl;1;Fault detection;Maintainable item;boiler heating systems;Unknown synchronization;Not reported;acoustic signal;case-study type dropped: Maintainable item | default online/offline dropped: Unknown synchronization | input-for-model dropped: Not reported;Fault detection;;boiler heating systems;;;acoustic signal;5;15
1239;extraction_papers\ontocast_runs\run_remaining_222_gpt-5.6-luna_20260723_010000\output\facts_9e6e93f2160c.ttl;1;Fault detection;Maintainable item;HDD;Unknown synchronization;Not reported;SMART parameters, sector error count, longitudinal sensor data, temperature reading;case-study type dropped: Maintainable item | default online/offline dropped: Unknown synchronization | input-for-model dropped: Not reported;Fault detection;;HDD;;;SMART parameters, sector error count, longitudinal sensor data, temperature reading;5;15
1240;extraction_papers\ontocast_runs\run_remaining_222_gpt-5.6-luna_20260723_010000\output\facts_9eec19823641.ttl;1;Fault detection;Maintainable item;Electrical Community of Benin transmission network;Unknown synchronization;Not reported;Not reported;case-study type dropped: Maintainable item | default online/offline dropped: Unknown synchronization | input-for-model dropped: Not reported | input type dropped: Not reported;Fault detection;;Electrical Community of Benin transmission network;;;;5;15
1241;extraction_papers\ontocast_runs\run_remaining_222_gpt-5.6-luna_20260723_010000\output\facts_a0bdfe6195b5.ttl;1;Health assessment;Maintainable item;bearing;Unknown synchronization;Not reported;bearing degradation stage, load, temperature, time-domain features, vibration features;case-study type dropped: Maintainable item | default online/offline dropped: Unknown synchronization | input-for-model dropped: Not reported;Health assessment;;bearing;;;bearing degradation stage, load, temperature, time-domain features, vibration features;5;15
1242;extraction_papers\ontocast_runs\run_remaining_222_gpt-5.6-luna_20260723_010000\output\facts_a20b71e0f3db.ttl;2;Fault identification;Maintainable item;wind turbine;Unknown synchronization;Not reported;Environmental factors, operational state, output power, Wake turbulence, Wind speed, Wind turbine location;case-study type dropped: Maintainable item | default online/offline dropped: Unknown synchronization | input-for-model dropped: Not reported;Fault identification;;wind turbine;;;Environmental factors, operational state, output power, Wake turbulence, Wind speed, Wind turbine location;5;15
1243;extraction_papers\ontocast_runs\run_remaining_222_gpt-5.6-luna_20260723_010000\output\facts_a38ce9f66f1f.ttl;3;Fault detection;Maintainable item;Electrical systems;Unknown synchronization;Not reported;Added mass at infinite frequency, Buoy motion in heave, Impulse response function of the buoy, Mass of the buoy, Component failure histories, Environmental parameters, Gravity acceleration, Horizontal position, Hydrostatic stiffness, Operational data, Total damping, Water density, Wave surface elevation, Wavelength;case-study type dropped: Maintainable item | default online/offline dropped: Unknown synchronization | input-for-model dropped: Not reported;Fault detection;;Electrical systems;;;Added mass at infinite frequency, Buoy motion in heave, Impulse response function of the buoy, Mass of the buoy, Component failure histories, Environmental parameters, Gravity acceleration, Horizontal position, Hydrostatic stiffness, Operational data, Total damping, Water density, Wave surface elevation, Wavelength;5;15
1244;extraction_papers\ontocast_runs\run_remaining_222_gpt-5.6-luna_20260723_010000\output\facts_a39ad881a214.ttl;1;Fault detection;Maintainable item;Bearing;Unknown synchronization;Not reported;FactsspectralImageVariable, Bearing vibration data, bearing vibration signal;case-study type dropped: Maintainable item | default online/offline dropped: Unknown synchronization | input-for-model dropped: Not reported;Fault detection;;Bearing;;;FactsspectralImageVariable, Bearing vibration data, bearing vibration signal;5;15
1245;extraction_papers\ontocast_runs\run_remaining_222_gpt-5.6-luna_20260723_010000\output\facts_a3b399d2a36a.ttl;1;Fault identification;Maintainable item;ball bearing;Unknown synchronization;Not reported;eccentricity, electromagnetic forces, motor current;case-study type dropped: Maintainable item | default online/offline dropped: Unknown synchronization | input-for-model dropped: Not reported;Fault identification;;ball bearing;;;eccentricity, electromagnetic forces, motor current;5;15
1246;extraction_papers\ontocast_runs\run_remaining_222_gpt-5.6-luna_20260723_010000\output\facts_a4e5fabfddd7.ttl;1;One step future state forecast;Maintainable item;Not reported;Unknown synchronization;Not reported;Step sizes, FactsfilterLength;case-study type dropped: Maintainable item | case study dropped: Not reported | default online/offline dropped: Unknown synchronization | input-for-model dropped: Not reported;One step future state forecast;;;;;Step sizes, FactsfilterLength;5;15
1247;extraction_papers\ontocast_runs\run_remaining_222_gpt-5.6-luna_20260723_010000\output\facts_aa6451a77549.ttl;2;Fault identification;Maintainable item;FactsgearSystem;Unknown synchronization;Not reported;crack depth, crack orientation, crack propagation along the tooth width, time-varying mesh stiffness, vibration signal, global vibrational response;case-study type dropped: Maintainable item | case study dropped: FactsgearSystem | default online/offline dropped: Unknown synchronization | input-for-model dropped: Not reported;Fault identification;;;;;crack depth, crack orientation, crack propagation along the tooth width, time-varying mesh stiffness, vibration signal, global vibrational response;5;15
1248;extraction_papers\ontocast_runs\run_remaining_222_gpt-5.6-luna_20260723_010000\output\facts_aae9846c0cba.ttl;1;Fault detection;Maintainable item;blower;Unknown synchronization;Not reported;multivariate data, current sensor, unlabeled fault data;case-study type dropped: Maintainable item | default online/offline dropped: Unknown synchronization | input-for-model dropped: Not reported;Fault detection;;blower;;;multivariate data, current sensor, unlabeled fault data;5;15
1249;extraction_papers\ontocast_runs\run_remaining_222_gpt-5.6-luna_20260723_010000\output\facts_aeb242bbc64f.ttl;2;One step future state forecast;Maintainable item;brakes;Unknown synchronization;Not reported;road shock;case-study type dropped: Maintainable item | default online/offline dropped: Unknown synchronization | input-for-model dropped: Not reported;One step future state forecast;;brakes;;;road shock;5;15
1250;extraction_papers\ontocast_runs\run_remaining_222_gpt-5.6-luna_20260723_010000\output\facts_af87d3fd9098.ttl;1;Fault detection;Maintainable item;active component;Unknown synchronization;Not reported;PWM current signal;case-study type dropped: Maintainable item | default online/offline dropped: Unknown synchronization | input-for-model dropped: Not reported;Fault detection;;active component;;;PWM current signal;5;15
1251;extraction_papers\ontocast_runs\run_remaining_222_gpt-5.6-luna_20260723_010000\output\facts_af8bb19647a5.ttl;1;Fault detection;Maintainable item;boiler;Unknown synchronization;Not reported;moisture content in the air, quality of the air, airflow monitoring, displacement spectrum, dust and particulate matter, factory emissions, types of faults in FD fans, noise, pressure monitoring, rotational speed, temperature monitoring, temperature variation, time domain, wideband velocity RMS, velocity spectrum, vibration;case-study type dropped: Maintainable item | default online/offline dropped: Unknown synchronization | input-for-model dropped: Not reported;Fault detection;;boiler;;;moisture content in the air, quality of the air, airflow monitoring, displacement spectrum, dust and particulate matter, factory emissions, types of faults in FD fans, noise, pressure monitoring, rotational speed, temperature monitoring, temperature variation, time domain, wideband velocity RMS, velocity spectrum, vibration;5;15
1252;extraction_papers\ontocast_runs\run_remaining_222_gpt-5.6-luna_20260723_010000\output\facts_b14e095665e0.ttl;2;Health assessment;Maintainable item;Marine diesel engine lubrication system;Unknown synchronization;Not reported;current, Lubrication system monitoring data, RSVD oversampling parameter, power, voltage;case-study type dropped: Maintainable item | default online/offline dropped: Unknown synchronization | input-for-model dropped: Not reported;Health assessment;;Marine diesel engine lubrication system;;;current, Lubrication system monitoring data, RSVD oversampling parameter, power, voltage;5;15
1253;extraction_papers\ontocast_runs\run_remaining_222_gpt-5.6-luna_20260723_010000\output\facts_b5683b42e377.ttl;1;Fault detection;Maintainable item;gearbox;Unknown synchronization;Not reported;FactsbarometerData, blade damage severity, noise, vibration;case-study type dropped: Maintainable item | default online/offline dropped: Unknown synchronization | input-for-model dropped: Not reported;Fault detection;;gearbox;;;FactsbarometerData, blade damage severity, noise, vibration;5;15
1254;extraction_papers\ontocast_runs\run_remaining_222_gpt-5.6-luna_20260723_010000\output\facts_b663b16ff991.ttl;1;Remaining useful life estimation;Maintainable item;PV module;Unknown synchronization;Not reported;FactsdelayedFaultDetectionPenaltyCost, FactshistoricalDegradationData, FactsinspectionCost;case-study type dropped: Maintainable item | default online/offline dropped: Unknown synchronization | input-for-model dropped: Not reported;Remaining useful life estimation;;PV module;;;FactsdelayedFaultDetectionPenaltyCost, FactshistoricalDegradationData, FactsinspectionCost;5;15
1255;extraction_papers\ontocast_runs\run_remaining_222_gpt-5.6-luna_20260723_010000\output\facts_b7faba28aafe.ttl;2;Fault identification;Maintainable item;Cable;Unknown synchronization;Not reported;cable length, cable locations, data censoring, data truncation, environmental conditions, feature correlations, geospatial data, intrinsic asset features, network expansions, operational conditions, partial discharge data, failure consequences;case-study type dropped: Maintainable item | default online/offline dropped: Unknown synchronization | input-for-model dropped: Not reported;Fault identification;;Cable;;;cable length, cable locations, data censoring, data truncation, environmental conditions, feature correlations, geospatial data, intrinsic asset features, network expansions, operational conditions, partial discharge data, failure consequences;5;15
1256;extraction_papers\ontocast_runs\run_remaining_222_gpt-5.6-luna_20260723_010000\output\facts_ba8d3cc61f95.ttl;1;Fault detection;Maintainable item;Gear;Unknown synchronization;Not reported;Analysed parameter, vibration signal, Vibration signal;case-study type dropped: Maintainable item | default online/offline dropped: Unknown synchronization | input-for-model dropped: Not reported;Fault detection;;Gear;;;Analysed parameter, vibration signal, Vibration signal;5;15
1257;extraction_papers\ontocast_runs\run_remaining_222_gpt-5.6-luna_20260723_010000\output\facts_bcda1f1d73d1.ttl;1;Fault feature extraction;Maintainable item;dampers;Unknown synchronization;Not reported;historical fault labels, HVAC data;case-study type dropped: Maintainable item | default online/offline dropped: Unknown synchronization | input-for-model dropped: Not reported;Fault feature extraction;;dampers;;;historical fault labels, HVAC data;5;15
1258;extraction_papers\ontocast_runs\run_remaining_222_gpt-5.6-luna_20260723_010000\output\facts_bd459baa2840.ttl;1;Fault detection;Maintainable item;oil-immersed transformer;Unknown synchronization;Not reported;FactsgasConcentrationInOil, gas concentration, Hydrogen concentration, temperature, Time-trend factor, Vibration acceleration, vibration;case-study type dropped: Maintainable item | default online/offline dropped: Unknown synchronization | input-for-model dropped: Not reported;Fault detection;;oil-immersed transformer;;;FactsgasConcentrationInOil, gas concentration, Hydrogen concentration, temperature, Time-trend factor, Vibration acceleration, vibration;5;15
1259;extraction_papers\ontocast_runs\run_remaining_222_gpt-5.6-luna_20260723_010000\output\facts_bd8741b801f5.ttl;1;Fault identification;Maintainable item;aircraft engine gas path system;Unknown synchronization;Not reported;feature selection;case-study type dropped: Maintainable item | default online/offline dropped: Unknown synchronization | input-for-model dropped: Not reported;Fault identification;;aircraft engine gas path system;;;feature selection;5;15
1260;extraction_papers\ontocast_runs\run_remaining_222_gpt-5.6-luna_20260723_010000\output\facts_c1421978e585.ttl;2;Fault detection;Maintainable item;SQ WTS;Unknown synchronization;Not reported;crack size, input variations, average of negative peaks, power output, rotational speed, vibration, wind speed;case-study type dropped: Maintainable item | default online/offline dropped: Unknown synchronization | input-for-model dropped: Not reported;Fault detection;;SQ WTS;;;crack size, input variations, average of negative peaks, power output, rotational speed, vibration, wind speed;5;15
1261;extraction_papers\ontocast_runs\run_remaining_222_gpt-5.6-luna_20260723_010000\output\facts_c1512a321cec.ttl;1;Health assessment;Maintainable item;bond wires;Unknown synchronization;Not reported;acceleration, robot application load type, instantaneous torque, Junction temperature profile, lifetime consumption, motor current consumption, Motor current profile, Operation time t0, operational speed, power consumption, process quality, robot operation profile, thermal loading, tool weight;case-study type dropped: Maintainable item | default online/offline dropped: Unknown synchronization | input-for-model dropped: Not reported;Health assessment;;bond wires;;;acceleration, robot application load type, instantaneous torque, Junction temperature profile, lifetime consumption, motor current consumption, Motor current profile, Operation time t0, operational speed, power consumption, process quality, robot operation profile, thermal loading, tool weight;5;15
1262;extraction_papers\ontocast_runs\run_remaining_222_gpt-5.6-luna_20260723_010000\output\facts_c5eb67177d8f.ttl;2;Remaining useful life estimation;Maintainable item;machine;Unknown synchronization;Not reported;Degradation process data, health index, Machine state, Shaft unbalance, Health indicator data;case-study type dropped: Maintainable item | default online/offline dropped: Unknown synchronization | input-for-model dropped: Not reported;Remaining useful life estimation;;machine;;;Degradation process data, health index, Machine state, Shaft unbalance, Health indicator data;5;15
1263;extraction_papers\ontocast_runs\run_remaining_222_gpt-5.6-luna_20260723_010000\output\facts_c746f6b5ac4b.ttl;2;Health assessment;Maintainable item;aircraft;Unknown synchronization;Not reported;sound signal, time-domain signal;case-study type dropped: Maintainable item | default online/offline dropped: Unknown synchronization | input-for-model dropped: Not reported;Health assessment;;aircraft;;;sound signal, time-domain signal;5;15
1264;extraction_papers\ontocast_runs\run_remaining_222_gpt-5.6-luna_20260723_010000\output\facts_c8483b99906a.ttl;1;Fault detection;Maintainable item;Beijing power plants;Unknown synchronization;Not reported;IoT sensor data, SCADA data;case-study type dropped: Maintainable item | default online/offline dropped: Unknown synchronization | input-for-model dropped: Not reported;Fault detection;;Beijing power plants;;;IoT sensor data, SCADA data;5;15
1265;extraction_papers\ontocast_runs\run_remaining_222_gpt-5.6-luna_20260723_010000\output\facts_cc6e8f194411.ttl;1;Fault detection;Maintainable item;bearing;Unknown synchronization;Not reported;fault logs;case-study type dropped: Maintainable item | default online/offline dropped: Unknown synchronization | input-for-model dropped: Not reported;Fault detection;;bearing;;;fault logs;5;15
1266;extraction_papers\ontocast_runs\run_remaining_222_gpt-5.6-luna_20260723_010000\output\facts_cd64449792ac.ttl;1;Health assessment;Maintainable item;railway equipment item;Unknown synchronization;Not reported;FactsanalogSensorSignals, FactsgpsInformation;case-study type dropped: Maintainable item | default online/offline dropped: Unknown synchronization | input-for-model dropped: Not reported;Health assessment;;railway equipment item;;;FactsanalogSensorSignals, FactsgpsInformation;5;15
1267;extraction_papers\ontocast_runs\run_remaining_222_gpt-5.6-luna_20260723_010000\output\facts_ce64d01e6e6f.ttl;2;One step future state forecast;Maintainable item;T91 alloy;Unknown synchronization;Phase Characterization;Not reported;case-study type dropped: Maintainable item | default online/offline dropped: Unknown synchronization | input-for-model dropped: Phase Characterization | input type dropped: Not reported;One step future state forecast;;T91 alloy;;;;5;15
1268;extraction_papers\ontocast_runs\run_remaining_222_gpt-5.6-luna_20260723_010000\output\facts_ce74b9389643.ttl;1;Fault detection;Maintainable item;Power grid;Unknown synchronization;Not reported;Batch size, FactsdissolvedGasData, oil spectrum dataset, organic gases in oil spectrum data, FactsphasorMeasurementData, power grid equipment status, three-phase information;case-study type dropped: Maintainable item | default online/offline dropped: Unknown synchronization | input-for-model dropped: Not reported;Fault detection;;Power grid;;;Batch size, FactsdissolvedGasData, oil spectrum dataset, organic gases in oil spectrum data, FactsphasorMeasurementData, power grid equipment status, three-phase information;5;15
1269;extraction_papers\ontocast_runs\run_remaining_222_gpt-5.6-luna_20260723_010000\output\facts_cee29a015fdd.ttl;2;Remaining useful life estimation;Maintainable item;aeroengine;Unknown synchronization;Not reported;FactsmaintenanceData, RUL values;case-study type dropped: Maintainable item | default online/offline dropped: Unknown synchronization | input-for-model dropped: Not reported;Remaining useful life estimation;;aeroengine;;;FactsmaintenanceData, RUL values;5;15
1270;extraction_papers\ontocast_runs\run_remaining_222_gpt-5.6-luna_20260723_010000\output\facts_d080f31ebe42.ttl;1;Fault detection;Maintainable item;glass surface imitating a solar panel;Unknown synchronization;Not reported;real-time photos of surface cleanliness;case-study type dropped: Maintainable item | default online/offline dropped: Unknown synchronization | input-for-model dropped: Not reported;Fault detection;;glass surface imitating a solar panel;;;real-time photos of surface cleanliness;5;15
1271;extraction_papers\ontocast_runs\run_remaining_222_gpt-5.6-luna_20260723_010000\output\facts_d14f190f8d84.ttl;1;Fault identification;Maintainable item;main gearbox;Unknown synchronization;Not reported;frequency, long sequence data, lubricating oil, vibration analysis;case-study type dropped: Maintainable item | default online/offline dropped: Unknown synchronization | input-for-model dropped: Not reported;Fault identification;;main gearbox;;;frequency, long sequence data, lubricating oil, vibration analysis;5;15
1272;extraction_papers\ontocast_runs\run_remaining_222_gpt-5.6-luna_20260723_010000\output\facts_d1ed423c8259.ttl;2;Fault detection;Maintainable item;elevator;Unknown synchronization;Not reported;acceleration data, vibration data;case-study type dropped: Maintainable item | default online/offline dropped: Unknown synchronization | input-for-model dropped: Not reported;Fault detection;;elevator;;;acceleration data, vibration data;5;15
1273;extraction_papers\ontocast_runs\run_remaining_222_gpt-5.6-luna_20260723_010000\output\facts_d30fb2476919.ttl;1;Health assessment;Maintainable item;public transport vehicle;Unknown synchronization;Not reported;geography, maintenance history, mileage, passenger load, passenger traffic, road quality, weather;case-study type dropped: Maintainable item | default online/offline dropped: Unknown synchronization | input-for-model dropped: Not reported;Health assessment;;public transport vehicle;;;geography, maintenance history, mileage, passenger load, passenger traffic, road quality, weather;5;15
1274;extraction_papers\ontocast_runs\run_remaining_222_gpt-5.6-luna_20260723_010000\output\facts_d3e0fb39267d.ttl;3;One step future state forecast;Maintainable item;medical devices in the case-study dataset;Unknown synchronization;Not reported;Not reported;case-study type dropped: Maintainable item | default online/offline dropped: Unknown synchronization | input-for-model dropped: Not reported | input type dropped: Not reported;One step future state forecast;;medical devices in the case-study dataset;;;;5;15
1275;extraction_papers\ontocast_runs\run_remaining_222_gpt-5.6-luna_20260723_010000\output\facts_d5b6bf685d18.ttl;1;Fault detection;Maintainable item;electric motor;Unknown synchronization;Not reported;acoustic data from mobile phone recordings, acoustic signal, rotational speed, Mobile phone audio recording, Average velocity, vibration data;case-study type dropped: Maintainable item | default online/offline dropped: Unknown synchronization | input-for-model dropped: Not reported;Fault detection;;electric motor;;;acoustic data from mobile phone recordings, acoustic signal, rotational speed, Mobile phone audio recording, Average velocity, vibration data;5;15
1276;extraction_papers\ontocast_runs\run_remaining_222_gpt-5.6-luna_20260723_010000\output\facts_d640a2871d8b.ttl;2;Fault identification;Maintainable item;hydraulic motor;Unknown synchronization;Not reported;dissolved gas analysis, fault feature vector, moisture content, temperature rise, vibration signals;case-study type dropped: Maintainable item | default online/offline dropped: Unknown synchronization | input-for-model dropped: Not reported;Fault identification;;hydraulic motor;;;dissolved gas analysis, fault feature vector, moisture content, temperature rise, vibration signals;5;15
1277;extraction_papers\ontocast_runs\run_remaining_222_gpt-5.6-luna_20260723_010000\output\facts_d950a4f6fe1d.ttl;1;Remaining useful life estimation;Maintainable item;battery;Unknown synchronization;Not reported;capacity, cycle count, IR, battery degradation trajectory, event indicator, event time, health indicator, internal resistance, right-censoring indicator, State of Charge (SOC), temperature, FactsvoltageProfile_1, voltage;case-study type dropped: Maintainable item | default online/offline dropped: Unknown synchronization | input-for-model dropped: Not reported;Remaining useful life estimation;;battery;;;capacity, cycle count, IR, battery degradation trajectory, event indicator, event time, health indicator, internal resistance, right-censoring indicator, State of Charge (SOC), temperature, FactsvoltageProfile_1, voltage;5;15
1278;extraction_papers\ontocast_runs\run_remaining_222_gpt-5.6-luna_20260723_010000\output\facts_db4663aa5cea.ttl;1;One step future state forecast;Maintainable item;electromagnetic relay;Unknown synchronization;Not reported;contact resistance, over-travel displacement, static features, resistance trajectories;case-study type dropped: Maintainable item | default online/offline dropped: Unknown synchronization | input-for-model dropped: Not reported;One step future state forecast;;electromagnetic relay;;;contact resistance, over-travel displacement, static features, resistance trajectories;5;15
1279;extraction_papers\ontocast_runs\run_remaining_222_gpt-5.6-luna_20260723_010000\output\facts_dbb9b16d8ee9.ttl;1;Fault detection;Maintainable item;Oil and gas pipeline network;Unknown synchronization;Not reported;dependent variable, Life-cycle cost analysis, Sensor information;case-study type dropped: Maintainable item | default online/offline dropped: Unknown synchronization | input-for-model dropped: Not reported;Fault detection;;Oil and gas pipeline network;;;dependent variable, Life-cycle cost analysis, Sensor information;5;15
1280;extraction_papers\ontocast_runs\run_remaining_222_gpt-5.6-luna_20260723_010000\output\facts_dcbe61b927e6.ttl;1;Fault detection;Maintainable item;battery;Unknown synchronization;electrochemical impedance spectroscopy operation;AC current perturbation, high-frequency impedance, high-frequency resistance, obtained impedance data, membrane humidification, potential response, real part of complex impedance, power conditioning converter switching ripple, variable-frequency AC perturbation;case-study type dropped: Maintainable item | default online/offline dropped: Unknown synchronization | input-for-model dropped: electrochemical impedance spectroscopy operation;Fault detection;;battery;;;AC current perturbation, high-frequency impedance, high-frequency resistance, obtained impedance data, membrane humidification, potential response, real part of complex impedance, power conditioning converter switching ripple, variable-frequency AC perturbation;5;15
1281;extraction_papers\ontocast_runs\run_remaining_222_gpt-5.6-luna_20260723_010000\output\facts_de1cb3329ec1.ttl;1;Fault detection;Maintainable item;Weld quality;Unknown synchronization;Not reported;statistical features, Vibrational data;case-study type dropped: Maintainable item | default online/offline dropped: Unknown synchronization | input-for-model dropped: Not reported;Fault detection;;Weld quality;;;statistical features, Vibrational data;5;15
1282;extraction_papers\ontocast_runs\run_remaining_222_gpt-5.6-luna_20260723_010000\output\facts_de716dc27fa7.ttl;2;Fault identification;Maintainable item;rotary machine;Unknown synchronization;Not reported;AM;case-study type dropped: Maintainable item | default online/offline dropped: Unknown synchronization | input-for-model dropped: Not reported;Fault identification;;rotary machine;;;AM;5;15
1283;extraction_papers\ontocast_runs\run_remaining_222_gpt-5.6-luna_20260723_010000\output\facts_e037695a99e1.ttl;1;Fault detection;Maintainable item;12 kV distribution line (L);Unknown synchronization;Not reported;FactsdistributionLineLoad, FactshistoricalTelemetryData;case-study type dropped: Maintainable item | default online/offline dropped: Unknown synchronization | input-for-model dropped: Not reported;Fault detection;;12 kV distribution line (L);;;FactsdistributionLineLoad, FactshistoricalTelemetryData;5;15
1284;extraction_papers\ontocast_runs\run_remaining_222_gpt-5.6-luna_20260723_010000\output\facts_e0743ee6959c.ttl;2;Remaining useful life estimation;Maintainable item;train wheel;Unknown synchronization;Not reported;basic operational data, measurement data;case-study type dropped: Maintainable item | default online/offline dropped: Unknown synchronization | input-for-model dropped: Not reported;Remaining useful life estimation;;train wheel;;;basic operational data, measurement data;5;15
1285;extraction_papers\ontocast_runs\run_remaining_222_gpt-5.6-luna_20260723_010000\output\facts_e48593a3eb5c.ttl;1;Fault detection;Maintainable item;ball bearing;Unknown synchronization;Not reported;FactsdefectWidth;case-study type dropped: Maintainable item | default online/offline dropped: Unknown synchronization | input-for-model dropped: Not reported | input type dropped: FactsdefectWidth;Fault detection;;ball bearing;;;;5;15
1286;extraction_papers\ontocast_runs\run_remaining_222_gpt-5.6-luna_20260723_010000\output\facts_e58918e79d02.ttl;1;Fault detection;Maintainable item;tool;Unknown synchronization;Not reported;cutting force, cutting temperature;case-study type dropped: Maintainable item | default online/offline dropped: Unknown synchronization | input-for-model dropped: Not reported;Fault detection;;tool;;;cutting force, cutting temperature;5;15
1287;extraction_papers\ontocast_runs\run_remaining_222_gpt-5.6-luna_20260723_010000\output\facts_e72f4c699cc9.ttl;1;Fault detection;Maintainable item;high-voltage IGBT serial switch;Unknown synchronization;Not reported;Ton/Toff drift, UCES(on), FactscircuitNodeSet, correction statistics, FactsswitchingTimeDelay, thermal trends;case-study type dropped: Maintainable item | default online/offline dropped: Unknown synchronization | input-for-model dropped: Not reported;Fault detection;;high-voltage IGBT serial switch;;;Ton/Toff drift, UCES(on), FactscircuitNodeSet, correction statistics, FactsswitchingTimeDelay, thermal trends;5;15
1288;extraction_papers\ontocast_runs\run_remaining_222_gpt-5.6-luna_20260723_010000\output\facts_e8f9b6381397.ttl;1;Fault feature extraction;Maintainable item;bearing;Unknown synchronization;Not reported;acceleration signal, acoustic emission signal, Max, vibration signal, Peak to peak, raw signal, RMS, SNR;case-study type dropped: Maintainable item | default online/offline dropped: Unknown synchronization | input-for-model dropped: Not reported;Fault feature extraction;;bearing;;;acceleration signal, acoustic emission signal, Max, vibration signal, Peak to peak, raw signal, RMS, SNR;5;15
1289;extraction_papers\ontocast_runs\run_remaining_222_gpt-5.6-luna_20260723_010000\output\facts_e9c8c3223f44.ttl;2;Health assessment;Maintainable item;turbocharger;Unknown synchronization;Not reported;vibration signals, Turbocharger mileage, Turbocharger vibration signal, vibration analysis;case-study type dropped: Maintainable item | default online/offline dropped: Unknown synchronization | input-for-model dropped: Not reported;Health assessment;;turbocharger;;;vibration signals, Turbocharger mileage, Turbocharger vibration signal, vibration analysis;5;15
1290;extraction_papers\ontocast_runs\run_remaining_222_gpt-5.6-luna_20260723_010000\output\facts_e9d5f1b2e212.ttl;1;Remaining useful life estimation;Maintainable item;F-16 aircraft;Unknown synchronization;Not reported;engine data, engine sensor measurements, environmental data, pressures, turbine temperatures, vibration parameters;case-study type dropped: Maintainable item | default online/offline dropped: Unknown synchronization | input-for-model dropped: Not reported;Remaining useful life estimation;;F-16 aircraft;;;engine data, engine sensor measurements, environmental data, pressures, turbine temperatures, vibration parameters;5;15
1291;extraction_papers\ontocast_runs\run_remaining_222_gpt-5.6-luna_20260723_010000\output\facts_ea8987a8d571.ttl;2;Fault detection;Maintainable item;FactsbatteryCell;Unknown synchronization;Not reported;Current, Humidity;case-study type dropped: Maintainable item | case study dropped: FactsbatteryCell | default online/offline dropped: Unknown synchronization | input-for-model dropped: Not reported;Fault detection;;;;;Current, Humidity;5;15
1292;extraction_papers\ontocast_runs\run_remaining_222_gpt-5.6-luna_20260723_010000\output\facts_ea9c09b2de43.ttl;1;Health assessment;Maintainable item;electric machines;Unknown synchronization;Not reported;a, ax, max, density, ZM;case-study type dropped: Maintainable item | default online/offline dropped: Unknown synchronization | input-for-model dropped: Not reported;Health assessment;;electric machines;;;a, ax, max, density, ZM;5;15
1293;extraction_papers\ontocast_runs\run_remaining_222_gpt-5.6-luna_20260723_010000\output\facts_eaacd0db92a8.ttl;1;Remaining useful life estimation;Maintainable item;Base Transceiver Station;Unknown synchronization;Not reported;FactsacCurrent, FactsestimatedBatteryCapacity, installed battery capacity, load current;case-study type dropped: Maintainable item | default online/offline dropped: Unknown synchronization | input-for-model dropped: Not reported;Remaining useful life estimation;;Base Transceiver Station;;;FactsacCurrent, FactsestimatedBatteryCapacity, installed battery capacity, load current;5;15
1294;extraction_papers\ontocast_runs\run_remaining_222_gpt-5.6-luna_20260723_010000\output\facts_eea52ea5e5f8.ttl;1;Fault detection;Maintainable item;fuel pumps;Unknown synchronization;Not reported;Not reported;case-study type dropped: Maintainable item | default online/offline dropped: Unknown synchronization | input-for-model dropped: Not reported | input type dropped: Not reported;Fault detection;;fuel pumps;;;;5;15
1295;extraction_papers\ontocast_runs\run_remaining_222_gpt-5.6-luna_20260723_010000\output\facts_f0482c0aba6b.ttl;1;Fault feature extraction;Maintainable item;cutting tool;Unknown synchronization;Not reported;audible sound signal, cutting force signal, cutting harmonic frequency, RMS voltage, signal feature, time-domain signal, torque signal;case-study type dropped: Maintainable item | default online/offline dropped: Unknown synchronization | input-for-model dropped: Not reported;Fault feature extraction;;cutting tool;;;audible sound signal, cutting force signal, cutting harmonic frequency, RMS voltage, signal feature, time-domain signal, torque signal;5;15
1296;extraction_papers\ontocast_runs\run_remaining_222_gpt-5.6-luna_20260723_010000\output\facts_f04bcb2fbf2a.ttl;1;Fault detection;Maintainable item;GTS;Unknown synchronization;Not reported;crack length, Mâ, Mâ, dynamic mesh force, EM, FactslineOfActionMotion, load sharing, Iâ, Iâ, participating meshing teeth number, speed fluctuations, transmission error, vibration data;case-study type dropped: Maintainable item | default online/offline dropped: Unknown synchronization | input-for-model dropped: Not reported;Fault detection;;GTS;;;crack length, Mâ, Mâ, dynamic mesh force, EM, FactslineOfActionMotion, load sharing, Iâ, Iâ, participating meshing teeth number, speed fluctuations, transmission error, vibration data;5;15
1297;extraction_papers\ontocast_runs\run_remaining_222_gpt-5.6-luna_20260723_010000\output\facts_f30058b0f53d.ttl;1;Fault detection;Maintainable item;radial flux C-GEN generator;Unknown synchronization;Not reported;Torque FEA;case-study type dropped: Maintainable item | default online/offline dropped: Unknown synchronization | input-for-model dropped: Not reported;Fault detection;;radial flux C-GEN generator;;;Torque FEA;5;15
1298;extraction_papers\ontocast_runs\run_remaining_222_gpt-5.6-luna_20260723_010000\output\facts_f3fb4db14771.ttl;1;Fault identification;Maintainable item;Capacitor;Unknown synchronization;method [15];ESC, arm current, capacitance, circulating current, Equivalent series capacitance (ESC), Nominal resistance ESR0, fundamental frequency component, Number of inserted SMs, four key phase values, known circuit parameters, recorded charging waveforms, switching cycle;case-study type dropped: Maintainable item | default online/offline dropped: Unknown synchronization | input-for-model dropped: method [15];Fault identification;;Capacitor;;;ESC, arm current, capacitance, circulating current, Equivalent series capacitance (ESC), Nominal resistance ESR0, fundamental frequency component, Number of inserted SMs, four key phase values, known circuit parameters, recorded charging waveforms, switching cycle;5;15
1299;extraction_papers\ontocast_runs\run_remaining_222_gpt-5.6-luna_20260723_010000\output\facts_f446d26fb265.ttl;2;Fault feature extraction;Maintainable item;gear;Unknown synchronization;Not reported;bearing fault signature, load, noise source, resonance frequency, vibration signal;case-study type dropped: Maintainable item | default online/offline dropped: Unknown synchronization | input-for-model dropped: Not reported;Fault feature extraction;;gear;;;bearing fault signature, load, noise source, resonance frequency, vibration signal;5;15
1300;extraction_papers\ontocast_runs\run_remaining_222_gpt-5.6-luna_20260723_010000\output\facts_f47132de814d.ttl;2;Fault detection;Maintainable item;equipment;Unknown synchronization;Not reported;equipment states;case-study type dropped: Maintainable item | default online/offline dropped: Unknown synchronization | input-for-model dropped: Not reported;Fault detection;;equipment;;;equipment states;5;15
1301;extraction_papers\ontocast_runs\run_remaining_222_gpt-5.6-luna_20260723_010000\output\facts_f4da830ae406.ttl;1;Health modelling;Maintainable item;ball bearings;Unknown synchronization;Not reported;wind speed, error metrics, measured exhaust gas temperature, instantaneous angular speed, measurement errors, operating conditions;case-study type dropped: Maintainable item | default online/offline dropped: Unknown synchronization | input-for-model dropped: Not reported;Health modelling;;ball bearings;;;wind speed, error metrics, measured exhaust gas temperature, instantaneous angular speed, measurement errors, operating conditions;5;15
1302;extraction_papers\ontocast_runs\run_remaining_222_gpt-5.6-luna_20260723_010000\output\facts_f5578a4ce5d7.ttl;1;Health assessment;Maintainable item;Permanent magnet synchronous motor;Unknown synchronization;Not reported;Air-gap magnetic flux density, Flux linkage, Permanent magnet flux linkage, RLS forgetting factor, DEKF input vector, Magnetic flux leakage signal, Electrical angular velocity, Permanent magnet temperature, d-axis inductance, q-axis stator current, d-axis stator voltage, System process noise, Thermal coefficient of permanent magnet flux linkage;case-study type dropped: Maintainable item | default online/offline dropped: Unknown synchronization | input-for-model dropped: Not reported;Health assessment;;Permanent magnet synchronous motor;;;Air-gap magnetic flux density, Flux linkage, Permanent magnet flux linkage, RLS forgetting factor, DEKF input vector, Magnetic flux leakage signal, Electrical angular velocity, Permanent magnet temperature, d-axis inductance, q-axis stator current, d-axis stator voltage, System process noise, Thermal coefficient of permanent magnet flux linkage;5;15
1303;extraction_papers\ontocast_runs\run_remaining_222_gpt-5.6-luna_20260723_010000\output\facts_f63a5b74e9e3.ttl;2;Remaining useful life estimation;Maintainable item;Crack;Unknown synchronization;Not reported;Imaging results of cracked pipes, Damage index, Independent nonlinear response, Spectrum maps derived from wave-mixing signals, High harmonics;case-study type dropped: Maintainable item | default online/offline dropped: Unknown synchronization | input-for-model dropped: Not reported;Remaining useful life estimation;;Crack;;;Imaging results of cracked pipes, Damage index, Independent nonlinear response, Spectrum maps derived from wave-mixing signals, High harmonics;5;15
1304;extraction_papers\ontocast_runs\run_remaining_222_gpt-5.6-luna_20260723_010000\output\facts_f78baf4da1fb.ttl;1;Fault detection;Maintainable item;centrifugal pump;Unknown synchronization;Not reported;characteristic frequency component, harmonics in motor current signals, current spectrum, supply voltage, actual signatures, motor current signal, stator current, residuals, rotational speed;case-study type dropped: Maintainable item | default online/offline dropped: Unknown synchronization | input-for-model dropped: Not reported;Fault detection;;centrifugal pump;;;characteristic frequency component, harmonics in motor current signals, current spectrum, supply voltage, actual signatures, motor current signal, stator current, residuals, rotational speed;5;15
1305;extraction_papers\ontocast_runs\run_remaining_222_gpt-5.6-luna_20260723_010000\output\facts_fa07e1bcf7c7.ttl;2;Remaining useful life estimation;Maintainable item;boiler tube;Unknown synchronization;Not reported;strain;case-study type dropped: Maintainable item | default online/offline dropped: Unknown synchronization | input-for-model dropped: Not reported;Remaining useful life estimation;;boiler tube;;;strain;5;15
1306;extraction_papers\ontocast_runs\run_remaining_222_gpt-5.6-luna_20260723_010000\output\facts_fa16148c05bc.ttl;1;One step future state forecast;Maintainable item;HP printer;Unknown synchronization;Not reported;equipment performance, frequency of media changes, choice of media, printer operating conditions, number of error messages produced by a printer in a week, printing time;case-study type dropped: Maintainable item | default online/offline dropped: Unknown synchronization | input-for-model dropped: Not reported;One step future state forecast;;HP printer;;;equipment performance, frequency of media changes, choice of media, printer operating conditions, number of error messages produced by a printer in a week, printing time;5;15
1307;extraction_papers\ontocast_runs\run_remaining_222_gpt-5.6-luna_20260723_010000\output\facts_fb2d996f709c.ttl;1;Health assessment;Maintainable item;Aircraft turbofan engine;Unknown synchronization;Not reported;CM signals, component state, size of the finite state space I_n, health state, component lifetime X_n;case-study type dropped: Maintainable item | default online/offline dropped: Unknown synchronization | input-for-model dropped: Not reported;Health assessment;;Aircraft turbofan engine;;;CM signals, component state, size of the finite state space I_n, health state, component lifetime X_n;5;15
1308;extraction_papers\ontocast_runs\run_remaining_222_gpt-5.6-luna_20260723_010000\output\facts_fc31dfbeb7ef.ttl;1;Health assessment;Maintainable item;Factsalgal1600tPress;Unknown synchronization;Not reported;Not reported;case-study type dropped: Maintainable item | case study dropped: Factsalgal1600tPress | default online/offline dropped: Unknown synchronization | input-for-model dropped: Not reported | input type dropped: Not reported;Health assessment;;;;;;5;15
1309;extraction_papers\ontocast_runs\run_remaining_500_gpt-5.6-luna_20260723_010000\output\facts_0096a913292f.ttl;1;Fault detection;Maintainable item;elevator;Unknown synchronization;Not reported;health indicators, I_sd-I_sq trajectory, stator current, thermal images;case-study type dropped: Maintainable item | default online/offline dropped: Unknown synchronization | input-for-model dropped: Not reported;Fault detection;;elevator;;;health indicators, I_sd-I_sq trajectory, stator current, thermal images;5;15
1310;extraction_papers\ontocast_runs\run_remaining_500_gpt-5.6-luna_20260723_010000\output\facts_00ab9259d632.ttl;2;Health assessment;Maintainable item;machine;Unknown synchronization;Not reported;Acoustic emission sensor, depth of cut, cutting speed, feed rate, Load cell, machine parameters, features related to machine operating conditions, target variable, vibration sensor;case-study type dropped: Maintainable item | default online/offline dropped: Unknown synchronization | input-for-model dropped: Not reported;Health assessment;;machine;;;Acoustic emission sensor, depth of cut, cutting speed, feed rate, Load cell, machine parameters, features related to machine operating conditions, target variable, vibration sensor;5;15
1311;extraction_papers\ontocast_runs\run_remaining_500_gpt-5.6-luna_20260723_010000\output\facts_01f4534b1ddc.ttl;4;Fault detection;Maintainable item;industrial machinery;Unknown synchronization;Not reported;accelerometer data, infrared pyrometer data;case-study type dropped: Maintainable item | default online/offline dropped: Unknown synchronization | input-for-model dropped: Not reported;Fault detection;;industrial machinery;;;accelerometer data, infrared pyrometer data;5;15
1312;extraction_papers\ontocast_runs\run_remaining_500_gpt-5.6-luna_20260723_010000\output\facts_030f9dbc9a6c.ttl;1;Fault identification;Maintainable item;bearing;Unknown synchronization;Not reported;pressure signal, sensor data, sequential observations, vibration signals;case-study type dropped: Maintainable item | default online/offline dropped: Unknown synchronization | input-for-model dropped: Not reported;Fault identification;;bearing;;;pressure signal, sensor data, sequential observations, vibration signals;5;15
1313;extraction_papers\ontocast_runs\run_remaining_500_gpt-5.6-luna_20260723_010000\output\facts_0446eae59bd2.ttl;1;Fault detection;Maintainable item;Heavy-duty Co-Co locomotive;Unknown synchronization;Not reported;Covariance matrix P(t), Error e, Forgetting factor Î», Initial parameter vector Î¸0, Kalman gain G, Regressor vector X(t), Estimated suspension parameter vector Î¸(t), Primary lateral stiffness, System output Y(t), damper velocity;case-study type dropped: Maintainable item | default online/offline dropped: Unknown synchronization | input-for-model dropped: Not reported;Fault detection;;Heavy-duty Co-Co locomotive;;;Covariance matrix P(t), Error e, Forgetting factor Î», Initial parameter vector Î¸0, Kalman gain G, Regressor vector X(t), Estimated suspension parameter vector Î¸(t), Primary lateral stiffness, System output Y(t), damper velocity;5;15
1314;extraction_papers\ontocast_runs\run_remaining_500_gpt-5.6-luna_20260723_010000\output\facts_04a33d766a3e.ttl;1;Fault detection;Maintainable item;gas turbine;Unknown synchronization;Not reported;pressure, temperature, vibration signal;case-study type dropped: Maintainable item | default online/offline dropped: Unknown synchronization | input-for-model dropped: Not reported;Fault detection;;gas turbine;;;pressure, temperature, vibration signal;5;15
1315;extraction_papers\ontocast_runs\run_remaining_500_gpt-5.6-luna_20260723_010000\output\facts_051b4353fd33.ttl;2;Fault identification;Maintainable item;piezoelectric transducer ring;Unknown synchronization;Not reported;mechanical strain, capacitance of piezoelectric element, electric field, acceleration of vibration input;case-study type dropped: Maintainable item | default online/offline dropped: Unknown synchronization | input-for-model dropped: Not reported;Fault identification;;piezoelectric transducer ring;;;mechanical strain, capacitance of piezoelectric element, electric field, acceleration of vibration input;5;15
1316;extraction_papers\ontocast_runs\run_remaining_500_gpt-5.6-luna_20260723_010000\output\facts_051b9bcaaf19.ttl;3;Remaining useful life estimation;Maintainable item;brake pad;Unknown synchronization;Not reported;FactsaircraftAge, FactsaircraftSpeed, FactsaircraftWeight, FactsambientAirTemperature, FactsbrakePressure, percentage of carbon pad remaining, humidity, FactspastFlightCount, relative humidity;case-study type dropped: Maintainable item | default online/offline dropped: Unknown synchronization | input-for-model dropped: Not reported;Remaining useful life estimation;;brake pad;;;FactsaircraftAge, FactsaircraftSpeed, FactsaircraftWeight, FactsambientAirTemperature, FactsbrakePressure, percentage of carbon pad remaining, humidity, FactspastFlightCount, relative humidity;5;15
1317;extraction_papers\ontocast_runs\run_remaining_500_gpt-5.6-luna_20260723_010000\output\facts_05bf96b62766.ttl;1;Fault detection;Maintainable item;IT&C equipment;Unknown synchronization;Not reported;computer logs, Temperature, physical sensor data;case-study type dropped: Maintainable item | default online/offline dropped: Unknown synchronization | input-for-model dropped: Not reported;Fault detection;;IT&C equipment;;;computer logs, Temperature, physical sensor data;5;15
1318;extraction_papers\ontocast_runs\run_remaining_500_gpt-5.6-luna_20260723_010000\output\facts_060ba91eb20d.ttl;1;Fault detection;Maintainable item;electric motor;Unknown synchronization;Not reported;characteristic frequency, d-axis current, FactselectromagneticResponses, inductance, magnetic flux, motor speed, stator resistance, torque, vibration signals;case-study type dropped: Maintainable item | default online/offline dropped: Unknown synchronization | input-for-model dropped: Not reported;Fault detection;;electric motor;;;characteristic frequency, d-axis current, FactselectromagneticResponses, inductance, magnetic flux, motor speed, stator resistance, torque, vibration signals;5;15
1319;extraction_papers\ontocast_runs\run_remaining_500_gpt-5.6-luna_20260723_010000\output\facts_064b58fba9ee.ttl;2;Fault feature extraction;Maintainable item;bearing;Unknown synchronization;Not reported;ambient temperature, load;case-study type dropped: Maintainable item | default online/offline dropped: Unknown synchronization | input-for-model dropped: Not reported;Fault feature extraction;;bearing;;;ambient temperature, load;5;15
1320;extraction_papers\ontocast_runs\run_remaining_500_gpt-5.6-luna_20260723_010000\output\facts_06b9ca1cf6ae.ttl;2;Fault detection;Maintainable item;IM;Unknown synchronization;Not reported;Not reported;case-study type dropped: Maintainable item | default online/offline dropped: Unknown synchronization | input-for-model dropped: Not reported | input type dropped: Not reported;Fault detection;;IM;;;;5;15
1321;extraction_papers\ontocast_runs\run_remaining_500_gpt-5.6-luna_20260723_010000\output\facts_09ed4e3bae46.ttl;1;Fault detection;Maintainable item;rolling bearing;Unknown synchronization;Not reported;bearing temperature signals, bearing vibration signals, drive motor current, prior degradation information, twin data;case-study type dropped: Maintainable item | default online/offline dropped: Unknown synchronization | input-for-model dropped: Not reported;Fault detection;;rolling bearing;;;bearing temperature signals, bearing vibration signals, drive motor current, prior degradation information, twin data;5;15
1322;extraction_papers\ontocast_runs\run_remaining_500_gpt-5.6-luna_20260723_010000\output\facts_0a47efc026a6.ttl;1;Remaining useful life estimation;Maintainable item;rolling bearing;Unknown synchronization;Not reported;HI, raw vibration data, sequential time-series signals, RUL;case-study type dropped: Maintainable item | default online/offline dropped: Unknown synchronization | input-for-model dropped: Not reported;Remaining useful life estimation;;rolling bearing;;;HI, raw vibration data, sequential time-series signals, RUL;5;15
1323;extraction_papers\ontocast_runs\run_remaining_500_gpt-5.6-luna_20260723_010000\output\facts_0b1b96e4b652.ttl;1;Fault detection;Maintainable item;MOSFET;Unknown synchronization;Not reported;R DS ON, aging, cycling, expected future conditions covariates, collector current I c, temperature, transient thermal impedance TI, junction temperature T j, collector-emitter voltage V ce;case-study type dropped: Maintainable item | default online/offline dropped: Unknown synchronization | input-for-model dropped: Not reported;Fault detection;;MOSFET;;;R DS ON, aging, cycling, expected future conditions covariates, collector current I c, temperature, transient thermal impedance TI, junction temperature T j, collector-emitter voltage V ce;5;15
1324;extraction_papers\ontocast_runs\run_remaining_500_gpt-5.6-luna_20260723_010000\output\facts_0c664880dd3c.ttl;1;Fault detection;Maintainable item;ASD-fed induction machine;Unknown synchronization;Not reported;FactsPwmHarmonicIndex, FactscontactAngle, current signal, pulse-width-modulation voltage signal, raw sound data, vibration signal, 30 Hz input frequency, FactsinverterPwmOutput, raw motor current data, FactsnumberOfRollingElements, FactsshaftRotationalSpeed, FactsstatorCurrent, FactsvibrationFrequency_1;case-study type dropped: Maintainable item | default online/offline dropped: Unknown synchronization | input-for-model dropped: Not reported;Fault detection;;ASD-fed induction machine;;;FactsPwmHarmonicIndex, FactscontactAngle, current signal, pulse-width-modulation voltage signal, raw sound data, vibration signal, 30 Hz input frequency, FactsinverterPwmOutput, raw motor current data, FactsnumberOfRollingElements, FactsshaftRotationalSpeed, FactsstatorCurrent, FactsvibrationFrequency_1;5;15
1325;extraction_papers\ontocast_runs\run_remaining_500_gpt-5.6-luna_20260723_010000\output\facts_0d2ec18f11d1.ttl;1;Health assessment;Maintainable item;building facilities;Unknown synchronization;Not reported;imbalanced data;case-study type dropped: Maintainable item | default online/offline dropped: Unknown synchronization | input-for-model dropped: Not reported;Health assessment;;building facilities;;;imbalanced data;5;15
1326;extraction_papers\ontocast_runs\run_remaining_500_gpt-5.6-luna_20260723_010000\output\facts_0d60969295f2.ttl;1;Fault identification;Maintainable item;asymmetrical six-phase induction motor drive;Unknown synchronization;Not reported;FactsDtc, FactscontrolPathDecouplingSignals, FactsinstantaneousActivePowerSignatures, FactsinverterSwitchingStatistics, FactsmeasuredMotorCurrents, q-axis reference current signal, FactsresidualStatorFluxAngle, FactssequenceComponentsImpedanceMatrix, FactsvoltageReferences, FactsxySubspaceCurrentResidual;case-study type dropped: Maintainable item | default online/offline dropped: Unknown synchronization | input-for-model dropped: Not reported;Fault identification;;asymmetrical six-phase induction motor drive;;;FactsDtc, FactscontrolPathDecouplingSignals, FactsinstantaneousActivePowerSignatures, FactsinverterSwitchingStatistics, FactsmeasuredMotorCurrents, q-axis reference current signal, FactsresidualStatorFluxAngle, FactssequenceComponentsImpedanceMatrix, FactsvoltageReferences, FactsxySubspaceCurrentResidual;5;15
1327;extraction_papers\ontocast_runs\run_remaining_500_gpt-5.6-luna_20260723_010000\output\facts_0e1b49678af8.ttl;1;Remaining useful life estimation;Maintainable item;battery;Unknown synchronization;Not reported;current, FactsdepthOfDischarge, FactsnumberOfBatteryCycles, FactsstateOfHealth, temperature, voltage;case-study type dropped: Maintainable item | default online/offline dropped: Unknown synchronization | input-for-model dropped: Not reported;Remaining useful life estimation;;battery;;;current, FactsdepthOfDischarge, FactsnumberOfBatteryCycles, FactsstateOfHealth, temperature, voltage;5;15
1328;extraction_papers\ontocast_runs\run_remaining_500_gpt-5.6-luna_20260723_010000\output\facts_0e4481a7eb0c.ttl;1;Fault detection;Maintainable item;Industrial textile machines;Unknown synchronization;Not reported;FactsenergyConsumption_1, FactsenergyIntensity, Factsvibrations_1;case-study type dropped: Maintainable item | default online/offline dropped: Unknown synchronization | input-for-model dropped: Not reported;Fault detection;;Industrial textile machines;;;FactsenergyConsumption_1, FactsenergyIntensity, Factsvibrations_1;5;15
1329;extraction_papers\ontocast_runs\run_remaining_500_gpt-5.6-luna_20260723_010000\output\facts_0eb43578e68e.ttl;1;Remaining useful life estimation;Maintainable item;machinery;Unknown synchronization;Not reported;FactsRulVariable, condition monitoring data, fractal spectrum parameters, frequency-domain features, FactshealthIndicator_2, first two intrinsic mode functions, remaining useful life labels, time-domain features;case-study type dropped: Maintainable item | default online/offline dropped: Unknown synchronization | input-for-model dropped: Not reported;Remaining useful life estimation;;machinery;;;FactsRulVariable, condition monitoring data, fractal spectrum parameters, frequency-domain features, FactshealthIndicator_2, first two intrinsic mode functions, remaining useful life labels, time-domain features;5;15
1330;extraction_papers\ontocast_runs\run_remaining_500_gpt-5.6-luna_20260723_010000\output\facts_0f60e5da0843.ttl;1;Remaining useful life estimation;Maintainable item;contact network;Unknown synchronization;Not reported;guide height, integrated state parameters, contact force, remaining useful life;case-study type dropped: Maintainable item | default online/offline dropped: Unknown synchronization | input-for-model dropped: Not reported;Remaining useful life estimation;;contact network;;;guide height, integrated state parameters, contact force, remaining useful life;5;15
1331;extraction_papers\ontocast_runs\run_remaining_500_gpt-5.6-luna_20260723_010000\output\facts_10d6023c44c9.ttl;1;Fault feature extraction;Maintainable item;solar panel;Unknown synchronization;Not reported;air pollution, dust, irradiance, panel orientation, pollutant characteristics, humidity, temperature, wind speed;case-study type dropped: Maintainable item | default online/offline dropped: Unknown synchronization | input-for-model dropped: Not reported;Fault feature extraction;;solar panel;;;air pollution, dust, irradiance, panel orientation, pollutant characteristics, humidity, temperature, wind speed;5;15
1332;extraction_papers\ontocast_runs\run_remaining_500_gpt-5.6-luna_20260723_010000\output\facts_1184fed954d3.ttl;1;Fault detection;Maintainable item;elevator;Unknown synchronization;Not reported;Elevator temporal information dataset, FactsdoorOpeningClosingFrequency, FactselevatorOperationalTemporalInformation;case-study type dropped: Maintainable item | default online/offline dropped: Unknown synchronization | input-for-model dropped: Not reported;Fault detection;;elevator;;;Elevator temporal information dataset, FactsdoorOpeningClosingFrequency, FactselevatorOperationalTemporalInformation;5;15
1333;extraction_papers\ontocast_runs\run_remaining_500_gpt-5.6-luna_20260723_010000\output\facts_121f202550f5.ttl;1;Fault detection;Maintainable item;synchronous machine cooling system;Unknown synchronization;Not reported;Active power (P), FactselectricalVariables, Excitation current (I_f), Temperature, Voltage (U);case-study type dropped: Maintainable item | default online/offline dropped: Unknown synchronization | input-for-model dropped: Not reported;Fault detection;;synchronous machine cooling system;;;Active power (P), FactselectricalVariables, Excitation current (I_f), Temperature, Voltage (U);5;15
1334;extraction_papers\ontocast_runs\run_remaining_500_gpt-5.6-luna_20260723_010000\output\facts_1323e03ba2da.ttl;1;Remaining useful life estimation;Maintainable item;device;Unknown synchronization;Not reported;health status;case-study type dropped: Maintainable item | default online/offline dropped: Unknown synchronization | input-for-model dropped: Not reported;Remaining useful life estimation;;device;;;health status;5;15
1335;extraction_papers\ontocast_runs\run_remaining_500_gpt-5.6-luna_20260723_010000\output\facts_1343234cf080.ttl;1;Fault detection;Maintainable item;Bearing;Unknown synchronization;Not reported;pressure;case-study type dropped: Maintainable item | default online/offline dropped: Unknown synchronization | input-for-model dropped: Not reported;Fault detection;;Bearing;;;pressure;5;15
1336;extraction_papers\ontocast_runs\run_remaining_500_gpt-5.6-luna_20260723_010000\output\facts_14222ad185b5.ttl;1;Fault detection;Maintainable item;bearing gearbox;Unknown synchronization;Not reported;current signal, electrical signal, multimodal signal set, short-time Fourier transform (STFT) images, time series data;case-study type dropped: Maintainable item | default online/offline dropped: Unknown synchronization | input-for-model dropped: Not reported;Fault detection;;bearing gearbox;;;current signal, electrical signal, multimodal signal set, short-time Fourier transform (STFT) images, time series data;5;15
1337;extraction_papers\ontocast_runs\run_remaining_500_gpt-5.6-luna_20260723_010000\output\facts_150ec758bcaf.ttl;2;Fault feature extraction;Maintainable item;battery;Unknown synchronization;Not reported;error codes, raw input data, sensor data, vehicle operational status data;case-study type dropped: Maintainable item | default online/offline dropped: Unknown synchronization | input-for-model dropped: Not reported;Fault feature extraction;;battery;;;error codes, raw input data, sensor data, vehicle operational status data;5;15
1338;extraction_papers\ontocast_runs\run_remaining_500_gpt-5.6-luna_20260723_010000\output\facts_15133eb05d65.ttl;2;Remaining useful life estimation;Maintainable item;battery;Unknown synchronization;Not reported;FactsbatteryCapacity_3, first 100 charge/discharge cycles, current, energy efficiency, FactsinternalResistance_1, knee point slopes, temperature, voltage;case-study type dropped: Maintainable item | default online/offline dropped: Unknown synchronization | input-for-model dropped: Not reported;Remaining useful life estimation;;battery;;;FactsbatteryCapacity_3, first 100 charge/discharge cycles, current, energy efficiency, FactsinternalResistance_1, knee point slopes, temperature, voltage;5;15
1339;extraction_papers\ontocast_runs\run_remaining_500_gpt-5.6-luna_20260723_010000\output\facts_152d6e89992d.ttl;1;Health assessment;Maintainable item;FactshighSpeedTrainWheelset;Unknown synchronization;Not reported;vibration data;case-study type dropped: Maintainable item | case study dropped: FactshighSpeedTrainWheelset | default online/offline dropped: Unknown synchronization | input-for-model dropped: Not reported;Health assessment;;;;;vibration data;5;15
1340;extraction_papers\ontocast_runs\run_remaining_500_gpt-5.6-luna_20260723_010000\output\facts_16497921a57e.ttl;1;Remaining useful life estimation;Maintainable item;gear;Unknown synchronization;Not reported;Brake cylinder pressure deviation, Brake force measurement, Cement property, Holding force consistency, CO2 emission, Pressure decay rate, Research Octane Number;case-study type dropped: Maintainable item | default online/offline dropped: Unknown synchronization | input-for-model dropped: Not reported;Remaining useful life estimation;;gear;;;Brake cylinder pressure deviation, Brake force measurement, Cement property, Holding force consistency, CO2 emission, Pressure decay rate, Research Octane Number;5;15
1341;extraction_papers\ontocast_runs\run_remaining_500_gpt-5.6-luna_20260723_010000\output\facts_16bcae5566a3.ttl;1;Fault detection;Maintainable item;rotor;Unknown synchronization;Not reported;symmetrical components of three-phase currents, flux, load, rotor current, slip, temperature, torque, voltage;case-study type dropped: Maintainable item | default online/offline dropped: Unknown synchronization | input-for-model dropped: Not reported;Fault detection;;rotor;;;symmetrical components of three-phase currents, flux, load, rotor current, slip, temperature, torque, voltage;5;15
1342;extraction_papers\ontocast_runs\run_remaining_500_gpt-5.6-luna_20260723_010000\output\facts_1763f50408fc.ttl;1;Fault feature extraction;Maintainable item;conveyor gearbox;Unknown synchronization;Not reported;integer features, z-axis peak-to-peak, y-axis Willison amplitude;case-study type dropped: Maintainable item | default online/offline dropped: Unknown synchronization | input-for-model dropped: Not reported;Fault feature extraction;;conveyor gearbox;;;integer features, z-axis peak-to-peak, y-axis Willison amplitude;5;15
1343;extraction_papers\ontocast_runs\run_remaining_500_gpt-5.6-luna_20260723_010000\output\facts_183dfb997644.ttl;1;Remaining useful life estimation;Maintainable item;agricultural MG;Unknown synchronization;Not reported;temperature, battery charging/discharging C-rate, depth of discharge, electricity price, electricity price volatility, end of life (EOL), FactsinitialBatteryCharacteristicsVariable, microgrid load demand, load demand variation, renewable energy source penetration level, remaining useful life (RUL), state of charge (SOC), state of health (SOH), state of charge, state-of-health;case-study type dropped: Maintainable item | default online/offline dropped: Unknown synchronization | input-for-model dropped: Not reported;Remaining useful life estimation;;agricultural MG;;;temperature, battery charging/discharging C-rate, depth of discharge, electricity price, electricity price volatility, end of life (EOL), FactsinitialBatteryCharacteristicsVariable, microgrid load demand, load demand variation, renewable energy source penetration level, remaining useful life (RUL), state of charge (SOC), state of health (SOH), state of charge, state-of-health;5;15
1344;extraction_papers\ontocast_runs\run_remaining_500_gpt-5.6-luna_20260723_010000\output\facts_195833fe582a.ttl;1;Fault detection;Maintainable item;DC motor drive;Unknown synchronization;Not reported;air temperature, rotational speed;case-study type dropped: Maintainable item | default online/offline dropped: Unknown synchronization | input-for-model dropped: Not reported;Fault detection;;DC motor drive;;;air temperature, rotational speed;5;15
1345;extraction_papers\ontocast_runs\run_remaining_500_gpt-5.6-luna_20260723_010000\output\facts_19c140c61889.ttl;1;Fault detection;Maintainable item;compressors;Unknown synchronization;Not reported;cell potential, current density, current, existing sensor input features, impedance, load change, online monitoring data, relative humidity, voltage;case-study type dropped: Maintainable item | default online/offline dropped: Unknown synchronization | input-for-model dropped: Not reported;Fault detection;;compressors;;;cell potential, current density, current, existing sensor input features, impedance, load change, online monitoring data, relative humidity, voltage;5;15
1346;extraction_papers\ontocast_runs\run_remaining_500_gpt-5.6-luna_20260723_010000\output\facts_1a10e2b11331.ttl;1;Health assessment;Maintainable item;tool;Unknown synchronization;machining;cutting force measurement, linearly varying spindle speed, operational cutting force input excitation;case-study type dropped: Maintainable item | default online/offline dropped: Unknown synchronization | input-for-model dropped: machining;Health assessment;;tool;;;cutting force measurement, linearly varying spindle speed, operational cutting force input excitation;5;15
1347;extraction_papers\ontocast_runs\run_remaining_500_gpt-5.6-luna_20260723_010000\output\facts_1a68d0cb7455.ttl;2;Fault detection;Maintainable item;hydrogen compressor;Unknown synchronization;Not reported;Not reported;case-study type dropped: Maintainable item | default online/offline dropped: Unknown synchronization | input-for-model dropped: Not reported | input type dropped: Not reported;Fault detection;;hydrogen compressor;;;;5;15
1348;extraction_papers\ontocast_runs\run_remaining_500_gpt-5.6-luna_20260723_010000\output\facts_1bb0c9c81b25.ttl;2;Fault identification;Maintainable item;integrated torque sensor;Unknown synchronization;routine drivetrain testing;Applied torque, intrinsic friction, mechanical parameters, Parasitic bending, pavement deformation, Sensor digital output, Shaft vibration, Real-time temperature, torque measurement, torque ripple;case-study type dropped: Maintainable item | default online/offline dropped: Unknown synchronization | input-for-model dropped: routine drivetrain testing;Fault identification;;integrated torque sensor;;;Applied torque, intrinsic friction, mechanical parameters, Parasitic bending, pavement deformation, Sensor digital output, Shaft vibration, Real-time temperature, torque measurement, torque ripple;5;15
1349;extraction_papers\ontocast_runs\run_remaining_500_gpt-5.6-luna_20260723_010000\output\facts_1e2a219145c1.ttl;2;Fault detection;Maintainable item;Electric power inspection scenario;Unknown synchronization;Not reported;Input point cloud;case-study type dropped: Maintainable item | default online/offline dropped: Unknown synchronization | input-for-model dropped: Not reported;Fault detection;;Electric power inspection scenario;;;Input point cloud;5;15
1350;extraction_papers\ontocast_runs\run_remaining_500_gpt-5.6-luna_20260723_010000\output\facts_1e8aafd3522f.ttl;1;Remaining useful life estimation;Maintainable item;aero-engine;Unknown synchronization;Not reported;diverse sensor data, time series, vibration features;case-study type dropped: Maintainable item | default online/offline dropped: Unknown synchronization | input-for-model dropped: Not reported;Remaining useful life estimation;;aero-engine;;;diverse sensor data, time series, vibration features;5;15
1351;extraction_papers\ontocast_runs\run_remaining_500_gpt-5.6-luna_20260723_010000\output\facts_1f3407b2861d.ttl;1;Fault detection;Maintainable item;Walter HELITRONIC VISION 400 L grinding machine;Unknown synchronization;FactsgrindingProcedure;acoustic emission signal, filtered time series, drive signal, force measurements, grinding wheel wear, IQ, tool life volume;case-study type dropped: Maintainable item | default online/offline dropped: Unknown synchronization | input-for-model dropped: FactsgrindingProcedure;Fault detection;;Walter HELITRONIC VISION 400 L grinding machine;;;acoustic emission signal, filtered time series, drive signal, force measurements, grinding wheel wear, IQ, tool life volume;5;15
1352;extraction_papers\ontocast_runs\run_remaining_500_gpt-5.6-luna_20260723_010000\output\facts_1f9fe4910c47.ttl;1;Fault detection;Maintainable item;induction motor;Unknown synchronization;Not reported;high-resolution thermal imaging, sequential temperature-time data;case-study type dropped: Maintainable item | default online/offline dropped: Unknown synchronization | input-for-model dropped: Not reported;Fault detection;;induction motor;;;high-resolution thermal imaging, sequential temperature-time data;5;15
1353;extraction_papers\ontocast_runs\run_remaining_500_gpt-5.6-luna_20260723_010000\output\facts_219ab79cc639.ttl;1;One step future state forecast;Maintainable item;bushing;Unknown synchronization;Not reported;axial strain, axial stress, loss factor, nonlinear mechanical properties;case-study type dropped: Maintainable item | default online/offline dropped: Unknown synchronization | input-for-model dropped: Not reported;One step future state forecast;;bushing;;;axial strain, axial stress, loss factor, nonlinear mechanical properties;5;15
1354;extraction_papers\ontocast_runs\run_remaining_500_gpt-5.6-luna_20260723_010000\output\facts_22ec0f660993.ttl;1;Fault detection;Maintainable item;Milling;Unknown synchronization;Not reported;Acoustic emissions, acoustic waves, belt rotation speed, contact wheel hardness, depth, feed per tooth, feed rate, Fiber optic temperature, force, force sensor, material removal, vibration signal, wear level;case-study type dropped: Maintainable item | default online/offline dropped: Unknown synchronization | input-for-model dropped: Not reported;Fault detection;;Milling;;;Acoustic emissions, acoustic waves, belt rotation speed, contact wheel hardness, depth, feed per tooth, feed rate, Fiber optic temperature, force, force sensor, material removal, vibration signal, wear level;5;15
1355;extraction_papers\ontocast_runs\run_remaining_500_gpt-5.6-luna_20260723_010000\output\facts_24007ac0747b.ttl;2;Health assessment;Maintainable item;production equipment;Unknown synchronization;Not reported;Not reported;case-study type dropped: Maintainable item | default online/offline dropped: Unknown synchronization | input-for-model dropped: Not reported | input type dropped: Not reported;Health assessment;;production equipment;;;;5;15
1356;extraction_papers\ontocast_runs\run_remaining_500_gpt-5.6-luna_20260723_010000\output\facts_2422d523644d.ttl;1;Fault feature extraction;Maintainable item;rolling bearing;Unknown synchronization;Not reported;motor current signals (MCS);case-study type dropped: Maintainable item | default online/offline dropped: Unknown synchronization | input-for-model dropped: Not reported;Fault feature extraction;;rolling bearing;;;motor current signals (MCS);5;15
1357;extraction_papers\ontocast_runs\run_remaining_500_gpt-5.6-luna_20260723_010000\output\facts_2426b80bfc88.ttl;1;Remaining useful life estimation;Maintainable item;aircraft engine;Unknown synchronization;Not reported;Multivariate sequential sensor data;case-study type dropped: Maintainable item | default online/offline dropped: Unknown synchronization | input-for-model dropped: Not reported;Remaining useful life estimation;;aircraft engine;;;Multivariate sequential sensor data;5;15
1358;extraction_papers\ontocast_runs\run_remaining_500_gpt-5.6-luna_20260723_010000\output\facts_24cab02c15db.ttl;1;Remaining useful life estimation;Maintainable item;lithium-ion battery;Unknown synchronization;Not reported;Capacity fade, Charge-discharge cycle, cycle count, Rising internal resistance, Voltage profile alteration;case-study type dropped: Maintainable item | default online/offline dropped: Unknown synchronization | input-for-model dropped: Not reported;Remaining useful life estimation;;lithium-ion battery;;;Capacity fade, Charge-discharge cycle, cycle count, Rising internal resistance, Voltage profile alteration;5;15
1359;extraction_papers\ontocast_runs\run_remaining_500_gpt-5.6-luna_20260723_010000\output\facts_24ffaa57f421.ttl;2;Fault detection;Maintainable item;machine;Unknown synchronization;Not reported;RUL estimation, machine health data, sensory data;case-study type dropped: Maintainable item | default online/offline dropped: Unknown synchronization | input-for-model dropped: Not reported;Fault detection;;machine;;;RUL estimation, machine health data, sensory data;5;15
1360;extraction_papers\ontocast_runs\run_remaining_500_gpt-5.6-luna_20260723_010000\output\facts_263c01111d8a.ttl;2;Remaining useful life estimation;Maintainable item;Factsbattery_6;Unknown synchronization;Not reported;battery capacity, internal resistance, State of Health;case-study type dropped: Maintainable item | case study dropped: Factsbattery_6 | default online/offline dropped: Unknown synchronization | input-for-model dropped: Not reported;Remaining useful life estimation;;;;;battery capacity, internal resistance, State of Health;5;15
1361;extraction_papers\ontocast_runs\run_remaining_500_gpt-5.6-luna_20260723_010000\output\facts_26a11fd4b51b.ttl;8;Fault identification;Maintainable item;bearing;Unknown synchronization;Not reported;envelope spectrum characteristic peaks, fault characteristic peak frequency;case-study type dropped: Maintainable item | default online/offline dropped: Unknown synchronization | input-for-model dropped: Not reported;Fault identification;;bearing;;;envelope spectrum characteristic peaks, fault characteristic peak frequency;5;15
1362;extraction_papers\ontocast_runs\run_remaining_500_gpt-5.6-luna_20260723_010000\output\facts_26e4ffeefb6d.ttl;1;Remaining useful life estimation;Maintainable item;equipment;Unknown synchronization;Not reported;One-dimensional composite technical state indicator, Multi-dimensional sensor measurement data;case-study type dropped: Maintainable item | default online/offline dropped: Unknown synchronization | input-for-model dropped: Not reported;Remaining useful life estimation;;equipment;;;One-dimensional composite technical state indicator, Multi-dimensional sensor measurement data;5;15
1363;extraction_papers\ontocast_runs\run_remaining_500_gpt-5.6-luna_20260723_010000\output\facts_27cb1e0555b0.ttl;1;Fault detection;Maintainable item;flexible disk rotor system;Unknown synchronization;Not reported;axial load, bending elastic motion, cage slip ratio, contact force, fault width, inner-race speed, node displacement;case-study type dropped: Maintainable item | default online/offline dropped: Unknown synchronization | input-for-model dropped: Not reported;Fault detection;;flexible disk rotor system;;;axial load, bending elastic motion, cage slip ratio, contact force, fault width, inner-race speed, node displacement;5;15
1364;extraction_papers\ontocast_runs\run_remaining_500_gpt-5.6-luna_20260723_010000\output\facts_2815645b7cbe.ttl;1;Remaining useful life estimation;Maintainable item;lithium battery;Unknown synchronization;Not reported;steady-state voltage, voltage decay, Fuel cell voltage;case-study type dropped: Maintainable item | default online/offline dropped: Unknown synchronization | input-for-model dropped: Not reported;Remaining useful life estimation;;lithium battery;;;steady-state voltage, voltage decay, Fuel cell voltage;5;15
1365;extraction_papers\ontocast_runs\run_remaining_500_gpt-5.6-luna_20260723_010000\output\facts_28d4f3a6e1f1.ttl;1;Fault detection;Maintainable item;PMa-SynRM;Unknown synchronization;Not reported;motor current signal, dq-axis current, electromotive force, fifth line-current harmonic, f r component, fundamental frequency, line current, motor speed, stray flux signal, temperature, third current harmonic, velocity measurement, vibration profile, vibration signal, zero-sequence voltage components;case-study type dropped: Maintainable item | default online/offline dropped: Unknown synchronization | input-for-model dropped: Not reported;Fault detection;;PMa-SynRM;;;motor current signal, dq-axis current, electromotive force, fifth line-current harmonic, f r component, fundamental frequency, line current, motor speed, stray flux signal, temperature, third current harmonic, velocity measurement, vibration profile, vibration signal, zero-sequence voltage components;5;15
1366;extraction_papers\ontocast_runs\run_remaining_500_gpt-5.6-luna_20260723_010000\output\facts_298c665878c6.ttl;1;Health assessment;Maintainable item;conveyor;Unknown synchronization;Not reported;Not reported;case-study type dropped: Maintainable item | default online/offline dropped: Unknown synchronization | input-for-model dropped: Not reported | input type dropped: Not reported;Health assessment;;conveyor;;;;5;15
1367;extraction_papers\ontocast_runs\run_remaining_500_gpt-5.6-luna_20260723_010000\output\facts_298f27adbe6f.ttl;1;Fault detection;Maintainable item;gearbox;Unknown synchronization;Not reported;current, power, rotational speed, SCADA data, temperature, wind speed;case-study type dropped: Maintainable item | default online/offline dropped: Unknown synchronization | input-for-model dropped: Not reported;Fault detection;;gearbox;;;current, power, rotational speed, SCADA data, temperature, wind speed;5;15
1368;extraction_papers\ontocast_runs\run_remaining_500_gpt-5.6-luna_20260723_010000\output\facts_299a4858fcac.ttl;1;Fault detection;Maintainable item;gearbox;Unknown synchronization;Not reported;multi-sensor data, vibration signal;case-study type dropped: Maintainable item | default online/offline dropped: Unknown synchronization | input-for-model dropped: Not reported;Fault detection;;gearbox;;;multi-sensor data, vibration signal;5;15
1369;extraction_papers\ontocast_runs\run_remaining_500_gpt-5.6-luna_20260723_010000\output\facts_29c4059c39b3.ttl;1;Fault detection;Maintainable item;battery pack;Unknown synchronization;Not reported;battery capacity, battery degradation status, internal resistance, load, state of charge, temperature, current;case-study type dropped: Maintainable item | default online/offline dropped: Unknown synchronization | input-for-model dropped: Not reported;Fault detection;;battery pack;;;battery capacity, battery degradation status, internal resistance, load, state of charge, temperature, current;5;15
1370;extraction_papers\ontocast_runs\run_remaining_500_gpt-5.6-luna_20260723_010000\output\facts_2a096148f97a.ttl;1;Fault detection;Maintainable item;rotating machinery;Unknown synchronization;Not reported;wear particles;case-study type dropped: Maintainable item | default online/offline dropped: Unknown synchronization | input-for-model dropped: Not reported;Fault detection;;rotating machinery;;;wear particles;5;15
1371;extraction_papers\ontocast_runs\run_remaining_500_gpt-5.6-luna_20260723_010000\output\facts_2b2f3b0fbef2.ttl;1;Fault detection;Maintainable item;bearing;Unknown synchronization;Not reported;Temperature data, Vibration data;case-study type dropped: Maintainable item | default online/offline dropped: Unknown synchronization | input-for-model dropped: Not reported;Fault detection;;bearing;;;Temperature data, Vibration data;5;15
1372;extraction_papers\ontocast_runs\run_remaining_500_gpt-5.6-luna_20260723_010000\output\facts_2cdc9fa9a911.ttl;1;One step future state forecast;Maintainable item;FactsmanufacturingMachines;Unknown synchronization;Not reported;FactscollectedOperationalData;case-study type dropped: Maintainable item | case study dropped: FactsmanufacturingMachines | default online/offline dropped: Unknown synchronization | input-for-model dropped: Not reported | input type dropped: FactscollectedOperationalData;One step future state forecast;;;;;;5;15
1373;extraction_papers\ontocast_runs\run_remaining_500_gpt-5.6-luna_20260723_010000\output\facts_2d027f687e40.ttl;1;Fault feature extraction;Maintainable item;bearing;Unknown synchronization;Not reported;bearing sensor monitoring data, vibration signals;case-study type dropped: Maintainable item | default online/offline dropped: Unknown synchronization | input-for-model dropped: Not reported;Fault feature extraction;;bearing;;;bearing sensor monitoring data, vibration signals;5;15
1374;extraction_papers\ontocast_runs\run_remaining_500_gpt-5.6-luna_20260723_010000\output\facts_2d1f80cc6e1e.ttl;1;Health assessment;Maintainable item;horizontal-axis three-bladed multi-megawatt wind turbines;Unknown synchronization;Not reported;blade condition, blade erosion, generator RPM, generator speed, nacelle-mounted anemometer, pitch, power, Reynolds number (Re), rotor radius (R), shaft moment, SCADA data, turbulence intensity, wind speed;case-study type dropped: Maintainable item | default online/offline dropped: Unknown synchronization | input-for-model dropped: Not reported;Health assessment;;horizontal-axis three-bladed multi-megawatt wind turbines;;;blade condition, blade erosion, generator RPM, generator speed, nacelle-mounted anemometer, pitch, power, Reynolds number (Re), rotor radius (R), shaft moment, SCADA data, turbulence intensity, wind speed;5;15
1375;extraction_papers\ontocast_runs\run_remaining_500_gpt-5.6-luna_20260723_010000\output\facts_2dd9e9da5c51.ttl;2;Fault detection;Maintainable item;power grid facilities;Unknown synchronization;Not reported;circuit fault data, Frost, geographical location information of power grid facilities, Prolonged drought, terrain, voltage level;case-study type dropped: Maintainable item | default online/offline dropped: Unknown synchronization | input-for-model dropped: Not reported;Fault detection;;power grid facilities;;;circuit fault data, Frost, geographical location information of power grid facilities, Prolonged drought, terrain, voltage level;5;15
1376;extraction_papers\ontocast_runs\run_remaining_500_gpt-5.6-luna_20260723_010000\output\facts_2fbf5e63a063.ttl;1;Health assessment;Maintainable item;cable;Unknown synchronization;Not reported;FactscableAge, noise, FactspdPeakValues, partial discharge;case-study type dropped: Maintainable item | default online/offline dropped: Unknown synchronization | input-for-model dropped: Not reported;Health assessment;;cable;;;FactscableAge, noise, FactspdPeakValues, partial discharge;5;15
1377;extraction_papers\ontocast_runs\run_remaining_500_gpt-5.6-luna_20260723_010000\output\facts_2fffa8e3c121.ttl;1;Fault identification;Maintainable item;BMU;Unknown synchronization;Not reported;fault samples, Multi-source heterogeneous operating data, BMU operational data, operational parameters, Real-time process signals;case-study type dropped: Maintainable item | default online/offline dropped: Unknown synchronization | input-for-model dropped: Not reported;Fault identification;;BMU;;;fault samples, Multi-source heterogeneous operating data, BMU operational data, operational parameters, Real-time process signals;5;15
1378;extraction_papers\ontocast_runs\run_remaining_500_gpt-5.6-luna_20260723_010000\output\facts_300bec1895bb.ttl;1;Fault feature extraction;Maintainable item;rolling bearing;Unknown synchronization;Not reported;Load, Operating conditions, Speed, Time-frequency features, Vibration signal, Wavelet energy entropy;case-study type dropped: Maintainable item | default online/offline dropped: Unknown synchronization | input-for-model dropped: Not reported;Fault feature extraction;;rolling bearing;;;Load, Operating conditions, Speed, Time-frequency features, Vibration signal, Wavelet energy entropy;5;15
1379;extraction_papers\ontocast_runs\run_remaining_500_gpt-5.6-luna_20260723_010000\output\facts_3134f3073462.ttl;1;One step future state forecast;Maintainable item;cutting tool;Unknown synchronization;Not reported;discount factor, learning rate;case-study type dropped: Maintainable item | default online/offline dropped: Unknown synchronization | input-for-model dropped: Not reported;One step future state forecast;;cutting tool;;;discount factor, learning rate;5;15
1380;extraction_papers\ontocast_runs\run_remaining_500_gpt-5.6-luna_20260723_010000\output\facts_32153205f0de.ttl;2;Fault detection;Maintainable item;engine type;Unknown synchronization;Not reported;acoustic signals, air flow patterns, engine size, mean, velocity vibrations;case-study type dropped: Maintainable item | default online/offline dropped: Unknown synchronization | input-for-model dropped: Not reported;Fault detection;;engine type;;;acoustic signals, air flow patterns, engine size, mean, velocity vibrations;5;15
1381;extraction_papers\ontocast_runs\run_remaining_500_gpt-5.6-luna_20260723_010000\output\facts_333a61490d9a.ttl;2;Fault detection;Maintainable item;Factsbearing_2;Unknown synchronization;Not reported;anomalous or faulty test data, health state errors, hidden-layer features, raw waveform input, reconstruction error, reconstruction loss, training set, vibration data;case-study type dropped: Maintainable item | case study dropped: Factsbearing_2 | default online/offline dropped: Unknown synchronization | input-for-model dropped: Not reported;Fault detection;;;;;anomalous or faulty test data, health state errors, hidden-layer features, raw waveform input, reconstruction error, reconstruction loss, training set, vibration data;5;15
1382;extraction_papers\ontocast_runs\run_remaining_500_gpt-5.6-luna_20260723_010000\output\facts_3367603e1de4.ttl;3;Health assessment;Maintainable item;alternative machine;Unknown synchronization;Not reported;Tool wear, Operating hours, Temperature, Vibration;case-study type dropped: Maintainable item | default online/offline dropped: Unknown synchronization | input-for-model dropped: Not reported;Health assessment;;alternative machine;;;Tool wear, Operating hours, Temperature, Vibration;5;15
1383;extraction_papers\ontocast_runs\run_remaining_500_gpt-5.6-luna_20260723_010000\output\facts_3422fae673a8.ttl;1;Health assessment;Maintainable item;capacitor;Unknown synchronization;Not reported;C;case-study type dropped: Maintainable item | default online/offline dropped: Unknown synchronization | input-for-model dropped: Not reported;Health assessment;;capacitor;;;C;5;15
1384;extraction_papers\ontocast_runs\run_remaining_500_gpt-5.6-luna_20260723_010000\output\facts_349274f02790.ttl;1;Health assessment;Maintainable item;battery;Unknown synchronization;Not reported;capacity fade, charge-discharge cycling, cycle life reduction, degradation state, energy demand, energy dispatch, environmental factors, internal resistance growth, temperature;case-study type dropped: Maintainable item | default online/offline dropped: Unknown synchronization | input-for-model dropped: Not reported;Health assessment;;battery;;;capacity fade, charge-discharge cycling, cycle life reduction, degradation state, energy demand, energy dispatch, environmental factors, internal resistance growth, temperature;5;15
1385;extraction_papers\ontocast_runs\run_remaining_500_gpt-5.6-luna_20260723_010000\output\facts_35282e71f229.ttl;1;Remaining useful life estimation;Maintainable item;Aircraft brake;Unknown synchronization;Not reported;FactsremainingThicknessVariable;case-study type dropped: Maintainable item | default online/offline dropped: Unknown synchronization | input-for-model dropped: Not reported | input type dropped: FactsremainingThicknessVariable;Remaining useful life estimation;;Aircraft brake;;;;5;15
1386;extraction_papers\ontocast_runs\run_remaining_500_gpt-5.6-luna_20260723_010000\output\facts_357f2a5efd31.ttl;1;Remaining useful life estimation;Maintainable item;onshore wind farm;Unknown synchronization;Not reported;Not reported;case-study type dropped: Maintainable item | default online/offline dropped: Unknown synchronization | input-for-model dropped: Not reported | input type dropped: Not reported;Remaining useful life estimation;;onshore wind farm;;;;5;15
1387;extraction_papers\ontocast_runs\run_remaining_500_gpt-5.6-luna_20260723_010000\output\facts_35d46030058b.ttl;1;Fault feature extraction;Maintainable item;bearing;Unknown synchronization;Not reported;equipment degradation data, force sensor data, Health indicators, RUL labels, single charging curve, Time-domain features;case-study type dropped: Maintainable item | default online/offline dropped: Unknown synchronization | input-for-model dropped: Not reported;Fault feature extraction;;bearing;;;equipment degradation data, force sensor data, Health indicators, RUL labels, single charging curve, Time-domain features;5;15
1388;extraction_papers\ontocast_runs\run_remaining_500_gpt-5.6-luna_20260723_010000\output\facts_35f4e74709d7.ttl;1;Fault detection;Maintainable item;Wind turbine;Unknown synchronization;Not reported;FactsbladePitchAngle, observed output power, Wind turbine output power, SCADA input features, wind speed, FactswindSpeed_3, wind turbine output power, Winding temperature;case-study type dropped: Maintainable item | default online/offline dropped: Unknown synchronization | input-for-model dropped: Not reported;Fault detection;;Wind turbine;;;FactsbladePitchAngle, observed output power, Wind turbine output power, SCADA input features, wind speed, FactswindSpeed_3, wind turbine output power, Winding temperature;5;15
1389;extraction_papers\ontocast_runs\run_remaining_500_gpt-5.6-luna_20260723_010000\output\facts_35fbd08f2630.ttl;1;Health assessment;Maintainable item;SiC MOSFET;Unknown synchronization;Not reported;drain-voltage slew rate, leakage current, on-state resistance, switching delay, voltage drop, current fall energy loss, fall loss, junction temperature, load conditions, turn-off current fall time;case-study type dropped: Maintainable item | default online/offline dropped: Unknown synchronization | input-for-model dropped: Not reported;Health assessment;;SiC MOSFET;;;drain-voltage slew rate, leakage current, on-state resistance, switching delay, voltage drop, current fall energy loss, fall loss, junction temperature, load conditions, turn-off current fall time;5;15
1390;extraction_papers\ontocast_runs\run_remaining_500_gpt-5.6-luna_20260723_010000\output\facts_36936b01fb2e.ttl;1;Remaining useful life estimation;Maintainable item;bearing;Unknown synchronization;Not reported;bearing vibration data, Health Indicator (HI), instantaneous spectral entropy (ISE), normalized signals, spatio-temporal features, FactschannelFeatures;case-study type dropped: Maintainable item | default online/offline dropped: Unknown synchronization | input-for-model dropped: Not reported;Remaining useful life estimation;;bearing;;;bearing vibration data, Health Indicator (HI), instantaneous spectral entropy (ISE), normalized signals, spatio-temporal features, FactschannelFeatures;5;15
1391;extraction_papers\ontocast_runs\run_remaining_500_gpt-5.6-luna_20260723_010000\output\facts_36f43f0025e1.ttl;1;Fault identification;Maintainable item;industrial machines;Unknown synchronization;Not reported;vibration analysis, machine vibration;case-study type dropped: Maintainable item | default online/offline dropped: Unknown synchronization | input-for-model dropped: Not reported;Fault identification;;industrial machines;;;vibration analysis, machine vibration;5;15
1392;extraction_papers\ontocast_runs\run_remaining_500_gpt-5.6-luna_20260723_010000\output\facts_370ee13a9424.ttl;1;Fault detection;Maintainable item;industrial equipment;Unknown synchronization;Not reported;FactsvoltageVariable_9;case-study type dropped: Maintainable item | default online/offline dropped: Unknown synchronization | input-for-model dropped: Not reported | input type dropped: FactsvoltageVariable_9;Fault detection;;industrial equipment;;;;5;15
1393;extraction_papers\ontocast_runs\run_remaining_500_gpt-5.6-luna_20260723_010000\output\facts_37b40ef255db.ttl;1;Fault detection;Maintainable item;Transformer case with axial and radial winding deformation;Unknown synchronization;Not reported;Baseline response signatures, capacitance, core impedance, frequency range, healthy/normal baseline data, inductance, resistance;case-study type dropped: Maintainable item | default online/offline dropped: Unknown synchronization | input-for-model dropped: Not reported;Fault detection;;Transformer case with axial and radial winding deformation;;;Baseline response signatures, capacitance, core impedance, frequency range, healthy/normal baseline data, inductance, resistance;5;15
1394;extraction_papers\ontocast_runs\run_remaining_500_gpt-5.6-luna_20260723_010000\output\facts_39be8c540085.ttl;1;Fault identification;Maintainable item;MCT;Unknown synchronization;Not reported;AE signal, force signal, vibration signal;case-study type dropped: Maintainable item | default online/offline dropped: Unknown synchronization | input-for-model dropped: Not reported;Fault identification;;MCT;;;AE signal, force signal, vibration signal;5;15
1395;extraction_papers\ontocast_runs\run_remaining_500_gpt-5.6-luna_20260723_010000\output\facts_3a8e507554e8.ttl;1;Remaining useful life estimation;Maintainable item;hydrogen storage and transport system;Unknown synchronization;Not reported;FactsmaximumPrincipalStress1, pressure;case-study type dropped: Maintainable item | default online/offline dropped: Unknown synchronization | input-for-model dropped: Not reported;Remaining useful life estimation;;hydrogen storage and transport system;;;FactsmaximumPrincipalStress1, pressure;5;15
1396;extraction_papers\ontocast_runs\run_remaining_500_gpt-5.6-luna_20260723_010000\output\facts_3ab66fb2201d.ttl;1;One step future state forecast;Maintainable item;industrial systems;Unknown synchronization;Not reported;covariates, lifetime data, multiple inputs, sensor data streams, Sensor data;case-study type dropped: Maintainable item | default online/offline dropped: Unknown synchronization | input-for-model dropped: Not reported;One step future state forecast;;industrial systems;;;covariates, lifetime data, multiple inputs, sensor data streams, Sensor data;5;15
1397;extraction_papers\ontocast_runs\run_remaining_500_gpt-5.6-luna_20260723_010000\output\facts_3b586abe39e1.ttl;1;Remaining useful life estimation;Maintainable item;lithium-ion battery;Unknown synchronization;Not reported;FactsinputValuesVariable, univariate time series data;case-study type dropped: Maintainable item | default online/offline dropped: Unknown synchronization | input-for-model dropped: Not reported;Remaining useful life estimation;;lithium-ion battery;;;FactsinputValuesVariable, univariate time series data;5;15
1398;extraction_papers\ontocast_runs\run_remaining_500_gpt-5.6-luna_20260723_010000\output\facts_3b8c5a111f6c.ttl;1;Multiple steps future state forecast;Maintainable item;Flywheel;Unknown synchronization;Not reported;voltage deviation, electrolyte resistance (Rs);case-study type dropped: Maintainable item | default online/offline dropped: Unknown synchronization | input-for-model dropped: Not reported;Multiple steps future state forecast;;Flywheel;;;voltage deviation, electrolyte resistance (Rs);5;15
1399;extraction_papers\ontocast_runs\run_remaining_500_gpt-5.6-luna_20260723_010000\output\facts_3bc301582762.ttl;4;Fault detection;Maintainable item;Motor bearing;Unknown synchronization;Not reported;Motor load, Motor current signal, Operational data, Motor speed;case-study type dropped: Maintainable item | default online/offline dropped: Unknown synchronization | input-for-model dropped: Not reported;Fault detection;;Motor bearing;;;Motor load, Motor current signal, Operational data, Motor speed;5;15
1400;extraction_papers\ontocast_runs\run_remaining_500_gpt-5.6-luna_20260723_010000\output\facts_3c011fe3aee5.ttl;1;Fault detection;Maintainable item;cutter;Unknown synchronization;Not reported;vibration signals;case-study type dropped: Maintainable item | default online/offline dropped: Unknown synchronization | input-for-model dropped: Not reported;Fault detection;;cutter;;;vibration signals;5;15
1401;extraction_papers\ontocast_runs\run_remaining_500_gpt-5.6-luna_20260723_010000\output\facts_3c4c829f2331.ttl;3;One step future state forecast;Maintainable item;LIB;Unknown synchronization;Not reported;Battery capacity, Internal resistance, operational conditions, SoC, extensive training data;case-study type dropped: Maintainable item | default online/offline dropped: Unknown synchronization | input-for-model dropped: Not reported;One step future state forecast;;LIB;;;Battery capacity, Internal resistance, operational conditions, SoC, extensive training data;5;15
1402;extraction_papers\ontocast_runs\run_remaining_500_gpt-5.6-luna_20260723_010000\output\facts_3d97e1f5a45b.ttl;1;Fault detection;Maintainable item;device;Unknown synchronization;Not reported;fault features;case-study type dropped: Maintainable item | default online/offline dropped: Unknown synchronization | input-for-model dropped: Not reported;Fault detection;;device;;;fault features;5;15
1403;extraction_papers\ontocast_runs\run_remaining_500_gpt-5.6-luna_20260723_010000\output\facts_3da2913bf9c8.ttl;1;Remaining useful life estimation;Maintainable item;battery;Unknown synchronization;Not reported;Factsrul;case-study type dropped: Maintainable item | default online/offline dropped: Unknown synchronization | input-for-model dropped: Not reported | input type dropped: Factsrul;Remaining useful life estimation;;battery;;;;5;15
1404;extraction_papers\ontocast_runs\run_remaining_500_gpt-5.6-luna_20260723_010000\output\facts_3e17bc99fa2c.ttl;1;Remaining useful life estimation;Maintainable item;battery;Unknown synchronization;Not reported;concentration polarization loss, degradation state, external state variables, hydrogen loss, internal aging factors, internal health core, FactsvoltageVariable_5;case-study type dropped: Maintainable item | default online/offline dropped: Unknown synchronization | input-for-model dropped: Not reported;Remaining useful life estimation;;battery;;;concentration polarization loss, degradation state, external state variables, hydrogen loss, internal aging factors, internal health core, FactsvoltageVariable_5;5;15
1405;extraction_papers\ontocast_runs\run_remaining_500_gpt-5.6-luna_20260723_010000\output\facts_3e3e77a4b84b.ttl;1;Fault detection;Maintainable item;power electronic device;Unknown synchronization;Not reported;arm inductance, average switching functions, capacitor voltage, current, high-dimensional feature space, historical data, missing values, multiple imputation sets, noise covariance matrices, real-time observations, submodule capacitance values, switching states of power electronic devices, temperature;case-study type dropped: Maintainable item | default online/offline dropped: Unknown synchronization | input-for-model dropped: Not reported;Fault detection;;power electronic device;;;arm inductance, average switching functions, capacitor voltage, current, high-dimensional feature space, historical data, missing values, multiple imputation sets, noise covariance matrices, real-time observations, submodule capacitance values, switching states of power electronic devices, temperature;5;15
1406;extraction_papers\ontocast_runs\run_remaining_500_gpt-5.6-luna_20260723_010000\output\facts_3ec47bcaffeb.ttl;1;Health assessment;Maintainable item;Proton-exchange-membrane fuel cell;Unknown synchronization;Not reported;current density, frequency factors, voltage;case-study type dropped: Maintainable item | default online/offline dropped: Unknown synchronization | input-for-model dropped: Not reported;Health assessment;;Proton-exchange-membrane fuel cell;;;current density, frequency factors, voltage;5;15
1407;extraction_papers\ontocast_runs\run_remaining_500_gpt-5.6-luna_20260723_010000\output\facts_3f833cb4f599.ttl;1;Remaining useful life estimation;Maintainable item;Rolling bearing;Unknown synchronization;Not reported;Two-dimensional time-frequency feature map, Sequence data, Scalar vibration signal;case-study type dropped: Maintainable item | default online/offline dropped: Unknown synchronization | input-for-model dropped: Not reported;Remaining useful life estimation;;Rolling bearing;;;Two-dimensional time-frequency feature map, Sequence data, Scalar vibration signal;5;15
1408;extraction_papers\ontocast_runs\run_remaining_500_gpt-5.6-luna_20260723_010000\output\facts_3f8ba96123e4.ttl;1;Fault detection;Maintainable item;classification;Unknown synchronization;Not reported;pressure, load, rotational speed, temperature;case-study type dropped: Maintainable item | default online/offline dropped: Unknown synchronization | input-for-model dropped: Not reported;Fault detection;;classification;;;pressure, load, rotational speed, temperature;5;15
1409;extraction_papers\ontocast_runs\run_remaining_500_gpt-5.6-luna_20260723_010000\output\facts_3f9a289d14e7.ttl;1;Fault identification;Maintainable item;EV battery system;Unknown synchronization;Not reported;charge status, energy consumption, EV component sensor data, thermal performance;case-study type dropped: Maintainable item | default online/offline dropped: Unknown synchronization | input-for-model dropped: Not reported;Fault identification;;EV battery system;;;charge status, energy consumption, EV component sensor data, thermal performance;5;15
1410;extraction_papers\ontocast_runs\run_remaining_500_gpt-5.6-luna_20260723_010000\output\facts_3fc569199c15.ttl;1;Health assessment;Maintainable item;buck converter;Unknown synchronization;Not reported;FactsinductanceVariable1;case-study type dropped: Maintainable item | default online/offline dropped: Unknown synchronization | input-for-model dropped: Not reported | input type dropped: FactsinductanceVariable1;Health assessment;;buck converter;;;;5;15
1411;extraction_papers\ontocast_runs\run_remaining_500_gpt-5.6-luna_20260723_010000\output\facts_4015a44e79dd.ttl;1;Fault identification;Maintainable item;Aircraft structures;Unknown synchronization;Not reported;Damage size, strain, temperature;case-study type dropped: Maintainable item | default online/offline dropped: Unknown synchronization | input-for-model dropped: Not reported;Fault identification;;Aircraft structures;;;Damage size, strain, temperature;5;15
1412;extraction_papers\ontocast_runs\run_remaining_500_gpt-5.6-luna_20260723_010000\output\facts_41383d7ce5b4.ttl;2;Fault identification;Maintainable item;wear;Unknown synchronization;Not reported;cutting force, wear area of the flank face, wear;case-study type dropped: Maintainable item | default online/offline dropped: Unknown synchronization | input-for-model dropped: Not reported;Fault identification;;wear;;;cutting force, wear area of the flank face, wear;5;15
1413;extraction_papers\ontocast_runs\run_remaining_500_gpt-5.6-luna_20260723_010000\output\facts_42209aa8ee1b.ttl;1;Remaining useful life estimation;Maintainable item;bearing;Unknown synchronization;Not reported;bearing vibration signals, health data;case-study type dropped: Maintainable item | default online/offline dropped: Unknown synchronization | input-for-model dropped: Not reported;Remaining useful life estimation;;bearing;;;bearing vibration signals, health data;5;15
1414;extraction_papers\ontocast_runs\run_remaining_500_gpt-5.6-luna_20260723_010000\output\facts_42de4fbdda0f.ttl;2;Health assessment;Maintainable item;gearbox;Unknown synchronization;Not reported;random yield, actual job completion time;case-study type dropped: Maintainable item | default online/offline dropped: Unknown synchronization | input-for-model dropped: Not reported;Health assessment;;gearbox;;;random yield, actual job completion time;5;15
1415;extraction_papers\ontocast_runs\run_remaining_500_gpt-5.6-luna_20260723_010000\output\facts_43094ea664ab.ttl;1;Fault detection;Maintainable item;pressure pipeline;Unknown synchronization;Not reported;monitoring acoustic signal, acoustic signal, signal entropy;case-study type dropped: Maintainable item | default online/offline dropped: Unknown synchronization | input-for-model dropped: Not reported;Fault detection;;pressure pipeline;;;monitoring acoustic signal, acoustic signal, signal entropy;5;15
1416;extraction_papers\ontocast_runs\run_remaining_500_gpt-5.6-luna_20260723_010000\output\facts_454514024d48.ttl;1;Remaining useful life estimation;Maintainable item;battery;Unknown synchronization;Not reported;electrical data, state of charge, state of health, thermal data, visual data;case-study type dropped: Maintainable item | default online/offline dropped: Unknown synchronization | input-for-model dropped: Not reported;Remaining useful life estimation;;battery;;;electrical data, state of charge, state of health, thermal data, visual data;5;15
1417;extraction_papers\ontocast_runs\run_remaining_500_gpt-5.6-luna_20260723_010000\output\facts_459413046140.ttl;1;Fault feature extraction;Maintainable item;aircraft engine;Unknown synchronization;Not reported;aircraft engine time-series data, remaining useful life label;case-study type dropped: Maintainable item | default online/offline dropped: Unknown synchronization | input-for-model dropped: Not reported;Fault feature extraction;;aircraft engine;;;aircraft engine time-series data, remaining useful life label;5;15
1418;extraction_papers\ontocast_runs\run_remaining_500_gpt-5.6-luna_20260723_010000\output\facts_459ef212549b.ttl;1;Fault detection;Maintainable item;automated production line;Unknown synchronization;Not reported;Input features for diagnostic results, Extracted sensor features, Sensor data measured on cyber-physical-system components;case-study type dropped: Maintainable item | default online/offline dropped: Unknown synchronization | input-for-model dropped: Not reported;Fault detection;;automated production line;;;Input features for diagnostic results, Extracted sensor features, Sensor data measured on cyber-physical-system components;5;15
1419;extraction_papers\ontocast_runs\run_remaining_500_gpt-5.6-luna_20260723_010000\output\facts_45f5df6effd5.ttl;1;Fault detection;Maintainable item;capping machine;Unknown synchronization;Not reported;temperature data;case-study type dropped: Maintainable item | default online/offline dropped: Unknown synchronization | input-for-model dropped: Not reported;Fault detection;;capping machine;;;temperature data;5;15
1420;extraction_papers\ontocast_runs\run_remaining_500_gpt-5.6-luna_20260723_010000\output\facts_4634bb445c64.ttl;1;Fault detection;Maintainable item;high-speed spinning unit;Unknown synchronization;Not reported;Dynamic load, trend characteristics, Noise, Power consumption, Operating rotational frequency, Headstock body temperature, vibration;case-study type dropped: Maintainable item | default online/offline dropped: Unknown synchronization | input-for-model dropped: Not reported;Fault detection;;high-speed spinning unit;;;Dynamic load, trend characteristics, Noise, Power consumption, Operating rotational frequency, Headstock body temperature, vibration;5;15
1421;extraction_papers\ontocast_runs\run_remaining_500_gpt-5.6-luna_20260723_010000\output\facts_464a329c89ed.ttl;2;Health assessment;Maintainable item;bearing;Unknown synchronization;Not reported;features, health indicator, robustness;case-study type dropped: Maintainable item | default online/offline dropped: Unknown synchronization | input-for-model dropped: Not reported;Health assessment;;bearing;;;features, health indicator, robustness;5;15
1422;extraction_papers\ontocast_runs\run_remaining_500_gpt-5.6-luna_20260723_010000\output\facts_46f189ae61aa.ttl;1;Remaining useful life estimation;Maintainable item;PV array;Unknown synchronization;Not reported;Not reported;case-study type dropped: Maintainable item | default online/offline dropped: Unknown synchronization | input-for-model dropped: Not reported | input type dropped: Not reported;Remaining useful life estimation;;PV array;;;;5;15
1423;extraction_papers\ontocast_runs\run_remaining_500_gpt-5.6-luna_20260723_010000\output\facts_473c53917748.ttl;1;Remaining useful life estimation;Maintainable item;ACBB 7209 single-row angular contact ball bearing;Unknown synchronization;Not reported;Vibration signal, raw vibration signal;case-study type dropped: Maintainable item | default online/offline dropped: Unknown synchronization | input-for-model dropped: Not reported;Remaining useful life estimation;;ACBB 7209 single-row angular contact ball bearing;;;Vibration signal, raw vibration signal;5;15
1424;extraction_papers\ontocast_runs\run_remaining_500_gpt-5.6-luna_20260723_010000\output\facts_47473d80f1bc.ttl;1;Remaining useful life estimation;Maintainable item;Nozzle A1;Unknown synchronization;Not reported;Corrosion rate, Initial thickness, Average corrosion rate;case-study type dropped: Maintainable item | default online/offline dropped: Unknown synchronization | input-for-model dropped: Not reported;Remaining useful life estimation;;Nozzle A1;;;Corrosion rate, Initial thickness, Average corrosion rate;5;15
1425;extraction_papers\ontocast_runs\run_remaining_500_gpt-5.6-luna_20260723_010000\output\facts_4793bc961674.ttl;1;Fault identification;Maintainable item;gear;Unknown synchronization;Not reported;speed;case-study type dropped: Maintainable item | default online/offline dropped: Unknown synchronization | input-for-model dropped: Not reported;Fault identification;;gear;;;speed;5;15
1426;extraction_papers\ontocast_runs\run_remaining_500_gpt-5.6-luna_20260723_010000\output\facts_47ca90cdb761.ttl;1;Fault detection;Maintainable item;gripping pliers;Unknown synchronization;Not reported;audio signals, electric currents, sounds, temperatures, vibrations, voltages;case-study type dropped: Maintainable item | default online/offline dropped: Unknown synchronization | input-for-model dropped: Not reported;Fault detection;;gripping pliers;;;audio signals, electric currents, sounds, temperatures, vibrations, voltages;5;15
1427;extraction_papers\ontocast_runs\run_remaining_500_gpt-5.6-luna_20260723_010000\output\facts_4809b62a29f9.ttl;1;Fault identification;Maintainable item;Aircraft engine;Unknown synchronization;Not reported;FactsremainingUsefulLifeLabels, Equipment sensor time-series data;case-study type dropped: Maintainable item | default online/offline dropped: Unknown synchronization | input-for-model dropped: Not reported;Fault identification;;Aircraft engine;;;FactsremainingUsefulLifeLabels, Equipment sensor time-series data;5;15
1428;extraction_papers\ontocast_runs\run_remaining_500_gpt-5.6-luna_20260723_010000\output\facts_485f337ce59a.ttl;1;Fault detection;Maintainable item;device under test;Unknown synchronization;Not reported;engine sensor data from 21 sensors, extracted features, torque signal;case-study type dropped: Maintainable item | default online/offline dropped: Unknown synchronization | input-for-model dropped: Not reported;Fault detection;;device under test;;;engine sensor data from 21 sensors, extracted features, torque signal;5;15
1429;extraction_papers\ontocast_runs\run_remaining_500_gpt-5.6-luna_20260723_010000\output\facts_4bb1cfbc8210.ttl;1;Fault identification;Maintainable item;desalination plant;Unknown synchronization;Not reported;brine leaks, equipment failures, salinity;case-study type dropped: Maintainable item | default online/offline dropped: Unknown synchronization | input-for-model dropped: Not reported;Fault identification;;desalination plant;;;brine leaks, equipment failures, salinity;5;15
1430;extraction_papers\ontocast_runs\run_remaining_500_gpt-5.6-luna_20260723_010000\output\facts_4be70ad87e4e.ttl;1;Fault detection;Maintainable item;induction motor;Unknown synchronization;Not reported;FactslabelledFaultData, simulated vibration signal, rotor acceleration vibration signal;case-study type dropped: Maintainable item | default online/offline dropped: Unknown synchronization | input-for-model dropped: Not reported;Fault detection;;induction motor;;;FactslabelledFaultData, simulated vibration signal, rotor acceleration vibration signal;5;15
1431;extraction_papers\ontocast_runs\run_remaining_500_gpt-5.6-luna_20260723_010000\output\facts_4d28a57d03c1.ttl;3;Health assessment;Maintainable item;HVDC cable system;Unknown synchronization;Not reported;conductivity, electric field, FactselectricalStress1, partial discharge signal, voltage transient;case-study type dropped: Maintainable item | default online/offline dropped: Unknown synchronization | input-for-model dropped: Not reported;Health assessment;;HVDC cable system;;;conductivity, electric field, FactselectricalStress1, partial discharge signal, voltage transient;5;15
1432;extraction_papers\ontocast_runs\run_remaining_500_gpt-5.6-luna_20260723_010000\output\facts_4e71fb4e3664.ttl;1;Fault detection;Maintainable item;marine engine;Unknown synchronization;Not reported;FactsinputSequenceLength, FactsunreducedMetric;case-study type dropped: Maintainable item | default online/offline dropped: Unknown synchronization | input-for-model dropped: Not reported;Fault detection;;marine engine;;;FactsinputSequenceLength, FactsunreducedMetric;5;15
1433;extraction_papers\ontocast_runs\run_remaining_500_gpt-5.6-luna_20260723_010000\output\facts_500c2ab9d345.ttl;1;Remaining useful life estimation;Maintainable item;rolling bearing;Unknown synchronization;Not reported;FactspathWeights;case-study type dropped: Maintainable item | default online/offline dropped: Unknown synchronization | input-for-model dropped: Not reported | input type dropped: FactspathWeights;Remaining useful life estimation;;rolling bearing;;;;5;15
1434;extraction_papers\ontocast_runs\run_remaining_500_gpt-5.6-luna_20260723_010000\output\facts_503cf7b88b30.ttl;1;Fault detection;Maintainable item;OBU equipment;Unknown synchronization;Not reported;FactsetcDataVariable, OBU transaction data;case-study type dropped: Maintainable item | default online/offline dropped: Unknown synchronization | input-for-model dropped: Not reported;Fault detection;;OBU equipment;;;FactsetcDataVariable, OBU transaction data;5;15
1435;extraction_papers\ontocast_runs\run_remaining_500_gpt-5.6-luna_20260723_010000\output\facts_51e1661fff3e.ttl;1;Remaining useful life estimation;Maintainable item;AISI H13 steel;Unknown synchronization;Not reported;feed, R2, process parameters, surface roughness;case-study type dropped: Maintainable item | default online/offline dropped: Unknown synchronization | input-for-model dropped: Not reported;Remaining useful life estimation;;AISI H13 steel;;;feed, R2, process parameters, surface roughness;5;15
1436;extraction_papers\ontocast_runs\run_remaining_500_gpt-5.6-luna_20260723_010000\output\facts_51f7076121ce.ttl;1;Fault detection;Maintainable item;bearing;Unknown synchronization;Not reported;fault features, frequency-domain features, original input signal, spatial features, time series data, centrifugal pump vibration signals, vibration signals;case-study type dropped: Maintainable item | default online/offline dropped: Unknown synchronization | input-for-model dropped: Not reported;Fault detection;;bearing;;;fault features, frequency-domain features, original input signal, spatial features, time series data, centrifugal pump vibration signals, vibration signals;5;15
1437;extraction_papers\ontocast_runs\run_remaining_500_gpt-5.6-luna_20260723_010000\output\facts_527d8ef6ead9.ttl;1;Fault detection;Maintainable item;gearbox;Unknown synchronization;Not reported;wind turbine condition monitoring data, front bearing temperature, instantaneous operational parameters, supervisory control and data acquisition data, sensor data, vibration data from accelerometers;case-study type dropped: Maintainable item | default online/offline dropped: Unknown synchronization | input-for-model dropped: Not reported;Fault detection;;gearbox;;;wind turbine condition monitoring data, front bearing temperature, instantaneous operational parameters, supervisory control and data acquisition data, sensor data, vibration data from accelerometers;5;15
1438;extraction_papers\ontocast_runs\run_remaining_500_gpt-5.6-luna_20260723_010000\output\facts_52acf1d0fb1d.ttl;1;Fault detection;Maintainable item;rotating machine;Unknown synchronization;MATLAB programming for wavelet decomposition;Detail decomposition without cA3, kurtosis, mean absolute value (MAV), peak value, RMS, Signal acquired from the test bench, vibration signal, Whole signal or vector of the wavelet decomposition;case-study type dropped: Maintainable item | default online/offline dropped: Unknown synchronization | input-for-model dropped: MATLAB programming for wavelet decomposition;Fault detection;;rotating machine;;;Detail decomposition without cA3, kurtosis, mean absolute value (MAV), peak value, RMS, Signal acquired from the test bench, vibration signal, Whole signal or vector of the wavelet decomposition;5;15
1439;extraction_papers\ontocast_runs\run_remaining_500_gpt-5.6-luna_20260723_010000\output\facts_535a0e7a6856.ttl;2;Fault detection;Maintainable item;aircraft;Unknown synchronization;Not reported;sensor data;case-study type dropped: Maintainable item | default online/offline dropped: Unknown synchronization | input-for-model dropped: Not reported;Fault detection;;aircraft;;;sensor data;5;15
1440;extraction_papers\ontocast_runs\run_remaining_500_gpt-5.6-luna_20260723_010000\output\facts_5370a9fac5bd.ttl;1;Fault detection;Maintainable item;industrial asset;Unknown synchronization;Not reported;Historical vehicle data, FactsleakageData, Physical parameters, Real-time sensor inputs, Thermal imaging data, Vibration signals;case-study type dropped: Maintainable item | default online/offline dropped: Unknown synchronization | input-for-model dropped: Not reported;Fault detection;;industrial asset;;;Historical vehicle data, FactsleakageData, Physical parameters, Real-time sensor inputs, Thermal imaging data, Vibration signals;5;15
1441;extraction_papers\ontocast_runs\run_remaining_500_gpt-5.6-luna_20260723_010000\output\facts_54609ac6592d.ttl;1;Health assessment;Maintainable item;power equipment;Unknown synchronization;Not reported;multi-dimensional feature index system;case-study type dropped: Maintainable item | default online/offline dropped: Unknown synchronization | input-for-model dropped: Not reported;Health assessment;;power equipment;;;multi-dimensional feature index system;5;15
1442;extraction_papers\ontocast_runs\run_remaining_500_gpt-5.6-luna_20260723_010000\output\facts_56314cfda697.ttl;1;Fault identification;Maintainable item;CNC machining center;Unknown synchronization;Not reported;cutting fluid, pressure, raw data, temperature, tool geometry, vibration;case-study type dropped: Maintainable item | default online/offline dropped: Unknown synchronization | input-for-model dropped: Not reported;Fault identification;;CNC machining center;;;cutting fluid, pressure, raw data, temperature, tool geometry, vibration;5;15
1443;extraction_papers\ontocast_runs\run_remaining_500_gpt-5.6-luna_20260723_010000\output\facts_56ac328411a3.ttl;1;Remaining useful life estimation;Maintainable item;machinery;Unknown synchronization;Not reported;FD001, multivariate sensor signals;case-study type dropped: Maintainable item | default online/offline dropped: Unknown synchronization | input-for-model dropped: Not reported;Remaining useful life estimation;;machinery;;;FD001, multivariate sensor signals;5;15
1444;extraction_papers\ontocast_runs\run_remaining_500_gpt-5.6-luna_20260723_010000\output\facts_5730dc8ec3cf.ttl;1;Health assessment;Maintainable item;brake pad;Unknown synchronization;Not reported;Cu concentration, mean of the dilution effect, number of observations, observed error, observed time, standard deviation of observed errors;case-study type dropped: Maintainable item | default online/offline dropped: Unknown synchronization | input-for-model dropped: Not reported;Health assessment;;brake pad;;;Cu concentration, mean of the dilution effect, number of observations, observed error, observed time, standard deviation of observed errors;5;15
1445;extraction_papers\ontocast_runs\run_remaining_500_gpt-5.6-luna_20260723_010000\output\facts_57f6c0a78093.ttl;1;Remaining useful life estimation;Maintainable item;Battery B0005;Unknown synchronization;Not reported;Battery capacity, Cycle count, Discharging capacity, Discharging time, Impedance, FactsinputVariableDegradationPatterns, FactsinputVariableOperatingConditions, Maximum power time, Current, Remaining useful life (RUL), Temperature, Voltage;case-study type dropped: Maintainable item | default online/offline dropped: Unknown synchronization | input-for-model dropped: Not reported;Remaining useful life estimation;;Battery B0005;;;Battery capacity, Cycle count, Discharging capacity, Discharging time, Impedance, FactsinputVariableDegradationPatterns, FactsinputVariableOperatingConditions, Maximum power time, Current, Remaining useful life (RUL), Temperature, Voltage;5;15
1446;extraction_papers\ontocast_runs\run_remaining_500_gpt-5.6-luna_20260723_010000\output\facts_58bf3f32b151.ttl;1;Fault detection;Maintainable item;Controllable pitch propeller;Unknown synchronization;Not reported;lubricant temperature, engine parameter, Revision GE condition criterion value (RGCCV);case-study type dropped: Maintainable item | default online/offline dropped: Unknown synchronization | input-for-model dropped: Not reported;Fault detection;;Controllable pitch propeller;;;lubricant temperature, engine parameter, Revision GE condition criterion value (RGCCV);5;15
1447;extraction_papers\ontocast_runs\run_remaining_500_gpt-5.6-luna_20260723_010000\output\facts_5902718d1d09.ttl;1;Fault identification;Maintainable item;bearing-rotor system;Unknown synchronization;Not reported;shaft vibration;case-study type dropped: Maintainable item | default online/offline dropped: Unknown synchronization | input-for-model dropped: Not reported;Fault identification;;bearing-rotor system;;;shaft vibration;5;15
1448;extraction_papers\ontocast_runs\run_remaining_500_gpt-5.6-luna_20260723_010000\output\facts_5b5707c091a8.ttl;1;Fault detection;Maintainable item;bearing;Unknown synchronization;Not reported;frequency-domain features, seven key indicators, partial shading, performance variations, sensor measurements, time-domain features;case-study type dropped: Maintainable item | default online/offline dropped: Unknown synchronization | input-for-model dropped: Not reported;Fault detection;;bearing;;;frequency-domain features, seven key indicators, partial shading, performance variations, sensor measurements, time-domain features;5;15
1449;extraction_papers\ontocast_runs\run_remaining_500_gpt-5.6-luna_20260723_010000\output\facts_5bfd1659a6f9.ttl;1;Health assessment;Maintainable item;manufacturing machine;Unknown synchronization;Not reported;operational speed, remaining useful life (RUL), FactsspeedVariable_4;case-study type dropped: Maintainable item | default online/offline dropped: Unknown synchronization | input-for-model dropped: Not reported;Health assessment;;manufacturing machine;;;operational speed, remaining useful life (RUL), FactsspeedVariable_4;5;15
1450;extraction_papers\ontocast_runs\run_remaining_500_gpt-5.6-luna_20260723_010000\output\facts_5c12913d931e.ttl;1;Fault detection;Maintainable item;wind turbine;Unknown synchronization;Not reported;power;case-study type dropped: Maintainable item | default online/offline dropped: Unknown synchronization | input-for-model dropped: Not reported;Fault detection;;wind turbine;;;power;5;15
1451;extraction_papers\ontocast_runs\run_remaining_500_gpt-5.6-luna_20260723_010000\output\facts_5dcff467006b.ttl;2;Fault detection;Maintainable item;Not reported;Unknown synchronization;Not reported;Not reported;case-study type dropped: Maintainable item | case study dropped: Not reported | default online/offline dropped: Unknown synchronization | input-for-model dropped: Not reported | input type dropped: Not reported;Fault detection;;;;;;5;15
1452;extraction_papers\ontocast_runs\run_remaining_500_gpt-5.6-luna_20260723_010000\output\facts_5e70f0903857.ttl;1;Fault detection;Maintainable item;aerospace assembly line;Unknown synchronization;Not reported;configuration, stochastic variables;case-study type dropped: Maintainable item | default online/offline dropped: Unknown synchronization | input-for-model dropped: Not reported;Fault detection;;aerospace assembly line;;;configuration, stochastic variables;5;15
1453;extraction_papers\ontocast_runs\run_remaining_500_gpt-5.6-luna_20260723_010000\output\facts_5e7e0d3a4eac.ttl;1;One step future state forecast;Maintainable item;component 1;Unknown synchronization;Not reported;component reassignment problem, number of components, number of positions, initial reliability function, statistical virtual age, expected annual system maintenance cost;case-study type dropped: Maintainable item | default online/offline dropped: Unknown synchronization | input-for-model dropped: Not reported;One step future state forecast;;component 1;;;component reassignment problem, number of components, number of positions, initial reliability function, statistical virtual age, expected annual system maintenance cost;5;15
1454;extraction_papers\ontocast_runs\run_remaining_500_gpt-5.6-luna_20260723_010000\output\facts_5ea657695774.ttl;2;Fault detection;Maintainable item;Kaplan runner;Unknown synchronization;Not reported;SCADA data, differential pressure, friction, process parameters, guide vane position, hydraulic parameters, oil levels, FactssensorFaultGroups, vibration data, water flow;case-study type dropped: Maintainable item | default online/offline dropped: Unknown synchronization | input-for-model dropped: Not reported;Fault detection;;Kaplan runner;;;SCADA data, differential pressure, friction, process parameters, guide vane position, hydraulic parameters, oil levels, FactssensorFaultGroups, vibration data, water flow;5;15
1455;extraction_papers\ontocast_runs\run_remaining_500_gpt-5.6-luna_20260723_010000\output\facts_5f1c730ffac3.ttl;1;Fault detection;Maintainable item;ACS712;Unknown synchronization;Not reported;FactsdeepLearning_17;case-study type dropped: Maintainable item | default online/offline dropped: Unknown synchronization | input-for-model dropped: Not reported | input type dropped: FactsdeepLearning_17;Fault detection;;ACS712;;;;5;15
1456;extraction_papers\ontocast_runs\run_remaining_500_gpt-5.6-luna_20260723_010000\output\facts_5f3615cee7cc.ttl;1;Remaining useful life estimation;Maintainable item;rolling bearing;Unknown synchronization;Not reported;PHM2012 dataset, multiscale permutation entropy, deep learning;case-study type dropped: Maintainable item | default online/offline dropped: Unknown synchronization | input-for-model dropped: Not reported;Remaining useful life estimation;;rolling bearing;;;PHM2012 dataset, multiscale permutation entropy, deep learning;5;15
1457;extraction_papers\ontocast_runs\run_remaining_500_gpt-5.6-luna_20260723_010000\output\facts_6020c9f0caa2.ttl;1;Fault detection;Maintainable item;Not reported;Unknown synchronization;Not reported;CPU usage, memory consumption, power level, temperature;case-study type dropped: Maintainable item | case study dropped: Not reported | default online/offline dropped: Unknown synchronization | input-for-model dropped: Not reported;Fault detection;;;;;CPU usage, memory consumption, power level, temperature;5;15
1458;extraction_papers\ontocast_runs\run_remaining_500_gpt-5.6-luna_20260723_010000\output\facts_6039951e6e68.ttl;1;Health assessment;Maintainable item;PANTHERA 2.0;Unknown synchronization;Not reported;current consumption data;case-study type dropped: Maintainable item | default online/offline dropped: Unknown synchronization | input-for-model dropped: Not reported;Health assessment;;PANTHERA 2.0;;;current consumption data;5;15
1459;extraction_papers\ontocast_runs\run_remaining_500_gpt-5.6-luna_20260723_010000\output\facts_606736c491cf.ttl;1;Remaining useful life estimation;Maintainable item;lithium-ion battery;Unknown synchronization;Not reported;current, capacity decay time series, phase space reconstruction parameters, time delay of the monitoring sequence;case-study type dropped: Maintainable item | default online/offline dropped: Unknown synchronization | input-for-model dropped: Not reported;Remaining useful life estimation;;lithium-ion battery;;;current, capacity decay time series, phase space reconstruction parameters, time delay of the monitoring sequence;5;15
1460;extraction_papers\ontocast_runs\run_remaining_500_gpt-5.6-luna_20260723_010000\output\facts_61448afe33a2.ttl;1;Health assessment;Maintainable item;AIOps;Unknown synchronization;Not reported;AIOps;case-study type dropped: Maintainable item | default online/offline dropped: Unknown synchronization | input-for-model dropped: Not reported;Health assessment;;AIOps;;;AIOps;5;15
1461;extraction_papers\ontocast_runs\run_remaining_500_gpt-5.6-luna_20260723_010000\output\facts_61801de7faa6.ttl;1;Fault detection;Maintainable item;Bearing;Unknown synchronization;Not reported;Pressure;case-study type dropped: Maintainable item | default online/offline dropped: Unknown synchronization | input-for-model dropped: Not reported;Fault detection;;Bearing;;;Pressure;5;15
1462;extraction_papers\ontocast_runs\run_remaining_500_gpt-5.6-luna_20260723_010000\output\facts_61d1b8ca213e.ttl;2;Fault detection;Maintainable item;airplane engine;Unknown synchronization;Not reported;fatigue, holes, particle shape, particle size, roughness, segmentation techniques, texture pattern, wear particle texture;case-study type dropped: Maintainable item | default online/offline dropped: Unknown synchronization | input-for-model dropped: Not reported;Fault detection;;airplane engine;;;fatigue, holes, particle shape, particle size, roughness, segmentation techniques, texture pattern, wear particle texture;5;15
1463;extraction_papers\ontocast_runs\run_remaining_500_gpt-5.6-luna_20260723_010000\output\facts_626fc331ec69.ttl;1;Remaining useful life estimation;Maintainable item;aero-engine;Unknown synchronization;Not reported;CNN, RUL labels;case-study type dropped: Maintainable item | default online/offline dropped: Unknown synchronization | input-for-model dropped: Not reported;Remaining useful life estimation;;aero-engine;;;CNN, RUL labels;5;15
1464;extraction_papers\ontocast_runs\run_remaining_500_gpt-5.6-luna_20260723_010000\output\facts_6461b07c5e49.ttl;1;Remaining useful life estimation;Maintainable item;intelligent edge device;Unknown synchronization;Not reported;remaining useful life (RUL), Sensor data;case-study type dropped: Maintainable item | default online/offline dropped: Unknown synchronization | input-for-model dropped: Not reported;Remaining useful life estimation;;intelligent edge device;;;remaining useful life (RUL), Sensor data;5;15
1465;extraction_papers\ontocast_runs\run_remaining_500_gpt-5.6-luna_20260723_010000\output\facts_6485cdf21e07.ttl;2;Health assessment;Maintainable item;disconnector;Unknown synchronization;Not reported;Not reported;case-study type dropped: Maintainable item | default online/offline dropped: Unknown synchronization | input-for-model dropped: Not reported | input type dropped: Not reported;Health assessment;;disconnector;;;;5;15
1466;extraction_papers\ontocast_runs\run_remaining_500_gpt-5.6-luna_20260723_010000\output\facts_650a7fb7b013.ttl;1;Remaining useful life estimation;Maintainable item;Lithium-ion battery;Unknown synchronization;Not reported;current capacity, physical features, electrochemical performance, internal resistance, pressure, strain, Strain;case-study type dropped: Maintainable item | default online/offline dropped: Unknown synchronization | input-for-model dropped: Not reported;Remaining useful life estimation;;Lithium-ion battery;;;current capacity, physical features, electrochemical performance, internal resistance, pressure, strain, Strain;5;15
1467;extraction_papers\ontocast_runs\run_remaining_500_gpt-5.6-luna_20260723_010000\output\facts_66a208fdc2d6.ttl;1;Fault identification;Maintainable item;ESP machine;Unknown synchronization;Not reported;OutputVolt, Motor Horse Power (HP), Pump inlet pressure, Pump Intake Pressure, Temperature;case-study type dropped: Maintainable item | default online/offline dropped: Unknown synchronization | input-for-model dropped: Not reported;Fault identification;;ESP machine;;;OutputVolt, Motor Horse Power (HP), Pump inlet pressure, Pump Intake Pressure, Temperature;5;15
1468;extraction_papers\ontocast_runs\run_remaining_500_gpt-5.6-luna_20260723_010000\output\facts_66f4714ceff7.ttl;1;Remaining useful life estimation;Maintainable item;NC machine tool;Unknown synchronization;Not reported;cutting force, high-dimensional degradation features, spindle speed, temperature;case-study type dropped: Maintainable item | default online/offline dropped: Unknown synchronization | input-for-model dropped: Not reported;Remaining useful life estimation;;NC machine tool;;;cutting force, high-dimensional degradation features, spindle speed, temperature;5;15
1469;extraction_papers\ontocast_runs\run_remaining_500_gpt-5.6-luna_20260723_010000\output\facts_670f54cfda24.ttl;1;Fault identification;Maintainable item;bearing;Unknown synchronization;Not reported;spatial-temporal features;case-study type dropped: Maintainable item | default online/offline dropped: Unknown synchronization | input-for-model dropped: Not reported;Fault identification;;bearing;;;spatial-temporal features;5;15
1470;extraction_papers\ontocast_runs\run_remaining_500_gpt-5.6-luna_20260723_010000\output\facts_67177be8c292.ttl;1;Fault identification;Maintainable item;GIS equipment;Unknown synchronization;Not reported;electrical contact fault feature, partial discharge feature, sound signal, vibration signal, waveform distortion, multiple signals, GIS circuit breaker closing transient vibration signals;case-study type dropped: Maintainable item | default online/offline dropped: Unknown synchronization | input-for-model dropped: Not reported;Fault identification;;GIS equipment;;;electrical contact fault feature, partial discharge feature, sound signal, vibration signal, waveform distortion, multiple signals, GIS circuit breaker closing transient vibration signals;5;15
1471;extraction_papers\ontocast_runs\run_remaining_500_gpt-5.6-luna_20260723_010000\output\facts_6772a3bbadfb.ttl;1;Fault detection;Maintainable item;cylinder injectors;Unknown synchronization;Not reported;Cylinder temperature data, vibration frequencies;case-study type dropped: Maintainable item | default online/offline dropped: Unknown synchronization | input-for-model dropped: Not reported;Fault detection;;cylinder injectors;;;Cylinder temperature data, vibration frequencies;5;15
1472;extraction_papers\ontocast_runs\run_remaining_500_gpt-5.6-luna_20260723_010000\output\facts_67828081cd2d.ttl;1;Fault detection;Maintainable item;bearing;Unknown synchronization;Not reported;acoustic signal, time domain images;case-study type dropped: Maintainable item | default online/offline dropped: Unknown synchronization | input-for-model dropped: Not reported;Fault detection;;bearing;;;acoustic signal, time domain images;5;15
1473;extraction_papers\ontocast_runs\run_remaining_500_gpt-5.6-luna_20260723_010000\output\facts_686ae6735d60.ttl;1;Fault detection;Maintainable item;high-impact recorder;Unknown synchronization;Not reported;bias term, class label, pressure, kernel function, Lagrange multipliers, penalty parameter;case-study type dropped: Maintainable item | default online/offline dropped: Unknown synchronization | input-for-model dropped: Not reported;Fault detection;;high-impact recorder;;;bias term, class label, pressure, kernel function, Lagrange multipliers, penalty parameter;5;15
1474;extraction_papers\ontocast_runs\run_remaining_500_gpt-5.6-luna_20260723_010000\output\facts_68927456c5a2.ttl;1;Fault detection;Maintainable item;Boiler 1;Unknown synchronization;Not reported;Boiler 1 superheated steam production, Daily fuel consumption, Shaft power, Individual anomaly components;case-study type dropped: Maintainable item | default online/offline dropped: Unknown synchronization | input-for-model dropped: Not reported;Fault detection;;Boiler 1;;;Boiler 1 superheated steam production, Daily fuel consumption, Shaft power, Individual anomaly components;5;15
1475;extraction_papers\ontocast_runs\run_remaining_500_gpt-5.6-luna_20260723_010000\output\facts_68edc7bfc419.ttl;1;Fault detection;Maintainable item;FactscommunicationSystem;Unknown synchronization;Not reported;historical fault records, Waterlogging disaster time, Pressure value, Rainfall, sensor data, Temperature, Wind speed;case-study type dropped: Maintainable item | case study dropped: FactscommunicationSystem | default online/offline dropped: Unknown synchronization | input-for-model dropped: Not reported;Fault detection;;;;;historical fault records, Waterlogging disaster time, Pressure value, Rainfall, sensor data, Temperature, Wind speed;5;15
1476;extraction_papers\ontocast_runs\run_remaining_500_gpt-5.6-luna_20260723_010000\output\facts_692880c67298.ttl;1;One step future state forecast;Maintainable item;Oil refinery production equipment;Unknown synchronization;Not reported;Not reported;case-study type dropped: Maintainable item | default online/offline dropped: Unknown synchronization | input-for-model dropped: Not reported | input type dropped: Not reported;One step future state forecast;;Oil refinery production equipment;;;;5;15
1477;extraction_papers\ontocast_runs\run_remaining_500_gpt-5.6-luna_20260723_010000\output\facts_6937f8f6e632.ttl;1;Fault feature extraction;Maintainable item;HUST bearing test rig;Unknown synchronization;Not reported;fault type, operational status, sample duration;case-study type dropped: Maintainable item | default online/offline dropped: Unknown synchronization | input-for-model dropped: Not reported;Fault feature extraction;;HUST bearing test rig;;;fault type, operational status, sample duration;5;15
1478;extraction_papers\ontocast_runs\run_remaining_500_gpt-5.6-luna_20260723_010000\output\facts_6a36ce857769.ttl;4;Fault detection;Maintainable item;rolling bearing;Unknown synchronization;Not reported;sound, operating scenario, startup transient signal, stator current, time domain;case-study type dropped: Maintainable item | default online/offline dropped: Unknown synchronization | input-for-model dropped: Not reported;Fault detection;;rolling bearing;;;sound, operating scenario, startup transient signal, stator current, time domain;5;15
1479;extraction_papers\ontocast_runs\run_remaining_500_gpt-5.6-luna_20260723_010000\output\facts_6a4e77784ccd.ttl;2;Fault detection;Maintainable item;gear;Unknown synchronization;Not reported;amplitude, cepstrum, meshing frequency, rotation frequency, signal, measured vibration signal, white noise;case-study type dropped: Maintainable item | default online/offline dropped: Unknown synchronization | input-for-model dropped: Not reported;Fault detection;;gear;;;amplitude, cepstrum, meshing frequency, rotation frequency, signal, measured vibration signal, white noise;5;15
1480;extraction_papers\ontocast_runs\run_remaining_500_gpt-5.6-luna_20260723_010000\output\facts_6a79677e8da7.ttl;1;Fault detection;Maintainable item;medium voltage cable;Unknown synchronization;vector network analyzer (VNA);Not reported;case-study type dropped: Maintainable item | default online/offline dropped: Unknown synchronization | input-for-model dropped: vector network analyzer (VNA) | input type dropped: Not reported;Fault detection;;medium voltage cable;;;;5;15
1481;extraction_papers\ontocast_runs\run_remaining_500_gpt-5.6-luna_20260723_010000\output\facts_6b203fabc136.ttl;1;Fault identification;Maintainable item;Robotic arm;Unknown synchronization;Not reported;PCA, FactsvoltageVariable_8, wearable inertial sensor data;case-study type dropped: Maintainable item | default online/offline dropped: Unknown synchronization | input-for-model dropped: Not reported;Fault identification;;Robotic arm;;;PCA, FactsvoltageVariable_8, wearable inertial sensor data;5;15
1482;extraction_papers\ontocast_runs\run_remaining_500_gpt-5.6-luna_20260723_010000\output\facts_6b8545b78ee4.ttl;1;Remaining useful life estimation;Maintainable item;nuclear power plant equipment;Unknown synchronization;Not reported;flow, FactsmlCsnn, pressure, temperature, vibration;case-study type dropped: Maintainable item | default online/offline dropped: Unknown synchronization | input-for-model dropped: Not reported;Remaining useful life estimation;;nuclear power plant equipment;;;flow, FactsmlCsnn, pressure, temperature, vibration;5;15
1483;extraction_papers\ontocast_runs\run_remaining_500_gpt-5.6-luna_20260723_010000\output\facts_6b9efd7a0165.ttl;1;Health assessment;Maintainable item;continuous damping control damper;Unknown synchronization;Not reported;Not reported;case-study type dropped: Maintainable item | default online/offline dropped: Unknown synchronization | input-for-model dropped: Not reported | input type dropped: Not reported;Health assessment;;continuous damping control damper;;;;5;15
1484;extraction_papers\ontocast_runs\run_remaining_500_gpt-5.6-luna_20260723_010000\output\facts_6bce914faee8.ttl;1;Fault detection;Maintainable item;medium-voltage switchgear;Unknown synchronization;Not reported;current, temperature measurement, FactstemperatureReadings;case-study type dropped: Maintainable item | default online/offline dropped: Unknown synchronization | input-for-model dropped: Not reported;Fault detection;;medium-voltage switchgear;;;current, temperature measurement, FactstemperatureReadings;5;15
1485;extraction_papers\ontocast_runs\run_remaining_500_gpt-5.6-luna_20260723_010000\output\facts_6ca4f84c1511.ttl;1;Fault identification;Maintainable item;industrial rolling bearing;Unknown synchronization;Not reported;vibrational data;case-study type dropped: Maintainable item | default online/offline dropped: Unknown synchronization | input-for-model dropped: Not reported;Fault identification;;industrial rolling bearing;;;vibrational data;5;15
1486;extraction_papers\ontocast_runs\run_remaining_500_gpt-5.6-luna_20260723_010000\output\facts_6cb8aede6e57.ttl;1;Remaining useful life estimation;Maintainable item;turbofan engine;Unknown synchronization;Not reported;equipment health state, sensor data;case-study type dropped: Maintainable item | default online/offline dropped: Unknown synchronization | input-for-model dropped: Not reported;Remaining useful life estimation;;turbofan engine;;;equipment health state, sensor data;5;15
1487;extraction_papers\ontocast_runs\run_remaining_500_gpt-5.6-luna_20260723_010000\output\facts_6d246defadfc.ttl;1;Fault detection;Maintainable item;bolted flange joint;Unknown synchronization;Not reported;Not reported;case-study type dropped: Maintainable item | default online/offline dropped: Unknown synchronization | input-for-model dropped: Not reported | input type dropped: Not reported;Fault detection;;bolted flange joint;;;;5;15
1488;extraction_papers\ontocast_runs\run_remaining_500_gpt-5.6-luna_20260723_010000\output\facts_6d3bfcb2d45a.ttl;2;Fault detection;Maintainable item;industrial steam system;Unknown synchronization;Not reported;asset data, steam trap inlet temperature, IoT sensor data, operational parameters, public holiday calendars, statistical time-series features, weather information;case-study type dropped: Maintainable item | default online/offline dropped: Unknown synchronization | input-for-model dropped: Not reported;Fault detection;;industrial steam system;;;asset data, steam trap inlet temperature, IoT sensor data, operational parameters, public holiday calendars, statistical time-series features, weather information;5;15
1489;extraction_papers\ontocast_runs\run_remaining_500_gpt-5.6-luna_20260723_010000\output\facts_6da34c123972.ttl;1;Fault detection;Maintainable item;power grid;Unknown synchronization;Not reported;meteorological data, meteorological monitoring data;case-study type dropped: Maintainable item | default online/offline dropped: Unknown synchronization | input-for-model dropped: Not reported;Fault detection;;power grid;;;meteorological data, meteorological monitoring data;5;15
1490;extraction_papers\ontocast_runs\run_remaining_500_gpt-5.6-luna_20260723_010000\output\facts_6e448e9baa63.ttl;2;One step future state forecast;Maintainable item;turbine;Unknown synchronization;Not reported;pressure, Factshead, FactsinletPressure;case-study type dropped: Maintainable item | default online/offline dropped: Unknown synchronization | input-for-model dropped: Not reported;One step future state forecast;;turbine;;;pressure, Factshead, FactsinletPressure;5;15
1491;extraction_papers\ontocast_runs\run_remaining_500_gpt-5.6-luna_20260723_010000\output\facts_6ef0b30b64e0.ttl;1;Fault detection;Maintainable item;drive train;Unknown synchronization;Not reported;frequency spectra, statistical variables, vibration sensor;case-study type dropped: Maintainable item | default online/offline dropped: Unknown synchronization | input-for-model dropped: Not reported;Fault detection;;drive train;;;frequency spectra, statistical variables, vibration sensor;5;15
1492;extraction_papers\ontocast_runs\run_remaining_500_gpt-5.6-luna_20260723_010000\output\facts_6f04f92f41f4.ttl;1;Fault detection;Maintainable item;Electric locomotive bearing;Unknown synchronization;Not reported;FactsspeedVariable;case-study type dropped: Maintainable item | default online/offline dropped: Unknown synchronization | input-for-model dropped: Not reported | input type dropped: FactsspeedVariable;Fault detection;;Electric locomotive bearing;;;;5;15
1493;extraction_papers\ontocast_runs\run_remaining_500_gpt-5.6-luna_20260723_010000\output\facts_6f5202a005cf.ttl;1;Fault detection;Maintainable item;clinical chemistry analyser;Unknown synchronization;Not reported;sensor data from sensors present in a CT machine, wavelet coefficients;case-study type dropped: Maintainable item | default online/offline dropped: Unknown synchronization | input-for-model dropped: Not reported;Fault detection;;clinical chemistry analyser;;;sensor data from sensors present in a CT machine, wavelet coefficients;5;15
1494;extraction_papers\ontocast_runs\run_remaining_500_gpt-5.6-luna_20260723_010000\output\facts_6f8237fb1105.ttl;1;Fault detection;Maintainable item;bearing;Unknown synchronization;Not reported;motor load information, pressure, sensor data, temperature, vibration;case-study type dropped: Maintainable item | default online/offline dropped: Unknown synchronization | input-for-model dropped: Not reported;Fault detection;;bearing;;;motor load information, pressure, sensor data, temperature, vibration;5;15
1495;extraction_papers\ontocast_runs\run_remaining_500_gpt-5.6-luna_20260723_010000\output\facts_70c78d1f7d9d.ttl;1;Health assessment;Maintainable item;aircraft;Unknown synchronization;Not reported;Sensor signals;case-study type dropped: Maintainable item | default online/offline dropped: Unknown synchronization | input-for-model dropped: Not reported;Health assessment;;aircraft;;;Sensor signals;5;15
1496;extraction_papers\ontocast_runs\run_remaining_500_gpt-5.6-luna_20260723_010000\output\facts_7145880fa0ec.ttl;1;Fault detection;Maintainable item;PV module;Unknown synchronization;Not reported;Not reported;case-study type dropped: Maintainable item | default online/offline dropped: Unknown synchronization | input-for-model dropped: Not reported | input type dropped: Not reported;Fault detection;;PV module;;;;5;15
1497;extraction_papers\ontocast_runs\run_remaining_500_gpt-5.6-luna_20260723_010000\output\facts_7154c2f15adf.ttl;1;Fault detection;Maintainable item;transformer;Unknown synchronization;Not reported;image-based features from FRA polar plots, numerical features from FRA traces;case-study type dropped: Maintainable item | default online/offline dropped: Unknown synchronization | input-for-model dropped: Not reported;Fault detection;;transformer;;;image-based features from FRA polar plots, numerical features from FRA traces;5;15
1498;extraction_papers\ontocast_runs\run_remaining_500_gpt-5.6-luna_20260723_010000\output\facts_71eaf3887b66.ttl;2;One step future state forecast;Maintainable item;complex system;Unknown synchronization;Not reported;Not reported;case-study type dropped: Maintainable item | default online/offline dropped: Unknown synchronization | input-for-model dropped: Not reported | input type dropped: Not reported;One step future state forecast;;complex system;;;;5;15
1499;extraction_papers\ontocast_runs\run_remaining_500_gpt-5.6-luna_20260723_010000\output\facts_72449a959f3c.ttl;1;Fault detection;Maintainable item;compensating reactors;Unknown synchronization;Not reported;environmental parameters, external stress conditions, productivity, soil temperature, waterproof and dustproof grade;case-study type dropped: Maintainable item | default online/offline dropped: Unknown synchronization | input-for-model dropped: Not reported;Fault detection;;compensating reactors;;;environmental parameters, external stress conditions, productivity, soil temperature, waterproof and dustproof grade;5;15
1500;extraction_papers\ontocast_runs\run_remaining_500_gpt-5.6-luna_20260723_010000\output\facts_7341cad185f7.ttl;1;Fault detection;Maintainable item;Asynchronous AC electric motor;Unknown synchronization;Not reported;FactsactiveElectricalPowerSignal, FactsgearboxVibrationSignal, FactsoutputSpindleAngularSpeedSignal;case-study type dropped: Maintainable item | default online/offline dropped: Unknown synchronization | input-for-model dropped: Not reported;Fault detection;;Asynchronous AC electric motor;;;FactsactiveElectricalPowerSignal, FactsgearboxVibrationSignal, FactsoutputSpindleAngularSpeedSignal;5;15
1501;extraction_papers\ontocast_runs\run_remaining_500_gpt-5.6-luna_20260723_010000\output\facts_739f1a2257d6.ttl;1;Remaining useful life estimation;Maintainable item;thyristor;Unknown synchronization;Not reported;Qr charge difference, first degradation indicator, VT forward voltage, reverse recovery charge (Qr), thyristor degradation process;case-study type dropped: Maintainable item | default online/offline dropped: Unknown synchronization | input-for-model dropped: Not reported;Remaining useful life estimation;;thyristor;;;Qr charge difference, first degradation indicator, VT forward voltage, reverse recovery charge (Qr), thyristor degradation process;5;15
1502;extraction_papers\ontocast_runs\run_remaining_500_gpt-5.6-luna_20260723_010000\output\facts_742569db1b34.ttl;3;Fault identification;Maintainable item;electrical insulation system;Unknown synchronization;Not reported;FactsoptimizedPdFeaturesDataVariable, FactspartialDischargeDataVariable, PD amplitude q;case-study type dropped: Maintainable item | default online/offline dropped: Unknown synchronization | input-for-model dropped: Not reported;Fault identification;;electrical insulation system;;;FactsoptimizedPdFeaturesDataVariable, FactspartialDischargeDataVariable, PD amplitude q;5;15
1503;extraction_papers\ontocast_runs\run_remaining_500_gpt-5.6-luna_20260723_010000\output\facts_75e741edf08b.ttl;1;One step future state forecast;Maintainable item;roller;Unknown synchronization;Not reported;condition parameter;case-study type dropped: Maintainable item | default online/offline dropped: Unknown synchronization | input-for-model dropped: Not reported;One step future state forecast;;roller;;;condition parameter;5;15
1504;extraction_papers\ontocast_runs\run_remaining_500_gpt-5.6-luna_20260723_010000\output\facts_7601be1727eb.ttl;1;Fault detection;Maintainable item;servomotor bearings;Unknown synchronization;Not reported;characterised disturbances, input data;case-study type dropped: Maintainable item | default online/offline dropped: Unknown synchronization | input-for-model dropped: Not reported;Fault detection;;servomotor bearings;;;characterised disturbances, input data;5;15
1505;extraction_papers\ontocast_runs\run_remaining_500_gpt-5.6-luna_20260723_010000\output\facts_764d62b539a9.ttl;2;Fault detection;Maintainable item;die;Unknown synchronization;Not reported;ram tilt, die surface temperature, forming force, forming result assessment, FactsramTilt;case-study type dropped: Maintainable item | default online/offline dropped: Unknown synchronization | input-for-model dropped: Not reported;Fault detection;;die;;;ram tilt, die surface temperature, forming force, forming result assessment, FactsramTilt;5;15
1506;extraction_papers\ontocast_runs\run_remaining_500_gpt-5.6-luna_20260723_010000\output\facts_774f6a062fc1.ttl;1;Fault detection;Maintainable item;synchronous condenser;Unknown synchronization;Not reported;thermal data;case-study type dropped: Maintainable item | default online/offline dropped: Unknown synchronization | input-for-model dropped: Not reported;Fault detection;;synchronous condenser;;;thermal data;5;15
1507;extraction_papers\ontocast_runs\run_remaining_500_gpt-5.6-luna_20260723_010000\output\facts_77c48f15a97b.ttl;1;Fault detection;Maintainable item;bearing fault detection;Unknown synchronization;Not reported;amplitude changes, bearing, fault severity, load, raw time-domain data, speed, vibration signals;case-study type dropped: Maintainable item | default online/offline dropped: Unknown synchronization | input-for-model dropped: Not reported;Fault detection;;bearing fault detection;;;amplitude changes, bearing, fault severity, load, raw time-domain data, speed, vibration signals;5;15
1508;extraction_papers\ontocast_runs\run_remaining_500_gpt-5.6-luna_20260723_010000\output\facts_79e539b9907e.ttl;1;Fault detection;Maintainable item;FactsdoorLockFault;Unknown synchronization;Not reported;Acceleration, Frequency, running speed, current;case-study type dropped: Maintainable item | case study dropped: FactsdoorLockFault | default online/offline dropped: Unknown synchronization | input-for-model dropped: Not reported;Fault detection;;;;;Acceleration, Frequency, running speed, current;5;15
1509;extraction_papers\ontocast_runs\run_remaining_500_gpt-5.6-luna_20260723_010000\output\facts_7af20d9d3082.ttl;2;Fault feature extraction;Maintainable item;bearings;Unknown synchronization;Not reported;sensing;case-study type dropped: Maintainable item | default online/offline dropped: Unknown synchronization | input-for-model dropped: Not reported;Fault feature extraction;;bearings;;;sensing;5;15
1510;extraction_papers\ontocast_runs\run_remaining_500_gpt-5.6-luna_20260723_010000\output\facts_7b45e17c92d7.ttl;1;Fault detection;Maintainable item;rotating machinery;Unknown synchronization;Not reported;FactssignalEnvelopes;case-study type dropped: Maintainable item | default online/offline dropped: Unknown synchronization | input-for-model dropped: Not reported | input type dropped: FactssignalEnvelopes;Fault detection;;rotating machinery;;;;5;15
1511;extraction_papers\ontocast_runs\run_remaining_500_gpt-5.6-luna_20260723_010000\output\facts_7dcef0231e6b.ttl;1;Fault detection;Maintainable item;turbofan engine;Unknown synchronization;Not reported;individual sensor feature;case-study type dropped: Maintainable item | default online/offline dropped: Unknown synchronization | input-for-model dropped: Not reported;Fault detection;;turbofan engine;;;individual sensor feature;5;15
1512;extraction_papers\ontocast_runs\run_remaining_500_gpt-5.6-luna_20260723_010000\output\facts_7e210743000f.ttl;2;Fault identification;Maintainable item;bearing seat;Unknown synchronization;Not reported;transformer, one-dimensional vibration signal, time-domain energy entropy values, vibration frequency;case-study type dropped: Maintainable item | default online/offline dropped: Unknown synchronization | input-for-model dropped: Not reported;Fault identification;;bearing seat;;;transformer, one-dimensional vibration signal, time-domain energy entropy values, vibration frequency;5;15
1513;extraction_papers\ontocast_runs\run_remaining_500_gpt-5.6-luna_20260723_010000\output\facts_7fdad9a52dc6.ttl;1;Fault identification;Maintainable item;Retrofitted five-axis computer numerical control machine;Unknown synchronization;Not reported;power consumption data, operational sequences, vibration data;case-study type dropped: Maintainable item | default online/offline dropped: Unknown synchronization | input-for-model dropped: Not reported;Fault identification;;Retrofitted five-axis computer numerical control machine;;;power consumption data, operational sequences, vibration data;5;15
1514;extraction_papers\ontocast_runs\run_remaining_500_gpt-5.6-luna_20260723_010000\output\facts_800ab1cc29a2.ttl;1;Health assessment;Maintainable item;hydraulic system 1;Unknown synchronization;Not reported;real-time sensor data, Factsdegradation1, FactspumpSpeedVariable;case-study type dropped: Maintainable item | default online/offline dropped: Unknown synchronization | input-for-model dropped: Not reported;Health assessment;;hydraulic system 1;;;real-time sensor data, Factsdegradation1, FactspumpSpeedVariable;5;15
1515;extraction_papers\ontocast_runs\run_remaining_500_gpt-5.6-luna_20260723_010000\output\facts_80fd96cc9371.ttl;2;Fault detection;Maintainable item;wind turbine;Unknown synchronization;Not reported;standard geomagnetic field, high-frequency magnetometer data, nacelle wind speed, normal behaviour data, rotor rotations per minute measurements, rotor speed, supervisory control and data acquisition data, SCADA measurements, yaw angle;case-study type dropped: Maintainable item | default online/offline dropped: Unknown synchronization | input-for-model dropped: Not reported;Fault detection;;wind turbine;;;standard geomagnetic field, high-frequency magnetometer data, nacelle wind speed, normal behaviour data, rotor rotations per minute measurements, rotor speed, supervisory control and data acquisition data, SCADA measurements, yaw angle;5;15
1516;extraction_papers\ontocast_runs\run_remaining_500_gpt-5.6-luna_20260723_010000\output\facts_8145db8d38ec.ttl;1;Fault detection;Maintainable item;industrial equipment;Unknown synchronization;Not reported;Equipment operational data, Fault thresholds, Prediction residuals;case-study type dropped: Maintainable item | default online/offline dropped: Unknown synchronization | input-for-model dropped: Not reported;Fault detection;;industrial equipment;;;Equipment operational data, Fault thresholds, Prediction residuals;5;15
1517;extraction_papers\ontocast_runs\run_remaining_500_gpt-5.6-luna_20260723_010000\output\facts_81d93d178930.ttl;1;Remaining useful life estimation;Maintainable item;engine performance monitoring;Unknown synchronization;Not reported;engine parameters, fault data, normal operational data, on-board OBD system data, sensor data, vehicle diagnostics, vehicle logs;case-study type dropped: Maintainable item | default online/offline dropped: Unknown synchronization | input-for-model dropped: Not reported;Remaining useful life estimation;;engine performance monitoring;;;engine parameters, fault data, normal operational data, on-board OBD system data, sensor data, vehicle diagnostics, vehicle logs;5;15
1518;extraction_papers\ontocast_runs\run_remaining_500_gpt-5.6-luna_20260723_010000\output\facts_8313c9633a46.ttl;1;Fault detection;Maintainable item;aero-engine bearing;Unknown synchronization;Not reported;acoustic data, thermal data, time-frequency representation (TFR), vibration signal, fault feature;case-study type dropped: Maintainable item | default online/offline dropped: Unknown synchronization | input-for-model dropped: Not reported;Fault detection;;aero-engine bearing;;;acoustic data, thermal data, time-frequency representation (TFR), vibration signal, fault feature;5;15
1519;extraction_papers\ontocast_runs\run_remaining_500_gpt-5.6-luna_20260723_010000\output\facts_83aca1cd40c5.ttl;2;Fault detection;Maintainable item;aircraft engine;Unknown synchronization;Not reported;sensor signal;case-study type dropped: Maintainable item | default online/offline dropped: Unknown synchronization | input-for-model dropped: Not reported;Fault detection;;aircraft engine;;;sensor signal;5;15
1520;extraction_papers\ontocast_runs\run_remaining_500_gpt-5.6-luna_20260723_010000\output\facts_84118bc90a2e.ttl;1;Fault detection;Maintainable item;DC microgrid;Unknown synchronization;Not reported;AC power compatible with grid integration and end-user consumption, DC power generated by renewable energy sources, power signals of DC microgrid inverters;case-study type dropped: Maintainable item | default online/offline dropped: Unknown synchronization | input-for-model dropped: Not reported;Fault detection;;DC microgrid;;;AC power compatible with grid integration and end-user consumption, DC power generated by renewable energy sources, power signals of DC microgrid inverters;5;15
1521;extraction_papers\ontocast_runs\run_remaining_500_gpt-5.6-luna_20260723_010000\output\facts_846e4da09ef1.ttl;1;Fault detection;Maintainable item;packaging machine;Unknown synchronization;Maintenance work order;Machine alarms, Real-time machine data;case-study type dropped: Maintainable item | default online/offline dropped: Unknown synchronization | input-for-model dropped: Maintenance work order;Fault detection;;packaging machine;;;Machine alarms, Real-time machine data;5;15
1522;extraction_papers\ontocast_runs\run_remaining_500_gpt-5.6-luna_20260723_010000\output\facts_85052b5fde74.ttl;3;Fault identification;Maintainable item;conveyor trough;Unknown synchronization;Not reported;axial force, bolt working condition, pre-tightening force, rotation angle, sensor information, ultrasonic wave propagation, vibration signal;case-study type dropped: Maintainable item | default online/offline dropped: Unknown synchronization | input-for-model dropped: Not reported;Fault identification;;conveyor trough;;;axial force, bolt working condition, pre-tightening force, rotation angle, sensor information, ultrasonic wave propagation, vibration signal;5;15
1523;extraction_papers\ontocast_runs\run_remaining_500_gpt-5.6-luna_20260723_010000\output\facts_854f9525f7c2.ttl;1;Health assessment;Maintainable item;rolling bearing;Unknown synchronization;Not reported;health status data, parameter data, reconstruction error;case-study type dropped: Maintainable item | default online/offline dropped: Unknown synchronization | input-for-model dropped: Not reported;Health assessment;;rolling bearing;;;health status data, parameter data, reconstruction error;5;15
1524;extraction_papers\ontocast_runs\run_remaining_500_gpt-5.6-luna_20260723_010000\output\facts_8558c8b8a2da.ttl;1;Remaining useful life estimation;Maintainable item;turbine engine;Unknown synchronization;Not reported;C-MAPSS, sensor data;case-study type dropped: Maintainable item | default online/offline dropped: Unknown synchronization | input-for-model dropped: Not reported;Remaining useful life estimation;;turbine engine;;;C-MAPSS, sensor data;5;15
1525;extraction_papers\ontocast_runs\run_remaining_500_gpt-5.6-luna_20260723_010000\output\facts_85fbda59e3ca.ttl;2;Fault detection;Maintainable item;induction motor;Unknown synchronization;Not reported;infrared images of an intact water-cooled electric machine, FactsinfraredRadiation, FactsmachineSpeed;case-study type dropped: Maintainable item | default online/offline dropped: Unknown synchronization | input-for-model dropped: Not reported;Fault detection;;induction motor;;;infrared images of an intact water-cooled electric machine, FactsinfraredRadiation, FactsmachineSpeed;5;15
1526;extraction_papers\ontocast_runs\run_remaining_500_gpt-5.6-luna_20260723_010000\output\facts_8621a17b378c.ttl;1;Fault feature extraction;Maintainable item;faulty component;Unknown synchronization;Not reported;data noise, long-term storage state, missing data, multi-modal interference, vibration signals;case-study type dropped: Maintainable item | default online/offline dropped: Unknown synchronization | input-for-model dropped: Not reported;Fault feature extraction;;faulty component;;;data noise, long-term storage state, missing data, multi-modal interference, vibration signals;5;15
1527;extraction_papers\ontocast_runs\run_remaining_500_gpt-5.6-luna_20260723_010000\output\facts_8699c9dda289.ttl;1;Fault detection;Maintainable item;rotor;Unknown synchronization;Not reported;fluorescence lifetime, Rated power, rotor temperature;case-study type dropped: Maintainable item | default online/offline dropped: Unknown synchronization | input-for-model dropped: Not reported;Fault detection;;rotor;;;fluorescence lifetime, Rated power, rotor temperature;5;15
1528;extraction_papers\ontocast_runs\run_remaining_500_gpt-5.6-luna_20260723_010000\output\facts_874a0e0b2027.ttl;1;Remaining useful life estimation;Maintainable item;aircraft engine propeller;Unknown synchronization;Not reported;degradation performance, First performance index;case-study type dropped: Maintainable item | default online/offline dropped: Unknown synchronization | input-for-model dropped: Not reported;Remaining useful life estimation;;aircraft engine propeller;;;degradation performance, First performance index;5;15
1529;extraction_papers\ontocast_runs\run_remaining_500_gpt-5.6-luna_20260723_010000\output\facts_87f23e08e1f1.ttl;1;Fault detection;Maintainable item;Not reported;Unknown synchronization;Not reported;data streams, high-dimensional input spaces;case-study type dropped: Maintainable item | case study dropped: Not reported | default online/offline dropped: Unknown synchronization | input-for-model dropped: Not reported;Fault detection;;;;;data streams, high-dimensional input spaces;5;15
1530;extraction_papers\ontocast_runs\run_remaining_500_gpt-5.6-luna_20260723_010000\output\facts_88b06e430dd2.ttl;1;Fault detection;Maintainable item;axial piston pump;Unknown synchronization;Not reported;flow, pressure, temperature, vibration;case-study type dropped: Maintainable item | default online/offline dropped: Unknown synchronization | input-for-model dropped: Not reported;Fault detection;;axial piston pump;;;flow, pressure, temperature, vibration;5;15
1531;extraction_papers\ontocast_runs\run_remaining_500_gpt-5.6-luna_20260723_010000\output\facts_892f9ff654a7.ttl;1;Remaining useful life estimation;Maintainable item;angular contact ball bearing;Unknown synchronization;Not reported;Not reported;case-study type dropped: Maintainable item | default online/offline dropped: Unknown synchronization | input-for-model dropped: Not reported | input type dropped: Not reported;Remaining useful life estimation;;angular contact ball bearing;;;;5;15
1532;extraction_papers\ontocast_runs\run_remaining_500_gpt-5.6-luna_20260723_010000\output\facts_89c528ad5243.ttl;1;Fault detection;Maintainable item;Embosser component;Unknown synchronization;Not reported;Feature selection, Normalisation, Time-series data collected from the embosser component, Time-series transformation;case-study type dropped: Maintainable item | default online/offline dropped: Unknown synchronization | input-for-model dropped: Not reported;Fault detection;;Embosser component;;;Feature selection, Normalisation, Time-series data collected from the embosser component, Time-series transformation;5;15
1533;extraction_papers\ontocast_runs\run_remaining_500_gpt-5.6-luna_20260723_010000\output\facts_89e8038cd325.ttl;1;Health assessment;Maintainable item;connected machines;Unknown synchronization;Not reported;Not reported;case-study type dropped: Maintainable item | default online/offline dropped: Unknown synchronization | input-for-model dropped: Not reported | input type dropped: Not reported;Health assessment;;connected machines;;;;5;15
1534;extraction_papers\ontocast_runs\run_remaining_500_gpt-5.6-luna_20260723_010000\output\facts_8ac05466939c.ttl;1;Fault feature extraction;Maintainable item;rolling bearing;Unknown synchronization;Not reported;linear prediction coefficient, signal frame, NN;case-study type dropped: Maintainable item | default online/offline dropped: Unknown synchronization | input-for-model dropped: Not reported;Fault feature extraction;;rolling bearing;;;linear prediction coefficient, signal frame, NN;5;15
1535;extraction_papers\ontocast_runs\run_remaining_500_gpt-5.6-luna_20260723_010000\output\facts_8ad1ddeb43e5.ttl;1;Remaining useful life estimation;Maintainable item;Industrial system;Unknown synchronization;Not reported;FactsvariableDischargeTime, FactsvariableVoltage;case-study type dropped: Maintainable item | default online/offline dropped: Unknown synchronization | input-for-model dropped: Not reported;Remaining useful life estimation;;Industrial system;;;FactsvariableDischargeTime, FactsvariableVoltage;5;15
1536;extraction_papers\ontocast_runs\run_remaining_500_gpt-5.6-luna_20260723_010000\output\facts_8b7895e3d200.ttl;1;Fault detection;Maintainable item;Factsgearbox_7;Unknown synchronization;Not reported;SCADA data, FactsscadaData_6;case-study type dropped: Maintainable item | case study dropped: Factsgearbox_7 | default online/offline dropped: Unknown synchronization | input-for-model dropped: Not reported;Fault detection;;;;;SCADA data, FactsscadaData_6;5;15
1537;extraction_papers\ontocast_runs\run_remaining_500_gpt-5.6-luna_20260723_010000\output\facts_8c1ece5d3ef1.ttl;1;Health assessment;Maintainable item;engine turbine;Unknown synchronization;Not reported;Not reported;case-study type dropped: Maintainable item | default online/offline dropped: Unknown synchronization | input-for-model dropped: Not reported | input type dropped: Not reported;Health assessment;;engine turbine;;;;5;15
1538;extraction_papers\ontocast_runs\run_remaining_500_gpt-5.6-luna_20260723_010000\output\facts_8d30ba7f5b7b.ttl;2;Health assessment;Maintainable item;cutting tool;Unknown synchronization;Dry-cutting turning of steel bars;acoustic emission signal, force, multi-channel hybrid information, tri-axial cutting force, tri-axial vibration;case-study type dropped: Maintainable item | default online/offline dropped: Unknown synchronization | input-for-model dropped: Dry-cutting turning of steel bars;Health assessment;;cutting tool;;;acoustic emission signal, force, multi-channel hybrid information, tri-axial cutting force, tri-axial vibration;5;15
1539;extraction_papers\ontocast_runs\run_remaining_500_gpt-5.6-luna_20260723_010000\output\facts_8d35672305df.ttl;1;Fault detection;Maintainable item;resistive sensors;Unknown synchronization;Not reported;engine load, engine torque, feeding rate, forward speed, loss rate, predicted fault status, reel height, threshing drum speed;case-study type dropped: Maintainable item | default online/offline dropped: Unknown synchronization | input-for-model dropped: Not reported;Fault detection;;resistive sensors;;;engine load, engine torque, feeding rate, forward speed, loss rate, predicted fault status, reel height, threshing drum speed;5;15
1540;extraction_papers\ontocast_runs\run_remaining_500_gpt-5.6-luna_20260723_010000\output\facts_8d8b1b0aa7e4.ttl;1;Health assessment;Maintainable item;IoT-WHRS;Unknown synchronization;Not reported;Seebeck coefficient, Thermal resistivity;case-study type dropped: Maintainable item | default online/offline dropped: Unknown synchronization | input-for-model dropped: Not reported;Health assessment;;IoT-WHRS;;;Seebeck coefficient, Thermal resistivity;5;15
1541;extraction_papers\ontocast_runs\run_remaining_500_gpt-5.6-luna_20260723_010000\output\facts_8e2fb5424178.ttl;2;Health assessment;Maintainable item;rotor turbine;Unknown synchronization;Not reported;modal parameters, speed, trial weights, unbalance mass;case-study type dropped: Maintainable item | default online/offline dropped: Unknown synchronization | input-for-model dropped: Not reported;Health assessment;;rotor turbine;;;modal parameters, speed, trial weights, unbalance mass;5;15
1542;extraction_papers\ontocast_runs\run_remaining_500_gpt-5.6-luna_20260723_010000\output\facts_8e9b4e4896e7.ttl;1;Health assessment;Maintainable item;power cable;Unknown synchronization;Not reported;aging coefficient, elongation, tensile strength;case-study type dropped: Maintainable item | default online/offline dropped: Unknown synchronization | input-for-model dropped: Not reported;Health assessment;;power cable;;;aging coefficient, elongation, tensile strength;5;15
1543;extraction_papers\ontocast_runs\run_remaining_500_gpt-5.6-luna_20260723_010000\output\facts_8f8e35756c95.ttl;1;Remaining useful life estimation;Maintainable item;sensor node;Unknown synchronization;Not reported;Not reported;case-study type dropped: Maintainable item | default online/offline dropped: Unknown synchronization | input-for-model dropped: Not reported | input type dropped: Not reported;Remaining useful life estimation;;sensor node;;;;5;15
1544;extraction_papers\ontocast_runs\run_remaining_500_gpt-5.6-luna_20260723_010000\output\facts_90046e067fc5.ttl;1;Remaining useful life estimation;Maintainable item;machine;Unknown synchronization;Not reported;condition-indicating variable, selected parameters;case-study type dropped: Maintainable item | default online/offline dropped: Unknown synchronization | input-for-model dropped: Not reported;Remaining useful life estimation;;machine;;;condition-indicating variable, selected parameters;5;15
1545;extraction_papers\ontocast_runs\run_remaining_500_gpt-5.6-luna_20260723_010000\output\facts_91405671917c.ttl;1;Remaining useful life estimation;Maintainable item;sensors;Unknown synchronization;Not reported;sensor signals, spatiotemporal knowledge graph;case-study type dropped: Maintainable item | default online/offline dropped: Unknown synchronization | input-for-model dropped: Not reported;Remaining useful life estimation;;sensors;;;sensor signals, spatiotemporal knowledge graph;5;15
1546;extraction_papers\ontocast_runs\run_remaining_500_gpt-5.6-luna_20260723_010000\output\facts_91df9176f791.ttl;1;Remaining useful life estimation;Maintainable item;machine tool saddle;Unknown synchronization;Not reported;cutting forces, cutting temperature, machining parameters, real-time sensor inputs, tool wear;case-study type dropped: Maintainable item | default online/offline dropped: Unknown synchronization | input-for-model dropped: Not reported;Remaining useful life estimation;;machine tool saddle;;;cutting forces, cutting temperature, machining parameters, real-time sensor inputs, tool wear;5;15
1547;extraction_papers\ontocast_runs\run_remaining_500_gpt-5.6-luna_20260723_010000\output\facts_929e8eacab06.ttl;1;Fault identification;Maintainable item;bearing;Unknown synchronization;Not reported;bearing vibration signal, electromagnetic interference, FactsinputVectors1, mechanical noise;case-study type dropped: Maintainable item | default online/offline dropped: Unknown synchronization | input-for-model dropped: Not reported;Fault identification;;bearing;;;bearing vibration signal, electromagnetic interference, FactsinputVectors1, mechanical noise;5;15
1548;extraction_papers\ontocast_runs\run_remaining_500_gpt-5.6-luna_20260723_010000\output\facts_931d2045891f.ttl;1;One step future state forecast;Maintainable item;heat exchanger;Unknown synchronization;Not reported;bacteria levels, pH;case-study type dropped: Maintainable item | default online/offline dropped: Unknown synchronization | input-for-model dropped: Not reported;One step future state forecast;;heat exchanger;;;bacteria levels, pH;5;15
1549;extraction_papers\ontocast_runs\run_remaining_500_gpt-5.6-luna_20260723_010000\output\facts_94baf47856f2.ttl;1;Fault detection;Maintainable item;battery;Unknown synchronization;Not reported;charge-discharge patterns, initial data, operating conditions, temperature;case-study type dropped: Maintainable item | default online/offline dropped: Unknown synchronization | input-for-model dropped: Not reported;Fault detection;;battery;;;charge-discharge patterns, initial data, operating conditions, temperature;5;15
1550;extraction_papers\ontocast_runs\run_remaining_500_gpt-5.6-luna_20260723_010000\output\facts_958c5788cbb4.ttl;1;Fault detection;Maintainable item;rolling bearing;Unknown synchronization;Not reported;load, Reconstruction along projection pathway health indicator;case-study type dropped: Maintainable item | default online/offline dropped: Unknown synchronization | input-for-model dropped: Not reported;Fault detection;;rolling bearing;;;load, Reconstruction along projection pathway health indicator;5;15
1551;extraction_papers\ontocast_runs\run_remaining_500_gpt-5.6-luna_20260723_010000\output\facts_95da473de9aa.ttl;1;Fault detection;Maintainable item;gear;Unknown synchronization;Not reported;vibration signal;case-study type dropped: Maintainable item | default online/offline dropped: Unknown synchronization | input-for-model dropped: Not reported;Fault detection;;gear;;;vibration signal;5;15
1552;extraction_papers\ontocast_runs\run_remaining_500_gpt-5.6-luna_20260723_010000\output\facts_9779d21369c9.ttl;1;Fault identification;Maintainable item;electrolytic capacitor;Unknown synchronization;Not reported;input current, frequency band wavelet packet dispersion entropy features;case-study type dropped: Maintainable item | default online/offline dropped: Unknown synchronization | input-for-model dropped: Not reported;Fault identification;;electrolytic capacitor;;;input current, frequency band wavelet packet dispersion entropy features;5;15
1553;extraction_papers\ontocast_runs\run_remaining_500_gpt-5.6-luna_20260723_010000\output\facts_97b4ec133f74.ttl;1;Remaining useful life estimation;Maintainable item;EV battery;Unknown synchronization;Not reported;cycling, deterioration, discharge period, environmental factors, internal resistance, remaining useful life;case-study type dropped: Maintainable item | default online/offline dropped: Unknown synchronization | input-for-model dropped: Not reported;Remaining useful life estimation;;EV battery;;;cycling, deterioration, discharge period, environmental factors, internal resistance, remaining useful life;5;15
1554;extraction_papers\ontocast_runs\run_remaining_500_gpt-5.6-luna_20260723_010000\output\facts_9876407b52cf.ttl;1;Health assessment;Maintainable item;mechanical harvester;Unknown synchronization;mechanized harvesting;mechanical harvester features, Mechanical status;case-study type dropped: Maintainable item | default online/offline dropped: Unknown synchronization | input-for-model dropped: mechanized harvesting;Health assessment;;mechanical harvester;;;mechanical harvester features, Mechanical status;5;15
1555;extraction_papers\ontocast_runs\run_remaining_500_gpt-5.6-luna_20260723_010000\output\facts_992eca23346f.ttl;1;Remaining useful life estimation;Maintainable item;electric motor;Unknown synchronization;Not reported;current, vibration level, motor current signature data, raw spectral data;case-study type dropped: Maintainable item | default online/offline dropped: Unknown synchronization | input-for-model dropped: Not reported;Remaining useful life estimation;;electric motor;;;current, vibration level, motor current signature data, raw spectral data;5;15
1556;extraction_papers\ontocast_runs\run_remaining_500_gpt-5.6-luna_20260723_010000\output\facts_997ba1e83522.ttl;1;Health assessment;Maintainable item;power battery;Unknown synchronization;Not reported;Fan speed, hydrogen crossover current, oxygen transfer, Stack temperature;case-study type dropped: Maintainable item | default online/offline dropped: Unknown synchronization | input-for-model dropped: Not reported;Health assessment;;power battery;;;Fan speed, hydrogen crossover current, oxygen transfer, Stack temperature;5;15
1557;extraction_papers\ontocast_runs\run_remaining_500_gpt-5.6-luna_20260723_010000\output\facts_99836d643bbf.ttl;1;Health assessment;Maintainable item;Factssts316l_workpiece;Unknown synchronization;Not reported;Acoustic emission, cutting direction, Cutting forces, cutting speed, Depth of cut, Feed rate, FactslatentFeatureSpace, Spindle current, Spindle vibration signals, Tool geometry;case-study type dropped: Maintainable item | case study dropped: Factssts316l_workpiece | default online/offline dropped: Unknown synchronization | input-for-model dropped: Not reported;Health assessment;;;;;Acoustic emission, cutting direction, Cutting forces, cutting speed, Depth of cut, Feed rate, FactslatentFeatureSpace, Spindle current, Spindle vibration signals, Tool geometry;5;15
1558;extraction_papers\ontocast_runs\run_remaining_500_gpt-5.6-luna_20260723_010000\output\facts_9b3a73543329.ttl;1;Fault detection;Maintainable item;centrifugal pump;Unknown synchronization;Not reported;flow rate, NPSH;case-study type dropped: Maintainable item | default online/offline dropped: Unknown synchronization | input-for-model dropped: Not reported;Fault detection;;centrifugal pump;;;flow rate, NPSH;5;15
1559;extraction_papers\ontocast_runs\run_remaining_500_gpt-5.6-luna_20260723_010000\output\facts_9c32faf39d38.ttl;1;Health assessment;Maintainable item;Factsbattery_1;Unknown synchronization;Not reported;battery degradation, temperature, internal resistance, FactsionMobility, FactssolarEnergyGeneration;case-study type dropped: Maintainable item | case study dropped: Factsbattery_1 | default online/offline dropped: Unknown synchronization | input-for-model dropped: Not reported;Health assessment;;;;;battery degradation, temperature, internal resistance, FactsionMobility, FactssolarEnergyGeneration;5;15
1560;extraction_papers\ontocast_runs\run_remaining_500_gpt-5.6-luna_20260723_010000\output\facts_9c7c6b0864ab.ttl;1;Remaining useful life estimation;Maintainable item;aircraft turbine;Unknown synchronization;Not reported;raw data, sensor readings, training data;case-study type dropped: Maintainable item | default online/offline dropped: Unknown synchronization | input-for-model dropped: Not reported;Remaining useful life estimation;;aircraft turbine;;;raw data, sensor readings, training data;5;15
1561;extraction_papers\ontocast_runs\run_remaining_500_gpt-5.6-luna_20260723_010000\output\facts_9c8b15693d26.ttl;1;Remaining useful life estimation;Maintainable item;FactsaeroEngine_5;Unknown synchronization;Not reported;FactsimageBasedFeatures, FactsmultiSensorSignals, Remaining useful life;case-study type dropped: Maintainable item | case study dropped: FactsaeroEngine_5 | default online/offline dropped: Unknown synchronization | input-for-model dropped: Not reported;Remaining useful life estimation;;;;;FactsimageBasedFeatures, FactsmultiSensorSignals, Remaining useful life;5;15
1562;extraction_papers\ontocast_runs\run_remaining_500_gpt-5.6-luna_20260723_010000\output\facts_9d4c5911e7e3.ttl;1;Health assessment;Maintainable item;bearings;Unknown synchronization;Not reported;condition monitoring data, FactsdataVariable3, extracted key features;case-study type dropped: Maintainable item | default online/offline dropped: Unknown synchronization | input-for-model dropped: Not reported;Health assessment;;bearings;;;condition monitoring data, FactsdataVariable3, extracted key features;5;15
1563;extraction_papers\ontocast_runs\run_remaining_500_gpt-5.6-luna_20260723_010000\output\facts_9e5bfe950a14.ttl;1;Fault detection;Maintainable item;blade;Unknown synchronization;Not reported;Blade tip displacement, blade vibration, time of arrival, Varying rotational speed, Varying vibration displacement;case-study type dropped: Maintainable item | default online/offline dropped: Unknown synchronization | input-for-model dropped: Not reported;Fault detection;;blade;;;Blade tip displacement, blade vibration, time of arrival, Varying rotational speed, Varying vibration displacement;5;15
1564;extraction_papers\ontocast_runs\run_remaining_500_gpt-5.6-luna_20260723_010000\output\facts_9e7a0cc451f9.ttl;1;Health assessment;Maintainable item;tire;Unknown synchronization;Not reported;tire fraction used for treading;case-study type dropped: Maintainable item | default online/offline dropped: Unknown synchronization | input-for-model dropped: Not reported;Health assessment;;tire;;;tire fraction used for treading;5;15
1565;extraction_papers\ontocast_runs\run_remaining_500_gpt-5.6-luna_20260723_010000\output\facts_9e9b25268747.ttl;1;Health assessment;Maintainable item;tool;Unknown synchronization;Not reported;cutting force, FactsmachinedSurfaceQuality, spindle vibration data, surface roughness;case-study type dropped: Maintainable item | default online/offline dropped: Unknown synchronization | input-for-model dropped: Not reported;Health assessment;;tool;;;cutting force, FactsmachinedSurfaceQuality, spindle vibration data, surface roughness;5;15
1566;extraction_papers\ontocast_runs\run_remaining_500_gpt-5.6-luna_20260723_010000\output\facts_9f2c1cdabe89.ttl;1;Fault detection;Maintainable item;hydrodynamic bearing;Unknown synchronization;Not reported;Not reported;case-study type dropped: Maintainable item | default online/offline dropped: Unknown synchronization | input-for-model dropped: Not reported | input type dropped: Not reported;Fault detection;;hydrodynamic bearing;;;;5;15
1567;extraction_papers\ontocast_runs\run_remaining_500_gpt-5.6-luna_20260723_010000\output\facts_9f36a5d7078a.ttl;1;Remaining useful life estimation;Maintainable item;Not reported;Unknown synchronization;Not reported;FactsRealSensorData;case-study type dropped: Maintainable item | case study dropped: Not reported | default online/offline dropped: Unknown synchronization | input-for-model dropped: Not reported | input type dropped: FactsRealSensorData;Remaining useful life estimation;;;;;;5;15
1568;extraction_papers\ontocast_runs\run_remaining_500_gpt-5.6-luna_20260723_010000\output\facts_9f496ac833c2.ttl;1;Health assessment;Maintainable item;cellulose paper insulation;Unknown synchronization;Not reported;acids, carbon oxides, degree of polymerisation, fault gases, furanic compounds, 2-Furfuraldehyde (2-FAL), non-destructive failure parameters;case-study type dropped: Maintainable item | default online/offline dropped: Unknown synchronization | input-for-model dropped: Not reported;Health assessment;;cellulose paper insulation;;;acids, carbon oxides, degree of polymerisation, fault gases, furanic compounds, 2-Furfuraldehyde (2-FAL), non-destructive failure parameters;5;15
1569;extraction_papers\ontocast_runs\run_remaining_500_gpt-5.6-luna_20260723_010000\output\facts_9fbad0900ce0.ttl;2;Fault detection;Maintainable item;GLSA;Unknown synchronization;Not reported;maximum voltage decrease in V-I characteristic, capacitive current component, equivalent capacitance, fifth harmonic component, total leakage current, non-linear resistance, operating voltage measurement, power loss measurement, IR to IT ratio Ra, resistive current, voltage across surge arrester, 9 kV operating condition;case-study type dropped: Maintainable item | default online/offline dropped: Unknown synchronization | input-for-model dropped: Not reported;Fault detection;;GLSA;;;maximum voltage decrease in V-I characteristic, capacitive current component, equivalent capacitance, fifth harmonic component, total leakage current, non-linear resistance, operating voltage measurement, power loss measurement, IR to IT ratio Ra, resistive current, voltage across surge arrester, 9 kV operating condition;5;15
1570;extraction_papers\ontocast_runs\run_remaining_500_gpt-5.6-luna_20260723_010000\output\facts_a090f16a9f6e.ttl;1;Health assessment;Maintainable item;Rotating plant asset;Unknown synchronization;Not reported;operating regime, source features, statistical distribution, FactsvibrationTelemetry;case-study type dropped: Maintainable item | default online/offline dropped: Unknown synchronization | input-for-model dropped: Not reported;Health assessment;;Rotating plant asset;;;operating regime, source features, statistical distribution, FactsvibrationTelemetry;5;15
1571;extraction_papers\ontocast_runs\run_remaining_500_gpt-5.6-luna_20260723_010000\output\facts_a192cdbf8b1b.ttl;3;Fault detection;Maintainable item;container shipping;Unknown synchronization;Not reported;characteristic life alpha, fuel quality, shape parameter beta, sulphur content;case-study type dropped: Maintainable item | default online/offline dropped: Unknown synchronization | input-for-model dropped: Not reported;Fault detection;;container shipping;;;characteristic life alpha, fuel quality, shape parameter beta, sulphur content;5;15
1572;extraction_papers\ontocast_runs\run_remaining_500_gpt-5.6-luna_20260723_010000\output\facts_a28b084e1b66.ttl;1;One step future state forecast;Maintainable item;engine lubrication oil;Unknown synchronization;Not reported;oxidation, thermal stress;case-study type dropped: Maintainable item | default online/offline dropped: Unknown synchronization | input-for-model dropped: Not reported;One step future state forecast;;engine lubrication oil;;;oxidation, thermal stress;5;15
1573;extraction_papers\ontocast_runs\run_remaining_500_gpt-5.6-luna_20260723_010000\output\facts_a2917babd251.ttl;1;Fault detection;Maintainable item;equipment;Unknown synchronization;Not reported;FactsoperationalParameters_1;case-study type dropped: Maintainable item | default online/offline dropped: Unknown synchronization | input-for-model dropped: Not reported | input type dropped: FactsoperationalParameters_1;Fault detection;;equipment;;;;5;15
1574;extraction_papers\ontocast_runs\run_remaining_500_gpt-5.6-luna_20260723_010000\output\facts_a2f18bc5fd10.ttl;1;Remaining useful life estimation;Maintainable item;è®¾å¤;Unknown synchronization;Not reported;x_t, c_t, monitoring data;case-study type dropped: Maintainable item | default online/offline dropped: Unknown synchronization | input-for-model dropped: Not reported;Remaining useful life estimation;;è®¾å¤;;;x_t, c_t, monitoring data;5;15
1575;extraction_papers\ontocast_runs\run_remaining_500_gpt-5.6-luna_20260723_010000\output\facts_a38b4cc01b17.ttl;1;Remaining useful life estimation;Maintainable item;adsorption cooling systems;Unknown synchronization;Not reported;cryptocurrency prices, physical parameters, incidents during takeoff and landing;case-study type dropped: Maintainable item | default online/offline dropped: Unknown synchronization | input-for-model dropped: Not reported;Remaining useful life estimation;;adsorption cooling systems;;;cryptocurrency prices, physical parameters, incidents during takeoff and landing;5;15
1576;extraction_papers\ontocast_runs\run_remaining_500_gpt-5.6-luna_20260723_010000\output\facts_a39b6b2de917.ttl;1;Fault detection;Maintainable item;blunt tool;Unknown synchronization;Not reported;depth of cut, feed rate, spindle motor current, tri-axial acceleration signal, workpiece material;case-study type dropped: Maintainable item | default online/offline dropped: Unknown synchronization | input-for-model dropped: Not reported;Fault detection;;blunt tool;;;depth of cut, feed rate, spindle motor current, tri-axial acceleration signal, workpiece material;5;15
1577;extraction_papers\ontocast_runs\run_remaining_500_gpt-5.6-luna_20260723_010000\output\facts_a4130cae873e.ttl;1;Remaining useful life estimation;Maintainable item;CRDM rotor components;Unknown synchronization;Not reported;CRDM vibration signal, degradation-related feature quantity 1, FactsobservedComponentStates, CRDM stroke, X-ray records;case-study type dropped: Maintainable item | default online/offline dropped: Unknown synchronization | input-for-model dropped: Not reported;Remaining useful life estimation;;CRDM rotor components;;;CRDM vibration signal, degradation-related feature quantity 1, FactsobservedComponentStates, CRDM stroke, X-ray records;5;15
1578;extraction_papers\ontocast_runs\run_remaining_500_gpt-5.6-luna_20260723_010000\output\facts_a421ee5aa019.ttl;1;Health assessment;Maintainable item;bearing;Unknown synchronization;Not reported;vibration signals;case-study type dropped: Maintainable item | default online/offline dropped: Unknown synchronization | input-for-model dropped: Not reported;Health assessment;;bearing;;;vibration signals;5;15
1579;extraction_papers\ontocast_runs\run_remaining_500_gpt-5.6-luna_20260723_010000\output\facts_a6159777176f.ttl;1;Fault detection;Maintainable item;FactsfatigueTestBench;Unknown synchronization;Not reported;acoustic emissions, temperature, real-time operational data, sensor data, stress level, vibration;case-study type dropped: Maintainable item | case study dropped: FactsfatigueTestBench | default online/offline dropped: Unknown synchronization | input-for-model dropped: Not reported;Fault detection;;;;;acoustic emissions, temperature, real-time operational data, sensor data, stress level, vibration;5;15
1580;extraction_papers\ontocast_runs\run_remaining_500_gpt-5.6-luna_20260723_010000\output\facts_a6bd6e281258.ttl;1;Fault detection;Maintainable item;transformer;Unknown synchronization;Not reported;ambient temperature, associated transformer characteristic features, top oil temperature, transformer loading;case-study type dropped: Maintainable item | default online/offline dropped: Unknown synchronization | input-for-model dropped: Not reported;Fault detection;;transformer;;;ambient temperature, associated transformer characteristic features, top oil temperature, transformer loading;5;15
1581;extraction_papers\ontocast_runs\run_remaining_500_gpt-5.6-luna_20260723_010000\output\facts_a6d58aa973c3.ttl;1;Health assessment;Maintainable item;proton exchange membrane fuel cell;Unknown synchronization;Not reported;degradation voltage, low-frequency degradation signal;case-study type dropped: Maintainable item | default online/offline dropped: Unknown synchronization | input-for-model dropped: Not reported;Health assessment;;proton exchange membrane fuel cell;;;degradation voltage, low-frequency degradation signal;5;15
1582;extraction_papers\ontocast_runs\run_remaining_500_gpt-5.6-luna_20260723_010000\output\facts_a82a1224c806.ttl;1;Health assessment;Maintainable item;system component;Unknown synchronization;Not reported;Not reported;case-study type dropped: Maintainable item | default online/offline dropped: Unknown synchronization | input-for-model dropped: Not reported | input type dropped: Not reported;Health assessment;;system component;;;;5;15
1583;extraction_papers\ontocast_runs\run_remaining_500_gpt-5.6-luna_20260723_010000\output\facts_a8b5e4ff77a7.ttl;1;Fault detection;Maintainable item;heat exchanger;Unknown synchronization;Not reported;Actuator measurements, controller compensation, control inputs, Hidden degradation, humidity, operational mode, pressure, system output;case-study type dropped: Maintainable item | default online/offline dropped: Unknown synchronization | input-for-model dropped: Not reported;Fault detection;;heat exchanger;;;Actuator measurements, controller compensation, control inputs, Hidden degradation, humidity, operational mode, pressure, system output;5;15
1584;extraction_papers\ontocast_runs\run_remaining_500_gpt-5.6-luna_20260723_010000\output\facts_a8ed53d67d62.ttl;1;Fault identification;Maintainable item;Two-stage spur gear system;Unknown synchronization;Not reported;Assembly tolerance-induced interaxial variation, Faulty TVMS, Gear mesh force F, Intentional gear geometry modification, Hub radius, hub-radius effect, assembly tolerance-induced interaxial variation, load-dependent stiffness variation, mesh convergence in contact zones, Mesh damping cmij, Gear mesh stiffness, Operational torque, tooth profile deviation, TVMS, Vertical displacement y3, Vertical vibration signal y3 double dot, vibration response, Vibration signal;case-study type dropped: Maintainable item | default online/offline dropped: Unknown synchronization | input-for-model dropped: Not reported;Fault identification;;Two-stage spur gear system;;;Assembly tolerance-induced interaxial variation, Faulty TVMS, Gear mesh force F, Intentional gear geometry modification, Hub radius, hub-radius effect, assembly tolerance-induced interaxial variation, load-dependent stiffness variation, mesh convergence in contact zones, Mesh damping cmij, Gear mesh stiffness, Operational torque, tooth profile deviation, TVMS, Vertical displacement y3, Vertical vibration signal y3 double dot, vibration response, Vibration signal;5;15
1585;extraction_papers\ontocast_runs\run_remaining_500_gpt-5.6-luna_20260723_010000\output\facts_a9a7405a25fc.ttl;1;Fault identification;Maintainable item;Factsuav1_1;Unknown synchronization;Not reported;UAV flight data, sensor measurement data, telemetry data;case-study type dropped: Maintainable item | case study dropped: Factsuav1_1 | default online/offline dropped: Unknown synchronization | input-for-model dropped: Not reported;Fault identification;;;;;UAV flight data, sensor measurement data, telemetry data;5;15
1586;extraction_papers\ontocast_runs\run_remaining_500_gpt-5.6-luna_20260723_010000\output\facts_a9a814c4137c.ttl;1;Health assessment;Maintainable item;bearing;Unknown synchronization;Not reported;Bearing vibration, Electric motor current, speed;case-study type dropped: Maintainable item | default online/offline dropped: Unknown synchronization | input-for-model dropped: Not reported;Health assessment;;bearing;;;Bearing vibration, Electric motor current, speed;5;15
1587;extraction_papers\ontocast_runs\run_remaining_500_gpt-5.6-luna_20260723_010000\output\facts_ab08757cb1f6.ttl;1;Health assessment;Maintainable item;distillation column;Unknown synchronization;Not reported;FactspressureDifferential, process data trends, process variable;case-study type dropped: Maintainable item | default online/offline dropped: Unknown synchronization | input-for-model dropped: Not reported;Health assessment;;distillation column;;;FactspressureDifferential, process data trends, process variable;5;15
1588;extraction_papers\ontocast_runs\run_remaining_500_gpt-5.6-luna_20260723_010000\output\facts_ac21400542c6.ttl;2;One step future state forecast;Maintainable item;Dani;Unknown synchronization;Not reported;cell housing expansion, internal battery states, strain load, temperature variation;case-study type dropped: Maintainable item | default online/offline dropped: Unknown synchronization | input-for-model dropped: Not reported;One step future state forecast;;Dani;;;cell housing expansion, internal battery states, strain load, temperature variation;5;15
1589;extraction_papers\ontocast_runs\run_remaining_500_gpt-5.6-luna_20260723_010000\output\facts_ac4f9c281bfd.ttl;1;Fault detection;Maintainable item;FactspickAndPlaceMachine2;Unknown synchronization;Not reported;FactsbooleanVariables;case-study type dropped: Maintainable item | case study dropped: FactspickAndPlaceMachine2 | default online/offline dropped: Unknown synchronization | input-for-model dropped: Not reported | input type dropped: FactsbooleanVariables;Fault detection;;;;;;5;15
1590;extraction_papers\ontocast_runs\run_remaining_500_gpt-5.6-luna_20260723_010000\output\facts_ad0ba7e2d3af.ttl;1;Fault detection;Maintainable item;Rolling bearing;Unknown synchronization;Not reported;FactspressureVariable_3;case-study type dropped: Maintainable item | default online/offline dropped: Unknown synchronization | input-for-model dropped: Not reported | input type dropped: FactspressureVariable_3;Fault detection;;Rolling bearing;;;;5;15
1591;extraction_papers\ontocast_runs\run_remaining_500_gpt-5.6-luna_20260723_010000\output\facts_adad193aa049.ttl;1;Fault detection;Maintainable item;actuator;Unknown synchronization;Not reported;signal data, frequency f1, industrial data, time period T;case-study type dropped: Maintainable item | default online/offline dropped: Unknown synchronization | input-for-model dropped: Not reported;Fault detection;;actuator;;;signal data, frequency f1, industrial data, time period T;5;15
1592;extraction_papers\ontocast_runs\run_remaining_500_gpt-5.6-luna_20260723_010000\output\facts_ae10bdfec88d.ttl;1;Remaining useful life estimation;Maintainable item;rolling bearing;Unknown synchronization;Not reported;FactshiddenHighDimensionalFeatures, features;case-study type dropped: Maintainable item | default online/offline dropped: Unknown synchronization | input-for-model dropped: Not reported;Remaining useful life estimation;;rolling bearing;;;FactshiddenHighDimensionalFeatures, features;5;15
1593;extraction_papers\ontocast_runs\run_remaining_500_gpt-5.6-luna_20260723_010000\output\facts_ae468cb8df63.ttl;1;Fault detection;Maintainable item;high-speed train traction system;Unknown synchronization;Not reported;dynamic d-q current signal, healthy motor condition, FactsmeasuredCurrent, FactsnegativeSequenceCurrentResidual, operational flux signal, second-order harmonic, three-phase current signal, unmeasured motor parameter;case-study type dropped: Maintainable item | default online/offline dropped: Unknown synchronization | input-for-model dropped: Not reported;Fault detection;;high-speed train traction system;;;dynamic d-q current signal, healthy motor condition, FactsmeasuredCurrent, FactsnegativeSequenceCurrentResidual, operational flux signal, second-order harmonic, three-phase current signal, unmeasured motor parameter;5;15
1594;extraction_papers\ontocast_runs\run_remaining_500_gpt-5.6-luna_20260723_010000\output\facts_ae728c23e391.ttl;1;Fault identification;Maintainable item;axle;Unknown synchronization;Not reported;onboard acceleration data, shear time histories on rails, strain measurements, vehicle vibration measurements, wheel damage severity, wheel rotation pattern;case-study type dropped: Maintainable item | default online/offline dropped: Unknown synchronization | input-for-model dropped: Not reported;Fault identification;;axle;;;onboard acceleration data, shear time histories on rails, strain measurements, vehicle vibration measurements, wheel damage severity, wheel rotation pattern;5;15
1595;extraction_papers\ontocast_runs\run_remaining_500_gpt-5.6-luna_20260723_010000\output\facts_afd110cb82db.ttl;1;Fault feature extraction;Maintainable item;floating offshore wind turbine cable;Unknown synchronization;underwater inspection and maintenance;8-bit histogram, Accuracy;case-study type dropped: Maintainable item | default online/offline dropped: Unknown synchronization | input-for-model dropped: underwater inspection and maintenance;Fault feature extraction;;floating offshore wind turbine cable;;;8-bit histogram, Accuracy;5;15
1596;extraction_papers\ontocast_runs\run_remaining_500_gpt-5.6-luna_20260723_010000\output\facts_b0087e9ce2fc.ttl;1;One step future state forecast;Maintainable item;equipment;Unknown synchronization;Not reported;Not reported;case-study type dropped: Maintainable item | default online/offline dropped: Unknown synchronization | input-for-model dropped: Not reported | input type dropped: Not reported;One step future state forecast;;equipment;;;;5;15
1597;extraction_papers\ontocast_runs\run_remaining_500_gpt-5.6-luna_20260723_010000\output\facts_b02caaded237.ttl;1;Fault detection;Maintainable item;rail welded joint;Unknown synchronization;Not reported;Not reported;case-study type dropped: Maintainable item | default online/offline dropped: Unknown synchronization | input-for-model dropped: Not reported | input type dropped: Not reported;Fault detection;;rail welded joint;;;;5;15
1598;extraction_papers\ontocast_runs\run_remaining_500_gpt-5.6-luna_20260723_010000\output\facts_b08d90731df7.ttl;1;One step future state forecast;Maintainable item;crusher blade;Unknown synchronization;Not reported;edge design;case-study type dropped: Maintainable item | default online/offline dropped: Unknown synchronization | input-for-model dropped: Not reported;One step future state forecast;;crusher blade;;;edge design;5;15
1599;extraction_papers\ontocast_runs\run_remaining_500_gpt-5.6-luna_20260723_010000\output\facts_b1ff7a7499ed.ttl;1;Fault detection;Maintainable item;Electrical equipment;Unknown synchronization;Not reported;LA_J, Substation infrared image;case-study type dropped: Maintainable item | default online/offline dropped: Unknown synchronization | input-for-model dropped: Not reported;Fault detection;;Electrical equipment;;;LA_J, Substation infrared image;5;15
1600;extraction_papers\ontocast_runs\run_remaining_500_gpt-5.6-luna_20260723_010000\output\facts_b2927a1cf215.ttl;1;Remaining useful life estimation;Maintainable item;aircraft;Unknown synchronization;Not reported;health index data;case-study type dropped: Maintainable item | default online/offline dropped: Unknown synchronization | input-for-model dropped: Not reported;Remaining useful life estimation;;aircraft;;;health index data;5;15
1601;extraction_papers\ontocast_runs\run_remaining_500_gpt-5.6-luna_20260723_010000\output\facts_b2a07349e3b9.ttl;1;Health assessment;Maintainable item;train;Unknown synchronization;Not reported;age, inspection data, wear rate, contact wire thickness, FactswireThicknessDegradation;case-study type dropped: Maintainable item | default online/offline dropped: Unknown synchronization | input-for-model dropped: Not reported;Health assessment;;train;;;age, inspection data, wear rate, contact wire thickness, FactswireThicknessDegradation;5;15
1602;extraction_papers\ontocast_runs\run_remaining_500_gpt-5.6-luna_20260723_010000\output\facts_b2a4ffcab7fe.ttl;1;Health assessment;Maintainable item;Electric vehicle lithium-ion battery system;Unknown synchronization;Not reported;FactschargeDischargeSensorVariable, charging-discharging cycles, current sensor data, Battery degradation phases, electrochemical impedance spectroscopy sensor data, FactsspectralImpedanceSensorVariable, temperature variations, usage patterns, NASA battery dataset;case-study type dropped: Maintainable item | default online/offline dropped: Unknown synchronization | input-for-model dropped: Not reported;Health assessment;;Electric vehicle lithium-ion battery system;;;FactschargeDischargeSensorVariable, charging-discharging cycles, current sensor data, Battery degradation phases, electrochemical impedance spectroscopy sensor data, FactsspectralImpedanceSensorVariable, temperature variations, usage patterns, NASA battery dataset;5;15
1603;extraction_papers\ontocast_runs\run_remaining_500_gpt-5.6-luna_20260723_010000\output\facts_b40731adfdff.ttl;1;Fault detection;Maintainable item;gearbox;Unknown synchronization;Not reported;gear meshing frequency harmonics;case-study type dropped: Maintainable item | default online/offline dropped: Unknown synchronization | input-for-model dropped: Not reported;Fault detection;;gearbox;;;gear meshing frequency harmonics;5;15
1604;extraction_papers\ontocast_runs\run_remaining_500_gpt-5.6-luna_20260723_010000\output\facts_b45da2824e64.ttl;1;Remaining useful life estimation;Maintainable item;aero-engine;Unknown synchronization;Not reported;feature variables;case-study type dropped: Maintainable item | default online/offline dropped: Unknown synchronization | input-for-model dropped: Not reported;Remaining useful life estimation;;aero-engine;;;feature variables;5;15
1605;extraction_papers\ontocast_runs\run_remaining_500_gpt-5.6-luna_20260723_010000\output\facts_b4a61f0a6a20.ttl;1;Remaining useful life estimation;Maintainable item;Not reported;Unknown synchronization;Not reported;Cycle time;case-study type dropped: Maintainable item | case study dropped: Not reported | default online/offline dropped: Unknown synchronization | input-for-model dropped: Not reported;Remaining useful life estimation;;;;;Cycle time;5;15
1606;extraction_papers\ontocast_runs\run_remaining_500_gpt-5.6-luna_20260723_010000\output\facts_b537faeb99d0.ttl;1;Fault feature extraction;Maintainable item;Gearbox;Unknown synchronization;Not reported;wind turbine temperature;case-study type dropped: Maintainable item | default online/offline dropped: Unknown synchronization | input-for-model dropped: Not reported;Fault feature extraction;;Gearbox;;;wind turbine temperature;5;15
1607;extraction_papers\ontocast_runs\run_remaining_500_gpt-5.6-luna_20260723_010000\output\facts_b56baf66b483.ttl;2;Remaining useful life estimation;Maintainable item;industrial equipment;Unknown synchronization;Not reported;degradation data, FactsinputFeatures_1, online condition monitoring information, reliability data, sensor and monitoring-system data, time-series data, time window;case-study type dropped: Maintainable item | default online/offline dropped: Unknown synchronization | input-for-model dropped: Not reported;Remaining useful life estimation;;industrial equipment;;;degradation data, FactsinputFeatures_1, online condition monitoring information, reliability data, sensor and monitoring-system data, time-series data, time window;5;15
1608;extraction_papers\ontocast_runs\run_remaining_500_gpt-5.6-luna_20260723_010000\output\facts_b5e935ce04bd.ttl;3;Fault identification;Maintainable item;Guide rail;Unknown synchronization;Not reported;cart speed;case-study type dropped: Maintainable item | default online/offline dropped: Unknown synchronization | input-for-model dropped: Not reported;Fault identification;;Guide rail;;;cart speed;5;15
1609;extraction_papers\ontocast_runs\run_remaining_500_gpt-5.6-luna_20260723_010000\output\facts_b5ef7e801c17.ttl;1;Fault detection;Maintainable item;partial discharge;Unknown synchronization;Not reported;number of LSTM hidden layer nodes, LSTM learning rate, LSTM regularization coefficient, VMD decomposition parameter k, CH4 concentration, dissolved gas concentration in transformer oil, FactstransformerOil;case-study type dropped: Maintainable item | default online/offline dropped: Unknown synchronization | input-for-model dropped: Not reported;Fault detection;;partial discharge;;;number of LSTM hidden layer nodes, LSTM learning rate, LSTM regularization coefficient, VMD decomposition parameter k, CH4 concentration, dissolved gas concentration in transformer oil, FactstransformerOil;5;15
1610;extraction_papers\ontocast_runs\run_remaining_500_gpt-5.6-luna_20260723_010000\output\facts_b62559d10800.ttl;1;Health assessment;Maintainable item;cutting tool;Unknown synchronization;Not reported;Cutting depth, Cutting force signal, Feed rate, Spindle speed, FactstoolWear_4, Vibration signal;case-study type dropped: Maintainable item | default online/offline dropped: Unknown synchronization | input-for-model dropped: Not reported;Health assessment;;cutting tool;;;Cutting depth, Cutting force signal, Feed rate, Spindle speed, FactstoolWear_4, Vibration signal;5;15
1611;extraction_papers\ontocast_runs\run_remaining_500_gpt-5.6-luna_20260723_010000\output\facts_b6a121d8e218.ttl;1;Fault detection;Maintainable item;FactsfactoryMachinery;Unknown synchronization;Not reported;FactspressureVariable_1, Sensor reliability;case-study type dropped: Maintainable item | case study dropped: FactsfactoryMachinery | default online/offline dropped: Unknown synchronization | input-for-model dropped: Not reported;Fault detection;;;;;FactspressureVariable_1, Sensor reliability;5;15
1612;extraction_papers\ontocast_runs\run_remaining_500_gpt-5.6-luna_20260723_010000\output\facts_b704fb68cc76.ttl;1;Fault detection;Maintainable item;wind turbine;Unknown synchronization;Not reported;pressure;case-study type dropped: Maintainable item | default online/offline dropped: Unknown synchronization | input-for-model dropped: Not reported;Fault detection;;wind turbine;;;pressure;5;15
1613;extraction_papers\ontocast_runs\run_remaining_500_gpt-5.6-luna_20260723_010000\output\facts_b715a415ff75.ttl;2;Fault identification;Maintainable item;bearing;Unknown synchronization;Not reported;Not reported;case-study type dropped: Maintainable item | default online/offline dropped: Unknown synchronization | input-for-model dropped: Not reported | input type dropped: Not reported;Fault identification;;bearing;;;;5;15
1614;extraction_papers\ontocast_runs\run_remaining_500_gpt-5.6-luna_20260723_010000\output\facts_b756afc27c6e.ttl;1;Remaining useful life estimation;Maintainable item;aircraft engine;Unknown synchronization;Not reported;air density, domain-invariant feature, flight altitude, Mach number, sensor signals, temperature, test data;case-study type dropped: Maintainable item | default online/offline dropped: Unknown synchronization | input-for-model dropped: Not reported;Remaining useful life estimation;;aircraft engine;;;air density, domain-invariant feature, flight altitude, Mach number, sensor signals, temperature, test data;5;15
1615;extraction_papers\ontocast_runs\run_remaining_500_gpt-5.6-luna_20260723_010000\output\facts_b7848c43e4e2.ttl;3;Fault detection;Maintainable item;Steckel mill;Unknown synchronization;Not reported;historical and real-time sensor data, operational data;case-study type dropped: Maintainable item | default online/offline dropped: Unknown synchronization | input-for-model dropped: Not reported;Fault detection;;Steckel mill;;;historical and real-time sensor data, operational data;5;15
1616;extraction_papers\ontocast_runs\run_remaining_500_gpt-5.6-luna_20260723_010000\output\facts_b9675b32c53e.ttl;1;Fault detection;Maintainable item;BLDC motor;Unknown synchronization;Not reported;sensor data, Sound signal, FactssoundSignalVariable, Vibration signal, wavelet energy features;case-study type dropped: Maintainable item | default online/offline dropped: Unknown synchronization | input-for-model dropped: Not reported;Fault detection;;BLDC motor;;;sensor data, Sound signal, FactssoundSignalVariable, Vibration signal, wavelet energy features;5;15
1617;extraction_papers\ontocast_runs\run_remaining_500_gpt-5.6-luna_20260723_010000\output\facts_bad5c82696ea.ttl;1;Remaining useful life estimation;Maintainable item;rolling bearing;Unknown synchronization;Not reported;degradation features, feature extraction, low-order features, temporal features, unlabeled data;case-study type dropped: Maintainable item | default online/offline dropped: Unknown synchronization | input-for-model dropped: Not reported;Remaining useful life estimation;;rolling bearing;;;degradation features, feature extraction, low-order features, temporal features, unlabeled data;5;15
1618;extraction_papers\ontocast_runs\run_remaining_500_gpt-5.6-luna_20260723_010000\output\facts_bb5276db5af5.ttl;1;Fault detection;Maintainable item;pump;Unknown synchronization;Not reported;hydraulic gradient, velocity, flow;case-study type dropped: Maintainable item | default online/offline dropped: Unknown synchronization | input-for-model dropped: Not reported;Fault detection;;pump;;;hydraulic gradient, velocity, flow;5;15
1619;extraction_papers\ontocast_runs\run_remaining_500_gpt-5.6-luna_20260723_010000\output\facts_bc6ed95171e5.ttl;1;Fault detection;Maintainable item;timing belt;Unknown synchronization;Not reported;belt degradation, operational condition, collected sensor data, belt thickness variation, belt wear;case-study type dropped: Maintainable item | default online/offline dropped: Unknown synchronization | input-for-model dropped: Not reported;Fault detection;;timing belt;;;belt degradation, operational condition, collected sensor data, belt thickness variation, belt wear;5;15
1620;extraction_papers\ontocast_runs\run_remaining_500_gpt-5.6-luna_20260723_010000\output\facts_bceca1cecb61.ttl;1;Fault feature extraction;Maintainable item;bearing;Unknown synchronization;Not reported;FactsinstantaneousEnergyChanges, pressure, data segment length, CWRU dataset, temperature, vibration;case-study type dropped: Maintainable item | default online/offline dropped: Unknown synchronization | input-for-model dropped: Not reported;Fault feature extraction;;bearing;;;FactsinstantaneousEnergyChanges, pressure, data segment length, CWRU dataset, temperature, vibration;5;15
1621;extraction_papers\ontocast_runs\run_remaining_500_gpt-5.6-luna_20260723_010000\output\facts_bd83563c2760.ttl;2;Health assessment;Maintainable item;component;Unknown synchronization;Not reported;Not reported;case-study type dropped: Maintainable item | default online/offline dropped: Unknown synchronization | input-for-model dropped: Not reported | input type dropped: Not reported;Health assessment;;component;;;;5;15
1622;extraction_papers\ontocast_runs\run_remaining_500_gpt-5.6-luna_20260723_010000\output\facts_bfd5aa76ec13.ttl;1;Fault detection;Maintainable item;electric multiple unit;Unknown synchronization;Not reported;historical operational data, data collected by motor sensors, FactsspeedVariable_3;case-study type dropped: Maintainable item | default online/offline dropped: Unknown synchronization | input-for-model dropped: Not reported;Fault detection;;electric multiple unit;;;historical operational data, data collected by motor sensors, FactsspeedVariable_3;5;15
1623;extraction_papers\ontocast_runs\run_remaining_500_gpt-5.6-luna_20260723_010000\output\facts_c19b83e15528.ttl;1;Fault feature extraction;Maintainable item;Mechanical equipment;Unknown synchronization;Not reported;friction coefficient, historical lubricant data, lubricant viscosity, lubricating oil monitoring data, lubricating oil temporal evolution data, mechanical equipment wear state, FactsoilMonitoringData, spectral data, wear debris concentration, wear particle images, wear states;case-study type dropped: Maintainable item | default online/offline dropped: Unknown synchronization | input-for-model dropped: Not reported;Fault feature extraction;;Mechanical equipment;;;friction coefficient, historical lubricant data, lubricant viscosity, lubricating oil monitoring data, lubricating oil temporal evolution data, mechanical equipment wear state, FactsoilMonitoringData, spectral data, wear debris concentration, wear particle images, wear states;5;15
1624;extraction_papers\ontocast_runs\run_remaining_500_gpt-5.6-luna_20260723_010000\output\facts_c1a79cf788d5.ttl;2;Remaining useful life estimation;Maintainable item;FactscylindricalRollerBearing;Unknown synchronization;Not reported;acceleration, FactsbearingAccelerationLifeData, FactscapacityData, FactsoriginalVibrationSignals;case-study type dropped: Maintainable item | case study dropped: FactscylindricalRollerBearing | default online/offline dropped: Unknown synchronization | input-for-model dropped: Not reported;Remaining useful life estimation;;;;;acceleration, FactsbearingAccelerationLifeData, FactscapacityData, FactsoriginalVibrationSignals;5;15
1625;extraction_papers\ontocast_runs\run_remaining_500_gpt-5.6-luna_20260723_010000\output\facts_c34db95e4551.ttl;1;Fault detection;Maintainable item;ARAtronica;Unknown synchronization;Not reported;current;case-study type dropped: Maintainable item | default online/offline dropped: Unknown synchronization | input-for-model dropped: Not reported;Fault detection;;ARAtronica;;;current;5;15
1626;extraction_papers\ontocast_runs\run_remaining_500_gpt-5.6-luna_20260723_010000\output\facts_c368b34a1ac5.ttl;1;Fault feature extraction;Maintainable item;battery;Unknown synchronization;Not reported;accumulating equivalent cycle numbers, capacity degradation, capacity fading trajectory, End of Life, NASA dataset, uniform State of Health interval;case-study type dropped: Maintainable item | default online/offline dropped: Unknown synchronization | input-for-model dropped: Not reported;Fault feature extraction;;battery;;;accumulating equivalent cycle numbers, capacity degradation, capacity fading trajectory, End of Life, NASA dataset, uniform State of Health interval;5;15
1627;extraction_papers\ontocast_runs\run_remaining_500_gpt-5.6-luna_20260723_010000\output\facts_c4944ec42b6f.ttl;1;Fault detection;Maintainable item;metro system;Unknown synchronization;Not reported;operational parameter, Peak-hour demand, Station stop densities;case-study type dropped: Maintainable item | default online/offline dropped: Unknown synchronization | input-for-model dropped: Not reported;Fault detection;;metro system;;;operational parameter, Peak-hour demand, Station stop densities;5;15
1628;extraction_papers\ontocast_runs\run_remaining_500_gpt-5.6-luna_20260723_010000\output\facts_c70a2f63afaf.ttl;1;Fault detection;Maintainable item;Gearbox;Unknown synchronization;Not reported;FactsgeneratedPower, SCADA data, bearing temperature, FactswindSpeed;case-study type dropped: Maintainable item | default online/offline dropped: Unknown synchronization | input-for-model dropped: Not reported;Fault detection;;Gearbox;;;FactsgeneratedPower, SCADA data, bearing temperature, FactswindSpeed;5;15
1629;extraction_papers\ontocast_runs\run_remaining_500_gpt-5.6-luna_20260723_010000\output\facts_c9f7c54abe5c.ttl;1;Fault detection;Maintainable item;FactscfrpLayer;Unknown synchronization;FactshybridStackDrilling;machining signal, torque;case-study type dropped: Maintainable item | case study dropped: FactscfrpLayer | default online/offline dropped: Unknown synchronization | input-for-model dropped: FactshybridStackDrilling;Fault detection;;;;;machining signal, torque;5;15
1630;extraction_papers\ontocast_runs\run_remaining_500_gpt-5.6-luna_20260723_010000\output\facts_cbfa9564244f.ttl;3;One step future state forecast;Maintainable item;Electrical equipment;Unknown synchronization;Not reported;number of singular values;case-study type dropped: Maintainable item | default online/offline dropped: Unknown synchronization | input-for-model dropped: Not reported;One step future state forecast;;Electrical equipment;;;number of singular values;5;15
1631;extraction_papers\ontocast_runs\run_remaining_500_gpt-5.6-luna_20260723_010000\output\facts_cc4a95d70392.ttl;1;Remaining useful life estimation;Maintainable item;FactsaircraftSystems;Unknown synchronization;Not reported;flow rate, fluid density, friction factor, pipe length, pressure drop, real-time sensor data, temperature gradient;case-study type dropped: Maintainable item | case study dropped: FactsaircraftSystems | default online/offline dropped: Unknown synchronization | input-for-model dropped: Not reported;Remaining useful life estimation;;;;;flow rate, fluid density, friction factor, pipe length, pressure drop, real-time sensor data, temperature gradient;5;15
1632;extraction_papers\ontocast_runs\run_remaining_500_gpt-5.6-luna_20260723_010000\output\facts_cd82c0dc69b9.ttl;2;Fault identification;Maintainable item;FactsIndustrialEquipment;Unknown synchronization;Not reported;FactsChannelDimension, FactsLocalInformation, FactsTrendInformation, operational status, sensor data;case-study type dropped: Maintainable item | case study dropped: FactsIndustrialEquipment | default online/offline dropped: Unknown synchronization | input-for-model dropped: Not reported;Fault identification;;;;;FactsChannelDimension, FactsLocalInformation, FactsTrendInformation, operational status, sensor data;5;15
1633;extraction_papers\ontocast_runs\run_remaining_500_gpt-5.6-luna_20260723_010000\output\facts_ce1c41427c85.ttl;1;Health assessment;Maintainable item;SMOTE dataset;Unknown synchronization;Not reported;acidity, Breakdown Voltage, color, Degree of Polymerization, Dissipation Factor, dissolved gas analysis, Duval Pentagon, furan testing, humidity, Interfacial Tension, oil quality, Oil Quality;case-study type dropped: Maintainable item | default online/offline dropped: Unknown synchronization | input-for-model dropped: Not reported;Health assessment;;SMOTE dataset;;;acidity, Breakdown Voltage, color, Degree of Polymerization, Dissipation Factor, dissolved gas analysis, Duval Pentagon, furan testing, humidity, Interfacial Tension, oil quality, Oil Quality;5;15
1634;extraction_papers\ontocast_runs\run_remaining_500_gpt-5.6-luna_20260723_010000\output\facts_ced72b29fe51.ttl;1;Fault detection;Maintainable item;circuit breaker;Unknown synchronization;experiment;AC resistance, contact condition, electric field signal, current signal;case-study type dropped: Maintainable item | default online/offline dropped: Unknown synchronization | input-for-model dropped: experiment;Fault detection;;circuit breaker;;;AC resistance, contact condition, electric field signal, current signal;5;15
1635;extraction_papers\ontocast_runs\run_remaining_500_gpt-5.6-luna_20260723_010000\output\facts_cf067d9ee5a4.ttl;1;Fault detection;Maintainable item;gear;Unknown synchronization;Not reported;Time series vibration data, time series vibration data;case-study type dropped: Maintainable item | default online/offline dropped: Unknown synchronization | input-for-model dropped: Not reported;Fault detection;;gear;;;Time series vibration data, time series vibration data;5;15
1636;extraction_papers\ontocast_runs\run_remaining_500_gpt-5.6-luna_20260723_010000\output\facts_cf1d87a8fd94.ttl;1;Fault detection;Maintainable item;automotive production equipment;Unknown synchronization;Not reported;FactserrorMetricsVariable;case-study type dropped: Maintainable item | default online/offline dropped: Unknown synchronization | input-for-model dropped: Not reported | input type dropped: FactserrorMetricsVariable;Fault detection;;automotive production equipment;;;;5;15
1637;extraction_papers\ontocast_runs\run_remaining_500_gpt-5.6-luna_20260723_010000\output\facts_d182b247ea3e.ttl;1;Remaining useful life estimation;Maintainable item;bearing in aerospace manufacturing;Unknown synchronization;Not reported;frequency-domain features, handcrafted feature sequences, original vibration signal, statistical features, time-domain features;case-study type dropped: Maintainable item | default online/offline dropped: Unknown synchronization | input-for-model dropped: Not reported;Remaining useful life estimation;;bearing in aerospace manufacturing;;;frequency-domain features, handcrafted feature sequences, original vibration signal, statistical features, time-domain features;5;15
1638;extraction_papers\ontocast_runs\run_remaining_500_gpt-5.6-luna_20260723_010000\output\facts_d18cf8b03641.ttl;1;Remaining useful life estimation;Maintainable item;MDPI;Unknown synchronization;Not reported;Factsmtbf_1, spare part usage;case-study type dropped: Maintainable item | default online/offline dropped: Unknown synchronization | input-for-model dropped: Not reported;Remaining useful life estimation;;MDPI;;;Factsmtbf_1, spare part usage;5;15
1639;extraction_papers\ontocast_runs\run_remaining_500_gpt-5.6-luna_20260723_010000\output\facts_d1cb3434b501.ttl;1;Fault detection;Maintainable item;gearbox;Unknown synchronization;Not reported;FactsinputDataVariable, Output power, Output temperature, SCADA parameters, Wind speed;case-study type dropped: Maintainable item | default online/offline dropped: Unknown synchronization | input-for-model dropped: Not reported;Fault detection;;gearbox;;;FactsinputDataVariable, Output power, Output temperature, SCADA parameters, Wind speed;5;15
1640;extraction_papers\ontocast_runs\run_remaining_500_gpt-5.6-luna_20260723_010000\output\facts_d22f61589c6b.ttl;1;Fault feature extraction;Maintainable item;intermediate speed bearing;Unknown synchronization;Not reported;Ball Spin Frequency, current consumption, sampling frequency, FactsfluidPressure, Fundamental Train Frequency, weight of the load, sampling rate, vibration, thermography, shaft speed, tribology;case-study type dropped: Maintainable item | default online/offline dropped: Unknown synchronization | input-for-model dropped: Not reported;Fault feature extraction;;intermediate speed bearing;;;Ball Spin Frequency, current consumption, sampling frequency, FactsfluidPressure, Fundamental Train Frequency, weight of the load, sampling rate, vibration, thermography, shaft speed, tribology;5;15
1641;extraction_papers\ontocast_runs\run_remaining_500_gpt-5.6-luna_20260723_010000\output\facts_d2960e1252d9.ttl;1;Fault feature extraction;Maintainable item;gear;Unknown synchronization;Not reported;energy-based features, frequency components, vibration signals;case-study type dropped: Maintainable item | default online/offline dropped: Unknown synchronization | input-for-model dropped: Not reported;Fault feature extraction;;gear;;;energy-based features, frequency components, vibration signals;5;15
1642;extraction_papers\ontocast_runs\run_remaining_500_gpt-5.6-luna_20260723_010000\output\facts_d33eee2521db.ttl;2;Fault detection;Maintainable item;HVAC system;Unknown synchronization;Not reported;Not reported;case-study type dropped: Maintainable item | default online/offline dropped: Unknown synchronization | input-for-model dropped: Not reported | input type dropped: Not reported;Fault detection;;HVAC system;;;;5;15
1643;extraction_papers\ontocast_runs\run_remaining_500_gpt-5.6-luna_20260723_010000\output\facts_d385d2f0408a.ttl;1;Fault detection;Maintainable item;charging pile;Unknown synchronization;Not reported;charging pile voltage, selection parameter;case-study type dropped: Maintainable item | default online/offline dropped: Unknown synchronization | input-for-model dropped: Not reported;Fault detection;;charging pile;;;charging pile voltage, selection parameter;5;15
1644;extraction_papers\ontocast_runs\run_remaining_500_gpt-5.6-luna_20260723_010000\output\facts_d3f9b4a961be.ttl;1;Remaining useful life estimation;Maintainable item;bearing;Unknown synchronization;Not reported;bearing degradation features, failure threshold, health index, kurtosis, root mean square (RMS), signal entropy, vibration signal, vibration signals;case-study type dropped: Maintainable item | default online/offline dropped: Unknown synchronization | input-for-model dropped: Not reported;Remaining useful life estimation;;bearing;;;bearing degradation features, failure threshold, health index, kurtosis, root mean square (RMS), signal entropy, vibration signal, vibration signals;5;15
1645;extraction_papers\ontocast_runs\run_remaining_500_gpt-5.6-luna_20260723_010000\output\facts_d4c1c10b7f4e.ttl;1;Fault detection;Maintainable item;bearing;Unknown synchronization;Not reported;Not reported;case-study type dropped: Maintainable item | default online/offline dropped: Unknown synchronization | input-for-model dropped: Not reported | input type dropped: Not reported;Fault detection;;bearing;;;;5;15
1646;extraction_papers\ontocast_runs\run_remaining_500_gpt-5.6-luna_20260723_010000\output\facts_d65e2fde1af0.ttl;1;Fault identification;Maintainable item;G2-110;Unknown synchronization;Not reported;Cylinder pressure balance signal, Displacement signal, Hydraulic brake pressure signal, Impact force signal, lubrication oil, Smoothed monitoring signal data, thermal expansion, three-phase currents, triaxial vibration signals, vibration;case-study type dropped: Maintainable item | default online/offline dropped: Unknown synchronization | input-for-model dropped: Not reported;Fault identification;;G2-110;;;Cylinder pressure balance signal, Displacement signal, Hydraulic brake pressure signal, Impact force signal, lubrication oil, Smoothed monitoring signal data, thermal expansion, three-phase currents, triaxial vibration signals, vibration;5;15
1647;extraction_papers\ontocast_runs\run_remaining_500_gpt-5.6-luna_20260723_010000\output\facts_d66b61d3bacb.ttl;1;Fault detection;Maintainable item;FactshighVoltageLines;Unknown synchronization;Not reported;prior performance data;case-study type dropped: Maintainable item | case study dropped: FactshighVoltageLines | default online/offline dropped: Unknown synchronization | input-for-model dropped: Not reported;Fault detection;;;;;prior performance data;5;15
1648;extraction_papers\ontocast_runs\run_remaining_500_gpt-5.6-luna_20260723_010000\output\facts_d6a1170241c0.ttl;1;Fault detection;Maintainable item;OLTC;Unknown synchronization;Not reported;OLTC vibration signals, complex time-series signals, Factsvibration_signal_variable_1;case-study type dropped: Maintainable item | default online/offline dropped: Unknown synchronization | input-for-model dropped: Not reported;Fault detection;;OLTC;;;OLTC vibration signals, complex time-series signals, Factsvibration_signal_variable_1;5;15
1649;extraction_papers\ontocast_runs\run_remaining_500_gpt-5.6-luna_20260723_010000\output\facts_d6d07ba7be53.ttl;4;Remaining useful life estimation;Maintainable item;Mechanical product;Unknown synchronization;Not reported;Covariates, Diffusion parameter, Drift parameter, Detection data, Chemical property degradation, Random effects, Stress level;case-study type dropped: Maintainable item | default online/offline dropped: Unknown synchronization | input-for-model dropped: Not reported;Remaining useful life estimation;;Mechanical product;;;Covariates, Diffusion parameter, Drift parameter, Detection data, Chemical property degradation, Random effects, Stress level;5;15
1650;extraction_papers\ontocast_runs\run_remaining_500_gpt-5.6-luna_20260723_010000\output\facts_d6eb41a2735f.ttl;1;Fault detection;Maintainable item;wind turbine;Unknown synchronization;Not reported;Not reported;case-study type dropped: Maintainable item | default online/offline dropped: Unknown synchronization | input-for-model dropped: Not reported | input type dropped: Not reported;Fault detection;;wind turbine;;;;5;15
1651;extraction_papers\ontocast_runs\run_remaining_500_gpt-5.6-luna_20260723_010000\output\facts_d7142ea77ea0.ttl;1;Remaining useful life estimation;Maintainable item;mechanical system;Unknown synchronization;Not reported;acoustic emission signals, actual degradation trends, drum pressure, electric power, historical data observations, Pressure, sensor data, turbine pressure, water level position in the drum;case-study type dropped: Maintainable item | default online/offline dropped: Unknown synchronization | input-for-model dropped: Not reported;Remaining useful life estimation;;mechanical system;;;acoustic emission signals, actual degradation trends, drum pressure, electric power, historical data observations, Pressure, sensor data, turbine pressure, water level position in the drum;5;15
1652;extraction_papers\ontocast_runs\run_remaining_500_gpt-5.6-luna_20260723_010000\output\facts_d76e693cac57.ttl;1;Fault detection;Maintainable item;ANN;Unknown synchronization;Not reported;chemical exposure information, chemical treatments, technical manuals, seasonal production cycles, sensor telemetry, FactsvariableLengthMultimodalInput, compressor vibration data;case-study type dropped: Maintainable item | default online/offline dropped: Unknown synchronization | input-for-model dropped: Not reported;Fault detection;;ANN;;;chemical exposure information, chemical treatments, technical manuals, seasonal production cycles, sensor telemetry, FactsvariableLengthMultimodalInput, compressor vibration data;5;15
1653;extraction_papers\ontocast_runs\run_remaining_500_gpt-5.6-luna_20260723_010000\output\facts_d7c68483888e.ttl;2;Fault detection;Maintainable item;engine;Unknown synchronization;Not reported;common element of iron (Fe), oil contaminant elements, oil viscosity, spectral data, temperature, wear particle counting;case-study type dropped: Maintainable item | default online/offline dropped: Unknown synchronization | input-for-model dropped: Not reported;Fault detection;;engine;;;common element of iron (Fe), oil contaminant elements, oil viscosity, spectral data, temperature, wear particle counting;5;15
1654;extraction_papers\ontocast_runs\run_remaining_500_gpt-5.6-luna_20260723_010000\output\facts_d877a5e9a05b.ttl;1;Fault detection;Maintainable item;Not reported;Unknown synchronization;Not reported;Not reported;case-study type dropped: Maintainable item | case study dropped: Not reported | default online/offline dropped: Unknown synchronization | input-for-model dropped: Not reported | input type dropped: Not reported;Fault detection;;;;;;5;15
1655;extraction_papers\ontocast_runs\run_remaining_500_gpt-5.6-luna_20260723_010000\output\facts_d9fc11b05d7c.ttl;1;Remaining useful life estimation;Maintainable item;MHA;Unknown synchronization;Not reported;battery capacity, intrinsic mode functions;case-study type dropped: Maintainable item | default online/offline dropped: Unknown synchronization | input-for-model dropped: Not reported;Remaining useful life estimation;;MHA;;;battery capacity, intrinsic mode functions;5;15
1656;extraction_papers\ontocast_runs\run_remaining_500_gpt-5.6-luna_20260723_010000\output\facts_dadabd133627.ttl;1;One step future state forecast;Maintainable item;Distribution network;Unknown synchronization;Not reported;Distribution-network abnormal operation cumulative data, Gini index for each feature, Heatwave, Fault amount, Meteorological disaster, Storm;case-study type dropped: Maintainable item | default online/offline dropped: Unknown synchronization | input-for-model dropped: Not reported;One step future state forecast;;Distribution network;;;Distribution-network abnormal operation cumulative data, Gini index for each feature, Heatwave, Fault amount, Meteorological disaster, Storm;5;15
1657;extraction_papers\ontocast_runs\run_remaining_500_gpt-5.6-luna_20260723_010000\output\facts_db415dbacdea.ttl;2;Remaining useful life estimation;Maintainable item;Li-ion battery;Unknown synchronization;Not reported;State of Charge, FactsstateOfPower;case-study type dropped: Maintainable item | default online/offline dropped: Unknown synchronization | input-for-model dropped: Not reported;Remaining useful life estimation;;Li-ion battery;;;State of Charge, FactsstateOfPower;5;15
1658;extraction_papers\ontocast_runs\run_remaining_500_gpt-5.6-luna_20260723_010000\output\facts_db57f5560ec2.ttl;1;Fault detection;Maintainable item;rotating equipment;Unknown synchronization;Not reported;data point, Multivariate time series data, FactspressureVariable_5;case-study type dropped: Maintainable item | default online/offline dropped: Unknown synchronization | input-for-model dropped: Not reported;Fault detection;;rotating equipment;;;data point, Multivariate time series data, FactspressureVariable_5;5;15
1659;extraction_papers\ontocast_runs\run_remaining_500_gpt-5.6-luna_20260723_010000\output\facts_db6b9acca585.ttl;1;Remaining useful life estimation;Maintainable item;avionics system;Unknown synchronization;Not reported;environmental scenarios, failure behavior, process uncertainty, sensor data, TTF;case-study type dropped: Maintainable item | default online/offline dropped: Unknown synchronization | input-for-model dropped: Not reported;Remaining useful life estimation;;avionics system;;;environmental scenarios, failure behavior, process uncertainty, sensor data, TTF;5;15
1660;extraction_papers\ontocast_runs\run_remaining_500_gpt-5.6-luna_20260723_010000\output\facts_dbffc6ea378f.ttl;4;Remaining useful life estimation;Maintainable item;Not reported;Unknown synchronization;Not reported;Unified maintenance data model;case-study type dropped: Maintainable item | case study dropped: Not reported | default online/offline dropped: Unknown synchronization | input-for-model dropped: Not reported;Remaining useful life estimation;;;;;Unified maintenance data model;5;15
1661;extraction_papers\ontocast_runs\run_remaining_500_gpt-5.6-luna_20260723_010000\output\facts_dc143a0d3ce7.ttl;1;Fault identification;Maintainable item;CNRS;Unknown synchronization;Not reported;Not reported;case-study type dropped: Maintainable item | default online/offline dropped: Unknown synchronization | input-for-model dropped: Not reported | input type dropped: Not reported;Fault identification;;CNRS;;;;5;15
1662;extraction_papers\ontocast_runs\run_remaining_500_gpt-5.6-luna_20260723_010000\output\facts_dc19997586aa.ttl;2;Fault detection;Maintainable item;one-phase winding;Unknown synchronization;Not reported;FactsaxialMagneticFluxSignal, generator current, moment measurement, multisensor-aware data, otoacoustic emission, temperature measurement, vibration measurement, FactsvibrationSignal_15;case-study type dropped: Maintainable item | default online/offline dropped: Unknown synchronization | input-for-model dropped: Not reported;Fault detection;;one-phase winding;;;FactsaxialMagneticFluxSignal, generator current, moment measurement, multisensor-aware data, otoacoustic emission, temperature measurement, vibration measurement, FactsvibrationSignal_15;5;15
1663;extraction_papers\ontocast_runs\run_remaining_500_gpt-5.6-luna_20260723_010000\output\facts_dcd261d527c3.ttl;1;Fault detection;Maintainable item;rotary machine;Unknown synchronization;Not reported;load change, variable speed;case-study type dropped: Maintainable item | default online/offline dropped: Unknown synchronization | input-for-model dropped: Not reported;Fault detection;;rotary machine;;;load change, variable speed;5;15
1664;extraction_papers\ontocast_runs\run_remaining_500_gpt-5.6-luna_20260723_010000\output\facts_dd8649c94efa.ttl;2;Remaining useful life estimation;Maintainable item;carbon steel;Unknown synchronization;Not reported;eddy current signal, Complex-valued eddy current signals, Phase information;case-study type dropped: Maintainable item | default online/offline dropped: Unknown synchronization | input-for-model dropped: Not reported;Remaining useful life estimation;;carbon steel;;;eddy current signal, Complex-valued eddy current signals, Phase information;5;15
1665;extraction_papers\ontocast_runs\run_remaining_500_gpt-5.6-luna_20260723_010000\output\facts_dd88997e6605.ttl;1;Health assessment;Maintainable item;mobile robot;Unknown synchronization;Not reported;robot pose, vibration cost map, Factsterrain_roughness_1;case-study type dropped: Maintainable item | default online/offline dropped: Unknown synchronization | input-for-model dropped: Not reported;Health assessment;;mobile robot;;;robot pose, vibration cost map, Factsterrain_roughness_1;5;15
1666;extraction_papers\ontocast_runs\run_remaining_500_gpt-5.6-luna_20260723_010000\output\facts_ddcef1b51f01.ttl;1;Fault identification;Maintainable item;transformer;Unknown synchronization;Not reported;CO2/CO ratio, dissolved gas analysis, interfacial tension;case-study type dropped: Maintainable item | default online/offline dropped: Unknown synchronization | input-for-model dropped: Not reported;Fault identification;;transformer;;;CO2/CO ratio, dissolved gas analysis, interfacial tension;5;15
1667;extraction_papers\ontocast_runs\run_remaining_500_gpt-5.6-luna_20260723_010000\output\facts_decaaa356f22.ttl;1;Health assessment;Maintainable item;ventilation system;Unknown synchronization;Not reported;air quality, humidity, power consumption, FactssensorDataVariable_2, temperature, vibration;case-study type dropped: Maintainable item | default online/offline dropped: Unknown synchronization | input-for-model dropped: Not reported;Health assessment;;ventilation system;;;air quality, humidity, power consumption, FactssensorDataVariable_2, temperature, vibration;5;15
1668;extraction_papers\ontocast_runs\run_remaining_500_gpt-5.6-luna_20260723_010000\output\facts_df7e1d820c0d.ttl;1;Fault detection;Maintainable item;airplane engine;Unknown synchronization;Not reported;Feature variable;case-study type dropped: Maintainable item | default online/offline dropped: Unknown synchronization | input-for-model dropped: Not reported;Fault detection;;airplane engine;;;Feature variable;5;15
1669;extraction_papers\ontocast_runs\run_remaining_500_gpt-5.6-luna_20260723_010000\output\facts_dfd5f29532e4.ttl;1;Fault identification;Maintainable item;axial flow pump;Unknown synchronization;Not reported;fault features, frequency-domain features, frequency similarity matrix, time-domain signals;case-study type dropped: Maintainable item | default online/offline dropped: Unknown synchronization | input-for-model dropped: Not reported;Fault identification;;axial flow pump;;;fault features, frequency-domain features, frequency similarity matrix, time-domain signals;5;15
1670;extraction_papers\ontocast_runs\run_remaining_500_gpt-5.6-luna_20260723_010000\output\facts_e0371815423d.ttl;1;Fault detection;Maintainable item;railway operational equipment;Unknown synchronization;FactsgraphGeneration;acoustic emissions, historical failure records, real-time monitoring information, sensor data, temperature variations, vibration signals;case-study type dropped: Maintainable item | default online/offline dropped: Unknown synchronization | input-for-model dropped: FactsgraphGeneration;Fault detection;;railway operational equipment;;;acoustic emissions, historical failure records, real-time monitoring information, sensor data, temperature variations, vibration signals;5;15
1671;extraction_papers\ontocast_runs\run_remaining_500_gpt-5.6-luna_20260723_010000\output\facts_e0503cea8e6c.ttl;2;Fault detection;Maintainable item;planetary gearbox;Unknown synchronization;Not reported;multivariate entropy, vibration signal;case-study type dropped: Maintainable item | default online/offline dropped: Unknown synchronization | input-for-model dropped: Not reported;Fault detection;;planetary gearbox;;;multivariate entropy, vibration signal;5;15
1672;extraction_papers\ontocast_runs\run_remaining_500_gpt-5.6-luna_20260723_010000\output\facts_e08b9fdb8856.ttl;1;Fault detection;Maintainable item;elevator;Unknown synchronization;Not reported;lateral force acting on vehicle tires, lateral force variation (LFV), real-time vibration monitoring, FactsvibrationSignal_5;case-study type dropped: Maintainable item | default online/offline dropped: Unknown synchronization | input-for-model dropped: Not reported;Fault detection;;elevator;;;lateral force acting on vehicle tires, lateral force variation (LFV), real-time vibration monitoring, FactsvibrationSignal_5;5;15
1673;extraction_papers\ontocast_runs\run_remaining_500_gpt-5.6-luna_20260723_010000\output\facts_e11d777d1644.ttl;1;Remaining useful life estimation;Maintainable item;defective oil and natural gas pipeline;Unknown synchronization;Not reported;Input features, FactsvariableDefectDepth;case-study type dropped: Maintainable item | default online/offline dropped: Unknown synchronization | input-for-model dropped: Not reported;Remaining useful life estimation;;defective oil and natural gas pipeline;;;Input features, FactsvariableDefectDepth;5;15
1674;extraction_papers\ontocast_runs\run_remaining_500_gpt-5.6-luna_20260723_010000\output\facts_e192b046ee2f.ttl;1;Fault detection;Maintainable item;tablet pressing machine;Unknown synchronization;Not reported;FactsspeedVariable_1;case-study type dropped: Maintainable item | default online/offline dropped: Unknown synchronization | input-for-model dropped: Not reported | input type dropped: FactsspeedVariable_1;Fault detection;;tablet pressing machine;;;;5;15
1675;extraction_papers\ontocast_runs\run_remaining_500_gpt-5.6-luna_20260723_010000\output\facts_e328568eaa47.ttl;2;Health assessment;Maintainable item;battery;Unknown synchronization;Not reported;available memory, battery degradation, transmission bandwidth;case-study type dropped: Maintainable item | default online/offline dropped: Unknown synchronization | input-for-model dropped: Not reported;Health assessment;;battery;;;available memory, battery degradation, transmission bandwidth;5;15
1676;extraction_papers\ontocast_runs\run_remaining_500_gpt-5.6-luna_20260723_010000\output\facts_e49a2d6392c9.ttl;2;Fault detection;Maintainable item;Factory machine;Unknown synchronization;Not reported;Acoustic signal, Temperature signal, raw sensor input;case-study type dropped: Maintainable item | default online/offline dropped: Unknown synchronization | input-for-model dropped: Not reported;Fault detection;;Factory machine;;;Acoustic signal, Temperature signal, raw sensor input;5;15
1677;extraction_papers\ontocast_runs\run_remaining_500_gpt-5.6-luna_20260723_010000\output\facts_e64107019048.ttl;2;Fault feature extraction;Maintainable item;bearing;Unknown synchronization;Not reported;FactspsdDifference;case-study type dropped: Maintainable item | default online/offline dropped: Unknown synchronization | input-for-model dropped: Not reported | input type dropped: FactspsdDifference;Fault feature extraction;;bearing;;;;5;15
1678;extraction_papers\ontocast_runs\run_remaining_500_gpt-5.6-luna_20260723_010000\output\facts_e6b4890e4fde.ttl;1;Fault detection;Maintainable item;engine;Unknown synchronization;Not reported;engine vibration signal;case-study type dropped: Maintainable item | default online/offline dropped: Unknown synchronization | input-for-model dropped: Not reported;Fault detection;;engine;;;engine vibration signal;5;15
1679;extraction_papers\ontocast_runs\run_remaining_500_gpt-5.6-luna_20260723_010000\output\facts_e6c9e8b98f0d.ttl;1;Health assessment;Maintainable item;CNCMT;Unknown synchronization;Not reported;Not reported;case-study type dropped: Maintainable item | default online/offline dropped: Unknown synchronization | input-for-model dropped: Not reported | input type dropped: Not reported;Health assessment;;CNCMT;;;;5;15
1680;extraction_papers\ontocast_runs\run_remaining_500_gpt-5.6-luna_20260723_010000\output\facts_e73fdabd018a.ttl;2;Fault detection;Maintainable item;air compressor;Unknown synchronization;Not reported;sensor information;case-study type dropped: Maintainable item | default online/offline dropped: Unknown synchronization | input-for-model dropped: Not reported;Fault detection;;air compressor;;;sensor information;5;15
1681;extraction_papers\ontocast_runs\run_remaining_500_gpt-5.6-luna_20260723_010000\output\facts_e81b7efab900.ttl;1;Remaining useful life estimation;Maintainable item;cutting tool;Unknown synchronization;Not reported;batch size, cutting force data, cutting force, environmental vibrations, power signal, temperature, tool wear state, time-series data, vibration signal, workpiece materials;case-study type dropped: Maintainable item | default online/offline dropped: Unknown synchronization | input-for-model dropped: Not reported;Remaining useful life estimation;;cutting tool;;;batch size, cutting force data, cutting force, environmental vibrations, power signal, temperature, tool wear state, time-series data, vibration signal, workpiece materials;5;15
1682;extraction_papers\ontocast_runs\run_remaining_500_gpt-5.6-luna_20260723_010000\output\facts_e8454d13af94.ttl;2;Remaining useful life estimation;Maintainable item;battery B7;Unknown synchronization;Not reported;aging-stage-based input features, capacity, current, health indicators, principal component analysis feature dimensionality reduction, resistance, temperature, voltage;case-study type dropped: Maintainable item | default online/offline dropped: Unknown synchronization | input-for-model dropped: Not reported;Remaining useful life estimation;;battery B7;;;aging-stage-based input features, capacity, current, health indicators, principal component analysis feature dimensionality reduction, resistance, temperature, voltage;5;15
1683;extraction_papers\ontocast_runs\run_remaining_500_gpt-5.6-luna_20260723_010000\output\facts_e869c68d4742.ttl;2;Health assessment;Maintainable item;asset condition;Unknown synchronization;Not reported;degradation patterns, dissolved gas analysis, environmental factors, fault history, load, operational conditions, reliability indicators, temperature, usage intensity, usage patterns;case-study type dropped: Maintainable item | default online/offline dropped: Unknown synchronization | input-for-model dropped: Not reported;Health assessment;;asset condition;;;degradation patterns, dissolved gas analysis, environmental factors, fault history, load, operational conditions, reliability indicators, temperature, usage intensity, usage patterns;5;15
1684;extraction_papers\ontocast_runs\run_remaining_500_gpt-5.6-luna_20260723_010000\output\facts_eb8d7e0a7afe.ttl;1;Fault detection;Maintainable item;PMSG;Unknown synchronization;Not reported;Not reported;case-study type dropped: Maintainable item | default online/offline dropped: Unknown synchronization | input-for-model dropped: Not reported | input type dropped: Not reported;Fault detection;;PMSG;;;;5;15
1685;extraction_papers\ontocast_runs\run_remaining_500_gpt-5.6-luna_20260723_010000\output\facts_ec7d4004949a.ttl;1;Fault detection;Maintainable item;electric motor;Unknown synchronization;Not reported;temperature;case-study type dropped: Maintainable item | default online/offline dropped: Unknown synchronization | input-for-model dropped: Not reported;Fault detection;;electric motor;;;temperature;5;15
1686;extraction_papers\ontocast_runs\run_remaining_500_gpt-5.6-luna_20260723_010000\output\facts_ed34cd5a39f8.ttl;1;Remaining useful life estimation;Maintainable item;FactscriticalComponent;Unknown synchronization;Not reported;FactsiotData;case-study type dropped: Maintainable item | case study dropped: FactscriticalComponent | default online/offline dropped: Unknown synchronization | input-for-model dropped: Not reported | input type dropped: FactsiotData;Remaining useful life estimation;;;;;;5;15
1687;extraction_papers\ontocast_runs\run_remaining_500_gpt-5.6-luna_20260723_010000\output\facts_edd26611cd3c.ttl;1;Fault detection;Maintainable item;three-phase synchronous motor;Unknown synchronization;Not reported;Not reported;case-study type dropped: Maintainable item | default online/offline dropped: Unknown synchronization | input-for-model dropped: Not reported | input type dropped: Not reported;Fault detection;;three-phase synchronous motor;;;;5;15
1688;extraction_papers\ontocast_runs\run_remaining_500_gpt-5.6-luna_20260723_010000\output\facts_edeecf941976.ttl;2;Health assessment;Maintainable item;engine oil;Unknown synchronization;Not reported;conductance (G), impedance (|Z|), infrared spectroscopy data, measurement frequency, parallel equivalent capacitance (Cp), phase shift angle (Î¸), viscosity;case-study type dropped: Maintainable item | default online/offline dropped: Unknown synchronization | input-for-model dropped: Not reported;Health assessment;;engine oil;;;conductance (G), impedance (|Z|), infrared spectroscopy data, measurement frequency, parallel equivalent capacitance (Cp), phase shift angle (Î¸), viscosity;5;15
1689;extraction_papers\ontocast_runs\run_remaining_500_gpt-5.6-luna_20260723_010000\output\facts_ef3405981275.ttl;1;Health assessment;Maintainable item;ship structure;Unknown synchronization;FactsimageSegmentation;Not reported;case-study type dropped: Maintainable item | default online/offline dropped: Unknown synchronization | input-for-model dropped: FactsimageSegmentation | input type dropped: Not reported;Health assessment;;ship structure;;;;5;15
1690;extraction_papers\ontocast_runs\run_remaining_500_gpt-5.6-luna_20260723_010000\output\facts_ef65454c5275.ttl;2;Fault detection;Maintainable item;FactssolarPanel;Unknown synchronization;Not reported;sensor data, Factstemperature, vibration measurements;case-study type dropped: Maintainable item | case study dropped: FactssolarPanel | default online/offline dropped: Unknown synchronization | input-for-model dropped: Not reported;Fault detection;;;;;sensor data, Factstemperature, vibration measurements;5;15
1691;extraction_papers\ontocast_runs\run_remaining_500_gpt-5.6-luna_20260723_010000\output\facts_f0f7494f9635.ttl;1;Health assessment;Maintainable item;manufacturing equipment;Unknown synchronization;Not reported;Not reported;case-study type dropped: Maintainable item | default online/offline dropped: Unknown synchronization | input-for-model dropped: Not reported | input type dropped: Not reported;Health assessment;;manufacturing equipment;;;;5;15
1692;extraction_papers\ontocast_runs\run_remaining_500_gpt-5.6-luna_20260723_010000\output\facts_f1cd5e21d9f6.ttl;1;One step future state forecast;Maintainable item;brass pins;Unknown synchronization;Not reported;COF, surface roughness, wear depth;case-study type dropped: Maintainable item | default online/offline dropped: Unknown synchronization | input-for-model dropped: Not reported;One step future state forecast;;brass pins;;;COF, surface roughness, wear depth;5;15
1693;extraction_papers\ontocast_runs\run_remaining_500_gpt-5.6-luna_20260723_010000\output\facts_f23072a127c9.ttl;1;Remaining useful life estimation;Maintainable item;bottleneck machine;Unknown synchronization;Not reported;Not reported;case-study type dropped: Maintainable item | default online/offline dropped: Unknown synchronization | input-for-model dropped: Not reported | input type dropped: Not reported;Remaining useful life estimation;;bottleneck machine;;;;5;15
1694;extraction_papers\ontocast_runs\run_remaining_500_gpt-5.6-luna_20260723_010000\output\facts_f30a3dd8f4ed.ttl;3;One step future state forecast;Maintainable item;all-fiber microcavity pressure sensor;Unknown synchronization;Not reported;Not reported;case-study type dropped: Maintainable item | default online/offline dropped: Unknown synchronization | input-for-model dropped: Not reported | input type dropped: Not reported;One step future state forecast;;all-fiber microcavity pressure sensor;;;;5;15
1695;extraction_papers\ontocast_runs\run_remaining_500_gpt-5.6-luna_20260723_010000\output\facts_f3e14d37e65c.ttl;1;Fault detection;Maintainable item;Component X;Unknown synchronization;Not reported;features extracted via sliding window and time-series processing, load;case-study type dropped: Maintainable item | default online/offline dropped: Unknown synchronization | input-for-model dropped: Not reported;Fault detection;;Component X;;;features extracted via sliding window and time-series processing, load;5;15
1696;extraction_papers\ontocast_runs\run_remaining_500_gpt-5.6-luna_20260723_010000\output\facts_f3e1ac0209d9.ttl;1;Remaining useful life estimation;Maintainable item;aero-engine;Unknown synchronization;Not reported;Bearing vibration signals;case-study type dropped: Maintainable item | default online/offline dropped: Unknown synchronization | input-for-model dropped: Not reported;Remaining useful life estimation;;aero-engine;;;Bearing vibration signals;5;15
1697;extraction_papers\ontocast_runs\run_remaining_500_gpt-5.6-luna_20260723_010000\output\facts_f3f5d5dc739f.ttl;1;Fault detection;Maintainable item;Rolling element bearing;Unknown synchronization;Not reported;addendum, backlash, multi-dimensional feature vector, Factsfrequency5120, internal radial clearance, kernel function parameters, Kolmogorov entropy, penalty factors, tooth profile modification, vibration signal;case-study type dropped: Maintainable item | default online/offline dropped: Unknown synchronization | input-for-model dropped: Not reported;Fault detection;;Rolling element bearing;;;addendum, backlash, multi-dimensional feature vector, Factsfrequency5120, internal radial clearance, kernel function parameters, Kolmogorov entropy, penalty factors, tooth profile modification, vibration signal;5;15
1698;extraction_papers\ontocast_runs\run_remaining_500_gpt-5.6-luna_20260723_010000\output\facts_f552323a9b17.ttl;1;Remaining useful life estimation;Maintainable item;lithium-ion battery;Unknown synchronization;Not reported;battery current, predicted remaining capacity, time-domain features;case-study type dropped: Maintainable item | default online/offline dropped: Unknown synchronization | input-for-model dropped: Not reported;Remaining useful life estimation;;lithium-ion battery;;;battery current, predicted remaining capacity, time-domain features;5;15
1699;extraction_papers\ontocast_runs\run_remaining_500_gpt-5.6-luna_20260723_010000\output\facts_f6f0120980fc.ttl;1;Remaining useful life estimation;Maintainable item;engine;Unknown synchronization;Not reported;Learning rate, Number of graph convolution layers, Number of hidden units in each layer, Pressure sensor, Rotational speed sensor, Temperature sensor, C-MAPSS dataset;case-study type dropped: Maintainable item | default online/offline dropped: Unknown synchronization | input-for-model dropped: Not reported;Remaining useful life estimation;;engine;;;Learning rate, Number of graph convolution layers, Number of hidden units in each layer, Pressure sensor, Rotational speed sensor, Temperature sensor, C-MAPSS dataset;5;15
1700;extraction_papers\ontocast_runs\run_remaining_500_gpt-5.6-luna_20260723_010000\output\facts_f73d5f570338.ttl;2;Fault detection;Maintainable item;IGBT;Unknown synchronization;Not reported;Not reported;case-study type dropped: Maintainable item | default online/offline dropped: Unknown synchronization | input-for-model dropped: Not reported | input type dropped: Not reported;Fault detection;;IGBT;;;;5;15
1701;extraction_papers\ontocast_runs\run_remaining_500_gpt-5.6-luna_20260723_010000\output\facts_f84b7a600d17.ttl;1;Health assessment;Maintainable item;DC circuit breaker;Unknown synchronization;Not reported;arc length, terminal current, terminal voltage, arc thermal resistance, voltage drops at the arc roots;case-study type dropped: Maintainable item | default online/offline dropped: Unknown synchronization | input-for-model dropped: Not reported;Health assessment;;DC circuit breaker;;;arc length, terminal current, terminal voltage, arc thermal resistance, voltage drops at the arc roots;5;15
1702;extraction_papers\ontocast_runs\run_remaining_500_gpt-5.6-luna_20260723_010000\output\facts_f8f1d60c5f9c.ttl;1;One step future state forecast;Maintainable item;gear transmission;Unknown synchronization;Not reported;axial modification, deformations, friction torque, hardness, lubricated surface, normal force, oil acidity, wear intensity, wear volume;case-study type dropped: Maintainable item | default online/offline dropped: Unknown synchronization | input-for-model dropped: Not reported;One step future state forecast;;gear transmission;;;axial modification, deformations, friction torque, hardness, lubricated surface, normal force, oil acidity, wear intensity, wear volume;5;15
1703;extraction_papers\ontocast_runs\run_remaining_500_gpt-5.6-luna_20260723_010000\output\facts_f9e0c3b7e92e.ttl;2;Fault detection;Maintainable item;main bearing;Unknown synchronization;Not reported;infrared thermographic temperature data, FactsthermographyFeatures;case-study type dropped: Maintainable item | default online/offline dropped: Unknown synchronization | input-for-model dropped: Not reported;Fault detection;;main bearing;;;infrared thermographic temperature data, FactsthermographyFeatures;5;15
1704;extraction_papers\ontocast_runs\run_remaining_500_gpt-5.6-luna_20260723_010000\output\facts_fa331d96dfd0.ttl;2;Fault detection;Maintainable item;gear;Unknown synchronization;Not reported;rotational angle measurement, FactsspeedData, transmission error;case-study type dropped: Maintainable item | default online/offline dropped: Unknown synchronization | input-for-model dropped: Not reported;Fault detection;;gear;;;rotational angle measurement, FactsspeedData, transmission error;5;15
1705;extraction_papers\ontocast_runs\run_remaining_500_gpt-5.6-luna_20260723_010000\output\facts_fae7e975c642.ttl;1;Fault detection;Maintainable item;gas pipeline;Unknown synchronization;Not reported;historical data, live sensor information, pressure, real-time monitoring through IoT integration;case-study type dropped: Maintainable item | default online/offline dropped: Unknown synchronization | input-for-model dropped: Not reported;Fault detection;;gas pipeline;;;historical data, live sensor information, pressure, real-time monitoring through IoT integration;5;15
1706;extraction_papers\ontocast_runs\run_remaining_500_gpt-5.6-luna_20260723_010000\output\facts_fafefeeb3d55.ttl;1;Fault detection;Maintainable item;battery degradation system;Unknown synchronization;Not reported;Coupling disturbance, Crack growth, Functional configuration, Health state, Latent coupling, Task load;case-study type dropped: Maintainable item | default online/offline dropped: Unknown synchronization | input-for-model dropped: Not reported;Fault detection;;battery degradation system;;;Coupling disturbance, Crack growth, Functional configuration, Health state, Latent coupling, Task load;5;15
1707;extraction_papers\ontocast_runs\run_remaining_500_gpt-5.6-luna_20260723_010000\output\facts_fb9f85d44b7e.ttl;5;Remaining useful life estimation;Maintainable item;bearings;Unknown synchronization;Not reported;biomarker levels, CD4-lymphocyte count, degradation signal, longitudinal measurement, operating state, prostate specific antigen level, time-to-event data;case-study type dropped: Maintainable item | default online/offline dropped: Unknown synchronization | input-for-model dropped: Not reported;Remaining useful life estimation;;bearings;;;biomarker levels, CD4-lymphocyte count, degradation signal, longitudinal measurement, operating state, prostate specific antigen level, time-to-event data;5;15
1708;extraction_papers\ontocast_runs\run_remaining_500_gpt-5.6-luna_20260723_010000\output\facts_fbe7da367282.ttl;2;Fault detection;Maintainable item;service-intensive building;Unknown synchronization;Not reported;asset history and inventory specifications, BMS telemetry, damage index, environment indicators, reference evapotranspiration, flood depth, flow, inundation duration, maintenance and work-order logs, local meteorology, occupancy and usage proxies, pressure, remote sensing, salinity, service loss fraction, setpoint, slope stability factor of safety, temperature, Usage indicators, valve position;case-study type dropped: Maintainable item | default online/offline dropped: Unknown synchronization | input-for-model dropped: Not reported;Fault detection;;service-intensive building;;;asset history and inventory specifications, BMS telemetry, damage index, environment indicators, reference evapotranspiration, flood depth, flow, inundation duration, maintenance and work-order logs, local meteorology, occupancy and usage proxies, pressure, remote sensing, salinity, service loss fraction, setpoint, slope stability factor of safety, temperature, Usage indicators, valve position;5;15
1709;extraction_papers\ontocast_runs\run_remaining_500_gpt-5.6-luna_20260723_010000\output\facts_fccaa8ddd01d.ttl;1;Fault detection;Maintainable item;rolling element bearing;Unknown synchronization;Not reported;FactsTransferableFeatures, time-domain signal, vibration signatures;case-study type dropped: Maintainable item | default online/offline dropped: Unknown synchronization | input-for-model dropped: Not reported;Fault detection;;rolling element bearing;;;FactsTransferableFeatures, time-domain signal, vibration signatures;5;15
1710;extraction_papers\ontocast_runs\run_remaining_500_gpt-5.6-luna_20260723_010000\output\facts_fd1ae1edef08.ttl;1;Fault detection;Maintainable item;rotating machinery;Unknown synchronization;Not reported;estimation error, acquired vibration data;case-study type dropped: Maintainable item | default online/offline dropped: Unknown synchronization | input-for-model dropped: Not reported;Fault detection;;rotating machinery;;;estimation error, acquired vibration data;5;15
1711;extraction_papers\ontocast_runs\run_remaining_500_gpt-5.6-luna_20260723_010000\output\facts_fd4fd24fd715.ttl;2;Fault detection;Maintainable item;bucket elevator;Unknown synchronization;Not reported;belt velocity, bucket size, feed input rate, kurtosis, bulk-cargo flow rate, characteristics of transported material;case-study type dropped: Maintainable item | default online/offline dropped: Unknown synchronization | input-for-model dropped: Not reported;Fault detection;;bucket elevator;;;belt velocity, bucket size, feed input rate, kurtosis, bulk-cargo flow rate, characteristics of transported material;5;15
1712;extraction_papers\ontocast_runs\run_remaining_500_gpt-5.6-luna_20260723_010000\output\facts_fd8c2fc0deba.ttl;1;Fault detection;Maintainable item;UAV engine;Unknown synchronization;Not reported;aviation data, pressure measurement, robotic systems telemetries, sensor data, temperature measurement, vibration measurement;case-study type dropped: Maintainable item | default online/offline dropped: Unknown synchronization | input-for-model dropped: Not reported;Fault detection;;UAV engine;;;aviation data, pressure measurement, robotic systems telemetries, sensor data, temperature measurement, vibration measurement;5;15
1713;extraction_papers\ontocast_runs\run_remaining_500_gpt-5.6-luna_20260723_010000\output\facts_ff29a0eff0a3.ttl;2;Fault detection;Maintainable item;Francis turbine;Unknown synchronization;Not reported;Not reported;case-study type dropped: Maintainable item | default online/offline dropped: Unknown synchronization | input-for-model dropped: Not reported | input type dropped: Not reported;Fault detection;;Francis turbine;;;;5;15
1714;extraction_papers\ontocast_runs\run_remaining_500_gpt-5.6-luna_20260723_010000\output\facts_ff8c1f54a541.ttl;1;Remaining useful life estimation;Maintainable item;FactselectricMotor_3;Unknown synchronization;Not reported;bearing temperature of the electric motor, collected and labeled data, historical data, incoming real-time data, sensor data;case-study type dropped: Maintainable item | case study dropped: FactselectricMotor_3 | default online/offline dropped: Unknown synchronization | input-for-model dropped: Not reported;Remaining useful life estimation;;;;;bearing temperature of the electric motor, collected and labeled data, historical data, incoming real-time data, sensor data;5;15
1715;extraction_papers\ontocast_runs\run_retry_failed_106_gpt-5.6-luna_20260725_220000\output\facts_01be2c74ae5e.ttl;2;Fault detection;Maintainable item;rotor;Unknown synchronization;Not reported;thermal state;case-study type dropped: Maintainable item | default online/offline dropped: Unknown synchronization | input-for-model dropped: Not reported;Fault detection;;rotor;;;thermal state;5;15
1716;extraction_papers\ontocast_runs\run_retry_failed_106_gpt-5.6-luna_20260725_220000\output\facts_0208dfb874f0.ttl;1;Fault identification;Maintainable item;support structure of the boom of a bucket-wheel excavator;Unknown synchronization;Not reported;Not reported;case-study type dropped: Maintainable item | default online/offline dropped: Unknown synchronization | input-for-model dropped: Not reported | input type dropped: Not reported;Fault identification;;support structure of the boom of a bucket-wheel excavator;;;;5;15
1717;extraction_papers\ontocast_runs\run_retry_failed_106_gpt-5.6-luna_20260725_220000\output\facts_0223a171e0d2.ttl;1;Fault detection;Maintainable item;equipment;Unknown synchronization;Not reported;FactsrealTimeDataVariable;case-study type dropped: Maintainable item | default online/offline dropped: Unknown synchronization | input-for-model dropped: Not reported | input type dropped: FactsrealTimeDataVariable;Fault detection;;equipment;;;;5;15
1718;extraction_papers\ontocast_runs\run_retry_failed_106_gpt-5.6-luna_20260725_220000\output\facts_057ee2d61ab9.ttl;1;Fault detection;Maintainable item;industrial assets;Unknown synchronization;Not reported;Operational data;case-study type dropped: Maintainable item | default online/offline dropped: Unknown synchronization | input-for-model dropped: Not reported;Fault detection;;industrial assets;;;Operational data;5;15
1719;extraction_papers\ontocast_runs\run_retry_failed_106_gpt-5.6-luna_20260725_220000\output\facts_057fcbb86f5a.ttl;1;Health assessment;Maintainable item;Smart manufacturing system;Unknown synchronization;Not reported;historical and real-time sensor data;case-study type dropped: Maintainable item | default online/offline dropped: Unknown synchronization | input-for-model dropped: Not reported;Health assessment;;Smart manufacturing system;;;historical and real-time sensor data;5;15
1720;extraction_papers\ontocast_runs\run_retry_failed_106_gpt-5.6-luna_20260725_220000\output\facts_0622eb5e2542.ttl;1;Remaining useful life estimation;Maintainable item;bearing;Unknown synchronization;Not reported;feature weights Pij, score matrix A, feature space, health indicator, prognostic metrics, FactsremainingUsefulLife_4, time-domain features, vibration signal, wavelet packet energy features;case-study type dropped: Maintainable item | default online/offline dropped: Unknown synchronization | input-for-model dropped: Not reported;Remaining useful life estimation;;bearing;;;feature weights Pij, score matrix A, feature space, health indicator, prognostic metrics, FactsremainingUsefulLife_4, time-domain features, vibration signal, wavelet packet energy features;5;15
1721;extraction_papers\ontocast_runs\run_retry_failed_106_gpt-5.6-luna_20260725_220000\output\facts_097175fccb51.ttl;3;Fault detection;Maintainable item;Electric power generation infrastructure;Unknown synchronization;Not reported;operational life, aerial radiometric infrared thermography, thermal anomaly, floating-point temperature numerical values, warmer weather effects;case-study type dropped: Maintainable item | default online/offline dropped: Unknown synchronization | input-for-model dropped: Not reported;Fault detection;;Electric power generation infrastructure;;;operational life, aerial radiometric infrared thermography, thermal anomaly, floating-point temperature numerical values, warmer weather effects;5;15
1722;extraction_papers\ontocast_runs\run_retry_failed_106_gpt-5.6-luna_20260725_220000\output\facts_0a35a9d01d3b.ttl;1;Remaining useful life estimation;Maintainable item;bearings;Unknown synchronization;Not reported;few-shot data, variable operating conditions, interdomain transferable features;case-study type dropped: Maintainable item | default online/offline dropped: Unknown synchronization | input-for-model dropped: Not reported;Remaining useful life estimation;;bearings;;;few-shot data, variable operating conditions, interdomain transferable features;5;15
1723;extraction_papers\ontocast_runs\run_retry_failed_106_gpt-5.6-luna_20260725_220000\output\facts_0ace59f016bb.ttl;1;Fault detection;Maintainable item;steel plate;Unknown synchronization;Not reported;Not reported;case-study type dropped: Maintainable item | default online/offline dropped: Unknown synchronization | input-for-model dropped: Not reported | input type dropped: Not reported;Fault detection;;steel plate;;;;5;15
1724;extraction_papers\ontocast_runs\run_retry_failed_106_gpt-5.6-luna_20260725_220000\output\facts_0d9faa6aaa72.ttl;1;Remaining useful life estimation;Maintainable item;blade section;Unknown synchronization;Not reported;angular speed, base load, blade density, cooling effectiveness, creep factor, creep-LCF interactions, cyclic peaking factor, cyclic starting factor for aircraft type engines, LCF damage, gas temperature, low-cycle fatigue damage, number of starts, oxidation damage, severity factor, total operating hours, EOH estimation;case-study type dropped: Maintainable item | default online/offline dropped: Unknown synchronization | input-for-model dropped: Not reported;Remaining useful life estimation;;blade section;;;angular speed, base load, blade density, cooling effectiveness, creep factor, creep-LCF interactions, cyclic peaking factor, cyclic starting factor for aircraft type engines, LCF damage, gas temperature, low-cycle fatigue damage, number of starts, oxidation damage, severity factor, total operating hours, EOH estimation;5;15
1725;extraction_papers\ontocast_runs\run_retry_failed_106_gpt-5.6-luna_20260725_220000\output\facts_0e914695ea05.ttl;1;One step future state forecast;Maintainable item;machine;Unknown synchronization;Not reported;Not reported;case-study type dropped: Maintainable item | default online/offline dropped: Unknown synchronization | input-for-model dropped: Not reported | input type dropped: Not reported;One step future state forecast;;machine;;;;5;15
1726;extraction_papers\ontocast_runs\run_retry_failed_106_gpt-5.6-luna_20260725_220000\output\facts_10c47ec7eac9.ttl;1;Health assessment;Maintainable item;cable;Unknown synchronization;Not reported;Relaxation time, reference frequency;case-study type dropped: Maintainable item | default online/offline dropped: Unknown synchronization | input-for-model dropped: Not reported;Health assessment;;cable;;;Relaxation time, reference frequency;5;15
1727;extraction_papers\ontocast_runs\run_retry_failed_106_gpt-5.6-luna_20260725_220000\output\facts_1327739e1297.ttl;1;Remaining useful life estimation;Maintainable item;electric vehicle application;Unknown synchronization;Not reported;Batch size, heterogeneity of graphite anodes, Number of hidden neurons, Indirect Health Indicator;case-study type dropped: Maintainable item | default online/offline dropped: Unknown synchronization | input-for-model dropped: Not reported;Remaining useful life estimation;;electric vehicle application;;;Batch size, heterogeneity of graphite anodes, Number of hidden neurons, Indirect Health Indicator;5;15
1728;extraction_papers\ontocast_runs\run_retry_failed_106_gpt-5.6-luna_20260725_220000\output\facts_16f155a3d6e0.ttl;1;Fault detection;Maintainable item;contact probe;Unknown synchronization;Not reported;time-series data, FactsprobingOverdrive, FactssurfaceRoughness, Factstemperature;case-study type dropped: Maintainable item | default online/offline dropped: Unknown synchronization | input-for-model dropped: Not reported;Fault detection;;contact probe;;;time-series data, FactsprobingOverdrive, FactssurfaceRoughness, Factstemperature;5;15
1729;extraction_papers\ontocast_runs\run_retry_failed_106_gpt-5.6-luna_20260725_220000\output\facts_18a359482a7e.ttl;1;Fault detection;Maintainable item;equipment;Unknown synchronization;Not reported;input variable;case-study type dropped: Maintainable item | default online/offline dropped: Unknown synchronization | input-for-model dropped: Not reported;Fault detection;;equipment;;;input variable;5;15
1730;extraction_papers\ontocast_runs\run_retry_failed_106_gpt-5.6-luna_20260725_220000\output\facts_1baac2332fd1.ttl;1;Fault detection;Maintainable item;power transformer;Unknown synchronization;Not reported;diagnostic marker, frequency bands, FRA response, FRA signature, frequency sweep, low voltage;case-study type dropped: Maintainable item | default online/offline dropped: Unknown synchronization | input-for-model dropped: Not reported;Fault detection;;power transformer;;;diagnostic marker, frequency bands, FRA response, FRA signature, frequency sweep, low voltage;5;15
1731;extraction_papers\ontocast_runs\run_retry_failed_106_gpt-5.6-luna_20260725_220000\output\facts_1da4b167547b.ttl;2;Fault identification;Maintainable item;induction motor;Unknown synchronization;Not reported;Not reported;case-study type dropped: Maintainable item | default online/offline dropped: Unknown synchronization | input-for-model dropped: Not reported | input type dropped: Not reported;Fault identification;;induction motor;;;;5;15
1732;extraction_papers\ontocast_runs\run_retry_failed_106_gpt-5.6-luna_20260725_220000\output\facts_1e0e70ed831c.ttl;1;Remaining useful life estimation;Maintainable item;FactsfibreboardManufacturingSystem;Unknown synchronization;Not reported;machine wear progression, real-time sensor data, sensor data;case-study type dropped: Maintainable item | case study dropped: FactsfibreboardManufacturingSystem | default online/offline dropped: Unknown synchronization | input-for-model dropped: Not reported;Remaining useful life estimation;;;;;machine wear progression, real-time sensor data, sensor data;5;15
1733;extraction_papers\ontocast_runs\run_retry_failed_106_gpt-5.6-luna_20260725_220000\output\facts_29104c9d16e5.ttl;1;Fault detection;Maintainable item;Acoustic sensor;Unknown synchronization;Not reported;FactsacousticDataVariable, Audio bit depth, Audio channel format, Audio sampling rate, Captured audio stream, IP-based device identifier, Mel-spectrogram features, Mean squared error, Welch frequency features;case-study type dropped: Maintainable item | default online/offline dropped: Unknown synchronization | input-for-model dropped: Not reported;Fault detection;;Acoustic sensor;;;FactsacousticDataVariable, Audio bit depth, Audio channel format, Audio sampling rate, Captured audio stream, IP-based device identifier, Mel-spectrogram features, Mean squared error, Welch frequency features;5;15
1734;extraction_papers\ontocast_runs\run_retry_failed_106_gpt-5.6-luna_20260725_220000\output\facts_2f53dcd8b4aa.ttl;2;Fault detection;Maintainable item;industrial machinery;Unknown synchronization;Not reported;historical data, temperature, pressure, real-time sensor data, vibration;case-study type dropped: Maintainable item | default online/offline dropped: Unknown synchronization | input-for-model dropped: Not reported;Fault detection;;industrial machinery;;;historical data, temperature, pressure, real-time sensor data, vibration;5;15
1735;extraction_papers\ontocast_runs\run_retry_failed_106_gpt-5.6-luna_20260725_220000\output\facts_33964ba9b8b2.ttl;3;Fault identification;Maintainable item;bogie frame;Unknown synchronization;Not reported;acceleration signals, load profile, measurement coordinate r, sensor measurements, structural vibrations, track inputs;case-study type dropped: Maintainable item | default online/offline dropped: Unknown synchronization | input-for-model dropped: Not reported;Fault identification;;bogie frame;;;acceleration signals, load profile, measurement coordinate r, sensor measurements, structural vibrations, track inputs;5;15
1736;extraction_papers\ontocast_runs\run_retry_failed_106_gpt-5.6-luna_20260725_220000\output\facts_3974232ade42.ttl;2;Fault detection;Maintainable item;gear;Unknown synchronization;Not reported;SCADA data, generating power, residuals, rotation speed, temperature, wind turbine state, wind speed;case-study type dropped: Maintainable item | default online/offline dropped: Unknown synchronization | input-for-model dropped: Not reported;Fault detection;;gear;;;SCADA data, generating power, residuals, rotation speed, temperature, wind turbine state, wind speed;5;15
1737;extraction_papers\ontocast_runs\run_retry_failed_106_gpt-5.6-luna_20260725_220000\output\facts_3cac35877c96.ttl;1;Fault detection;Maintainable item;centrifugal pump defects;Unknown synchronization;Not reported;Normalized kurtosis, Normalized acceleration RMS, Normalized velocity amplitude at two times operational speed, vibration signals;case-study type dropped: Maintainable item | default online/offline dropped: Unknown synchronization | input-for-model dropped: Not reported;Fault detection;;centrifugal pump defects;;;Normalized kurtosis, Normalized acceleration RMS, Normalized velocity amplitude at two times operational speed, vibration signals;5;15
1738;extraction_papers\ontocast_runs\run_retry_failed_106_gpt-5.6-luna_20260725_220000\output\facts_41c75674ddfd.ttl;1;Remaining useful life estimation;Maintainable item;RE;Unknown synchronization;Not reported;load measurement, relative position between the rolling element and the carriage;case-study type dropped: Maintainable item | default online/offline dropped: Unknown synchronization | input-for-model dropped: Not reported;Remaining useful life estimation;;RE;;;load measurement, relative position between the rolling element and the carriage;5;15
1739;extraction_papers\ontocast_runs\run_retry_failed_106_gpt-5.6-luna_20260725_220000\output\facts_434800ee9102.ttl;1;Fault detection;Maintainable item;raceways;Unknown synchronization;Not reported;geometric characteristics of the bearing, vibration analysis, vibration signal;case-study type dropped: Maintainable item | default online/offline dropped: Unknown synchronization | input-for-model dropped: Not reported;Fault detection;;raceways;;;geometric characteristics of the bearing, vibration analysis, vibration signal;5;15
1740;extraction_papers\ontocast_runs\run_retry_failed_106_gpt-5.6-luna_20260725_220000\output\facts_4978aedd4173.ttl;3;Health assessment;Maintainable item;DAE;Unknown synchronization;Not reported;vibration signal, tool wear value;case-study type dropped: Maintainable item | default online/offline dropped: Unknown synchronization | input-for-model dropped: Not reported;Health assessment;;DAE;;;vibration signal, tool wear value;5;15
1741;extraction_papers\ontocast_runs\run_retry_failed_106_gpt-5.6-luna_20260725_220000\output\facts_4ad539c51bdd.ttl;2;Remaining useful life estimation;Maintainable item;compressor;Unknown synchronization;Not reported;state feature;case-study type dropped: Maintainable item | default online/offline dropped: Unknown synchronization | input-for-model dropped: Not reported;Remaining useful life estimation;;compressor;;;state feature;5;15
1742;extraction_papers\ontocast_runs\run_retry_failed_106_gpt-5.6-luna_20260725_220000\output\facts_518ea588523f.ttl;1;Fault detection;Maintainable item;PMSM;Unknown synchronization;Not reported;MLP input variables, Temperature;case-study type dropped: Maintainable item | default online/offline dropped: Unknown synchronization | input-for-model dropped: Not reported;Fault detection;;PMSM;;;MLP input variables, Temperature;5;15
1743;extraction_papers\ontocast_runs\run_retry_failed_106_gpt-5.6-luna_20260725_220000\output\facts_57217e4cf0c1.ttl;1;Remaining useful life estimation;Maintainable item;Complex system component;Unknown synchronization;Not reported;spare parts ordering time;case-study type dropped: Maintainable item | default online/offline dropped: Unknown synchronization | input-for-model dropped: Not reported;Remaining useful life estimation;;Complex system component;;;spare parts ordering time;5;15
1744;extraction_papers\ontocast_runs\run_retry_failed_106_gpt-5.6-luna_20260725_220000\output\facts_597c86dc1f45.ttl;1;Fault detection;Maintainable item;machine;Unknown synchronization;Not reported;Not reported;case-study type dropped: Maintainable item | default online/offline dropped: Unknown synchronization | input-for-model dropped: Not reported | input type dropped: Not reported;Fault detection;;machine;;;;5;15
1745;extraction_papers\ontocast_runs\run_retry_failed_106_gpt-5.6-luna_20260725_220000\output\facts_5dcaad73a9a3.ttl;1;Fault detection;Maintainable item;CNC machine;Unknown synchronization;Not reported;vibration data;case-study type dropped: Maintainable item | default online/offline dropped: Unknown synchronization | input-for-model dropped: Not reported;Fault detection;;CNC machine;;;vibration data;5;15
1746;extraction_papers\ontocast_runs\run_retry_failed_106_gpt-5.6-luna_20260725_220000\output\facts_5f51a3145650.ttl;2;Health assessment;Maintainable item;industrial assets;Unknown synchronization;Not reported;diagnostic parameters, Failure indicators, Historical data, Real-time data;case-study type dropped: Maintainable item | default online/offline dropped: Unknown synchronization | input-for-model dropped: Not reported;Health assessment;;industrial assets;;;diagnostic parameters, Failure indicators, Historical data, Real-time data;5;15
1747;extraction_papers\ontocast_runs\run_retry_failed_106_gpt-5.6-luna_20260725_220000\output\facts_60eade06be07.ttl;1;Remaining useful life estimation;Maintainable item;LFP battery;Unknown synchronization;Not reported;safety;case-study type dropped: Maintainable item | default online/offline dropped: Unknown synchronization | input-for-model dropped: Not reported;Remaining useful life estimation;;LFP battery;;;safety;5;15
1748;extraction_papers\ontocast_runs\run_retry_failed_106_gpt-5.6-luna_20260725_220000\output\facts_68ed44cb6f3a.ttl;2;Fault identification;Maintainable item;diesel propulsion engine;Unknown synchronization;Not reported;Airflow, Pressure, brake power, Carbon dioxide emissions, cooling water temperature after the intercooler, distance traveled, RPM, Speed, fuel consumption, power, Fuel flow;case-study type dropped: Maintainable item | default online/offline dropped: Unknown synchronization | input-for-model dropped: Not reported;Fault identification;;diesel propulsion engine;;;Airflow, Pressure, brake power, Carbon dioxide emissions, cooling water temperature after the intercooler, distance traveled, RPM, Speed, fuel consumption, power, Fuel flow;5;15
1749;extraction_papers\ontocast_runs\run_retry_failed_106_gpt-5.6-luna_20260725_220000\output\facts_72bbd6e7329a.ttl;1;Remaining useful life estimation;Maintainable item;Industrial machinery;Unknown synchronization;Not reported;Pressure, FactscolVibration, Vibration data collected from sensors;case-study type dropped: Maintainable item | default online/offline dropped: Unknown synchronization | input-for-model dropped: Not reported;Remaining useful life estimation;;Industrial machinery;;;Pressure, FactscolVibration, Vibration data collected from sensors;5;15
1750;extraction_papers\ontocast_runs\run_retry_failed_106_gpt-5.6-luna_20260725_220000\output\facts_72f8ed368da8.ttl;2;Fault feature extraction;Maintainable item;AFC fan doors;Unknown synchronization;Not reported;environmental factors, AFC fault data;case-study type dropped: Maintainable item | default online/offline dropped: Unknown synchronization | input-for-model dropped: Not reported;Fault feature extraction;;AFC fan doors;;;environmental factors, AFC fault data;5;15
1751;extraction_papers\ontocast_runs\run_retry_failed_106_gpt-5.6-luna_20260725_220000\output\facts_73b3f8b6d6a9.ttl;2;Remaining useful life estimation;Maintainable item;aircraft engine;Unknown synchronization;Not reported;FactsinputData;case-study type dropped: Maintainable item | default online/offline dropped: Unknown synchronization | input-for-model dropped: Not reported | input type dropped: FactsinputData;Remaining useful life estimation;;aircraft engine;;;;5;15
1752;extraction_papers\ontocast_runs\run_retry_failed_106_gpt-5.6-luna_20260725_220000\output\facts_762f81c08566.ttl;1;Fault detection;Maintainable item;ST;Unknown synchronization;Not reported;process data from the robot;case-study type dropped: Maintainable item | default online/offline dropped: Unknown synchronization | input-for-model dropped: Not reported;Fault detection;;ST;;;process data from the robot;5;15
1753;extraction_papers\ontocast_runs\run_retry_failed_106_gpt-5.6-luna_20260725_220000\output\facts_77d08ec311ea.ttl;1;Fault detection;Maintainable item;industrial machinery;Unknown synchronization;Not reported;FactsinputVariableVibration, Key input variables;case-study type dropped: Maintainable item | default online/offline dropped: Unknown synchronization | input-for-model dropped: Not reported;Fault detection;;industrial machinery;;;FactsinputVariableVibration, Key input variables;5;15
1754;extraction_papers\ontocast_runs\run_retry_failed_106_gpt-5.6-luna_20260725_220000\output\facts_786670fd5149.ttl;1;Health assessment;Maintainable item;Cell1;Unknown synchronization;Not reported;Future SOH values, HF1, State of health, input x, health feature;case-study type dropped: Maintainable item | default online/offline dropped: Unknown synchronization | input-for-model dropped: Not reported;Health assessment;;Cell1;;;Future SOH values, HF1, State of health, input x, health feature;5;15
1755;extraction_papers\ontocast_runs\run_retry_failed_106_gpt-5.6-luna_20260725_220000\output\facts_78bc5734ed30.ttl;1;Fault detection;Maintainable item;aeroengine;Unknown synchronization;Not reported;environmental conditions, healthy target cases, operating conditions, performance degradations, unlabelled target data;case-study type dropped: Maintainable item | default online/offline dropped: Unknown synchronization | input-for-model dropped: Not reported;Fault detection;;aeroengine;;;environmental conditions, healthy target cases, operating conditions, performance degradations, unlabelled target data;5;15
1756;extraction_papers\ontocast_runs\run_retry_failed_106_gpt-5.6-luna_20260725_220000\output\facts_7a83d0b55d72.ttl;1;Remaining useful life estimation;Maintainable item;unmanned aerial vehicle;Unknown synchronization;Not reported;Not reported;case-study type dropped: Maintainable item | default online/offline dropped: Unknown synchronization | input-for-model dropped: Not reported | input type dropped: Not reported;Remaining useful life estimation;;unmanned aerial vehicle;;;;5;15
1757;extraction_papers\ontocast_runs\run_retry_failed_106_gpt-5.6-luna_20260725_220000\output\facts_7d5923a34560.ttl;1;One step future state forecast;Maintainable item;Pump;Unknown synchronization;Not reported;Not reported;case-study type dropped: Maintainable item | default online/offline dropped: Unknown synchronization | input-for-model dropped: Not reported | input type dropped: Not reported;One step future state forecast;;Pump;;;;5;15
1758;extraction_papers\ontocast_runs\run_retry_failed_106_gpt-5.6-luna_20260725_220000\output\facts_7fa6b47b521f.ttl;1;One step future state forecast;Maintainable item;industrial asset;Unknown synchronization;Not reported;Not reported;case-study type dropped: Maintainable item | default online/offline dropped: Unknown synchronization | input-for-model dropped: Not reported | input type dropped: Not reported;One step future state forecast;;industrial asset;;;;5;15
1759;extraction_papers\ontocast_runs\run_retry_failed_106_gpt-5.6-luna_20260725_220000\output\facts_8845d890a7ef.ttl;1;Fault detection;Maintainable item;gearbox;Unknown synchronization;Not reported;FactsintegralEquationSolutionG, measured parameter, noise characteristics;case-study type dropped: Maintainable item | default online/offline dropped: Unknown synchronization | input-for-model dropped: Not reported;Fault detection;;gearbox;;;FactsintegralEquationSolutionG, measured parameter, noise characteristics;5;15
1760;extraction_papers\ontocast_runs\run_retry_failed_106_gpt-5.6-luna_20260725_220000\output\facts_8eb9b6d4bd89.ttl;1;Remaining useful life estimation;Maintainable item;block;Unknown synchronization;Not reported;process data;case-study type dropped: Maintainable item | default online/offline dropped: Unknown synchronization | input-for-model dropped: Not reported;Remaining useful life estimation;;block;;;process data;5;15
1761;extraction_papers\ontocast_runs\run_retry_failed_106_gpt-5.6-luna_20260725_220000\output\facts_913eb9a58eaf.ttl;1;Remaining useful life estimation;Maintainable item;aero-engine;Unknown synchronization;Not reported;equipment condition monitoring data, external environmental conditions, historical degradation information, internal materials, loading conditions, manufacturing processes, degradation amount, external factors, hidden parameters;case-study type dropped: Maintainable item | default online/offline dropped: Unknown synchronization | input-for-model dropped: Not reported;Remaining useful life estimation;;aero-engine;;;equipment condition monitoring data, external environmental conditions, historical degradation information, internal materials, loading conditions, manufacturing processes, degradation amount, external factors, hidden parameters;5;15
1762;extraction_papers\ontocast_runs\run_retry_failed_106_gpt-5.6-luna_20260725_220000\output\facts_932e3eb80c16.ttl;1;Remaining useful life estimation;Maintainable item;asset;Unknown synchronization;Not reported;asset condition, degradation data, maintenance resources, operating environment, real-time data;case-study type dropped: Maintainable item | default online/offline dropped: Unknown synchronization | input-for-model dropped: Not reported;Remaining useful life estimation;;asset;;;asset condition, degradation data, maintenance resources, operating environment, real-time data;5;15
1763;extraction_papers\ontocast_runs\run_retry_failed_106_gpt-5.6-luna_20260725_220000\output\facts_95f624bceec1.ttl;2;Remaining useful life estimation;Maintainable item;bearing;Unknown synchronization;Not reported;power density, RMS Entropy Estimator (RMSEE) feature;case-study type dropped: Maintainable item | default online/offline dropped: Unknown synchronization | input-for-model dropped: Not reported;Remaining useful life estimation;;bearing;;;power density, RMS Entropy Estimator (RMSEE) feature;5;15
1764;extraction_papers\ontocast_runs\run_retry_failed_106_gpt-5.6-luna_20260725_220000\output\facts_9659aa3e1965.ttl;2;Fault detection;Maintainable item;two-stage axial gas turbine;Unknown synchronization;Not reported;discharge pressure signal, flow rate, inlet temperature, outlet pressure, swashplate rotation angle, swashplate torque;case-study type dropped: Maintainable item | default online/offline dropped: Unknown synchronization | input-for-model dropped: Not reported;Fault detection;;two-stage axial gas turbine;;;discharge pressure signal, flow rate, inlet temperature, outlet pressure, swashplate rotation angle, swashplate torque;5;15
1765;extraction_papers\ontocast_runs\run_retry_failed_106_gpt-5.6-luna_20260725_220000\output\facts_96a5838a3554.ttl;1;Fault detection;Maintainable item;IGBT;Unknown synchronization;Not reported;DC output voltage, IGBT;case-study type dropped: Maintainable item | default online/offline dropped: Unknown synchronization | input-for-model dropped: Not reported;Fault detection;;IGBT;;;DC output voltage, IGBT;5;15
1766;extraction_papers\ontocast_runs\run_retry_failed_106_gpt-5.6-luna_20260725_220000\output\facts_9fdba1c65cdc.ttl;2;Health assessment;Maintainable item;distribution transformer;Unknown synchronization;Not reported;current, fault conditions, temperature, voltage;case-study type dropped: Maintainable item | default online/offline dropped: Unknown synchronization | input-for-model dropped: Not reported;Health assessment;;distribution transformer;;;current, fault conditions, temperature, voltage;5;15
1767;extraction_papers\ontocast_runs\run_retry_failed_106_gpt-5.6-luna_20260725_220000\output\facts_a738f196b1a3.ttl;1;Fault detection;Maintainable item;robot;Unknown synchronization;Not reported;Not reported;case-study type dropped: Maintainable item | default online/offline dropped: Unknown synchronization | input-for-model dropped: Not reported | input type dropped: Not reported;Fault detection;;robot;;;;5;15
1768;extraction_papers\ontocast_runs\run_retry_failed_106_gpt-5.6-luna_20260725_220000\output\facts_a77e99e90f91.ttl;1;Fault identification;Maintainable item;AC motor benchmarks;Unknown synchronization;Not reported;Current sensor, vibration, machine condition data;case-study type dropped: Maintainable item | default online/offline dropped: Unknown synchronization | input-for-model dropped: Not reported;Fault identification;;AC motor benchmarks;;;Current sensor, vibration, machine condition data;5;15
1769;extraction_papers\ontocast_runs\run_retry_failed_106_gpt-5.6-luna_20260725_220000\output\facts_ad76ea21976d.ttl;2;Remaining useful life estimation;Maintainable item;Power machinery;Unknown synchronization;Not reported;input data, time step;case-study type dropped: Maintainable item | default online/offline dropped: Unknown synchronization | input-for-model dropped: Not reported;Remaining useful life estimation;;Power machinery;;;input data, time step;5;15
1770;extraction_papers\ontocast_runs\run_retry_failed_106_gpt-5.6-luna_20260725_220000\output\facts_ad9d56ff72a8.ttl;1;Health assessment;Maintainable item;microgrid;Unknown synchronization;Not reported;device signal, leakage current, statistical feature input;case-study type dropped: Maintainable item | default online/offline dropped: Unknown synchronization | input-for-model dropped: Not reported;Health assessment;;microgrid;;;device signal, leakage current, statistical feature input;5;15
1771;extraction_papers\ontocast_runs\run_retry_failed_106_gpt-5.6-luna_20260725_220000\output\facts_b07d19e87200.ttl;2;Fault identification;Maintainable item;1D-CNN;Unknown synchronization;Not reported;current, speed, time-frequency domain features, torque, vibration signals, voltage;case-study type dropped: Maintainable item | default online/offline dropped: Unknown synchronization | input-for-model dropped: Not reported;Fault identification;;1D-CNN;;;current, speed, time-frequency domain features, torque, vibration signals, voltage;5;15
1772;extraction_papers\ontocast_runs\run_retry_failed_106_gpt-5.6-luna_20260725_220000\output\facts_b0cb34d45b5c.ttl;1;Fault detection;Maintainable item;machine;Unknown synchronization;Not reported;failure-specific features, Labeled data;case-study type dropped: Maintainable item | default online/offline dropped: Unknown synchronization | input-for-model dropped: Not reported;Fault detection;;machine;;;failure-specific features, Labeled data;5;15
1773;extraction_papers\ontocast_runs\run_retry_failed_106_gpt-5.6-luna_20260725_220000\output\facts_b25f6a437a51.ttl;1;Fault detection;Maintainable item;bias current;Unknown synchronization;Not reported;bias current;case-study type dropped: Maintainable item | default online/offline dropped: Unknown synchronization | input-for-model dropped: Not reported;Fault detection;;bias current;;;bias current;5;15
1774;extraction_papers\ontocast_runs\run_retry_failed_106_gpt-5.6-luna_20260725_220000\output\facts_b2adb782929b.ttl;1;Fault detection;Maintainable item;Twist drill;Unknown synchronization;FactsannotationProcess;chip image data;case-study type dropped: Maintainable item | default online/offline dropped: Unknown synchronization | input-for-model dropped: FactsannotationProcess;Fault detection;;Twist drill;;;chip image data;5;15
1775;extraction_papers\ontocast_runs\run_retry_failed_106_gpt-5.6-luna_20260725_220000\output\facts_b538a7d38541.ttl;1;Fault identification;Maintainable item;bench grinder;Unknown synchronization;Not reported;angular velocity, energy consumption, RPM, vibration;case-study type dropped: Maintainable item | default online/offline dropped: Unknown synchronization | input-for-model dropped: Not reported;Fault identification;;bench grinder;;;angular velocity, energy consumption, RPM, vibration;5;15
1776;extraction_papers\ontocast_runs\run_retry_failed_106_gpt-5.6-luna_20260725_220000\output\facts_bc8411d6a7d8.ttl;1;Fault detection;Maintainable item;induction motor;Unknown synchronization;Not reported;vibration;case-study type dropped: Maintainable item | default online/offline dropped: Unknown synchronization | input-for-model dropped: Not reported;Fault detection;;induction motor;;;vibration;5;15
1777;extraction_papers\ontocast_runs\run_retry_failed_106_gpt-5.6-luna_20260725_220000\output\facts_bd7efb611a78.ttl;1;One step future state forecast;Maintainable item;equipment;Unknown synchronization;Not reported;operator;case-study type dropped: Maintainable item | default online/offline dropped: Unknown synchronization | input-for-model dropped: Not reported;One step future state forecast;;equipment;;;operator;5;15
1778;extraction_papers\ontocast_runs\run_retry_failed_106_gpt-5.6-luna_20260725_220000\output\facts_be64d4b18487.ttl;1;Health assessment;Maintainable item;Industrial equipment;Unknown synchronization;Not reported;Multi-sensory input data, vibration data;case-study type dropped: Maintainable item | default online/offline dropped: Unknown synchronization | input-for-model dropped: Not reported;Health assessment;;Industrial equipment;;;Multi-sensory input data, vibration data;5;15
1779;extraction_papers\ontocast_runs\run_retry_failed_106_gpt-5.6-luna_20260725_220000\output\facts_c1788b8e6ae3.ttl;1;Fault feature extraction;Maintainable item;drying presses in the paper industry;Unknown synchronization;Not reported;FactsVibrationSensorData;case-study type dropped: Maintainable item | default online/offline dropped: Unknown synchronization | input-for-model dropped: Not reported | input type dropped: FactsVibrationSensorData;Fault feature extraction;;drying presses in the paper industry;;;;5;15
1780;extraction_papers\ontocast_runs\run_retry_failed_106_gpt-5.6-luna_20260725_220000\output\facts_c184d051345a.ttl;1;Health assessment;Maintainable item;ANN model;Unknown synchronization;Not reported;acoustic signal, kurtosis, load, peak level, root mean square, speed, thermal data, unbalance;case-study type dropped: Maintainable item | default online/offline dropped: Unknown synchronization | input-for-model dropped: Not reported;Health assessment;;ANN model;;;acoustic signal, kurtosis, load, peak level, root mean square, speed, thermal data, unbalance;5;15
1781;extraction_papers\ontocast_runs\run_retry_failed_106_gpt-5.6-luna_20260725_220000\output\facts_c496fb4486fe.ttl;1;One step future state forecast;Maintainable item;aluminum alloy;Unknown synchronization;Not reported;Not reported;case-study type dropped: Maintainable item | default online/offline dropped: Unknown synchronization | input-for-model dropped: Not reported | input type dropped: Not reported;One step future state forecast;;aluminum alloy;;;;5;15
1782;extraction_papers\ontocast_runs\run_retry_failed_106_gpt-5.6-luna_20260725_220000\output\facts_c6b53e7df067.ttl;2;Fault feature extraction;Maintainable item;bridge;Unknown synchronization;Not reported;axle box acceleration, bridge surface roughness, structural variations in railway wheels, temporal frequency variations, vehicle vibration responses, FactsverticalAccelerationData, vibration signal, wheel-rail normal force;case-study type dropped: Maintainable item | default online/offline dropped: Unknown synchronization | input-for-model dropped: Not reported;Fault feature extraction;;bridge;;;axle box acceleration, bridge surface roughness, structural variations in railway wheels, temporal frequency variations, vehicle vibration responses, FactsverticalAccelerationData, vibration signal, wheel-rail normal force;5;15
1783;extraction_papers\ontocast_runs\run_retry_failed_106_gpt-5.6-luna_20260725_220000\output\facts_c802bf6d9934.ttl;1;Fault feature extraction;Maintainable item;Factsbattery_1;Unknown synchronization;Not reported;battery current, raw data, FactssohVariable, temperature, terminal voltage;case-study type dropped: Maintainable item | case study dropped: Factsbattery_1 | default online/offline dropped: Unknown synchronization | input-for-model dropped: Not reported;Fault feature extraction;;;;;battery current, raw data, FactssohVariable, temperature, terminal voltage;5;15
1784;extraction_papers\ontocast_runs\run_retry_failed_106_gpt-5.6-luna_20260725_220000\output\facts_c9c814a46ec8.ttl;1;Remaining useful life estimation;Maintainable item;condenser;Unknown synchronization;Not reported;Input variables;case-study type dropped: Maintainable item | default online/offline dropped: Unknown synchronization | input-for-model dropped: Not reported;Remaining useful life estimation;;condenser;;;Input variables;5;15
1785;extraction_papers\ontocast_runs\run_retry_failed_106_gpt-5.6-luna_20260725_220000\output\facts_d0337df5bd2e.ttl;1;Fault detection;Maintainable item;six carbide inserts;Unknown synchronization;Not reported;ARMA features, discrete wavelet transform features, breakage, sampling frequency, vibration signal;case-study type dropped: Maintainable item | default online/offline dropped: Unknown synchronization | input-for-model dropped: Not reported;Fault detection;;six carbide inserts;;;ARMA features, discrete wavelet transform features, breakage, sampling frequency, vibration signal;5;15
1786;extraction_papers\ontocast_runs\run_retry_failed_106_gpt-5.6-luna_20260725_220000\output\facts_d45d77e06d03.ttl;1;Health assessment;Maintainable item;lithium battery;Unknown synchronization;Not reported;battery capacity, capacity at time Qn, capacity regeneration, equal charging voltage-difference intervals, constant current charging time, discharge capacity, EIS, global degradation trend, State of Health, historical battery data, incremental capacity curve, internal resistance, local stochastic contribution, modal components with different frequency-domain features, operational SOH limit, remaining useful life in battery cycles;case-study type dropped: Maintainable item | default online/offline dropped: Unknown synchronization | input-for-model dropped: Not reported;Health assessment;;lithium battery;;;battery capacity, capacity at time Qn, capacity regeneration, equal charging voltage-difference intervals, constant current charging time, discharge capacity, EIS, global degradation trend, State of Health, historical battery data, incremental capacity curve, internal resistance, local stochastic contribution, modal components with different frequency-domain features, operational SOH limit, remaining useful life in battery cycles;5;15
1787;extraction_papers\ontocast_runs\run_retry_failed_106_gpt-5.6-luna_20260725_220000\output\facts_d6094a109234.ttl;1;Fault detection;Maintainable item;crankshaft;Unknown synchronization;Not reported;journal, FactssoundPressureSignal;case-study type dropped: Maintainable item | default online/offline dropped: Unknown synchronization | input-for-model dropped: Not reported;Fault detection;;crankshaft;;;journal, FactssoundPressureSignal;5;15
1788;extraction_papers\ontocast_runs\run_retry_failed_106_gpt-5.6-luna_20260725_220000\output\facts_d9f8809ffbc4.ttl;1;Remaining useful life estimation;Maintainable item;bearing system;Unknown synchronization;Not reported;initial wear, rapid failure progression, sensor signals, time-domain features;case-study type dropped: Maintainable item | default online/offline dropped: Unknown synchronization | input-for-model dropped: Not reported;Remaining useful life estimation;;bearing system;;;initial wear, rapid failure progression, sensor signals, time-domain features;5;15
1789;extraction_papers\ontocast_runs\run_retry_failed_106_gpt-5.6-luna_20260725_220000\output\facts_daa20f097baa.ttl;4;Fault detection;Maintainable item;Contactor;Unknown synchronization;Not reported;Active power, Active power P(t), analog signal, Digital signals IOi, Set of events, Set of states containing analog signals, Vibration signal;case-study type dropped: Maintainable item | default online/offline dropped: Unknown synchronization | input-for-model dropped: Not reported;Fault detection;;Contactor;;;Active power, Active power P(t), analog signal, Digital signals IOi, Set of events, Set of states containing analog signals, Vibration signal;5;15
1790;extraction_papers\ontocast_runs\run_retry_failed_106_gpt-5.6-luna_20260725_220000\output\facts_db582593a13d.ttl;1;Remaining useful life estimation;Maintainable item;battery;Unknown synchronization;Not reported;calendar aging, capacity, battery capacity, charge and discharge cycles, computational efficiency, electrode porosity, end-of-life capacity, impedance, internal resistance, reaction kinetics, skewness, TCU, temperature, variance, voltage;case-study type dropped: Maintainable item | default online/offline dropped: Unknown synchronization | input-for-model dropped: Not reported;Remaining useful life estimation;;battery;;;calendar aging, capacity, battery capacity, charge and discharge cycles, computational efficiency, electrode porosity, end-of-life capacity, impedance, internal resistance, reaction kinetics, skewness, TCU, temperature, variance, voltage;5;15
1791;extraction_papers\ontocast_runs\run_retry_failed_106_gpt-5.6-luna_20260725_220000\output\facts_ddfd22b279ee.ttl;2;Remaining useful life estimation;Maintainable item;Not reported;Unknown synchronization;Not reported;Shin;case-study type dropped: Maintainable item | case study dropped: Not reported | default online/offline dropped: Unknown synchronization | input-for-model dropped: Not reported;Remaining useful life estimation;;;;;Shin;5;15
1792;extraction_papers\ontocast_runs\run_retry_failed_106_gpt-5.6-luna_20260725_220000\output\facts_e03a80e0c970.ttl;1;One step future state forecast;Maintainable item;electric vehicle;Unknown synchronization;Not reported;Not reported;case-study type dropped: Maintainable item | default online/offline dropped: Unknown synchronization | input-for-model dropped: Not reported | input type dropped: Not reported;One step future state forecast;;electric vehicle;;;;5;15
1793;extraction_papers\ontocast_runs\run_retry_failed_106_gpt-5.6-luna_20260725_220000\output\facts_e45ff217208b.ttl;1;Fault detection;Maintainable item;rolling bearing;Unknown synchronization;Not reported;CRRMS nonlinear health index, degradation data, random noise, sensor data;case-study type dropped: Maintainable item | default online/offline dropped: Unknown synchronization | input-for-model dropped: Not reported;Fault detection;;rolling bearing;;;CRRMS nonlinear health index, degradation data, random noise, sensor data;5;15
1794;extraction_papers\ontocast_runs\run_retry_failed_106_gpt-5.6-luna_20260725_220000\output\facts_e9ac71afa540.ttl;1;Fault identification;Maintainable item;air conditioner compressor;Unknown synchronization;Not reported;complexity, compressor operational state, compressor time series, entropy, ordinal patterns, transition probability matrix of ordinal patterns;case-study type dropped: Maintainable item | default online/offline dropped: Unknown synchronization | input-for-model dropped: Not reported;Fault identification;;air conditioner compressor;;;complexity, compressor operational state, compressor time series, entropy, ordinal patterns, transition probability matrix of ordinal patterns;5;15
1795;extraction_papers\ontocast_runs\run_retry_failed_106_gpt-5.6-luna_20260725_220000\output\facts_ea107312ea02.ttl;1;Fault detection;Maintainable item;battery;Unknown synchronization;Not reported;Factsdowntime_1, FactsremainingUsefulLife_3;case-study type dropped: Maintainable item | default online/offline dropped: Unknown synchronization | input-for-model dropped: Not reported;Fault detection;;battery;;;Factsdowntime_1, FactsremainingUsefulLife_3;5;15
1796;extraction_papers\ontocast_runs\run_retry_failed_106_gpt-5.6-luna_20260725_220000\output\facts_ea8831b64092.ttl;1;Fault detection;Maintainable item;fluidic equipment;Unknown synchronization;Not reported;signals captured during system performance, collected operational data, representative equipment data, signal drifts;case-study type dropped: Maintainable item | default online/offline dropped: Unknown synchronization | input-for-model dropped: Not reported;Fault detection;;fluidic equipment;;;signals captured during system performance, collected operational data, representative equipment data, signal drifts;5;15
1797;extraction_papers\ontocast_runs\run_retry_failed_106_gpt-5.6-luna_20260725_220000\output\facts_f28c64e6b48f.ttl;1;Fault detection;Maintainable item;Component A;Unknown synchronization;Not reported;FactsbitErrorRate, Factsdp16qamConstellationData;case-study type dropped: Maintainable item | default online/offline dropped: Unknown synchronization | input-for-model dropped: Not reported;Fault detection;;Component A;;;FactsbitErrorRate, Factsdp16qamConstellationData;5;15
1798;extraction_papers\ontocast_runs\run_retry_failed_106_gpt-5.6-luna_20260725_220000\output\facts_f4130e2616df.ttl;2;Fault detection;Maintainable item;lower limb exoskeleton rehabilitation robot;Unknown synchronization;Not reported;environmental factors, irradiance, new data, streaming data, temperature;case-study type dropped: Maintainable item | default online/offline dropped: Unknown synchronization | input-for-model dropped: Not reported;Fault detection;;lower limb exoskeleton rehabilitation robot;;;environmental factors, irradiance, new data, streaming data, temperature;5;15
1799;extraction_papers\ontocast_runs\run_retry_failed_106_gpt-5.6-luna_20260725_220000\output\facts_f4971fc52a5d.ttl;1;Fault identification;Maintainable item;drivetrain;Unknown synchronization;Not reported;engine temperature, fuel consumption, hydraulic pressure, mechanical load fluctuations, Sensor data, vibration levels;case-study type dropped: Maintainable item | default online/offline dropped: Unknown synchronization | input-for-model dropped: Not reported;Fault identification;;drivetrain;;;engine temperature, fuel consumption, hydraulic pressure, mechanical load fluctuations, Sensor data, vibration levels;5;15
1800;extraction_papers\ontocast_runs\run_retry_failed_106_gpt-5.6-luna_20260725_220000\output\facts_f6cc1ea1ac0f.ttl;1;Fault detection;Maintainable item;Coating system;Unknown synchronization;Not reported;FactsageVariable;case-study type dropped: Maintainable item | default online/offline dropped: Unknown synchronization | input-for-model dropped: Not reported | input type dropped: FactsageVariable;Fault detection;;Coating system;;;;5;15
1801;extraction_papers\ontocast_runs\run_retry_failed_106_gpt-5.6-luna_20260725_220000\output\facts_f818f5510e79.ttl;2;Remaining useful life estimation;Maintainable item;Carbon-fiber reinforced polymer open-hole coupons;Unknown synchronization;Not reported;Acoustic emission, C-scan impact-damage size, Digital image correlation, Electrical resistance, Electromechanical behavior, Health indicator, impact damage, Lamb waves, Stiffness degradation;case-study type dropped: Maintainable item | default online/offline dropped: Unknown synchronization | input-for-model dropped: Not reported;Remaining useful life estimation;;Carbon-fiber reinforced polymer open-hole coupons;;;Acoustic emission, C-scan impact-damage size, Digital image correlation, Electrical resistance, Electromechanical behavior, Health indicator, impact damage, Lamb waves, Stiffness degradation;5;15
1802;extraction_papers\ontocast_runs\run_retry_failed_106_gpt-5.6-luna_20260725_220000\output\facts_f8973d2f08e8.ttl;1;Fault detection;Maintainable item;casing collapse;Unknown synchronization;Not reported;transient swab pressure in the A-annulus, well depth;case-study type dropped: Maintainable item | default online/offline dropped: Unknown synchronization | input-for-model dropped: Not reported;Fault detection;;casing collapse;;;transient swab pressure in the A-annulus, well depth;5;15
1803;extraction_papers\ontocast_runs\run_retry_failed_106_gpt-5.6-luna_20260725_220000\output\facts_fcec25df8534.ttl;2;Fault detection;Maintainable item;CFRP coupon;Unknown synchronization;acoustic emission data;acoustic emission data, Damage state, representative frequency spectrum, Autoencoder latent-space representation, FactstemporalDamageEvolution;case-study type dropped: Maintainable item | default online/offline dropped: Unknown synchronization | input-for-model dropped: acoustic emission data;Fault detection;;CFRP coupon;;;acoustic emission data, Damage state, representative frequency spectrum, Autoencoder latent-space representation, FactstemporalDamageEvolution;5;15
1804;extraction_papers\ontocast_runs\run_retry_final_17_gpt-5.6-luna_20260726_040000\output\facts_490a449c42af.ttl;1;One step future state forecast;Maintainable item;Not reported;Unknown synchronization;Not reported;Not reported;case-study type dropped: Maintainable item | case study dropped: Not reported | default online/offline dropped: Unknown synchronization | input-for-model dropped: Not reported | input type dropped: Not reported;One step future state forecast;;;;;;5;15
1805;extraction_papers\ontocast_runs\run_retry_final_17_gpt-5.6-luna_20260726_040000\output\facts_74ba58cd5455.ttl;1;Fault detection;Maintainable item;gearbox;Unknown synchronization;Not reported;Not reported;case-study type dropped: Maintainable item | default online/offline dropped: Unknown synchronization | input-for-model dropped: Not reported | input type dropped: Not reported;Fault detection;;gearbox;;;;5;15
1806;extraction_papers\ontocast_runs\run_retry_final_17_gpt-5.6-luna_20260726_040000\output\facts_7942dfd4779f.ttl;1;Health assessment;Maintainable item;cage;Unknown synchronization;Not reported;Not reported;case-study type dropped: Maintainable item | default online/offline dropped: Unknown synchronization | input-for-model dropped: Not reported | input type dropped: Not reported;Health assessment;;cage;;;;5;15
1807;extraction_papers\ontocast_runs\run_retry_final_17_gpt-5.6-luna_20260726_040000\output\facts_7dc648546698.ttl;1;Health assessment;Maintainable item;offshore wind turbine;Unknown synchronization;Not reported;Not reported;case-study type dropped: Maintainable item | default online/offline dropped: Unknown synchronization | input-for-model dropped: Not reported | input type dropped: Not reported;Health assessment;;offshore wind turbine;;;;5;15
1808;extraction_papers\ontocast_runs\run_retry_final_17_gpt-5.6-luna_20260726_040000\output\facts_af8c198ee5bc.ttl;1;Health assessment;Maintainable item;actuators;Unknown synchronization;Not reported;Not reported;case-study type dropped: Maintainable item | default online/offline dropped: Unknown synchronization | input-for-model dropped: Not reported | input type dropped: Not reported;Health assessment;;actuators;;;;5;15
1809;extraction_papers\ontocast_runs\run_retry_final_17_gpt-5.6-luna_20260726_040000\output\facts_b8bbed5b77b6.ttl;1;Remaining useful life estimation;Maintainable item;lithium-ion battery;Unknown synchronization;Not reported;Battery health features extracted during charging and discharging;case-study type dropped: Maintainable item | default online/offline dropped: Unknown synchronization | input-for-model dropped: Not reported;Remaining useful life estimation;;lithium-ion battery;;;Battery health features extracted during charging and discharging;5;15
1810;extraction_papers\ontocast_runs\run_retry_final_17_gpt-5.6-luna_20260726_040000\output\facts_c5c01e9a5c74.ttl;1;Fault detection;Maintainable item;medium-sized spherical roller bearing;Unknown synchronization;Not reported;Not reported;case-study type dropped: Maintainable item | default online/offline dropped: Unknown synchronization | input-for-model dropped: Not reported | input type dropped: Not reported;Fault detection;;medium-sized spherical roller bearing;;;;5;15
1811;extraction_papers\ontocast_runs\run_retry_final_17_gpt-5.6-luna_20260726_040000\output\facts_c856a1686ca0.ttl;1;Remaining useful life estimation;Maintainable item;filter medium;Unknown synchronization;Not reported;FactspressureVariable;case-study type dropped: Maintainable item | default online/offline dropped: Unknown synchronization | input-for-model dropped: Not reported | input type dropped: FactspressureVariable;Remaining useful life estimation;;filter medium;;;;5;15
1812;extraction_papers\ontocast_runs\run_retry_final_17_gpt-5.6-luna_20260726_040000\output\facts_dec5ceac239e.ttl;1;One step future state forecast;Maintainable item;crude oil pipeline;Unknown synchronization;Not reported;buildup deposits, oil flow rate;case-study type dropped: Maintainable item | default online/offline dropped: Unknown synchronization | input-for-model dropped: Not reported;One step future state forecast;;crude oil pipeline;;;buildup deposits, oil flow rate;5;15
1813;extraction_papers\ontocast_runs\run_retry_final_8_sanitized_gpt-5.6-luna_20260726_090000\output\facts_08b922ecd166.ttl;1;Remaining useful life estimation;Maintainable item;four-stage wind turbine gearbox;Unknown synchronization;Not reported;input torque;case-study type dropped: Maintainable item | default online/offline dropped: Unknown synchronization | input-for-model dropped: Not reported;Remaining useful life estimation;;four-stage wind turbine gearbox;;;input torque;5;15
1814;extraction_papers\ontocast_runs\run_retry_final_8_sanitized_gpt-5.6-luna_20260726_090000\output\facts_1632a6ddd186.ttl;1;Fault detection;Maintainable item;battery cell;Unknown synchronization;Not reported;Not reported;case-study type dropped: Maintainable item | default online/offline dropped: Unknown synchronization | input-for-model dropped: Not reported | input type dropped: Not reported;Fault detection;;battery cell;;;;5;15
1815;extraction_papers\ontocast_runs\run_retry_final_8_sanitized_gpt-5.6-luna_20260726_090000\output\facts_1b467dde5841.ttl;1;Health assessment;Maintainable item;electric vehicle system;Unknown synchronization;Not reported;component age, component health;case-study type dropped: Maintainable item | default online/offline dropped: Unknown synchronization | input-for-model dropped: Not reported;Health assessment;;electric vehicle system;;;component age, component health;5;15
1816;extraction_papers\ontocast_runs\run_retry_final_8_sanitized_gpt-5.6-luna_20260726_090000\output\facts_b036ff041b2c.ttl;1;Fault detection;Maintainable item;floating offshore wind farm;Unknown synchronization;Not reported;Not reported;case-study type dropped: Maintainable item | default online/offline dropped: Unknown synchronization | input-for-model dropped: Not reported | input type dropped: Not reported;Fault detection;;floating offshore wind farm;;;;5;15
1817;extraction_papers\ontocast_runs\run_retry_final_8_sanitized_gpt-5.6-luna_20260726_090000\output\facts_cacb88534863.ttl;1;One step future state forecast;Maintainable item;Floating Offshore Wind Turbine;Unknown synchronization;Not reported;FactshealthDataVariable;case-study type dropped: Maintainable item | default online/offline dropped: Unknown synchronization | input-for-model dropped: Not reported | input type dropped: FactshealthDataVariable;One step future state forecast;;Floating Offshore Wind Turbine;;;;5;15
1818;extraction_papers\ontocast_runs\run_retry_final_8_sanitized_gpt-5.6-luna_20260726_090000\output\facts_d0f5cc0a6ada.ttl;1;One step future state forecast;Maintainable item;aging containership hull structure;Unknown synchronization;Not reported;Not reported;case-study type dropped: Maintainable item | default online/offline dropped: Unknown synchronization | input-for-model dropped: Not reported | input type dropped: Not reported;One step future state forecast;;aging containership hull structure;;;;5;15
1819;extraction_papers\ontocast_runs\run_retry_final_8_sanitized_gpt-5.6-luna_20260726_090000\output\facts_e2f30efd728e.ttl;1;One step future state forecast;Maintainable item;ABB IRB 4600;Unknown synchronization;Not reported;displacement, heat, strain;case-study type dropped: Maintainable item | default online/offline dropped: Unknown synchronization | input-for-model dropped: Not reported;One step future state forecast;;ABB IRB 4600;;;displacement, heat, strain;5;15
1820;extraction_papers\ontocast_runs\run_retry_final_8_sanitized_gpt-5.6-luna_20260726_090000\output\facts_f2bee3e4193d.ttl;1;One step future state forecast;Maintainable item;Not reported;Unknown synchronization;Not reported;Not reported;case-study type dropped: Maintainable item | case study dropped: Not reported | default online/offline dropped: Unknown synchronization | input-for-model dropped: Not reported | input type dropped: Not reported;One step future state forecast;;;;;;5;15
1821;extraction_papers\ontocast_runs\run_retry_paper3215_gpt-5.6-luna_20260725_220000\output\facts_4a52db9e0787.ttl;1;One step future state forecast;Maintainable item;Not reported;Unknown synchronization;Not reported;Not reported;case-study type dropped: Maintainable item | case study dropped: Not reported | default online/offline dropped: Unknown synchronization | input-for-model dropped: Not reported | input type dropped: Not reported;One step future state forecast;;;;;;5;15
