batch_index,corpus_id,filename,source_path,staged_path,staged_by
1,paper-2356,paper-2356_hybrid_explainable_ai_for_machine_predictive_maintenance_from_symbolic_expressions_to_meta_e.pdf,extraction_papers/paper-2356_hybrid_explainable_ai_for_machine_predictive_maintenance_from_symbolic_expressions_to_meta_e.pdf,extraction_papers/ontocast_runs/run_remaining_500_gpt-5.6-luna_20260723_010000/input/paper-2356_hybrid_explainable_ai_for_machine_predictive_maintenance_from_symbolic_expressions_to_meta_e.pdf,hardlink
2,paper-2357,paper-2357_advanced_gear_fault_diagnosis_in_non_stationary_conditions_with_an_improved_ceemdan_wavelet.pdf,extraction_papers/paper-2357_advanced_gear_fault_diagnosis_in_non_stationary_conditions_with_an_improved_ceemdan_wavelet.pdf,extraction_papers/ontocast_runs/run_remaining_500_gpt-5.6-luna_20260723_010000/input/paper-2357_advanced_gear_fault_diagnosis_in_non_stationary_conditions_with_an_improved_ceemdan_wavelet.pdf,hardlink
3,paper-2358,paper-2358_an_integrated_experimental_and_machine_learning_approach_for_machinability_assessment_and_to.pdf,extraction_papers/paper-2358_an_integrated_experimental_and_machine_learning_approach_for_machinability_assessment_and_to.pdf,extraction_papers/ontocast_runs/run_remaining_500_gpt-5.6-luna_20260723_010000/input/paper-2358_an_integrated_experimental_and_machine_learning_approach_for_machinability_assessment_and_to.pdf,hardlink
4,paper-2360,paper-2360_decision_factors_for_the_selection_of_ai_based_decision_support_systems_the_case_of_task_del.pdf,extraction_papers/paper-2360_decision_factors_for_the_selection_of_ai_based_decision_support_systems_the_case_of_task_del.pdf,extraction_papers/ontocast_runs/run_remaining_500_gpt-5.6-luna_20260723_010000/input/paper-2360_decision_factors_for_the_selection_of_ai_based_decision_support_systems_the_case_of_task_del.pdf,hardlink
5,paper-2361,paper-2361_estimation_of_lead_acid_battery_degradation_a_model_for_the_optimization_of_battery_energy_s.pdf,extraction_papers/paper-2361_estimation_of_lead_acid_battery_degradation_a_model_for_the_optimization_of_battery_energy_s.pdf,extraction_papers/ontocast_runs/run_remaining_500_gpt-5.6-luna_20260723_010000/input/paper-2361_estimation_of_lead_acid_battery_degradation_a_model_for_the_optimization_of_battery_energy_s.pdf,hardlink
6,paper-2369,paper-2369_multi_target_adversarial_learning_for_partial_fault_detection_applied_to_electric_motor_driv.pdf,extraction_papers/paper-2369_multi_target_adversarial_learning_for_partial_fault_detection_applied_to_electric_motor_driv.pdf,extraction_papers/ontocast_runs/run_remaining_500_gpt-5.6-luna_20260723_010000/input/paper-2369_multi_target_adversarial_learning_for_partial_fault_detection_applied_to_electric_motor_driv.pdf,hardlink
7,paper-2370,paper-2370_fault_detection_in_mv_switchgears_through_unsupervised_learning_of_temperature_conditions.pdf,extraction_papers/paper-2370_fault_detection_in_mv_switchgears_through_unsupervised_learning_of_temperature_conditions.pdf,extraction_papers/ontocast_runs/run_remaining_500_gpt-5.6-luna_20260723_010000/input/paper-2370_fault_detection_in_mv_switchgears_through_unsupervised_learning_of_temperature_conditions.pdf,hardlink
8,paper-2371,paper-2371_a_unified_machine_learning_framework_for_li_ion_battery_state_estimation_and_prediction.pdf,extraction_papers/paper-2371_a_unified_machine_learning_framework_for_li_ion_battery_state_estimation_and_prediction.pdf,extraction_papers/ontocast_runs/run_remaining_500_gpt-5.6-luna_20260723_010000/input/paper-2371_a_unified_machine_learning_framework_for_li_ion_battery_state_estimation_and_prediction.pdf,hardlink
9,paper-2372,paper-2372_the_research_on_multi_objective_maintenance_optimization_strategy_based_on_stochastic_modeli.pdf,extraction_papers/paper-2372_the_research_on_multi_objective_maintenance_optimization_strategy_based_on_stochastic_modeli.pdf,extraction_papers/ontocast_runs/run_remaining_500_gpt-5.6-luna_20260723_010000/input/paper-2372_the_research_on_multi_objective_maintenance_optimization_strategy_based_on_stochastic_modeli.pdf,hardlink
10,paper-2373,paper-2373_convolutional_neural_networks_long_short_term_memory_attention_a_novel_model_for_wear_state.pdf,extraction_papers/paper-2373_convolutional_neural_networks_long_short_term_memory_attention_a_novel_model_for_wear_state.pdf,extraction_papers/ontocast_runs/run_remaining_500_gpt-5.6-luna_20260723_010000/input/paper-2373_convolutional_neural_networks_long_short_term_memory_attention_a_novel_model_for_wear_state.pdf,hardlink
11,paper-2377,paper-2377_demonstration_of_a_condition_monitoring_scheme_for_a_locomotive_suspension_system.pdf,extraction_papers/paper-2377_demonstration_of_a_condition_monitoring_scheme_for_a_locomotive_suspension_system.pdf,extraction_papers/ontocast_runs/run_remaining_500_gpt-5.6-luna_20260723_010000/input/paper-2377_demonstration_of_a_condition_monitoring_scheme_for_a_locomotive_suspension_system.pdf,hardlink
12,paper-2378,paper-2378_transformer_winding_fault_locating_using_frequency_domain_reflectometry_fdr_technology.pdf,extraction_papers/paper-2378_transformer_winding_fault_locating_using_frequency_domain_reflectometry_fdr_technology.pdf,extraction_papers/ontocast_runs/run_remaining_500_gpt-5.6-luna_20260723_010000/input/paper-2378_transformer_winding_fault_locating_using_frequency_domain_reflectometry_fdr_technology.pdf,hardlink
13,paper-2381,paper-2381_large_language_model_based_autonomous_agent_for_prognostics_and_health_management.pdf,extraction_papers/paper-2381_large_language_model_based_autonomous_agent_for_prognostics_and_health_management.pdf,extraction_papers/ontocast_runs/run_remaining_500_gpt-5.6-luna_20260723_010000/input/paper-2381_large_language_model_based_autonomous_agent_for_prognostics_and_health_management.pdf,hardlink
14,paper-2383,paper-2383_fram_based_health_monitoring_for_high_reliability_equipment_considering_function_performance.pdf,extraction_papers/paper-2383_fram_based_health_monitoring_for_high_reliability_equipment_considering_function_performance.pdf,extraction_papers/ontocast_runs/run_remaining_500_gpt-5.6-luna_20260723_010000/input/paper-2383_fram_based_health_monitoring_for_high_reliability_equipment_considering_function_performance.pdf,hardlink
15,paper-2384,paper-2384_data_driven_fault_diagnosis_for_rotating_industrial_paper_cutting_machinery.pdf,extraction_papers/paper-2384_data_driven_fault_diagnosis_for_rotating_industrial_paper_cutting_machinery.pdf,extraction_papers/ontocast_runs/run_remaining_500_gpt-5.6-luna_20260723_010000/input/paper-2384_data_driven_fault_diagnosis_for_rotating_industrial_paper_cutting_machinery.pdf,hardlink
16,paper-2386,paper-2386_real_time_monitoring_system_for_stator_and_rotor_temperature_of_hydroelectric_generator_base.pdf,extraction_papers/paper-2386_real_time_monitoring_system_for_stator_and_rotor_temperature_of_hydroelectric_generator_base.pdf,extraction_papers/ontocast_runs/run_remaining_500_gpt-5.6-luna_20260723_010000/input/paper-2386_real_time_monitoring_system_for_stator_and_rotor_temperature_of_hydroelectric_generator_base.pdf,hardlink
17,paper-2388,paper-2388_advanced_mro_processes_in_industry_4_0_with_proactive_asset_administration_shell_and_digital.pdf,extraction_papers/paper-2388_advanced_mro_processes_in_industry_4_0_with_proactive_asset_administration_shell_and_digital.pdf,extraction_papers/ontocast_runs/run_remaining_500_gpt-5.6-luna_20260723_010000/input/paper-2388_advanced_mro_processes_in_industry_4_0_with_proactive_asset_administration_shell_and_digital.pdf,hardlink
18,paper-2389,paper-2389_development_of_a_cavitation_indicator_for_prediction_of_failure_in_pump_as_turbines_using_nu.pdf,extraction_papers/paper-2389_development_of_a_cavitation_indicator_for_prediction_of_failure_in_pump_as_turbines_using_nu.pdf,extraction_papers/ontocast_runs/run_remaining_500_gpt-5.6-luna_20260723_010000/input/paper-2389_development_of_a_cavitation_indicator_for_prediction_of_failure_in_pump_as_turbines_using_nu.pdf,hardlink
19,paper-2394,paper-2394_meta_learning_based_lstm_autoencoder_for_low_data_anomaly_detection_in_retrofitted_cnc_machi.pdf,extraction_papers/paper-2394_meta_learning_based_lstm_autoencoder_for_low_data_anomaly_detection_in_retrofitted_cnc_machi.pdf,extraction_papers/ontocast_runs/run_remaining_500_gpt-5.6-luna_20260723_010000/input/paper-2394_meta_learning_based_lstm_autoencoder_for_low_data_anomaly_detection_in_retrofitted_cnc_machi.pdf,hardlink
20,paper-2400,paper-2400_flight_safe_inference_svd_compressed_lstm_acceleration_for_real_time_uav_engine_monitoring_u.pdf,extraction_papers/paper-2400_flight_safe_inference_svd_compressed_lstm_acceleration_for_real_time_uav_engine_monitoring_u.pdf,extraction_papers/ontocast_runs/run_remaining_500_gpt-5.6-luna_20260723_010000/input/paper-2400_flight_safe_inference_svd_compressed_lstm_acceleration_for_real_time_uav_engine_monitoring_u.pdf,hardlink
21,paper-2402,paper-2402_a_junction_temperature_prediction_method_based_on_multivariate_linear_regression_using_curre.pdf,extraction_papers/paper-2402_a_junction_temperature_prediction_method_based_on_multivariate_linear_regression_using_curre.pdf,extraction_papers/ontocast_runs/run_remaining_500_gpt-5.6-luna_20260723_010000/input/paper-2402_a_junction_temperature_prediction_method_based_on_multivariate_linear_regression_using_curre.pdf,hardlink
22,paper-2403,paper-2403_multiclass_fault_diagnosis_in_power_transformers_using_dissolved_gas_analysis_and_grid_searc.pdf,extraction_papers/paper-2403_multiclass_fault_diagnosis_in_power_transformers_using_dissolved_gas_analysis_and_grid_searc.pdf,extraction_papers/ontocast_runs/run_remaining_500_gpt-5.6-luna_20260723_010000/input/paper-2403_multiclass_fault_diagnosis_in_power_transformers_using_dissolved_gas_analysis_and_grid_searc.pdf,hardlink
23,paper-2404,paper-2404_innovative_distributed_maintenance_concept_from_the_design_to_cost_optimisation.pdf,extraction_papers/paper-2404_innovative_distributed_maintenance_concept_from_the_design_to_cost_optimisation.pdf,extraction_papers/ontocast_runs/run_remaining_500_gpt-5.6-luna_20260723_010000/input/paper-2404_innovative_distributed_maintenance_concept_from_the_design_to_cost_optimisation.pdf,hardlink
24,paper-2406,paper-2406_assessing_hmm_and_svm_for_condition_based_monitoring_and_fault_detection_in_hev_electrical_m.pdf,extraction_papers/paper-2406_assessing_hmm_and_svm_for_condition_based_monitoring_and_fault_detection_in_hev_electrical_m.pdf,extraction_papers/ontocast_runs/run_remaining_500_gpt-5.6-luna_20260723_010000/input/paper-2406_assessing_hmm_and_svm_for_condition_based_monitoring_and_fault_detection_in_hev_electrical_m.pdf,hardlink
25,paper-2407,paper-2407_wind_turbine_fault_detection_through_autoencoder_based_neural_network_and_fmsa.pdf,extraction_papers/paper-2407_wind_turbine_fault_detection_through_autoencoder_based_neural_network_and_fmsa.pdf,extraction_papers/ontocast_runs/run_remaining_500_gpt-5.6-luna_20260723_010000/input/paper-2407_wind_turbine_fault_detection_through_autoencoder_based_neural_network_and_fmsa.pdf,hardlink
26,paper-2408,paper-2408_data_analysis_and_modeling_of_gas_pipeline_intelligent_management_system_based_on_machine_le.pdf,extraction_papers/paper-2408_data_analysis_and_modeling_of_gas_pipeline_intelligent_management_system_based_on_machine_le.pdf,extraction_papers/ontocast_runs/run_remaining_500_gpt-5.6-luna_20260723_010000/input/paper-2408_data_analysis_and_modeling_of_gas_pipeline_intelligent_management_system_based_on_machine_le.pdf,hardlink
27,paper-2409,paper-2409_a_low_cost_iot_based_bidirectional_torque_measurement_system_with_strain_gauge_technology.pdf,extraction_papers/paper-2409_a_low_cost_iot_based_bidirectional_torque_measurement_system_with_strain_gauge_technology.pdf,extraction_papers/ontocast_runs/run_remaining_500_gpt-5.6-luna_20260723_010000/input/paper-2409_a_low_cost_iot_based_bidirectional_torque_measurement_system_with_strain_gauge_technology.pdf,hardlink
28,paper-2410,paper-2410_multiplicative_method_for_assessing_the_technical_condition_of_switching_bay_devices_in_a_su.pdf,extraction_papers/paper-2410_multiplicative_method_for_assessing_the_technical_condition_of_switching_bay_devices_in_a_su.pdf,extraction_papers/ontocast_runs/run_remaining_500_gpt-5.6-luna_20260723_010000/input/paper-2410_multiplicative_method_for_assessing_the_technical_condition_of_switching_bay_devices_in_a_su.pdf,hardlink
29,paper-2412,paper-2412_stator_fault_diagnostics_in_asymmetrical_six_phase_induction_motor_drives_with_model_predict.pdf,extraction_papers/paper-2412_stator_fault_diagnostics_in_asymmetrical_six_phase_induction_motor_drives_with_model_predict.pdf,extraction_papers/ontocast_runs/run_remaining_500_gpt-5.6-luna_20260723_010000/input/paper-2412_stator_fault_diagnostics_in_asymmetrical_six_phase_induction_motor_drives_with_model_predict.pdf,hardlink
30,paper-2414,paper-2414_fault_identification_model_using_convolutional_neural_networks_with_transformer_architecture.pdf,extraction_papers/paper-2414_fault_identification_model_using_convolutional_neural_networks_with_transformer_architecture.pdf,extraction_papers/ontocast_runs/run_remaining_500_gpt-5.6-luna_20260723_010000/input/paper-2414_fault_identification_model_using_convolutional_neural_networks_with_transformer_architecture.pdf,hardlink
31,paper-2415,paper-2415_artificial_intelligence_based_human_centric_decision_support_framework_an_application_to_pre.pdf,extraction_papers/paper-2415_artificial_intelligence_based_human_centric_decision_support_framework_an_application_to_pre.pdf,extraction_papers/ontocast_runs/run_remaining_500_gpt-5.6-luna_20260723_010000/input/paper-2415_artificial_intelligence_based_human_centric_decision_support_framework_an_application_to_pre.pdf,hardlink
32,paper-2417,paper-2417_advancing_aviation_safety_through_predictive_maintenance_a_machine_learning_approach_for_car.pdf,extraction_papers/paper-2417_advancing_aviation_safety_through_predictive_maintenance_a_machine_learning_approach_for_car.pdf,extraction_papers/ontocast_runs/run_remaining_500_gpt-5.6-luna_20260723_010000/input/paper-2417_advancing_aviation_safety_through_predictive_maintenance_a_machine_learning_approach_for_car.pdf,hardlink
33,paper-2418,paper-2418_unsupervised_bearing_fault_diagnosis_using_masked_self_supervised_learning_and_swin_transfor.pdf,extraction_papers/paper-2418_unsupervised_bearing_fault_diagnosis_using_masked_self_supervised_learning_and_swin_transfor.pdf,extraction_papers/ontocast_runs/run_remaining_500_gpt-5.6-luna_20260723_010000/input/paper-2418_unsupervised_bearing_fault_diagnosis_using_masked_self_supervised_learning_and_swin_transfor.pdf,hardlink
34,paper-2420,paper-2420_ihgr_rag_an_enhanced_retrieval_augmented_generation_framework_for_accurate_and_interpretable.pdf,extraction_papers/paper-2420_ihgr_rag_an_enhanced_retrieval_augmented_generation_framework_for_accurate_and_interpretable.pdf,extraction_papers/ontocast_runs/run_remaining_500_gpt-5.6-luna_20260723_010000/input/paper-2420_ihgr_rag_an_enhanced_retrieval_augmented_generation_framework_for_accurate_and_interpretable.pdf,hardlink
35,paper-2422,paper-2422_human_centric_iot_driven_digital_twins_in_predictive_maintenance_for_optimizing_industry_5_0.pdf,extraction_papers/paper-2422_human_centric_iot_driven_digital_twins_in_predictive_maintenance_for_optimizing_industry_5_0.pdf,extraction_papers/ontocast_runs/run_remaining_500_gpt-5.6-luna_20260723_010000/input/paper-2422_human_centric_iot_driven_digital_twins_in_predictive_maintenance_for_optimizing_industry_5_0.pdf,hardlink
36,paper-2424,paper-2424_resolving_non_proportional_frequency_components_in_rotating_machinery_signals_using_local_en.pdf,extraction_papers/paper-2424_resolving_non_proportional_frequency_components_in_rotating_machinery_signals_using_local_en.pdf,extraction_papers/ontocast_runs/run_remaining_500_gpt-5.6-luna_20260723_010000/input/paper-2424_resolving_non_proportional_frequency_components_in_rotating_machinery_signals_using_local_en.pdf,hardlink
37,paper-2425,paper-2425_challenges_and_strategies_for_implementation_of_lead_acid_battery_health_monitoring_and_pred.pdf,extraction_papers/paper-2425_challenges_and_strategies_for_implementation_of_lead_acid_battery_health_monitoring_and_pred.pdf,extraction_papers/ontocast_runs/run_remaining_500_gpt-5.6-luna_20260723_010000/input/paper-2425_challenges_and_strategies_for_implementation_of_lead_acid_battery_health_monitoring_and_pred.pdf,hardlink
38,paper-2428,paper-2428_designing_an_iot_based_fault_detection_system_for_real_time_vehicle_diagnostics_using_cloud.pdf,extraction_papers/paper-2428_designing_an_iot_based_fault_detection_system_for_real_time_vehicle_diagnostics_using_cloud.pdf,extraction_papers/ontocast_runs/run_remaining_500_gpt-5.6-luna_20260723_010000/input/paper-2428_designing_an_iot_based_fault_detection_system_for_real_time_vehicle_diagnostics_using_cloud.pdf,hardlink
39,paper-2431,paper-2431_ai_enabled_condition_monitoring_framework_for_autonomous_pavement_sweeping_robots.pdf,extraction_papers/paper-2431_ai_enabled_condition_monitoring_framework_for_autonomous_pavement_sweeping_robots.pdf,extraction_papers/ontocast_runs/run_remaining_500_gpt-5.6-luna_20260723_010000/input/paper-2431_ai_enabled_condition_monitoring_framework_for_autonomous_pavement_sweeping_robots.pdf,hardlink
40,paper-2432,paper-2432_an_oil_debris_analysis_method_of_gearbox_condition_monitoring_based_on_an_improved_multi_var.pdf,extraction_papers/paper-2432_an_oil_debris_analysis_method_of_gearbox_condition_monitoring_based_on_an_improved_multi_var.pdf,extraction_papers/ontocast_runs/run_remaining_500_gpt-5.6-luna_20260723_010000/input/paper-2432_an_oil_debris_analysis_method_of_gearbox_condition_monitoring_based_on_an_improved_multi_var.pdf,hardlink
41,paper-2433,paper-2433_in_situ_condition_monitoring_of_floating_offshorewind_turbines_using_kurtosis_anddeep_learni.pdf,extraction_papers/paper-2433_in_situ_condition_monitoring_of_floating_offshorewind_turbines_using_kurtosis_anddeep_learni.pdf,extraction_papers/ontocast_runs/run_remaining_500_gpt-5.6-luna_20260723_010000/input/paper-2433_in_situ_condition_monitoring_of_floating_offshorewind_turbines_using_kurtosis_anddeep_learni.pdf,hardlink
42,paper-2438,paper-2438_simultaneous_fault_prediction_in_evolving_industrial_environments_with_ensembles_of_hoeffdin.pdf,extraction_papers/paper-2438_simultaneous_fault_prediction_in_evolving_industrial_environments_with_ensembles_of_hoeffdin.pdf,extraction_papers/ontocast_runs/run_remaining_500_gpt-5.6-luna_20260723_010000/input/paper-2438_simultaneous_fault_prediction_in_evolving_industrial_environments_with_ensembles_of_hoeffdin.pdf,hardlink
43,paper-2439,paper-2439_method_for_predicting_transformer_top_oil_temperature_based_on_multi_model_combination.pdf,extraction_papers/paper-2439_method_for_predicting_transformer_top_oil_temperature_based_on_multi_model_combination.pdf,extraction_papers/ontocast_runs/run_remaining_500_gpt-5.6-luna_20260723_010000/input/paper-2439_method_for_predicting_transformer_top_oil_temperature_based_on_multi_model_combination.pdf,hardlink
44,paper-2440,paper-2440_improving_transmission_systems_through_virtual_reality_modeling_and_simulation_to_enhance_de.pdf,extraction_papers/paper-2440_improving_transmission_systems_through_virtual_reality_modeling_and_simulation_to_enhance_de.pdf,extraction_papers/ontocast_runs/run_remaining_500_gpt-5.6-luna_20260723_010000/input/paper-2440_improving_transmission_systems_through_virtual_reality_modeling_and_simulation_to_enhance_de.pdf,hardlink
45,paper-2444,paper-2444_random_forest_based_machine_failure_prediction_a_performance_comparison.pdf,extraction_papers/paper-2444_random_forest_based_machine_failure_prediction_a_performance_comparison.pdf,extraction_papers/ontocast_runs/run_remaining_500_gpt-5.6-luna_20260723_010000/input/paper-2444_random_forest_based_machine_failure_prediction_a_performance_comparison.pdf,hardlink
46,paper-2446,paper-2446_integrating_spatial_and_temporal_features_for_bearing_fault_diagnosis_a_cross_domain_analysi.pdf,extraction_papers/paper-2446_integrating_spatial_and_temporal_features_for_bearing_fault_diagnosis_a_cross_domain_analysi.pdf,extraction_papers/ontocast_runs/run_remaining_500_gpt-5.6-luna_20260723_010000/input/paper-2446_integrating_spatial_and_temporal_features_for_bearing_fault_diagnosis_a_cross_domain_analysi.pdf,hardlink
47,paper-2447,paper-2447_fusion_ai_consensus_driven_multimodal_models_and_autonomous_agents_for_fault_tolerant_energy.pdf,extraction_papers/paper-2447_fusion_ai_consensus_driven_multimodal_models_and_autonomous_agents_for_fault_tolerant_energy.pdf,extraction_papers/ontocast_runs/run_remaining_500_gpt-5.6-luna_20260723_010000/input/paper-2447_fusion_ai_consensus_driven_multimodal_models_and_autonomous_agents_for_fault_tolerant_energy.pdf,hardlink
48,paper-2449,paper-2449_constraint_guided_learning_of_data_driven_health_indicator_models_an_application_on_bearings.pdf,extraction_papers/paper-2449_constraint_guided_learning_of_data_driven_health_indicator_models_an_application_on_bearings.pdf,extraction_papers/ontocast_runs/run_remaining_500_gpt-5.6-luna_20260723_010000/input/paper-2449_constraint_guided_learning_of_data_driven_health_indicator_models_an_application_on_bearings.pdf,hardlink
49,paper-2455,paper-2455_predicting_the_remaining_useful_life_of_non_ideal_data_through_a_joint_framework_of_sequenti.pdf,extraction_papers/paper-2455_predicting_the_remaining_useful_life_of_non_ideal_data_through_a_joint_framework_of_sequenti.pdf,extraction_papers/ontocast_runs/run_remaining_500_gpt-5.6-luna_20260723_010000/input/paper-2455_predicting_the_remaining_useful_life_of_non_ideal_data_through_a_joint_framework_of_sequenti.pdf,hardlink
50,paper-2456,paper-2456_advance_technique_for_online_condition_monitoring_of_surge_arresters.pdf,extraction_papers/paper-2456_advance_technique_for_online_condition_monitoring_of_surge_arresters.pdf,extraction_papers/ontocast_runs/run_remaining_500_gpt-5.6-luna_20260723_010000/input/paper-2456_advance_technique_for_online_condition_monitoring_of_surge_arresters.pdf,hardlink
51,paper-2463,paper-2463_calculation_of_aging_coefficient_for_establishing_aging_condition_index_of_thermoplastic_ins.pdf,extraction_papers/paper-2463_calculation_of_aging_coefficient_for_establishing_aging_condition_index_of_thermoplastic_ins.pdf,extraction_papers/ontocast_runs/run_remaining_500_gpt-5.6-luna_20260723_010000/input/paper-2463_calculation_of_aging_coefficient_for_establishing_aging_condition_index_of_thermoplastic_ins.pdf,hardlink
52,paper-2465,paper-2465_quantum_enhanced_predictive_degradation_pathway_optimization_for_pv_storage_systems_a_hybrid.pdf,extraction_papers/paper-2465_quantum_enhanced_predictive_degradation_pathway_optimization_for_pv_storage_systems_a_hybrid.pdf,extraction_papers/ontocast_runs/run_remaining_500_gpt-5.6-luna_20260723_010000/input/paper-2465_quantum_enhanced_predictive_degradation_pathway_optimization_for_pv_storage_systems_a_hybrid.pdf,hardlink
53,paper-2466,paper-2466_a_hybrid_deep_learning_framework_for_fault_diagnosis_in_milling_machines.pdf,extraction_papers/paper-2466_a_hybrid_deep_learning_framework_for_fault_diagnosis_in_milling_machines.pdf,extraction_papers/ontocast_runs/run_remaining_500_gpt-5.6-luna_20260723_010000/input/paper-2466_a_hybrid_deep_learning_framework_for_fault_diagnosis_in_milling_machines.pdf,hardlink
54,paper-2467,paper-2467_predicting_the_wear_rate_and_thickness_of_train_contact_wire_using_data_driven_modelling.pdf,extraction_papers/paper-2467_predicting_the_wear_rate_and_thickness_of_train_contact_wire_using_data_driven_modelling.pdf,extraction_papers/ontocast_runs/run_remaining_500_gpt-5.6-luna_20260723_010000/input/paper-2467_predicting_the_wear_rate_and_thickness_of_train_contact_wire_using_data_driven_modelling.pdf,hardlink
55,paper-2468,paper-2468_a_comprehensive_framework_for_iot_driven_predictive_maintenance_leveraging_ai_and_edge_compu.pdf,extraction_papers/paper-2468_a_comprehensive_framework_for_iot_driven_predictive_maintenance_leveraging_ai_and_edge_compu.pdf,extraction_papers/ontocast_runs/run_remaining_500_gpt-5.6-luna_20260723_010000/input/paper-2468_a_comprehensive_framework_for_iot_driven_predictive_maintenance_leveraging_ai_and_edge_compu.pdf,hardlink
56,paper-2470,paper-2470_a_hybrid_approach_based_on_a_windowed_emd_temporal_convolution_reallocation_network_and_phys.pdf,extraction_papers/paper-2470_a_hybrid_approach_based_on_a_windowed_emd_temporal_convolution_reallocation_network_and_phys.pdf,extraction_papers/ontocast_runs/run_remaining_500_gpt-5.6-luna_20260723_010000/input/paper-2470_a_hybrid_approach_based_on_a_windowed_emd_temporal_convolution_reallocation_network_and_phys.pdf,hardlink
57,paper-2472,paper-2472_remaining_useful_life_prediction_for_aero_engines_based_on_multi_scale_dilated_fusion_attent.pdf,extraction_papers/paper-2472_remaining_useful_life_prediction_for_aero_engines_based_on_multi_scale_dilated_fusion_attent.pdf,extraction_papers/ontocast_runs/run_remaining_500_gpt-5.6-luna_20260723_010000/input/paper-2472_remaining_useful_life_prediction_for_aero_engines_based_on_multi_scale_dilated_fusion_attent.pdf,hardlink
58,paper-2473,paper-2473_bearing_remaining_useful_life_prediction_based_on_optimized_vmd_and_bilstm_cbam.pdf,extraction_papers/paper-2473_bearing_remaining_useful_life_prediction_based_on_optimized_vmd_and_bilstm_cbam.pdf,extraction_papers/ontocast_runs/run_remaining_500_gpt-5.6-luna_20260723_010000/input/paper-2473_bearing_remaining_useful_life_prediction_based_on_optimized_vmd_and_bilstm_cbam.pdf,hardlink
59,paper-2474,paper-2474_research_on_power_laser_inspection_technology_based_on_high_precision_servo_control_system.pdf,extraction_papers/paper-2474_research_on_power_laser_inspection_technology_based_on_high_precision_servo_control_system.pdf,extraction_papers/ontocast_runs/run_remaining_500_gpt-5.6-luna_20260723_010000/input/paper-2474_research_on_power_laser_inspection_technology_based_on_high_precision_servo_control_system.pdf,hardlink
60,paper-2479,paper-2479_sustainable_design_and_lifecycle_prediction_of_crusher_blades_through_a_digital_replica_base.pdf,extraction_papers/paper-2479_sustainable_design_and_lifecycle_prediction_of_crusher_blades_through_a_digital_replica_base.pdf,extraction_papers/ontocast_runs/run_remaining_500_gpt-5.6-luna_20260723_010000/input/paper-2479_sustainable_design_and_lifecycle_prediction_of_crusher_blades_through_a_digital_replica_base.pdf,hardlink
61,paper-2482,paper-2482_anomaly_detection_for_semiconductor_wafer_multi_wire_sawing_machines_using_statistical_and_d.pdf,extraction_papers/paper-2482_anomaly_detection_for_semiconductor_wafer_multi_wire_sawing_machines_using_statistical_and_d.pdf,extraction_papers/ontocast_runs/run_remaining_500_gpt-5.6-luna_20260723_010000/input/paper-2482_anomaly_detection_for_semiconductor_wafer_multi_wire_sawing_machines_using_statistical_and_d.pdf,hardlink
62,paper-2485,paper-2485_local_entropy_optimization_adaptive_demodulation_reassignment_transform_for_advanced_analysi.pdf,extraction_papers/paper-2485_local_entropy_optimization_adaptive_demodulation_reassignment_transform_for_advanced_analysi.pdf,extraction_papers/ontocast_runs/run_remaining_500_gpt-5.6-luna_20260723_010000/input/paper-2485_local_entropy_optimization_adaptive_demodulation_reassignment_transform_for_advanced_analysi.pdf,hardlink
63,paper-2488,paper-2488_research_on_the_online_monitoring_and_fault_early_warning_system_of_infrared_thermography_fo.pdf,extraction_papers/paper-2488_research_on_the_online_monitoring_and_fault_early_warning_system_of_infrared_thermography_fo.pdf,extraction_papers/ontocast_runs/run_remaining_500_gpt-5.6-luna_20260723_010000/input/paper-2488_research_on_the_online_monitoring_and_fault_early_warning_system_of_infrared_thermography_fo.pdf,hardlink
64,paper-2489,paper-2489_domain_shifts_in_industrial_condition_monitoring_a_comparative_analysis_of_automated_machine.pdf,extraction_papers/paper-2489_domain_shifts_in_industrial_condition_monitoring_a_comparative_analysis_of_automated_machine.pdf,extraction_papers/ontocast_runs/run_remaining_500_gpt-5.6-luna_20260723_010000/input/paper-2489_domain_shifts_in_industrial_condition_monitoring_a_comparative_analysis_of_automated_machine.pdf,hardlink
65,paper-2492,paper-2492_intelligent_fault_diagnosis_system_for_running_gear_of_high_speed_trains.pdf,extraction_papers/paper-2492_intelligent_fault_diagnosis_system_for_running_gear_of_high_speed_trains.pdf,extraction_papers/ontocast_runs/run_remaining_500_gpt-5.6-luna_20260723_010000/input/paper-2492_intelligent_fault_diagnosis_system_for_running_gear_of_high_speed_trains.pdf,hardlink
66,paper-2498,paper-2498_modal_identification_of_machine_tool_spindle_units_by_output_only_operational_modal_analysis.pdf,extraction_papers/paper-2498_modal_identification_of_machine_tool_spindle_units_by_output_only_operational_modal_analysis.pdf,extraction_papers/ontocast_runs/run_remaining_500_gpt-5.6-luna_20260723_010000/input/paper-2498_modal_identification_of_machine_tool_spindle_units_by_output_only_operational_modal_analysis.pdf,hardlink
67,paper-2499,paper-2499_vibration_analysis_for_diagnosis_of_diesel_engines_with_air_flow_sensor_failure.pdf,extraction_papers/paper-2499_vibration_analysis_for_diagnosis_of_diesel_engines_with_air_flow_sensor_failure.pdf,extraction_papers/ontocast_runs/run_remaining_500_gpt-5.6-luna_20260723_010000/input/paper-2499_vibration_analysis_for_diagnosis_of_diesel_engines_with_air_flow_sensor_failure.pdf,hardlink
68,paper-2502,paper-2502_moira_unimore_bearing_data_set_for_independent_cart_systems.pdf,extraction_papers/paper-2502_moira_unimore_bearing_data_set_for_independent_cart_systems.pdf,extraction_papers/ontocast_runs/run_remaining_500_gpt-5.6-luna_20260723_010000/input/paper-2502_moira_unimore_bearing_data_set_for_independent_cart_systems.pdf,hardlink
69,paper-2503,paper-2503_a_novel_approach_to_feature_extraction_from_gear_condition_monitoring_signals.pdf,extraction_papers/paper-2503_a_novel_approach_to_feature_extraction_from_gear_condition_monitoring_signals.pdf,extraction_papers/ontocast_runs/run_remaining_500_gpt-5.6-luna_20260723_010000/input/paper-2503_a_novel_approach_to_feature_extraction_from_gear_condition_monitoring_signals.pdf,hardlink
70,paper-2504,paper-2504_federated_learning_for_secure_ai_driven_predictive_maintenance_in_smart_manufacturing.pdf,extraction_papers/paper-2504_federated_learning_for_secure_ai_driven_predictive_maintenance_in_smart_manufacturing.pdf,extraction_papers/ontocast_runs/run_remaining_500_gpt-5.6-luna_20260723_010000/input/paper-2504_federated_learning_for_secure_ai_driven_predictive_maintenance_in_smart_manufacturing.pdf,hardlink
71,paper-2505,paper-2505_a_study_on_non_contact_multi_sensor_fusion_online_monitoring_of_circuit_breaker_contact_resi.pdf,extraction_papers/paper-2505_a_study_on_non_contact_multi_sensor_fusion_online_monitoring_of_circuit_breaker_contact_resi.pdf,extraction_papers/ontocast_runs/run_remaining_500_gpt-5.6-luna_20260723_010000/input/paper-2505_a_study_on_non_contact_multi_sensor_fusion_online_monitoring_of_circuit_breaker_contact_resi.pdf,hardlink
72,paper-2506,paper-2506_the_analysis_of_the_dynamic_loading_of_high_speed_spinning_headstock_components.pdf,extraction_papers/paper-2506_the_analysis_of_the_dynamic_loading_of_high_speed_spinning_headstock_components.pdf,extraction_papers/ontocast_runs/run_remaining_500_gpt-5.6-luna_20260723_010000/input/paper-2506_the_analysis_of_the_dynamic_loading_of_high_speed_spinning_headstock_components.pdf,hardlink
73,paper-2507,paper-2507_cycling_operation_of_a_lifepo4_battery_and_investigation_into_the_influence_on_equivalent_el.pdf,extraction_papers/paper-2507_cycling_operation_of_a_lifepo4_battery_and_investigation_into_the_influence_on_equivalent_el.pdf,extraction_papers/ontocast_runs/run_remaining_500_gpt-5.6-luna_20260723_010000/input/paper-2507_cycling_operation_of_a_lifepo4_battery_and_investigation_into_the_influence_on_equivalent_el.pdf,hardlink
74,paper-2509,paper-2509_harmonized_integration_of_gwo_and_j_slno_for_optimized_asset_management_and_predictive_maint.pdf,extraction_papers/paper-2509_harmonized_integration_of_gwo_and_j_slno_for_optimized_asset_management_and_predictive_maint.pdf,extraction_papers/ontocast_runs/run_remaining_500_gpt-5.6-luna_20260723_010000/input/paper-2509_harmonized_integration_of_gwo_and_j_slno_for_optimized_asset_management_and_predictive_maint.pdf,hardlink
75,paper-2510,paper-2510_digital_twin_based_online_diagnosis_method_for_inter_turn_short_circuit_fault_in_stator_wind.pdf,extraction_papers/paper-2510_digital_twin_based_online_diagnosis_method_for_inter_turn_short_circuit_fault_in_stator_wind.pdf,extraction_papers/ontocast_runs/run_remaining_500_gpt-5.6-luna_20260723_010000/input/paper-2510_digital_twin_based_online_diagnosis_method_for_inter_turn_short_circuit_fault_in_stator_wind.pdf,hardlink
76,paper-2511,paper-2511_normalised_diagnostic_contribution_index_ndci_integration_to_multi_objective_sensor_optimisa.pdf,extraction_papers/paper-2511_normalised_diagnostic_contribution_index_ndci_integration_to_multi_objective_sensor_optimisa.pdf,extraction_papers/ontocast_runs/run_remaining_500_gpt-5.6-luna_20260723_010000/input/paper-2511_normalised_diagnostic_contribution_index_ndci_integration_to_multi_objective_sensor_optimisa.pdf,hardlink
77,paper-2513,paper-2513_enhanced_heat_powered_batteryless_iiot_architecture_with_nb_iot_for_predictive_maintenance_i.pdf,extraction_papers/paper-2513_enhanced_heat_powered_batteryless_iiot_architecture_with_nb_iot_for_predictive_maintenance_i.pdf,extraction_papers/ontocast_runs/run_remaining_500_gpt-5.6-luna_20260723_010000/input/paper-2513_enhanced_heat_powered_batteryless_iiot_architecture_with_nb_iot_for_predictive_maintenance_i.pdf,hardlink
78,paper-2516,paper-2516_digital_twin_driven_condition_monitoring_system_for_traditional_complex_machinery_in_service.pdf,extraction_papers/paper-2516_digital_twin_driven_condition_monitoring_system_for_traditional_complex_machinery_in_service.pdf,extraction_papers/ontocast_runs/run_remaining_500_gpt-5.6-luna_20260723_010000/input/paper-2516_digital_twin_driven_condition_monitoring_system_for_traditional_complex_machinery_in_service.pdf,hardlink
79,paper-2517,paper-2517_prediction_of_equipment_remaining_useful_life_based_on_graph_learning_and_spatiotemporal_kno.pdf,extraction_papers/paper-2517_prediction_of_equipment_remaining_useful_life_based_on_graph_learning_and_spatiotemporal_kno.pdf,extraction_papers/ontocast_runs/run_remaining_500_gpt-5.6-luna_20260723_010000/input/paper-2517_prediction_of_equipment_remaining_useful_life_based_on_graph_learning_and_spatiotemporal_kno.pdf,hardlink
80,paper-2518,paper-2518_wind_turbine_gearbox_fault_detection_based_on_statistical_learning.pdf,extraction_papers/paper-2518_wind_turbine_gearbox_fault_detection_based_on_statistical_learning.pdf,extraction_papers/ontocast_runs/run_remaining_500_gpt-5.6-luna_20260723_010000/input/paper-2518_wind_turbine_gearbox_fault_detection_based_on_statistical_learning.pdf,hardlink
81,paper-2519,paper-2519_piot_oriented_multi_target_recognition_of_substation_infrared_images_driven_by_deep_learning.pdf,extraction_papers/paper-2519_piot_oriented_multi_target_recognition_of_substation_infrared_images_driven_by_deep_learning.pdf,extraction_papers/ontocast_runs/run_remaining_500_gpt-5.6-luna_20260723_010000/input/paper-2519_piot_oriented_multi_target_recognition_of_substation_infrared_images_driven_by_deep_learning.pdf,hardlink
82,paper-2520,paper-2520_optimized_variational_mode_decomposition_and_convolutional_block_attention_module_enhanced_h.pdf,extraction_papers/paper-2520_optimized_variational_mode_decomposition_and_convolutional_block_attention_module_enhanced_h.pdf,extraction_papers/ontocast_runs/run_remaining_500_gpt-5.6-luna_20260723_010000/input/paper-2520_optimized_variational_mode_decomposition_and_convolutional_block_attention_module_enhanced_h.pdf,hardlink
83,paper-2529,paper-2529_time_shifted_maps_for_industrial_data_analysis_monitoring_production_processes_and_predictin.pdf,extraction_papers/paper-2529_time_shifted_maps_for_industrial_data_analysis_monitoring_production_processes_and_predictin.pdf,extraction_papers/ontocast_runs/run_remaining_500_gpt-5.6-luna_20260723_010000/input/paper-2529_time_shifted_maps_for_industrial_data_analysis_monitoring_production_processes_and_predictin.pdf,hardlink
84,paper-2533,paper-2533_integrated_approach_to_marine_engine_maintenance_optimization_weibull_analysis_markov_chains.pdf,extraction_papers/paper-2533_integrated_approach_to_marine_engine_maintenance_optimization_weibull_analysis_markov_chains.pdf,extraction_papers/ontocast_runs/run_remaining_500_gpt-5.6-luna_20260723_010000/input/paper-2533_integrated_approach_to_marine_engine_maintenance_optimization_weibull_analysis_markov_chains.pdf,hardlink
85,paper-2534,paper-2534_data_driven_digital_twin_framework_for_predictive_maintenance_of_smart_manufacturing_systems.pdf,extraction_papers/paper-2534_data_driven_digital_twin_framework_for_predictive_maintenance_of_smart_manufacturing_systems.pdf,extraction_papers/ontocast_runs/run_remaining_500_gpt-5.6-luna_20260723_010000/input/paper-2534_data_driven_digital_twin_framework_for_predictive_maintenance_of_smart_manufacturing_systems.pdf,hardlink
86,paper-2535,paper-2535_research_on_fault_diagnosis_of_vertical_centrifugal_pump_based_on_multi_channel_information.pdf,extraction_papers/paper-2535_research_on_fault_diagnosis_of_vertical_centrifugal_pump_based_on_multi_channel_information.pdf,extraction_papers/ontocast_runs/run_remaining_500_gpt-5.6-luna_20260723_010000/input/paper-2535_research_on_fault_diagnosis_of_vertical_centrifugal_pump_based_on_multi_channel_information.pdf,hardlink
87,paper-2541,paper-2541_remaining_useful_life_prediction_method_for_bearings_based_on_pruned_exact_linear_time_state.pdf,extraction_papers/paper-2541_remaining_useful_life_prediction_method_for_bearings_based_on_pruned_exact_linear_time_state.pdf,extraction_papers/ontocast_runs/run_remaining_500_gpt-5.6-luna_20260723_010000/input/paper-2541_remaining_useful_life_prediction_method_for_bearings_based_on_pruned_exact_linear_time_state.pdf,hardlink
88,paper-2543,paper-2543_an_improved_analytical_model_of_a_flexible_rigid_combined_rolling_bearing_with_elastohydrody.pdf,extraction_papers/paper-2543_an_improved_analytical_model_of_a_flexible_rigid_combined_rolling_bearing_with_elastohydrody.pdf,extraction_papers/ontocast_runs/run_remaining_500_gpt-5.6-luna_20260723_010000/input/paper-2543_an_improved_analytical_model_of_a_flexible_rigid_combined_rolling_bearing_with_elastohydrody.pdf,hardlink
89,paper-2546,paper-2546_failure_modes_and_effect_analysis_of_turbine_units_of_pumped_hydro_energy_storage_systems.pdf,extraction_papers/paper-2546_failure_modes_and_effect_analysis_of_turbine_units_of_pumped_hydro_energy_storage_systems.pdf,extraction_papers/ontocast_runs/run_remaining_500_gpt-5.6-luna_20260723_010000/input/paper-2546_failure_modes_and_effect_analysis_of_turbine_units_of_pumped_hydro_energy_storage_systems.pdf,hardlink
90,paper-2548,paper-2548_end_to_end_architecture_for_real_time_iot_analytics_and_predictive_maintenance_using_stream.pdf,extraction_papers/paper-2548_end_to_end_architecture_for_real_time_iot_analytics_and_predictive_maintenance_using_stream.pdf,extraction_papers/ontocast_runs/run_remaining_500_gpt-5.6-luna_20260723_010000/input/paper-2548_end_to_end_architecture_for_real_time_iot_analytics_and_predictive_maintenance_using_stream.pdf,hardlink
91,paper-2549,paper-2549_advanced_techniques_in_ship_corrosion_analysis_integrating_active_contour_algorithms_for_ima.pdf,extraction_papers/paper-2549_advanced_techniques_in_ship_corrosion_analysis_integrating_active_contour_algorithms_for_ima.pdf,extraction_papers/ontocast_runs/run_remaining_500_gpt-5.6-luna_20260723_010000/input/paper-2549_advanced_techniques_in_ship_corrosion_analysis_integrating_active_contour_algorithms_for_ima.pdf,hardlink
92,paper-2550,paper-2550_aero_engine_remain_useful_life_estimation_via_scope_coordinated_attention_based_network.pdf,extraction_papers/paper-2550_aero_engine_remain_useful_life_estimation_via_scope_coordinated_attention_based_network.pdf,extraction_papers/ontocast_runs/run_remaining_500_gpt-5.6-luna_20260723_010000/input/paper-2550_aero_engine_remain_useful_life_estimation_via_scope_coordinated_attention_based_network.pdf,hardlink
93,paper-2552,paper-2552_multiband_multisine_excitation_signal_for_online_impedance_spectroscopy_of_battery_cells.pdf,extraction_papers/paper-2552_multiband_multisine_excitation_signal_for_online_impedance_spectroscopy_of_battery_cells.pdf,extraction_papers/ontocast_runs/run_remaining_500_gpt-5.6-luna_20260723_010000/input/paper-2552_multiband_multisine_excitation_signal_for_online_impedance_spectroscopy_of_battery_cells.pdf,hardlink
94,paper-2553,paper-2553_ai_driven_belt_failure_prediction_and_prescriptive_maintenance_with_motor_current_signature.pdf,extraction_papers/paper-2553_ai_driven_belt_failure_prediction_and_prescriptive_maintenance_with_motor_current_signature.pdf,extraction_papers/ontocast_runs/run_remaining_500_gpt-5.6-luna_20260723_010000/input/paper-2553_ai_driven_belt_failure_prediction_and_prescriptive_maintenance_with_motor_current_signature.pdf,hardlink
95,paper-2556,paper-2556_use_of_machine_learning_models_in_condition_monitoring_of_abrasive_belt_in_robotic_arm_grind.pdf,extraction_papers/paper-2556_use_of_machine_learning_models_in_condition_monitoring_of_abrasive_belt_in_robotic_arm_grind.pdf,extraction_papers/ontocast_runs/run_remaining_500_gpt-5.6-luna_20260723_010000/input/paper-2556_use_of_machine_learning_models_in_condition_monitoring_of_abrasive_belt_in_robotic_arm_grind.pdf,hardlink
96,paper-2557,paper-2557_winddefnet_a_multi_scale_attention_enhanced_vit_inception_resnet_model_for_real_time_wind_tu.pdf,extraction_papers/paper-2557_winddefnet_a_multi_scale_attention_enhanced_vit_inception_resnet_model_for_real_time_wind_tu.pdf,extraction_papers/ontocast_runs/run_remaining_500_gpt-5.6-luna_20260723_010000/input/paper-2557_winddefnet_a_multi_scale_attention_enhanced_vit_inception_resnet_model_for_real_time_wind_tu.pdf,hardlink
97,paper-2559,paper-2559_predicting_remaining_useful_life_during_the_healthy_stage_in_rolling_bearings.pdf,extraction_papers/paper-2559_predicting_remaining_useful_life_during_the_healthy_stage_in_rolling_bearings.pdf,extraction_papers/ontocast_runs/run_remaining_500_gpt-5.6-luna_20260723_010000/input/paper-2559_predicting_remaining_useful_life_during_the_healthy_stage_in_rolling_bearings.pdf,hardlink
98,paper-2560,paper-2560_digital_twin_for_real_time_pressure_vessels_fatigue_life_prediction.pdf,extraction_papers/paper-2560_digital_twin_for_real_time_pressure_vessels_fatigue_life_prediction.pdf,extraction_papers/ontocast_runs/run_remaining_500_gpt-5.6-luna_20260723_010000/input/paper-2560_digital_twin_for_real_time_pressure_vessels_fatigue_life_prediction.pdf,hardlink
99,paper-2561,paper-2561_embedded_sensor_data_fusion_and_tinyml_for_real_time_remaining_useful_life_estimation_of_uav.pdf,extraction_papers/paper-2561_embedded_sensor_data_fusion_and_tinyml_for_real_time_remaining_useful_life_estimation_of_uav.pdf,extraction_papers/ontocast_runs/run_remaining_500_gpt-5.6-luna_20260723_010000/input/paper-2561_embedded_sensor_data_fusion_and_tinyml_for_real_time_remaining_useful_life_estimation_of_uav.pdf,hardlink
100,paper-2566,paper-2566_a_hybrid_fault_early_warning_method_based_on_improved_bees_algorithm_optimized_categorical_b.pdf,extraction_papers/paper-2566_a_hybrid_fault_early_warning_method_based_on_improved_bees_algorithm_optimized_categorical_b.pdf,extraction_papers/ontocast_runs/run_remaining_500_gpt-5.6-luna_20260723_010000/input/paper-2566_a_hybrid_fault_early_warning_method_based_on_improved_bees_algorithm_optimized_categorical_b.pdf,hardlink
101,paper-2567,paper-2567_insulation_defect_diagnosis_using_a_random_forest_algorithm_with_optimized_feature_selection.pdf,extraction_papers/paper-2567_insulation_defect_diagnosis_using_a_random_forest_algorithm_with_optimized_feature_selection.pdf,extraction_papers/ontocast_runs/run_remaining_500_gpt-5.6-luna_20260723_010000/input/paper-2567_insulation_defect_diagnosis_using_a_random_forest_algorithm_with_optimized_feature_selection.pdf,hardlink
102,paper-2568,paper-2568_explainable_ensemble_learning_model_for_residual_strength_forecasting_of_defective_pipelines.pdf,extraction_papers/paper-2568_explainable_ensemble_learning_model_for_residual_strength_forecasting_of_defective_pipelines.pdf,extraction_papers/ontocast_runs/run_remaining_500_gpt-5.6-luna_20260723_010000/input/paper-2568_explainable_ensemble_learning_model_for_residual_strength_forecasting_of_defective_pipelines.pdf,hardlink
103,paper-2571,paper-2571_classifying_x_ray_tube_malfunctions_ai_powered_ct_predictive_maintenance_system.pdf,extraction_papers/paper-2571_classifying_x_ray_tube_malfunctions_ai_powered_ct_predictive_maintenance_system.pdf,extraction_papers/ontocast_runs/run_remaining_500_gpt-5.6-luna_20260723_010000/input/paper-2571_classifying_x_ray_tube_malfunctions_ai_powered_ct_predictive_maintenance_system.pdf,hardlink
104,paper-2572,paper-2572_deep_learning_based_identification_of_shaft_imbalance_faults_in_rotating_machinery_using_the.pdf,extraction_papers/paper-2572_deep_learning_based_identification_of_shaft_imbalance_faults_in_rotating_machinery_using_the.pdf,extraction_papers/ontocast_runs/run_remaining_500_gpt-5.6-luna_20260723_010000/input/paper-2572_deep_learning_based_identification_of_shaft_imbalance_faults_in_rotating_machinery_using_the.pdf,hardlink
105,paper-2573,paper-2573_a_novel_information_fusion_method_for_the_health_monitoring_of_planetary_gearbox_based_on_ve.pdf,extraction_papers/paper-2573_a_novel_information_fusion_method_for_the_health_monitoring_of_planetary_gearbox_based_on_ve.pdf,extraction_papers/ontocast_runs/run_remaining_500_gpt-5.6-luna_20260723_010000/input/paper-2573_a_novel_information_fusion_method_for_the_health_monitoring_of_planetary_gearbox_based_on_ve.pdf,hardlink
106,paper-2578,paper-2578_condition_based_maintenance_policy_for_a_multi_component_system_considering_stochastic_depen.pdf,extraction_papers/paper-2578_condition_based_maintenance_policy_for_a_multi_component_system_considering_stochastic_depen.pdf,extraction_papers/ontocast_runs/run_remaining_500_gpt-5.6-luna_20260723_010000/input/paper-2578_condition_based_maintenance_policy_for_a_multi_component_system_considering_stochastic_depen.pdf,hardlink
107,paper-2579,paper-2579_development_of_a_fault_tolerant_permanent_magnet_synchronous_motor_using_a_machine_learning.pdf,extraction_papers/paper-2579_development_of_a_fault_tolerant_permanent_magnet_synchronous_motor_using_a_machine_learning.pdf,extraction_papers/ontocast_runs/run_remaining_500_gpt-5.6-luna_20260723_010000/input/paper-2579_development_of_a_fault_tolerant_permanent_magnet_synchronous_motor_using_a_machine_learning.pdf,hardlink
108,paper-2580,paper-2580_remaining_useful_life_prediction_for_rolling_bearings_based_on_tcn_transformer_networks_usin.pdf,extraction_papers/paper-2580_remaining_useful_life_prediction_for_rolling_bearings_based_on_tcn_transformer_networks_usin.pdf,extraction_papers/ontocast_runs/run_remaining_500_gpt-5.6-luna_20260723_010000/input/paper-2580_remaining_useful_life_prediction_for_rolling_bearings_based_on_tcn_transformer_networks_usin.pdf,hardlink
109,paper-2584,paper-2584_a_methodical_approach_for_the_integration_of_foil_type_strain_gauges_in_pbf_lb_m_components.pdf,extraction_papers/paper-2584_a_methodical_approach_for_the_integration_of_foil_type_strain_gauges_in_pbf_lb_m_components.pdf,extraction_papers/ontocast_runs/run_remaining_500_gpt-5.6-luna_20260723_010000/input/paper-2584_a_methodical_approach_for_the_integration_of_foil_type_strain_gauges_in_pbf_lb_m_components.pdf,hardlink
110,paper-2585,paper-2585_harvester_maintenance_prediction_tool_machine_learning_model_based_on_mechanical_features.pdf,extraction_papers/paper-2585_harvester_maintenance_prediction_tool_machine_learning_model_based_on_mechanical_features.pdf,extraction_papers/ontocast_runs/run_remaining_500_gpt-5.6-luna_20260723_010000/input/paper-2585_harvester_maintenance_prediction_tool_machine_learning_model_based_on_mechanical_features.pdf,hardlink
111,paper-2587,paper-2587_durable_self_powered_wireless_iot_machine_condition_monitoring_system_based_on_an_auto_switc.pdf,extraction_papers/paper-2587_durable_self_powered_wireless_iot_machine_condition_monitoring_system_based_on_an_auto_switc.pdf,extraction_papers/ontocast_runs/run_remaining_500_gpt-5.6-luna_20260723_010000/input/paper-2587_durable_self_powered_wireless_iot_machine_condition_monitoring_system_based_on_an_auto_switc.pdf,hardlink
112,paper-2590,paper-2590_real_time_fault_diagnosis_of_mooring_chain_jack_hydraulic_system_based_on_multi_scale_featur.pdf,extraction_papers/paper-2590_real_time_fault_diagnosis_of_mooring_chain_jack_hydraulic_system_based_on_multi_scale_featur.pdf,extraction_papers/ontocast_runs/run_remaining_500_gpt-5.6-luna_20260723_010000/input/paper-2590_real_time_fault_diagnosis_of_mooring_chain_jack_hydraulic_system_based_on_multi_scale_featur.pdf,hardlink
113,paper-2591,paper-2591_optimization_of_business_processes_using_artificial_intelligence.pdf,extraction_papers/paper-2591_optimization_of_business_processes_using_artificial_intelligence.pdf,extraction_papers/ontocast_runs/run_remaining_500_gpt-5.6-luna_20260723_010000/input/paper-2591_optimization_of_business_processes_using_artificial_intelligence.pdf,hardlink
114,paper-2592,paper-2592_stochastic_modeling_and_time_frequency_analysis_for_predictive_maintenance_of_automotive_sus.pdf,extraction_papers/paper-2592_stochastic_modeling_and_time_frequency_analysis_for_predictive_maintenance_of_automotive_sus.pdf,extraction_papers/ontocast_runs/run_remaining_500_gpt-5.6-luna_20260723_010000/input/paper-2592_stochastic_modeling_and_time_frequency_analysis_for_predictive_maintenance_of_automotive_sus.pdf,hardlink
115,paper-2593,paper-2593_a_hybrid_deep_learning_approach_for_bearing_fault_diagnosis_using_continuous_wavelet_transfo.pdf,extraction_papers/paper-2593_a_hybrid_deep_learning_approach_for_bearing_fault_diagnosis_using_continuous_wavelet_transfo.pdf,extraction_papers/ontocast_runs/run_remaining_500_gpt-5.6-luna_20260723_010000/input/paper-2593_a_hybrid_deep_learning_approach_for_bearing_fault_diagnosis_using_continuous_wavelet_transfo.pdf,hardlink
116,paper-2595,paper-2595_a_mold_damage_monitoring_algorithm_for_power_metallurgy_molding_machines_using_bidirectional.pdf,extraction_papers/paper-2595_a_mold_damage_monitoring_algorithm_for_power_metallurgy_molding_machines_using_bidirectional.pdf,extraction_papers/ontocast_runs/run_remaining_500_gpt-5.6-luna_20260723_010000/input/paper-2595_a_mold_damage_monitoring_algorithm_for_power_metallurgy_molding_machines_using_bidirectional.pdf,hardlink
117,paper-2598,paper-2598_accuracy_evaluation_method_for_blade_vibration_measurement_in_blade_tip_timing_based_on_dire.pdf,extraction_papers/paper-2598_accuracy_evaluation_method_for_blade_vibration_measurement_in_blade_tip_timing_based_on_dire.pdf,extraction_papers/ontocast_runs/run_remaining_500_gpt-5.6-luna_20260723_010000/input/paper-2598_accuracy_evaluation_method_for_blade_vibration_measurement_in_blade_tip_timing_based_on_dire.pdf,hardlink
118,paper-2600,paper-2600_addressing_sensor_data_heterogeneity_and_sample_imbalance_a_transformer_based_approach_for_b.pdf,extraction_papers/paper-2600_addressing_sensor_data_heterogeneity_and_sample_imbalance_a_transformer_based_approach_for_b.pdf,extraction_papers/ontocast_runs/run_remaining_500_gpt-5.6-luna_20260723_010000/input/paper-2600_addressing_sensor_data_heterogeneity_and_sample_imbalance_a_transformer_based_approach_for_b.pdf,hardlink
119,paper-2601,paper-2601_the_rul_prediction_of_li_ion_batteries_based_on_adaptive_lstm.pdf,extraction_papers/paper-2601_the_rul_prediction_of_li_ion_batteries_based_on_adaptive_lstm.pdf,extraction_papers/ontocast_runs/run_remaining_500_gpt-5.6-luna_20260723_010000/input/paper-2601_the_rul_prediction_of_li_ion_batteries_based_on_adaptive_lstm.pdf,hardlink
120,paper-2603,paper-2603_study_on_energy_efficiency_and_maintenance_optimization_of_run_out_table_in_hot_rolling_mill.pdf,extraction_papers/paper-2603_study_on_energy_efficiency_and_maintenance_optimization_of_run_out_table_in_hot_rolling_mill.pdf,extraction_papers/ontocast_runs/run_remaining_500_gpt-5.6-luna_20260723_010000/input/paper-2603_study_on_energy_efficiency_and_maintenance_optimization_of_run_out_table_in_hot_rolling_mill.pdf,hardlink
121,paper-2607,paper-2607_tkeo_enhanced_machine_learning_for_classification_of_bearing_faults_in_predictive_maintenanc.pdf,extraction_papers/paper-2607_tkeo_enhanced_machine_learning_for_classification_of_bearing_faults_in_predictive_maintenanc.pdf,extraction_papers/ontocast_runs/run_remaining_500_gpt-5.6-luna_20260723_010000/input/paper-2607_tkeo_enhanced_machine_learning_for_classification_of_bearing_faults_in_predictive_maintenanc.pdf,hardlink
122,paper-2610,paper-2610_wing_technique_as_a_comprehensive_method_for_stator_and_rotor_inter_turn_fault_diagnosis_in.pdf,extraction_papers/paper-2610_wing_technique_as_a_comprehensive_method_for_stator_and_rotor_inter_turn_fault_diagnosis_in.pdf,extraction_papers/ontocast_runs/run_remaining_500_gpt-5.6-luna_20260723_010000/input/paper-2610_wing_technique_as_a_comprehensive_method_for_stator_and_rotor_inter_turn_fault_diagnosis_in.pdf,hardlink
123,paper-2611,paper-2611_prognostic_based_active_battery_degradation_management_in_wireless_sensor_networks_for_group.pdf,extraction_papers/paper-2611_prognostic_based_active_battery_degradation_management_in_wireless_sensor_networks_for_group.pdf,extraction_papers/ontocast_runs/run_remaining_500_gpt-5.6-luna_20260723_010000/input/paper-2611_prognostic_based_active_battery_degradation_management_in_wireless_sensor_networks_for_group.pdf,hardlink
124,paper-2614,paper-2614_an_adaptive_dual_distillation_framework_for_efficient_remaining_useful_life_prediction.pdf,extraction_papers/paper-2614_an_adaptive_dual_distillation_framework_for_efficient_remaining_useful_life_prediction.pdf,extraction_papers/ontocast_runs/run_remaining_500_gpt-5.6-luna_20260723_010000/input/paper-2614_an_adaptive_dual_distillation_framework_for_efficient_remaining_useful_life_prediction.pdf,hardlink
125,paper-2616,paper-2616_a_comparative_study_of_image_processing_and_machine_learning_methods_for_classification_of_r.pdf,extraction_papers/paper-2616_a_comparative_study_of_image_processing_and_machine_learning_methods_for_classification_of_r.pdf,extraction_papers/ontocast_runs/run_remaining_500_gpt-5.6-luna_20260723_010000/input/paper-2616_a_comparative_study_of_image_processing_and_machine_learning_methods_for_classification_of_r.pdf,hardlink
126,paper-2617,paper-2617_real_time_monitoring_of_on_board_unit_status_in_highway_electronic_toll_collection_systems_u.pdf,extraction_papers/paper-2617_real_time_monitoring_of_on_board_unit_status_in_highway_electronic_toll_collection_systems_u.pdf,extraction_papers/ontocast_runs/run_remaining_500_gpt-5.6-luna_20260723_010000/input/paper-2617_real_time_monitoring_of_on_board_unit_status_in_highway_electronic_toll_collection_systems_u.pdf,hardlink
127,paper-2618,paper-2618_hybrid_ai_models_for_predictive_electric_vehicle_battery_capacity_estimation_and_fault_toler.pdf,extraction_papers/paper-2618_hybrid_ai_models_for_predictive_electric_vehicle_battery_capacity_estimation_and_fault_toler.pdf,extraction_papers/ontocast_runs/run_remaining_500_gpt-5.6-luna_20260723_010000/input/paper-2618_hybrid_ai_models_for_predictive_electric_vehicle_battery_capacity_estimation_and_fault_toler.pdf,hardlink
128,paper-2620,paper-2620_a_mid_1dc_lrt_multi_task_model_for_soh_assessment_and_rul_prediction_of_mechanical_systems.pdf,extraction_papers/paper-2620_a_mid_1dc_lrt_multi_task_model_for_soh_assessment_and_rul_prediction_of_mechanical_systems.pdf,extraction_papers/ontocast_runs/run_remaining_500_gpt-5.6-luna_20260723_010000/input/paper-2620_a_mid_1dc_lrt_multi_task_model_for_soh_assessment_and_rul_prediction_of_mechanical_systems.pdf,hardlink
129,paper-2621,paper-2621_data_augmentation_for_damaged_scenarios_in_floating_offshore_wind_turbines_an_approach_based.pdf,extraction_papers/paper-2621_data_augmentation_for_damaged_scenarios_in_floating_offshore_wind_turbines_an_approach_based.pdf,extraction_papers/ontocast_runs/run_remaining_500_gpt-5.6-luna_20260723_010000/input/paper-2621_data_augmentation_for_damaged_scenarios_in_floating_offshore_wind_turbines_an_approach_based.pdf,hardlink
130,paper-2624,paper-2624_pemfc_rul_prediction_for_non_stationary_time_series_based_on_crossformer_model.pdf,extraction_papers/paper-2624_pemfc_rul_prediction_for_non_stationary_time_series_based_on_crossformer_model.pdf,extraction_papers/ontocast_runs/run_remaining_500_gpt-5.6-luna_20260723_010000/input/paper-2624_pemfc_rul_prediction_for_non_stationary_time_series_based_on_crossformer_model.pdf,hardlink
131,paper-2628,paper-2628_online_pre_diagnosis_of_multiple_faults_in_proton_exchange_membrane_fuel_cells_by_convolutio.pdf,extraction_papers/paper-2628_online_pre_diagnosis_of_multiple_faults_in_proton_exchange_membrane_fuel_cells_by_convolutio.pdf,extraction_papers/ontocast_runs/run_remaining_500_gpt-5.6-luna_20260723_010000/input/paper-2628_online_pre_diagnosis_of_multiple_faults_in_proton_exchange_membrane_fuel_cells_by_convolutio.pdf,hardlink
132,paper-2631,paper-2631_a_learning_probabilistic_boolean_network_model_of_a_manufacturing_process_with_applications.pdf,extraction_papers/paper-2631_a_learning_probabilistic_boolean_network_model_of_a_manufacturing_process_with_applications.pdf,extraction_papers/ontocast_runs/run_remaining_500_gpt-5.6-luna_20260723_010000/input/paper-2631_a_learning_probabilistic_boolean_network_model_of_a_manufacturing_process_with_applications.pdf,hardlink
133,paper-2637,paper-2637_a_robust_conformal_framework_for_iot_based_predictive_maintenance.pdf,extraction_papers/paper-2637_a_robust_conformal_framework_for_iot_based_predictive_maintenance.pdf,extraction_papers/ontocast_runs/run_remaining_500_gpt-5.6-luna_20260723_010000/input/paper-2637_a_robust_conformal_framework_for_iot_based_predictive_maintenance.pdf,hardlink
134,paper-2638,paper-2638_knot_tpp_a_unified_deep_learning_model_for_process_incidence_and_tool_wear_monitoring_in_sta.pdf,extraction_papers/paper-2638_knot_tpp_a_unified_deep_learning_model_for_process_incidence_and_tool_wear_monitoring_in_sta.pdf,extraction_papers/ontocast_runs/run_remaining_500_gpt-5.6-luna_20260723_010000/input/paper-2638_knot_tpp_a_unified_deep_learning_model_for_process_incidence_and_tool_wear_monitoring_in_sta.pdf,hardlink
135,paper-2641,paper-2641_condition_monitoring_of_roller_bearing_using_enhanced_dempster_shafer_evidence_theory.pdf,extraction_papers/paper-2641_condition_monitoring_of_roller_bearing_using_enhanced_dempster_shafer_evidence_theory.pdf,extraction_papers/ontocast_runs/run_remaining_500_gpt-5.6-luna_20260723_010000/input/paper-2641_condition_monitoring_of_roller_bearing_using_enhanced_dempster_shafer_evidence_theory.pdf,hardlink
136,paper-2642,paper-2642_suitability_of_selected_diagnostic_factors_for_assessing_the_technical_condition_of_the_work.pdf,extraction_papers/paper-2642_suitability_of_selected_diagnostic_factors_for_assessing_the_technical_condition_of_the_work.pdf,extraction_papers/ontocast_runs/run_remaining_500_gpt-5.6-luna_20260723_010000/input/paper-2642_suitability_of_selected_diagnostic_factors_for_assessing_the_technical_condition_of_the_work.pdf,hardlink
137,paper-2643,paper-2643_a_reliable_unsupervised_sensor_data_fusion_method_for_fault_detection_in_brushless_direct_cu.pdf,extraction_papers/paper-2643_a_reliable_unsupervised_sensor_data_fusion_method_for_fault_detection_in_brushless_direct_cu.pdf,extraction_papers/ontocast_runs/run_remaining_500_gpt-5.6-luna_20260723_010000/input/paper-2643_a_reliable_unsupervised_sensor_data_fusion_method_for_fault_detection_in_brushless_direct_cu.pdf,hardlink
138,paper-2645,paper-2645_a_hybrid_dscnn_bilstm_model_for_accurate_wind_turbine_temperature_prediction.pdf,extraction_papers/paper-2645_a_hybrid_dscnn_bilstm_model_for_accurate_wind_turbine_temperature_prediction.pdf,extraction_papers/ontocast_runs/run_remaining_500_gpt-5.6-luna_20260723_010000/input/paper-2645_a_hybrid_dscnn_bilstm_model_for_accurate_wind_turbine_temperature_prediction.pdf,hardlink
139,paper-2646,paper-2646_assessment_of_conveyor_telemetry_system_in_a_manufacturing_firm_a_case_study_of_a_brewery_in.pdf,extraction_papers/paper-2646_assessment_of_conveyor_telemetry_system_in_a_manufacturing_firm_a_case_study_of_a_brewery_in.pdf,extraction_papers/ontocast_runs/run_remaining_500_gpt-5.6-luna_20260723_010000/input/paper-2646_assessment_of_conveyor_telemetry_system_in_a_manufacturing_firm_a_case_study_of_a_brewery_in.pdf,hardlink
140,paper-2647,paper-2647_rul_prediction_method_for_lithium_ion_batteries_based_on_the_soa_elm_algorithm.pdf,extraction_papers/paper-2647_rul_prediction_method_for_lithium_ion_batteries_based_on_the_soa_elm_algorithm.pdf,extraction_papers/ontocast_runs/run_remaining_500_gpt-5.6-luna_20260723_010000/input/paper-2647_rul_prediction_method_for_lithium_ion_batteries_based_on_the_soa_elm_algorithm.pdf,hardlink
141,paper-2648,paper-2648_performance_optimization_of_machine_learning_algorithms_for_fault_detection_and_diagnosis_in.pdf,extraction_papers/paper-2648_performance_optimization_of_machine_learning_algorithms_for_fault_detection_and_diagnosis_in.pdf,extraction_papers/ontocast_runs/run_remaining_500_gpt-5.6-luna_20260723_010000/input/paper-2648_performance_optimization_of_machine_learning_algorithms_for_fault_detection_and_diagnosis_in.pdf,hardlink
142,paper-2649,paper-2649_a_long_tail_fault_diagnosis_method_based_on_a_coupled_time_frequency_attention_transformer.pdf,extraction_papers/paper-2649_a_long_tail_fault_diagnosis_method_based_on_a_coupled_time_frequency_attention_transformer.pdf,extraction_papers/ontocast_runs/run_remaining_500_gpt-5.6-luna_20260723_010000/input/paper-2649_a_long_tail_fault_diagnosis_method_based_on_a_coupled_time_frequency_attention_transformer.pdf,hardlink
143,paper-2652,paper-2652_implementation_of_mf_block_in_cnn_for_advanced_reb_fault_diagnosis.pdf,extraction_papers/paper-2652_implementation_of_mf_block_in_cnn_for_advanced_reb_fault_diagnosis.pdf,extraction_papers/ontocast_runs/run_remaining_500_gpt-5.6-luna_20260723_010000/input/paper-2652_implementation_of_mf_block_in_cnn_for_advanced_reb_fault_diagnosis.pdf,hardlink
144,paper-2653,paper-2653_classification_of_artificial_gear_damage_by_angle_measurement_utilizing_the_gear_wheel_as_a.pdf,extraction_papers/paper-2653_classification_of_artificial_gear_damage_by_angle_measurement_utilizing_the_gear_wheel_as_a.pdf,extraction_papers/ontocast_runs/run_remaining_500_gpt-5.6-luna_20260723_010000/input/paper-2653_classification_of_artificial_gear_damage_by_angle_measurement_utilizing_the_gear_wheel_as_a.pdf,hardlink
145,paper-2654,paper-2654_remaining_useful_life_rul_prediction_based_on_the_bivariant_two_phase_nonlinear_wiener_degra.pdf,extraction_papers/paper-2654_remaining_useful_life_rul_prediction_based_on_the_bivariant_two_phase_nonlinear_wiener_degra.pdf,extraction_papers/ontocast_runs/run_remaining_500_gpt-5.6-luna_20260723_010000/input/paper-2654_remaining_useful_life_rul_prediction_based_on_the_bivariant_two_phase_nonlinear_wiener_degra.pdf,hardlink
146,paper-2656,paper-2656_an_ews_lstm_based_deep_learning_early_warning_system_for_industrial_machine_fault_prediction.pdf,extraction_papers/paper-2656_an_ews_lstm_based_deep_learning_early_warning_system_for_industrial_machine_fault_prediction.pdf,extraction_papers/ontocast_runs/run_remaining_500_gpt-5.6-luna_20260723_010000/input/paper-2656_an_ews_lstm_based_deep_learning_early_warning_system_for_industrial_machine_fault_prediction.pdf,hardlink
147,paper-2657,paper-2657_the_impact_of_data_augmentation_on_ai_driven_predictive_algorithms_for_enhanced_solar_panel.pdf,extraction_papers/paper-2657_the_impact_of_data_augmentation_on_ai_driven_predictive_algorithms_for_enhanced_solar_panel.pdf,extraction_papers/ontocast_runs/run_remaining_500_gpt-5.6-luna_20260723_010000/input/paper-2657_the_impact_of_data_augmentation_on_ai_driven_predictive_algorithms_for_enhanced_solar_panel.pdf,hardlink
148,paper-2658,paper-2658_redefining_early_warning_frameworks_for_predictive_maintenance_in_service_intensive_building.pdf,extraction_papers/paper-2658_redefining_early_warning_frameworks_for_predictive_maintenance_in_service_intensive_building.pdf,extraction_papers/ontocast_runs/run_remaining_500_gpt-5.6-luna_20260723_010000/input/paper-2658_redefining_early_warning_frameworks_for_predictive_maintenance_in_service_intensive_building.pdf,hardlink
149,paper-2659,paper-2659_technical_language_processing_for_prognostics_and_health_management_applying_text_similarity.pdf,extraction_papers/paper-2659_technical_language_processing_for_prognostics_and_health_management_applying_text_similarity.pdf,extraction_papers/ontocast_runs/run_remaining_500_gpt-5.6-luna_20260723_010000/input/paper-2659_technical_language_processing_for_prognostics_and_health_management_applying_text_similarity.pdf,hardlink
150,paper-2660,paper-2660_cnn_transformer_bigru_a_pump_fault_detection_model_for_industrialized_recirculating_aquacult.pdf,extraction_papers/paper-2660_cnn_transformer_bigru_a_pump_fault_detection_model_for_industrialized_recirculating_aquacult.pdf,extraction_papers/ontocast_runs/run_remaining_500_gpt-5.6-luna_20260723_010000/input/paper-2660_cnn_transformer_bigru_a_pump_fault_detection_model_for_industrialized_recirculating_aquacult.pdf,hardlink
151,paper-2661,paper-2661_a_remaining_useful_life_prediction_method_for_rolling_bearings_based_on_hierarchical_cluster.pdf,extraction_papers/paper-2661_a_remaining_useful_life_prediction_method_for_rolling_bearings_based_on_hierarchical_cluster.pdf,extraction_papers/ontocast_runs/run_remaining_500_gpt-5.6-luna_20260723_010000/input/paper-2661_a_remaining_useful_life_prediction_method_for_rolling_bearings_based_on_hierarchical_cluster.pdf,hardlink
152,paper-2663,paper-2663_artificial_intelligence_based_techniques_for_fouling_resistance_estimation_of_shell_and_tube.pdf,extraction_papers/paper-2663_artificial_intelligence_based_techniques_for_fouling_resistance_estimation_of_shell_and_tube.pdf,extraction_papers/ontocast_runs/run_remaining_500_gpt-5.6-luna_20260723_010000/input/paper-2663_artificial_intelligence_based_techniques_for_fouling_resistance_estimation_of_shell_and_tube.pdf,hardlink
153,paper-2664,paper-2664_early_remaining_useful_life_prediction_for_lithium_ion_batteries_using_a_gaussian_process_re.pdf,extraction_papers/paper-2664_early_remaining_useful_life_prediction_for_lithium_ion_batteries_using_a_gaussian_process_re.pdf,extraction_papers/ontocast_runs/run_remaining_500_gpt-5.6-luna_20260723_010000/input/paper-2664_early_remaining_useful_life_prediction_for_lithium_ion_batteries_using_a_gaussian_process_re.pdf,hardlink
154,paper-2667,paper-2667_the_relationship_between_shaft_vibration_and_bearing_vibration_under_imbalanced_state_based.pdf,extraction_papers/paper-2667_the_relationship_between_shaft_vibration_and_bearing_vibration_under_imbalanced_state_based.pdf,extraction_papers/ontocast_runs/run_remaining_500_gpt-5.6-luna_20260723_010000/input/paper-2667_the_relationship_between_shaft_vibration_and_bearing_vibration_under_imbalanced_state_based.pdf,hardlink
155,paper-2669,paper-2669_solar_vit_vision_transformer_for_fault_detection_in_solar_pv_systems.pdf,extraction_papers/paper-2669_solar_vit_vision_transformer_for_fault_detection_in_solar_pv_systems.pdf,extraction_papers/ontocast_runs/run_remaining_500_gpt-5.6-luna_20260723_010000/input/paper-2669_solar_vit_vision_transformer_for_fault_detection_in_solar_pv_systems.pdf,hardlink
156,paper-2670,paper-2670_an_adaptive_bigru_assa_itransformer_method_for_remaining_useful_life_prediction_of_bearing_i.pdf,extraction_papers/paper-2670_an_adaptive_bigru_assa_itransformer_method_for_remaining_useful_life_prediction_of_bearing_i.pdf,extraction_papers/ontocast_runs/run_remaining_500_gpt-5.6-luna_20260723_010000/input/paper-2670_an_adaptive_bigru_assa_itransformer_method_for_remaining_useful_life_prediction_of_bearing_i.pdf,hardlink
157,paper-2674,paper-2674_bearing_fault_detection_in_adjustable_speed_drives_via_self_organized_operational_neural_net.pdf,extraction_papers/paper-2674_bearing_fault_detection_in_adjustable_speed_drives_via_self_organized_operational_neural_net.pdf,extraction_papers/ontocast_runs/run_remaining_500_gpt-5.6-luna_20260723_010000/input/paper-2674_bearing_fault_detection_in_adjustable_speed_drives_via_self_organized_operational_neural_net.pdf,hardlink
158,paper-2676,paper-2676_predictive_maintenance_algorithms_artificial_intelligence_digital_twin_technologies_and_inte.pdf,extraction_papers/paper-2676_predictive_maintenance_algorithms_artificial_intelligence_digital_twin_technologies_and_inte.pdf,extraction_papers/ontocast_runs/run_remaining_500_gpt-5.6-luna_20260723_010000/input/paper-2676_predictive_maintenance_algorithms_artificial_intelligence_digital_twin_technologies_and_inte.pdf,hardlink
159,paper-2677,paper-2677_predicting_remaining_useful_life_and_optimizing_preventive_maintenance_for_multistage_manufa.pdf,extraction_papers/paper-2677_predicting_remaining_useful_life_and_optimizing_preventive_maintenance_for_multistage_manufa.pdf,extraction_papers/ontocast_runs/run_remaining_500_gpt-5.6-luna_20260723_010000/input/paper-2677_predicting_remaining_useful_life_and_optimizing_preventive_maintenance_for_multistage_manufa.pdf,hardlink
160,paper-2679,paper-2679_research_on_missing_data_estimation_method_for_upfc_submodules_based_on_bayesian_multiple_im.pdf,extraction_papers/paper-2679_research_on_missing_data_estimation_method_for_upfc_submodules_based_on_bayesian_multiple_im.pdf,extraction_papers/ontocast_runs/run_remaining_500_gpt-5.6-luna_20260723_010000/input/paper-2679_research_on_missing_data_estimation_method_for_upfc_submodules_based_on_bayesian_multiple_im.pdf,hardlink
161,paper-2687,paper-2687_diagnosis_of_power_transformer_on_load_tap_changer_mechanical_faults_based_on_sabo_optimized.pdf,extraction_papers/paper-2687_diagnosis_of_power_transformer_on_load_tap_changer_mechanical_faults_based_on_sabo_optimized.pdf,extraction_papers/ontocast_runs/run_remaining_500_gpt-5.6-luna_20260723_010000/input/paper-2687_diagnosis_of_power_transformer_on_load_tap_changer_mechanical_faults_based_on_sabo_optimized.pdf,hardlink
162,paper-2688,paper-2688_optimal_operation_of_a_tablet_pressing_machine_using_deep_neural_network_embedded_mixed_inte.pdf,extraction_papers/paper-2688_optimal_operation_of_a_tablet_pressing_machine_using_deep_neural_network_embedded_mixed_inte.pdf,extraction_papers/ontocast_runs/run_remaining_500_gpt-5.6-luna_20260723_010000/input/paper-2688_optimal_operation_of_a_tablet_pressing_machine_using_deep_neural_network_embedded_mixed_inte.pdf,hardlink
163,paper-2689,paper-2689_sensor_based_monitoring_data_from_an_industrial_system_of_centrifugal_pumps.pdf,extraction_papers/paper-2689_sensor_based_monitoring_data_from_an_industrial_system_of_centrifugal_pumps.pdf,extraction_papers/ontocast_runs/run_remaining_500_gpt-5.6-luna_20260723_010000/input/paper-2689_sensor_based_monitoring_data_from_an_industrial_system_of_centrifugal_pumps.pdf,hardlink
164,paper-2691,paper-2691_difflime_enhancing_explainability_with_a_diffusion_based_lime_algorithm_for_fault_diagnosis.pdf,extraction_papers/paper-2691_difflime_enhancing_explainability_with_a_diffusion_based_lime_algorithm_for_fault_diagnosis.pdf,extraction_papers/ontocast_runs/run_remaining_500_gpt-5.6-luna_20260723_010000/input/paper-2691_difflime_enhancing_explainability_with_a_diffusion_based_lime_algorithm_for_fault_diagnosis.pdf,hardlink
165,paper-2692,paper-2692_th_rotate_a_hybrid_knowledge_graph_embedding_framework_for_fault_diagnosis_in_railway_operat.pdf,extraction_papers/paper-2692_th_rotate_a_hybrid_knowledge_graph_embedding_framework_for_fault_diagnosis_in_railway_operat.pdf,extraction_papers/ontocast_runs/run_remaining_500_gpt-5.6-luna_20260723_010000/input/paper-2692_th_rotate_a_hybrid_knowledge_graph_embedding_framework_for_fault_diagnosis_in_railway_operat.pdf,hardlink
166,paper-2693,paper-2693_transfer_learning_approach_using_simulated_induction_motor_bearing_data_a_comparative_analys.pdf,extraction_papers/paper-2693_transfer_learning_approach_using_simulated_induction_motor_bearing_data_a_comparative_analys.pdf,extraction_papers/ontocast_runs/run_remaining_500_gpt-5.6-luna_20260723_010000/input/paper-2693_transfer_learning_approach_using_simulated_induction_motor_bearing_data_a_comparative_analys.pdf,hardlink
167,paper-2696,paper-2696_a_deep_equilibrium_model_for_remaining_useful_life_estimation_of_aircraft_engines.pdf,extraction_papers/paper-2696_a_deep_equilibrium_model_for_remaining_useful_life_estimation_of_aircraft_engines.pdf,extraction_papers/ontocast_runs/run_remaining_500_gpt-5.6-luna_20260723_010000/input/paper-2696_a_deep_equilibrium_model_for_remaining_useful_life_estimation_of_aircraft_engines.pdf,hardlink
168,paper-2697,paper-2697_bearing_lifespan_reliability_prediction_method_based_on_multiscale_feature_extraction_and_du.pdf,extraction_papers/paper-2697_bearing_lifespan_reliability_prediction_method_based_on_multiscale_feature_extraction_and_du.pdf,extraction_papers/ontocast_runs/run_remaining_500_gpt-5.6-luna_20260723_010000/input/paper-2697_bearing_lifespan_reliability_prediction_method_based_on_multiscale_feature_extraction_and_du.pdf,hardlink
169,paper-2699,paper-2699_online_tool_wear_monitoring_via_long_short_term_memory_lstm_improved_particle_filtering_and.pdf,extraction_papers/paper-2699_online_tool_wear_monitoring_via_long_short_term_memory_lstm_improved_particle_filtering_and.pdf,extraction_papers/ontocast_runs/run_remaining_500_gpt-5.6-luna_20260723_010000/input/paper-2699_online_tool_wear_monitoring_via_long_short_term_memory_lstm_improved_particle_filtering_and.pdf,hardlink
170,paper-2700,paper-2700_detecting_particle_contamination_in_bearings_of_inverter_fed_induction_motors_a_comparative.pdf,extraction_papers/paper-2700_detecting_particle_contamination_in_bearings_of_inverter_fed_induction_motors_a_comparative.pdf,extraction_papers/ontocast_runs/run_remaining_500_gpt-5.6-luna_20260723_010000/input/paper-2700_detecting_particle_contamination_in_bearings_of_inverter_fed_induction_motors_a_comparative.pdf,hardlink
171,paper-2703,paper-2703_enhancing_asset_reliability_and_sustainability_a_comparative_study_of_neural_networks_and_ar.pdf,extraction_papers/paper-2703_enhancing_asset_reliability_and_sustainability_a_comparative_study_of_neural_networks_and_ar.pdf,extraction_papers/ontocast_runs/run_remaining_500_gpt-5.6-luna_20260723_010000/input/paper-2703_enhancing_asset_reliability_and_sustainability_a_comparative_study_of_neural_networks_and_ar.pdf,hardlink
172,paper-2704,paper-2704_predicting_filter_medium_performances_in_chamber_filter_presses_with_digital_twins_using_neu.pdf,extraction_papers/paper-2704_predicting_filter_medium_performances_in_chamber_filter_presses_with_digital_twins_using_neu.pdf,extraction_papers/ontocast_runs/run_remaining_500_gpt-5.6-luna_20260723_010000/input/paper-2704_predicting_filter_medium_performances_in_chamber_filter_presses_with_digital_twins_using_neu.pdf,hardlink
173,paper-2705,paper-2705_cost_optimised_machine_learning_model_comparison_for_predictive_maintenance.pdf,extraction_papers/paper-2705_cost_optimised_machine_learning_model_comparison_for_predictive_maintenance.pdf,extraction_papers/ontocast_runs/run_remaining_500_gpt-5.6-luna_20260723_010000/input/paper-2705_cost_optimised_machine_learning_model_comparison_for_predictive_maintenance.pdf,hardlink
174,paper-2707,paper-2707_multichannel_attention_based_tcn_gru_network_for_remaining_useful_life_prediction_of_aero_en.pdf,extraction_papers/paper-2707_multichannel_attention_based_tcn_gru_network_for_remaining_useful_life_prediction_of_aero_en.pdf,extraction_papers/ontocast_runs/run_remaining_500_gpt-5.6-luna_20260723_010000/input/paper-2707_multichannel_attention_based_tcn_gru_network_for_remaining_useful_life_prediction_of_aero_en.pdf,hardlink
175,paper-2709,paper-2709_managing_operational_efficiency_and_reducing_aircraft_downtime_by_optimization_of_aircraft_o.pdf,extraction_papers/paper-2709_managing_operational_efficiency_and_reducing_aircraft_downtime_by_optimization_of_aircraft_o.pdf,extraction_papers/ontocast_runs/run_remaining_500_gpt-5.6-luna_20260723_010000/input/paper-2709_managing_operational_efficiency_and_reducing_aircraft_downtime_by_optimization_of_aircraft_o.pdf,hardlink
176,paper-2712,paper-2712_enhanced_prediction_of_the_remaining_useful_life_of_rolling_bearings_under_cross_working_con.pdf,extraction_papers/paper-2712_enhanced_prediction_of_the_remaining_useful_life_of_rolling_bearings_under_cross_working_con.pdf,extraction_papers/ontocast_runs/run_remaining_500_gpt-5.6-luna_20260723_010000/input/paper-2712_enhanced_prediction_of_the_remaining_useful_life_of_rolling_bearings_under_cross_working_con.pdf,hardlink
177,paper-2713,paper-2713_a_new_fault_diagnosis_method_for_reciprocating_piston_pump_based_on_feature_fusion_of_cnn_an.pdf,extraction_papers/paper-2713_a_new_fault_diagnosis_method_for_reciprocating_piston_pump_based_on_feature_fusion_of_cnn_an.pdf,extraction_papers/ontocast_runs/run_remaining_500_gpt-5.6-luna_20260723_010000/input/paper-2713_a_new_fault_diagnosis_method_for_reciprocating_piston_pump_based_on_feature_fusion_of_cnn_an.pdf,hardlink
178,paper-2715,paper-2715_experimental_verification_of_high_temperature_resistance_and_high_resolution_of_inductive_ti.pdf,extraction_papers/paper-2715_experimental_verification_of_high_temperature_resistance_and_high_resolution_of_inductive_ti.pdf,extraction_papers/ontocast_runs/run_remaining_500_gpt-5.6-luna_20260723_010000/input/paper-2715_experimental_verification_of_high_temperature_resistance_and_high_resolution_of_inductive_ti.pdf,hardlink
179,paper-2718,paper-2718_remaining_useful_life_prediction_based_on_wear_monitoring_with_multi_attribute_gan_augmentat.pdf,extraction_papers/paper-2718_remaining_useful_life_prediction_based_on_wear_monitoring_with_multi_attribute_gan_augmentat.pdf,extraction_papers/ontocast_runs/run_remaining_500_gpt-5.6-luna_20260723_010000/input/paper-2718_remaining_useful_life_prediction_based_on_wear_monitoring_with_multi_attribute_gan_augmentat.pdf,hardlink
180,paper-2721,paper-2721_automation_of_predictive_maintenance_an_experimental_framework_for_aircraft_landing_gear.pdf,extraction_papers/paper-2721_automation_of_predictive_maintenance_an_experimental_framework_for_aircraft_landing_gear.pdf,extraction_papers/ontocast_runs/run_remaining_500_gpt-5.6-luna_20260723_010000/input/paper-2721_automation_of_predictive_maintenance_an_experimental_framework_for_aircraft_landing_gear.pdf,hardlink
181,paper-2725,paper-2725_deep_mining_on_the_formation_cycle_features_for_concurrent_soh_estimation_and_rul_prognostic.pdf,extraction_papers/paper-2725_deep_mining_on_the_formation_cycle_features_for_concurrent_soh_estimation_and_rul_prognostic.pdf,extraction_papers/ontocast_runs/run_remaining_500_gpt-5.6-luna_20260723_010000/input/paper-2725_deep_mining_on_the_formation_cycle_features_for_concurrent_soh_estimation_and_rul_prognostic.pdf,hardlink
182,paper-2727,paper-2727_long_short_term_memory_based_computerized_numerical_control_machining_center_failure_predict.pdf,extraction_papers/paper-2727_long_short_term_memory_based_computerized_numerical_control_machining_center_failure_predict.pdf,extraction_papers/ontocast_runs/run_remaining_500_gpt-5.6-luna_20260723_010000/input/paper-2727_long_short_term_memory_based_computerized_numerical_control_machining_center_failure_predict.pdf,hardlink
183,paper-2729,paper-2729_wavelet_decomposition_and_statistical_characterization_for_unbalance_detection_in_rotating_s.pdf,extraction_papers/paper-2729_wavelet_decomposition_and_statistical_characterization_for_unbalance_detection_in_rotating_s.pdf,extraction_papers/ontocast_runs/run_remaining_500_gpt-5.6-luna_20260723_010000/input/paper-2729_wavelet_decomposition_and_statistical_characterization_for_unbalance_detection_in_rotating_s.pdf,hardlink
184,paper-2730,paper-2730_unlocking_the_potential_of_predictive_maintenance_for_intelligent_manufacturing_a_case_study.pdf,extraction_papers/paper-2730_unlocking_the_potential_of_predictive_maintenance_for_intelligent_manufacturing_a_case_study.pdf,extraction_papers/ontocast_runs/run_remaining_500_gpt-5.6-luna_20260723_010000/input/paper-2730_unlocking_the_potential_of_predictive_maintenance_for_intelligent_manufacturing_a_case_study.pdf,hardlink
185,paper-2731,paper-2731_integrating_spare_part_inventory_management_and_predictive_maintenance_as_a_digital_supply_c.pdf,extraction_papers/paper-2731_integrating_spare_part_inventory_management_and_predictive_maintenance_as_a_digital_supply_c.pdf,extraction_papers/ontocast_runs/run_remaining_500_gpt-5.6-luna_20260723_010000/input/paper-2731_integrating_spare_part_inventory_management_and_predictive_maintenance_as_a_digital_supply_c.pdf,hardlink
186,paper-2733,paper-2733_research_on_model_prediction_of_remaining_service_life_of_lithium_ion_batteries_based_on_cha.pdf,extraction_papers/paper-2733_research_on_model_prediction_of_remaining_service_life_of_lithium_ion_batteries_based_on_cha.pdf,extraction_papers/ontocast_runs/run_remaining_500_gpt-5.6-luna_20260723_010000/input/paper-2733_research_on_model_prediction_of_remaining_service_life_of_lithium_ion_batteries_based_on_cha.pdf,hardlink
187,paper-2735,paper-2735_a_data_driven_framework_for_fault_diagnostics_in_gearbox_health_monitoring_under_non_station.pdf,extraction_papers/paper-2735_a_data_driven_framework_for_fault_diagnostics_in_gearbox_health_monitoring_under_non_station.pdf,extraction_papers/ontocast_runs/run_remaining_500_gpt-5.6-luna_20260723_010000/input/paper-2735_a_data_driven_framework_for_fault_diagnostics_in_gearbox_health_monitoring_under_non_station.pdf,hardlink
188,paper-2736,paper-2736_analytical_research_regarding_the_implementation_of_a_prescriptive_maintenance_system_applie.pdf,extraction_papers/paper-2736_analytical_research_regarding_the_implementation_of_a_prescriptive_maintenance_system_applie.pdf,extraction_papers/ontocast_runs/run_remaining_500_gpt-5.6-luna_20260723_010000/input/paper-2736_analytical_research_regarding_the_implementation_of_a_prescriptive_maintenance_system_applie.pdf,hardlink
189,paper-2740,paper-2740_a_robust_multivariate_time_series_classification_approach_based_on_topological_data_analysis.pdf,extraction_papers/paper-2740_a_robust_multivariate_time_series_classification_approach_based_on_topological_data_analysis.pdf,extraction_papers/ontocast_runs/run_remaining_500_gpt-5.6-luna_20260723_010000/input/paper-2740_a_robust_multivariate_time_series_classification_approach_based_on_topological_data_analysis.pdf,hardlink
190,paper-2741,paper-2741_recurrent_neuronal_networks_for_the_prediction_of_the_temperature_of_a_synchronous_machine_d.pdf,extraction_papers/paper-2741_recurrent_neuronal_networks_for_the_prediction_of_the_temperature_of_a_synchronous_machine_d.pdf,extraction_papers/ontocast_runs/run_remaining_500_gpt-5.6-luna_20260723_010000/input/paper-2741_recurrent_neuronal_networks_for_the_prediction_of_the_temperature_of_a_synchronous_machine_d.pdf,hardlink
191,paper-2745,paper-2745_a_control_framework_for_the_proton_exchange_membrane_fuel_cell_system_integrated_the_degrada.pdf,extraction_papers/paper-2745_a_control_framework_for_the_proton_exchange_membrane_fuel_cell_system_integrated_the_degrada.pdf,extraction_papers/ontocast_runs/run_remaining_500_gpt-5.6-luna_20260723_010000/input/paper-2745_a_control_framework_for_the_proton_exchange_membrane_fuel_cell_system_integrated_the_degrada.pdf,hardlink
192,paper-2747,paper-2747_stochastic_identification_and_analysis_of_long_term_degradation_through_health_index_data.pdf,extraction_papers/paper-2747_stochastic_identification_and_analysis_of_long_term_degradation_through_health_index_data.pdf,extraction_papers/ontocast_runs/run_remaining_500_gpt-5.6-luna_20260723_010000/input/paper-2747_stochastic_identification_and_analysis_of_long_term_degradation_through_health_index_data.pdf,hardlink
193,paper-2748,paper-2748_an_integrated_condition_based_opportunistic_maintenance_framework_for_offshore_wind_farms.pdf,extraction_papers/paper-2748_an_integrated_condition_based_opportunistic_maintenance_framework_for_offshore_wind_farms.pdf,extraction_papers/ontocast_runs/run_remaining_500_gpt-5.6-luna_20260723_010000/input/paper-2748_an_integrated_condition_based_opportunistic_maintenance_framework_for_offshore_wind_farms.pdf,hardlink
194,paper-2751,paper-2751_concept_development_for_bearing_fault_detection_on_water_cooled_electric_machines_using_infr.pdf,extraction_papers/paper-2751_concept_development_for_bearing_fault_detection_on_water_cooled_electric_machines_using_infr.pdf,extraction_papers/ontocast_runs/run_remaining_500_gpt-5.6-luna_20260723_010000/input/paper-2751_concept_development_for_bearing_fault_detection_on_water_cooled_electric_machines_using_infr.pdf,hardlink
195,paper-2753,paper-2753_remaining_useful_life_prediction_of_bearings_via_semi_supervised_transfer_learning_based_on.pdf,extraction_papers/paper-2753_remaining_useful_life_prediction_of_bearings_via_semi_supervised_transfer_learning_based_on.pdf,extraction_papers/ontocast_runs/run_remaining_500_gpt-5.6-luna_20260723_010000/input/paper-2753_remaining_useful_life_prediction_of_bearings_via_semi_supervised_transfer_learning_based_on.pdf,hardlink
196,paper-2758,paper-2758_predictive_maintenance_of_old_grinding_machines_using_machine_learning_techniques.pdf,extraction_papers/paper-2758_predictive_maintenance_of_old_grinding_machines_using_machine_learning_techniques.pdf,extraction_papers/ontocast_runs/run_remaining_500_gpt-5.6-luna_20260723_010000/input/paper-2758_predictive_maintenance_of_old_grinding_machines_using_machine_learning_techniques.pdf,hardlink
197,paper-2760,paper-2760_an_empirical_study_of_the_na_ve_reinforce_algorithm_for_predictive_maintenance.pdf,extraction_papers/paper-2760_an_empirical_study_of_the_na_ve_reinforce_algorithm_for_predictive_maintenance.pdf,extraction_papers/ontocast_runs/run_remaining_500_gpt-5.6-luna_20260723_010000/input/paper-2760_an_empirical_study_of_the_na_ve_reinforce_algorithm_for_predictive_maintenance.pdf,hardlink
198,paper-2761,paper-2761_online_inductance_monitoring_based_on_dynamic_characteristics_and_esr_effect_compensation_fo.pdf,extraction_papers/paper-2761_online_inductance_monitoring_based_on_dynamic_characteristics_and_esr_effect_compensation_fo.pdf,extraction_papers/ontocast_runs/run_remaining_500_gpt-5.6-luna_20260723_010000/input/paper-2761_online_inductance_monitoring_based_on_dynamic_characteristics_and_esr_effect_compensation_fo.pdf,hardlink
199,paper-2762,paper-2762_investigation_of_an_optimized_linear_regression_model_with_nonlinear_error_compensation_for.pdf,extraction_papers/paper-2762_investigation_of_an_optimized_linear_regression_model_with_nonlinear_error_compensation_for.pdf,extraction_papers/ontocast_runs/run_remaining_500_gpt-5.6-luna_20260723_010000/input/paper-2762_investigation_of_an_optimized_linear_regression_model_with_nonlinear_error_compensation_for.pdf,hardlink
200,paper-2763,paper-2763_reshaping_industrial_maintenance_with_machine_learning_fouling_control_using_optimized_gauss.pdf,extraction_papers/paper-2763_reshaping_industrial_maintenance_with_machine_learning_fouling_control_using_optimized_gauss.pdf,extraction_papers/ontocast_runs/run_remaining_500_gpt-5.6-luna_20260723_010000/input/paper-2763_reshaping_industrial_maintenance_with_machine_learning_fouling_control_using_optimized_gauss.pdf,hardlink
201,paper-2765,paper-2765_text_conditioned_diffusion_based_synthetic_data_generation_for_turbine_engine_sensor_analysi.pdf,extraction_papers/paper-2765_text_conditioned_diffusion_based_synthetic_data_generation_for_turbine_engine_sensor_analysi.pdf,extraction_papers/ontocast_runs/run_remaining_500_gpt-5.6-luna_20260723_010000/input/paper-2765_text_conditioned_diffusion_based_synthetic_data_generation_for_turbine_engine_sensor_analysi.pdf,hardlink
202,paper-2767,paper-2767_return_on_investment_and_sustainability_of_hvdc_links_role_of_diagnostics_condition_monitori.pdf,extraction_papers/paper-2767_return_on_investment_and_sustainability_of_hvdc_links_role_of_diagnostics_condition_monitori.pdf,extraction_papers/ontocast_runs/run_remaining_500_gpt-5.6-luna_20260723_010000/input/paper-2767_return_on_investment_and_sustainability_of_hvdc_links_role_of_diagnostics_condition_monitori.pdf,hardlink
203,paper-2770,paper-2770_large_language_models_for_predictive_maintenance_in_the_leather_tanning_industry_multimodal.pdf,extraction_papers/paper-2770_large_language_models_for_predictive_maintenance_in_the_leather_tanning_industry_multimodal.pdf,extraction_papers/ontocast_runs/run_remaining_500_gpt-5.6-luna_20260723_010000/input/paper-2770_large_language_models_for_predictive_maintenance_in_the_leather_tanning_industry_multimodal.pdf,hardlink
204,paper-2771,paper-2771_condition_aware_autoencoder_and_transfer_learning_based_estimation_of_milling_cutting_forces.pdf,extraction_papers/paper-2771_condition_aware_autoencoder_and_transfer_learning_based_estimation_of_milling_cutting_forces.pdf,extraction_papers/ontocast_runs/run_remaining_500_gpt-5.6-luna_20260723_010000/input/paper-2771_condition_aware_autoencoder_and_transfer_learning_based_estimation_of_milling_cutting_forces.pdf,hardlink
205,paper-2772,paper-2772_development_of_a_random_loading_test_bench_for_ud_e_glass_resin_rotating_shafts_with_integra.pdf,extraction_papers/paper-2772_development_of_a_random_loading_test_bench_for_ud_e_glass_resin_rotating_shafts_with_integra.pdf,extraction_papers/ontocast_runs/run_remaining_500_gpt-5.6-luna_20260723_010000/input/paper-2772_development_of_a_random_loading_test_bench_for_ud_e_glass_resin_rotating_shafts_with_integra.pdf,hardlink
206,paper-2773,paper-2773_a_generic_modeling_method_of_multi_modal_multi_layer_digital_twins_for_the_remote_monitoring.pdf,extraction_papers/paper-2773_a_generic_modeling_method_of_multi_modal_multi_layer_digital_twins_for_the_remote_monitoring.pdf,extraction_papers/ontocast_runs/run_remaining_500_gpt-5.6-luna_20260723_010000/input/paper-2773_a_generic_modeling_method_of_multi_modal_multi_layer_digital_twins_for_the_remote_monitoring.pdf,hardlink
207,paper-2775,paper-2775_intelligent_diagnosis_of_rolling_element_bearings_under_various_operating_conditions_using_a.pdf,extraction_papers/paper-2775_intelligent_diagnosis_of_rolling_element_bearings_under_various_operating_conditions_using_a.pdf,extraction_papers/ontocast_runs/run_remaining_500_gpt-5.6-luna_20260723_010000/input/paper-2775_intelligent_diagnosis_of_rolling_element_bearings_under_various_operating_conditions_using_a.pdf,hardlink
208,paper-2777,paper-2777_energy_efficient_battery_optimization_model_ee_bom_using_machine_learning_algorithms_and_har.pdf,extraction_papers/paper-2777_energy_efficient_battery_optimization_model_ee_bom_using_machine_learning_algorithms_and_har.pdf,extraction_papers/ontocast_runs/run_remaining_500_gpt-5.6-luna_20260723_010000/input/paper-2777_energy_efficient_battery_optimization_model_ee_bom_using_machine_learning_algorithms_and_har.pdf,hardlink
209,paper-2781,paper-2781_all_ceramic_fiber_fabry_perot_cavity_high_temperature_pulsating_pressure_sensor_based_on_htc.pdf,extraction_papers/paper-2781_all_ceramic_fiber_fabry_perot_cavity_high_temperature_pulsating_pressure_sensor_based_on_htc.pdf,extraction_papers/ontocast_runs/run_remaining_500_gpt-5.6-luna_20260723_010000/input/paper-2781_all_ceramic_fiber_fabry_perot_cavity_high_temperature_pulsating_pressure_sensor_based_on_htc.pdf,hardlink
210,paper-2783,paper-2783_tool_condition_monitoring_in_the_milling_of_low_to_high_yield_strength_materials.pdf,extraction_papers/paper-2783_tool_condition_monitoring_in_the_milling_of_low_to_high_yield_strength_materials.pdf,extraction_papers/ontocast_runs/run_remaining_500_gpt-5.6-luna_20260723_010000/input/paper-2783_tool_condition_monitoring_in_the_milling_of_low_to_high_yield_strength_materials.pdf,hardlink
211,paper-2784,paper-2784_quantum_state_estimation_for_real_time_battery_health_monitoring_in_photovoltaic_storage_sys.pdf,extraction_papers/paper-2784_quantum_state_estimation_for_real_time_battery_health_monitoring_in_photovoltaic_storage_sys.pdf,extraction_papers/ontocast_runs/run_remaining_500_gpt-5.6-luna_20260723_010000/input/paper-2784_quantum_state_estimation_for_real_time_battery_health_monitoring_in_photovoltaic_storage_sys.pdf,hardlink
212,paper-2787,paper-2787_real_time_prediction_of_wear_morphology_and_coefficient_of_friction_using_acoustic_signals_a.pdf,extraction_papers/paper-2787_real_time_prediction_of_wear_morphology_and_coefficient_of_friction_using_acoustic_signals_a.pdf,extraction_papers/ontocast_runs/run_remaining_500_gpt-5.6-luna_20260723_010000/input/paper-2787_real_time_prediction_of_wear_morphology_and_coefficient_of_friction_using_acoustic_signals_a.pdf,hardlink
213,paper-2790,paper-2790_digital_twin_based_technical_research_on_comprehensive_gear_fault_diagnosis_and_structural_p.pdf,extraction_papers/paper-2790_digital_twin_based_technical_research_on_comprehensive_gear_fault_diagnosis_and_structural_p.pdf,extraction_papers/ontocast_runs/run_remaining_500_gpt-5.6-luna_20260723_010000/input/paper-2790_digital_twin_based_technical_research_on_comprehensive_gear_fault_diagnosis_and_structural_p.pdf,hardlink
214,paper-2793,paper-2793_domain_generalization_using_maximum_mean_discrepancy_loss_for_remaining_useful_life_predicti.pdf,extraction_papers/paper-2793_domain_generalization_using_maximum_mean_discrepancy_loss_for_remaining_useful_life_predicti.pdf,extraction_papers/ontocast_runs/run_remaining_500_gpt-5.6-luna_20260723_010000/input/paper-2793_domain_generalization_using_maximum_mean_discrepancy_loss_for_remaining_useful_life_predicti.pdf,hardlink
215,paper-2797,paper-2797_sensor_based_diagnostics_for_conveyor_belt_condition_monitoring_and_predictive_refurbishment.pdf,extraction_papers/paper-2797_sensor_based_diagnostics_for_conveyor_belt_condition_monitoring_and_predictive_refurbishment.pdf,extraction_papers/ontocast_runs/run_remaining_500_gpt-5.6-luna_20260723_010000/input/paper-2797_sensor_based_diagnostics_for_conveyor_belt_condition_monitoring_and_predictive_refurbishment.pdf,hardlink
216,paper-2799,paper-2799_research_on_the_operation_maintenance_and_parameters_of_expressway_mechanical_and_electrical.pdf,extraction_papers/paper-2799_research_on_the_operation_maintenance_and_parameters_of_expressway_mechanical_and_electrical.pdf,extraction_papers/ontocast_runs/run_remaining_500_gpt-5.6-luna_20260723_010000/input/paper-2799_research_on_the_operation_maintenance_and_parameters_of_expressway_mechanical_and_electrical.pdf,hardlink
217,paper-2802,paper-2802_a_novel_hybrid_fem_dynamic_modeling_approach_for_enhanced_vibration_diagnostics_in_a_two_sta.pdf,extraction_papers/paper-2802_a_novel_hybrid_fem_dynamic_modeling_approach_for_enhanced_vibration_diagnostics_in_a_two_sta.pdf,extraction_papers/ontocast_runs/run_remaining_500_gpt-5.6-luna_20260723_010000/input/paper-2802_a_novel_hybrid_fem_dynamic_modeling_approach_for_enhanced_vibration_diagnostics_in_a_two_sta.pdf,hardlink
218,paper-2803,paper-2803_tribological_evaluation_and_model_of_wear_behavior_in_the_boundary_lubrication_of_the_contac.pdf,extraction_papers/paper-2803_tribological_evaluation_and_model_of_wear_behavior_in_the_boundary_lubrication_of_the_contac.pdf,extraction_papers/ontocast_runs/run_remaining_500_gpt-5.6-luna_20260723_010000/input/paper-2803_tribological_evaluation_and_model_of_wear_behavior_in_the_boundary_lubrication_of_the_contac.pdf,hardlink
219,paper-2805,paper-2805_winding_fault_detection_in_power_transformers_based_on_support_vector_machine_and_discrete_w.pdf,extraction_papers/paper-2805_winding_fault_detection_in_power_transformers_based_on_support_vector_machine_and_discrete_w.pdf,extraction_papers/ontocast_runs/run_remaining_500_gpt-5.6-luna_20260723_010000/input/paper-2805_winding_fault_detection_in_power_transformers_based_on_support_vector_machine_and_discrete_w.pdf,hardlink
220,paper-2806,paper-2806_streamlined_bearing_fault_detection_using_artificial_intelligence_in_permanent_magnet_synchr.pdf,extraction_papers/paper-2806_streamlined_bearing_fault_detection_using_artificial_intelligence_in_permanent_magnet_synchr.pdf,extraction_papers/ontocast_runs/run_remaining_500_gpt-5.6-luna_20260723_010000/input/paper-2806_streamlined_bearing_fault_detection_using_artificial_intelligence_in_permanent_magnet_synchr.pdf,hardlink
221,paper-2807,paper-2807_time_series_prediction_of_failures_in_an_industrial_assembly_line_using_artificial_learning.pdf,extraction_papers/paper-2807_time_series_prediction_of_failures_in_an_industrial_assembly_line_using_artificial_learning.pdf,extraction_papers/ontocast_runs/run_remaining_500_gpt-5.6-luna_20260723_010000/input/paper-2807_time_series_prediction_of_failures_in_an_industrial_assembly_line_using_artificial_learning.pdf,hardlink
222,paper-2809,paper-2809_enhanced_rolling_bearing_fault_diagnosis_using_multimodal_deep_learning_and_singular_spectru.pdf,extraction_papers/paper-2809_enhanced_rolling_bearing_fault_diagnosis_using_multimodal_deep_learning_and_singular_spectru.pdf,extraction_papers/ontocast_runs/run_remaining_500_gpt-5.6-luna_20260723_010000/input/paper-2809_enhanced_rolling_bearing_fault_diagnosis_using_multimodal_deep_learning_and_singular_spectru.pdf,hardlink
223,paper-2812,paper-2812_application_of_a_predictive_model_to_reduce_unplanned_downtime_in_automotive_industry_produc.pdf,extraction_papers/paper-2812_application_of_a_predictive_model_to_reduce_unplanned_downtime_in_automotive_industry_produc.pdf,extraction_papers/ontocast_runs/run_remaining_500_gpt-5.6-luna_20260723_010000/input/paper-2812_application_of_a_predictive_model_to_reduce_unplanned_downtime_in_automotive_industry_produc.pdf,hardlink
224,paper-2813,paper-2813_optimal_maintenance_strategy_selection_for_oil_and_gas_industry_equipment_using_a_combined_a.pdf,extraction_papers/paper-2813_optimal_maintenance_strategy_selection_for_oil_and_gas_industry_equipment_using_a_combined_a.pdf,extraction_papers/ontocast_runs/run_remaining_500_gpt-5.6-luna_20260723_010000/input/paper-2813_optimal_maintenance_strategy_selection_for_oil_and_gas_industry_equipment_using_a_combined_a.pdf,hardlink
225,paper-2814,paper-2814_ai_driven_maintenance_optimisation_for_natural_gas_liquid_pumps_in_the_oil_and_gas_industry.pdf,extraction_papers/paper-2814_ai_driven_maintenance_optimisation_for_natural_gas_liquid_pumps_in_the_oil_and_gas_industry.pdf,extraction_papers/ontocast_runs/run_remaining_500_gpt-5.6-luna_20260723_010000/input/paper-2814_ai_driven_maintenance_optimisation_for_natural_gas_liquid_pumps_in_the_oil_and_gas_industry.pdf,hardlink
226,paper-2816,paper-2816_adaptive_predictive_maintenance_and_energy_optimization_in_metro_systems_using_deep_reinforc.pdf,extraction_papers/paper-2816_adaptive_predictive_maintenance_and_energy_optimization_in_metro_systems_using_deep_reinforc.pdf,extraction_papers/ontocast_runs/run_remaining_500_gpt-5.6-luna_20260723_010000/input/paper-2816_adaptive_predictive_maintenance_and_energy_optimization_in_metro_systems_using_deep_reinforc.pdf,hardlink
227,paper-2817,paper-2817_predictive_modeling_for_sustainable_tire_retreading_and_resource_optimization_in_public_tran.pdf,extraction_papers/paper-2817_predictive_modeling_for_sustainable_tire_retreading_and_resource_optimization_in_public_tran.pdf,extraction_papers/ontocast_runs/run_remaining_500_gpt-5.6-luna_20260723_010000/input/paper-2817_predictive_modeling_for_sustainable_tire_retreading_and_resource_optimization_in_public_tran.pdf,hardlink
228,paper-2821,paper-2821_spectral_kurtograms_for_performance_enhancement_of_bayesian_tuned_cnn_in_wind_turbine_gearbo.pdf,extraction_papers/paper-2821_spectral_kurtograms_for_performance_enhancement_of_bayesian_tuned_cnn_in_wind_turbine_gearbo.pdf,extraction_papers/ontocast_runs/run_remaining_500_gpt-5.6-luna_20260723_010000/input/paper-2821_spectral_kurtograms_for_performance_enhancement_of_bayesian_tuned_cnn_in_wind_turbine_gearbo.pdf,hardlink
229,paper-2824,paper-2824_modeling_of_distorted_degradation_data_based_on_oil_analysis.pdf,extraction_papers/paper-2824_modeling_of_distorted_degradation_data_based_on_oil_analysis.pdf,extraction_papers/ontocast_runs/run_remaining_500_gpt-5.6-luna_20260723_010000/input/paper-2824_modeling_of_distorted_degradation_data_based_on_oil_analysis.pdf,hardlink
230,paper-2825,paper-2825_periodic_multiple_component_reassignments_preventive_maintenance_under_unequal_assignment.pdf,extraction_papers/paper-2825_periodic_multiple_component_reassignments_preventive_maintenance_under_unequal_assignment.pdf,extraction_papers/ontocast_runs/run_remaining_500_gpt-5.6-luna_20260723_010000/input/paper-2825_periodic_multiple_component_reassignments_preventive_maintenance_under_unequal_assignment.pdf,hardlink
231,paper-2827,paper-2827_data_driven_online_state_prediction_method_for_the_traction_motors_of_electric_multiple_unit.pdf,extraction_papers/paper-2827_data_driven_online_state_prediction_method_for_the_traction_motors_of_electric_multiple_unit.pdf,extraction_papers/ontocast_runs/run_remaining_500_gpt-5.6-luna_20260723_010000/input/paper-2827_data_driven_online_state_prediction_method_for_the_traction_motors_of_electric_multiple_unit.pdf,hardlink
232,paper-2829,paper-2829_research_on_bearing_fault_feature_transfer_diagnosis_based_on_balanced_distribution_adaptati.pdf,extraction_papers/paper-2829_research_on_bearing_fault_feature_transfer_diagnosis_based_on_balanced_distribution_adaptati.pdf,extraction_papers/ontocast_runs/run_remaining_500_gpt-5.6-luna_20260723_010000/input/paper-2829_research_on_bearing_fault_feature_transfer_diagnosis_based_on_balanced_distribution_adaptati.pdf,hardlink
233,paper-2831,paper-2831_predictive_monitoring_of_asset_populations_in_a_rotating_plant_under_operational_uncertainty.pdf,extraction_papers/paper-2831_predictive_monitoring_of_asset_populations_in_a_rotating_plant_under_operational_uncertainty.pdf,extraction_papers/ontocast_runs/run_remaining_500_gpt-5.6-luna_20260723_010000/input/paper-2831_predictive_monitoring_of_asset_populations_in_a_rotating_plant_under_operational_uncertainty.pdf,hardlink
234,paper-2835,paper-2835_a_novel_swin_transformer_with_multi_source_information_fusion_for_online_cross_domain_bearin.pdf,extraction_papers/paper-2835_a_novel_swin_transformer_with_multi_source_information_fusion_for_online_cross_domain_bearin.pdf,extraction_papers/ontocast_runs/run_remaining_500_gpt-5.6-luna_20260723_010000/input/paper-2835_a_novel_swin_transformer_with_multi_source_information_fusion_for_online_cross_domain_bearin.pdf,hardlink
235,paper-2836,paper-2836_lifetime_prediction_analysis_of_proton_exchange_membrane_fuel_cells_based_on_empirical_mode.pdf,extraction_papers/paper-2836_lifetime_prediction_analysis_of_proton_exchange_membrane_fuel_cells_based_on_empirical_mode.pdf,extraction_papers/ontocast_runs/run_remaining_500_gpt-5.6-luna_20260723_010000/input/paper-2836_lifetime_prediction_analysis_of_proton_exchange_membrane_fuel_cells_based_on_empirical_mode.pdf,hardlink
236,paper-2838,paper-2838_comparison_of_recognition_techniques_to_classify_wear_particle_texture.pdf,extraction_papers/paper-2838_comparison_of_recognition_techniques_to_classify_wear_particle_texture.pdf,extraction_papers/ontocast_runs/run_remaining_500_gpt-5.6-luna_20260723_010000/input/paper-2838_comparison_of_recognition_techniques_to_classify_wear_particle_texture.pdf,hardlink
237,paper-2840,paper-2840_partial_discharge_based_cable_vulnerability_ranking_with_fuzzy_and_fahp_models_application_i.pdf,extraction_papers/paper-2840_partial_discharge_based_cable_vulnerability_ranking_with_fuzzy_and_fahp_models_application_i.pdf,extraction_papers/ontocast_runs/run_remaining_500_gpt-5.6-luna_20260723_010000/input/paper-2840_partial_discharge_based_cable_vulnerability_ranking_with_fuzzy_and_fahp_models_application_i.pdf,hardlink
238,paper-2842,paper-2842_design_of_a_conveyer_trough_bolt_signal_acquisition_system_and_bayesian_ensemble_identificat.pdf,extraction_papers/paper-2842_design_of_a_conveyer_trough_bolt_signal_acquisition_system_and_bayesian_ensemble_identificat.pdf,extraction_papers/ontocast_runs/run_remaining_500_gpt-5.6-luna_20260723_010000/input/paper-2842_design_of_a_conveyer_trough_bolt_signal_acquisition_system_and_bayesian_ensemble_identificat.pdf,hardlink
239,paper-2844,paper-2844_prediction_of_the_remaining_useful_life_of_lithium_ion_batteries_based_on_mode_decomposition.pdf,extraction_papers/paper-2844_prediction_of_the_remaining_useful_life_of_lithium_ion_batteries_based_on_mode_decomposition.pdf,extraction_papers/ontocast_runs/run_remaining_500_gpt-5.6-luna_20260723_010000/input/paper-2844_prediction_of_the_remaining_useful_life_of_lithium_ion_batteries_based_on_mode_decomposition.pdf,hardlink
240,paper-2846,paper-2846_electrical_properties_of_engine_oils_comparison_of_electrical_parameters_with_physicochemica.pdf,extraction_papers/paper-2846_electrical_properties_of_engine_oils_comparison_of_electrical_parameters_with_physicochemica.pdf,extraction_papers/ontocast_runs/run_remaining_500_gpt-5.6-luna_20260723_010000/input/paper-2846_electrical_properties_of_engine_oils_comparison_of_electrical_parameters_with_physicochemica.pdf,hardlink
241,paper-2847,paper-2847_towards_a_universal_vibration_analysis_dataset_a_framework_for_transfer_learning_in_predicti.pdf,extraction_papers/paper-2847_towards_a_universal_vibration_analysis_dataset_a_framework_for_transfer_learning_in_predicti.pdf,extraction_papers/ontocast_runs/run_remaining_500_gpt-5.6-luna_20260723_010000/input/paper-2847_towards_a_universal_vibration_analysis_dataset_a_framework_for_transfer_learning_in_predicti.pdf,hardlink
242,paper-2848,paper-2848_enhancing_predictive_maintenance_in_automotive_industry_addressing_class_imbalance_using_adv.pdf,extraction_papers/paper-2848_enhancing_predictive_maintenance_in_automotive_industry_addressing_class_imbalance_using_adv.pdf,extraction_papers/ontocast_runs/run_remaining_500_gpt-5.6-luna_20260723_010000/input/paper-2848_enhancing_predictive_maintenance_in_automotive_industry_addressing_class_imbalance_using_adv.pdf,hardlink
243,paper-2850,paper-2850_friction_monitoring_in_kaplan_turbines.pdf,extraction_papers/paper-2850_friction_monitoring_in_kaplan_turbines.pdf,extraction_papers/ontocast_runs/run_remaining_500_gpt-5.6-luna_20260723_010000/input/paper-2850_friction_monitoring_in_kaplan_turbines.pdf,hardlink
244,paper-2851,paper-2851_predictive_maintenance_of_hvac_systems_using_deep_learning_for_optimized_building_energy_eff.pdf,extraction_papers/paper-2851_predictive_maintenance_of_hvac_systems_using_deep_learning_for_optimized_building_energy_eff.pdf,extraction_papers/ontocast_runs/run_remaining_500_gpt-5.6-luna_20260723_010000/input/paper-2851_predictive_maintenance_of_hvac_systems_using_deep_learning_for_optimized_building_energy_eff.pdf,hardlink
245,paper-2852,paper-2852_spt_ad_self_supervised_pyramidal_transformer_network_based_anomaly_detection_of_time_series.pdf,extraction_papers/paper-2852_spt_ad_self_supervised_pyramidal_transformer_network_based_anomaly_detection_of_time_series.pdf,extraction_papers/ontocast_runs/run_remaining_500_gpt-5.6-luna_20260723_010000/input/paper-2852_spt_ad_self_supervised_pyramidal_transformer_network_based_anomaly_detection_of_time_series.pdf,hardlink
246,paper-2854,paper-2854_remaining_useful_life_prediction_for_lithium_ion_batteries_based_on_hybrid_ensembles_allied.pdf,extraction_papers/paper-2854_remaining_useful_life_prediction_for_lithium_ion_batteries_based_on_hybrid_ensembles_allied.pdf,extraction_papers/ontocast_runs/run_remaining_500_gpt-5.6-luna_20260723_010000/input/paper-2854_remaining_useful_life_prediction_for_lithium_ion_batteries_based_on_hybrid_ensembles_allied.pdf,hardlink
247,paper-2855,paper-2855_remaining_useful_life_prediction_of_rolling_bearings_based_on_deep_time_frequency_synergisti.pdf,extraction_papers/paper-2855_remaining_useful_life_prediction_of_rolling_bearings_based_on_deep_time_frequency_synergisti.pdf,extraction_papers/ontocast_runs/run_remaining_500_gpt-5.6-luna_20260723_010000/input/paper-2855_remaining_useful_life_prediction_of_rolling_bearings_based_on_deep_time_frequency_synergisti.pdf,hardlink
248,paper-2856,paper-2856_dynamic_balancing_and_vibration_analysis_of_rotor_turbines_methodologies_and_applications_in.pdf,extraction_papers/paper-2856_dynamic_balancing_and_vibration_analysis_of_rotor_turbines_methodologies_and_applications_in.pdf,extraction_papers/ontocast_runs/run_remaining_500_gpt-5.6-luna_20260723_010000/input/paper-2856_dynamic_balancing_and_vibration_analysis_of_rotor_turbines_methodologies_and_applications_in.pdf,hardlink
249,paper-2860,paper-2860_tool_wear_prediction_based_on_multisensor_data_fusion_and_machine_learning.pdf,extraction_papers/paper-2860_tool_wear_prediction_based_on_multisensor_data_fusion_and_machine_learning.pdf,extraction_papers/ontocast_runs/run_remaining_500_gpt-5.6-luna_20260723_010000/input/paper-2860_tool_wear_prediction_based_on_multisensor_data_fusion_and_machine_learning.pdf,hardlink
250,paper-2861,paper-2861_effects_of_agent_transparency_and_situation_criticality_upon_human_autonomy_trust_and_risk_p.pdf,extraction_papers/paper-2861_effects_of_agent_transparency_and_situation_criticality_upon_human_autonomy_trust_and_risk_p.pdf,extraction_papers/ontocast_runs/run_remaining_500_gpt-5.6-luna_20260723_010000/input/paper-2861_effects_of_agent_transparency_and_situation_criticality_upon_human_autonomy_trust_and_risk_p.pdf,hardlink
251,paper-2862,paper-2862_improving_transformer_health_index_prediction_performance_using_machine_learning_algorithms.pdf,extraction_papers/paper-2862_improving_transformer_health_index_prediction_performance_using_machine_learning_algorithms.pdf,extraction_papers/ontocast_runs/run_remaining_500_gpt-5.6-luna_20260723_010000/input/paper-2862_improving_transformer_health_index_prediction_performance_using_machine_learning_algorithms.pdf,hardlink
252,paper-2863,paper-2863_efficient_and_explainable_bearing_condition_monitoring_with_decision_tree_based_feature_lear.pdf,extraction_papers/paper-2863_efficient_and_explainable_bearing_condition_monitoring_with_decision_tree_based_feature_lear.pdf,extraction_papers/ontocast_runs/run_remaining_500_gpt-5.6-luna_20260723_010000/input/paper-2863_efficient_and_explainable_bearing_condition_monitoring_with_decision_tree_based_feature_lear.pdf,hardlink
253,paper-2868,paper-2868_deep_learning_based_fault_diagnosis_via_multisensor_aware_data_for_incipient_inter_turn_shor.pdf,extraction_papers/paper-2868_deep_learning_based_fault_diagnosis_via_multisensor_aware_data_for_incipient_inter_turn_shor.pdf,extraction_papers/ontocast_runs/run_remaining_500_gpt-5.6-luna_20260723_010000/input/paper-2868_deep_learning_based_fault_diagnosis_via_multisensor_aware_data_for_incipient_inter_turn_shor.pdf,hardlink
254,paper-2871,paper-2871_comparative_analysis_and_evaluation_of_ageing_forecasting_methods_for_semiconductor_devices.pdf,extraction_papers/paper-2871_comparative_analysis_and_evaluation_of_ageing_forecasting_methods_for_semiconductor_devices.pdf,extraction_papers/ontocast_runs/run_remaining_500_gpt-5.6-luna_20260723_010000/input/paper-2871_comparative_analysis_and_evaluation_of_ageing_forecasting_methods_for_semiconductor_devices.pdf,hardlink
255,paper-2872,paper-2872_leveraging_working_condition_related_features_for_enhanced_cross_domain_remaining_useful_lif.pdf,extraction_papers/paper-2872_leveraging_working_condition_related_features_for_enhanced_cross_domain_remaining_useful_lif.pdf,extraction_papers/ontocast_runs/run_remaining_500_gpt-5.6-luna_20260723_010000/input/paper-2872_leveraging_working_condition_related_features_for_enhanced_cross_domain_remaining_useful_lif.pdf,hardlink
256,paper-2874,paper-2874_remote_monitoring_and_diagnosis_for_building_maintenance_units_based_on_internet_of_things_s.pdf,extraction_papers/paper-2874_remote_monitoring_and_diagnosis_for_building_maintenance_units_based_on_internet_of_things_s.pdf,extraction_papers/ontocast_runs/run_remaining_500_gpt-5.6-luna_20260723_010000/input/paper-2874_remote_monitoring_and_diagnosis_for_building_maintenance_units_based_on_internet_of_things_s.pdf,hardlink
257,paper-2877,paper-2877_development_of_a_fault_prediction_algorithm_for_marine_propulsion_energy_storage_system.pdf,extraction_papers/paper-2877_development_of_a_fault_prediction_algorithm_for_marine_propulsion_energy_storage_system.pdf,extraction_papers/ontocast_runs/run_remaining_500_gpt-5.6-luna_20260723_010000/input/paper-2877_development_of_a_fault_prediction_algorithm_for_marine_propulsion_energy_storage_system.pdf,hardlink
258,paper-2880,paper-2880_early_stage_state_of_health_prediction_of_lithium_batteries_for_wireless_sensor_networks_usi.pdf,extraction_papers/paper-2880_early_stage_state_of_health_prediction_of_lithium_batteries_for_wireless_sensor_networks_usi.pdf,extraction_papers/ontocast_runs/run_remaining_500_gpt-5.6-luna_20260723_010000/input/paper-2880_early_stage_state_of_health_prediction_of_lithium_batteries_for_wireless_sensor_networks_usi.pdf,hardlink
259,paper-2881,paper-2881_ultrasonic_beamforming_based_visual_localisation_of_minor_and_multiple_gas_leaks_using_a_mic.pdf,extraction_papers/paper-2881_ultrasonic_beamforming_based_visual_localisation_of_minor_and_multiple_gas_leaks_using_a_mic.pdf,extraction_papers/ontocast_runs/run_remaining_500_gpt-5.6-luna_20260723_010000/input/paper-2881_ultrasonic_beamforming_based_visual_localisation_of_minor_and_multiple_gas_leaks_using_a_mic.pdf,hardlink
260,paper-2882,paper-2882_complex_valued_cnn_based_defect_reconstruction_of_carbon_steel_from_eddy_current_signals.pdf,extraction_papers/paper-2882_complex_valued_cnn_based_defect_reconstruction_of_carbon_steel_from_eddy_current_signals.pdf,extraction_papers/ontocast_runs/run_remaining_500_gpt-5.6-luna_20260723_010000/input/paper-2882_complex_valued_cnn_based_defect_reconstruction_of_carbon_steel_from_eddy_current_signals.pdf,hardlink
261,paper-2886,paper-2886_privacy_preserving_interpretability_an_explainable_federated_learning_model_for_predictive_m.pdf,extraction_papers/paper-2886_privacy_preserving_interpretability_an_explainable_federated_learning_model_for_predictive_m.pdf,extraction_papers/ontocast_runs/run_remaining_500_gpt-5.6-luna_20260723_010000/input/paper-2886_privacy_preserving_interpretability_an_explainable_federated_learning_model_for_predictive_m.pdf,hardlink
262,paper-2887,paper-2887_probabilistic_multilayer_perceptrons_for_wind_farm_condition_monitoring.pdf,extraction_papers/paper-2887_probabilistic_multilayer_perceptrons_for_wind_farm_condition_monitoring.pdf,extraction_papers/ontocast_runs/run_remaining_500_gpt-5.6-luna_20260723_010000/input/paper-2887_probabilistic_multilayer_perceptrons_for_wind_farm_condition_monitoring.pdf,hardlink
263,paper-2888,paper-2888_sensor_data_imputation_for_industry_reactor_based_on_temporal_decomposition.pdf,extraction_papers/paper-2888_sensor_data_imputation_for_industry_reactor_based_on_temporal_decomposition.pdf,extraction_papers/ontocast_runs/run_remaining_500_gpt-5.6-luna_20260723_010000/input/paper-2888_sensor_data_imputation_for_industry_reactor_based_on_temporal_decomposition.pdf,hardlink
264,paper-2890,paper-2890_joint_modeling_of_degradation_signals_and_time_to_event_data_for_the_prediction_of_remaining.pdf,extraction_papers/paper-2890_joint_modeling_of_degradation_signals_and_time_to_event_data_for_the_prediction_of_remaining.pdf,extraction_papers/ontocast_runs/run_remaining_500_gpt-5.6-luna_20260723_010000/input/paper-2890_joint_modeling_of_degradation_signals_and_time_to_event_data_for_the_prediction_of_remaining.pdf,hardlink
265,paper-2897,paper-2897_advanced_deep_learning_framework_for_predicting_the_remaining_useful_life_of_nissan_leaf_gen.pdf,extraction_papers/paper-2897_advanced_deep_learning_framework_for_predicting_the_remaining_useful_life_of_nissan_leaf_gen.pdf,extraction_papers/ontocast_runs/run_remaining_500_gpt-5.6-luna_20260723_010000/input/paper-2897_advanced_deep_learning_framework_for_predicting_the_remaining_useful_life_of_nissan_leaf_gen.pdf,hardlink
266,paper-2900,paper-2900_performer_kan_based_failure_prediction_for_igbt_with_bo_ceemdan.pdf,extraction_papers/paper-2900_performer_kan_based_failure_prediction_for_igbt_with_bo_ceemdan.pdf,extraction_papers/ontocast_runs/run_remaining_500_gpt-5.6-luna_20260723_010000/input/paper-2900_performer_kan_based_failure_prediction_for_igbt_with_bo_ceemdan.pdf,hardlink
267,paper-2902,paper-2902_intelligent_thermal_condition_monitoring_for_predictive_maintenance_of_gas_turbines_using_ma.pdf,extraction_papers/paper-2902_intelligent_thermal_condition_monitoring_for_predictive_maintenance_of_gas_turbines_using_ma.pdf,extraction_papers/ontocast_runs/run_remaining_500_gpt-5.6-luna_20260723_010000/input/paper-2902_intelligent_thermal_condition_monitoring_for_predictive_maintenance_of_gas_turbines_using_ma.pdf,hardlink
268,paper-2904,paper-2904_data_driven_battery_remaining_life_prediction_based_on_resnet_with_ga_optimization.pdf,extraction_papers/paper-2904_data_driven_battery_remaining_life_prediction_based_on_resnet_with_ga_optimization.pdf,extraction_papers/ontocast_runs/run_remaining_500_gpt-5.6-luna_20260723_010000/input/paper-2904_data_driven_battery_remaining_life_prediction_based_on_resnet_with_ga_optimization.pdf,hardlink
269,paper-2905,paper-2905_fuzzy_particle_filtering_based_approach_for_battery_rul_prediction_with_uncertainty_reductio.pdf,extraction_papers/paper-2905_fuzzy_particle_filtering_based_approach_for_battery_rul_prediction_with_uncertainty_reductio.pdf,extraction_papers/ontocast_runs/run_remaining_500_gpt-5.6-luna_20260723_010000/input/paper-2905_fuzzy_particle_filtering_based_approach_for_battery_rul_prediction_with_uncertainty_reductio.pdf,hardlink
270,paper-2906,paper-2906_a_data_driven_monitoring_system_for_a_prescriptive_maintenance_approach_supporting_reinforce.pdf,extraction_papers/paper-2906_a_data_driven_monitoring_system_for_a_prescriptive_maintenance_approach_supporting_reinforce.pdf,extraction_papers/ontocast_runs/run_remaining_500_gpt-5.6-luna_20260723_010000/input/paper-2906_a_data_driven_monitoring_system_for_a_prescriptive_maintenance_approach_supporting_reinforce.pdf,hardlink
271,paper-2907,paper-2907_intelligent_operation_and_maintenance_of_wind_turbines_gearboxes_via_digital_twin_and_multi.pdf,extraction_papers/paper-2907_intelligent_operation_and_maintenance_of_wind_turbines_gearboxes_via_digital_twin_and_multi.pdf,extraction_papers/ontocast_runs/run_remaining_500_gpt-5.6-luna_20260723_010000/input/paper-2907_intelligent_operation_and_maintenance_of_wind_turbines_gearboxes_via_digital_twin_and_multi.pdf,hardlink
272,paper-2908,paper-2908_joint_optimization_of_condition_based_maintenance_and_production_rate_using_reinforcement_le.pdf,extraction_papers/paper-2908_joint_optimization_of_condition_based_maintenance_and_production_rate_using_reinforcement_le.pdf,extraction_papers/ontocast_runs/run_remaining_500_gpt-5.6-luna_20260723_010000/input/paper-2908_joint_optimization_of_condition_based_maintenance_and_production_rate_using_reinforcement_le.pdf,hardlink
273,paper-2912,paper-2912_research_on_bearing_remaining_useful_life_prediction_method_based_on_double_bidirectional_lo.pdf,extraction_papers/paper-2912_research_on_bearing_remaining_useful_life_prediction_method_based_on_double_bidirectional_lo.pdf,extraction_papers/ontocast_runs/run_remaining_500_gpt-5.6-luna_20260723_010000/input/paper-2912_research_on_bearing_remaining_useful_life_prediction_method_based_on_double_bidirectional_lo.pdf,hardlink
274,paper-2918,paper-2918_novel_hybrid_prognostics_of_aircraft_systems.pdf,extraction_papers/paper-2918_novel_hybrid_prognostics_of_aircraft_systems.pdf,extraction_papers/ontocast_runs/run_remaining_500_gpt-5.6-luna_20260723_010000/input/paper-2918_novel_hybrid_prognostics_of_aircraft_systems.pdf,hardlink
275,paper-2919,paper-2919_elevator_fault_precursor_prediction_based_on_improved_lstm_ae_algorithm_and_tso_vmd_denoisin.pdf,extraction_papers/paper-2919_elevator_fault_precursor_prediction_based_on_improved_lstm_ae_algorithm_and_tso_vmd_denoisin.pdf,extraction_papers/ontocast_runs/run_remaining_500_gpt-5.6-luna_20260723_010000/input/paper-2919_elevator_fault_precursor_prediction_based_on_improved_lstm_ae_algorithm_and_tso_vmd_denoisin.pdf,hardlink
276,paper-2921,paper-2921_a_structured_data_model_for_asset_health_index_integration_in_digital_twins_of_energy_conver.pdf,extraction_papers/paper-2921_a_structured_data_model_for_asset_health_index_integration_in_digital_twins_of_energy_conver.pdf,extraction_papers/ontocast_runs/run_remaining_500_gpt-5.6-luna_20260723_010000/input/paper-2921_a_structured_data_model_for_asset_health_index_integration_in_digital_twins_of_energy_conver.pdf,hardlink
277,paper-2924,paper-2924_analysis_of_skidding_characteristics_of_solid_lubricated_angular_contact_ball_bearings_durin.pdf,extraction_papers/paper-2924_analysis_of_skidding_characteristics_of_solid_lubricated_angular_contact_ball_bearings_durin.pdf,extraction_papers/ontocast_runs/run_remaining_500_gpt-5.6-luna_20260723_010000/input/paper-2924_analysis_of_skidding_characteristics_of_solid_lubricated_angular_contact_ball_bearings_durin.pdf,hardlink
278,paper-2927,paper-2927_degradation_prediction_of_pemfcs_based_on_discrete_wavelet_transform_and_decoupled_echo_stat.pdf,extraction_papers/paper-2927_degradation_prediction_of_pemfcs_based_on_discrete_wavelet_transform_and_decoupled_echo_stat.pdf,extraction_papers/ontocast_runs/run_remaining_500_gpt-5.6-luna_20260723_010000/input/paper-2927_degradation_prediction_of_pemfcs_based_on_discrete_wavelet_transform_and_decoupled_echo_stat.pdf,hardlink
279,paper-2928,paper-2928_research_on_remaining_useful_life_prediction_of_control_rod_drive_mechanism_rotor_components.pdf,extraction_papers/paper-2928_research_on_remaining_useful_life_prediction_of_control_rod_drive_mechanism_rotor_components.pdf,extraction_papers/ontocast_runs/run_remaining_500_gpt-5.6-luna_20260723_010000/input/paper-2928_research_on_remaining_useful_life_prediction_of_control_rod_drive_mechanism_rotor_components.pdf,hardlink
280,paper-2929,paper-2929_cnn_lstm_attention_with_pso_optimization_for_temperature_and_fault_prediction_in_meat_grinde.pdf,extraction_papers/paper-2929_cnn_lstm_attention_with_pso_optimization_for_temperature_and_fault_prediction_in_meat_grinde.pdf,extraction_papers/ontocast_runs/run_remaining_500_gpt-5.6-luna_20260723_010000/input/paper-2929_cnn_lstm_attention_with_pso_optimization_for_temperature_and_fault_prediction_in_meat_grinde.pdf,hardlink
281,paper-2930,paper-2930_ai_and_evolutionary_computation_for_intelligent_aviation_health_monitoring.pdf,extraction_papers/paper-2930_ai_and_evolutionary_computation_for_intelligent_aviation_health_monitoring.pdf,extraction_papers/ontocast_runs/run_remaining_500_gpt-5.6-luna_20260723_010000/input/paper-2930_ai_and_evolutionary_computation_for_intelligent_aviation_health_monitoring.pdf,hardlink
282,paper-2933,paper-2933_dynamic_multibody_modeling_of_spherical_roller_bearings_with_localized_defects_for_large_sca.pdf,extraction_papers/paper-2933_dynamic_multibody_modeling_of_spherical_roller_bearings_with_localized_defects_for_large_sca.pdf,extraction_papers/ontocast_runs/run_remaining_500_gpt-5.6-luna_20260723_010000/input/paper-2933_dynamic_multibody_modeling_of_spherical_roller_bearings_with_localized_defects_for_large_sca.pdf,hardlink
283,paper-2934,paper-2934_predicting_remaining_useful_life_of_induction_motor_bearings_from_motor_current_signatures_u.pdf,extraction_papers/paper-2934_predicting_remaining_useful_life_of_induction_motor_bearings_from_motor_current_signatures_u.pdf,extraction_papers/ontocast_runs/run_remaining_500_gpt-5.6-luna_20260723_010000/input/paper-2934_predicting_remaining_useful_life_of_induction_motor_bearings_from_motor_current_signatures_u.pdf,hardlink
284,paper-2936,paper-2936_design_of_an_efficient_deep_learning_based_diagnostic_model_for_wind_turbine_gearboxes_using.pdf,extraction_papers/paper-2936_design_of_an_efficient_deep_learning_based_diagnostic_model_for_wind_turbine_gearboxes_using.pdf,extraction_papers/ontocast_runs/run_remaining_500_gpt-5.6-luna_20260723_010000/input/paper-2936_design_of_an_efficient_deep_learning_based_diagnostic_model_for_wind_turbine_gearboxes_using.pdf,hardlink
285,paper-2937,paper-2937_umap_based_all_mlp_marine_diesel_engine_fault_detection_method.pdf,extraction_papers/paper-2937_umap_based_all_mlp_marine_diesel_engine_fault_detection_method.pdf,extraction_papers/ontocast_runs/run_remaining_500_gpt-5.6-luna_20260723_010000/input/paper-2937_umap_based_all_mlp_marine_diesel_engine_fault_detection_method.pdf,hardlink
286,paper-2940,paper-2940_predictive_maintenance_for_cutter_system_of_roller_laminator.pdf,extraction_papers/paper-2940_predictive_maintenance_for_cutter_system_of_roller_laminator.pdf,extraction_papers/ontocast_runs/run_remaining_500_gpt-5.6-luna_20260723_010000/input/paper-2940_predictive_maintenance_for_cutter_system_of_roller_laminator.pdf,hardlink
287,paper-2941,paper-2941_remaining_useful_life_prediction_of_airplane_engine_based_on_bidirectional_mamba_and_causal.pdf,extraction_papers/paper-2941_remaining_useful_life_prediction_of_airplane_engine_based_on_bidirectional_mamba_and_causal.pdf,extraction_papers/ontocast_runs/run_remaining_500_gpt-5.6-luna_20260723_010000/input/paper-2941_remaining_useful_life_prediction_of_airplane_engine_based_on_bidirectional_mamba_and_causal.pdf,hardlink
288,paper-2942,paper-2942_forecasting_the_remaining_useful_life_of_lithium_ion_batteries_using_machine_learning_models.pdf,extraction_papers/paper-2942_forecasting_the_remaining_useful_life_of_lithium_ion_batteries_using_machine_learning_models.pdf,extraction_papers/ontocast_runs/run_remaining_500_gpt-5.6-luna_20260723_010000/input/paper-2942_forecasting_the_remaining_useful_life_of_lithium_ion_batteries_using_machine_learning_models.pdf,hardlink
289,paper-2948,paper-2948_research_on_gis_circuit_breaker_fault_diagnosis_based_on_closing_transient_vibration_signals.pdf,extraction_papers/paper-2948_research_on_gis_circuit_breaker_fault_diagnosis_based_on_closing_transient_vibration_signals.pdf,extraction_papers/ontocast_runs/run_remaining_500_gpt-5.6-luna_20260723_010000/input/paper-2948_research_on_gis_circuit_breaker_fault_diagnosis_based_on_closing_transient_vibration_signals.pdf,hardlink
290,paper-2949,paper-2949_predictive_maintenance_of_proton_exchange_membrane_fuel_cells_for_transportation_application.pdf,extraction_papers/paper-2949_predictive_maintenance_of_proton_exchange_membrane_fuel_cells_for_transportation_application.pdf,extraction_papers/ontocast_runs/run_remaining_500_gpt-5.6-luna_20260723_010000/input/paper-2949_predictive_maintenance_of_proton_exchange_membrane_fuel_cells_for_transportation_application.pdf,hardlink
291,paper-2950,paper-2950_six_sigma_based_frequency_response_analysis_for_power_transformer_winding_deformation.pdf,extraction_papers/paper-2950_six_sigma_based_frequency_response_analysis_for_power_transformer_winding_deformation.pdf,extraction_papers/ontocast_runs/run_remaining_500_gpt-5.6-luna_20260723_010000/input/paper-2950_six_sigma_based_frequency_response_analysis_for_power_transformer_winding_deformation.pdf,hardlink
292,paper-2952,paper-2952_optimization_of_aero_engine_condition_monitoring_by_autoregressive_model_analysis_based_on_w.pdf,extraction_papers/paper-2952_optimization_of_aero_engine_condition_monitoring_by_autoregressive_model_analysis_based_on_w.pdf,extraction_papers/ontocast_runs/run_remaining_500_gpt-5.6-luna_20260723_010000/input/paper-2952_optimization_of_aero_engine_condition_monitoring_by_autoregressive_model_analysis_based_on_w.pdf,hardlink
293,paper-2954,paper-2954_residual_life_prediction_of_rolling_bearings_driven_by_digital_twins.pdf,extraction_papers/paper-2954_residual_life_prediction_of_rolling_bearings_driven_by_digital_twins.pdf,extraction_papers/ontocast_runs/run_remaining_500_gpt-5.6-luna_20260723_010000/input/paper-2954_residual_life_prediction_of_rolling_bearings_driven_by_digital_twins.pdf,hardlink
294,paper-2956,paper-2956_k_nearest_neighbors_for_anomaly_detection_and_predictive_maintenance_in_water_pumping_system.pdf,extraction_papers/paper-2956_k_nearest_neighbors_for_anomaly_detection_and_predictive_maintenance_in_water_pumping_system.pdf,extraction_papers/ontocast_runs/run_remaining_500_gpt-5.6-luna_20260723_010000/input/paper-2956_k_nearest_neighbors_for_anomaly_detection_and_predictive_maintenance_in_water_pumping_system.pdf,hardlink
295,paper-2957,paper-2957_use_of_artificial_intelligence_techniques_in_characterization_of_vibration_signals_for_appli.pdf,extraction_papers/paper-2957_use_of_artificial_intelligence_techniques_in_characterization_of_vibration_signals_for_appli.pdf,extraction_papers/ontocast_runs/run_remaining_500_gpt-5.6-luna_20260723_010000/input/paper-2957_use_of_artificial_intelligence_techniques_in_characterization_of_vibration_signals_for_appli.pdf,hardlink
296,paper-2958,paper-2958_prediction_of_dissolved_gas_in_transformer_oil_based_on_variational_mode_decomposition_integ.pdf,extraction_papers/paper-2958_prediction_of_dissolved_gas_in_transformer_oil_based_on_variational_mode_decomposition_integ.pdf,extraction_papers/ontocast_runs/run_remaining_500_gpt-5.6-luna_20260723_010000/input/paper-2958_prediction_of_dissolved_gas_in_transformer_oil_based_on_variational_mode_decomposition_integ.pdf,hardlink
297,paper-2961,paper-2961_hybrid_knowledge_based_and_data_driven_explainable_ai_architectures_for_intelligent_fault_di.pdf,extraction_papers/paper-2961_hybrid_knowledge_based_and_data_driven_explainable_ai_architectures_for_intelligent_fault_di.pdf,extraction_papers/ontocast_runs/run_remaining_500_gpt-5.6-luna_20260723_010000/input/paper-2961_hybrid_knowledge_based_and_data_driven_explainable_ai_architectures_for_intelligent_fault_di.pdf,hardlink
298,paper-2962,paper-2962_energy_harvesting_microelectromechanical_system_for_condition_monitoring_based_on_piezoelect.pdf,extraction_papers/paper-2962_energy_harvesting_microelectromechanical_system_for_condition_monitoring_based_on_piezoelect.pdf,extraction_papers/ontocast_runs/run_remaining_500_gpt-5.6-luna_20260723_010000/input/paper-2962_energy_harvesting_microelectromechanical_system_for_condition_monitoring_based_on_piezoelect.pdf,hardlink
299,paper-2966,paper-2966_multi_objective_maintenance_optimization_of_contact_networks_considering_integrated_state_pa.pdf,extraction_papers/paper-2966_multi_objective_maintenance_optimization_of_contact_networks_considering_integrated_state_pa.pdf,extraction_papers/ontocast_runs/run_remaining_500_gpt-5.6-luna_20260723_010000/input/paper-2966_multi_objective_maintenance_optimization_of_contact_networks_considering_integrated_state_pa.pdf,hardlink
300,paper-2971,paper-2971_maintenance_time_prediction_for_predictive_maintenance_of_ship_engines.pdf,extraction_papers/paper-2971_maintenance_time_prediction_for_predictive_maintenance_of_ship_engines.pdf,extraction_papers/ontocast_runs/run_remaining_500_gpt-5.6-luna_20260723_010000/input/paper-2971_maintenance_time_prediction_for_predictive_maintenance_of_ship_engines.pdf,hardlink
301,paper-2972,paper-2972_fault_diagnosis_in_a_2_mw_wind_turbine_drive_train_by_vibration_analysis_a_case_study.pdf,extraction_papers/paper-2972_fault_diagnosis_in_a_2_mw_wind_turbine_drive_train_by_vibration_analysis_a_case_study.pdf,extraction_papers/ontocast_runs/run_remaining_500_gpt-5.6-luna_20260723_010000/input/paper-2972_fault_diagnosis_in_a_2_mw_wind_turbine_drive_train_by_vibration_analysis_a_case_study.pdf,hardlink
302,paper-2973,paper-2973_a_centralized_federated_learning_algorithm_based_multi_classification_predictive_maintenance.pdf,extraction_papers/paper-2973_a_centralized_federated_learning_algorithm_based_multi_classification_predictive_maintenance.pdf,extraction_papers/ontocast_runs/run_remaining_500_gpt-5.6-luna_20260723_010000/input/paper-2973_a_centralized_federated_learning_algorithm_based_multi_classification_predictive_maintenance.pdf,hardlink
303,paper-2974,paper-2974_different_approaches_to_artificial_intelligence_based_predictive_maintenance_on_an_axle_test.pdf,extraction_papers/paper-2974_different_approaches_to_artificial_intelligence_based_predictive_maintenance_on_an_axle_test.pdf,extraction_papers/ontocast_runs/run_remaining_500_gpt-5.6-luna_20260723_010000/input/paper-2974_different_approaches_to_artificial_intelligence_based_predictive_maintenance_on_an_axle_test.pdf,hardlink
304,paper-2976,paper-2976_machine_health_indicators_and_digital_twins.pdf,extraction_papers/paper-2976_machine_health_indicators_and_digital_twins.pdf,extraction_papers/ontocast_runs/run_remaining_500_gpt-5.6-luna_20260723_010000/input/paper-2976_machine_health_indicators_and_digital_twins.pdf,hardlink
305,paper-2977,paper-2977_an_intelligent_fault_diagnosis_model_for_rolling_bearings_based_on_igto_optimized_vmd_and_ls.pdf,extraction_papers/paper-2977_an_intelligent_fault_diagnosis_model_for_rolling_bearings_based_on_igto_optimized_vmd_and_ls.pdf,extraction_papers/ontocast_runs/run_remaining_500_gpt-5.6-luna_20260723_010000/input/paper-2977_an_intelligent_fault_diagnosis_model_for_rolling_bearings_based_on_igto_optimized_vmd_and_ls.pdf,hardlink
306,paper-2978,paper-2978_gearbox_fault_diagnosis_under_noise_and_variable_operating_conditions_using_multiscale_depth.pdf,extraction_papers/paper-2978_gearbox_fault_diagnosis_under_noise_and_variable_operating_conditions_using_multiscale_depth.pdf,extraction_papers/ontocast_runs/run_remaining_500_gpt-5.6-luna_20260723_010000/input/paper-2978_gearbox_fault_diagnosis_under_noise_and_variable_operating_conditions_using_multiscale_depth.pdf,hardlink
307,paper-2979,paper-2979_prediction_models_for_remaining_life_assessment_of_pressure_vessels_a_comparative_analysis_o.pdf,extraction_papers/paper-2979_prediction_models_for_remaining_life_assessment_of_pressure_vessels_a_comparative_analysis_o.pdf,extraction_papers/ontocast_runs/run_remaining_500_gpt-5.6-luna_20260723_010000/input/paper-2979_prediction_models_for_remaining_life_assessment_of_pressure_vessels_a_comparative_analysis_o.pdf,hardlink
308,paper-2982,paper-2982_analytical_and_experimental_investigation_of_nonlinear_dynamic_characteristics_of_hydrodynam.pdf,extraction_papers/paper-2982_analytical_and_experimental_investigation_of_nonlinear_dynamic_characteristics_of_hydrodynam.pdf,extraction_papers/ontocast_runs/run_remaining_500_gpt-5.6-luna_20260723_010000/input/paper-2982_analytical_and_experimental_investigation_of_nonlinear_dynamic_characteristics_of_hydrodynam.pdf,hardlink
309,paper-2986,paper-2986_predictive_maintenance_and_energy_optimization_with_ai_driven_iot_framework_in_textile_manuf.pdf,extraction_papers/paper-2986_predictive_maintenance_and_energy_optimization_with_ai_driven_iot_framework_in_textile_manuf.pdf,extraction_papers/ontocast_runs/run_remaining_500_gpt-5.6-luna_20260723_010000/input/paper-2986_predictive_maintenance_and_energy_optimization_with_ai_driven_iot_framework_in_textile_manuf.pdf,hardlink
310,paper-2987,paper-2987_enhanced_predictive_diagnostics_for_naval_equipment_integrating_myt_decomposition_for_advanc.pdf,extraction_papers/paper-2987_enhanced_predictive_diagnostics_for_naval_equipment_integrating_myt_decomposition_for_advanc.pdf,extraction_papers/ontocast_runs/run_remaining_500_gpt-5.6-luna_20260723_010000/input/paper-2987_enhanced_predictive_diagnostics_for_naval_equipment_integrating_myt_decomposition_for_advanc.pdf,hardlink
311,paper-2989,paper-2989_experimental_validation_of_remaining_useful_life_of_electronic_boards_in_complex_avionics_sy.pdf,extraction_papers/paper-2989_experimental_validation_of_remaining_useful_life_of_electronic_boards_in_complex_avionics_sy.pdf,extraction_papers/ontocast_runs/run_remaining_500_gpt-5.6-luna_20260723_010000/input/paper-2989_experimental_validation_of_remaining_useful_life_of_electronic_boards_in_complex_avionics_sy.pdf,hardlink
312,paper-2992,paper-2992_scalable_data_transformation_models_for_physics_informed_neural_networks_pinns_in_digital_tw.pdf,extraction_papers/paper-2992_scalable_data_transformation_models_for_physics_informed_neural_networks_pinns_in_digital_tw.pdf,extraction_papers/ontocast_runs/run_remaining_500_gpt-5.6-luna_20260723_010000/input/paper-2992_scalable_data_transformation_models_for_physics_informed_neural_networks_pinns_in_digital_tw.pdf,hardlink
313,paper-2994,paper-2994_enhancing_model_generalizability_in_aircraft_carbon_brake_wear_prediction_a_comparative_stud.pdf,extraction_papers/paper-2994_enhancing_model_generalizability_in_aircraft_carbon_brake_wear_prediction_a_comparative_stud.pdf,extraction_papers/ontocast_runs/run_remaining_500_gpt-5.6-luna_20260723_010000/input/paper-2994_enhancing_model_generalizability_in_aircraft_carbon_brake_wear_prediction_a_comparative_stud.pdf,hardlink
314,paper-2998,paper-2998_non_invasive_parameter_identification_of_dc_arc_models_for_mv_circuit_breaker_diagnostics.pdf,extraction_papers/paper-2998_non_invasive_parameter_identification_of_dc_arc_models_for_mv_circuit_breaker_diagnostics.pdf,extraction_papers/ontocast_runs/run_remaining_500_gpt-5.6-luna_20260723_010000/input/paper-2998_non_invasive_parameter_identification_of_dc_arc_models_for_mv_circuit_breaker_diagnostics.pdf,hardlink
315,paper-2999,paper-2999_current_and_vibration_based_detection_of_misalignment_faults_in_synchronous_reluctance_motor.pdf,extraction_papers/paper-2999_current_and_vibration_based_detection_of_misalignment_faults_in_synchronous_reluctance_motor.pdf,extraction_papers/ontocast_runs/run_remaining_500_gpt-5.6-luna_20260723_010000/input/paper-2999_current_and_vibration_based_detection_of_misalignment_faults_in_synchronous_reluctance_motor.pdf,hardlink
316,paper-3002,paper-3002_condition_based_maintenance_for_multi_component_systems_a_scalable_optimization_model_with_t.pdf,extraction_papers/paper-3002_condition_based_maintenance_for_multi_component_systems_a_scalable_optimization_model_with_t.pdf,extraction_papers/ontocast_runs/run_remaining_500_gpt-5.6-luna_20260723_010000/input/paper-3002_condition_based_maintenance_for_multi_component_systems_a_scalable_optimization_model_with_t.pdf,hardlink
317,paper-3003,paper-3003_full_scale_wind_turbine_performance_assessment_a_customised_sensor_augmented_aeroelastic_mod.pdf,extraction_papers/paper-3003_full_scale_wind_turbine_performance_assessment_a_customised_sensor_augmented_aeroelastic_mod.pdf,extraction_papers/ontocast_runs/run_remaining_500_gpt-5.6-luna_20260723_010000/input/paper-3003_full_scale_wind_turbine_performance_assessment_a_customised_sensor_augmented_aeroelastic_mod.pdf,hardlink
318,paper-3004,paper-3004_predicting_remaining_lithium_ion_battery_life_based_on_multi_cycle_time_series_models.pdf,extraction_papers/paper-3004_predicting_remaining_lithium_ion_battery_life_based_on_multi_cycle_time_series_models.pdf,extraction_papers/ontocast_runs/run_remaining_500_gpt-5.6-luna_20260723_010000/input/paper-3004_predicting_remaining_lithium_ion_battery_life_based_on_multi_cycle_time_series_models.pdf,hardlink
319,paper-3005,paper-3005_a_bayesian_optimized_stacked_long_short_term_memory_framework_for_real_time_predictive_condi.pdf,extraction_papers/paper-3005_a_bayesian_optimized_stacked_long_short_term_memory_framework_for_real_time_predictive_condi.pdf,extraction_papers/ontocast_runs/run_remaining_500_gpt-5.6-luna_20260723_010000/input/paper-3005_a_bayesian_optimized_stacked_long_short_term_memory_framework_for_real_time_predictive_condi.pdf,hardlink
320,paper-3006,paper-3006_a_multi_scale_cross_dimension_interaction_approach_with_adaptive_dilated_tcn_for_rul_predict.pdf,extraction_papers/paper-3006_a_multi_scale_cross_dimension_interaction_approach_with_adaptive_dilated_tcn_for_rul_predict.pdf,extraction_papers/ontocast_runs/run_remaining_500_gpt-5.6-luna_20260723_010000/input/paper-3006_a_multi_scale_cross_dimension_interaction_approach_with_adaptive_dilated_tcn_for_rul_predict.pdf,hardlink
321,paper-3010,paper-3010_autonomous_structural_health_monitoring_and_remaining_useful_life_estimation_of_floating_off.pdf,extraction_papers/paper-3010_autonomous_structural_health_monitoring_and_remaining_useful_life_estimation_of_floating_off.pdf,extraction_papers/ontocast_runs/run_remaining_500_gpt-5.6-luna_20260723_010000/input/paper-3010_autonomous_structural_health_monitoring_and_remaining_useful_life_estimation_of_floating_off.pdf,hardlink
322,paper-3011,paper-3011_condition_based_maintenance_for_degradation_aware_control_systems_in_continuous_manufacturin.pdf,extraction_papers/paper-3011_condition_based_maintenance_for_degradation_aware_control_systems_in_continuous_manufacturin.pdf,extraction_papers/ontocast_runs/run_remaining_500_gpt-5.6-luna_20260723_010000/input/paper-3011_condition_based_maintenance_for_degradation_aware_control_systems_in_continuous_manufacturin.pdf,hardlink
323,paper-3012,paper-3012_proposal_for_a_sustainable_model_for_integrating_robotic_process_automation_and_machine_lear.pdf,extraction_papers/paper-3012_proposal_for_a_sustainable_model_for_integrating_robotic_process_automation_and_machine_lear.pdf,extraction_papers/ontocast_runs/run_remaining_500_gpt-5.6-luna_20260723_010000/input/paper-3012_proposal_for_a_sustainable_model_for_integrating_robotic_process_automation_and_machine_lear.pdf,hardlink
324,paper-3013,paper-3013_xgboost_based_power_grid_fault_prediction_with_feature_enhancement_application_to_meteorolog.pdf,extraction_papers/paper-3013_xgboost_based_power_grid_fault_prediction_with_feature_enhancement_application_to_meteorolog.pdf,extraction_papers/ontocast_runs/run_remaining_500_gpt-5.6-luna_20260723_010000/input/paper-3013_xgboost_based_power_grid_fault_prediction_with_feature_enhancement_application_to_meteorolog.pdf,hardlink
325,paper-3015,paper-3015_diagnostics_and_prognostics_of_boilers_in_power_plant_based_on_data_driven_and_machine_learn.pdf,extraction_papers/paper-3015_diagnostics_and_prognostics_of_boilers_in_power_plant_based_on_data_driven_and_machine_learn.pdf,extraction_papers/ontocast_runs/run_remaining_500_gpt-5.6-luna_20260723_010000/input/paper-3015_diagnostics_and_prognostics_of_boilers_in_power_plant_based_on_data_driven_and_machine_learn.pdf,hardlink
326,paper-3017,paper-3017_a_computationally_efficient_method_for_the_diagnosis_of_defects_in_rolling_bearings_based_on.pdf,extraction_papers/paper-3017_a_computationally_efficient_method_for_the_diagnosis_of_defects_in_rolling_bearings_based_on.pdf,extraction_papers/ontocast_runs/run_remaining_500_gpt-5.6-luna_20260723_010000/input/paper-3017_a_computationally_efficient_method_for_the_diagnosis_of_defects_in_rolling_bearings_based_on.pdf,hardlink
327,paper-3020,paper-3020_a_scalable_fog_computing_solution_for_industrial_predictive_maintenance_and_customization.pdf,extraction_papers/paper-3020_a_scalable_fog_computing_solution_for_industrial_predictive_maintenance_and_customization.pdf,extraction_papers/ontocast_runs/run_remaining_500_gpt-5.6-luna_20260723_010000/input/paper-3020_a_scalable_fog_computing_solution_for_industrial_predictive_maintenance_and_customization.pdf,hardlink
328,paper-3024,paper-3024_an_online_equivalent_series_resistance_estimation_method_for_output_capacitor_of_buck_conver.pdf,extraction_papers/paper-3024_an_online_equivalent_series_resistance_estimation_method_for_output_capacitor_of_buck_conver.pdf,extraction_papers/ontocast_runs/run_remaining_500_gpt-5.6-luna_20260723_010000/input/paper-3024_an_online_equivalent_series_resistance_estimation_method_for_output_capacitor_of_buck_conver.pdf,hardlink
329,paper-3025,paper-3025_smart_railways_ai_based_track_side_monitoring_for_wheel_flat_identification.pdf,extraction_papers/paper-3025_smart_railways_ai_based_track_side_monitoring_for_wheel_flat_identification.pdf,extraction_papers/ontocast_runs/run_remaining_500_gpt-5.6-luna_20260723_010000/input/paper-3025_smart_railways_ai_based_track_side_monitoring_for_wheel_flat_identification.pdf,hardlink
330,paper-3026,paper-3026_machine_learning_based_predictive_maintenance_enhancing_industrial_reliability_through_data.pdf,extraction_papers/paper-3026_machine_learning_based_predictive_maintenance_enhancing_industrial_reliability_through_data.pdf,extraction_papers/ontocast_runs/run_remaining_500_gpt-5.6-luna_20260723_010000/input/paper-3026_machine_learning_based_predictive_maintenance_enhancing_industrial_reliability_through_data.pdf,hardlink
331,paper-3027,paper-3027_remaining_useful_life_prediction_with_uncertainty_quantification_using_evidential_deep_learn.pdf,extraction_papers/paper-3027_remaining_useful_life_prediction_with_uncertainty_quantification_using_evidential_deep_learn.pdf,extraction_papers/ontocast_runs/run_remaining_500_gpt-5.6-luna_20260723_010000/input/paper-3027_remaining_useful_life_prediction_with_uncertainty_quantification_using_evidential_deep_learn.pdf,hardlink
332,paper-3028,paper-3028_a_fast_time_domain_identification_of_bushing_dynamics.pdf,extraction_papers/paper-3028_a_fast_time_domain_identification_of_bushing_dynamics.pdf,extraction_papers/ontocast_runs/run_remaining_500_gpt-5.6-luna_20260723_010000/input/paper-3028_a_fast_time_domain_identification_of_bushing_dynamics.pdf,hardlink
333,paper-3029,paper-3029_residual_life_prediction_of_sa_cnn_bilstm_aero_engine_based_on_a_multichannel_hybrid_network.pdf,extraction_papers/paper-3029_residual_life_prediction_of_sa_cnn_bilstm_aero_engine_based_on_a_multichannel_hybrid_network.pdf,extraction_papers/ontocast_runs/run_remaining_500_gpt-5.6-luna_20260723_010000/input/paper-3029_residual_life_prediction_of_sa_cnn_bilstm_aero_engine_based_on_a_multichannel_hybrid_network.pdf,hardlink
334,paper-3031,paper-3031_a_novel_fuzzy_approach_for_winding_paper_insulation_health_monitoring_of_oil_immersed_power.pdf,extraction_papers/paper-3031_a_novel_fuzzy_approach_for_winding_paper_insulation_health_monitoring_of_oil_immersed_power.pdf,extraction_papers/ontocast_runs/run_remaining_500_gpt-5.6-luna_20260723_010000/input/paper-3031_a_novel_fuzzy_approach_for_winding_paper_insulation_health_monitoring_of_oil_immersed_power.pdf,hardlink
335,paper-3032,paper-3032_comparative_analysis_of_the_effect_of_rotor_faults_in_the_performance_of_low_speed_high_torq.pdf,extraction_papers/paper-3032_comparative_analysis_of_the_effect_of_rotor_faults_in_the_performance_of_low_speed_high_torq.pdf,extraction_papers/ontocast_runs/run_remaining_500_gpt-5.6-luna_20260723_010000/input/paper-3032_comparative_analysis_of_the_effect_of_rotor_faults_in_the_performance_of_low_speed_high_torq.pdf,hardlink
336,paper-3033,paper-3033_implementation_of_an_intelligent_process_monitoring_system_for_screw_presses_using_the_crisp.pdf,extraction_papers/paper-3033_implementation_of_an_intelligent_process_monitoring_system_for_screw_presses_using_the_crisp.pdf,extraction_papers/ontocast_runs/run_remaining_500_gpt-5.6-luna_20260723_010000/input/paper-3033_implementation_of_an_intelligent_process_monitoring_system_for_screw_presses_using_the_crisp.pdf,hardlink
337,paper-3034,paper-3034_energy_efficient_vlsi_architecture_for_time_multiplexed_vibration_feature_extraction_and_fuz.pdf,extraction_papers/paper-3034_energy_efficient_vlsi_architecture_for_time_multiplexed_vibration_feature_extraction_and_fuz.pdf,extraction_papers/ontocast_runs/run_remaining_500_gpt-5.6-luna_20260723_010000/input/paper-3034_energy_efficient_vlsi_architecture_for_time_multiplexed_vibration_feature_extraction_and_fuz.pdf,hardlink
338,paper-3035,paper-3035_fault_diagnostics_of_synchronous_motor_based_on_artificial_intelligence.pdf,extraction_papers/paper-3035_fault_diagnostics_of_synchronous_motor_based_on_artificial_intelligence.pdf,extraction_papers/ontocast_runs/run_remaining_500_gpt-5.6-luna_20260723_010000/input/paper-3035_fault_diagnostics_of_synchronous_motor_based_on_artificial_intelligence.pdf,hardlink
339,paper-3036,paper-3036_random_forest_grid_fault_prediction_based_on_genetic_algorithm_optimization.pdf,extraction_papers/paper-3036_random_forest_grid_fault_prediction_based_on_genetic_algorithm_optimization.pdf,extraction_papers/ontocast_runs/run_remaining_500_gpt-5.6-luna_20260723_010000/input/paper-3036_random_forest_grid_fault_prediction_based_on_genetic_algorithm_optimization.pdf,hardlink
340,paper-3037,paper-3037_artificial_intelligence_based_fault_diagnosis_for_steam_traps_using_statistical_time_series.pdf,extraction_papers/paper-3037_artificial_intelligence_based_fault_diagnosis_for_steam_traps_using_statistical_time_series.pdf,extraction_papers/ontocast_runs/run_remaining_500_gpt-5.6-luna_20260723_010000/input/paper-3037_artificial_intelligence_based_fault_diagnosis_for_steam_traps_using_statistical_time_series.pdf,hardlink
341,paper-3038,paper-3038_fault_risk_assessment_of_transmission_lines_under_extreme_weather_conditions_based_on_geneti.pdf,extraction_papers/paper-3038_fault_risk_assessment_of_transmission_lines_under_extreme_weather_conditions_based_on_geneti.pdf,extraction_papers/ontocast_runs/run_remaining_500_gpt-5.6-luna_20260723_010000/input/paper-3038_fault_risk_assessment_of_transmission_lines_under_extreme_weather_conditions_based_on_geneti.pdf,hardlink
342,paper-3039,paper-3039_enhanced_fault_prediction_for_synchronous_condensers_using_llm_optimized_wavelet_packet_tran.pdf,extraction_papers/paper-3039_enhanced_fault_prediction_for_synchronous_condensers_using_llm_optimized_wavelet_packet_tran.pdf,extraction_papers/ontocast_runs/run_remaining_500_gpt-5.6-luna_20260723_010000/input/paper-3039_enhanced_fault_prediction_for_synchronous_condensers_using_llm_optimized_wavelet_packet_tran.pdf,hardlink
343,paper-3040,paper-3040_fault_resilient_manufacturing_scheduling_with_deep_learning_and_constraint_solvers.pdf,extraction_papers/paper-3040_fault_resilient_manufacturing_scheduling_with_deep_learning_and_constraint_solvers.pdf,extraction_papers/ontocast_runs/run_remaining_500_gpt-5.6-luna_20260723_010000/input/paper-3040_fault_resilient_manufacturing_scheduling_with_deep_learning_and_constraint_solvers.pdf,hardlink
344,paper-3042,paper-3042_enhancing_predictive_maintenance_strategies_for_oil_and_gas_equipment_through_ensemble_learn.pdf,extraction_papers/paper-3042_enhancing_predictive_maintenance_strategies_for_oil_and_gas_equipment_through_ensemble_learn.pdf,extraction_papers/ontocast_runs/run_remaining_500_gpt-5.6-luna_20260723_010000/input/paper-3042_enhancing_predictive_maintenance_strategies_for_oil_and_gas_equipment_through_ensemble_learn.pdf,hardlink
345,paper-3043,paper-3043_emphasizing_on_the_envelope_spectra_of_hydraulic_turbomachinery_vibration_response_towards_c.pdf,extraction_papers/paper-3043_emphasizing_on_the_envelope_spectra_of_hydraulic_turbomachinery_vibration_response_towards_c.pdf,extraction_papers/ontocast_runs/run_remaining_500_gpt-5.6-luna_20260723_010000/input/paper-3043_emphasizing_on_the_envelope_spectra_of_hydraulic_turbomachinery_vibration_response_towards_c.pdf,hardlink
346,paper-3044,paper-3044_combining_sensor_fusion_and_a_machine_learning_framework_for_accurate_tool_wear_prediction_d.pdf,extraction_papers/paper-3044_combining_sensor_fusion_and_a_machine_learning_framework_for_accurate_tool_wear_prediction_d.pdf,extraction_papers/ontocast_runs/run_remaining_500_gpt-5.6-luna_20260723_010000/input/paper-3044_combining_sensor_fusion_and_a_machine_learning_framework_for_accurate_tool_wear_prediction_d.pdf,hardlink
347,paper-3046,paper-3046_a_comparative_study_of_deep_learning_model_based_equipment_fault_diagnosis_and_prognosis.pdf,extraction_papers/paper-3046_a_comparative_study_of_deep_learning_model_based_equipment_fault_diagnosis_and_prognosis.pdf,extraction_papers/ontocast_runs/run_remaining_500_gpt-5.6-luna_20260723_010000/input/paper-3046_a_comparative_study_of_deep_learning_model_based_equipment_fault_diagnosis_and_prognosis.pdf,hardlink
348,paper-3050,paper-3050_autonomous_structural_health_monitoring_and_remaining_useful_life_estimation_of_floating_off.pdf,extraction_papers/paper-3050_autonomous_structural_health_monitoring_and_remaining_useful_life_estimation_of_floating_off.pdf,extraction_papers/ontocast_runs/run_remaining_500_gpt-5.6-luna_20260723_010000/input/paper-3050_autonomous_structural_health_monitoring_and_remaining_useful_life_estimation_of_floating_off.pdf,hardlink
349,paper-3053,paper-3053_ai_driven_iot_enabled_uav_inspection_framework_for_predictive_maintenance_and_sustainable_op.pdf,extraction_papers/paper-3053_ai_driven_iot_enabled_uav_inspection_framework_for_predictive_maintenance_and_sustainable_op.pdf,extraction_papers/ontocast_runs/run_remaining_500_gpt-5.6-luna_20260723_010000/input/paper-3053_ai_driven_iot_enabled_uav_inspection_framework_for_predictive_maintenance_and_sustainable_op.pdf,hardlink
350,paper-3056,paper-3056_dynamic_classifier_auditing_by_unsupervised_anomaly_detection_methods_an_application_in_pack.pdf,extraction_papers/paper-3056_dynamic_classifier_auditing_by_unsupervised_anomaly_detection_methods_an_application_in_pack.pdf,extraction_papers/ontocast_runs/run_remaining_500_gpt-5.6-luna_20260723_010000/input/paper-3056_dynamic_classifier_auditing_by_unsupervised_anomaly_detection_methods_an_application_in_pack.pdf,hardlink
351,paper-3058,paper-3058_research_on_fault_prediction_and_speed_control_system_for_unmanned_combine_harvesters_based.pdf,extraction_papers/paper-3058_research_on_fault_prediction_and_speed_control_system_for_unmanned_combine_harvesters_based.pdf,extraction_papers/ontocast_runs/run_remaining_500_gpt-5.6-luna_20260723_010000/input/paper-3058_research_on_fault_prediction_and_speed_control_system_for_unmanned_combine_harvesters_based.pdf,hardlink
352,paper-3064,paper-3064_predictive_maintenance_algorithm_of_a_six_dof_robotic_arm_using_gradient_boosting_regression.pdf,extraction_papers/paper-3064_predictive_maintenance_algorithm_of_a_six_dof_robotic_arm_using_gradient_boosting_regression.pdf,extraction_papers/ontocast_runs/run_remaining_500_gpt-5.6-luna_20260723_010000/input/paper-3064_predictive_maintenance_algorithm_of_a_six_dof_robotic_arm_using_gradient_boosting_regression.pdf,hardlink
353,paper-3066,paper-3066_implementation_of_machine_learning_methods_in_predicting_failures_in_electrical_submersible.pdf,extraction_papers/paper-3066_implementation_of_machine_learning_methods_in_predicting_failures_in_electrical_submersible.pdf,extraction_papers/ontocast_runs/run_remaining_500_gpt-5.6-luna_20260723_010000/input/paper-3066_implementation_of_machine_learning_methods_in_predicting_failures_in_electrical_submersible.pdf,hardlink
354,paper-3069,paper-3069_combined_improved_tuna_swarm_optimization_with_graph_convolutional_neural_network_for_remain.pdf,extraction_papers/paper-3069_combined_improved_tuna_swarm_optimization_with_graph_convolutional_neural_network_for_remain.pdf,extraction_papers/ontocast_runs/run_remaining_500_gpt-5.6-luna_20260723_010000/input/paper-3069_combined_improved_tuna_swarm_optimization_with_graph_convolutional_neural_network_for_remain.pdf,hardlink
355,paper-3071,paper-3071_predictive_maintenance_and_fault_detection_for_motor_drive_control_systems_in_industrial_rob.pdf,extraction_papers/paper-3071_predictive_maintenance_and_fault_detection_for_motor_drive_control_systems_in_industrial_rob.pdf,extraction_papers/ontocast_runs/run_remaining_500_gpt-5.6-luna_20260723_010000/input/paper-3071_predictive_maintenance_and_fault_detection_for_motor_drive_control_systems_in_industrial_rob.pdf,hardlink
356,paper-3072,paper-3072_design_and_experimental_validation_of_a_multiphysics_twin_of_a_high_voltage_ev_motor.pdf,extraction_papers/paper-3072_design_and_experimental_validation_of_a_multiphysics_twin_of_a_high_voltage_ev_motor.pdf,extraction_papers/ontocast_runs/run_remaining_500_gpt-5.6-luna_20260723_010000/input/paper-3072_design_and_experimental_validation_of_a_multiphysics_twin_of_a_high_voltage_ev_motor.pdf,hardlink
357,paper-3073,paper-3073_adaptive_anomaly_detection_of_rolling_bearings_based_on_an_improved_auto_encoder.pdf,extraction_papers/paper-3073_adaptive_anomaly_detection_of_rolling_bearings_based_on_an_improved_auto_encoder.pdf,extraction_papers/ontocast_runs/run_remaining_500_gpt-5.6-luna_20260723_010000/input/paper-3073_adaptive_anomaly_detection_of_rolling_bearings_based_on_an_improved_auto_encoder.pdf,hardlink
358,paper-3075,paper-3075_bearing_fault_diagnosis_based_on_vibration_envelope_spectral_characteristics.pdf,extraction_papers/paper-3075_bearing_fault_diagnosis_based_on_vibration_envelope_spectral_characteristics.pdf,extraction_papers/ontocast_runs/run_remaining_500_gpt-5.6-luna_20260723_010000/input/paper-3075_bearing_fault_diagnosis_based_on_vibration_envelope_spectral_characteristics.pdf,hardlink
359,paper-3078,paper-3078_interpretable_transformer_based_vibration_analysis_for_anomaly_detection_in_industrial_syste.pdf,extraction_papers/paper-3078_interpretable_transformer_based_vibration_analysis_for_anomaly_detection_in_industrial_syste.pdf,extraction_papers/ontocast_runs/run_remaining_500_gpt-5.6-luna_20260723_010000/input/paper-3078_interpretable_transformer_based_vibration_analysis_for_anomaly_detection_in_industrial_syste.pdf,hardlink
360,paper-3079,paper-3079_life_prediction_of_nc_machine_tools_based_on_dt_technology_and_lstm_technology.pdf,extraction_papers/paper-3079_life_prediction_of_nc_machine_tools_based_on_dt_technology_and_lstm_technology.pdf,extraction_papers/ontocast_runs/run_remaining_500_gpt-5.6-luna_20260723_010000/input/paper-3079_life_prediction_of_nc_machine_tools_based_on_dt_technology_and_lstm_technology.pdf,hardlink
361,paper-3081,paper-3081_improving_electric_vehicle_maintenance_by_advanced_prediction_of_failure_modes_using_machine.pdf,extraction_papers/paper-3081_improving_electric_vehicle_maintenance_by_advanced_prediction_of_failure_modes_using_machine.pdf,extraction_papers/ontocast_runs/run_remaining_500_gpt-5.6-luna_20260723_010000/input/paper-3081_improving_electric_vehicle_maintenance_by_advanced_prediction_of_failure_modes_using_machine.pdf,hardlink
362,paper-3083,paper-3083_rl_based_vibration_aware_path_planning_for_mobile_robots_health_and_safety.pdf,extraction_papers/paper-3083_rl_based_vibration_aware_path_planning_for_mobile_robots_health_and_safety.pdf,extraction_papers/ontocast_runs/run_remaining_500_gpt-5.6-luna_20260723_010000/input/paper-3083_rl_based_vibration_aware_path_planning_for_mobile_robots_health_and_safety.pdf,hardlink
363,paper-3089,paper-3089_enterprise_wide_data_integration_for_smart_maintenance_a_scalable_architecture_for_predictiv.pdf,extraction_papers/paper-3089_enterprise_wide_data_integration_for_smart_maintenance_a_scalable_architecture_for_predictiv.pdf,extraction_papers/ontocast_runs/run_remaining_500_gpt-5.6-luna_20260723_010000/input/paper-3089_enterprise_wide_data_integration_for_smart_maintenance_a_scalable_architecture_for_predictiv.pdf,hardlink
364,paper-3092,paper-3092_ensemble_based_model_agnostic_meta_learning_with_operational_grouping_for_intelligent_sensor.pdf,extraction_papers/paper-3092_ensemble_based_model_agnostic_meta_learning_with_operational_grouping_for_intelligent_sensor.pdf,extraction_papers/ontocast_runs/run_remaining_500_gpt-5.6-luna_20260723_010000/input/paper-3092_ensemble_based_model_agnostic_meta_learning_with_operational_grouping_for_intelligent_sensor.pdf,hardlink
365,paper-3093,paper-3093_remaining_useful_life_prediction_of_thyristors_for_uhvdc_converter_valve_based_on_bivariate.pdf,extraction_papers/paper-3093_remaining_useful_life_prediction_of_thyristors_for_uhvdc_converter_valve_based_on_bivariate.pdf,extraction_papers/ontocast_runs/run_remaining_500_gpt-5.6-luna_20260723_010000/input/paper-3093_remaining_useful_life_prediction_of_thyristors_for_uhvdc_converter_valve_based_on_bivariate.pdf,hardlink
366,paper-3094,paper-3094_adaptive_adjustment_graph_representation_learning_method_for_rotating_machinery_fault_diagno.pdf,extraction_papers/paper-3094_adaptive_adjustment_graph_representation_learning_method_for_rotating_machinery_fault_diagno.pdf,extraction_papers/ontocast_runs/run_remaining_500_gpt-5.6-luna_20260723_010000/input/paper-3094_adaptive_adjustment_graph_representation_learning_method_for_rotating_machinery_fault_diagno.pdf,hardlink
367,paper-3095,paper-3095_a_temporal_convolutional_network_bidirectional_long_short_term_memory_tcn_bilstm_prediction.pdf,extraction_papers/paper-3095_a_temporal_convolutional_network_bidirectional_long_short_term_memory_tcn_bilstm_prediction.pdf,extraction_papers/ontocast_runs/run_remaining_500_gpt-5.6-luna_20260723_010000/input/paper-3095_a_temporal_convolutional_network_bidirectional_long_short_term_memory_tcn_bilstm_prediction.pdf,hardlink
368,paper-3097,paper-3097_challenges_of_achieving_digital_transformation_in_manufacturing_firms_the_case_of_predictive.pdf,extraction_papers/paper-3097_challenges_of_achieving_digital_transformation_in_manufacturing_firms_the_case_of_predictive.pdf,extraction_papers/ontocast_runs/run_remaining_500_gpt-5.6-luna_20260723_010000/input/paper-3097_challenges_of_achieving_digital_transformation_in_manufacturing_firms_the_case_of_predictive.pdf,hardlink
369,paper-3107,paper-3107_distributed_parameter_identification_framework_based_on_intelligent_algorithms_for_permanent.pdf,extraction_papers/paper-3107_distributed_parameter_identification_framework_based_on_intelligent_algorithms_for_permanent.pdf,extraction_papers/ontocast_runs/run_remaining_500_gpt-5.6-luna_20260723_010000/input/paper-3107_distributed_parameter_identification_framework_based_on_intelligent_algorithms_for_permanent.pdf,hardlink
370,paper-3110,paper-3110_charging_pile_fault_prediction_model_based_on_gru_network_and_woa.pdf,extraction_papers/paper-3110_charging_pile_fault_prediction_model_based_on_gru_network_and_woa.pdf,extraction_papers/ontocast_runs/run_remaining_500_gpt-5.6-luna_20260723_010000/input/paper-3110_charging_pile_fault_prediction_model_based_on_gru_network_and_woa.pdf,hardlink
371,paper-3113,paper-3113_rul_prediction_of_rolling_bearings_based_on_fruit_fly_optimization_algorithm_optimized_cnn_l.pdf,extraction_papers/paper-3113_rul_prediction_of_rolling_bearings_based_on_fruit_fly_optimization_algorithm_optimized_cnn_l.pdf,extraction_papers/ontocast_runs/run_remaining_500_gpt-5.6-luna_20260723_010000/input/paper-3113_rul_prediction_of_rolling_bearings_based_on_fruit_fly_optimization_algorithm_optimized_cnn_l.pdf,hardlink
372,paper-3118,paper-3118_cost_efficiency_and_cost_effectiveness_of_xai_in_predictive_maintenance.pdf,extraction_papers/paper-3118_cost_efficiency_and_cost_effectiveness_of_xai_in_predictive_maintenance.pdf,extraction_papers/ontocast_runs/run_remaining_500_gpt-5.6-luna_20260723_010000/input/paper-3118_cost_efficiency_and_cost_effectiveness_of_xai_in_predictive_maintenance.pdf,hardlink
373,paper-3120,paper-3120_a_multivariate_spatiotemporal_feature_fusion_network_for_wind_turbine_gearbox_condition_moni.pdf,extraction_papers/paper-3120_a_multivariate_spatiotemporal_feature_fusion_network_for_wind_turbine_gearbox_condition_moni.pdf,extraction_papers/ontocast_runs/run_remaining_500_gpt-5.6-luna_20260723_010000/input/paper-3120_a_multivariate_spatiotemporal_feature_fusion_network_for_wind_turbine_gearbox_condition_moni.pdf,hardlink
374,paper-3122,paper-3122_introduction_to_predictive_maintenance_application_using_machine_learning_the_case_of_the_in.pdf,extraction_papers/paper-3122_introduction_to_predictive_maintenance_application_using_machine_learning_the_case_of_the_in.pdf,extraction_papers/ontocast_runs/run_remaining_500_gpt-5.6-luna_20260723_010000/input/paper-3122_introduction_to_predictive_maintenance_application_using_machine_learning_the_case_of_the_in.pdf,hardlink
375,paper-3125,paper-3125_a_battery_degradation_aware_energy_management_system_for_agricultural_microgrids.pdf,extraction_papers/paper-3125_a_battery_degradation_aware_energy_management_system_for_agricultural_microgrids.pdf,extraction_papers/ontocast_runs/run_remaining_500_gpt-5.6-luna_20260723_010000/input/paper-3125_a_battery_degradation_aware_energy_management_system_for_agricultural_microgrids.pdf,hardlink
376,paper-3129,paper-3129_a_weighted_transfer_domain_adaptation_network_applied_to_unmanned_aerial_vehicle_fault_diagn.pdf,extraction_papers/paper-3129_a_weighted_transfer_domain_adaptation_network_applied_to_unmanned_aerial_vehicle_fault_diagn.pdf,extraction_papers/ontocast_runs/run_remaining_500_gpt-5.6-luna_20260723_010000/input/paper-3129_a_weighted_transfer_domain_adaptation_network_applied_to_unmanned_aerial_vehicle_fault_diagn.pdf,hardlink
377,paper-3136,paper-3136_condition_monitoring_and_fault_diagnosis_of_flyback_switching_power_supply.pdf,extraction_papers/paper-3136_condition_monitoring_and_fault_diagnosis_of_flyback_switching_power_supply.pdf,extraction_papers/ontocast_runs/run_remaining_500_gpt-5.6-luna_20260723_010000/input/paper-3136_condition_monitoring_and_fault_diagnosis_of_flyback_switching_power_supply.pdf,hardlink
378,paper-3137,paper-3137_a_physical_knowledge_guided_and_data_driven_framework_for_remaining_useful_life_prediction_t.pdf,extraction_papers/paper-3137_a_physical_knowledge_guided_and_data_driven_framework_for_remaining_useful_life_prediction_t.pdf,extraction_papers/ontocast_runs/run_remaining_500_gpt-5.6-luna_20260723_010000/input/paper-3137_a_physical_knowledge_guided_and_data_driven_framework_for_remaining_useful_life_prediction_t.pdf,hardlink
379,paper-3138,paper-3138_a_machine_learning_implementation_to_predictive_maintenance_and_monitoring_of_industrial_com.pdf,extraction_papers/paper-3138_a_machine_learning_implementation_to_predictive_maintenance_and_monitoring_of_industrial_com.pdf,extraction_papers/ontocast_runs/run_remaining_500_gpt-5.6-luna_20260723_010000/input/paper-3138_a_machine_learning_implementation_to_predictive_maintenance_and_monitoring_of_industrial_com.pdf,hardlink
380,paper-3141,paper-3141_convolutional_lstm_neural_network_autoencoder_based_fault_detection_in_manufacturing_predict.pdf,extraction_papers/paper-3141_convolutional_lstm_neural_network_autoencoder_based_fault_detection_in_manufacturing_predict.pdf,extraction_papers/ontocast_runs/run_remaining_500_gpt-5.6-luna_20260723_010000/input/paper-3141_convolutional_lstm_neural_network_autoencoder_based_fault_detection_in_manufacturing_predict.pdf,hardlink
381,paper-3143,paper-3143_a_signal_pattern_extraction_method_useful_for_monitoring_the_condition_of_actuated_mechanica.pdf,extraction_papers/paper-3143_a_signal_pattern_extraction_method_useful_for_monitoring_the_condition_of_actuated_mechanica.pdf,extraction_papers/ontocast_runs/run_remaining_500_gpt-5.6-luna_20260723_010000/input/paper-3143_a_signal_pattern_extraction_method_useful_for_monitoring_the_condition_of_actuated_mechanica.pdf,hardlink
382,paper-3145,paper-3145_fault_prediction_modeling_for_high_impact_recorders_based_on_ipso_svm.pdf,extraction_papers/paper-3145_fault_prediction_modeling_for_high_impact_recorders_based_on_ipso_svm.pdf,extraction_papers/ontocast_runs/run_remaining_500_gpt-5.6-luna_20260723_010000/input/paper-3145_fault_prediction_modeling_for_high_impact_recorders_based_on_ipso_svm.pdf,hardlink
383,paper-3147,paper-3147_fault_diagnosis_and_remaining_life_prediction_of_key_industrial_equipment_based_on_machine_l.pdf,extraction_papers/paper-3147_fault_diagnosis_and_remaining_life_prediction_of_key_industrial_equipment_based_on_machine_l.pdf,extraction_papers/ontocast_runs/run_remaining_500_gpt-5.6-luna_20260723_010000/input/paper-3147_fault_diagnosis_and_remaining_life_prediction_of_key_industrial_equipment_based_on_machine_l.pdf,hardlink
384,paper-3150,paper-3150_cooperative_hybrid_modelling_and_dimensionality_reduction_for_a_failure_monitoring_applicati.pdf,extraction_papers/paper-3150_cooperative_hybrid_modelling_and_dimensionality_reduction_for_a_failure_monitoring_applicati.pdf,extraction_papers/ontocast_runs/run_remaining_500_gpt-5.6-luna_20260723_010000/input/paper-3150_cooperative_hybrid_modelling_and_dimensionality_reduction_for_a_failure_monitoring_applicati.pdf,hardlink
385,paper-3151,paper-3151_advanced_deep_learning_based_predictive_maintenance_of_dc_microgrids_correlative_analysis.pdf,extraction_papers/paper-3151_advanced_deep_learning_based_predictive_maintenance_of_dc_microgrids_correlative_analysis.pdf,extraction_papers/ontocast_runs/run_remaining_500_gpt-5.6-luna_20260723_010000/input/paper-3151_advanced_deep_learning_based_predictive_maintenance_of_dc_microgrids_correlative_analysis.pdf,hardlink
386,paper-3152,paper-3152_cutting_force_estimation_using_milling_spindle_vibration_based_machine_learning.pdf,extraction_papers/paper-3152_cutting_force_estimation_using_milling_spindle_vibration_based_machine_learning.pdf,extraction_papers/ontocast_runs/run_remaining_500_gpt-5.6-luna_20260723_010000/input/paper-3152_cutting_force_estimation_using_milling_spindle_vibration_based_machine_learning.pdf,hardlink
387,paper-3153,paper-3153_audible_noise_evaluation_in_wind_turbines_through_artificial_intelligence_techniques.pdf,extraction_papers/paper-3153_audible_noise_evaluation_in_wind_turbines_through_artificial_intelligence_techniques.pdf,extraction_papers/ontocast_runs/run_remaining_500_gpt-5.6-luna_20260723_010000/input/paper-3153_audible_noise_evaluation_in_wind_turbines_through_artificial_intelligence_techniques.pdf,hardlink
388,paper-3154,paper-3154_state_transition_classification_for_predictive_maintenance_using_thermal_images_and_deep_lea.pdf,extraction_papers/paper-3154_state_transition_classification_for_predictive_maintenance_using_thermal_images_and_deep_lea.pdf,extraction_papers/ontocast_runs/run_remaining_500_gpt-5.6-luna_20260723_010000/input/paper-3154_state_transition_classification_for_predictive_maintenance_using_thermal_images_and_deep_lea.pdf,hardlink
389,paper-3156,paper-3156_a_noise_reduction_algorithm_for_white_noise_and_periodic_narrowband_interference_noise_in_pa.pdf,extraction_papers/paper-3156_a_noise_reduction_algorithm_for_white_noise_and_periodic_narrowband_interference_noise_in_pa.pdf,extraction_papers/ontocast_runs/run_remaining_500_gpt-5.6-luna_20260723_010000/input/paper-3156_a_noise_reduction_algorithm_for_white_noise_and_periodic_narrowband_interference_noise_in_pa.pdf,hardlink
390,paper-3157,paper-3157_condition_monitoring_of_grinding_wheels_potential_of_internal_control_signals.pdf,extraction_papers/paper-3157_condition_monitoring_of_grinding_wheels_potential_of_internal_control_signals.pdf,extraction_papers/ontocast_runs/run_remaining_500_gpt-5.6-luna_20260723_010000/input/paper-3157_condition_monitoring_of_grinding_wheels_potential_of_internal_control_signals.pdf,hardlink
391,paper-3159,paper-3159_battery_prognostics_and_health_management_ai_and_big_data.pdf,extraction_papers/paper-3159_battery_prognostics_and_health_management_ai_and_big_data.pdf,extraction_papers/ontocast_runs/run_remaining_500_gpt-5.6-luna_20260723_010000/input/paper-3159_battery_prognostics_and_health_management_ai_and_big_data.pdf,hardlink
392,paper-3166,paper-3166_remaining_useful_life_prediction_of_rolling_bearings_based_on_cbam_cnn_lstm.pdf,extraction_papers/paper-3166_remaining_useful_life_prediction_of_rolling_bearings_based_on_cbam_cnn_lstm.pdf,extraction_papers/ontocast_runs/run_remaining_500_gpt-5.6-luna_20260723_010000/input/paper-3166_remaining_useful_life_prediction_of_rolling_bearings_based_on_cbam_cnn_lstm.pdf,hardlink
393,paper-3170,paper-3170_rpm_etc_a_risk_prediction_model_for_elevators_based_on_transformer_and_self_temporal_compres.pdf,extraction_papers/paper-3170_rpm_etc_a_risk_prediction_model_for_elevators_based_on_transformer_and_self_temporal_compres.pdf,extraction_papers/ontocast_runs/run_remaining_500_gpt-5.6-luna_20260723_010000/input/paper-3170_rpm_etc_a_risk_prediction_model_for_elevators_based_on_transformer_and_self_temporal_compres.pdf,hardlink
394,paper-3172,paper-3172_maintenance_optimization_for_multi_component_systems_with_a_single_sensor.pdf,extraction_papers/paper-3172_maintenance_optimization_for_multi_component_systems_with_a_single_sensor.pdf,extraction_papers/ontocast_runs/run_remaining_500_gpt-5.6-luna_20260723_010000/input/paper-3172_maintenance_optimization_for_multi_component_systems_with_a_single_sensor.pdf,hardlink
395,paper-3174,paper-3174_machine_condition_monitoring_system_based_on_edge_computing_technology.pdf,extraction_papers/paper-3174_machine_condition_monitoring_system_based_on_edge_computing_technology.pdf,extraction_papers/ontocast_runs/run_remaining_500_gpt-5.6-luna_20260723_010000/input/paper-3174_machine_condition_monitoring_system_based_on_edge_computing_technology.pdf,hardlink
396,paper-3175,paper-3175_optimal_imperfect_predictive_maintenance_based_on_interval_remaining_useful_life_prediction.pdf,extraction_papers/paper-3175_optimal_imperfect_predictive_maintenance_based_on_interval_remaining_useful_life_prediction.pdf,extraction_papers/ontocast_runs/run_remaining_500_gpt-5.6-luna_20260723_010000/input/paper-3175_optimal_imperfect_predictive_maintenance_based_on_interval_remaining_useful_life_prediction.pdf,hardlink
397,paper-3176,paper-3176_investigation_of_engine_lubrication_oil_quality_using_a_support_vector_machine_and_electroni.pdf,extraction_papers/paper-3176_investigation_of_engine_lubrication_oil_quality_using_a_support_vector_machine_and_electroni.pdf,extraction_papers/ontocast_runs/run_remaining_500_gpt-5.6-luna_20260723_010000/input/paper-3176_investigation_of_engine_lubrication_oil_quality_using_a_support_vector_machine_and_electroni.pdf,hardlink
398,paper-3182,paper-3182_comparison_and_optimization_of_generalized_stamping_machine_fault_diagnosis_models_using_var.pdf,extraction_papers/paper-3182_comparison_and_optimization_of_generalized_stamping_machine_fault_diagnosis_models_using_var.pdf,extraction_papers/ontocast_runs/run_remaining_500_gpt-5.6-luna_20260723_010000/input/paper-3182_comparison_and_optimization_of_generalized_stamping_machine_fault_diagnosis_models_using_var.pdf,hardlink
399,paper-3184,paper-3184_ttsnet_transformer_temporal_convolutional_network_self_attention_with_feature_fusion_for_pre.pdf,extraction_papers/paper-3184_ttsnet_transformer_temporal_convolutional_network_self_attention_with_feature_fusion_for_pre.pdf,extraction_papers/ontocast_runs/run_remaining_500_gpt-5.6-luna_20260723_010000/input/paper-3184_ttsnet_transformer_temporal_convolutional_network_self_attention_with_feature_fusion_for_pre.pdf,hardlink
400,paper-3186,paper-3186_novel_and_cost_effective_cnc_tool_condition_monitoring_through_image_processing_techniques.pdf,extraction_papers/paper-3186_novel_and_cost_effective_cnc_tool_condition_monitoring_through_image_processing_techniques.pdf,extraction_papers/ontocast_runs/run_remaining_500_gpt-5.6-luna_20260723_010000/input/paper-3186_novel_and_cost_effective_cnc_tool_condition_monitoring_through_image_processing_techniques.pdf,hardlink
401,paper-3187,paper-3187_order_component_extraction_technology_for_predictive_maintenance_system_in_rotary_machine.pdf,extraction_papers/paper-3187_order_component_extraction_technology_for_predictive_maintenance_system_in_rotary_machine.pdf,extraction_papers/ontocast_runs/run_remaining_500_gpt-5.6-luna_20260723_010000/input/paper-3187_order_component_extraction_technology_for_predictive_maintenance_system_in_rotary_machine.pdf,hardlink
402,paper-3188,paper-3188_lifetime_prediction_and_preventive_maintenance_strategy_for_an_automotive_belt_applied_to_in.pdf,extraction_papers/paper-3188_lifetime_prediction_and_preventive_maintenance_strategy_for_an_automotive_belt_applied_to_in.pdf,extraction_papers/ontocast_runs/run_remaining_500_gpt-5.6-luna_20260723_010000/input/paper-3188_lifetime_prediction_and_preventive_maintenance_strategy_for_an_automotive_belt_applied_to_in.pdf,hardlink
403,paper-3192,paper-3192_an_autoregressive_based_motor_current_signature_analysis_approach_for_fault_diagnosis_of_ele.pdf,extraction_papers/paper-3192_an_autoregressive_based_motor_current_signature_analysis_approach_for_fault_diagnosis_of_ele.pdf,extraction_papers/ontocast_runs/run_remaining_500_gpt-5.6-luna_20260723_010000/input/paper-3192_an_autoregressive_based_motor_current_signature_analysis_approach_for_fault_diagnosis_of_ele.pdf,hardlink
404,paper-3195,paper-3195_time_to_fault_prediction_framework_for_automated_manufacturing_in_humanoid_robotics_using_de.pdf,extraction_papers/paper-3195_time_to_fault_prediction_framework_for_automated_manufacturing_in_humanoid_robotics_using_de.pdf,extraction_papers/ontocast_runs/run_remaining_500_gpt-5.6-luna_20260723_010000/input/paper-3195_time_to_fault_prediction_framework_for_automated_manufacturing_in_humanoid_robotics_using_de.pdf,hardlink
405,paper-3197,paper-3197_application_of_deep_learning_in_early_warning_of_equipment_failure_in_water_logging_disaster.pdf,extraction_papers/paper-3197_application_of_deep_learning_in_early_warning_of_equipment_failure_in_water_logging_disaster.pdf,extraction_papers/ontocast_runs/run_remaining_500_gpt-5.6-luna_20260723_010000/input/paper-3197_application_of_deep_learning_in_early_warning_of_equipment_failure_in_water_logging_disaster.pdf,hardlink
406,paper-3202,paper-3202_vibration_based_anomaly_detection_in_industrial_machines_a_comparison_of_autoencoders_and_la.pdf,extraction_papers/paper-3202_vibration_based_anomaly_detection_in_industrial_machines_a_comparison_of_autoencoders_and_la.pdf,extraction_papers/ontocast_runs/run_remaining_500_gpt-5.6-luna_20260723_010000/input/paper-3202_vibration_based_anomaly_detection_in_industrial_machines_a_comparison_of_autoencoders_and_la.pdf,hardlink
407,paper-3203,paper-3203_pathway_to_smart_maintenance_integrating_engineering_and_economics_modeling.pdf,extraction_papers/paper-3203_pathway_to_smart_maintenance_integrating_engineering_and_economics_modeling.pdf,extraction_papers/ontocast_runs/run_remaining_500_gpt-5.6-luna_20260723_010000/input/paper-3203_pathway_to_smart_maintenance_integrating_engineering_and_economics_modeling.pdf,hardlink
408,paper-3206,paper-3206_remaining_useful_life_prediction_method_for_stochastic_degrading_devices_considering_predict.pdf,extraction_papers/paper-3206_remaining_useful_life_prediction_method_for_stochastic_degrading_devices_considering_predict.pdf,extraction_papers/ontocast_runs/run_remaining_500_gpt-5.6-luna_20260723_010000/input/paper-3206_remaining_useful_life_prediction_method_for_stochastic_degrading_devices_considering_predict.pdf,hardlink
409,paper-3208,paper-3208_data_driven_method_for_predicting_remaining_useful_life_of_bearings_based_on_multi_layer_per.pdf,extraction_papers/paper-3208_data_driven_method_for_predicting_remaining_useful_life_of_bearings_based_on_multi_layer_per.pdf,extraction_papers/ontocast_runs/run_remaining_500_gpt-5.6-luna_20260723_010000/input/paper-3208_data_driven_method_for_predicting_remaining_useful_life_of_bearings_based_on_multi_layer_per.pdf,hardlink
410,paper-3209,paper-3209_uncertainty_quantification_and_remaining_useful_life_prediction_using_deep_learning.pdf,extraction_papers/paper-3209_uncertainty_quantification_and_remaining_useful_life_prediction_using_deep_learning.pdf,extraction_papers/ontocast_runs/run_remaining_500_gpt-5.6-luna_20260723_010000/input/paper-3209_uncertainty_quantification_and_remaining_useful_life_prediction_using_deep_learning.pdf,hardlink
411,paper-3211,paper-3211_improving_lithium_ion_battery_reliability_through_neural_network_remaining_useful_life_predi.pdf,extraction_papers/paper-3211_improving_lithium_ion_battery_reliability_through_neural_network_remaining_useful_life_predi.pdf,extraction_papers/ontocast_runs/run_remaining_500_gpt-5.6-luna_20260723_010000/input/paper-3211_improving_lithium_ion_battery_reliability_through_neural_network_remaining_useful_life_predi.pdf,hardlink
412,paper-3212,paper-3212_a_novel_mechanism_equivalence_based_tweedie_exponential_dispersion_process_for_adaptive_degr.pdf,extraction_papers/paper-3212_a_novel_mechanism_equivalence_based_tweedie_exponential_dispersion_process_for_adaptive_degr.pdf,extraction_papers/ontocast_runs/run_remaining_500_gpt-5.6-luna_20260723_010000/input/paper-3212_a_novel_mechanism_equivalence_based_tweedie_exponential_dispersion_process_for_adaptive_degr.pdf,hardlink
413,paper-3213,paper-3213_improved_entropy_based_condition_monitoring_for_pressure_pipeline_through_acoustic_denoising.pdf,extraction_papers/paper-3213_improved_entropy_based_condition_monitoring_for_pressure_pipeline_through_acoustic_denoising.pdf,extraction_papers/ontocast_runs/run_remaining_500_gpt-5.6-luna_20260723_010000/input/paper-3213_improved_entropy_based_condition_monitoring_for_pressure_pipeline_through_acoustic_denoising.pdf,hardlink
414,paper-3214,paper-3214_hybrid_long_range_5g_multi_sensor_platform_for_predictive_maintenance_for_ventilation_system.pdf,extraction_papers/paper-3214_hybrid_long_range_5g_multi_sensor_platform_for_predictive_maintenance_for_ventilation_system.pdf,extraction_papers/ontocast_runs/run_remaining_500_gpt-5.6-luna_20260723_010000/input/paper-3214_hybrid_long_range_5g_multi_sensor_platform_for_predictive_maintenance_for_ventilation_system.pdf,hardlink
415,paper-3215,paper-3215_a_model_for_learning_curve_estimation_in_efficient_neural_architecture_search_and_its_applic.pdf,extraction_papers/paper-3215_a_model_for_learning_curve_estimation_in_efficient_neural_architecture_search_and_its_applic.pdf,extraction_papers/ontocast_runs/run_remaining_500_gpt-5.6-luna_20260723_010000/input/paper-3215_a_model_for_learning_curve_estimation_in_efficient_neural_architecture_search_and_its_applic.pdf,hardlink
416,paper-3216,paper-3216_remaining_useful_life_prediction_of_turbofan_engine_in_varied_operational_conditions_conside.pdf,extraction_papers/paper-3216_remaining_useful_life_prediction_of_turbofan_engine_in_varied_operational_conditions_conside.pdf,extraction_papers/ontocast_runs/run_remaining_500_gpt-5.6-luna_20260723_010000/input/paper-3216_remaining_useful_life_prediction_of_turbofan_engine_in_varied_operational_conditions_conside.pdf,hardlink
417,paper-3217,paper-3217_deep_learning_for_anomaly_detection_in_cnc_machine_vibration_data_a_roughlstm_based_approach.pdf,extraction_papers/paper-3217_deep_learning_for_anomaly_detection_in_cnc_machine_vibration_data_a_roughlstm_based_approach.pdf,extraction_papers/ontocast_runs/run_remaining_500_gpt-5.6-luna_20260723_010000/input/paper-3217_deep_learning_for_anomaly_detection_in_cnc_machine_vibration_data_a_roughlstm_based_approach.pdf,hardlink
418,paper-3219,paper-3219_real_time_load_monitoring_in_linear_guideways_using_integrated_inductive_proximity_sensors.pdf,extraction_papers/paper-3219_real_time_load_monitoring_in_linear_guideways_using_integrated_inductive_proximity_sensors.pdf,extraction_papers/ontocast_runs/run_remaining_500_gpt-5.6-luna_20260723_010000/input/paper-3219_real_time_load_monitoring_in_linear_guideways_using_integrated_inductive_proximity_sensors.pdf,hardlink
419,paper-3221,paper-3221_explainable_intelligent_inspection_of_solar_photovoltaic_systems_with_deep_transfer_learning.pdf,extraction_papers/paper-3221_explainable_intelligent_inspection_of_solar_photovoltaic_systems_with_deep_transfer_learning.pdf,extraction_papers/ontocast_runs/run_remaining_500_gpt-5.6-luna_20260723_010000/input/paper-3221_explainable_intelligent_inspection_of_solar_photovoltaic_systems_with_deep_transfer_learning.pdf,hardlink
420,paper-3222,paper-3222_transient_collapse_failure_prediction_of_production_casing_after_packer_unsetting_in_high_pr.pdf,extraction_papers/paper-3222_transient_collapse_failure_prediction_of_production_casing_after_packer_unsetting_in_high_pr.pdf,extraction_papers/ontocast_runs/run_remaining_500_gpt-5.6-luna_20260723_010000/input/paper-3222_transient_collapse_failure_prediction_of_production_casing_after_packer_unsetting_in_high_pr.pdf,hardlink
421,paper-3223,paper-3223_analysis_of_signals_from_air_conditioner_compressors_with_ordinal_patterns_and_machine_learn.pdf,extraction_papers/paper-3223_analysis_of_signals_from_air_conditioner_compressors_with_ordinal_patterns_and_machine_learn.pdf,extraction_papers/ontocast_runs/run_remaining_500_gpt-5.6-luna_20260723_010000/input/paper-3223_analysis_of_signals_from_air_conditioner_compressors_with_ordinal_patterns_and_machine_learn.pdf,hardlink
422,paper-3224,paper-3224_a_novel_method_for_online_diagnosis_of_the_aging_state_of_high_voltage_hv_cables_based_on_im.pdf,extraction_papers/paper-3224_a_novel_method_for_online_diagnosis_of_the_aging_state_of_high_voltage_hv_cables_based_on_im.pdf,extraction_papers/ontocast_runs/run_remaining_500_gpt-5.6-luna_20260723_010000/input/paper-3224_a_novel_method_for_online_diagnosis_of_the_aging_state_of_high_voltage_hv_cables_based_on_im.pdf,hardlink
423,paper-3227,paper-3227_condition_assessment_and_predictive_maintenance_for_contact_probe_using_health_index_and_enc.pdf,extraction_papers/paper-3227_condition_assessment_and_predictive_maintenance_for_contact_probe_using_health_index_and_enc.pdf,extraction_papers/ontocast_runs/run_remaining_500_gpt-5.6-luna_20260723_010000/input/paper-3227_condition_assessment_and_predictive_maintenance_for_contact_probe_using_health_index_and_enc.pdf,hardlink
424,paper-3229,paper-3229_transmissibility_based_methods_for_damage_identification_on_a_railway_bogie_frame.pdf,extraction_papers/paper-3229_transmissibility_based_methods_for_damage_identification_on_a_railway_bogie_frame.pdf,extraction_papers/ontocast_runs/run_remaining_500_gpt-5.6-luna_20260723_010000/input/paper-3229_transmissibility_based_methods_for_damage_identification_on_a_railway_bogie_frame.pdf,hardlink
425,paper-3232,paper-3232_tool_condition_monitoring_model_based_on_dae_svr.pdf,extraction_papers/paper-3232_tool_condition_monitoring_model_based_on_dae_svr.pdf,extraction_papers/ontocast_runs/run_remaining_500_gpt-5.6-luna_20260723_010000/input/paper-3232_tool_condition_monitoring_model_based_on_dae_svr.pdf,hardlink
426,paper-3233,paper-3233_synthetic_data_driven_you_only_look_once_based_detection_of_computer_numerical_control_machi.pdf,extraction_papers/paper-3233_synthetic_data_driven_you_only_look_once_based_detection_of_computer_numerical_control_machi.pdf,extraction_papers/ontocast_runs/run_remaining_500_gpt-5.6-luna_20260723_010000/input/paper-3233_synthetic_data_driven_you_only_look_once_based_detection_of_computer_numerical_control_machi.pdf,hardlink
427,paper-3235,paper-3235_a_complex_device_state_feature_selection_method_based_on_improved_hybrid_algorithm.pdf,extraction_papers/paper-3235_a_complex_device_state_feature_selection_method_based_on_improved_hybrid_algorithm.pdf,extraction_papers/ontocast_runs/run_remaining_500_gpt-5.6-luna_20260723_010000/input/paper-3235_a_complex_device_state_feature_selection_method_based_on_improved_hybrid_algorithm.pdf,hardlink
428,paper-3238,paper-3238_enhancing_predictive_maintenance_of_industrial_assets_through_machine_diagnostic_parameter_g.pdf,extraction_papers/paper-3238_enhancing_predictive_maintenance_of_industrial_assets_through_machine_diagnostic_parameter_g.pdf,extraction_papers/ontocast_runs/run_remaining_500_gpt-5.6-luna_20260723_010000/input/paper-3238_enhancing_predictive_maintenance_of_industrial_assets_through_machine_diagnostic_parameter_g.pdf,hardlink
429,paper-3239,paper-3239_experimental_study_of_neutral_configuration_effects_on_internal_and_external_fault_detection.pdf,extraction_papers/paper-3239_experimental_study_of_neutral_configuration_effects_on_internal_and_external_fault_detection.pdf,extraction_papers/ontocast_runs/run_remaining_500_gpt-5.6-luna_20260723_010000/input/paper-3239_experimental_study_of_neutral_configuration_effects_on_internal_and_external_fault_detection.pdf,hardlink
430,paper-3244,paper-3244_predicting_the_temperature_of_a_permanent_magnet_synchronous_motor_a_comparative_study_of_ar.pdf,extraction_papers/paper-3244_predicting_the_temperature_of_a_permanent_magnet_synchronous_motor_a_comparative_study_of_ar.pdf,extraction_papers/ontocast_runs/run_remaining_500_gpt-5.6-luna_20260723_010000/input/paper-3244_predicting_the_temperature_of_a_permanent_magnet_synchronous_motor_a_comparative_study_of_ar.pdf,hardlink
431,paper-3245,paper-3245_optimization_of_fault_prediction_by_a_i_in_industrial_equipment_analysis_of_the_operating_pa.pdf,extraction_papers/paper-3245_optimization_of_fault_prediction_by_a_i_in_industrial_equipment_analysis_of_the_operating_pa.pdf,extraction_papers/ontocast_runs/run_remaining_500_gpt-5.6-luna_20260723_010000/input/paper-3245_optimization_of_fault_prediction_by_a_i_in_industrial_equipment_analysis_of_the_operating_pa.pdf,hardlink
432,paper-3246,paper-3246_fault_diagnosis_across_aircraft_systems_using_image_recognition_and_transfer_learning.pdf,extraction_papers/paper-3246_fault_diagnosis_across_aircraft_systems_using_image_recognition_and_transfer_learning.pdf,extraction_papers/ontocast_runs/run_remaining_500_gpt-5.6-luna_20260723_010000/input/paper-3246_fault_diagnosis_across_aircraft_systems_using_image_recognition_and_transfer_learning.pdf,hardlink
433,paper-3247,paper-3247_leveraging_safe_and_secure_ai_for_predictive_maintenance_of_mechanical_devices_using_increme.pdf,extraction_papers/paper-3247_leveraging_safe_and_secure_ai_for_predictive_maintenance_of_mechanical_devices_using_increme.pdf,extraction_papers/ontocast_runs/run_remaining_500_gpt-5.6-luna_20260723_010000/input/paper-3247_leveraging_safe_and_secure_ai_for_predictive_maintenance_of_mechanical_devices_using_increme.pdf,hardlink
434,paper-3251,paper-3251_an_explainable_autoencoder_based_feature_extraction_combined_with_cnn_lstm_pso_model_for_imp.pdf,extraction_papers/paper-3251_an_explainable_autoencoder_based_feature_extraction_combined_with_cnn_lstm_pso_model_for_imp.pdf,extraction_papers/ontocast_runs/run_remaining_500_gpt-5.6-luna_20260723_010000/input/paper-3251_an_explainable_autoencoder_based_feature_extraction_combined_with_cnn_lstm_pso_model_for_imp.pdf,hardlink
435,paper-3253,paper-3253_research_on_predictive_maintenance_methods_for_current_transformers_with_iron_core_structure.pdf,extraction_papers/paper-3253_research_on_predictive_maintenance_methods_for_current_transformers_with_iron_core_structure.pdf,extraction_papers/ontocast_runs/run_remaining_500_gpt-5.6-luna_20260723_010000/input/paper-3253_research_on_predictive_maintenance_methods_for_current_transformers_with_iron_core_structure.pdf,hardlink
436,paper-3254,paper-3254_leveraging_generative_ai_for_modelling_and_optimization_of_maintenance_policies_in_industria.pdf,extraction_papers/paper-3254_leveraging_generative_ai_for_modelling_and_optimization_of_maintenance_policies_in_industria.pdf,extraction_papers/ontocast_runs/run_remaining_500_gpt-5.6-luna_20260723_010000/input/paper-3254_leveraging_generative_ai_for_modelling_and_optimization_of_maintenance_policies_in_industria.pdf,hardlink
437,paper-3258,paper-3258_integrating_machine_learning_based_remaining_useful_life_predictions_with_cost_optimal_block.pdf,extraction_papers/paper-3258_integrating_machine_learning_based_remaining_useful_life_predictions_with_cost_optimal_block.pdf,extraction_papers/ontocast_runs/run_remaining_500_gpt-5.6-luna_20260723_010000/input/paper-3258_integrating_machine_learning_based_remaining_useful_life_predictions_with_cost_optimal_block.pdf,hardlink
438,paper-3259,paper-3259_application_of_machine_learning_models_for_predictive_maintenance_of_biotechnical_systems_ut.pdf,extraction_papers/paper-3259_application_of_machine_learning_models_for_predictive_maintenance_of_biotechnical_systems_ut.pdf,extraction_papers/ontocast_runs/run_remaining_500_gpt-5.6-luna_20260723_010000/input/paper-3259_application_of_machine_learning_models_for_predictive_maintenance_of_biotechnical_systems_ut.pdf,hardlink
439,paper-3261,paper-3261_an_equipment_behavioral_study_in_fluidic_production_processes_using_data_for_an_optimized_pr.pdf,extraction_papers/paper-3261_an_equipment_behavioral_study_in_fluidic_production_processes_using_data_for_an_optimized_pr.pdf,extraction_papers/ontocast_runs/run_remaining_500_gpt-5.6-luna_20260723_010000/input/paper-3261_an_equipment_behavioral_study_in_fluidic_production_processes_using_data_for_an_optimized_pr.pdf,hardlink
440,paper-3263,paper-3263_integrated_diagnostic_system_and_multi_level_reliability_modeling_for_predictive_maintenance.pdf,extraction_papers/paper-3263_integrated_diagnostic_system_and_multi_level_reliability_modeling_for_predictive_maintenance.pdf,extraction_papers/ontocast_runs/run_remaining_500_gpt-5.6-luna_20260723_010000/input/paper-3263_integrated_diagnostic_system_and_multi_level_reliability_modeling_for_predictive_maintenance.pdf,hardlink
441,paper-3264,paper-3264_fault_diagnosis_method_for_main_pump_motor_shielding_sleeve_based_on_attention_mechanism_and.pdf,extraction_papers/paper-3264_fault_diagnosis_method_for_main_pump_motor_shielding_sleeve_based_on_attention_mechanism_and.pdf,extraction_papers/ontocast_runs/run_remaining_500_gpt-5.6-luna_20260723_010000/input/paper-3264_fault_diagnosis_method_for_main_pump_motor_shielding_sleeve_based_on_attention_mechanism_and.pdf,hardlink
442,paper-3266,paper-3266_ai_driven_predictive_maintenance_for_smart_manufacturing_systems_using_digital_twin_technolo.pdf,extraction_papers/paper-3266_ai_driven_predictive_maintenance_for_smart_manufacturing_systems_using_digital_twin_technolo.pdf,extraction_papers/ontocast_runs/run_remaining_500_gpt-5.6-luna_20260723_010000/input/paper-3266_ai_driven_predictive_maintenance_for_smart_manufacturing_systems_using_digital_twin_technolo.pdf,hardlink
443,paper-3269,paper-3269_using_time_series_foundation_models_for_few_shot_remaining_useful_life_prediction_of_aircraf.pdf,extraction_papers/paper-3269_using_time_series_foundation_models_for_few_shot_remaining_useful_life_prediction_of_aircraf.pdf,extraction_papers/ontocast_runs/run_remaining_500_gpt-5.6-luna_20260723_010000/input/paper-3269_using_time_series_foundation_models_for_few_shot_remaining_useful_life_prediction_of_aircraf.pdf,hardlink
444,paper-3270,paper-3270_smart_maintenance_solutions_ar_and_vr_enhanced_digital_twin_powered_by_fiware.pdf,extraction_papers/paper-3270_smart_maintenance_solutions_ar_and_vr_enhanced_digital_twin_powered_by_fiware.pdf,extraction_papers/ontocast_runs/run_remaining_500_gpt-5.6-luna_20260723_010000/input/paper-3270_smart_maintenance_solutions_ar_and_vr_enhanced_digital_twin_powered_by_fiware.pdf,hardlink
445,paper-3271,paper-3271_a_deep_learning_method_for_remaining_useful_life_prediction_of_power_machinery_via_dual_atte.pdf,extraction_papers/paper-3271_a_deep_learning_method_for_remaining_useful_life_prediction_of_power_machinery_via_dual_atte.pdf,extraction_papers/ontocast_runs/run_remaining_500_gpt-5.6-luna_20260723_010000/input/paper-3271_a_deep_learning_method_for_remaining_useful_life_prediction_of_power_machinery_via_dual_atte.pdf,hardlink
446,paper-3272,paper-3272_stage_based_remaining_useful_life_prediction_for_bearings_using_gnn_and_correlation_driven_f.pdf,extraction_papers/paper-3272_stage_based_remaining_useful_life_prediction_for_bearings_using_gnn_and_correlation_driven_f.pdf,extraction_papers/ontocast_runs/run_remaining_500_gpt-5.6-luna_20260723_010000/input/paper-3272_stage_based_remaining_useful_life_prediction_for_bearings_using_gnn_and_correlation_driven_f.pdf,hardlink
447,paper-3273,paper-3273_remaining_useful_life_of_lithium_ion_battery_using_hybrid_long_short_term_memory_and_modifie.pdf,extraction_papers/paper-3273_remaining_useful_life_of_lithium_ion_battery_using_hybrid_long_short_term_memory_and_modifie.pdf,extraction_papers/ontocast_runs/run_remaining_500_gpt-5.6-luna_20260723_010000/input/paper-3273_remaining_useful_life_of_lithium_ion_battery_using_hybrid_long_short_term_memory_and_modifie.pdf,hardlink
448,paper-3274,paper-3274_gas_turbine_equivalent_operating_hour_estimation_considering_creep_lcf_interactions.pdf,extraction_papers/paper-3274_gas_turbine_equivalent_operating_hour_estimation_considering_creep_lcf_interactions.pdf,extraction_papers/ontocast_runs/run_remaining_500_gpt-5.6-luna_20260723_010000/input/paper-3274_gas_turbine_equivalent_operating_hour_estimation_considering_creep_lcf_interactions.pdf,hardlink
449,paper-3276,paper-3276_comparison_of_machine_learning_methods_in_predictive_maintenance_of_machines.pdf,extraction_papers/paper-3276_comparison_of_machine_learning_methods_in_predictive_maintenance_of_machines.pdf,extraction_papers/ontocast_runs/run_remaining_500_gpt-5.6-luna_20260723_010000/input/paper-3276_comparison_of_machine_learning_methods_in_predictive_maintenance_of_machines.pdf,hardlink
450,paper-3280,paper-3280_application_of_dbn_based_krls_method_for_rul_prediction_of_lithium_ion_batteries.pdf,extraction_papers/paper-3280_application_of_dbn_based_krls_method_for_rul_prediction_of_lithium_ion_batteries.pdf,extraction_papers/ontocast_runs/run_remaining_500_gpt-5.6-luna_20260723_010000/input/paper-3280_application_of_dbn_based_krls_method_for_rul_prediction_of_lithium_ion_batteries.pdf,hardlink
451,paper-3282,paper-3282_a_comparative_study_on_tree_based_classifiers_for_condition_monitoring_of_face_milling_tool.pdf,extraction_papers/paper-3282_a_comparative_study_on_tree_based_classifiers_for_condition_monitoring_of_face_milling_tool.pdf,extraction_papers/ontocast_runs/run_remaining_500_gpt-5.6-luna_20260723_010000/input/paper-3282_a_comparative_study_on_tree_based_classifiers_for_condition_monitoring_of_face_milling_tool.pdf,hardlink
452,paper-3289,paper-3289_end_to_end_lifecycle_machine_learning_framework_for_predictive_maintenance_of_critical_equip.pdf,extraction_papers/paper-3289_end_to_end_lifecycle_machine_learning_framework_for_predictive_maintenance_of_critical_equip.pdf,extraction_papers/ontocast_runs/run_remaining_500_gpt-5.6-luna_20260723_010000/input/paper-3289_end_to_end_lifecycle_machine_learning_framework_for_predictive_maintenance_of_critical_equip.pdf,hardlink
453,paper-3290,paper-3290_a_predictive_maintenance_system_based_on_industrial_internet_of_things_for_multimachine_mult.pdf,extraction_papers/paper-3290_a_predictive_maintenance_system_based_on_industrial_internet_of_things_for_multimachine_mult.pdf,extraction_papers/ontocast_runs/run_remaining_500_gpt-5.6-luna_20260723_010000/input/paper-3290_a_predictive_maintenance_system_based_on_industrial_internet_of_things_for_multimachine_mult.pdf,hardlink
454,paper-3291,paper-3291_a_joint_prediction_of_the_state_of_health_and_remaining_useful_life_of_lithium_ion_batteries.pdf,extraction_papers/paper-3291_a_joint_prediction_of_the_state_of_health_and_remaining_useful_life_of_lithium_ion_batteries.pdf,extraction_papers/ontocast_runs/run_remaining_500_gpt-5.6-luna_20260723_010000/input/paper-3291_a_joint_prediction_of_the_state_of_health_and_remaining_useful_life_of_lithium_ion_batteries.pdf,hardlink
455,paper-3292,paper-3292_remaining_life_prediction_of_automatic_fare_collection_systems_from_the_perspective_of_susta.pdf,extraction_papers/paper-3292_remaining_life_prediction_of_automatic_fare_collection_systems_from_the_perspective_of_susta.pdf,extraction_papers/ontocast_runs/run_remaining_500_gpt-5.6-luna_20260723_010000/input/paper-3292_remaining_life_prediction_of_automatic_fare_collection_systems_from_the_perspective_of_susta.pdf,hardlink
456,paper-3295,paper-3295_fault_detection_in_power_transformers_using_frequency_response_analysis_and_machine_learning.pdf,extraction_papers/paper-3295_fault_detection_in_power_transformers_using_frequency_response_analysis_and_machine_learning.pdf,extraction_papers/ontocast_runs/run_remaining_500_gpt-5.6-luna_20260723_010000/input/paper-3295_fault_detection_in_power_transformers_using_frequency_response_analysis_and_machine_learning.pdf,hardlink
457,paper-3296,paper-3296_predicting_remaining_useful_life_of_lithium_ion_batteries_for_electric_vehicles_using_machin.pdf,extraction_papers/paper-3296_predicting_remaining_useful_life_of_lithium_ion_batteries_for_electric_vehicles_using_machin.pdf,extraction_papers/ontocast_runs/run_remaining_500_gpt-5.6-luna_20260723_010000/input/paper-3296_predicting_remaining_useful_life_of_lithium_ion_batteries_for_electric_vehicles_using_machin.pdf,hardlink
458,paper-3299,paper-3299_two_step_vibration_based_machine_learning_model_for_the_fault_detection_and_diagnosis_in_rot.pdf,extraction_papers/paper-3299_two_step_vibration_based_machine_learning_model_for_the_fault_detection_and_diagnosis_in_rot.pdf,extraction_papers/ontocast_runs/run_remaining_500_gpt-5.6-luna_20260723_010000/input/paper-3299_two_step_vibration_based_machine_learning_model_for_the_fault_detection_and_diagnosis_in_rot.pdf,hardlink
459,paper-3301,paper-3301_study_on_gearbox_fault_warning_based_on_the_improved_m_ialo_gru_model.pdf,extraction_papers/paper-3301_study_on_gearbox_fault_warning_based_on_the_improved_m_ialo_gru_model.pdf,extraction_papers/ontocast_runs/run_remaining_500_gpt-5.6-luna_20260723_010000/input/paper-3301_study_on_gearbox_fault_warning_based_on_the_improved_m_ialo_gru_model.pdf,hardlink
460,paper-3304,paper-3304_vibration_based_anomaly_detection_for_induction_motors_using_machine_learning.pdf,extraction_papers/paper-3304_vibration_based_anomaly_detection_for_induction_motors_using_machine_learning.pdf,extraction_papers/ontocast_runs/run_remaining_500_gpt-5.6-luna_20260723_010000/input/paper-3304_vibration_based_anomaly_detection_for_induction_motors_using_machine_learning.pdf,hardlink
461,paper-3305,paper-3305_evaluating_measurement_system_capability_in_condition_monitoring_framework_and_illustration.pdf,extraction_papers/paper-3305_evaluating_measurement_system_capability_in_condition_monitoring_framework_and_illustration.pdf,extraction_papers/ontocast_runs/run_remaining_500_gpt-5.6-luna_20260723_010000/input/paper-3305_evaluating_measurement_system_capability_in_condition_monitoring_framework_and_illustration.pdf,hardlink
462,paper-3306,paper-3306_framework_for_addressing_imbalanced_data_in_aviation_with_federated_learning.pdf,extraction_papers/paper-3306_framework_for_addressing_imbalanced_data_in_aviation_with_federated_learning.pdf,extraction_papers/ontocast_runs/run_remaining_500_gpt-5.6-luna_20260723_010000/input/paper-3306_framework_for_addressing_imbalanced_data_in_aviation_with_federated_learning.pdf,hardlink
463,paper-3309,paper-3309_robot_fault_prediction_based_on_improved_gm_1_1_model_and_rbf.pdf,extraction_papers/paper-3309_robot_fault_prediction_based_on_improved_gm_1_1_model_and_rbf.pdf,extraction_papers/ontocast_runs/run_remaining_500_gpt-5.6-luna_20260723_010000/input/paper-3309_robot_fault_prediction_based_on_improved_gm_1_1_model_and_rbf.pdf,hardlink
464,paper-3310,paper-3310_robust_prognostics_of_impacted_composite_structures_using_an_adaptive_hidden_semi_markov_mod.pdf,extraction_papers/paper-3310_robust_prognostics_of_impacted_composite_structures_using_an_adaptive_hidden_semi_markov_mod.pdf,extraction_papers/ontocast_runs/run_remaining_500_gpt-5.6-luna_20260723_010000/input/paper-3310_robust_prognostics_of_impacted_composite_structures_using_an_adaptive_hidden_semi_markov_mod.pdf,hardlink
465,paper-3311,paper-3311_optimal_predictive_maintenance_for_a_nonstationary_gamma_process.pdf,extraction_papers/paper-3311_optimal_predictive_maintenance_for_a_nonstationary_gamma_process.pdf,extraction_papers/ontocast_runs/run_remaining_500_gpt-5.6-luna_20260723_010000/input/paper-3311_optimal_predictive_maintenance_for_a_nonstationary_gamma_process.pdf,hardlink
466,paper-3312,paper-3312_opportunistic_maintenance_for_a_novel_load_sharing_system_with_dependent_degradation_rate_an.pdf,extraction_papers/paper-3312_opportunistic_maintenance_for_a_novel_load_sharing_system_with_dependent_degradation_rate_an.pdf,extraction_papers/ontocast_runs/run_remaining_500_gpt-5.6-luna_20260723_010000/input/paper-3312_opportunistic_maintenance_for_a_novel_load_sharing_system_with_dependent_degradation_rate_an.pdf,hardlink
467,paper-3313,paper-3313_maintenance_decision_making_using_intelligent_prognostics_within_a_single_spare_parts_suppor.pdf,extraction_papers/paper-3313_maintenance_decision_making_using_intelligent_prognostics_within_a_single_spare_parts_suppor.pdf,extraction_papers/ontocast_runs/run_remaining_500_gpt-5.6-luna_20260723_010000/input/paper-3313_maintenance_decision_making_using_intelligent_prognostics_within_a_single_spare_parts_suppor.pdf,hardlink
468,paper-3316,paper-3316_joint_estimation_of_soh_and_rul_for_lithium_ion_batteries_based_on_improved_twin_support_vec.pdf,extraction_papers/paper-3316_joint_estimation_of_soh_and_rul_for_lithium_ion_batteries_based_on_improved_twin_support_vec.pdf,extraction_papers/ontocast_runs/run_remaining_500_gpt-5.6-luna_20260723_010000/input/paper-3316_joint_estimation_of_soh_and_rul_for_lithium_ion_batteries_based_on_improved_twin_support_vec.pdf,hardlink
469,paper-3319,paper-3319_a_comparative_analysis_of_lithium_ion_batteries_using_a_proposed_electrothermal_model_based.pdf,extraction_papers/paper-3319_a_comparative_analysis_of_lithium_ion_batteries_using_a_proposed_electrothermal_model_based.pdf,extraction_papers/ontocast_runs/run_remaining_500_gpt-5.6-luna_20260723_010000/input/paper-3319_a_comparative_analysis_of_lithium_ion_batteries_using_a_proposed_electrothermal_model_based.pdf,hardlink
470,paper-3321,paper-3321_a_meta_transfer_learning_prediction_method_with_few_shot_data_for_the_remaining_useful_life.pdf,extraction_papers/paper-3321_a_meta_transfer_learning_prediction_method_with_few_shot_data_for_the_remaining_useful_life.pdf,extraction_papers/ontocast_runs/run_remaining_500_gpt-5.6-luna_20260723_010000/input/paper-3321_a_meta_transfer_learning_prediction_method_with_few_shot_data_for_the_remaining_useful_life.pdf,hardlink
471,paper-3323,paper-3323_vibration_analysis_of_hydrodynamic_conical_journal_bearing_and_fault_prediction_using_machin.pdf,extraction_papers/paper-3323_vibration_analysis_of_hydrodynamic_conical_journal_bearing_and_fault_prediction_using_machin.pdf,extraction_papers/ontocast_runs/run_remaining_500_gpt-5.6-luna_20260723_010000/input/paper-3323_vibration_analysis_of_hydrodynamic_conical_journal_bearing_and_fault_prediction_using_machin.pdf,hardlink
472,paper-3326,paper-3326_integrated_residual_current_monitor_using_fiber_optics_for_medical_devices_maintenance.pdf,extraction_papers/paper-3326_integrated_residual_current_monitor_using_fiber_optics_for_medical_devices_maintenance.pdf,extraction_papers/ontocast_runs/run_remaining_500_gpt-5.6-luna_20260723_010000/input/paper-3326_integrated_residual_current_monitor_using_fiber_optics_for_medical_devices_maintenance.pdf,hardlink
473,paper-3327,paper-3327_biomimicry_as_a_decision_making_methodology_in_condition_monitoring.pdf,extraction_papers/paper-3327_biomimicry_as_a_decision_making_methodology_in_condition_monitoring.pdf,extraction_papers/ontocast_runs/run_remaining_500_gpt-5.6-luna_20260723_010000/input/paper-3327_biomimicry_as_a_decision_making_methodology_in_condition_monitoring.pdf,hardlink
474,paper-3328,paper-3328_emerging_practices_in_risk_based_maintenance_management_driven_by_industrial_transitions_mul.pdf,extraction_papers/paper-3328_emerging_practices_in_risk_based_maintenance_management_driven_by_industrial_transitions_mul.pdf,extraction_papers/ontocast_runs/run_remaining_500_gpt-5.6-luna_20260723_010000/input/paper-3328_emerging_practices_in_risk_based_maintenance_management_driven_by_industrial_transitions_mul.pdf,hardlink
475,paper-3334,paper-3334_a_new_holistic_approach_to_investigating_and_estimating_rolling_bearing_rul_based_on_physica.pdf,extraction_papers/paper-3334_a_new_holistic_approach_to_investigating_and_estimating_rolling_bearing_rul_based_on_physica.pdf,extraction_papers/ontocast_runs/run_remaining_500_gpt-5.6-luna_20260723_010000/input/paper-3334_a_new_holistic_approach_to_investigating_and_estimating_rolling_bearing_rul_based_on_physica.pdf,hardlink
476,paper-3335,paper-3335_digital_twin_models_for_real_time_failure_prediction_in_industrial_machinery.pdf,extraction_papers/paper-3335_digital_twin_models_for_real_time_failure_prediction_in_industrial_machinery.pdf,extraction_papers/ontocast_runs/run_remaining_500_gpt-5.6-luna_20260723_010000/input/paper-3335_digital_twin_models_for_real_time_failure_prediction_in_industrial_machinery.pdf,hardlink
477,paper-3336,paper-3336_remote_monitoring_simulation_and_diagnosis_of_electronically_controlled_marine_engines.pdf,extraction_papers/paper-3336_remote_monitoring_simulation_and_diagnosis_of_electronically_controlled_marine_engines.pdf,extraction_papers/ontocast_runs/run_remaining_500_gpt-5.6-luna_20260723_010000/input/paper-3336_remote_monitoring_simulation_and_diagnosis_of_electronically_controlled_marine_engines.pdf,hardlink
478,paper-3337,paper-3337_improving_predictive_maintenance_performance_using_machine_learning_and_vibration_analysis_a.pdf,extraction_papers/paper-3337_improving_predictive_maintenance_performance_using_machine_learning_and_vibration_analysis_a.pdf,extraction_papers/ontocast_runs/run_remaining_500_gpt-5.6-luna_20260723_010000/input/paper-3337_improving_predictive_maintenance_performance_using_machine_learning_and_vibration_analysis_a.pdf,hardlink
479,paper-3339,paper-3339_machine_learning_driven_preventive_maintenance_for_fibreboard_production_in_industry_4_0.pdf,extraction_papers/paper-3339_machine_learning_driven_preventive_maintenance_for_fibreboard_production_in_industry_4_0.pdf,extraction_papers/ontocast_runs/run_remaining_500_gpt-5.6-luna_20260723_010000/input/paper-3339_machine_learning_driven_preventive_maintenance_for_fibreboard_production_in_industry_4_0.pdf,hardlink
480,paper-3340,paper-3340_prediction_of_remaining_useful_life_and_downtime_of_induction_motors_with_supervised_machine.pdf,extraction_papers/paper-3340_prediction_of_remaining_useful_life_and_downtime_of_induction_motors_with_supervised_machine.pdf,extraction_papers/ontocast_runs/run_remaining_500_gpt-5.6-luna_20260723_010000/input/paper-3340_prediction_of_remaining_useful_life_and_downtime_of_induction_motors_with_supervised_machine.pdf,hardlink
481,paper-3346,paper-3346_signal_processing_algorithm_for_predictive_diagnostics_of_car_transmissions_using_artificial.pdf,extraction_papers/paper-3346_signal_processing_algorithm_for_predictive_diagnostics_of_car_transmissions_using_artificial.pdf,extraction_papers/ontocast_runs/run_remaining_500_gpt-5.6-luna_20260723_010000/input/paper-3346_signal_processing_algorithm_for_predictive_diagnostics_of_car_transmissions_using_artificial.pdf,hardlink
482,paper-3349,paper-3349_deep_learning_autoencoders_for_fast_fourier_transform_based_clustering_and_temporal_damage_e.pdf,extraction_papers/paper-3349_deep_learning_autoencoders_for_fast_fourier_transform_based_clustering_and_temporal_damage_e.pdf,extraction_papers/ontocast_runs/run_remaining_500_gpt-5.6-luna_20260723_010000/input/paper-3349_deep_learning_autoencoders_for_fast_fourier_transform_based_clustering_and_temporal_damage_e.pdf,hardlink
483,paper-3350,paper-3350_design_and_implementation_iot_driven_distribution_transformer_health_monitoring_system_for_t.pdf,extraction_papers/paper-3350_design_and_implementation_iot_driven_distribution_transformer_health_monitoring_system_for_t.pdf,extraction_papers/ontocast_runs/run_remaining_500_gpt-5.6-luna_20260723_010000/input/paper-3350_design_and_implementation_iot_driven_distribution_transformer_health_monitoring_system_for_t.pdf,hardlink
484,paper-3352,paper-3352_an_improved_nonlinear_health_index_crrms_for_the_remaining_useful_life_prediction_of_rolling.pdf,extraction_papers/paper-3352_an_improved_nonlinear_health_index_crrms_for_the_remaining_useful_life_prediction_of_rolling.pdf,extraction_papers/ontocast_runs/run_remaining_500_gpt-5.6-luna_20260723_010000/input/paper-3352_an_improved_nonlinear_health_index_crrms_for_the_remaining_useful_life_prediction_of_rolling.pdf,hardlink
485,paper-3354,paper-3354_out_of_roundness_wheel_damage_identification_in_railway_vehicles_using_autoencoder_models.pdf,extraction_papers/paper-3354_out_of_roundness_wheel_damage_identification_in_railway_vehicles_using_autoencoder_models.pdf,extraction_papers/ontocast_runs/run_remaining_500_gpt-5.6-luna_20260723_010000/input/paper-3354_out_of_roundness_wheel_damage_identification_in_railway_vehicles_using_autoencoder_models.pdf,hardlink
486,paper-3356,paper-3356_a_data_driven_predictive_maintenance_approach_for_industry_4_0_using_lstm_with_cross_validat.pdf,extraction_papers/paper-3356_a_data_driven_predictive_maintenance_approach_for_industry_4_0_using_lstm_with_cross_validat.pdf,extraction_papers/ontocast_runs/run_remaining_500_gpt-5.6-luna_20260723_010000/input/paper-3356_a_data_driven_predictive_maintenance_approach_for_industry_4_0_using_lstm_with_cross_validat.pdf,hardlink
487,paper-3357,paper-3357_a_novel_bearing_remaining_useful_life_prediction_methodology_with_slope_based_change_point_d.pdf,extraction_papers/paper-3357_a_novel_bearing_remaining_useful_life_prediction_methodology_with_slope_based_change_point_d.pdf,extraction_papers/ontocast_runs/run_remaining_500_gpt-5.6-luna_20260723_010000/input/paper-3357_a_novel_bearing_remaining_useful_life_prediction_methodology_with_slope_based_change_point_d.pdf,hardlink
488,paper-3359,paper-3359_remaining_useful_life_prediction_based_on_cross_temporal_dynamic_graph_convolutional_network.pdf,extraction_papers/paper-3359_remaining_useful_life_prediction_based_on_cross_temporal_dynamic_graph_convolutional_network.pdf,extraction_papers/ontocast_runs/run_remaining_500_gpt-5.6-luna_20260723_010000/input/paper-3359_remaining_useful_life_prediction_based_on_cross_temporal_dynamic_graph_convolutional_network.pdf,hardlink
489,paper-3360,paper-3360_servo_motor_predictive_maintenance_by_kafka_streams_and_deep_learning_based_on_acoustic_data.pdf,extraction_papers/paper-3360_servo_motor_predictive_maintenance_by_kafka_streams_and_deep_learning_based_on_acoustic_data.pdf,extraction_papers/ontocast_runs/run_remaining_500_gpt-5.6-luna_20260723_010000/input/paper-3360_servo_motor_predictive_maintenance_by_kafka_streams_and_deep_learning_based_on_acoustic_data.pdf,hardlink
490,paper-3362,paper-3362_performance_comparison_of_machine_learning_algorithms_for_condition_monitoring_of_tapered_ro.pdf,extraction_papers/paper-3362_performance_comparison_of_machine_learning_algorithms_for_condition_monitoring_of_tapered_ro.pdf,extraction_papers/ontocast_runs/run_remaining_500_gpt-5.6-luna_20260723_010000/input/paper-3362_performance_comparison_of_machine_learning_algorithms_for_condition_monitoring_of_tapered_ro.pdf,hardlink
491,paper-3363,paper-3363_failure_prediction_with_weibull_distribution.pdf,extraction_papers/paper-3363_failure_prediction_with_weibull_distribution.pdf,extraction_papers/ontocast_runs/run_remaining_500_gpt-5.6-luna_20260723_010000/input/paper-3363_failure_prediction_with_weibull_distribution.pdf,hardlink
492,paper-3364,paper-3364_a_modelling_approach_for_asset_degradation_advancing_digital_twin_in_maintenance.pdf,extraction_papers/paper-3364_a_modelling_approach_for_asset_degradation_advancing_digital_twin_in_maintenance.pdf,extraction_papers/ontocast_runs/run_remaining_500_gpt-5.6-luna_20260723_010000/input/paper-3364_a_modelling_approach_for_asset_degradation_advancing_digital_twin_in_maintenance.pdf,hardlink
493,paper-3365,paper-3365_industrial_robot_control_system_with_a_predictive_maintenance_module_using_iiot_technology.pdf,extraction_papers/paper-3365_industrial_robot_control_system_with_a_predictive_maintenance_module_using_iiot_technology.pdf,extraction_papers/ontocast_runs/run_remaining_500_gpt-5.6-luna_20260723_010000/input/paper-3365_industrial_robot_control_system_with_a_predictive_maintenance_module_using_iiot_technology.pdf,hardlink
494,paper-3369,paper-3369_enhancing_fault_detection_in_industry_4_0_by_introducing_a_power_and_fault_behavior_monitori.pdf,extraction_papers/paper-3369_enhancing_fault_detection_in_industry_4_0_by_introducing_a_power_and_fault_behavior_monitori.pdf,extraction_papers/ontocast_runs/run_remaining_500_gpt-5.6-luna_20260723_010000/input/paper-3369_enhancing_fault_detection_in_industry_4_0_by_introducing_a_power_and_fault_behavior_monitori.pdf,hardlink
495,paper-3376,paper-3376_a_restless_bandit_approach_for_capacitated_condition_based_maintenance_scheduling.pdf,extraction_papers/paper-3376_a_restless_bandit_approach_for_capacitated_condition_based_maintenance_scheduling.pdf,extraction_papers/ontocast_runs/run_remaining_500_gpt-5.6-luna_20260723_010000/input/paper-3376_a_restless_bandit_approach_for_capacitated_condition_based_maintenance_scheduling.pdf,hardlink
496,paper-3379,paper-3379_analog_frontend_for_big_data_compression_and_instantaneous_failure_prediction_in_power_manag.pdf,extraction_papers/paper-3379_analog_frontend_for_big_data_compression_and_instantaneous_failure_prediction_in_power_manag.pdf,extraction_papers/ontocast_runs/run_remaining_500_gpt-5.6-luna_20260723_010000/input/paper-3379_analog_frontend_for_big_data_compression_and_instantaneous_failure_prediction_in_power_manag.pdf,hardlink
497,paper-3381,paper-3381_industrial_part_faults_prediction_for_nonlinearity_and_implied_temporal_sequences.pdf,extraction_papers/paper-3381_industrial_part_faults_prediction_for_nonlinearity_and_implied_temporal_sequences.pdf,extraction_papers/ontocast_runs/run_remaining_500_gpt-5.6-luna_20260723_010000/input/paper-3381_industrial_part_faults_prediction_for_nonlinearity_and_implied_temporal_sequences.pdf,hardlink
498,paper-3382,paper-3382_a_practical_comparison_of_data_driven_prognostics_methods_for_energy_systems.pdf,extraction_papers/paper-3382_a_practical_comparison_of_data_driven_prognostics_methods_for_energy_systems.pdf,extraction_papers/ontocast_runs/run_remaining_500_gpt-5.6-luna_20260723_010000/input/paper-3382_a_practical_comparison_of_data_driven_prognostics_methods_for_energy_systems.pdf,hardlink
499,paper-3383,paper-3383_condition_monitoring_of_axial_piston_pumps_based_on_machine_learning_driven_real_time_cfd_si.pdf,extraction_papers/paper-3383_condition_monitoring_of_axial_piston_pumps_based_on_machine_learning_driven_real_time_cfd_si.pdf,extraction_papers/ontocast_runs/run_remaining_500_gpt-5.6-luna_20260723_010000/input/paper-3383_condition_monitoring_of_axial_piston_pumps_based_on_machine_learning_driven_real_time_cfd_si.pdf,hardlink
500,paper-3385,paper-3385_real_time_failure_prediction_of_roadms_by_gan_enhanced_machine_learning.pdf,extraction_papers/paper-3385_real_time_failure_prediction_of_roadms_by_gan_enhanced_machine_learning.pdf,extraction_papers/ontocast_runs/run_remaining_500_gpt-5.6-luna_20260723_010000/input/paper-3385_real_time_failure_prediction_of_roadms_by_gan_enhanced_machine_learning.pdf,hardlink
