corpus_id,Year,Source title,Open Access,screening_confidence,screening_reason_category,pdf_recovered
paper-0001,2026,Sensors,All Open Access; Gold Open Access; Green Open Access,high,physical_asset_maintenance,True
paper-0003,2026,Expert Systems with Applications,All Open Access; Hybrid Gold Open Access,high,physical_asset_maintenance,False
paper-0004,2026,Scientific Reports,All Open Access; Gold Open Access; Green Open Access,high,physical_asset_maintenance,True
paper-0005,2026,International Journal of Automotive and Mechanical Engineering,All Open Access; Gold Open Access,high,physical_asset_maintenance,True
paper-0006,2026,Mechanical Systems and Signal Processing,All Open Access; Green Open Access,high,physical_asset_maintenance,False
paper-0007,2026,Symmetry,All Open Access; Gold Open Access,high,physical_asset_maintenance,True
paper-0009,2026,Engineering Failure Analysis,All Open Access; Hybrid Gold Open Access,high,physical_asset_maintenance,False
paper-0012,2026,Discover Applied Sciences,All Open Access; Gold Open Access; Green Open Access,high,physical_asset_maintenance,True
paper-0015,2026,Metals,All Open Access; Gold Open Access; Green Open Access,high,physical_asset_maintenance,True
paper-0016,2026,Measurement Science and Technology,All Open Access; Hybrid Gold Open Access,high,physical_asset_maintenance,False
paper-0019,2026,Scientific Reports,All Open Access; Gold Open Access; Green Open Access,high,physical_asset_maintenance,True
paper-0020,2026,IEEE Sensors Journal,All Open Access; Green Open Access; Hybrid Gold Open Access,high,physical_asset_maintenance,False
paper-0021,2026,Machines,All Open Access; Gold Open Access; Green Open Access,high,physical_asset_maintenance,True
paper-0023,2026,Energies,All Open Access; Gold Open Access; Green Open Access,medium,physical_asset_maintenance,True
paper-0024,2026,Algorithms,All Open Access; Gold Open Access; Green Open Access,high,physical_asset_maintenance,True
paper-0025,2026,Sensors,All Open Access; Gold Open Access; Green Open Access,high,physical_asset_maintenance,True
paper-0026,2026,Sensors,All Open Access; Gold Open Access; Green Open Access,high,physical_asset_maintenance,True
paper-0027,2026,"Journal of Energy Resources Technology, Part A: Sustainable and Renewable Energy",All Open Access; Hybrid Gold Open Access,high,physical_asset_maintenance,False
paper-0028,2026,International Journal of Hydrogen Energy,All Open Access; Hybrid Gold Open Access,high,physical_asset_maintenance,False
paper-0029,2026,Sensors,All Open Access; Gold Open Access; Green Open Access,high,physical_asset_maintenance,True
paper-0030,2026,Mechanical Systems and Signal Processing,All Open Access; Hybrid Gold Open Access,high,physical_asset_maintenance,False
paper-0032,2026,Measurement: Journal of the International Measurement Confederation,All Open Access; Green Open Access,high,physical_asset_maintenance,False
paper-0033,2026,Railway Sciences,All Open Access; Gold Open Access; Green Open Access,high,physical_asset_maintenance,False
paper-0034,2026,Wind Energy Science,All Open Access; Gold Open Access; Green Open Access,high,physical_asset_maintenance,True
paper-0035,2026,International Journal of Industrial Engineering Computations,All Open Access; Gold Open Access,high,physical_asset_maintenance,True
paper-0036,2026,Results in Engineering,All Open Access; Gold Open Access,high,physical_asset_maintenance,False
paper-0039,2026,Measurement Science and Technology,All Open Access; Hybrid Gold Open Access,high,physical_asset_maintenance,False
paper-0040,2026,Measurement Science and Technology,All Open Access; Hybrid Gold Open Access,high,physical_asset_maintenance,False
paper-0041,2026,Electric Power Systems Research,All Open Access; Hybrid Gold Open Access,high,physical_asset_maintenance,False
paper-0042,2026,Electrical Engineering and Electromechanics,All Open Access; Gold Open Access; Green Open Access,medium,uncertain_but_included,True
paper-0046,2026,Sensors,All Open Access; Gold Open Access; Green Open Access,high,physical_asset_maintenance,True
paper-0047,2026,PLOS ONE,All Open Access; Gold Open Access; Green Open Access,high,physical_asset_maintenance,True
paper-0048,2026,Energies,All Open Access; Gold Open Access; Green Open Access,high,physical_asset_maintenance,True
paper-0049,2026,Reliability Engineering and System Safety,All Open Access; Hybrid Gold Open Access,high,physical_asset_maintenance,False
paper-0050,2026,Results in Engineering,All Open Access; Gold Open Access,high,physical_asset_maintenance,False
paper-0051,2026,Sensors,All Open Access; Gold Open Access; Green Open Access,high,physical_asset_maintenance,True
paper-0052,2026,Discover Artificial Intelligence,All Open Access; Gold Open Access,high,physical_asset_maintenance,True
paper-0053,2026,Scientific Reports,All Open Access; Gold Open Access; Green Open Access,high,physical_asset_maintenance,True
paper-0054,2026,Engineering Research Express,All Open Access; Hybrid Gold Open Access,high,physical_asset_maintenance,False
paper-0056,2026,Applied Sciences (Switzerland),All Open Access; Gold Open Access; Green Open Access,high,physical_asset_maintenance,True
paper-0057,2026,Electric Power Systems Research,All Open Access; Hybrid Gold Open Access,high,physical_asset_maintenance,False
paper-0058,2026,Ocean Engineering,All Open Access; Hybrid Gold Open Access,medium,physical_asset_maintenance,False
paper-0060,2026,Systems,All Open Access; Gold Open Access; Green Open Access,high,physical_asset_maintenance,True
paper-0062,2026,IEEE Transactions on Transportation Electrification,All Open Access; Green Open Access,medium,physical_asset_maintenance,True
paper-0065,2026,Scientific Reports,All Open Access; Gold Open Access; Green Open Access,high,physical_asset_maintenance,True
paper-0066,2026,ENGINEERING Management,All Open Access; Hybrid Gold Open Access,high,physical_asset_maintenance,True
paper-0067,2026,Results in Engineering,All Open Access; Gold Open Access; Green Open Access,high,physical_asset_maintenance,False
paper-0068,2026,"Engineering Science and Technology, an International Journal",All Open Access; Gold Open Access; Green Open Access,high,physical_asset_maintenance,False
paper-0069,2026,Sensors,All Open Access; Gold Open Access; Green Open Access,high,physical_asset_maintenance,True
paper-0070,2026,Power Electronic Devices and Components,All Open Access; Gold Open Access,high,physical_asset_maintenance,False
paper-0071,2026,Batteries,All Open Access; Gold Open Access; Green Open Access,high,physical_asset_maintenance,True
paper-0072,2026,Control Engineering Practice,All Open Access; Hybrid Gold Open Access,high,physical_asset_maintenance,False
paper-0073,2026,Measurement Science and Technology,All Open Access; Hybrid Gold Open Access,high,physical_asset_maintenance,False
paper-0075,2026,Electric Power Systems Research,All Open Access; Hybrid Gold Open Access,high,physical_asset_maintenance,False
paper-0076,2026,Results in Engineering,All Open Access; Gold Open Access,high,physical_asset_maintenance,False
paper-0077,2026,International Journal of Prognostics and Health Management,All Open Access; Gold Open Access,high,physical_asset_maintenance,True
paper-0079,2026,Measurement Science and Technology,All Open Access; Hybrid Gold Open Access,high,physical_asset_maintenance,False
paper-0081,2026,Applied Sciences (Switzerland),All Open Access; Gold Open Access; Green Open Access,high,physical_asset_maintenance,True
paper-0082,2026,Journal of Manufacturing Processes,All Open Access; Green Open Access; Hybrid Gold Open Access,high,physical_asset_maintenance,True
paper-0083,2026,Nanomaterials,All Open Access; Gold Open Access; Green Open Access,high,physical_asset_maintenance,True
paper-0085,2026,Results in Engineering,All Open Access; Gold Open Access,high,physical_asset_maintenance,False
paper-0086,2026,Tribology International,All Open Access; Hybrid Gold Open Access,high,physical_asset_maintenance,False
paper-0088,2026,IEEE Transactions on Power Electronics,All Open Access; Green Open Access,high,physical_asset_maintenance,False
paper-0089,2026,International Journal of Intelligent Engineering and Systems,All Open Access; Bronze Open Access,high,physical_asset_maintenance,True
paper-0090,2026,Advanced Engineering Informatics,All Open Access; Hybrid Gold Open Access,high,physical_asset_maintenance,False
paper-0091,2026,IEEE Photonics Technology Letters,All Open Access; Hybrid Gold Open Access,high,physical_asset_maintenance,False
paper-0092,2026,Digital Engineering,All Open Access; Gold Open Access,high,physical_asset_maintenance,False
paper-0099,2026,Scientific Reports,All Open Access; Gold Open Access; Green Open Access,high,physical_asset_maintenance,True
paper-0100,2026,Journal of Power Sources,All Open Access; Hybrid Gold Open Access,high,physical_asset_maintenance,False
paper-0101,2026,Applied Stochastic Models in Business and Industry,All Open Access; Green Open Access; Hybrid Gold Open Access,high,physical_asset_maintenance,False
paper-0102,2026,Scientific Reports,All Open Access; Gold Open Access,high,physical_asset_maintenance,True
paper-0103,2026,Journal of Tribology,All Open Access; Bronze Open Access,high,physical_asset_maintenance,False
paper-0104,2026,Machines,All Open Access; Gold Open Access; Green Open Access,high,physical_asset_maintenance,True
paper-0105,2026,Journal of Engineering and Technology for Industrial Applications,All Open Access; Gold Open Access; Green Open Access,high,physical_asset_maintenance,True
paper-0106,2026,Advanced Engineering Informatics,All Open Access; Green Open Access,high,physical_asset_maintenance,False
paper-0107,2026,Solar Energy,All Open Access; Green Open Access; Hybrid Gold Open Access,medium,physical_asset_maintenance,False
paper-0108,2026,Sensors,All Open Access; Gold Open Access; Green Open Access,medium,physical_asset_maintenance,True
paper-0109,2026,Maritime Transport Research,All Open Access; Gold Open Access,high,physical_asset_maintenance,False
paper-0110,2026,Probabilistic Engineering Mechanics,All Open Access; Green Open Access; Hybrid Gold Open Access,high,physical_asset_maintenance,True
paper-0111,2026,Scientific Reports,All Open Access; Gold Open Access; Green Open Access,high,physical_asset_maintenance,True
paper-0112,2026,Measurement Science and Technology,All Open Access; Hybrid Gold Open Access,high,physical_asset_maintenance,False
paper-0114,2026,Ocean Engineering,All Open Access; Green Open Access; Hybrid Gold Open Access,high,physical_asset_maintenance,False
paper-0115,2026,Microelectronics Reliability,All Open Access; Green Open Access; Hybrid Gold Open Access,high,physical_asset_maintenance,False
paper-0116,2026,Electronics (Switzerland),All Open Access; Gold Open Access,high,physical_asset_maintenance,True
paper-0117,2026,Computers and Electrical Engineering,All Open Access; Hybrid Gold Open Access,high,physical_asset_maintenance,False
paper-0118,2026,Next Energy,All Open Access; Gold Open Access; Green Open Access,high,physical_asset_maintenance,False
paper-0120,2026,Egyptian Informatics Journal,All Open Access; Gold Open Access,high,physical_asset_maintenance,False
paper-0121,2026,Engineering Research Express,All Open Access; Hybrid Gold Open Access,high,physical_asset_maintenance,False
paper-0122,2026,Engineering Research Express,All Open Access; Hybrid Gold Open Access,high,physical_asset_maintenance,False
paper-0123,2026,Scientific Reports,All Open Access; Gold Open Access; Green Open Access,high,physical_asset_maintenance,True
paper-0124,2026,"ASCE-ASME Journal of Risk and Uncertainty in Engineering Systems, Part B: Mechanical Engineering",All Open Access; Hybrid Gold Open Access,high,physical_asset_maintenance,False
paper-0125,2026,Aerospace,All Open Access; Gold Open Access; Green Open Access,medium,physical_asset_maintenance,True
paper-0127,2026,Intelligent Service Robotics,All Open Access; Green Open Access,high,physical_asset_maintenance,True
paper-0128,2026,Measurement Science and Technology,All Open Access; Hybrid Gold Open Access,high,physical_asset_maintenance,False
paper-0129,2026,Sensors,All Open Access; Gold Open Access; Green Open Access,high,physical_asset_maintenance,True
paper-0133,2026,Array,All Open Access; Gold Open Access,high,physical_asset_maintenance,False
paper-0134,2026,Results in Engineering,All Open Access; Gold Open Access,high,physical_asset_maintenance,False
paper-0135,2026,SPE Journal,All Open Access; Hybrid Gold Open Access,high,physical_asset_maintenance,False
paper-0136,2026,Applied Sciences (Switzerland),All Open Access; Gold Open Access; Green Open Access,high,physical_asset_maintenance,True
paper-0137,2026,"Eurasip Journal on Audio, Speech, and Music Processing",All Open Access; Gold Open Access; Green Open Access,high,physical_asset_maintenance,True
paper-0138,2026,International Journal of Data Science and Analytics,All Open Access; Hybrid Gold Open Access,high,physical_asset_maintenance,True
paper-0140,2026,Results in Engineering,All Open Access; Gold Open Access,high,physical_asset_maintenance,False
paper-0142,2026,Computation,All Open Access; Gold Open Access; Green Open Access,high,physical_asset_maintenance,True
paper-0143,2026,Scientific Reports,All Open Access; Gold Open Access; Green Open Access,high,physical_asset_maintenance,True
paper-0144,2026,Hacettepe Journal of Mathematics and Statistics,All Open Access; Gold Open Access,high,physical_asset_maintenance,True
paper-0145,2026,Energy Conversion and Management: X,All Open Access; Gold Open Access,high,physical_asset_maintenance,False
paper-0146,2026,Microchemical Journal,All Open Access; Hybrid Gold Open Access,high,physical_asset_maintenance,False
paper-0147,2026,Energy Conversion and Management: X,All Open Access; Gold Open Access; Green Open Access,high,physical_asset_maintenance,False
paper-0148,2026,Scientific Reports,All Open Access; Gold Open Access; Green Open Access,high,physical_asset_maintenance,True
paper-0149,2026,Applied Sciences (Switzerland),All Open Access; Gold Open Access; Green Open Access,high,physical_asset_maintenance,True
paper-0150,2026,Scientific Reports,All Open Access; Gold Open Access; Green Open Access,high,physical_asset_maintenance,True
paper-0152,2026,Nuclear Engineering and Technology,All Open Access; Gold Open Access; Green Open Access,high,physical_asset_maintenance,False
paper-0153,2026,Journal of Sound and Vibration,All Open Access; Hybrid Gold Open Access,medium,physical_asset_maintenance,False
paper-0154,2026,Engineering Reports,All Open Access; Gold Open Access; Green Open Access,high,physical_asset_maintenance,False
paper-0155,2026,Scientific Reports,All Open Access; Gold Open Access; Green Open Access,high,physical_asset_maintenance,True
paper-0157,2026,Applied Sciences (Switzerland),All Open Access; Gold Open Access; Green Open Access,high,physical_asset_maintenance,True
paper-0159,2026,Energy Reports,All Open Access; Gold Open Access,high,physical_asset_maintenance,False
paper-0160,2026,Reliability Engineering and System Safety,All Open Access; Green Open Access,high,physical_asset_maintenance,False
paper-0161,2026,Entropy,All Open Access; Gold Open Access; Green Open Access,medium,physical_asset_maintenance,True
paper-0162,2026,Astronomy and Computing,All Open Access; Green Open Access; Hybrid Gold Open Access,medium,uncertain_but_included,True
paper-0163,2026,Batteries,All Open Access; Gold Open Access; Green Open Access,high,physical_asset_maintenance,True
paper-0164,2026,Scientific Reports,All Open Access; Gold Open Access; Green Open Access,high,physical_asset_maintenance,True
paper-0165,2026,European Journal of Operational Research,All Open Access; Green Open Access; Hybrid Gold Open Access,high,physical_asset_maintenance,False
paper-0166,2026,Chemical Engineering Journal Advances,All Open Access; Gold Open Access,high,physical_asset_maintenance,False
paper-0167,2026,Electronics (Switzerland),All Open Access; Gold Open Access,high,physical_asset_maintenance,True
paper-0168,2026,IEEE Transactions on Transportation Electrification,All Open Access; Green Open Access,high,physical_asset_maintenance,True
paper-0171,2026,Array,All Open Access; Gold Open Access,high,physical_asset_maintenance,False
paper-0172,2026,Results in Engineering,All Open Access; Gold Open Access,high,physical_asset_maintenance,False
paper-0173,2026,Applications in Energy and Combustion Science,All Open Access; Gold Open Access; Green Open Access,high,physical_asset_maintenance,False
paper-0174,2026,Scientific Reports,All Open Access; Gold Open Access; Green Open Access,high,physical_asset_maintenance,True
paper-0175,2026,Results in Engineering,All Open Access; Gold Open Access; Green Open Access,high,physical_asset_maintenance,False
paper-0177,2026,Nature Environment and Pollution Technology,All Open Access; Gold Open Access,medium,physical_asset_maintenance,True
paper-0178,2026,Journal of Engineering and Technology for Industrial Applications,All Open Access; Gold Open Access; Green Open Access,high,physical_asset_maintenance,True
paper-0179,2026,Chinese Journal of Electrical Engineering,All Open Access; Gold Open Access,high,physical_asset_maintenance,False
paper-0182,2026,Results in Engineering,All Open Access; Gold Open Access,high,physical_asset_maintenance,False
paper-0183,2026,Electronics (Switzerland),All Open Access; Gold Open Access,high,physical_asset_maintenance,True
paper-0184,2026,Solar Energy,All Open Access; Green Open Access; Hybrid Gold Open Access,high,physical_asset_maintenance,True
paper-0185,2026,Forschung im Ingenieurwesen/Engineering Research,All Open Access; Green Open Access; Hybrid Gold Open Access,high,physical_asset_maintenance,True
paper-0187,2026,Array,All Open Access; Gold Open Access,high,physical_asset_maintenance,False
paper-0189,2026,Reliability Engineering and System Safety,All Open Access; Hybrid Gold Open Access,high,physical_asset_maintenance,False
paper-0190,2026,Signals,All Open Access; Gold Open Access; Green Open Access,high,physical_asset_maintenance,True
paper-0193,2026,Engineering Research Express,All Open Access; Hybrid Gold Open Access,high,physical_asset_maintenance,False
paper-0195,2026,Journal of Power Sources,All Open Access; Hybrid Gold Open Access,high,physical_asset_maintenance,False
paper-0197,2026,Engineering Research Express,All Open Access; Hybrid Gold Open Access,high,physical_asset_maintenance,False
paper-0198,2026,Scientific African,All Open Access; Gold Open Access,high,physical_asset_maintenance,False
paper-0200,2026,Results in Engineering,All Open Access; Gold Open Access,high,physical_asset_maintenance,False
paper-0201,2026,Scientific Reports,All Open Access; Gold Open Access; Green Open Access,high,physical_asset_maintenance,True
paper-0204,2026,Applied Sciences (Switzerland),All Open Access; Gold Open Access; Green Open Access,high,physical_asset_maintenance,True
paper-0205,2026,Machines,All Open Access; Gold Open Access; Green Open Access,high,physical_asset_maintenance,True
paper-0206,2026,Ocean Engineering,All Open Access; Hybrid Gold Open Access,high,physical_asset_maintenance,False
paper-0207,2026,Energy and AI,All Open Access; Gold Open Access,high,physical_asset_maintenance,False
paper-0208,2026,Energy Conversion and Management: X,All Open Access; Gold Open Access,high,physical_asset_maintenance,False
paper-0209,2026,Marine Structures,All Open Access; Hybrid Gold Open Access,high,physical_asset_maintenance,False
paper-0210,2026,Sustainability (Switzerland),All Open Access; Gold Open Access,high,physical_asset_maintenance,True
paper-0212,2026,Sensors,All Open Access; Gold Open Access; Green Open Access,high,physical_asset_maintenance,True
paper-0213,2026,Processes,All Open Access; Gold Open Access,high,physical_asset_maintenance,True
paper-0214,2026,IEEE Sensors Letters,All Open Access; Hybrid Gold Open Access,high,physical_asset_maintenance,False
paper-0215,2026,Sustainable Energy Technologies and Assessments,All Open Access; Hybrid Gold Open Access,high,physical_asset_maintenance,False
paper-0216,2026,Measurement (Netherlands),All Open Access; Gold Open Access,high,physical_asset_maintenance,False
paper-0217,2026,Scientific Reports,All Open Access; Gold Open Access; Green Open Access,high,physical_asset_maintenance,True
paper-0218,2026,Batteries,All Open Access; Gold Open Access; Green Open Access,medium,physical_asset_maintenance,True
paper-0219,2026,Reliability Engineering and System Safety,All Open Access; Hybrid Gold Open Access,high,physical_asset_maintenance,False
paper-0221,2026,Processes,All Open Access; Gold Open Access,high,physical_asset_maintenance,True
paper-0222,2026,Journal of Applied Fluid Mechanics,All Open Access; Gold Open Access; Green Open Access,high,physical_asset_maintenance,True
paper-0223,2026,Engineering Research Express,All Open Access; Green Open Access,high,physical_asset_maintenance,True
paper-0224,2026,Eng,All Open Access; Gold Open Access; Green Open Access,high,physical_asset_maintenance,True
paper-0226,2026,Sci,All Open Access; Gold Open Access; Green Open Access,high,physical_asset_maintenance,True
paper-0227,2026,Applied Sciences (Switzerland),All Open Access; Gold Open Access; Green Open Access,high,physical_asset_maintenance,True
paper-0228,2026,"Journal of Dynamics, Monitoring and Diagnostics",All Open Access; Gold Open Access,high,physical_asset_maintenance,True
paper-0229,2026,Discover Computing,All Open Access; Gold Open Access; Green Open Access,high,physical_asset_maintenance,True
paper-0231,2026,"International Journal of Engineering, Transactions A: Basics",All Open Access; Hybrid Gold Open Access,high,physical_asset_maintenance,True
paper-0232,2026,Sensors,All Open Access; Gold Open Access; Green Open Access,high,physical_asset_maintenance,True
paper-0233,2026,Energy Conversion and Management: X,All Open Access; Gold Open Access,high,physical_asset_maintenance,False
paper-0235,2026,Journal of Manufacturing Systems,All Open Access; Hybrid Gold Open Access,high,physical_asset_maintenance,False
paper-0236,2026,Wear,All Open Access; Hybrid Gold Open Access,high,physical_asset_maintenance,False
paper-0237,2026,International Journal of GEOMATE,All Open Access; Gold Open Access,medium,physical_asset_maintenance,False
paper-0238,2026,Engineering Research Express,All Open Access; Hybrid Gold Open Access,high,physical_asset_maintenance,False
paper-0239,2026,Scientific Reports,All Open Access; Gold Open Access; Green Open Access,high,physical_asset_maintenance,True
paper-0243,2026,Wind Energy Science,All Open Access; Gold Open Access; Green Open Access,high,physical_asset_maintenance,True
paper-0244,2026,Physica Scripta,All Open Access; Hybrid Gold Open Access,high,physical_asset_maintenance,False
paper-0245,2026,Results in Engineering,All Open Access; Gold Open Access,high,physical_asset_maintenance,False
paper-0246,2026,Sensors,All Open Access; Gold Open Access; Green Open Access,high,physical_asset_maintenance,True
paper-0247,2026,Journal of Big Data,All Open Access; Gold Open Access; Green Open Access,high,physical_asset_maintenance,True
paper-0250,2026,Batteries,All Open Access; Gold Open Access; Green Open Access,high,physical_asset_maintenance,True
paper-0251,2026,Engineering Research Express,All Open Access; Hybrid Gold Open Access,medium,physical_asset_maintenance,False
paper-0252,2026,Energy Conversion and Management: X,All Open Access; Gold Open Access,high,physical_asset_maintenance,False
paper-0253,2026,Expert Systems with Applications,All Open Access; Green Open Access,high,physical_asset_maintenance,False
paper-0254,2026,Cell Reports Physical Science,All Open Access; Gold Open Access; Green Open Access,high,physical_asset_maintenance,False
paper-0255,2026,Journal of Artificial Intelligence and Technology,All Open Access; Gold Open Access,high,physical_asset_maintenance,True
paper-0256,2026,Advanced Engineering Informatics,All Open Access; Hybrid Gold Open Access,high,physical_asset_maintenance,False
paper-0257,2026,Machines,All Open Access; Gold Open Access; Green Open Access,high,physical_asset_maintenance,True
paper-0258,2026,Scientific Reports,All Open Access; Gold Open Access; Green Open Access,high,physical_asset_maintenance,True
paper-0259,2026,Expert Systems with Applications,All Open Access; Hybrid Gold Open Access,high,physical_asset_maintenance,False
paper-0261,2026,Computers in Industry,All Open Access; Hybrid Gold Open Access,high,physical_asset_maintenance,False
paper-0262,2026,Sensors,All Open Access; Gold Open Access; Green Open Access,high,physical_asset_maintenance,True
paper-0263,2026,Energies,All Open Access; Gold Open Access; Green Open Access,high,physical_asset_maintenance,True
paper-0264,2026,AIP Advances,All Open Access; Gold Open Access; Green Open Access,high,physical_asset_maintenance,False
paper-0265,2026,IEEE Sensors Journal,All Open Access; Green Open Access,high,physical_asset_maintenance,True
paper-0267,2026,Sensors,All Open Access; Gold Open Access; Green Open Access,high,physical_asset_maintenance,True
paper-0268,2026,International Journal of Electrical Power and Energy Systems,All Open Access; Gold Open Access,high,physical_asset_maintenance,False
paper-0269,2026,Processes,All Open Access; Gold Open Access,high,physical_asset_maintenance,True
paper-0270,2026,Tunnelling and Underground Space Technology,All Open Access; Hybrid Gold Open Access,high,physical_asset_maintenance,False
paper-0272,2026,Engineering Applications of Artificial Intelligence,All Open Access; Green Open Access,medium,physical_asset_maintenance,False
paper-0273,2026,Sensors,All Open Access; Gold Open Access; Green Open Access,high,physical_asset_maintenance,True
paper-0275,2026,Measurement Science and Technology,All Open Access; Hybrid Gold Open Access,medium,physical_asset_maintenance,False
paper-0277,2026,Results in Engineering,All Open Access; Gold Open Access,high,physical_asset_maintenance,False
paper-0278,2026,Engineering Research Express,All Open Access; Hybrid Gold Open Access,high,physical_asset_maintenance,False
paper-0280,2026,PLOS ONE,All Open Access; Gold Open Access; Green Open Access,high,physical_asset_maintenance,True
paper-0282,2026,Results in Engineering,All Open Access; Gold Open Access,high,physical_asset_maintenance,False
paper-0284,2026,Scientific Reports,All Open Access; Gold Open Access; Green Open Access,high,physical_asset_maintenance,True
paper-0285,2026,Advanced Engineering Informatics,All Open Access; Hybrid Gold Open Access,high,physical_asset_maintenance,False
paper-0286,2026,Engineering Research Express,All Open Access; Hybrid Gold Open Access,high,physical_asset_maintenance,False
paper-0287,2026,Energies,All Open Access; Gold Open Access; Green Open Access,high,physical_asset_maintenance,True
paper-0289,2026,Applied Sciences (Switzerland),All Open Access; Gold Open Access; Green Open Access,high,physical_asset_maintenance,True
paper-0290,2026,Engineering Research Express,All Open Access; Hybrid Gold Open Access,high,physical_asset_maintenance,False
paper-0293,2026,Mechanical Systems and Signal Processing,All Open Access; Hybrid Gold Open Access,medium,physical_asset_maintenance,False
paper-0297,2026,Measurement Science and Technology,All Open Access; Hybrid Gold Open Access,high,physical_asset_maintenance,False
paper-0298,2026,Journal of Ocean Engineering and Science,All Open Access; Gold Open Access; Green Open Access,high,physical_asset_maintenance,False
paper-0300,2026,Aerospace Science and Technology,All Open Access; Hybrid Gold Open Access,medium,physical_asset_maintenance,False
paper-0301,2026,Information Fusion,All Open Access; Green Open Access; Hybrid Gold Open Access,high,physical_asset_maintenance,False
paper-0302,2026,Journal of Engineering and Applied Science,All Open Access; Gold Open Access; Green Open Access,high,physical_asset_maintenance,True
paper-0304,2026,Applied Energy,All Open Access; Green Open Access; Hybrid Gold Open Access,high,physical_asset_maintenance,False
paper-0305,2026,Journal of the Faculty of Engineering and Architecture of Gazi University,All Open Access; Gold Open Access,high,physical_asset_maintenance,True
paper-0306,2026,Scientific Reports,All Open Access; Gold Open Access; Green Open Access,high,physical_asset_maintenance,True
paper-0307,2026,Applied Sciences (Switzerland),All Open Access; Gold Open Access; Green Open Access,high,physical_asset_maintenance,True
paper-0308,2026,Green Energy and Intelligent Transportation,All Open Access; Gold Open Access; Green Open Access,high,physical_asset_maintenance,False
paper-0309,2026,Engineering Research Express,All Open Access; Green Open Access; Hybrid Gold Open Access,high,physical_asset_maintenance,False
paper-0313,2026,Scientific Reports,All Open Access; Gold Open Access; Green Open Access,high,physical_asset_maintenance,True
paper-0315,2026,Ocean Engineering,All Open Access; Green Open Access,high,physical_asset_maintenance,True
paper-0319,2026,Polish Maritime Research,All Open Access; Gold Open Access,high,physical_asset_maintenance,True
paper-0320,2026,World Electric Vehicle Journal,All Open Access; Gold Open Access; Green Open Access,high,physical_asset_maintenance,True
paper-0322,2026,International Journal of Hydrogen Energy,All Open Access; Hybrid Gold Open Access,high,physical_asset_maintenance,False
paper-0323,2026,Measurement Science and Technology,All Open Access; Hybrid Gold Open Access,high,physical_asset_maintenance,False
paper-0324,2026,International Journal of Prognostics and Health Management,All Open Access; Gold Open Access,high,physical_asset_maintenance,True
paper-0326,2026,International Journal of Computational Intelligence Systems,All Open Access; Gold Open Access; Green Open Access,high,physical_asset_maintenance,True
paper-0327,2026,Reliability Engineering and System Safety,All Open Access; Green Open Access,high,physical_asset_maintenance,False
paper-0330,2026,Actuators,All Open Access; Gold Open Access; Green Open Access,high,physical_asset_maintenance,True
paper-0331,2026,Sensors,All Open Access; Gold Open Access; Green Open Access,high,physical_asset_maintenance,True
paper-0333,2026,Scientific Reports,All Open Access; Gold Open Access; Green Open Access,high,physical_asset_maintenance,True
paper-0334,2026,Reliability Engineering and System Safety,All Open Access; Hybrid Gold Open Access,high,physical_asset_maintenance,False
paper-0335,2026,Measurement Science and Technology,All Open Access; Hybrid Gold Open Access,high,physical_asset_maintenance,False
paper-0336,2026,Computers and Chemical Engineering,All Open Access; Hybrid Gold Open Access,high,physical_asset_maintenance,False
paper-0337,2026,Structural Health Monitoring,All Open Access; Hybrid Gold Open Access,high,physical_asset_maintenance,True
paper-0338,2026,Ocean Engineering,All Open Access; Hybrid Gold Open Access,high,physical_asset_maintenance,False
paper-0339,2026,Sensors,All Open Access; Gold Open Access; Green Open Access,high,physical_asset_maintenance,True
paper-0340,2026,Algorithms,All Open Access; Gold Open Access; Green Open Access,high,physical_asset_maintenance,True
paper-0343,2026,Energy Informatics,All Open Access; Gold Open Access; Green Open Access,high,physical_asset_maintenance,True
paper-0344,2026,AIP Advances,All Open Access; Gold Open Access; Green Open Access,high,physical_asset_maintenance,False
paper-0346,2026,Discover Mechanical Engineering,All Open Access; Gold Open Access; Green Open Access,high,physical_asset_maintenance,True
paper-0347,2026,Journal of Engineering and Applied Science,All Open Access; Gold Open Access; Green Open Access,high,physical_asset_maintenance,True
paper-0348,2026,Discover Internet of Things,All Open Access; Gold Open Access; Green Open Access,high,physical_asset_maintenance,True
paper-0350,2026,Chinese Journal of Aeronautics,All Open Access; Hybrid Gold Open Access,high,physical_asset_maintenance,False
paper-0351,2026,Results in Engineering,All Open Access; Gold Open Access,high,physical_asset_maintenance,False
paper-0352,2026,Journal of Engineering and Applied Science,All Open Access; Gold Open Access; Green Open Access,high,physical_asset_maintenance,True
paper-0353,2026,Energy and Buildings,All Open Access; Green Open Access,high,physical_asset_maintenance,False
paper-0354,2026,Journal of Power Sources,All Open Access; Hybrid Gold Open Access,high,physical_asset_maintenance,False
paper-0355,2026,Scientific Reports,All Open Access; Gold Open Access; Green Open Access,high,physical_asset_maintenance,True
paper-0357,2026,Research on Engineering Structures and Materials,All Open Access; Bronze Open Access,high,physical_asset_maintenance,True
paper-0358,2026,SoftwareX,All Open Access; Gold Open Access; Green Open Access,medium,physical_asset_maintenance,False
paper-0359,2026,Discover Computing,All Open Access; Gold Open Access; Green Open Access,high,physical_asset_maintenance,True
paper-0360,2026,Energy Conversion and Management: X,All Open Access; Gold Open Access,high,physical_asset_maintenance,False
paper-0361,2026,Electronics (Switzerland),All Open Access; Gold Open Access,high,physical_asset_maintenance,True
paper-0363,2026,Batteries,All Open Access; Gold Open Access; Green Open Access,high,physical_asset_maintenance,True
paper-0365,2026,Sensors,All Open Access; Gold Open Access; Green Open Access,high,physical_asset_maintenance,True
paper-0366,2026,Structural Health Monitoring,All Open Access; Green Open Access,high,physical_asset_maintenance,True
paper-0368,2026,Digital Chemical Engineering,All Open Access; Gold Open Access,high,physical_asset_maintenance,False
paper-0369,2026,Measurement Science and Technology,All Open Access; Hybrid Gold Open Access,high,physical_asset_maintenance,False
paper-0370,2026,Energies,All Open Access; Gold Open Access; Green Open Access,high,physical_asset_maintenance,True
paper-0372,2026,Journal of Quality in Maintenance Engineering,All Open Access; Hybrid Gold Open Access,high,physical_asset_maintenance,False
paper-0373,2026,Energies,All Open Access; Gold Open Access; Green Open Access,high,physical_asset_maintenance,True
paper-0374,2026,Applied Sciences (Switzerland),All Open Access; Gold Open Access; Green Open Access,high,physical_asset_maintenance,True
paper-0375,2026,Scientific Reports,All Open Access; Gold Open Access; Green Open Access,high,physical_asset_maintenance,True
paper-0376,2026,Reliability Engineering and System Safety,All Open Access; Hybrid Gold Open Access,high,physical_asset_maintenance,False
paper-0377,2026,Nanotechnology and Precision Engineering,All Open Access; Gold Open Access; Green Open Access,high,physical_asset_maintenance,False
paper-0378,2026,Discover Computing,All Open Access; Gold Open Access; Green Open Access,high,physical_asset_maintenance,True
paper-0379,2026,Energy and AI,All Open Access; Gold Open Access; Green Open Access,high,physical_asset_maintenance,False
paper-0380,2026,"International Journal of Mathematical, Engineering and Management Sciences",All Open Access; Gold Open Access; Green Open Access,high,physical_asset_maintenance,True
paper-0381,2026,Results in Engineering,All Open Access; Gold Open Access,high,physical_asset_maintenance,False
paper-0383,2026,Transport and Telecommunication,All Open Access; Gold Open Access; Green Open Access,high,physical_asset_maintenance,True
paper-0384,2026,Thin-Walled Structures,All Open Access; Hybrid Gold Open Access,high,physical_asset_maintenance,False
paper-0385,2026,Mechanical Systems and Signal Processing,All Open Access; Hybrid Gold Open Access,high,physical_asset_maintenance,False
paper-0386,2026,Sensors,All Open Access; Gold Open Access; Green Open Access,high,physical_asset_maintenance,True
paper-0387,2026,Scientific Reports,All Open Access; Gold Open Access; Green Open Access,high,physical_asset_maintenance,True
paper-0388,2026,Wind Energy,All Open Access; Gold Open Access; Green Open Access,high,physical_asset_maintenance,False
paper-0389,2026,Journal of Process Control,All Open Access; Hybrid Gold Open Access,high,physical_asset_maintenance,False
paper-0390,2026,Journal of Power Sources,All Open Access; Green Open Access; Hybrid Gold Open Access,high,physical_asset_maintenance,False
paper-0391,2026,Green Energy and Intelligent Transportation,All Open Access; Gold Open Access; Green Open Access,high,physical_asset_maintenance,False
paper-0392,2026,Processes,All Open Access; Gold Open Access,high,physical_asset_maintenance,True
paper-0393,2026,Sustainability (Switzerland),All Open Access; Gold Open Access,high,physical_asset_maintenance,True
paper-0394,2026,Measurement Science and Technology,All Open Access; Hybrid Gold Open Access,high,physical_asset_maintenance,False
paper-0396,2026,Scientific Reports,All Open Access; Gold Open Access; Green Open Access,high,physical_asset_maintenance,True
paper-0398,2026,Scientific Reports,All Open Access; Gold Open Access; Green Open Access,high,physical_asset_maintenance,True
paper-0400,2026,Scientific Reports,All Open Access; Gold Open Access; Green Open Access,high,physical_asset_maintenance,True
paper-0402,2026,Scientific Reports,All Open Access; Gold Open Access; Green Open Access,high,physical_asset_maintenance,True
paper-0403,2026,Scientific Reports,All Open Access; Gold Open Access; Green Open Access,high,physical_asset_maintenance,True
paper-0405,2026,Processes,All Open Access; Gold Open Access,high,physical_asset_maintenance,True
paper-0406,2026,Electronics (Switzerland),All Open Access; Gold Open Access,high,physical_asset_maintenance,True
paper-0408,2026,Ocean Engineering,All Open Access; Green Open Access; Hybrid Gold Open Access,high,physical_asset_maintenance,False
paper-0409,2026,Results in Engineering,All Open Access; Gold Open Access,high,physical_asset_maintenance,False
paper-0410,2026,Reliability Engineering and System Safety,All Open Access; Green Open Access,high,physical_asset_maintenance,False
paper-0414,2026,Measurement Science and Technology,All Open Access; Hybrid Gold Open Access,high,physical_asset_maintenance,False
paper-0416,2026,Energies,All Open Access; Gold Open Access; Green Open Access,high,physical_asset_maintenance,True
paper-0418,2026,Discover Computing,All Open Access; Gold Open Access; Green Open Access,high,physical_asset_maintenance,True
paper-0419,2026,Bangladesh Journal of Multidisciplinary Scientific Research,All Open Access; Gold Open Access,high,physical_asset_maintenance,True
paper-0420,2026,Advanced Engineering Informatics,All Open Access; Hybrid Gold Open Access,high,physical_asset_maintenance,False
paper-0421,2026,Mechanical Systems and Signal Processing,All Open Access; Green Open Access; Hybrid Gold Open Access,high,physical_asset_maintenance,False
paper-0422,2026,Computers and Industrial Engineering,All Open Access; Green Open Access,high,physical_asset_maintenance,False
paper-0423,2026,Sensors,All Open Access; Gold Open Access; Green Open Access,high,physical_asset_maintenance,True
paper-0424,2026,Scientific Reports,All Open Access; Gold Open Access; Green Open Access,high,physical_asset_maintenance,True
paper-0427,2026,Array,All Open Access; Gold Open Access,high,physical_asset_maintenance,False
paper-0428,2026,Energies,All Open Access; Gold Open Access; Green Open Access,medium,physical_asset_maintenance,True
paper-0429,2026,Results in Engineering,All Open Access; Gold Open Access,high,physical_asset_maintenance,False
paper-0430,2026,Measurement: Journal of the International Measurement Confederation,All Open Access; Hybrid Gold Open Access,high,physical_asset_maintenance,False
paper-0434,2026,Journal of Power Sources,All Open Access; Green Open Access; Hybrid Gold Open Access,high,physical_asset_maintenance,False
paper-0436,2026,Neural Computing and Applications,All Open Access; Hybrid Gold Open Access,high,physical_asset_maintenance,True
paper-0438,2026,Reliability Engineering and System Safety,All Open Access; Green Open Access,high,physical_asset_maintenance,False
paper-0439,2026,Journal of Marine Science and Engineering,All Open Access; Gold Open Access; Green Open Access,high,physical_asset_maintenance,True
paper-0441,2026,Journal of Marine Science and Engineering,All Open Access; Gold Open Access; Green Open Access,high,physical_asset_maintenance,True
paper-0442,2026,Scientific Reports,All Open Access; Gold Open Access; Green Open Access,high,physical_asset_maintenance,True
paper-0443,2026,Computers and Industrial Engineering,All Open Access; Green Open Access,high,physical_asset_maintenance,False
paper-0444,2026,Electronics (Switzerland),All Open Access; Gold Open Access,high,physical_asset_maintenance,True
paper-0445,2026,Results in Engineering,All Open Access; Gold Open Access,high,physical_asset_maintenance,False
paper-0446,2026,Reliability Engineering and System Safety,All Open Access; Green Open Access; Hybrid Gold Open Access,high,physical_asset_maintenance,True
paper-0447,2026,Nano Energy,All Open Access; Hybrid Gold Open Access,medium,physical_asset_maintenance,False
paper-0448,2026,Engineering Research Express,All Open Access; Hybrid Gold Open Access,high,physical_asset_maintenance,False
paper-0449,2026,Discover Applied Sciences,All Open Access; Gold Open Access; Green Open Access,high,physical_asset_maintenance,True
paper-0451,2026,Energy Reports,All Open Access; Gold Open Access; Green Open Access,medium,physical_asset_maintenance,False
paper-0452,2026,Mathematics,All Open Access; Gold Open Access; Green Open Access,high,physical_asset_maintenance,True
paper-0456,2026,Mechanical Systems and Signal Processing,All Open Access; Green Open Access; Hybrid Gold Open Access,high,physical_asset_maintenance,False
paper-0457,2026,Scientific Reports,All Open Access; Gold Open Access; Green Open Access,high,physical_asset_maintenance,True
paper-0462,2026,"Chaos, Solitons and Fractals",All Open Access; Hybrid Gold Open Access,high,physical_asset_maintenance,False
paper-0463,2026,"Sensors (Basel, Switzerland)",All Open Access; Gold Open Access; Green Open Access,high,physical_asset_maintenance,False
paper-0464,2026,Energies,All Open Access; Gold Open Access; Green Open Access,high,physical_asset_maintenance,True
paper-0466,2026,JVC/Journal of Vibration and Control,All Open Access; Bronze Open Access,high,physical_asset_maintenance,True
paper-0469,2026,Next Energy,All Open Access; Gold Open Access,high,physical_asset_maintenance,False
paper-0471,2026,Energies,All Open Access; Gold Open Access; Green Open Access,high,physical_asset_maintenance,True
paper-0473,2026,Scientific Reports,All Open Access; Gold Open Access; Green Open Access,high,physical_asset_maintenance,True
paper-0474,2026,Sensors,All Open Access; Gold Open Access; Green Open Access,high,physical_asset_maintenance,True
paper-0476,2026,Reliability Engineering and System Safety,All Open Access; Green Open Access; Hybrid Gold Open Access,high,physical_asset_maintenance,False
paper-0477,2026,Applied Sciences (Switzerland),All Open Access; Gold Open Access; Green Open Access,medium,physical_asset_maintenance,True
paper-0478,2026,Energy,All Open Access; Green Open Access; Hybrid Gold Open Access,high,physical_asset_maintenance,True
paper-0479,2026,HardwareX,All Open Access; Gold Open Access; Green Open Access,high,physical_asset_maintenance,False
paper-0481,2026,International Journal of Computational Intelligence Systems,All Open Access; Gold Open Access; Green Open Access,high,physical_asset_maintenance,True
paper-0482,2026,Journal of Energy Storage,All Open Access; Hybrid Gold Open Access,medium,physical_asset_maintenance,False
paper-0483,2026,Nature Communications ,All Open Access; Gold Open Access; Green Open Access,high,physical_asset_maintenance,True
paper-0484,2026,Neurocomputing,All Open Access; Hybrid Gold Open Access,high,physical_asset_maintenance,False
paper-0486,2026,Scientific Reports,All Open Access; Gold Open Access; Green Open Access,high,physical_asset_maintenance,True
paper-0487,2026,Mechanical Systems and Signal Processing,All Open Access; Hybrid Gold Open Access,high,physical_asset_maintenance,False
paper-0488,2026,Measurement Science and Technology,All Open Access; Hybrid Gold Open Access,high,physical_asset_maintenance,False
paper-0489,2026,Electronics (Switzerland),All Open Access; Gold Open Access,high,physical_asset_maintenance,True
paper-0491,2026,Eng,All Open Access; Gold Open Access; Green Open Access,high,physical_asset_maintenance,True
paper-0492,2026,Energy Reports,All Open Access; Gold Open Access; Green Open Access,high,physical_asset_maintenance,False
paper-0493,2026,Information Fusion,All Open Access; Hybrid Gold Open Access,high,physical_asset_maintenance,False
paper-0497,2026,Energy and AI,All Open Access; Gold Open Access,high,physical_asset_maintenance,False
paper-0500,2026,Mechanical Systems and Signal Processing,All Open Access; Green Open Access; Hybrid Gold Open Access,high,physical_asset_maintenance,False
paper-0501,2026,Machines,All Open Access; Gold Open Access; Green Open Access,high,physical_asset_maintenance,True
paper-0502,2026,RAIRO - Operations Research,All Open Access; Gold Open Access,high,physical_asset_maintenance,True
paper-0506,2026,Journal of Power Sources,All Open Access; Hybrid Gold Open Access,high,physical_asset_maintenance,False
paper-0507,2026,IEEE Access,All Open Access; Gold Open Access; Green Open Access,high,physical_asset_maintenance,False
paper-0508,2026,International Journal of Vehicle Structures and Systems,All Open Access; Hybrid Gold Open Access,high,physical_asset_maintenance,False
paper-0509,2026,Proceedings on Engineering Sciences,All Open Access; Gold Open Access,high,physical_asset_maintenance,True
paper-0510,2026,"Engineering, Technology and Applied Science Research",All Open Access; Gold Open Access,high,physical_asset_maintenance,True
paper-0512,2026,Advances in Mechanical Engineering,All Open Access; Gold Open Access; Green Open Access,high,physical_asset_maintenance,True
paper-0513,2026,Energies,All Open Access; Gold Open Access; Green Open Access,high,physical_asset_maintenance,True
paper-0514,2026,Advanced Engineering Informatics,All Open Access; Hybrid Gold Open Access,high,physical_asset_maintenance,False
paper-0517,2026,Journal of Intelligent Manufacturing,All Open Access; Green Open Access; Hybrid Gold Open Access,high,physical_asset_maintenance,True
paper-0518,2026,Energies,All Open Access; Gold Open Access; Green Open Access,high,physical_asset_maintenance,True
paper-0519,2026,Battery Energy,All Open Access; Gold Open Access; Green Open Access,high,physical_asset_maintenance,False
paper-0520,2026,Applied Sciences (Switzerland),All Open Access; Gold Open Access; Green Open Access,high,physical_asset_maintenance,True
paper-0521,2026,Computers and Industrial Engineering,All Open Access; Hybrid Gold Open Access,high,physical_asset_maintenance,False
paper-0523,2026,Advances in Technology Innovation,All Open Access; Gold Open Access; Green Open Access,high,physical_asset_maintenance,True
paper-0524,2026,Aerospace,All Open Access; Gold Open Access; Green Open Access,high,physical_asset_maintenance,True
paper-0525,2026,IEEE Transactions on Instrumentation and Measurement,All Open Access; Green Open Access,high,physical_asset_maintenance,False
paper-0526,2026,Ain Shams Engineering Journal,All Open Access; Gold Open Access; Green Open Access,high,physical_asset_maintenance,False
paper-0527,2026,Electrochemistry,All Open Access; Gold Open Access,high,physical_asset_maintenance,True
paper-0529,2026,Applied Sciences (Switzerland),All Open Access; Gold Open Access; Green Open Access,high,physical_asset_maintenance,True
paper-0530,2026,IEEE Access,All Open Access; Gold Open Access; Green Open Access,high,physical_asset_maintenance,False
paper-0531,2026,Technologies,All Open Access; Gold Open Access; Green Open Access,high,physical_asset_maintenance,True
paper-0532,2026,Applied Sciences (Switzerland),All Open Access; Gold Open Access,high,physical_asset_maintenance,True
paper-0533,2026,"Computers, Materials and Continua",All Open Access; Gold Open Access,high,physical_asset_maintenance,True
paper-0536,2026,Machines,All Open Access; Gold Open Access; Green Open Access,high,physical_asset_maintenance,True
paper-0537,2026,Results in Engineering,All Open Access; Gold Open Access; Green Open Access,high,physical_asset_maintenance,True
paper-0539,2026,IEEJ Journal of Industry Applications,All Open Access; Gold Open Access,high,physical_asset_maintenance,False
paper-0540,2026,Polymers,All Open Access; Gold Open Access; Green Open Access,high,physical_asset_maintenance,True
paper-0541,2026,Applied Mechanics,All Open Access; Gold Open Access; Green Open Access,high,physical_asset_maintenance,True
paper-0542,2026,Energies,All Open Access; Gold Open Access,high,physical_asset_maintenance,True
paper-0543,2026,Applied Sciences (Switzerland),All Open Access; Gold Open Access,high,physical_asset_maintenance,True
paper-0544,2026,SoftwareX,All Open Access; Gold Open Access; Green Open Access,high,physical_asset_maintenance,False
paper-0545,2026,Electronics (Switzerland),All Open Access; Gold Open Access,high,physical_asset_maintenance,True
paper-0546,2026,Sensors,All Open Access; Gold Open Access; Green Open Access,high,physical_asset_maintenance,True
paper-0547,2026,Applied Sciences (Switzerland),All Open Access; Gold Open Access; Green Open Access,high,physical_asset_maintenance,True
paper-0548,2026,Applied Sciences (Switzerland),All Open Access; Gold Open Access; Green Open Access,high,physical_asset_maintenance,True
paper-0549,2026,IEEE Access,All Open Access; Gold Open Access,medium,physical_asset_maintenance,False
paper-0550,2026,"Journal of Wireless Mobile Networks, Ubiquitous Computing, and Dependable Applications",All Open Access; Bronze Open Access,high,physical_asset_maintenance,True
paper-0552,2026,"Proceedings of the Institution of Mechanical Engineers, Part O: Journal of Risk and Reliability",All Open Access; Hybrid Gold Open Access,high,physical_asset_maintenance,True
paper-0553,2026,Engineering Research Express,All Open Access; Hybrid Gold Open Access,high,physical_asset_maintenance,False
paper-0555,2026,Results in Engineering,All Open Access; Gold Open Access; Green Open Access,high,physical_asset_maintenance,False
paper-0557,2026,Frontiers in Artificial Intelligence,All Open Access; Gold Open Access; Green Open Access,high,physical_asset_maintenance,True
paper-0558,2026,IEEE Access,All Open Access; Gold Open Access,high,physical_asset_maintenance,False
paper-0560,2026,Environmental Research,All Open Access; Hybrid Gold Open Access,high,physical_asset_maintenance,False
paper-0561,2026,Production Engineering Archives,All Open Access; Gold Open Access; Green Open Access,high,physical_asset_maintenance,True
paper-0562,2026,International Journal of Prognostics and Health Management,All Open Access; Gold Open Access,high,physical_asset_maintenance,True
paper-0563,2026,Frontiers in Artificial Intelligence,All Open Access; Gold Open Access; Green Open Access,high,physical_asset_maintenance,True
paper-0565,2026,International Journal of Drug Delivery Technology,All Open Access; Bronze Open Access,high,physical_asset_maintenance,True
paper-0566,2026,International Journal of Renewable Energy Development,All Open Access; Gold Open Access,high,physical_asset_maintenance,True
paper-0567,2026,Eng,All Open Access; Gold Open Access; Green Open Access,high,physical_asset_maintenance,True
paper-0568,2026,Machines,All Open Access; Gold Open Access; Green Open Access,medium,physical_asset_maintenance,True
paper-0569,2026,IEEE Access,All Open Access; Gold Open Access,high,physical_asset_maintenance,False
paper-0570,2026,Aerospace,All Open Access; Gold Open Access; Green Open Access,high,physical_asset_maintenance,True
paper-0571,2026,Propulsion and Power Research,All Open Access; Gold Open Access,high,physical_asset_maintenance,False
paper-0573,2026,"Engineering, Technology and Applied Science Research",All Open Access; Gold Open Access,medium,physical_asset_maintenance,True
paper-0574,2026,Minerals Engineering,All Open Access; Hybrid Gold Open Access,high,physical_asset_maintenance,False
paper-0576,2026,Machines,All Open Access; Gold Open Access; Green Open Access,high,physical_asset_maintenance,True
paper-0577,2026,Machines,All Open Access; Gold Open Access,high,physical_asset_maintenance,True
paper-0579,2026,Results in Engineering,All Open Access; Gold Open Access,high,physical_asset_maintenance,False
paper-0580,2026,Mining,All Open Access; Gold Open Access; Green Open Access,high,physical_asset_maintenance,True
paper-0581,2026,Future Generation Computer Systems,All Open Access; Hybrid Gold Open Access,high,physical_asset_maintenance,False
paper-0583,2026,International Journal of Energy Research,All Open Access; Gold Open Access; Green Open Access,high,physical_asset_maintenance,True
paper-0584,2026,Machines,All Open Access; Gold Open Access,high,physical_asset_maintenance,True
paper-0586,2026,Polymers,All Open Access; Gold Open Access; Green Open Access,high,physical_asset_maintenance,True
paper-0588,2026,International Journal of Power Electronics and Drive Systems,All Open Access; Gold Open Access,medium,physical_asset_maintenance,True
paper-0589,2026,IEEE Access,All Open Access; Gold Open Access,high,physical_asset_maintenance,False
paper-0590,2026,Advances in Science and Technology Research Journal,All Open Access; Gold Open Access,high,physical_asset_maintenance,True
paper-0591,2026,Sensors,All Open Access; Gold Open Access; Green Open Access,high,physical_asset_maintenance,True
paper-0592,2026,Journal of Intelligent Manufacturing,All Open Access; Hybrid Gold Open Access,high,physical_asset_maintenance,True
paper-0593,2026,Processes,All Open Access; Gold Open Access,medium,physical_asset_maintenance,True
paper-0594,2026,Energy,All Open Access; Hybrid Gold Open Access,high,physical_asset_maintenance,False
paper-0595,2026,AIP Advances,All Open Access; Gold Open Access; Green Open Access,high,physical_asset_maintenance,False
paper-0596,2026,Sensors,All Open Access; Gold Open Access; Green Open Access,high,physical_asset_maintenance,True
paper-0597,2026,"International Journal of Engineering, Transactions B: Applications",All Open Access; Hybrid Gold Open Access,high,physical_asset_maintenance,True
paper-0598,2026,Journal of Marine Science and Engineering,All Open Access; Gold Open Access,high,physical_asset_maintenance,True
paper-0599,2026,Applied Sciences (Switzerland),All Open Access; Gold Open Access; Green Open Access,high,physical_asset_maintenance,True
paper-0600,2026,European Journal of Operational Research,All Open Access; Green Open Access,high,physical_asset_maintenance,True
paper-0601,2026,Renewable Energy,All Open Access; Hybrid Gold Open Access,high,physical_asset_maintenance,False
paper-0602,2026,AI (Switzerland),All Open Access; Gold Open Access,medium,physical_asset_maintenance,True
paper-0603,2026,International Journal of Electrical Power and Energy Systems,All Open Access; Gold Open Access,high,physical_asset_maintenance,False
paper-0604,2026,Structural Control and Health Monitoring,All Open Access; Gold Open Access,high,physical_asset_maintenance,False
paper-0605,2026,Machines,All Open Access; Gold Open Access; Green Open Access,high,physical_asset_maintenance,True
paper-0606,2026,Measurement: Journal of the International Measurement Confederation,All Open Access; Green Open Access,high,physical_asset_maintenance,True
paper-0607,2026,Machines,All Open Access; Gold Open Access; Green Open Access,high,physical_asset_maintenance,True
paper-0608,2026,Microelectronics Reliability,All Open Access; Hybrid Gold Open Access,high,physical_asset_maintenance,False
paper-0610,2026,International Journal of Engineering Trends and Technology,All Open Access; Bronze Open Access,high,physical_asset_maintenance,True
paper-0611,2026,CMES - Computer Modeling in Engineering and Sciences,All Open Access; Gold Open Access; Green Open Access,high,physical_asset_maintenance,True
paper-0612,2026,Results in Engineering,All Open Access; Gold Open Access,high,physical_asset_maintenance,False
paper-0614,2026,Industrial and Engineering Chemistry Research,All Open Access; Hybrid Gold Open Access,high,physical_asset_maintenance,False
paper-0615,2026,Entropy,All Open Access; Gold Open Access; Green Open Access,high,physical_asset_maintenance,True
paper-0616,2026,"International Journal of Reliability, Quality and Safety Engineering",All Open Access; Green Open Access,high,physical_asset_maintenance,True
paper-0617,2026,Aerospace,All Open Access; Gold Open Access; Green Open Access,high,physical_asset_maintenance,True
paper-0618,2026,International Journal of Advanced Manufacturing Technology,All Open Access; Hybrid Gold Open Access,high,physical_asset_maintenance,True
paper-0619,2026,International Journal of Electrical Power and Energy Systems,All Open Access; Gold Open Access,high,physical_asset_maintenance,False
paper-0621,2026,Machines,All Open Access; Gold Open Access,high,physical_asset_maintenance,True
paper-0622,2026,IET Electric Power Applications,All Open Access; Gold Open Access,high,physical_asset_maintenance,False
paper-0623,2026,"Computers, Materials and Continua",All Open Access; Gold Open Access,high,physical_asset_maintenance,True
paper-0624,2026,International Journal of Intelligent Engineering and Systems,All Open Access; Bronze Open Access,high,physical_asset_maintenance,True
paper-0625,2026,Applied Sciences (Switzerland),All Open Access; Gold Open Access; Green Open Access,high,physical_asset_maintenance,True
paper-0626,2026,Wear,All Open Access; Green Open Access; Hybrid Gold Open Access,high,physical_asset_maintenance,True
paper-0627,2026,Annales des Telecommunications/Annals of Telecommunications,All Open Access; Hybrid Gold Open Access,medium,physical_asset_maintenance,True
paper-0629,2026,"Artificial Intelligence for Engineering Design, Analysis and Manufacturing: AIEDAM",All Open Access; Hybrid Gold Open Access,high,physical_asset_maintenance,True
paper-0630,2026,Technologies,All Open Access; Gold Open Access; Green Open Access,high,physical_asset_maintenance,True
paper-0631,2026,IEEE Access,All Open Access; Gold Open Access,high,physical_asset_maintenance,False
paper-0632,2026,Sensors,All Open Access; Gold Open Access; Green Open Access,high,physical_asset_maintenance,True
paper-0633,2026,Applied Sciences (Switzerland),All Open Access; Gold Open Access; Green Open Access,high,physical_asset_maintenance,True
paper-0636,2026,Applied Sciences (Switzerland),All Open Access; Gold Open Access; Green Open Access,high,physical_asset_maintenance,True
paper-0637,2026,Electronics Letters,All Open Access; Gold Open Access,high,physical_asset_maintenance,False
paper-0641,2026,Applied Sciences (Switzerland),All Open Access; Gold Open Access; Green Open Access,high,physical_asset_maintenance,True
paper-0642,2026,Energies,All Open Access; Gold Open Access; Green Open Access,high,physical_asset_maintenance,True
paper-0643,2026,Polymer Composites,All Open Access; Bronze Open Access,high,physical_asset_maintenance,True
paper-0644,2026,Data in Brief,All Open Access; Gold Open Access; Green Open Access,high,physical_asset_maintenance,False
paper-0645,2026,"Journal of Nondestructive Evaluation, Diagnostics and Prognostics of Engineering Systems",All Open Access; Hybrid Gold Open Access,high,physical_asset_maintenance,False
paper-0646,2026,"Journal of Sustainable Development of Energy, Water and Environment Systems",All Open Access; Gold Open Access; Green Open Access,high,physical_asset_maintenance,False
paper-0647,2026,Batteries,All Open Access; Gold Open Access; Green Open Access,high,physical_asset_maintenance,True
paper-0648,2026,Electronics (Switzerland),All Open Access; Gold Open Access,high,physical_asset_maintenance,True
paper-0649,2026,Journal of Manufacturing Systems,All Open Access; Green Open Access; Hybrid Gold Open Access,high,physical_asset_maintenance,True
paper-0651,2026,Journal of Engineering and Technology for Industrial Applications,All Open Access; Gold Open Access,high,physical_asset_maintenance,True
paper-0652,2026,Journal of Lightwave Technology,All Open Access; Hybrid Gold Open Access,high,physical_asset_maintenance,False
paper-0653,2026,Agriculture (Switzerland),All Open Access; Gold Open Access; Green Open Access,high,physical_asset_maintenance,True
paper-0654,2026,Reliability Engineering and System Safety,All Open Access; Hybrid Gold Open Access,high,physical_asset_maintenance,False
paper-0655,2026,Results in Engineering,All Open Access; Gold Open Access,high,physical_asset_maintenance,False
paper-0657,2026,Mathematics,All Open Access; Gold Open Access; Green Open Access,high,physical_asset_maintenance,True
paper-0658,2026,Energies,All Open Access; Gold Open Access,high,physical_asset_maintenance,True
paper-0660,2026,IEEE Access,All Open Access; Gold Open Access,high,physical_asset_maintenance,False
paper-0662,2026,Canadian Journal of Chemical Engineering,All Open Access; Hybrid Gold Open Access,high,physical_asset_maintenance,True
paper-0663,2026,Smart Materials and Structures,All Open Access; Hybrid Gold Open Access,high,physical_asset_maintenance,False
paper-0665,2026,IEEE Access,All Open Access; Gold Open Access; Green Open Access,high,physical_asset_maintenance,False
paper-0667,2026,Frontiers in Signal Processing,All Open Access; Gold Open Access; Green Open Access,high,physical_asset_maintenance,True
paper-0668,2026,Results in Engineering,All Open Access; Gold Open Access; Green Open Access,high,physical_asset_maintenance,False
paper-0669,2026,Fractal and Fractional,All Open Access; Gold Open Access; Green Open Access,high,physical_asset_maintenance,True
paper-0670,2026,Machines,All Open Access; Gold Open Access; Green Open Access,high,physical_asset_maintenance,True
paper-0671,2026,Engineering Research Express,All Open Access; Hybrid Gold Open Access,high,physical_asset_maintenance,False
paper-0672,2026,Electronics (Switzerland),All Open Access; Gold Open Access,medium,uncertain_but_included,True
paper-0673,2026,Applied System Innovation,All Open Access; Gold Open Access; Green Open Access,high,physical_asset_maintenance,True
paper-0675,2026,Actuators,All Open Access; Gold Open Access,high,physical_asset_maintenance,True
paper-0676,2026,Applied Energy,All Open Access; Hybrid Gold Open Access,high,physical_asset_maintenance,False
paper-0677,2026,International Journal of Electrical Power and Energy Systems,All Open Access; Gold Open Access,high,physical_asset_maintenance,False
paper-0678,2026,International Journal of Advanced Manufacturing Technology,All Open Access; Hybrid Gold Open Access,high,physical_asset_maintenance,True
paper-0679,2026,Quality and Reliability Engineering International,All Open Access; Bronze Open Access,high,physical_asset_maintenance,True
paper-0680,2026,Engineering Research Express,All Open Access; Hybrid Gold Open Access,high,physical_asset_maintenance,False
paper-0681,2026,Machines,All Open Access; Gold Open Access,high,physical_asset_maintenance,True
paper-0682,2026,IISE Transactions,All Open Access; Green Open Access,high,physical_asset_maintenance,True
paper-0683,2026,IEEE Access,All Open Access; Gold Open Access,high,physical_asset_maintenance,False
paper-0684,2026,Sensors,All Open Access; Gold Open Access; Green Open Access,high,physical_asset_maintenance,True
paper-0685,2026,Reliability Engineering and System Safety,All Open Access; Hybrid Gold Open Access,high,physical_asset_maintenance,False
paper-0686,2026,Energies,All Open Access; Gold Open Access; Green Open Access,high,physical_asset_maintenance,True
paper-0690,2026,Results in Engineering,All Open Access; Gold Open Access,high,physical_asset_maintenance,False
paper-0692,2026,Engineering Applications of Artificial Intelligence,All Open Access; Hybrid Gold Open Access,high,physical_asset_maintenance,False
paper-0693,2026,Chemical Engineering Research and Design,All Open Access; Green Open Access; Hybrid Gold Open Access,high,physical_asset_maintenance,True
paper-0696,2026,Engineering Research Express,All Open Access; Hybrid Gold Open Access,medium,physical_asset_maintenance,False
paper-0697,2026,Nuclear Engineering and Technology,All Open Access; Gold Open Access; Green Open Access,high,physical_asset_maintenance,False
paper-0698,2026,"Engineering, Technology and Applied Science Research",All Open Access; Gold Open Access,high,physical_asset_maintenance,True
paper-0699,2026,IEEE Transactions on Power Electronics,All Open Access; Hybrid Gold Open Access,high,physical_asset_maintenance,False
paper-0702,2026,Eng,All Open Access; Gold Open Access; Green Open Access,high,physical_asset_maintenance,True
paper-0704,2026,Brodogradnja,All Open Access; Gold Open Access; Green Open Access,high,physical_asset_maintenance,True
paper-0706,2026,Machines,All Open Access; Gold Open Access; Green Open Access,high,physical_asset_maintenance,True
paper-0708,2026,Technometrics,All Open Access; Green Open Access,high,physical_asset_maintenance,True
paper-0709,2026,Lubricants,All Open Access; Gold Open Access; Green Open Access,high,physical_asset_maintenance,True
paper-0710,2026,Annals of Nuclear Energy,All Open Access; Hybrid Gold Open Access,high,physical_asset_maintenance,False
paper-0711,2026,International Research Journal of Multidisciplinary Technovation,All Open Access; Gold Open Access,high,physical_asset_maintenance,True
paper-0712,2026,International Journal of Information and Communication Technology,All Open Access; Bronze Open Access,high,physical_asset_maintenance,True
paper-0713,2026,International Journal of Drug Delivery Technology,All Open Access; Bronze Open Access,high,physical_asset_maintenance,True
paper-0714,2026,Mathematics,All Open Access; Gold Open Access; Green Open Access,high,physical_asset_maintenance,True
paper-0715,2026,Processes,All Open Access; Gold Open Access,high,physical_asset_maintenance,True
paper-0716,2026,Energies,All Open Access; Gold Open Access; Green Open Access,high,physical_asset_maintenance,True
paper-0717,2026,IEEE Access,All Open Access; Gold Open Access; Green Open Access,high,physical_asset_maintenance,False
paper-0718,2026,Scientific African,All Open Access; Gold Open Access,high,physical_asset_maintenance,False
paper-0719,2026,Machines,All Open Access; Gold Open Access,high,physical_asset_maintenance,True
paper-0720,2026,International Journal on Smart Sensing and Intelligent Systems,All Open Access; Gold Open Access,high,physical_asset_maintenance,True
paper-0721,2026,International Transactions on Electrical Energy Systems,All Open Access; Gold Open Access,high,physical_asset_maintenance,False
paper-0722,2026,Future Internet,All Open Access; Gold Open Access,high,physical_asset_maintenance,True
paper-0723,2026,Intelligent Systems with Applications,All Open Access; Gold Open Access; Green Open Access,high,physical_asset_maintenance,False
paper-0724,2026,Proceedings of Engineering and Technology Innovation,All Open Access; Gold Open Access,high,physical_asset_maintenance,True
paper-0725,2026,Machines,All Open Access; Gold Open Access; Green Open Access,high,physical_asset_maintenance,True
paper-0726,2026,Machines,All Open Access; Gold Open Access; Green Open Access,high,physical_asset_maintenance,True
paper-0727,2026,Advanced Intelligent Systems,All Open Access; Gold Open Access,high,physical_asset_maintenance,False
paper-0728,2026,Energies,All Open Access; Gold Open Access; Green Open Access,high,physical_asset_maintenance,True
paper-0729,2026,International Journal of Prognostics and Health Management,All Open Access; Gold Open Access,high,physical_asset_maintenance,True
paper-0730,2026,International Journal of Electronics and Telecommunications,All Open Access; Gold Open Access; Green Open Access,high,physical_asset_maintenance,True
paper-0731,2026,Machines,All Open Access; Gold Open Access,high,physical_asset_maintenance,True
paper-0732,2026,PLOS ONE,All Open Access; Gold Open Access; Green Open Access,high,physical_asset_maintenance,True
paper-0733,2026,International Journal of Renewable Energy Development,All Open Access; Gold Open Access,high,physical_asset_maintenance,True
paper-0735,2026,IEEE Access,All Open Access; Gold Open Access,high,physical_asset_maintenance,False
paper-0736,2026,Ain Shams Engineering Journal,All Open Access; Gold Open Access; Green Open Access,high,physical_asset_maintenance,False
paper-0737,2026,Materials,All Open Access; Gold Open Access; Green Open Access,high,physical_asset_maintenance,True
paper-0738,2026,Journal of Engineering and Technology for Industrial Applications,All Open Access; Gold Open Access,high,physical_asset_maintenance,True
paper-0740,2026,Engineering Applications of Artificial Intelligence,All Open Access; Green Open Access; Hybrid Gold Open Access,high,physical_asset_maintenance,False
paper-0741,2026,Structural Health Monitoring,All Open Access; Green Open Access,high,physical_asset_maintenance,True
paper-0742,2026,Electronics (Switzerland),All Open Access; Gold Open Access,high,physical_asset_maintenance,True
paper-0744,2026,Results in Engineering,All Open Access; Gold Open Access,high,physical_asset_maintenance,False
paper-0745,2026,Measurement Science and Technology,All Open Access; Hybrid Gold Open Access,high,physical_asset_maintenance,False
paper-0747,2026,International Journal of Advanced Computer Science and Applications,All Open Access; Gold Open Access,high,physical_asset_maintenance,True
paper-0748,2026,Engineering Research Express,All Open Access; Bronze Open Access,high,physical_asset_maintenance,False
paper-0749,2026,Lubricants,All Open Access; Gold Open Access,high,physical_asset_maintenance,True
paper-0750,2026,Machines,All Open Access; Gold Open Access,high,physical_asset_maintenance,True
paper-0751,2026,Journal Europeen des Systemes Automatises,All Open Access; Hybrid Gold Open Access,medium,physical_asset_maintenance,True
paper-0752,2026,Designs,All Open Access; Gold Open Access,high,physical_asset_maintenance,True
paper-0753,2026,International Journal of Heat and Technology,All Open Access; Hybrid Gold Open Access,medium,uncertain_but_included,True
paper-0754,2026,"Proceedings of the Institution of Mechanical Engineers, Part A: Journal of Power and Energy",All Open Access; Hybrid Gold Open Access,high,physical_asset_maintenance,True
paper-0757,2026,Applied Sciences (Switzerland),All Open Access; Gold Open Access; Green Open Access,high,physical_asset_maintenance,True
paper-0758,2026,Measurement: Journal of the International Measurement Confederation,All Open Access; Green Open Access; Hybrid Gold Open Access,high,physical_asset_maintenance,False
paper-0759,2026,Complex and Intelligent Systems,All Open Access; Gold Open Access; Green Open Access,high,physical_asset_maintenance,True
paper-0761,2026,Eng,All Open Access; Gold Open Access,high,physical_asset_maintenance,True
paper-0763,2026,Statistical Theory and Related Fields,All Open Access; Gold Open Access,high,physical_asset_maintenance,True
paper-0765,2026,Electronics (Switzerland),All Open Access; Gold Open Access; Green Open Access,medium,uncertain_but_included,True
paper-0769,2026,Journal of Marine Science and Engineering,All Open Access; Gold Open Access; Green Open Access,high,physical_asset_maintenance,True
paper-0771,2026,"Computers, Materials and Continua",All Open Access; Gold Open Access,high,physical_asset_maintenance,True
paper-0772,2026,ACS Omega,All Open Access; Gold Open Access; Green Open Access,high,physical_asset_maintenance,False
paper-0773,2026,Energies,All Open Access; Gold Open Access; Green Open Access,high,physical_asset_maintenance,True
paper-0774,2026,Journal of Power Sources,All Open Access; Green Open Access; Hybrid Gold Open Access,high,physical_asset_maintenance,False
paper-0775,2026,Energies,All Open Access; Gold Open Access,high,physical_asset_maintenance,True
paper-0776,2026,Machines,All Open Access; Gold Open Access,high,physical_asset_maintenance,True
paper-0778,2026,Results in Engineering,All Open Access; Gold Open Access,high,physical_asset_maintenance,False
paper-0779,2026,Machines,All Open Access; Gold Open Access,high,physical_asset_maintenance,True
paper-0780,2026,Applied Sciences (Switzerland),All Open Access; Gold Open Access; Green Open Access,high,physical_asset_maintenance,True
paper-0781,2026,Measurement: Journal of the International Measurement Confederation,All Open Access; Green Open Access; Hybrid Gold Open Access,high,physical_asset_maintenance,False
paper-0782,2026,Engineering Proceedings,All Open Access; Gold Open Access; Green Open Access,high,physical_asset_maintenance,True
paper-0783,2026,Energies,All Open Access; Gold Open Access; Green Open Access,high,physical_asset_maintenance,True
paper-0784,2026,IEEE Access,All Open Access; Gold Open Access,high,physical_asset_maintenance,False
paper-0785,2026,Sinergi (Indonesia),All Open Access; Gold Open Access; Green Open Access,high,physical_asset_maintenance,False
paper-0786,2026,High-speed Railway,All Open Access; Gold Open Access,high,physical_asset_maintenance,False
paper-0787,2026,Nuclear Engineering and Technology,All Open Access; Gold Open Access; Green Open Access,high,physical_asset_maintenance,False
paper-0789,2026,Technologies,All Open Access; Gold Open Access,high,physical_asset_maintenance,True
paper-0790,2026,Electronics (Switzerland),All Open Access; Gold Open Access,high,physical_asset_maintenance,True
paper-0791,2026,Sensors,All Open Access; Gold Open Access; Green Open Access,high,physical_asset_maintenance,True
paper-0792,2026,Eksploatacja i Niezawodnosc,All Open Access; Gold Open Access,high,physical_asset_maintenance,True
paper-0793,2026,Machines,All Open Access; Gold Open Access,high,physical_asset_maintenance,True
paper-0794,2026,Vibration,All Open Access; Gold Open Access; Green Open Access,high,physical_asset_maintenance,True
paper-0795,2026,"Computers, Materials and Continua",All Open Access; Gold Open Access,high,physical_asset_maintenance,True
paper-0798,2026,Distributed Generation and Alternative Energy Journal,All Open Access; Bronze Open Access,high,physical_asset_maintenance,True
paper-0799,2026,Applied Sciences (Switzerland),All Open Access; Gold Open Access,high,physical_asset_maintenance,True
paper-0800,2026,Frontiers in Built Environment,All Open Access; Gold Open Access,high,physical_asset_maintenance,True
paper-0801,2026,Engineering Research Express,All Open Access; Hybrid Gold Open Access,high,physical_asset_maintenance,False
paper-0802,2026,Sensors,All Open Access; Gold Open Access; Green Open Access,high,physical_asset_maintenance,True
paper-0804,2026,Scientific reports,All Open Access; Gold Open Access; Green Open Access,high,physical_asset_maintenance,True
paper-0805,2026,Vehicles,All Open Access; Gold Open Access,high,physical_asset_maintenance,True
paper-0807,2026,Array,All Open Access; Gold Open Access; Green Open Access,high,physical_asset_maintenance,False
paper-0808,2026,Clean Energy Science and Technology,All Open Access; Gold Open Access,high,physical_asset_maintenance,True
paper-0809,2026,Ain Shams Engineering Journal,All Open Access; Gold Open Access; Green Open Access,high,physical_asset_maintenance,False
paper-0810,2026,Sensors,All Open Access; Gold Open Access; Green Open Access,high,physical_asset_maintenance,True
paper-0811,2026,Sensors,All Open Access; Gold Open Access; Green Open Access,high,physical_asset_maintenance,True
paper-0812,2026,IEEE Transactions on Intelligent Vehicles,All Open Access; Hybrid Gold Open Access,high,physical_asset_maintenance,False
paper-0814,2026,IEEE Access,All Open Access; Gold Open Access,high,physical_asset_maintenance,False
paper-0815,2026,Machines,All Open Access; Gold Open Access; Green Open Access,high,physical_asset_maintenance,True
paper-0817,2026,Batteries,All Open Access; Gold Open Access,high,physical_asset_maintenance,True
paper-0818,2026,Eksploatacja i Niezawodnosc,All Open Access; Gold Open Access,high,physical_asset_maintenance,True
paper-0819,2026,Statistical Theory and Related Fields,All Open Access; Gold Open Access; Green Open Access,high,physical_asset_maintenance,True
paper-0820,2026,Computers and Structures,All Open Access; Green Open Access; Hybrid Gold Open Access,high,physical_asset_maintenance,True
paper-0821,2026,Applied Sciences (Switzerland),All Open Access; Gold Open Access,high,physical_asset_maintenance,True
paper-0822,2026,Journal of King Saud University - Computer and Information Sciences,All Open Access; Gold Open Access; Green Open Access,high,physical_asset_maintenance,True
paper-0823,2026,Measurement: Journal of the International Measurement Confederation,All Open Access; Hybrid Gold Open Access,high,physical_asset_maintenance,False
paper-0824,2026,IET Renewable Power Generation,All Open Access; Gold Open Access,high,physical_asset_maintenance,False
paper-0825,2026,Smart Cities,All Open Access; Gold Open Access; Green Open Access,high,physical_asset_maintenance,True
paper-0826,2026,Batteries,All Open Access; Gold Open Access; Green Open Access,high,physical_asset_maintenance,True
paper-0827,2026,"IET Generation, Transmission and Distribution",All Open Access; Gold Open Access,high,physical_asset_maintenance,False
paper-0829,2026,Journal of Vibroengineering,All Open Access; Gold Open Access,high,physical_asset_maintenance,True
paper-0830,2026,Measurement: Journal of the International Measurement Confederation,All Open Access; Hybrid Gold Open Access,high,physical_asset_maintenance,False
paper-0831,2026,IEEE Access,All Open Access; Gold Open Access,high,physical_asset_maintenance,False
paper-0832,2026,Mechanical Systems and Signal Processing,All Open Access; Hybrid Gold Open Access,high,physical_asset_maintenance,False
paper-0834,2026,Reliability Engineering and System Safety,All Open Access; Green Open Access; Hybrid Gold Open Access,high,physical_asset_maintenance,False
paper-0836,2026,Measurement: Journal of the International Measurement Confederation,All Open Access; Green Open Access; Hybrid Gold Open Access,high,physical_asset_maintenance,False
paper-0837,2026,IEEE Access,All Open Access; Gold Open Access,high,physical_asset_maintenance,False
paper-0839,2026,International Journal of Advanced Manufacturing Technology,All Open Access; Hybrid Gold Open Access,high,physical_asset_maintenance,True
paper-0840,2026,IEEE Transactions on Automation Science and Engineering,All Open Access; Hybrid Gold Open Access,high,physical_asset_maintenance,False
paper-0841,2026,IEEE Transactions on Power Electronics,All Open Access; Green Open Access; Hybrid Gold Open Access,high,physical_asset_maintenance,False
paper-0843,2026,Journal Europeen des Systemes Automatises,All Open Access; Hybrid Gold Open Access,high,physical_asset_maintenance,True
paper-0844,2026,Eksploatacja i Niezawodnosc,All Open Access; Gold Open Access,high,physical_asset_maintenance,True
paper-0846,2026,Applied Sciences (Switzerland),All Open Access; Gold Open Access; Green Open Access,high,physical_asset_maintenance,True
paper-0848,2026,Journal of Intelligent Manufacturing,All Open Access; Hybrid Gold Open Access,high,physical_asset_maintenance,True
paper-0849,2026,Nuclear Engineering and Technology,All Open Access; Gold Open Access; Green Open Access,high,physical_asset_maintenance,False
paper-0851,2026,Reliability Engineering and System Safety,All Open Access; Hybrid Gold Open Access,high,physical_asset_maintenance,False
paper-0852,2026,Measurement: Journal of the International Measurement Confederation,All Open Access; Hybrid Gold Open Access,high,physical_asset_maintenance,False
paper-0853,2026,Technologies,All Open Access; Gold Open Access,high,physical_asset_maintenance,True
paper-0856,2026,Journal of Marine Science and Engineering,All Open Access; Gold Open Access; Green Open Access,high,physical_asset_maintenance,True
paper-0857,2026,Energy Engineering: Journal of the Association of Energy Engineering,All Open Access; Gold Open Access,high,physical_asset_maintenance,True
paper-0859,2026,Advanced Engineering Letters,All Open Access; Gold Open Access,high,physical_asset_maintenance,True
paper-0860,2026,Expert Systems,All Open Access; Hybrid Gold Open Access,high,physical_asset_maintenance,True
paper-0861,2026,Micromachines,All Open Access; Gold Open Access; Green Open Access,high,physical_asset_maintenance,True
paper-0862,2026,Results in Engineering,All Open Access; Gold Open Access; Green Open Access,high,physical_asset_maintenance,False
paper-0863,2026,Applied Sciences (Switzerland),All Open Access; Gold Open Access; Green Open Access,high,physical_asset_maintenance,True
paper-0864,2026,IEEE Access,All Open Access; Gold Open Access; Green Open Access,high,physical_asset_maintenance,False
paper-0865,2026,Tribology International,All Open Access; Hybrid Gold Open Access,high,physical_asset_maintenance,False
paper-0866,2026,Applied Computational Intelligence and Soft Computing,All Open Access; Gold Open Access; Green Open Access,high,physical_asset_maintenance,False
paper-0868,2026,Mathematics,All Open Access; Gold Open Access; Green Open Access,high,physical_asset_maintenance,True
paper-0869,2026,Mathematics,All Open Access; Gold Open Access,high,physical_asset_maintenance,True
paper-0871,2026,Engineering Solid Mechanics,All Open Access; Gold Open Access,high,physical_asset_maintenance,True
paper-0873,2026,ACS Omega,All Open Access; Gold Open Access; Green Open Access,high,physical_asset_maintenance,False
paper-0874,2026,Applied Sciences (Switzerland),All Open Access; Gold Open Access,high,physical_asset_maintenance,True
paper-0875,2026,Applied Sciences (Switzerland),All Open Access; Gold Open Access; Green Open Access,high,physical_asset_maintenance,True
paper-0876,2026,Journal Europeen des Systemes Automatises,All Open Access; Hybrid Gold Open Access,high,physical_asset_maintenance,True
paper-0877,2026,Journal of Ocean Engineering and Science,All Open Access; Gold Open Access; Green Open Access,high,physical_asset_maintenance,False
paper-0878,2026,Journal of Engineering and Technology for Industrial Applications,All Open Access; Gold Open Access,high,physical_asset_maintenance,True
paper-0880,2026,IEEE Access,All Open Access; Gold Open Access,high,physical_asset_maintenance,False
paper-0881,2026,AIP Advances,All Open Access; Gold Open Access,high,physical_asset_maintenance,False
paper-0882,2026,International Journal of Electrical Power and Energy Systems,All Open Access; Gold Open Access,high,physical_asset_maintenance,False
paper-0883,2026,Energies,All Open Access; Gold Open Access; Green Open Access,high,physical_asset_maintenance,True
paper-0884,2026,Applied Sciences (Switzerland),All Open Access; Gold Open Access; Green Open Access,high,physical_asset_maintenance,True
paper-0885,2026,Engineering Research Express,All Open Access; Hybrid Gold Open Access,high,physical_asset_maintenance,False
paper-0886,2026,Applied Sciences (Switzerland),All Open Access; Gold Open Access; Green Open Access,high,physical_asset_maintenance,True
paper-0887,2026,Solar Energy Materials and Solar Cells,All Open Access; Green Open Access; Hybrid Gold Open Access,high,physical_asset_maintenance,False
paper-0888,2026,Sensors,All Open Access; Gold Open Access; Green Open Access,high,physical_asset_maintenance,True
paper-0889,2026,"Proceedings of the Institution of Mechanical Engineers, Part D: Journal of Automobile Engineering",All Open Access; Bronze Open Access,high,physical_asset_maintenance,True
paper-0891,2026,Energies,All Open Access; Gold Open Access; Green Open Access,high,physical_asset_maintenance,True
paper-0892,2026,Results in Engineering,All Open Access; Gold Open Access; Green Open Access,medium,physical_asset_maintenance,False
paper-0893,2026,IEEE Access,All Open Access; Gold Open Access,high,physical_asset_maintenance,False
paper-0894,2026,Results in Materials,All Open Access; Gold Open Access,high,physical_asset_maintenance,False
paper-0895,2026,IEEE Access,All Open Access; Gold Open Access; Green Open Access,high,physical_asset_maintenance,False
paper-0898,2026,"Computers, Materials and Continua",All Open Access; Gold Open Access,high,physical_asset_maintenance,True
paper-0899,2026,Electronics (Switzerland),All Open Access; Gold Open Access,high,physical_asset_maintenance,True
paper-0900,2026,PLOS ONE,All Open Access; Gold Open Access; Green Open Access,high,physical_asset_maintenance,True
paper-0901,2026,International Journal of Prognostics and Health Management,All Open Access; Gold Open Access,high,physical_asset_maintenance,True
paper-0903,2026,Machines,All Open Access; Gold Open Access,high,physical_asset_maintenance,True
paper-0907,2026,IEEE Access,All Open Access; Gold Open Access; Green Open Access,high,physical_asset_maintenance,False
paper-0908,2026,PeerJ Computer Science,All Open Access; Gold Open Access; Green Open Access,high,physical_asset_maintenance,False
paper-0909,2026,Results in Engineering,All Open Access; Gold Open Access,high,physical_asset_maintenance,False
paper-0910,2026,Measurement: Journal of the International Measurement Confederation,All Open Access; Green Open Access; Hybrid Gold Open Access,high,physical_asset_maintenance,False
paper-0911,2026,Applied Sciences (Switzerland),All Open Access; Gold Open Access,high,physical_asset_maintenance,True
paper-0912,2026,Energies,All Open Access; Gold Open Access; Green Open Access,high,physical_asset_maintenance,True
paper-0913,2026,Energies,All Open Access; Gold Open Access; Green Open Access,medium,physical_asset_maintenance,True
paper-0914,2026,Eksploatacja i Niezawodnosc,All Open Access; Gold Open Access,high,physical_asset_maintenance,True
paper-0915,2026,International Journal of Applied Power Engineering,All Open Access; Gold Open Access,high,physical_asset_maintenance,True
paper-0917,2026,Results in Engineering,All Open Access; Gold Open Access,high,physical_asset_maintenance,False
paper-0918,2026,Railway Engineering Science,All Open Access; Gold Open Access,high,physical_asset_maintenance,True
paper-0919,2026,Electronics (Switzerland),All Open Access; Gold Open Access,high,physical_asset_maintenance,True
paper-0921,2026,Applied System Innovation,All Open Access; Gold Open Access; Green Open Access,high,physical_asset_maintenance,True
paper-0923,2026,Applied Energy,All Open Access; Hybrid Gold Open Access,high,physical_asset_maintenance,False
paper-0924,2026,Results in Engineering,All Open Access; Gold Open Access,high,physical_asset_maintenance,False
paper-0925,2026,Sensors,All Open Access; Gold Open Access; Green Open Access,high,physical_asset_maintenance,True
paper-0927,2026,Sensors,All Open Access; Gold Open Access; Green Open Access,high,physical_asset_maintenance,True
paper-0929,2026,Eksploatacja i Niezawodnosc,All Open Access; Gold Open Access,high,physical_asset_maintenance,True
paper-0931,2026,IEEE Open Journal of the Computer Society,All Open Access; Gold Open Access,high,physical_asset_maintenance,False
paper-0932,2026,Vibration,All Open Access; Gold Open Access; Green Open Access,high,physical_asset_maintenance,True
paper-0933,2026,Computation,All Open Access; Gold Open Access,high,physical_asset_maintenance,True
paper-0934,2026,Machines,All Open Access; Gold Open Access,high,physical_asset_maintenance,True
paper-0937,2026,AIP Advances,All Open Access; Gold Open Access; Green Open Access,high,physical_asset_maintenance,False
paper-0938,2026,Machines,All Open Access; Gold Open Access; Green Open Access,high,physical_asset_maintenance,True
paper-0939,2026,Energy Engineering: Journal of the Association of Energy Engineering,All Open Access; Gold Open Access,high,physical_asset_maintenance,True
paper-0940,2026,Modelling and Simulation in Engineering,All Open Access; Gold Open Access; Green Open Access,high,physical_asset_maintenance,False
paper-0941,2026,Sensors,All Open Access; Gold Open Access; Green Open Access,high,physical_asset_maintenance,True
paper-0942,2026,Revista de Informatica Teorica e Aplicada,All Open Access; Gold Open Access; Green Open Access,high,physical_asset_maintenance,True
paper-0943,2026,Eng,All Open Access; Gold Open Access; Green Open Access,high,physical_asset_maintenance,True
paper-0944,2026,Engineering Applications of Artificial Intelligence,All Open Access; Hybrid Gold Open Access,high,physical_asset_maintenance,False
paper-0945,2026,International Journal of Prognostics and Health Management,All Open Access; Gold Open Access; Green Open Access,high,physical_asset_maintenance,True
paper-0946,2026,Sustainability (Switzerland),All Open Access; Gold Open Access,high,physical_asset_maintenance,True
paper-0950,2026,International Journal of Power Electronics and Drive Systems,All Open Access; Gold Open Access,high,physical_asset_maintenance,True
paper-0951,2026,Advances in Mechanical Engineering,All Open Access; Gold Open Access; Green Open Access,high,physical_asset_maintenance,True
paper-0952,2026,Lubricants,All Open Access; Gold Open Access; Green Open Access,high,physical_asset_maintenance,True
paper-0953,2026,Sigma Journal of Engineering and Natural Sciences,All Open Access; Gold Open Access,high,physical_asset_maintenance,True
paper-0954,2026,Problems of the Regional Energetics,All Open Access; Gold Open Access; Green Open Access,high,physical_asset_maintenance,True
paper-0955,2026,Results in Engineering,All Open Access; Gold Open Access,high,physical_asset_maintenance,False
paper-0957,2026,Machines,All Open Access; Gold Open Access; Green Open Access,high,physical_asset_maintenance,True
paper-0959,2026,International Journal of Information and Communication Technology,All Open Access; Bronze Open Access,high,physical_asset_maintenance,True
paper-0960,2026,Journal of Marine Science and Engineering,All Open Access; Gold Open Access; Green Open Access,high,physical_asset_maintenance,True
paper-0961,2026,Journal of Intelligent Manufacturing,All Open Access; Hybrid Gold Open Access,high,physical_asset_maintenance,True
paper-0963,2026,Sigma Journal of Engineering and Natural Sciences,All Open Access; Gold Open Access,high,physical_asset_maintenance,True
paper-0965,2026,Processes,All Open Access; Gold Open Access,high,physical_asset_maintenance,True
paper-0966,2026,Journal of Tribology,All Open Access; Hybrid Gold Open Access,high,physical_asset_maintenance,False
paper-0967,2026,Mathematics,All Open Access; Gold Open Access,high,physical_asset_maintenance,True
paper-0968,2026,Results in Engineering,All Open Access; Gold Open Access; Green Open Access,high,physical_asset_maintenance,True
paper-0969,2026,Nuclear Technology,All Open Access; Hybrid Gold Open Access,high,physical_asset_maintenance,True
paper-0970,2026,Results in Engineering,All Open Access; Gold Open Access,high,physical_asset_maintenance,False
paper-0972,2026,Energy Exploration and Exploitation,All Open Access; Gold Open Access; Green Open Access,high,physical_asset_maintenance,True
paper-0974,2026,Engineering Research Express,All Open Access; Hybrid Gold Open Access,high,physical_asset_maintenance,False
paper-0975,2026,Mechanical Systems and Signal Processing,All Open Access; Hybrid Gold Open Access,high,physical_asset_maintenance,False
paper-0976,2026,IEEE Access,All Open Access; Gold Open Access; Green Open Access,medium,physical_asset_maintenance,False
paper-0977,2026,AIP Advances,All Open Access; Gold Open Access,high,physical_asset_maintenance,False
paper-0978,2026,Expert Systems with Applications,All Open Access; Hybrid Gold Open Access,high,physical_asset_maintenance,False
paper-0979,2026,Journal of Vibration Engineering and Technologies,All Open Access; Hybrid Gold Open Access,high,physical_asset_maintenance,True
paper-0980,2026,Eksploatacja i Niezawodnosc,All Open Access; Gold Open Access,high,physical_asset_maintenance,True
paper-0981,2026,IEEE Access,All Open Access; Gold Open Access,high,physical_asset_maintenance,False
paper-0982,2026,Energies,All Open Access; Gold Open Access; Green Open Access,high,physical_asset_maintenance,True
paper-0984,2026,Results in Engineering,All Open Access; Gold Open Access,high,physical_asset_maintenance,False
paper-0985,2026,International Journal of Advanced Manufacturing Technology,All Open Access; Hybrid Gold Open Access,high,physical_asset_maintenance,True
paper-0986,2026,Energies,All Open Access; Gold Open Access; Green Open Access,high,physical_asset_maintenance,True
paper-0987,2026,Lubricants,All Open Access; Gold Open Access; Green Open Access,high,physical_asset_maintenance,True
paper-0988,2026,Energies,All Open Access; Gold Open Access; Green Open Access,high,physical_asset_maintenance,True
paper-0989,2026,Digital,All Open Access; Gold Open Access; Green Open Access,high,physical_asset_maintenance,True
paper-0990,2026,Electronics (Switzerland),All Open Access; Gold Open Access,high,physical_asset_maintenance,True
paper-0991,2026,Journal of Computational and Applied Mathematics,All Open Access; Hybrid Gold Open Access,high,physical_asset_maintenance,False
paper-0992,2026,Measurement: Journal of the International Measurement Confederation,All Open Access; Hybrid Gold Open Access,high,physical_asset_maintenance,False
paper-0994,2026,Acta Logistica,All Open Access; Gold Open Access,high,physical_asset_maintenance,True
paper-0995,2026,Journal of Low Frequency Noise Vibration and Active Control,All Open Access; Gold Open Access; Green Open Access,medium,physical_asset_maintenance,True
paper-0996,2026,Eksploatacja i Niezawodnosc,All Open Access; Gold Open Access,high,physical_asset_maintenance,True
paper-0998,2026,Electronics (Switzerland),All Open Access; Gold Open Access,high,physical_asset_maintenance,True
paper-0999,2026,Engineering Applications of Artificial Intelligence,All Open Access; Hybrid Gold Open Access,high,physical_asset_maintenance,False
paper-1000,2026,IEEE Access,All Open Access; Gold Open Access; Green Open Access,high,physical_asset_maintenance,False
paper-1001,2025,"Engineering, Technology and Applied Science Research",All Open Access; Gold Open Access,high,physical_asset_maintenance,True
paper-1003,2025,Scientific Reports,All Open Access; Gold Open Access; Green Open Access,high,physical_asset_maintenance,True
paper-1007,2026,IEEE Access,All Open Access; Gold Open Access; Green Open Access,high,physical_asset_maintenance,False
paper-1008,2026,Journal Europeen des Systemes Automatises,All Open Access; Hybrid Gold Open Access,high,physical_asset_maintenance,True
paper-1009,2025,Scientific Reports,All Open Access; Gold Open Access; Green Open Access,high,physical_asset_maintenance,True
paper-1010,2026,Information Systems and e-Business Management,All Open Access; Hybrid Gold Open Access,high,physical_asset_maintenance,True
paper-1012,2026,Eksploatacja i Niezawodnosc,All Open Access; Gold Open Access,high,physical_asset_maintenance,True
paper-1013,2026,IET Control Theory and Applications,All Open Access; Gold Open Access,high,physical_asset_maintenance,False
paper-1014,2025,ShodhKosh: Journal of Visual and Performing Arts,All Open Access; Gold Open Access,high,physical_asset_maintenance,True
paper-1016,2025,Energotehnologii i Resursosberezenie,All Open Access; Gold Open Access,high,physical_asset_maintenance,False
paper-1018,2026,Mathematics,All Open Access; Gold Open Access; Green Open Access,high,physical_asset_maintenance,True
paper-1019,2025,Scientific Reports,All Open Access; Gold Open Access; Green Open Access,high,physical_asset_maintenance,True
paper-1021,2026,CMES - Computer Modeling in Engineering and Sciences,All Open Access; Gold Open Access,high,physical_asset_maintenance,True
paper-1023,2026,International Transactions on Electrical Energy Systems,All Open Access; Gold Open Access,high,physical_asset_maintenance,False
paper-1024,2026,European Physical Journal: Special Topics,All Open Access; Hybrid Gold Open Access,high,physical_asset_maintenance,True
paper-1025,2026,Diagnostyka,All Open Access; Gold Open Access,high,physical_asset_maintenance,True
paper-1026,2026,IEEE Sensors Journal,All Open Access; Green Open Access; Hybrid Gold Open Access,high,physical_asset_maintenance,False
paper-1027,2025,Scientific Reports,All Open Access; Gold Open Access; Green Open Access,high,physical_asset_maintenance,True
paper-1029,2026,IEEE Access,All Open Access; Gold Open Access; Green Open Access,high,physical_asset_maintenance,False
paper-1030,2026,Advanced Electronic Materials,All Open Access; Gold Open Access,high,physical_asset_maintenance,False
paper-1031,2026,Journal of Low Frequency Noise Vibration and Active Control,All Open Access; Gold Open Access,high,physical_asset_maintenance,True
paper-1032,2026,Applied Computer Science,All Open Access; Gold Open Access; Green Open Access,high,physical_asset_maintenance,True
paper-1033,2025,Sensors,All Open Access; Gold Open Access; Green Open Access,high,physical_asset_maintenance,True
paper-1034,2026,Journal of Electrical and Computer Engineering,All Open Access; Gold Open Access,high,physical_asset_maintenance,False
paper-1035,2026,Naukovyi Visnyk Natsionalnoho Hirnychoho Universytetu,All Open Access; Gold Open Access,high,physical_asset_maintenance,True
paper-1036,2026,Technometrics,All Open Access; Green Open Access; Hybrid Gold Open Access,high,physical_asset_maintenance,True
paper-1037,2026,International Journal of e-Collaboration,All Open Access; Hybrid Gold Open Access,high,physical_asset_maintenance,False
paper-1039,2026,Technologies,All Open Access; Gold Open Access; Green Open Access,high,physical_asset_maintenance,True
paper-1040,2025,Symmetry,All Open Access; Gold Open Access,high,physical_asset_maintenance,True
paper-1041,2026,IEEE Transactions on Applied Superconductivity,All Open Access; Green Open Access; Hybrid Gold Open Access,high,physical_asset_maintenance,True
paper-1042,2026,Journal of Energy Storage,All Open Access; Green Open Access; Hybrid Gold Open Access,high,physical_asset_maintenance,True
paper-1043,2026,IEEE Access,All Open Access; Gold Open Access; Green Open Access,high,physical_asset_maintenance,False
paper-1044,2025,Vehicles,All Open Access; Gold Open Access; Green Open Access,high,physical_asset_maintenance,True
paper-1045,2025,"Journal of Sustainable Development of Energy, Water and Environment Systems",All Open Access; Gold Open Access; Green Open Access,high,physical_asset_maintenance,True
paper-1046,2025,Machines,All Open Access; Gold Open Access; Green Open Access,high,physical_asset_maintenance,True
paper-1047,2026,IEEE Access,All Open Access; Gold Open Access,high,physical_asset_maintenance,False
paper-1049,2025,Quality and Reliability Engineering International,All Open Access; Green Open Access; Hybrid Gold Open Access,high,physical_asset_maintenance,True
paper-1050,2026,Applied Sciences (Switzerland),All Open Access; Gold Open Access; Green Open Access,medium,physical_asset_maintenance,True
paper-1053,2026,IEEE Access,All Open Access; Gold Open Access; Green Open Access,high,physical_asset_maintenance,False
paper-1055,2025,International Journal of Power Electronics and Drive Systems,All Open Access; Gold Open Access,high,physical_asset_maintenance,True
paper-1056,2026,Bulletin of the Polish Academy of Sciences: Technical Sciences,All Open Access; Gold Open Access,high,physical_asset_maintenance,True
paper-1058,2026,Structural Health Monitoring,All Open Access; Green Open Access,high,physical_asset_maintenance,True
paper-1059,2026,IET Power Electronics,All Open Access; Gold Open Access,high,physical_asset_maintenance,False
paper-1060,2025,Machines,All Open Access; Gold Open Access; Green Open Access,high,physical_asset_maintenance,True
paper-1061,2026,Eksploatacja i Niezawodnosc,All Open Access; Gold Open Access,high,physical_asset_maintenance,True
paper-1062,2025,Batteries,All Open Access; Gold Open Access; Green Open Access,high,physical_asset_maintenance,True
paper-1064,2026,Journal of Low Frequency Noise Vibration and Active Control,All Open Access; Gold Open Access,high,physical_asset_maintenance,True
paper-1066,2026,"Engineering, Technology and Applied Science Research",All Open Access; Gold Open Access,high,physical_asset_maintenance,True
paper-1067,2026,IEEE Access,All Open Access; Gold Open Access; Green Open Access,high,physical_asset_maintenance,False
paper-1069,2025,International Journal of Robust and Nonlinear Control,All Open Access; Green Open Access; Hybrid Gold Open Access,high,physical_asset_maintenance,True
paper-1070,2026,Communications - Scientific Letters of the University of Zilina,All Open Access; Gold Open Access; Green Open Access,high,physical_asset_maintenance,True
paper-1071,2025,Journal of Engineering and Applied Science,All Open Access; Gold Open Access; Green Open Access,high,physical_asset_maintenance,True
paper-1072,2026,Computers and Industrial Engineering,All Open Access; Hybrid Gold Open Access,high,physical_asset_maintenance,False
paper-1073,2025,Forschung im Ingenieurwesen/Engineering Research,All Open Access; Hybrid Gold Open Access,high,physical_asset_maintenance,True
paper-1074,2026,IEEE Access,All Open Access; Gold Open Access; Green Open Access,medium,physical_asset_maintenance,False
paper-1076,2026,CMES - Computer Modeling in Engineering and Sciences,All Open Access; Gold Open Access,high,physical_asset_maintenance,True
paper-1078,2025,Instruments,All Open Access; Gold Open Access; Green Open Access,high,physical_asset_maintenance,True
paper-1079,2026,"Engineering, Technology and Applied Science Research",All Open Access; Gold Open Access,high,physical_asset_maintenance,True
paper-1081,2025,Sustainable Energy Technologies and Assessments,All Open Access; Green Open Access; Hybrid Gold Open Access,high,physical_asset_maintenance,False
paper-1083,2026,Journal of Vibroengineering,All Open Access; Gold Open Access,high,physical_asset_maintenance,True
paper-1085,2026,Eksploatacja i Niezawodnosc,All Open Access; Gold Open Access,high,physical_asset_maintenance,True
paper-1087,2025,Scientific Reports,All Open Access; Gold Open Access; Green Open Access,high,physical_asset_maintenance,True
paper-1088,2025,Journal of Engineering and Applied Science,All Open Access; Gold Open Access; Green Open Access,high,physical_asset_maintenance,True
paper-1091,2025,Scientific Reports,All Open Access; Gold Open Access; Green Open Access,high,physical_asset_maintenance,True
paper-1092,2026,Eksploatacja i Niezawodnosc,All Open Access; Gold Open Access,high,physical_asset_maintenance,True
paper-1093,2025,Energy Reports,All Open Access; Gold Open Access,high,physical_asset_maintenance,False
paper-1094,2026,International Journal of Mechanical Engineering and Robotics Research,All Open Access; Hybrid Gold Open Access,high,physical_asset_maintenance,True
paper-1095,2025,Scientific Reports,All Open Access; Gold Open Access; Green Open Access,high,physical_asset_maintenance,True
paper-1096,2025,Journal of Big Data,All Open Access; Gold Open Access; Green Open Access,high,physical_asset_maintenance,True
paper-1101,2025,Applied System Innovation,All Open Access; Gold Open Access; Green Open Access,high,physical_asset_maintenance,True
paper-1102,2026,Sensors,All Open Access; Gold Open Access; Green Open Access,high,physical_asset_maintenance,True
paper-1103,2026,Micromachines,All Open Access; Gold Open Access; Green Open Access,high,physical_asset_maintenance,True
paper-1104,2026,IEEE Transactions on Industrial Electronics,All Open Access; Green Open Access,high,physical_asset_maintenance,False
paper-1105,2025,Scientific Data ,All Open Access; Gold Open Access; Green Open Access,high,physical_asset_maintenance,True
paper-1107,2025,Scientific Reports,All Open Access; Gold Open Access; Green Open Access,high,physical_asset_maintenance,True
paper-1108,2025,Scientific Reports,All Open Access; Gold Open Access; Green Open Access,high,physical_asset_maintenance,True
paper-1110,2026,Sustainability (Switzerland),All Open Access; Gold Open Access,high,physical_asset_maintenance,True
paper-1112,2026,International Journal of Rotating Machinery,All Open Access; Gold Open Access,high,physical_asset_maintenance,False
paper-1113,2026,IEEE Transactions on Transportation Electrification,All Open Access; Hybrid Gold Open Access,high,physical_asset_maintenance,False
paper-1114,2025,Engineering Applications of Artificial Intelligence,All Open Access; Green Open Access; Hybrid Gold Open Access,high,physical_asset_maintenance,False
paper-1115,2026,IEEE Transactions on Industrial Electronics,All Open Access; Green Open Access,high,physical_asset_maintenance,True
paper-1116,2025,Scientific Reports,All Open Access; Gold Open Access; Green Open Access,high,physical_asset_maintenance,True
paper-1121,2026,International Journal of Electrochemical Science ,All Open Access; Gold Open Access,high,physical_asset_maintenance,False
paper-1123,2026,International Journal on Interactive Design and Manufacturing,All Open Access; Hybrid Gold Open Access,high,physical_asset_maintenance,True
paper-1124,2026,Al-Bahir Journal for Engineering and Pure Sciences,All Open Access; Gold Open Access; Green Open Access,high,physical_asset_maintenance,False
paper-1125,2026,Aerospace Science and Technology,All Open Access; Hybrid Gold Open Access,high,physical_asset_maintenance,False
paper-1126,2026,Revista Internacional de Metodos Numericos para Calculo y Diseno en Ingenieria,All Open Access; Gold Open Access,high,physical_asset_maintenance,True
paper-1129,2026,International Journal of Advanced Manufacturing Technology,All Open Access; Hybrid Gold Open Access,high,physical_asset_maintenance,True
paper-1130,2026,Ecological Engineering and Environmental Technology,All Open Access; Hybrid Gold Open Access,high,physical_asset_maintenance,True
paper-1132,2025,Scientific Reports,All Open Access; Gold Open Access; Green Open Access,high,physical_asset_maintenance,True
paper-1134,2026,Sinergi (Indonesia),All Open Access; Gold Open Access; Green Open Access,high,physical_asset_maintenance,False
paper-1137,2025,Journal of Energy Storage,All Open Access; Green Open Access; Hybrid Gold Open Access,high,physical_asset_maintenance,False
paper-1140,2026,Advanced Engineering Informatics,All Open Access; Hybrid Gold Open Access,high,physical_asset_maintenance,False
paper-1141,2026,Electronics (Switzerland),All Open Access; Gold Open Access,high,physical_asset_maintenance,True
paper-1142,2026,International Journal of Heat and Fluid Flow,All Open Access; Hybrid Gold Open Access,high,physical_asset_maintenance,False
paper-1143,2026,Sensors,All Open Access; Gold Open Access; Green Open Access,medium,uncertain_but_included,True
paper-1144,2025,Processes,All Open Access; Gold Open Access,high,physical_asset_maintenance,True
paper-1145,2025,Automation,All Open Access; Gold Open Access; Green Open Access,high,physical_asset_maintenance,True
paper-1146,2026,International Journal of Refrigeration,All Open Access; Green Open Access; Hybrid Gold Open Access,medium,physical_asset_maintenance,False
paper-1147,2026,Military Technical Courier/Vojnotehnicki glasnik,All Open Access; Gold Open Access,high,physical_asset_maintenance,True
paper-1148,2025,MethodsX,All Open Access; Gold Open Access; Green Open Access,medium,physical_asset_maintenance,False
paper-1149,2025,Scientific Reports,All Open Access; Gold Open Access; Green Open Access,high,physical_asset_maintenance,True
paper-1153,2026,Energies,All Open Access; Gold Open Access; Green Open Access,high,physical_asset_maintenance,True
paper-1154,2025,Scientific Reports,All Open Access; Gold Open Access; Green Open Access,high,physical_asset_maintenance,True
paper-1156,2026,Sustainable Energy Technologies and Assessments,All Open Access; Hybrid Gold Open Access,high,physical_asset_maintenance,False
paper-1158,2025,Scientific Reports,All Open Access; Gold Open Access; Green Open Access,high,physical_asset_maintenance,True
paper-1160,2025,Mechanism and Machine Theory,All Open Access; Hybrid Gold Open Access,high,physical_asset_maintenance,False
paper-1162,2026,International Journal of Advanced Manufacturing Technology,All Open Access; Hybrid Gold Open Access,high,physical_asset_maintenance,True
paper-1163,2026,Technologies,All Open Access; Gold Open Access; Green Open Access,high,physical_asset_maintenance,True
paper-1166,2025,Results in Engineering,All Open Access; Gold Open Access; Green Open Access,high,physical_asset_maintenance,False
paper-1169,2026,"Computers, Materials and Continua",All Open Access; Gold Open Access,high,physical_asset_maintenance,True
paper-1170,2026,Comptes Rendus - Mecanique,All Open Access; Gold Open Access,high,physical_asset_maintenance,True
paper-1171,2025,Energy Reports,All Open Access; Gold Open Access,high,physical_asset_maintenance,False
paper-1172,2025,International Journal of Applied Power Engineering,All Open Access; Gold Open Access,high,physical_asset_maintenance,True
paper-1173,2026,Sensors,All Open Access; Gold Open Access; Green Open Access,high,physical_asset_maintenance,True
paper-1174,2026,Diagnostyka,All Open Access; Gold Open Access,high,physical_asset_maintenance,True
paper-1175,2025,Scientific Reports,All Open Access; Gold Open Access; Green Open Access,high,physical_asset_maintenance,True
paper-1176,2026,International Journal of Advanced Manufacturing Technology,All Open Access; Hybrid Gold Open Access,high,physical_asset_maintenance,True
paper-1177,2026,Information Processing in Agriculture,All Open Access; Gold Open Access,medium,physical_asset_maintenance,False
paper-1178,2026,WSEAS Transactions on Environment and Development,All Open Access; Gold Open Access,high,physical_asset_maintenance,False
paper-1179,2026,IET Electric Power Applications,All Open Access; Gold Open Access; Green Open Access,high,physical_asset_maintenance,False
paper-1180,2026,IEEE Transactions on Power Electronics,All Open Access; Green Open Access,high,physical_asset_maintenance,True
paper-1183,2026,Sensors,All Open Access; Gold Open Access; Green Open Access,high,physical_asset_maintenance,True
paper-1184,2025,Energies,All Open Access; Gold Open Access; Green Open Access,high,physical_asset_maintenance,True
paper-1185,2026,IEEE Access,All Open Access; Gold Open Access; Green Open Access,high,physical_asset_maintenance,False
paper-1186,2026,Electronics (Switzerland),All Open Access; Gold Open Access,high,physical_asset_maintenance,True
paper-1187,2025,Journal of Engineering and Applied Science,All Open Access; Gold Open Access; Green Open Access,high,physical_asset_maintenance,True
paper-1188,2025,Applied Sciences (Switzerland),All Open Access; Gold Open Access; Green Open Access,high,physical_asset_maintenance,True
paper-1190,2025,Autonomous Intelligent Systems,All Open Access; Gold Open Access; Green Open Access,high,physical_asset_maintenance,True
paper-1191,2026,Diagnostyka,All Open Access; Gold Open Access,high,physical_asset_maintenance,True
paper-1193,2025,ShodhKosh: Journal of Visual and Performing Arts,All Open Access; Gold Open Access,high,physical_asset_maintenance,True
paper-1194,2025,Information Fusion,All Open Access; Green Open Access; Hybrid Gold Open Access,high,physical_asset_maintenance,False
paper-1198,2026,Eng,All Open Access; Gold Open Access; Green Open Access,high,physical_asset_maintenance,True
paper-1201,2025,Energy Reports,All Open Access; Gold Open Access; Green Open Access,high,physical_asset_maintenance,False
paper-1203,2025,Electronics (Switzerland),All Open Access; Gold Open Access,high,physical_asset_maintenance,True
paper-1204,2025,Applied Energy,All Open Access; Green Open Access; Hybrid Gold Open Access,high,physical_asset_maintenance,True
paper-1205,2026,International Journal of Precision Engineering and Manufacturing,All Open Access; Hybrid Gold Open Access,high,physical_asset_maintenance,True
paper-1206,2025,Scientific Reports,All Open Access; Gold Open Access; Green Open Access,high,physical_asset_maintenance,True
paper-1207,2026,Journal of Vibroengineering,All Open Access; Gold Open Access,high,physical_asset_maintenance,True
paper-1208,2025,Scientific Reports,All Open Access; Gold Open Access; Green Open Access,high,physical_asset_maintenance,True
paper-1209,2026,IEEE Transactions on Intelligent Transportation Systems,All Open Access; Green Open Access,medium,physical_asset_maintenance,True
paper-1210,2025,International Academic Journal of Science and Engineering,All Open Access; Bronze Open Access,high,physical_asset_maintenance,True
paper-1211,2025,Sensors,All Open Access; Gold Open Access; Green Open Access,high,physical_asset_maintenance,True
paper-1212,2026,Eng,All Open Access; Gold Open Access; Green Open Access,high,physical_asset_maintenance,True
paper-1214,2025,Mechanical Sciences,All Open Access; Gold Open Access; Green Open Access,medium,physical_asset_maintenance,True
paper-1218,2026,Actuators,All Open Access; Gold Open Access; Green Open Access,medium,physical_asset_maintenance,True
paper-1219,2025,"Engineering, Technology and Applied Science Research",All Open Access; Gold Open Access,high,physical_asset_maintenance,True
paper-1221,2025,Scientific Data ,All Open Access; Gold Open Access; Green Open Access,high,physical_asset_maintenance,True
paper-1222,2026,IEEE Access,All Open Access; Gold Open Access,high,physical_asset_maintenance,False
paper-1223,2025,Journal of Power Sources,All Open Access; Hybrid Gold Open Access,high,physical_asset_maintenance,False
paper-1225,2025,Scientific Reports,All Open Access; Gold Open Access; Green Open Access,high,physical_asset_maintenance,True
paper-1226,2026,IEEE Access,All Open Access; Gold Open Access; Green Open Access,high,physical_asset_maintenance,False
paper-1228,2026,IEEE Access,All Open Access; Gold Open Access; Green Open Access,medium,physical_asset_maintenance,False
paper-1230,2025,Discover Sustainability,All Open Access; Gold Open Access; Green Open Access,high,physical_asset_maintenance,True
paper-1231,2025,Discover Computing,All Open Access; Gold Open Access; Green Open Access,high,physical_asset_maintenance,True
paper-1232,2026,Algorithms,All Open Access; Gold Open Access; Green Open Access,high,physical_asset_maintenance,True
paper-1233,2025,Sensors,All Open Access; Gold Open Access; Green Open Access,high,physical_asset_maintenance,True
paper-1235,2026,CMES - Computer Modeling in Engineering and Sciences,All Open Access; Gold Open Access,high,physical_asset_maintenance,True
paper-1236,2025,Scientific Reports,All Open Access; Gold Open Access; Green Open Access,high,physical_asset_maintenance,True
paper-1237,2026,IEEE Access,All Open Access; Gold Open Access,high,physical_asset_maintenance,False
paper-1238,2026,Journal of Low Frequency Noise Vibration and Active Control,All Open Access; Gold Open Access,high,physical_asset_maintenance,True
paper-1240,2025,Autonomous Intelligent Systems,All Open Access; Gold Open Access; Green Open Access,high,physical_asset_maintenance,True
paper-1241,2026,Tehnicki Vjesnik,All Open Access; Gold Open Access; Green Open Access,high,physical_asset_maintenance,True
paper-1244,2026,"Engineering, Technology and Applied Science Research",All Open Access; Gold Open Access,high,physical_asset_maintenance,True
paper-1245,2025,Energy and AI,All Open Access; Gold Open Access,high,physical_asset_maintenance,False
paper-1246,2025,Measurement: Journal of the International Measurement Confederation,All Open Access; Green Open Access; Hybrid Gold Open Access,medium,physical_asset_maintenance,False
paper-1247,2026,IEEE Transactions on Power Electronics,All Open Access; Green Open Access,high,physical_asset_maintenance,False
paper-1249,2025,Applied Sciences (Switzerland),All Open Access; Gold Open Access; Green Open Access,high,physical_asset_maintenance,True
paper-1252,2026,INMATEH - Agricultural Engineering,All Open Access; Gold Open Access,high,physical_asset_maintenance,True
paper-1253,2025,Forschung im Ingenieurwesen/Engineering Research,All Open Access; Hybrid Gold Open Access,high,physical_asset_maintenance,True
paper-1254,2025,ACS Omega,All Open Access; Gold Open Access; Green Open Access,high,physical_asset_maintenance,False
paper-1256,2026,Energy Science and Engineering,All Open Access; Gold Open Access,high,physical_asset_maintenance,False
paper-1257,2026,Optics and Lasers in Engineering,All Open Access; Green Open Access; Hybrid Gold Open Access,high,physical_asset_maintenance,False
paper-1258,2026,Applied Sciences (Switzerland),All Open Access; Gold Open Access; Green Open Access,high,physical_asset_maintenance,True
paper-1261,2025,Scientific Reports,All Open Access; Gold Open Access; Green Open Access,high,physical_asset_maintenance,True
paper-1262,2025,Forschung im Ingenieurwesen/Engineering Research,All Open Access; Green Open Access; Hybrid Gold Open Access,high,physical_asset_maintenance,True
paper-1263,2026,Structural Health Monitoring,All Open Access; Green Open Access,high,physical_asset_maintenance,True
paper-1264,2026,Journal of Communications,All Open Access; Hybrid Gold Open Access,high,physical_asset_maintenance,True
paper-1265,2026,Research,All Open Access; Gold Open Access; Green Open Access,high,physical_asset_maintenance,True
paper-1266,2026,International Journal of Electrical Power and Energy Systems,All Open Access; Gold Open Access; Green Open Access,high,physical_asset_maintenance,False
paper-1267,2026,Journal of Low Frequency Noise Vibration and Active Control,All Open Access; Gold Open Access,high,physical_asset_maintenance,True
paper-1268,2026,"Computers, Materials and Continua",All Open Access; Gold Open Access,high,physical_asset_maintenance,True
paper-1269,2026,High Voltage,All Open Access; Gold Open Access,high,physical_asset_maintenance,True
paper-1270,2025,International Journal of Advanced Computer Science and Applications,All Open Access; Gold Open Access,high,physical_asset_maintenance,True
paper-1272,2025,Scientific reports,All Open Access; Gold Open Access; Green Open Access,medium,physical_asset_maintenance,True
paper-1273,2025,Energy Reports,All Open Access; Gold Open Access; Green Open Access,high,physical_asset_maintenance,False
paper-1274,2025,Energy Informatics,All Open Access; Gold Open Access; Green Open Access,high,physical_asset_maintenance,True
paper-1275,2025,Results in Engineering,All Open Access; Gold Open Access; Green Open Access,high,physical_asset_maintenance,False
paper-1276,2026,Engineering Applications of Computational Fluid Mechanics ,All Open Access; Gold Open Access; Green Open Access,high,physical_asset_maintenance,True
paper-1277,2026,Electronics (Switzerland),All Open Access; Gold Open Access,high,physical_asset_maintenance,True
paper-1282,2025,Lubricants,All Open Access; Gold Open Access; Green Open Access,high,physical_asset_maintenance,True
paper-1283,2026,High Voltage,All Open Access; Gold Open Access,high,physical_asset_maintenance,False
paper-1284,2025,Discrete and Continuous Dynamical Systems - Series S,All Open Access; Gold Open Access,high,physical_asset_maintenance,False
paper-1288,2026,IET Signal Processing,All Open Access; Gold Open Access,high,physical_asset_maintenance,False
paper-1289,2026,Kerntechnik,All Open Access; Hybrid Gold Open Access,high,physical_asset_maintenance,False
paper-1293,2026,EURO Journal on Decision Processes,All Open Access; Gold Open Access,high,physical_asset_maintenance,False
paper-1295,2026,IEEE Access,All Open Access; Gold Open Access; Green Open Access,high,physical_asset_maintenance,False
paper-1296,2026,Frontiers in Physics,All Open Access; Gold Open Access; Green Open Access,high,physical_asset_maintenance,True
paper-1299,2026,Revista Internacional de Metodos Numericos para Calculo y Diseno en Ingenieria,All Open Access; Gold Open Access,high,physical_asset_maintenance,True
paper-1302,2026,Actuators,All Open Access; Gold Open Access; Green Open Access,high,physical_asset_maintenance,True
paper-1303,2025,International Journal of Advanced Nuclear Reactor Design and Technology,All Open Access; Gold Open Access; Green Open Access,high,physical_asset_maintenance,False
paper-1304,2025,Archives for Technical Sciences,All Open Access; Gold Open Access,high,physical_asset_maintenance,True
paper-1305,2026,Eksploatacja i Niezawodnosc,All Open Access; Gold Open Access; Green Open Access,high,physical_asset_maintenance,True
paper-1306,2025,Scientific Reports,All Open Access; Gold Open Access; Green Open Access,high,physical_asset_maintenance,True
paper-1307,2025,International Journal of Prognostics and Health Management,All Open Access; Gold Open Access; Green Open Access,high,physical_asset_maintenance,True
paper-1308,2025,Scientific Reports,All Open Access; Gold Open Access; Green Open Access,high,physical_asset_maintenance,True
paper-1309,2025,Journal of Energy Storage,All Open Access; Hybrid Gold Open Access,high,physical_asset_maintenance,False
paper-1310,2026,Advanced Engineering Informatics,All Open Access; Hybrid Gold Open Access,high,physical_asset_maintenance,False
paper-1311,2026,Global Energy Interconnection,All Open Access; Gold Open Access,high,physical_asset_maintenance,False
paper-1313,2026,"Circuits, Systems, and Signal Processing",All Open Access; Hybrid Gold Open Access,high,physical_asset_maintenance,True
paper-1316,2026,Eastern-European Journal of Enterprise Technologies,All Open Access; Gold Open Access; Green Open Access,high,physical_asset_maintenance,True
paper-1317,2025,PLOS ONE,All Open Access; Gold Open Access; Green Open Access,high,physical_asset_maintenance,True
paper-1318,2025,Vehicles,All Open Access; Gold Open Access; Green Open Access,high,physical_asset_maintenance,True
paper-1319,2025,Iran Journal of Computer Science,All Open Access; Hybrid Gold Open Access,high,physical_asset_maintenance,True
paper-1320,2025,Discover Internet of Things,All Open Access; Gold Open Access; Green Open Access,high,physical_asset_maintenance,True
paper-1322,2025,Transportation Engineering,All Open Access; Gold Open Access; Green Open Access,high,physical_asset_maintenance,False
paper-1323,2026,IEEE Access,All Open Access; Gold Open Access,high,physical_asset_maintenance,False
paper-1324,2026,Scientific Reports,All Open Access; Gold Open Access; Green Open Access,high,physical_asset_maintenance,True
paper-1325,2026,Turkish Journal of Electrical Engineering and Computer Sciences,All Open Access; Green Open Access; Hybrid Gold Open Access,high,physical_asset_maintenance,False
paper-1326,2025,Scientific Reports,All Open Access; Gold Open Access; Green Open Access,high,physical_asset_maintenance,True
paper-1327,2025,Energies,All Open Access; Gold Open Access; Green Open Access,high,physical_asset_maintenance,True
paper-1328,2026,Machines,All Open Access; Gold Open Access; Green Open Access,high,physical_asset_maintenance,True
paper-1329,2025,Sensors,All Open Access; Gold Open Access; Green Open Access,high,physical_asset_maintenance,True
paper-1330,2025,Sensors,All Open Access; Gold Open Access; Green Open Access,high,physical_asset_maintenance,True
paper-1331,2026,Nuclear Technology,All Open Access; Green Open Access,high,physical_asset_maintenance,False
paper-1333,2026,IEEE Access,All Open Access; Gold Open Access,high,physical_asset_maintenance,False
paper-1334,2025,Energies,All Open Access; Gold Open Access; Green Open Access,high,physical_asset_maintenance,True
paper-1335,2025,International Journal of Industrial Engineering and Management,All Open Access; Gold Open Access; Green Open Access,high,physical_asset_maintenance,True
paper-1336,2026,IEEE Access,All Open Access; Gold Open Access; Green Open Access,high,physical_asset_maintenance,False
paper-1337,2025,Scientific Reports,All Open Access; Gold Open Access; Green Open Access,high,physical_asset_maintenance,True
paper-1339,2025,Journal of Engineering Research (Kuwait),All Open Access; Gold Open Access,high,physical_asset_maintenance,False
paper-1340,2026,IEEE Access,All Open Access; Gold Open Access,high,physical_asset_maintenance,False
paper-1341,2025,"Eurasip Journal on Audio, Speech, and Music Processing",All Open Access; Gold Open Access; Green Open Access,high,physical_asset_maintenance,True
paper-1342,2026,"Engineering, Technology and Applied Science Research",All Open Access; Gold Open Access,high,physical_asset_maintenance,True
paper-1343,2026,"IET Generation, Transmission and Distribution",All Open Access; Gold Open Access,high,physical_asset_maintenance,True
paper-1344,2026,International Journal of Naval Architecture and Ocean Engineering,All Open Access; Gold Open Access,high,physical_asset_maintenance,False
paper-1346,2025,Scientific Reports,All Open Access; Gold Open Access; Green Open Access,high,physical_asset_maintenance,True
paper-1347,2026,IET Collaborative Intelligent Manufacturing,All Open Access; Gold Open Access,high,physical_asset_maintenance,False
paper-1348,2025,Forschung im Ingenieurwesen/Engineering Research,All Open Access; Hybrid Gold Open Access,high,physical_asset_maintenance,True
paper-1349,2026,Information (Switzerland),All Open Access; Gold Open Access; Green Open Access,high,physical_asset_maintenance,True
paper-1351,2025,Scientific Reports,All Open Access; Gold Open Access; Green Open Access,high,physical_asset_maintenance,True
paper-1352,2025,Actuators,All Open Access; Gold Open Access; Green Open Access,high,physical_asset_maintenance,True
paper-1355,2025,HighTech and Innovation Journal,All Open Access; Gold Open Access,medium,physical_asset_maintenance,True
paper-1356,2026,Energy and AI,All Open Access; Gold Open Access; Green Open Access,high,physical_asset_maintenance,False
paper-1357,2025,Reliability Engineering and System Safety,All Open Access; Hybrid Gold Open Access,high,physical_asset_maintenance,False
paper-1358,2025,Forschung im Ingenieurwesen/Engineering Research,All Open Access; Hybrid Gold Open Access,high,physical_asset_maintenance,True
paper-1359,2025,Scientific Reports,All Open Access; Gold Open Access; Green Open Access,medium,uncertain_but_included,True
paper-1360,2025,Journal of Engineering and Applied Science,All Open Access; Gold Open Access; Green Open Access,high,physical_asset_maintenance,True
paper-1361,2025,Machine Learning with Applications,All Open Access; Gold Open Access; Green Open Access,high,physical_asset_maintenance,False
paper-1363,2025,Scientific Reports,All Open Access; Gold Open Access; Green Open Access,high,physical_asset_maintenance,True
paper-1365,2026,CMES - Computer Modeling in Engineering and Sciences,All Open Access; Gold Open Access,high,physical_asset_maintenance,True
paper-1366,2026,IEEE Access,All Open Access; Gold Open Access; Green Open Access,high,physical_asset_maintenance,False
paper-1367,2026,IEEE Access,All Open Access; Gold Open Access; Green Open Access,high,physical_asset_maintenance,False
paper-1368,2025,International Journal of Prognostics and Health Management,All Open Access; Gold Open Access; Green Open Access,high,physical_asset_maintenance,True
paper-1369,2025,Applied Sciences (Switzerland),All Open Access; Gold Open Access; Green Open Access,high,physical_asset_maintenance,True
paper-1370,2026,SOCAR Proceedings,All Open Access; Bronze Open Access,high,physical_asset_maintenance,False
paper-1371,2026,Processes,All Open Access; Gold Open Access,high,physical_asset_maintenance,True
paper-1372,2025,Machines,All Open Access; Gold Open Access; Green Open Access,medium,physical_asset_maintenance,True
paper-1373,2025,Scientific Reports,All Open Access; Gold Open Access; Green Open Access,high,physical_asset_maintenance,True
paper-1375,2026,IEEE/ASME Transactions on Mechatronics,All Open Access; Green Open Access; Hybrid Gold Open Access,high,physical_asset_maintenance,False
paper-1377,2025,Forschung im Ingenieurwesen/Engineering Research,All Open Access; Bronze Open Access; Green Open Access,high,physical_asset_maintenance,True
paper-1379,2025,Autonomous Intelligent Systems,All Open Access; Gold Open Access; Green Open Access,high,physical_asset_maintenance,True
paper-1380,2025,Journal of Power Sources,All Open Access; Hybrid Gold Open Access,high,physical_asset_maintenance,False
paper-1381,2025,Siberian Journal of Life Sciences and Agriculture,All Open Access; Gold Open Access; Green Open Access,high,physical_asset_maintenance,True
paper-1383,2025,Scientific Reports,All Open Access; Gold Open Access; Green Open Access,high,physical_asset_maintenance,True
paper-1384,2025,Scientific Reports,All Open Access; Gold Open Access; Green Open Access,high,physical_asset_maintenance,True
paper-1385,2026,Eksploatacja i Niezawodnosc,All Open Access; Gold Open Access,high,physical_asset_maintenance,True
paper-1386,2026,Energies,All Open Access; Gold Open Access; Green Open Access,high,physical_asset_maintenance,True
paper-1388,2025,Journal of Manufacturing Systems,All Open Access; Green Open Access; Hybrid Gold Open Access,high,physical_asset_maintenance,False
paper-1390,2026,Structural Control and Health Monitoring,All Open Access; Gold Open Access; Green Open Access,high,physical_asset_maintenance,True
paper-1391,2025,Scientific Reports,All Open Access; Gold Open Access; Green Open Access,high,physical_asset_maintenance,True
paper-1393,2026,Journal of Tribology,All Open Access; Hybrid Gold Open Access,high,physical_asset_maintenance,False
paper-1394,2026,Journal of Electrical Engineering and Technology,All Open Access; Hybrid Gold Open Access,high,physical_asset_maintenance,True
paper-1395,2026,Machines,All Open Access; Gold Open Access; Green Open Access,high,physical_asset_maintenance,True
paper-1399,2026,Journal of Intelligent Manufacturing,All Open Access; Hybrid Gold Open Access,high,physical_asset_maintenance,True
paper-1402,2025,MethodsX,All Open Access; Gold Open Access; Green Open Access,high,physical_asset_maintenance,False
paper-1404,2026,IEEE Transactions on Power Delivery,All Open Access; Green Open Access,high,physical_asset_maintenance,False
paper-1406,2026,International Transactions on Electrical Energy Systems,All Open Access; Gold Open Access,high,physical_asset_maintenance,False
paper-1407,2025,Machines,All Open Access; Gold Open Access; Green Open Access,high,physical_asset_maintenance,True
paper-1408,2025,Power Electronic Devices and Components,All Open Access; Gold Open Access; Green Open Access,high,physical_asset_maintenance,False
paper-1409,2025,Scientific Reports,All Open Access; Gold Open Access; Green Open Access,high,physical_asset_maintenance,True
paper-1410,2025,Energy Reports,All Open Access; Gold Open Access,medium,physical_asset_maintenance,False
paper-1412,2025,Scientific Reports,All Open Access; Gold Open Access; Green Open Access,high,physical_asset_maintenance,True
paper-1413,2025,SSRG International Journal of Electrical and Electronics Engineering,All Open Access; Hybrid Gold Open Access,high,physical_asset_maintenance,True
paper-1414,2026,"Computers, Materials and Continua",All Open Access; Gold Open Access,high,physical_asset_maintenance,True
paper-1416,2025,Scientific Reports,All Open Access; Gold Open Access; Green Open Access,high,physical_asset_maintenance,True
paper-1417,2026,Diagnostyka,All Open Access; Gold Open Access,high,physical_asset_maintenance,True
paper-1418,2025,International Journal of Agricultural and Biological Engineering,All Open Access; Gold Open Access,high,physical_asset_maintenance,True
paper-1419,2025,Journal of Manufacturing Systems,All Open Access; Hybrid Gold Open Access,high,physical_asset_maintenance,False
paper-1422,2026,IET Power Electronics,All Open Access; Gold Open Access,high,physical_asset_maintenance,False
paper-1425,2025,Autonomous Intelligent Systems,All Open Access; Gold Open Access; Green Open Access,high,physical_asset_maintenance,True
paper-1426,2026,IEEE Access,All Open Access; Gold Open Access; Green Open Access,high,physical_asset_maintenance,False
paper-1427,2026,IEEE Access,All Open Access; Gold Open Access; Green Open Access,high,physical_asset_maintenance,False
paper-1428,2025,npj Materials Degradation,All Open Access; Gold Open Access; Green Open Access,high,physical_asset_maintenance,True
paper-1429,2026,Computers and Industrial Engineering,All Open Access; Green Open Access; Hybrid Gold Open Access,high,physical_asset_maintenance,False
paper-1430,2025,Results in Engineering,All Open Access; Gold Open Access,high,physical_asset_maintenance,False
paper-1433,2026,IEEE Sensors Letters,All Open Access; Hybrid Gold Open Access,medium,physical_asset_maintenance,False
paper-1434,2026,Agris On-line Papers in Economics and Informatics,All Open Access; Gold Open Access,medium,physical_asset_maintenance,True
paper-1435,2026,Micromachines,All Open Access; Gold Open Access; Green Open Access,medium,physical_asset_maintenance,True
paper-1436,2026,Applied Computer Science,All Open Access; Gold Open Access; Green Open Access,high,physical_asset_maintenance,True
paper-1437,2025,Machines,All Open Access; Gold Open Access; Green Open Access,medium,physical_asset_maintenance,True
paper-1438,2026,Energies,All Open Access; Gold Open Access; Green Open Access,high,physical_asset_maintenance,True
paper-1439,2025,Information (Switzerland),All Open Access; Gold Open Access; Green Open Access,high,physical_asset_maintenance,True
paper-1440,2026,Frontiers in Mechanical Engineering,All Open Access; Gold Open Access; Green Open Access,high,physical_asset_maintenance,True
paper-1441,2026,Sustainability (Switzerland),All Open Access; Gold Open Access,high,physical_asset_maintenance,True
paper-1444,2025,Energy Reports,All Open Access; Gold Open Access,high,physical_asset_maintenance,False
paper-1445,2026,IEEE Access,All Open Access; Gold Open Access; Green Open Access,high,physical_asset_maintenance,False
paper-1446,2026,Pollack Periodica,All Open Access; Hybrid Gold Open Access,high,physical_asset_maintenance,True
paper-1449,2026,IEEE Access,All Open Access; Gold Open Access; Green Open Access,high,physical_asset_maintenance,False
paper-1450,2025,South African Journal of Industrial Engineering,All Open Access; Gold Open Access,high,physical_asset_maintenance,True
paper-1452,2026,Energy Conversion and Management: X,All Open Access; Gold Open Access,high,physical_asset_maintenance,False
paper-1453,2026,Applied Sciences (Switzerland),All Open Access; Gold Open Access; Green Open Access,high,physical_asset_maintenance,True
paper-1454,2026,Journal of Pipeline Science and Engineering,All Open Access; Gold Open Access; Green Open Access,high,physical_asset_maintenance,False
paper-1455,2025,Scientific Reports,All Open Access; Gold Open Access; Green Open Access,high,physical_asset_maintenance,True
paper-1456,2025,Mathematics,All Open Access; Gold Open Access; Green Open Access,high,physical_asset_maintenance,True
paper-1458,2025,Scientific Reports,All Open Access; Gold Open Access; Green Open Access,medium,uncertain_but_included,True
paper-1459,2026,IEEE Transactions on Industry Applications,All Open Access; Hybrid Gold Open Access,high,physical_asset_maintenance,False
paper-1461,2026,IEEE Access,All Open Access; Gold Open Access,high,physical_asset_maintenance,False
paper-1463,2025,Electronics (Switzerland),All Open Access; Gold Open Access,high,physical_asset_maintenance,True
paper-1464,2026,High Voltage,All Open Access; Gold Open Access,high,physical_asset_maintenance,False
paper-1465,2026,Energies,All Open Access; Gold Open Access; Green Open Access,high,physical_asset_maintenance,True
paper-1466,2025,Scientific Reports,All Open Access; Gold Open Access; Green Open Access,high,physical_asset_maintenance,True
paper-1467,2026,Technologies,All Open Access; Gold Open Access; Green Open Access,medium,physical_asset_maintenance,True
paper-1468,2026,Production and Manufacturing Research,All Open Access; Gold Open Access; Green Open Access,high,physical_asset_maintenance,True
paper-1469,2026,Eksploatacja i Niezawodnosc,All Open Access; Gold Open Access,high,physical_asset_maintenance,True
paper-1470,2026,International Journal of Computer Integrated Manufacturing,All Open Access; Hybrid Gold Open Access,high,physical_asset_maintenance,True
paper-1471,2026,IEEE Access,All Open Access; Gold Open Access; Green Open Access,high,physical_asset_maintenance,False
paper-1473,2026,IEEE Access,All Open Access; Gold Open Access,high,physical_asset_maintenance,False
paper-1475,2025,Scientific Reports,All Open Access; Gold Open Access; Green Open Access,high,physical_asset_maintenance,True
paper-1476,2025,Scientific Reports,All Open Access; Gold Open Access; Green Open Access,high,physical_asset_maintenance,True
paper-1480,2026,Reliability Engineering and System Safety,All Open Access; Green Open Access; Hybrid Gold Open Access,high,physical_asset_maintenance,False
paper-1481,2026,Sensors,All Open Access; Gold Open Access; Green Open Access,high,physical_asset_maintenance,True
paper-1483,2026,"IET Generation, Transmission and Distribution",All Open Access; Gold Open Access,high,physical_asset_maintenance,False
paper-1484,2025,Electronics (Switzerland),All Open Access; Gold Open Access; Green Open Access,high,physical_asset_maintenance,True
paper-1485,2026,IEEE Access,All Open Access; Gold Open Access,high,physical_asset_maintenance,False
paper-1486,2026,"Proceedings of the Institution of Mechanical Engineers, Part O: Journal of Risk and Reliability",All Open Access; Hybrid Gold Open Access,high,physical_asset_maintenance,True
paper-1488,2025,Scientific Data ,All Open Access; Gold Open Access; Green Open Access,high,physical_asset_maintenance,True
paper-1489,2025,Mechanika,All Open Access; Gold Open Access,high,physical_asset_maintenance,True
paper-1490,2025,ShodhKosh: Journal of Visual and Performing Arts,All Open Access; Gold Open Access,high,physical_asset_maintenance,True
paper-1491,2026,IEEE Access,All Open Access; Gold Open Access,high,physical_asset_maintenance,False
paper-1493,2026,International Journal of Prognostics and Health Management,All Open Access; Gold Open Access,high,physical_asset_maintenance,True
paper-1494,2026,Actuators,All Open Access; Gold Open Access; Green Open Access,high,physical_asset_maintenance,True
paper-1495,2025,Applied Sciences (Switzerland),All Open Access; Gold Open Access; Green Open Access,high,physical_asset_maintenance,True
paper-1496,2026,IEEE Access,All Open Access; Gold Open Access; Green Open Access,high,physical_asset_maintenance,False
paper-1497,2026,Applied Sciences (Switzerland),All Open Access; Gold Open Access; Green Open Access,high,physical_asset_maintenance,True
paper-1498,2026,Electric Power Systems Research,All Open Access; Hybrid Gold Open Access,high,physical_asset_maintenance,False
paper-1499,2026,IEEE Transactions on Industry Applications,All Open Access; Green Open Access,high,physical_asset_maintenance,True
paper-1500,2026,Communications in Mathematical Biology and Neuroscience,All Open Access; Gold Open Access,high,physical_asset_maintenance,True
paper-1502,2025,Processes,All Open Access; Gold Open Access,medium,physical_asset_maintenance,True
paper-1505,2025,Energies,All Open Access; Gold Open Access; Green Open Access,high,physical_asset_maintenance,True
paper-1510,2025,Microelectronics Reliability,All Open Access; Green Open Access; Hybrid Gold Open Access,high,physical_asset_maintenance,False
paper-1511,2025,Processes,All Open Access; Gold Open Access,high,physical_asset_maintenance,True
paper-1512,2025,Energy Systems Research,All Open Access; Gold Open Access,high,physical_asset_maintenance,True
paper-1515,2025,Scientific Reports,All Open Access; Gold Open Access; Green Open Access,high,physical_asset_maintenance,True
paper-1517,2025,Applied Sciences (Switzerland),All Open Access; Gold Open Access; Green Open Access,high,physical_asset_maintenance,True
paper-1518,2025,ACS Omega,All Open Access; Gold Open Access; Green Open Access,high,physical_asset_maintenance,False
paper-1519,2025,AIP Advances,All Open Access; Gold Open Access; Green Open Access,high,physical_asset_maintenance,False
paper-1521,2025,Electronics (Switzerland),All Open Access; Gold Open Access,medium,physical_asset_maintenance,True
paper-1522,2025,Materials,All Open Access; Gold Open Access; Green Open Access,high,physical_asset_maintenance,True
paper-1523,2025,Energies,All Open Access; Gold Open Access; Green Open Access,high,physical_asset_maintenance,True
paper-1524,2025,Processes,All Open Access; Gold Open Access,high,physical_asset_maintenance,True
paper-1525,2025,ECS Advances,All Open Access; Gold Open Access; Green Open Access,high,physical_asset_maintenance,False
paper-1527,2025,Quarterly Report of RTRI (Railway Technical Research Institute),All Open Access; Gold Open Access,high,physical_asset_maintenance,True
paper-1528,2025,Micromachines,All Open Access; Gold Open Access; Green Open Access,high,physical_asset_maintenance,True
paper-1529,2025,Sensors,All Open Access; Gold Open Access; Green Open Access,high,physical_asset_maintenance,True
paper-1531,2025,Scientific Reports,All Open Access; Gold Open Access; Green Open Access,high,physical_asset_maintenance,True
paper-1532,2025,Reliability Engineering and System Safety,All Open Access; Green Open Access,high,physical_asset_maintenance,True
paper-1533,2025,Photonics,All Open Access; Gold Open Access; Green Open Access,high,physical_asset_maintenance,True
paper-1534,2025,Batteries,All Open Access; Gold Open Access; Green Open Access,high,physical_asset_maintenance,True
paper-1535,2025,IAES International Journal of Artificial Intelligence,All Open Access; Gold Open Access,high,physical_asset_maintenance,True
paper-1538,2025,Polymers,All Open Access; Gold Open Access,high,physical_asset_maintenance,True
paper-1540,2025,Applied Sciences (Switzerland),All Open Access; Gold Open Access; Green Open Access,high,physical_asset_maintenance,True
paper-1541,2025,Mechatronics,All Open Access; Hybrid Gold Open Access,high,physical_asset_maintenance,False
paper-1542,2025,MM Science Journal,All Open Access; Gold Open Access,high,physical_asset_maintenance,False
paper-1544,2025,Applied System Innovation,All Open Access; Gold Open Access; Green Open Access,high,physical_asset_maintenance,True
paper-1547,2025,Scientific African,All Open Access; Gold Open Access; Green Open Access,high,physical_asset_maintenance,False
paper-1548,2025,Structural Health Monitoring,All Open Access; Green Open Access,high,physical_asset_maintenance,True
paper-1550,2025,Developments in the Built Environment,All Open Access; Gold Open Access; Green Open Access,high,physical_asset_maintenance,False
paper-1551,2025,Wind Energy Science,All Open Access; Gold Open Access; Green Open Access,high,physical_asset_maintenance,True
paper-1554,2025,Energy Science and Engineering,All Open Access; Gold Open Access; Green Open Access,high,physical_asset_maintenance,False
paper-1555,2025,SSRG International Journal of Civil Engineering,All Open Access; Hybrid Gold Open Access,high,physical_asset_maintenance,True
paper-1556,2025,Journal of King Saud University - Engineering Sciences,All Open Access; Gold Open Access; Green Open Access,high,physical_asset_maintenance,True
paper-1558,2025,Forschung im Ingenieurwesen/Engineering Research,All Open Access; Hybrid Gold Open Access,high,physical_asset_maintenance,True
paper-1559,2025,Vehicles,All Open Access; Gold Open Access; Green Open Access,high,physical_asset_maintenance,True
paper-1565,2025,Scientific Reports,All Open Access; Gold Open Access; Green Open Access,high,physical_asset_maintenance,True
paper-1567,2025,Systems,All Open Access; Gold Open Access; Green Open Access,high,physical_asset_maintenance,True
paper-1569,2025,Production Engineering,All Open Access; Hybrid Gold Open Access,high,physical_asset_maintenance,True
paper-1572,2025,Machines,All Open Access; Gold Open Access; Green Open Access,high,physical_asset_maintenance,True
paper-1574,2025,Sustainability (Switzerland),All Open Access; Gold Open Access,high,physical_asset_maintenance,True
paper-1575,2025,Wear,All Open Access; Hybrid Gold Open Access,high,physical_asset_maintenance,False
paper-1576,2025,Sensors,All Open Access; Gold Open Access; Green Open Access,high,physical_asset_maintenance,True
paper-1580,2025,Journal of Energy Storage,All Open Access; Hybrid Gold Open Access,medium,physical_asset_maintenance,False
paper-1582,2025,Journal of Vibration Engineering and Technologies,All Open Access; Green Open Access,high,physical_asset_maintenance,True
paper-1583,2025,Transportation Safety and Environment,All Open Access; Gold Open Access; Green Open Access,high,physical_asset_maintenance,True
paper-1584,2025,Sensors,All Open Access; Gold Open Access; Green Open Access,high,physical_asset_maintenance,True
paper-1586,2025,Logic Journal of the IGPL,All Open Access; Hybrid Gold Open Access,high,physical_asset_maintenance,False
paper-1587,2025,Applied Sciences (Switzerland),All Open Access; Gold Open Access; Green Open Access,high,physical_asset_maintenance,True
paper-1589,2025,Sensors,All Open Access; Gold Open Access; Green Open Access,high,physical_asset_maintenance,True
paper-1590,2025,SSRG International Journal of Electrical and Electronics Engineering,All Open Access; Hybrid Gold Open Access,high,physical_asset_maintenance,True
paper-1591,2025,Batteries,All Open Access; Gold Open Access; Green Open Access,high,physical_asset_maintenance,True
paper-1592,2025,International Journal of Power Electronics and Drive Systems,All Open Access; Gold Open Access,high,physical_asset_maintenance,True
paper-1594,2025,Results in Engineering,All Open Access; Gold Open Access,high,physical_asset_maintenance,False
paper-1595,2025,Sensors,All Open Access; Gold Open Access; Green Open Access,high,physical_asset_maintenance,True
paper-1598,2025,SSRG International Journal of Electrical and Electronics Engineering,All Open Access; Hybrid Gold Open Access,high,physical_asset_maintenance,True
paper-1601,2025,SN Computer Science,All Open Access; Hybrid Gold Open Access,high,physical_asset_maintenance,True
paper-1602,2025,Advances in Mechanical Engineering,All Open Access; Gold Open Access; Green Open Access,high,physical_asset_maintenance,True
paper-1604,2025,EAI Endorsed Transactions on Energy Web,All Open Access; Gold Open Access,high,physical_asset_maintenance,True
paper-1608,2025,Mathematics,All Open Access; Gold Open Access; Green Open Access,high,physical_asset_maintenance,True
paper-1609,2025,Lubricants,All Open Access; Gold Open Access; Green Open Access,high,physical_asset_maintenance,True
paper-1610,2025,Scientific Reports,All Open Access; Gold Open Access; Green Open Access,medium,physical_asset_maintenance,True
paper-1612,2025,Applied Energy,All Open Access; Green Open Access; Hybrid Gold Open Access,high,physical_asset_maintenance,False
paper-1613,2025,International Journal of Mechanical Sciences,All Open Access; Hybrid Gold Open Access,high,physical_asset_maintenance,False
paper-1614,2025,Scientific Reports,All Open Access; Gold Open Access; Green Open Access,high,physical_asset_maintenance,True
paper-1615,2025,Engineering Failure Analysis,All Open Access; Hybrid Gold Open Access,high,physical_asset_maintenance,False
paper-1617,2025,"Engineering, Technology and Applied Science Research",All Open Access; Gold Open Access,high,physical_asset_maintenance,True
paper-1618,2025,Energies,All Open Access; Gold Open Access; Green Open Access,high,physical_asset_maintenance,True
paper-1619,2025,Knowledge-Based Systems,All Open Access; Green Open Access; Hybrid Gold Open Access,high,physical_asset_maintenance,True
paper-1621,2025,Journal of Engineering and Technology for Industrial Applications,All Open Access; Gold Open Access; Green Open Access,high,physical_asset_maintenance,True
paper-1623,2025,Scientific Reports,All Open Access; Gold Open Access; Green Open Access,high,physical_asset_maintenance,True
paper-1624,2025,Sensors,All Open Access; Gold Open Access; Green Open Access,high,physical_asset_maintenance,True
paper-1625,2025,Actuators,All Open Access; Gold Open Access; Green Open Access,high,physical_asset_maintenance,True
paper-1627,2025,Sensors,All Open Access; Gold Open Access; Green Open Access,high,physical_asset_maintenance,True
paper-1630,2025,Advances in Mechanical Engineering,All Open Access; Gold Open Access; Green Open Access,high,physical_asset_maintenance,True
paper-1631,2025,Mathematics,All Open Access; Gold Open Access; Green Open Access,high,physical_asset_maintenance,True
paper-1632,2025,Acta Technica Jaurinensis,All Open Access; Gold Open Access; Green Open Access,high,physical_asset_maintenance,True
paper-1634,2025,iScience,All Open Access; Gold Open Access; Green Open Access,high,physical_asset_maintenance,False
paper-1635,2025,Energy,All Open Access; Hybrid Gold Open Access,high,physical_asset_maintenance,False
paper-1636,2025,Green Energy and Intelligent Transportation,All Open Access; Gold Open Access; Green Open Access,high,physical_asset_maintenance,False
paper-1637,2025,Energy Informatics,All Open Access; Gold Open Access; Green Open Access,medium,physical_asset_maintenance,True
paper-1638,2025,International Journal of Electrical Power and Energy Systems,All Open Access; Gold Open Access; Green Open Access,high,physical_asset_maintenance,False
paper-1639,2025,Sensors,All Open Access; Gold Open Access; Green Open Access,high,physical_asset_maintenance,True
paper-1640,2025,Scientific Reports,All Open Access; Gold Open Access; Green Open Access,high,physical_asset_maintenance,True
paper-1641,2025,Sensors,All Open Access; Gold Open Access; Green Open Access,high,physical_asset_maintenance,True
paper-1642,2025,Electronics (Switzerland),All Open Access; Gold Open Access,high,physical_asset_maintenance,True
paper-1643,2025,MM Science Journal,All Open Access; Gold Open Access,high,physical_asset_maintenance,False
paper-1644,2025,Symmetry,All Open Access; Gold Open Access,high,physical_asset_maintenance,True
paper-1649,2025,Measurement: Journal of the International Measurement Confederation,All Open Access; Hybrid Gold Open Access,high,physical_asset_maintenance,False
paper-1650,2025,Journal of Vibration Engineering and Technologies,All Open Access; Green Open Access; Hybrid Gold Open Access,high,physical_asset_maintenance,True
paper-1651,2025,Energies,All Open Access; Gold Open Access; Green Open Access,high,physical_asset_maintenance,True
paper-1652,2025,Wind Energy Science,All Open Access; Gold Open Access; Green Open Access,high,physical_asset_maintenance,True
paper-1654,2025,Gas Science and Engineering,All Open Access; Green Open Access; Hybrid Gold Open Access,high,physical_asset_maintenance,False
paper-1655,2025,Applied Sciences (Switzerland),All Open Access; Gold Open Access; Green Open Access,high,physical_asset_maintenance,True
paper-1656,2025,Energies,All Open Access; Gold Open Access; Green Open Access,high,physical_asset_maintenance,True
paper-1659,2025,Energies,All Open Access; Gold Open Access; Green Open Access,high,physical_asset_maintenance,True
paper-1660,2025,Journal of Energy Storage,All Open Access; Hybrid Gold Open Access,high,physical_asset_maintenance,False
paper-1663,2025,Neural Computing and Applications,All Open Access; Hybrid Gold Open Access,high,physical_asset_maintenance,True
paper-1664,2025,Applied Sciences (Switzerland),All Open Access; Gold Open Access; Green Open Access,high,physical_asset_maintenance,True
paper-1668,2025,Energy Informatics,All Open Access; Gold Open Access; Green Open Access,high,physical_asset_maintenance,True
paper-1669,2025,PLOS ONE,All Open Access; Gold Open Access; Green Open Access,high,physical_asset_maintenance,True
paper-1670,2025,Eng,All Open Access; Gold Open Access; Green Open Access,high,physical_asset_maintenance,True
paper-1675,2025,Energies,All Open Access; Gold Open Access; Green Open Access,high,physical_asset_maintenance,True
paper-1677,2025,Sensors,All Open Access; Gold Open Access; Green Open Access,high,physical_asset_maintenance,True
paper-1679,2025,Applied Sciences (Switzerland),All Open Access; Gold Open Access; Green Open Access,high,physical_asset_maintenance,True
paper-1684,2025,Journal of Vibration Engineering and Technologies,All Open Access; Hybrid Gold Open Access,high,physical_asset_maintenance,True
paper-1685,2025,Sensors,All Open Access; Gold Open Access; Green Open Access,high,physical_asset_maintenance,True
paper-1686,2025,Advances in Mechanical Engineering,All Open Access; Gold Open Access,high,physical_asset_maintenance,True
paper-1687,2025,Applied Sciences (Switzerland),All Open Access; Gold Open Access; Green Open Access,high,physical_asset_maintenance,True
paper-1690,2025,Algorithms,All Open Access; Gold Open Access; Green Open Access,high,physical_asset_maintenance,True
paper-1691,2025,Journal Europeen des Systemes Automatises,All Open Access; Hybrid Gold Open Access,high,physical_asset_maintenance,True
paper-1692,2025,Journal of Energy Storage,All Open Access; Green Open Access,high,physical_asset_maintenance,False
paper-1693,2025,Energies,All Open Access; Gold Open Access; Green Open Access,high,physical_asset_maintenance,True
paper-1694,2025,Batteries,All Open Access; Gold Open Access; Green Open Access,high,physical_asset_maintenance,True
paper-1696,2025,Knowledge-Based Systems,All Open Access; Green Open Access; Hybrid Gold Open Access,high,physical_asset_maintenance,False
paper-1697,2025,Sensors,All Open Access; Gold Open Access; Green Open Access,high,physical_asset_maintenance,True
paper-1698,2025,Algorithms,All Open Access; Gold Open Access; Green Open Access,high,physical_asset_maintenance,True
paper-1699,2025,Energies,All Open Access; Gold Open Access; Green Open Access,high,physical_asset_maintenance,True
paper-1700,2025,Mechanical Systems and Signal Processing,All Open Access; Hybrid Gold Open Access,high,physical_asset_maintenance,False
paper-1701,2025,Information (Switzerland),All Open Access; Gold Open Access; Green Open Access,high,physical_asset_maintenance,True
paper-1702,2025,Machines,All Open Access; Gold Open Access; Green Open Access,high,physical_asset_maintenance,True
paper-1703,2025,Solar RRL,All Open Access; Hybrid Gold Open Access,medium,physical_asset_maintenance,True
paper-1704,2025,Mathematics,All Open Access; Gold Open Access; Green Open Access,medium,physical_asset_maintenance,True
paper-1705,2025,AIP Advances,All Open Access; Gold Open Access; Green Open Access,high,physical_asset_maintenance,False
paper-1707,2025,Processes,All Open Access; Gold Open Access,high,physical_asset_maintenance,True
paper-1708,2025,Advances in Mechanical Engineering,All Open Access; Gold Open Access; Green Open Access,high,physical_asset_maintenance,True
paper-1709,2025,Energies,All Open Access; Gold Open Access; Green Open Access,high,physical_asset_maintenance,True
paper-1710,2025,Scientific Reports,All Open Access; Gold Open Access; Green Open Access,high,physical_asset_maintenance,True
paper-1711,2025,Machines,All Open Access; Gold Open Access; Green Open Access,high,physical_asset_maintenance,True
paper-1712,2025,Microsystems and Nanoengineering,All Open Access; Gold Open Access; Green Open Access,high,physical_asset_maintenance,True
paper-1713,2025,Information (Switzerland),All Open Access; Gold Open Access; Green Open Access,high,physical_asset_maintenance,True
paper-1714,2025,Scientific Reports,All Open Access; Gold Open Access; Green Open Access,high,physical_asset_maintenance,True
paper-1716,2025,Applied Sciences (Switzerland),All Open Access; Gold Open Access; Green Open Access,high,physical_asset_maintenance,True
paper-1718,2025,Applied Sciences (Switzerland),All Open Access; Gold Open Access; Green Open Access,high,physical_asset_maintenance,True
paper-1719,2025,"Journal of Nondestructive Evaluation, Diagnostics and Prognostics of Engineering Systems",All Open Access; Bronze Open Access,high,physical_asset_maintenance,False
paper-1720,2025,International Journal of Electrochemical Science ,All Open Access; Gold Open Access,high,physical_asset_maintenance,False
paper-1721,2025,International Journal of Online and Biomedical Engineering,All Open Access; Gold Open Access,high,physical_asset_maintenance,True
paper-1722,2025,Computers and Industrial Engineering,All Open Access; Green Open Access; Hybrid Gold Open Access,high,physical_asset_maintenance,True
paper-1723,2025,Applied Sciences (Switzerland),All Open Access; Gold Open Access; Green Open Access,high,physical_asset_maintenance,True
paper-1724,2025,Results in Engineering,All Open Access; Gold Open Access; Green Open Access,high,physical_asset_maintenance,False
paper-1725,2025,Tribology Online,All Open Access; Gold Open Access; Green Open Access,high,physical_asset_maintenance,True
paper-1728,2025,Applied Thermal Engineering,All Open Access; Hybrid Gold Open Access,high,physical_asset_maintenance,False
paper-1731,2025,Applied System Innovation,All Open Access; Gold Open Access; Green Open Access,high,physical_asset_maintenance,True
paper-1732,2025,International Communications in Heat and Mass Transfer,All Open Access; Hybrid Gold Open Access,medium,physical_asset_maintenance,False
paper-1733,2025,Aerospace,All Open Access; Gold Open Access; Green Open Access,high,physical_asset_maintenance,True
paper-1735,2025,Journal of Mathematics in Industry,All Open Access; Gold Open Access,high,physical_asset_maintenance,True
paper-1737,2025,Sensors,All Open Access; Gold Open Access; Green Open Access,high,physical_asset_maintenance,True
paper-1738,2025,SSRG International Journal of Electronics and Communication Engineering,All Open Access; Gold Open Access,high,physical_asset_maintenance,True
paper-1740,2025,Applied Sciences (Switzerland),All Open Access; Gold Open Access; Green Open Access,high,physical_asset_maintenance,True
paper-1742,2025,Reliability Engineering and System Safety,All Open Access; Green Open Access; Hybrid Gold Open Access,high,physical_asset_maintenance,False
paper-1743,2025,Sensors,All Open Access; Gold Open Access; Green Open Access,high,physical_asset_maintenance,True
paper-1745,2025,Electronics (Switzerland),All Open Access; Gold Open Access; Green Open Access,high,physical_asset_maintenance,True
paper-1748,2025,Automation,All Open Access; Gold Open Access; Green Open Access,high,physical_asset_maintenance,True
paper-1749,2025,Photonic Sensors,All Open Access; Gold Open Access,high,physical_asset_maintenance,True
paper-1750,2025,International Journal of Refrigeration,All Open Access; Hybrid Gold Open Access,high,physical_asset_maintenance,False
paper-1752,2025,Scientific Reports,All Open Access; Gold Open Access; Green Open Access,high,physical_asset_maintenance,True
paper-1753,2025,Batteries,All Open Access; Gold Open Access; Green Open Access,high,physical_asset_maintenance,True
paper-1755,2025,Results in Engineering,All Open Access; Gold Open Access,high,physical_asset_maintenance,False
paper-1757,2025,Electronics (Switzerland),All Open Access; Gold Open Access,high,physical_asset_maintenance,True
paper-1761,2025,Machines,All Open Access; Gold Open Access; Green Open Access,medium,physical_asset_maintenance,True
paper-1762,2025,Scientific Reports,All Open Access; Gold Open Access; Green Open Access,high,physical_asset_maintenance,True
paper-1763,2025,"Engineering Science and Technology, an International Journal",All Open Access; Gold Open Access; Green Open Access,high,physical_asset_maintenance,False
paper-1764,2025,Indian Journal of Information Sources and Services,All Open Access; Hybrid Gold Open Access,high,physical_asset_maintenance,True
paper-1765,2025,Scientific Reports,All Open Access; Gold Open Access; Green Open Access,high,physical_asset_maintenance,True
paper-1766,2025,International Journal of Advanced Manufacturing Technology,All Open Access; Hybrid Gold Open Access,high,physical_asset_maintenance,True
paper-1768,2025,Machines,All Open Access; Gold Open Access; Green Open Access,high,physical_asset_maintenance,True
paper-1770,2025,Scientific Reports,All Open Access; Gold Open Access; Green Open Access,high,physical_asset_maintenance,True
paper-1774,2025,Machines,All Open Access; Gold Open Access; Green Open Access,high,physical_asset_maintenance,True
paper-1776,2025,Advanced Energy and Sustainability Research,All Open Access; Gold Open Access; Green Open Access,high,physical_asset_maintenance,True
paper-1778,2025,Railway Engineering Science,All Open Access; Gold Open Access; Green Open Access,high,physical_asset_maintenance,True
paper-1780,2025,Journal of Manufacturing Systems,All Open Access; Green Open Access; Hybrid Gold Open Access,high,physical_asset_maintenance,True
paper-1781,2025,Scientific Reports,All Open Access; Gold Open Access; Green Open Access,high,physical_asset_maintenance,True
paper-1784,2025,NIPES - Journal of Science and Technology Research,All Open Access; Gold Open Access,high,physical_asset_maintenance,True
paper-1785,2025,Results in Engineering,All Open Access; Gold Open Access; Green Open Access,high,physical_asset_maintenance,False
paper-1786,2025,Sensors,All Open Access; Gold Open Access; Green Open Access,high,physical_asset_maintenance,True
paper-1787,2025,Metrology,All Open Access; Gold Open Access; Green Open Access,high,physical_asset_maintenance,True
paper-1788,2025,International Journal of Advanced Manufacturing Technology,All Open Access; Green Open Access; Hybrid Gold Open Access,high,physical_asset_maintenance,True
paper-1789,2025,Future Internet,All Open Access; Gold Open Access; Green Open Access,high,physical_asset_maintenance,True
paper-1791,2025,Advances in Mechanical Engineering,All Open Access; Gold Open Access; Green Open Access,high,physical_asset_maintenance,True
paper-1792,2025,World Electric Vehicle Journal,All Open Access; Gold Open Access; Green Open Access,high,physical_asset_maintenance,True
paper-1793,2025,Machines,All Open Access; Gold Open Access; Green Open Access,high,physical_asset_maintenance,True
paper-1794,2025,Mining,All Open Access; Gold Open Access; Green Open Access,high,physical_asset_maintenance,True
paper-1796,2025,Electronics (Switzerland),All Open Access; Gold Open Access,high,physical_asset_maintenance,True
paper-1797,2025,Energy and AI,All Open Access; Gold Open Access; Green Open Access,high,physical_asset_maintenance,True
paper-1798,2025,Applied Sciences (Switzerland),All Open Access; Gold Open Access; Green Open Access,high,physical_asset_maintenance,True
paper-1799,2025,Reliability Engineering and System Safety,All Open Access; Green Open Access; Hybrid Gold Open Access,high,physical_asset_maintenance,True
paper-1800,2025,World Electric Vehicle Journal,All Open Access; Gold Open Access; Green Open Access,high,physical_asset_maintenance,True
paper-1801,2025,Energy Science and Engineering,All Open Access; Gold Open Access; Green Open Access,high,physical_asset_maintenance,True
paper-1803,2025,International Journal on Informatics Visualization,All Open Access; Gold Open Access,high,physical_asset_maintenance,False
paper-1804,2025,Applied Ocean Research,All Open Access; Gold Open Access; Green Open Access,high,physical_asset_maintenance,False
paper-1805,2025,Processes,All Open Access; Gold Open Access,high,physical_asset_maintenance,True
paper-1809,2025,Scientific Reports,All Open Access; Gold Open Access; Green Open Access,high,physical_asset_maintenance,True
paper-1810,2025,Applied Sciences (Switzerland),All Open Access; Gold Open Access; Green Open Access,high,physical_asset_maintenance,True
paper-1811,2025,Journal Europeen des Systemes Automatises,All Open Access; Hybrid Gold Open Access,high,physical_asset_maintenance,True
paper-1812,2025,Results in Engineering,All Open Access; Gold Open Access,high,physical_asset_maintenance,False
paper-1813,2025,Symmetry,All Open Access; Gold Open Access,medium,physical_asset_maintenance,True
paper-1814,2025,Mechanika,All Open Access; Gold Open Access,high,physical_asset_maintenance,True
paper-1816,2025,Energies,All Open Access; Gold Open Access; Green Open Access,high,physical_asset_maintenance,True
paper-1817,2025,Quality and Reliability Engineering International,All Open Access; Hybrid Gold Open Access,high,physical_asset_maintenance,True
paper-1818,2025,Applied Sciences (Switzerland),All Open Access; Gold Open Access; Green Open Access,high,physical_asset_maintenance,True
paper-1819,2025,Electronics (Switzerland),All Open Access; Gold Open Access,high,physical_asset_maintenance,True
paper-1820,2025,Sensors,All Open Access; Gold Open Access; Green Open Access,high,physical_asset_maintenance,True
paper-1821,2025,Journal of Energy Storage,All Open Access; Hybrid Gold Open Access,high,physical_asset_maintenance,False
paper-1823,2025,PLOS ONE,All Open Access; Gold Open Access; Green Open Access,high,physical_asset_maintenance,True
paper-1825,2025,Batteries,All Open Access; Gold Open Access; Green Open Access,high,physical_asset_maintenance,True
paper-1826,2025,Sensors,All Open Access; Gold Open Access; Green Open Access,medium,physical_asset_maintenance,True
paper-1827,2025,Symmetry,All Open Access; Gold Open Access,medium,physical_asset_maintenance,True
paper-1828,2025,Journal of Pipeline Science and Engineering,All Open Access; Gold Open Access,high,physical_asset_maintenance,False
paper-1829,2025,Batteries,All Open Access; Gold Open Access; Green Open Access,high,physical_asset_maintenance,True
paper-1830,2025,PLOS ONE,All Open Access; Gold Open Access; Green Open Access,high,physical_asset_maintenance,True
paper-1832,2025,Reliability Engineering and System Safety,All Open Access; Hybrid Gold Open Access,high,physical_asset_maintenance,False
paper-1833,2025,"Proceedings of the Institution of Mechanical Engineers, Part O: Journal of Risk and Reliability",All Open Access; Bronze Open Access,high,physical_asset_maintenance,True
paper-1834,2025,Energies,All Open Access; Gold Open Access; Green Open Access,high,physical_asset_maintenance,True
paper-1836,2025,Forschung im Ingenieurwesen/Engineering Research,All Open Access; Hybrid Gold Open Access,high,physical_asset_maintenance,True
paper-1837,2025,Lubricants,All Open Access; Gold Open Access; Green Open Access,high,physical_asset_maintenance,True
paper-1838,2025,Processes,All Open Access; Gold Open Access,high,physical_asset_maintenance,True
paper-1840,2025,Processes,All Open Access; Gold Open Access,high,physical_asset_maintenance,True
paper-1841,2025,Systems and Soft Computing,All Open Access; Gold Open Access; Green Open Access,high,physical_asset_maintenance,False
paper-1842,2025,Energies,All Open Access; Gold Open Access; Green Open Access,medium,physical_asset_maintenance,True
paper-1844,2025,Machines,All Open Access; Gold Open Access; Green Open Access,high,physical_asset_maintenance,True
paper-1845,2025,Journal of Energy Storage,All Open Access; Hybrid Gold Open Access,high,physical_asset_maintenance,False
paper-1846,2025,Sustainable Energy Technologies and Assessments,All Open Access; Hybrid Gold Open Access,medium,physical_asset_maintenance,False
paper-1848,2025,PLOS ONE,All Open Access; Gold Open Access; Green Open Access,high,physical_asset_maintenance,True
paper-1850,2025,Energies,All Open Access; Gold Open Access; Green Open Access,medium,physical_asset_maintenance,True
paper-1851,2025,PLOS ONE,All Open Access; Gold Open Access; Green Open Access,high,physical_asset_maintenance,True
paper-1852,2025,Sustainability (Switzerland),All Open Access; Gold Open Access,high,physical_asset_maintenance,True
paper-1853,2025,Algorithms,All Open Access; Gold Open Access; Green Open Access,high,physical_asset_maintenance,True
paper-1854,2025,Scientific Reports,All Open Access; Gold Open Access; Green Open Access,high,physical_asset_maintenance,True
paper-1856,2025,Journal of Electrical Engineering,All Open Access; Gold Open Access,high,physical_asset_maintenance,True
paper-1858,2025,Machines,All Open Access; Gold Open Access; Green Open Access,high,physical_asset_maintenance,True
paper-1861,2025,Electronics (Switzerland),All Open Access; Gold Open Access,high,physical_asset_maintenance,True
paper-1862,2025,Scientific Reports,All Open Access; Gold Open Access; Green Open Access,high,physical_asset_maintenance,True
paper-1863,2025,Applied Sciences (Switzerland),All Open Access; Gold Open Access; Green Open Access,high,physical_asset_maintenance,True
paper-1864,2025,Energy,All Open Access; Green Open Access; Hybrid Gold Open Access,high,physical_asset_maintenance,False
paper-1865,2025,Applied Sciences (Switzerland),All Open Access; Gold Open Access; Green Open Access,high,physical_asset_maintenance,True
paper-1868,2025,Forschung im Ingenieurwesen/Engineering Research,All Open Access; Hybrid Gold Open Access,high,physical_asset_maintenance,True
paper-1869,2025,Mathematics,All Open Access; Gold Open Access; Green Open Access,high,physical_asset_maintenance,True
paper-1870,2025,SSRG International Journal of Mechanical Engineering,All Open Access; Hybrid Gold Open Access,high,physical_asset_maintenance,True
paper-1871,2025,Sensors,All Open Access; Gold Open Access; Green Open Access,high,physical_asset_maintenance,True
paper-1872,2025,Energies,All Open Access; Gold Open Access; Green Open Access,high,physical_asset_maintenance,True
paper-1873,2025,Scientific Reports,All Open Access; Gold Open Access; Green Open Access,high,physical_asset_maintenance,True
paper-1874,2025,Results in Engineering,All Open Access; Gold Open Access; Green Open Access,high,physical_asset_maintenance,False
paper-1875,2025,Electrical Engineering and Electromechanics,All Open Access; Gold Open Access; Green Open Access,medium,physical_asset_maintenance,True
paper-1876,2025,Scientific Reports,All Open Access; Gold Open Access; Green Open Access,high,physical_asset_maintenance,True
paper-1881,2025,Machines,All Open Access; Gold Open Access; Green Open Access,high,physical_asset_maintenance,True
paper-1884,2025,Sensors,All Open Access; Gold Open Access; Green Open Access,high,physical_asset_maintenance,True
paper-1885,2025,Green Energy and Intelligent Transportation,All Open Access; Gold Open Access; Green Open Access,high,physical_asset_maintenance,False
paper-1887,2025,Instrumentation Mesure Metrologie,All Open Access; Hybrid Gold Open Access,high,physical_asset_maintenance,True
paper-1889,2025,Applied Sciences (Switzerland),All Open Access; Gold Open Access; Green Open Access,medium,physical_asset_maintenance,True
paper-1891,2025,Machines,All Open Access; Gold Open Access; Green Open Access,high,physical_asset_maintenance,True
paper-1892,2025,IAES International Journal of Artificial Intelligence,All Open Access; Gold Open Access,medium,physical_asset_maintenance,True
paper-1894,2025,Scientific Reports,All Open Access; Gold Open Access; Green Open Access,high,physical_asset_maintenance,True
paper-1895,2025,Buildings,All Open Access; Gold Open Access; Green Open Access,high,physical_asset_maintenance,True
paper-1897,2025,Electrochimica Acta,All Open Access; Hybrid Gold Open Access,medium,physical_asset_maintenance,False
paper-1898,2025,International Journal of Electrical Power and Energy Systems,All Open Access; Gold Open Access; Green Open Access,high,physical_asset_maintenance,False
paper-1900,2025,Microelectronics Reliability,All Open Access; Hybrid Gold Open Access,high,physical_asset_maintenance,False
paper-1901,2025,KSII Transactions on Internet and Information Systems,All Open Access; Gold Open Access,high,physical_asset_maintenance,True
paper-1902,2025,Electronics (Switzerland),All Open Access; Gold Open Access,high,physical_asset_maintenance,True
paper-1903,2025,Journal Europeen des Systemes Automatises,All Open Access; Hybrid Gold Open Access,high,physical_asset_maintenance,True
paper-1904,2025,Batteries,All Open Access; Gold Open Access; Green Open Access,high,physical_asset_maintenance,True
paper-1906,2025,Forschung im Ingenieurwesen/Engineering Research,All Open Access; Green Open Access; Hybrid Gold Open Access,medium,physical_asset_maintenance,True
paper-1907,2025,JPhys Photonics,All Open Access; Gold Open Access; Green Open Access,high,physical_asset_maintenance,False
paper-1908,2025,Applied Sciences (Switzerland),All Open Access; Gold Open Access; Green Open Access,high,physical_asset_maintenance,True
paper-1909,2025,Battery Energy,All Open Access; Gold Open Access,medium,physical_asset_maintenance,True
paper-1910,2025,Applied Stochastic Models in Business and Industry,All Open Access; Hybrid Gold Open Access,high,physical_asset_maintenance,False
paper-1911,2025,Journal of Manufacturing Systems,All Open Access; Hybrid Gold Open Access,high,physical_asset_maintenance,False
paper-1912,2025,NIPES - Journal of Science and Technology Research,All Open Access; Gold Open Access,high,physical_asset_maintenance,True
paper-1914,2025,Ain Shams Engineering Journal,All Open Access; Gold Open Access; Green Open Access,medium,physical_asset_maintenance,False
paper-1915,2025,Sensors,All Open Access; Gold Open Access; Green Open Access,high,physical_asset_maintenance,True
paper-1917,2025,Scientific Reports,All Open Access; Gold Open Access; Green Open Access,high,physical_asset_maintenance,True
paper-1918,2025,Applied Sciences (Switzerland),All Open Access; Gold Open Access; Green Open Access,medium,physical_asset_maintenance,True
paper-1919,2025,International Journal of Prognostics and Health Management,All Open Access; Gold Open Access; Green Open Access,high,physical_asset_maintenance,True
paper-1920,2025,Aerospace,All Open Access; Gold Open Access; Green Open Access,high,physical_asset_maintenance,True
paper-1921,2025,Reliability Engineering and System Safety,All Open Access; Hybrid Gold Open Access,high,physical_asset_maintenance,False
paper-1922,2025,Machines,All Open Access; Gold Open Access; Green Open Access,high,physical_asset_maintenance,True
paper-1923,2025,Optics and Laser Technology,All Open Access; Hybrid Gold Open Access,high,physical_asset_maintenance,False
paper-1925,2025,NIPES - Journal of Science and Technology Research,All Open Access; Gold Open Access,high,physical_asset_maintenance,True
paper-1926,2025,Journal of Marine Science and Engineering,All Open Access; Gold Open Access; Green Open Access,high,physical_asset_maintenance,True
paper-1927,2025,Energies,All Open Access; Gold Open Access; Green Open Access,high,physical_asset_maintenance,True
paper-1928,2025,Applied Sciences (Switzerland),All Open Access; Gold Open Access; Green Open Access,high,physical_asset_maintenance,True
paper-1931,2025,Machines,All Open Access; Gold Open Access; Green Open Access,high,physical_asset_maintenance,True
paper-1933,2025,IEEE Access,All Open Access; Gold Open Access; Green Open Access,high,physical_asset_maintenance,False
paper-1934,2025,Digital Engineering,All Open Access; Gold Open Access; Green Open Access,high,physical_asset_maintenance,False
paper-1935,2025,Solar Energy,All Open Access; Hybrid Gold Open Access,high,physical_asset_maintenance,False
paper-1936,2025,Energy Reports,All Open Access; Gold Open Access,high,physical_asset_maintenance,False
paper-1937,2025,International Journal on Informatics Visualization,All Open Access; Gold Open Access,high,physical_asset_maintenance,False
paper-1938,2025,Advances in Mechanical Engineering,All Open Access; Gold Open Access; Green Open Access,medium,physical_asset_maintenance,True
paper-1939,2025,Mechanical Systems and Signal Processing,All Open Access; Green Open Access,high,physical_asset_maintenance,False
paper-1940,2025,Electronics (Switzerland),All Open Access; Gold Open Access,high,physical_asset_maintenance,True
paper-1941,2025,Lubricants,All Open Access; Gold Open Access; Green Open Access,high,physical_asset_maintenance,True
paper-1942,2025,Energy,All Open Access; Green Open Access,medium,physical_asset_maintenance,False
paper-1943,2025,International Journal of Advanced Computer Science and Applications,All Open Access; Gold Open Access; Green Open Access,high,physical_asset_maintenance,True
paper-1945,2025,Aerospace,All Open Access; Gold Open Access; Green Open Access,medium,physical_asset_maintenance,True
paper-1946,2025,"Engineering, Technology and Applied Science Research",All Open Access; Gold Open Access,high,physical_asset_maintenance,True
paper-1949,2025,Applied Sciences (Switzerland),All Open Access; Gold Open Access; Green Open Access,high,physical_asset_maintenance,True
paper-1950,2025,Data in Brief,All Open Access; Gold Open Access; Green Open Access,high,physical_asset_maintenance,False
paper-1951,2025,NIPES - Journal of Science and Technology Research,All Open Access; Gold Open Access,high,physical_asset_maintenance,True
paper-1952,2025,Scientific Reports,All Open Access; Gold Open Access; Green Open Access,high,physical_asset_maintenance,True
paper-1954,2025,Scientific Data ,All Open Access; Gold Open Access; Green Open Access,high,physical_asset_maintenance,True
paper-1955,2025,Machines,All Open Access; Gold Open Access; Green Open Access,high,physical_asset_maintenance,True
paper-1956,2025,Reliability Engineering and System Safety,All Open Access; Hybrid Gold Open Access,high,physical_asset_maintenance,False
paper-1957,2025,Energy Reports,All Open Access; Gold Open Access; Green Open Access,medium,physical_asset_maintenance,False
paper-1959,2025,Measurement Science and Technology,All Open Access; Hybrid Gold Open Access,high,physical_asset_maintenance,False
paper-1962,2025,World Electric Vehicle Journal,All Open Access; Gold Open Access; Green Open Access,high,physical_asset_maintenance,True
paper-1964,2025,Journal of Engineering and Applied Science,All Open Access; Gold Open Access; Green Open Access,high,physical_asset_maintenance,True
paper-1968,2025,Journal of Pipeline Science and Engineering,All Open Access; Gold Open Access,high,physical_asset_maintenance,False
paper-1972,2025,Automation,All Open Access; Gold Open Access; Green Open Access,high,physical_asset_maintenance,True
paper-1974,2025,Lubricants,All Open Access; Gold Open Access; Green Open Access,high,physical_asset_maintenance,True
paper-1975,2025,Electronics (Switzerland),All Open Access; Gold Open Access,high,physical_asset_maintenance,True
paper-1976,2025,Sensors,All Open Access; Gold Open Access; Green Open Access,high,physical_asset_maintenance,True
paper-1978,2025,Power Electronic Devices and Components,All Open Access; Gold Open Access; Green Open Access,high,physical_asset_maintenance,False
paper-1980,2025,Quality and Reliability Engineering International,All Open Access; Hybrid Gold Open Access,medium,physical_asset_maintenance,True
paper-1981,2025,Processes,All Open Access; Gold Open Access,high,physical_asset_maintenance,True
paper-1982,2025,Journal of Marine Science and Engineering,All Open Access; Gold Open Access; Green Open Access,high,physical_asset_maintenance,True
paper-1983,2025,Journal of Industrial Information Integration,All Open Access; Green Open Access; Hybrid Gold Open Access,high,physical_asset_maintenance,False
paper-1984,2025,Sensors,All Open Access; Gold Open Access; Green Open Access,high,physical_asset_maintenance,True
paper-1985,2025,Vibration,All Open Access; Gold Open Access; Green Open Access,medium,physical_asset_maintenance,True
paper-1987,2025,Scientific Reports,All Open Access; Gold Open Access; Green Open Access,high,physical_asset_maintenance,True
paper-1988,2025,IAES International Journal of Artificial Intelligence,All Open Access; Gold Open Access,high,physical_asset_maintenance,True
paper-1989,2025,Applied Sciences (Switzerland),All Open Access; Gold Open Access; Green Open Access,high,physical_asset_maintenance,True
paper-1990,2025,Scientific Reports,All Open Access; Gold Open Access; Green Open Access,high,physical_asset_maintenance,True
paper-1991,2025,NIPES - Journal of Science and Technology Research,All Open Access; Gold Open Access,high,physical_asset_maintenance,True
paper-1992,2025,Actuators,All Open Access; Gold Open Access; Green Open Access,high,physical_asset_maintenance,True
paper-1994,2025,Jurnal Kejuruteraan,All Open Access; Gold Open Access,medium,physical_asset_maintenance,True
paper-1995,2025,Computers,All Open Access; Gold Open Access; Green Open Access,high,physical_asset_maintenance,True
paper-1996,2025,Electronics (Switzerland),All Open Access; Gold Open Access,high,physical_asset_maintenance,True
paper-1998,2025,Journal of Safety and Sustainability,All Open Access; Gold Open Access,high,physical_asset_maintenance,False
paper-1999,2025,Scientific Reports,All Open Access; Gold Open Access; Green Open Access,high,physical_asset_maintenance,True
paper-2001,2025,Bioengineering,All Open Access; Gold Open Access; Green Open Access,high,physical_asset_maintenance,True
paper-2003,2025,Nonlinear Dynamics,All Open Access; Hybrid Gold Open Access,medium,physical_asset_maintenance,True
paper-2004,2025,International Journal of Prognostics and Health Management,All Open Access; Gold Open Access,high,physical_asset_maintenance,True
paper-2005,2025,International Journal of Industrial Engineering and Management,All Open Access; Gold Open Access; Green Open Access,high,physical_asset_maintenance,True
paper-2006,2025,Quality and Reliability Engineering International,All Open Access; Bronze Open Access,medium,physical_asset_maintenance,True
paper-2007,2025,"Journal of Dynamics, Monitoring and Diagnostics",All Open Access; Gold Open Access,high,physical_asset_maintenance,True
paper-2008,2025,"e-Prime - Advances in Electrical Engineering, Electronics and Energy",All Open Access; Gold Open Access; Green Open Access,high,physical_asset_maintenance,False
paper-2009,2025,Machines,All Open Access; Gold Open Access; Green Open Access,high,physical_asset_maintenance,True
paper-2010,2025,Energies,All Open Access; Gold Open Access; Green Open Access,medium,physical_asset_maintenance,True
paper-2011,2025,JPhys Photonics,All Open Access; Gold Open Access; Green Open Access,high,physical_asset_maintenance,False
paper-2012,2025,International Journal of Electrical Power and Energy Systems,All Open Access; Gold Open Access; Green Open Access,high,physical_asset_maintenance,False
paper-2013,2025,Technologies,All Open Access; Gold Open Access; Green Open Access,high,physical_asset_maintenance,True
paper-2014,2025,Journal of Computational Design and Engineering,All Open Access; Gold Open Access,high,physical_asset_maintenance,False
paper-2016,2025,Energy and AI,All Open Access; Gold Open Access; Green Open Access,high,physical_asset_maintenance,False
paper-2017,2025,Lubrication Science,All Open Access; Bronze Open Access,high,physical_asset_maintenance,True
paper-2018,2025,Processes,All Open Access; Gold Open Access,high,physical_asset_maintenance,True
paper-2019,2025,Wind Energy,All Open Access; Gold Open Access; Green Open Access,high,physical_asset_maintenance,False
paper-2021,2025,Machines,All Open Access; Gold Open Access; Green Open Access,high,physical_asset_maintenance,True
paper-2023,2025,Measurement Science and Technology,All Open Access; Hybrid Gold Open Access,high,physical_asset_maintenance,False
paper-2025,2025,Measurement: Journal of the International Measurement Confederation,All Open Access; Hybrid Gold Open Access,high,physical_asset_maintenance,False
paper-2027,2025,World Electric Vehicle Journal,All Open Access; Gold Open Access; Green Open Access,high,physical_asset_maintenance,True
paper-2028,2025,Sensors,All Open Access; Gold Open Access; Green Open Access,high,physical_asset_maintenance,True
paper-2029,2025,Applied Sciences (Switzerland),All Open Access; Gold Open Access; Green Open Access,high,physical_asset_maintenance,True
paper-2030,2025,"International Journal of Turbomachinery, Propulsion and Power",All Open Access; Gold Open Access; Green Open Access,high,physical_asset_maintenance,True
paper-2031,2025,Processes,All Open Access; Gold Open Access,high,physical_asset_maintenance,True
paper-2032,2025,Information (Switzerland),All Open Access; Gold Open Access; Green Open Access,high,physical_asset_maintenance,True
paper-2033,2025,Results in Engineering,All Open Access; Gold Open Access; Green Open Access,high,physical_asset_maintenance,False
paper-2034,2025,Computers,All Open Access; Gold Open Access; Green Open Access,high,physical_asset_maintenance,True
paper-2035,2025,PLOS ONE,All Open Access; Gold Open Access; Green Open Access,high,physical_asset_maintenance,True
paper-2036,2025,Journal of Marine Science and Engineering,All Open Access; Gold Open Access; Green Open Access,high,physical_asset_maintenance,True
paper-2037,2025,Sensors,All Open Access; Gold Open Access; Green Open Access,high,physical_asset_maintenance,True
paper-2038,2025,"Engineering, Technology and Applied Science Research",All Open Access; Gold Open Access,high,physical_asset_maintenance,True
paper-2039,2025,Journal of Power Sources,All Open Access; Hybrid Gold Open Access,low,uncertain_but_included,False
paper-2040,2025,Franklin Open,All Open Access; Gold Open Access; Green Open Access,high,physical_asset_maintenance,False
paper-2042,2025,Applied Sciences (Switzerland),All Open Access; Gold Open Access; Green Open Access,high,physical_asset_maintenance,True
paper-2043,2025,International Journal of Electrical Power and Energy Systems,All Open Access; Gold Open Access; Green Open Access,high,physical_asset_maintenance,False
paper-2047,2025,Alexandria Engineering Journal,All Open Access; Gold Open Access; Green Open Access,high,physical_asset_maintenance,False
paper-2048,2025,International Journal of Electrical Power and Energy Systems,All Open Access; Gold Open Access; Green Open Access,high,physical_asset_maintenance,False
paper-2049,2025,Aerospace,All Open Access; Gold Open Access; Green Open Access,high,physical_asset_maintenance,True
paper-2050,2025,Engineering Applications of Artificial Intelligence,All Open Access; Hybrid Gold Open Access,high,physical_asset_maintenance,False
paper-2051,2025,Applied Sciences (Switzerland),All Open Access; Gold Open Access; Green Open Access,high,physical_asset_maintenance,True
paper-2053,2025,Applied Sciences (Switzerland),All Open Access; Gold Open Access; Green Open Access,high,physical_asset_maintenance,True
paper-2055,2025,Energies,All Open Access; Gold Open Access; Green Open Access,high,physical_asset_maintenance,True
paper-2056,2025,Sensors,All Open Access; Gold Open Access; Green Open Access,high,physical_asset_maintenance,True
paper-2057,2025,Journal of Thermal Science and Engineering Applications,All Open Access; Bronze Open Access,high,physical_asset_maintenance,False
paper-2059,2025,"Journal of Dynamics, Monitoring and Diagnostics",All Open Access; Gold Open Access,high,physical_asset_maintenance,True
paper-2060,2025,Energies,All Open Access; Gold Open Access; Green Open Access,high,physical_asset_maintenance,True
paper-2061,2025,Sensors,All Open Access; Gold Open Access; Green Open Access,high,physical_asset_maintenance,True
paper-2062,2025,International Journal of Advanced Manufacturing Technology,All Open Access; Hybrid Gold Open Access,high,physical_asset_maintenance,True
paper-2064,2025,Energy Conversion and Management: X,All Open Access; Gold Open Access; Green Open Access,high,physical_asset_maintenance,False
paper-2068,2025,Processes,All Open Access; Gold Open Access,high,physical_asset_maintenance,True
paper-2070,2025,SSRG International Journal of Electronics and Communication Engineering,All Open Access; Gold Open Access,high,physical_asset_maintenance,True
paper-2071,2025,Energy Technology,All Open Access; Bronze Open Access,high,physical_asset_maintenance,True
paper-2072,2025,"Journal of Wireless Mobile Networks, Ubiquitous Computing, and Dependable Applications",All Open Access; Bronze Open Access,high,physical_asset_maintenance,True
paper-2073,2025,Jurnal Kejuruteraan,All Open Access; Gold Open Access,high,physical_asset_maintenance,True
paper-2075,2025,Advances in Mechanical Engineering,All Open Access; Gold Open Access; Green Open Access,high,physical_asset_maintenance,True
paper-2077,2025,Processes,All Open Access; Gold Open Access,high,physical_asset_maintenance,True
paper-2078,2025,Applied Sciences (Switzerland),All Open Access; Gold Open Access; Green Open Access,high,physical_asset_maintenance,True
paper-2079,2025,Journal of Energy Storage,All Open Access; Green Open Access,high,physical_asset_maintenance,True
paper-2080,2025,Machines,All Open Access; Gold Open Access; Green Open Access,high,physical_asset_maintenance,True
paper-2081,2025,Sensors,All Open Access; Gold Open Access; Green Open Access,high,physical_asset_maintenance,True
paper-2082,2025,Reliability Engineering and System Safety,All Open Access; Hybrid Gold Open Access,high,physical_asset_maintenance,False
paper-2083,2025,Energies,All Open Access; Gold Open Access; Green Open Access,high,physical_asset_maintenance,True
paper-2084,2025,Sensors,All Open Access; Gold Open Access; Green Open Access,medium,physical_asset_maintenance,True
paper-2086,2025,Future Internet,All Open Access; Gold Open Access; Green Open Access,high,physical_asset_maintenance,True
paper-2089,2025,Journal of Machine and Computing,All Open Access; Hybrid Gold Open Access,high,physical_asset_maintenance,True
paper-2090,2025,Measurement: Journal of the International Measurement Confederation,All Open Access; Green Open Access; Hybrid Gold Open Access,high,physical_asset_maintenance,False
paper-2092,2025,Applied Sciences (Switzerland),All Open Access; Gold Open Access; Green Open Access,high,physical_asset_maintenance,True
paper-2095,2025,Lubricants,All Open Access; Gold Open Access; Green Open Access,high,physical_asset_maintenance,True
paper-2096,2025,Results in Engineering,All Open Access; Gold Open Access,high,physical_asset_maintenance,False
paper-2097,2025,Algorithms,All Open Access; Gold Open Access; Green Open Access,high,physical_asset_maintenance,True
paper-2099,2025,Electronics (Switzerland),All Open Access; Gold Open Access,high,physical_asset_maintenance,True
paper-2100,2025,Results in Engineering,All Open Access; Gold Open Access,medium,physical_asset_maintenance,False
paper-2101,2025,Applied Sciences (Switzerland),All Open Access; Gold Open Access; Green Open Access,high,physical_asset_maintenance,True
paper-2103,2025,Energies,All Open Access; Gold Open Access; Green Open Access,high,physical_asset_maintenance,True
paper-2105,2025,Mechanical Systems and Signal Processing,All Open Access; Green Open Access; Hybrid Gold Open Access,high,physical_asset_maintenance,False
paper-2107,2025,Sensors,All Open Access; Gold Open Access; Green Open Access,high,physical_asset_maintenance,True
paper-2109,2025,Chinese Journal of Aeronautics,All Open Access; Hybrid Gold Open Access,high,physical_asset_maintenance,False
paper-2110,2025,Journal of Advanced Research Design,All Open Access; Hybrid Gold Open Access,high,physical_asset_maintenance,True
paper-2111,2025,Solar RRL,All Open Access; Hybrid Gold Open Access,medium,physical_asset_maintenance,True
paper-2112,2025,Journal of Electronic Materials,All Open Access; Hybrid Gold Open Access,medium,physical_asset_maintenance,True
paper-2113,2025,Processes,All Open Access; Gold Open Access,high,physical_asset_maintenance,True
paper-2115,2025,Results in Engineering,All Open Access; Gold Open Access,high,physical_asset_maintenance,False
paper-2116,2025,Energies,All Open Access; Gold Open Access; Green Open Access,high,physical_asset_maintenance,True
paper-2117,2025,Informatics,All Open Access; Gold Open Access; Green Open Access,high,physical_asset_maintenance,True
paper-2118,2025,Sensors,All Open Access; Gold Open Access; Green Open Access,high,physical_asset_maintenance,True
paper-2120,2025,Energies,All Open Access; Gold Open Access; Green Open Access,high,physical_asset_maintenance,True
paper-2121,2025,Results in Engineering,All Open Access; Gold Open Access; Green Open Access,high,physical_asset_maintenance,False
paper-2122,2025,Applied Sciences (Switzerland),All Open Access; Gold Open Access; Green Open Access,high,physical_asset_maintenance,True
paper-2125,2025,Inventions,All Open Access; Gold Open Access; Green Open Access,high,physical_asset_maintenance,True
paper-2126,2025,Sensors,All Open Access; Gold Open Access; Green Open Access,high,physical_asset_maintenance,True
paper-2128,2025,Results in Engineering,All Open Access; Gold Open Access; Green Open Access,high,physical_asset_maintenance,True
paper-2129,2025,Complex and Intelligent Systems,All Open Access; Gold Open Access; Green Open Access,high,physical_asset_maintenance,True
paper-2131,2025,Energy and AI,All Open Access; Gold Open Access; Green Open Access,high,physical_asset_maintenance,False
paper-2133,2025,Sensors,All Open Access; Gold Open Access; Green Open Access,medium,physical_asset_maintenance,True
paper-2134,2025,Nanomaterials,All Open Access; Gold Open Access; Green Open Access,high,physical_asset_maintenance,True
paper-2135,2025,International Journal of Vehicle Structures and Systems,All Open Access; Hybrid Gold Open Access,high,physical_asset_maintenance,False
paper-2137,2025,Computers,All Open Access; Gold Open Access; Green Open Access,high,physical_asset_maintenance,True
paper-2140,2025,Array,All Open Access; Gold Open Access; Green Open Access,high,physical_asset_maintenance,False
paper-2142,2025,Symmetry,All Open Access; Gold Open Access; Green Open Access,medium,physical_asset_maintenance,True
paper-2143,2025,Knowledge-Based Systems,All Open Access; Hybrid Gold Open Access,high,physical_asset_maintenance,False
paper-2144,2025,Applied Sciences (Switzerland),All Open Access; Gold Open Access; Green Open Access,high,physical_asset_maintenance,True
paper-2145,2025,Journal of the Electrochemical Society,All Open Access; Green Open Access; Hybrid Gold Open Access,high,physical_asset_maintenance,False
paper-2146,2025,Advanced Materials Technologies,All Open Access; Bronze Open Access,high,physical_asset_maintenance,True
paper-2148,2025,Sensors,All Open Access; Gold Open Access; Green Open Access,medium,physical_asset_maintenance,True
paper-2151,2025,Algorithms,All Open Access; Gold Open Access; Green Open Access,high,physical_asset_maintenance,True
paper-2152,2025,Results in Engineering,All Open Access; Gold Open Access; Green Open Access,low,uncertain_but_included,False
paper-2153,2025,Sustainability (Switzerland),All Open Access; Gold Open Access; Green Open Access,high,physical_asset_maintenance,True
paper-2155,2025,PLOS ONE,All Open Access; Gold Open Access; Green Open Access,high,physical_asset_maintenance,True
paper-2157,2025,Journal of Engineering Management and Systems Engineering,All Open Access; Hybrid Gold Open Access,high,physical_asset_maintenance,True
paper-2158,2025,Energies,All Open Access; Gold Open Access; Green Open Access,high,physical_asset_maintenance,True
paper-2160,2025,Journal of Mobile Multimedia,All Open Access; Gold Open Access,high,physical_asset_maintenance,True
paper-2161,2025,Sustainability (Switzerland),All Open Access; Gold Open Access,high,physical_asset_maintenance,True
paper-2162,2025,Measurement Science and Technology,All Open Access; Hybrid Gold Open Access,high,physical_asset_maintenance,False
paper-2164,2025,Energies,All Open Access; Gold Open Access; Green Open Access,high,physical_asset_maintenance,True
paper-2165,2025,Sensors,All Open Access; Gold Open Access; Green Open Access,high,physical_asset_maintenance,True
paper-2166,2025,Distributed Generation and Alternative Energy Journal,All Open Access; Bronze Open Access,high,physical_asset_maintenance,True
paper-2167,2025,International Journal of Electrical Power and Energy Systems,All Open Access; Gold Open Access; Green Open Access,high,physical_asset_maintenance,False
paper-2170,2025,Expert Systems with Applications,All Open Access; Hybrid Gold Open Access,high,physical_asset_maintenance,False
paper-2173,2025,Nuclear Engineering and Technology,All Open Access; Gold Open Access; Green Open Access,high,physical_asset_maintenance,False
paper-2176,2025,Petroleum Science,All Open Access; Gold Open Access,medium,physical_asset_maintenance,False
paper-2178,2025,Results in Engineering,All Open Access; Gold Open Access; Green Open Access,high,physical_asset_maintenance,False
paper-2180,2025,Eng,All Open Access; Gold Open Access; Green Open Access,high,physical_asset_maintenance,True
paper-2181,2025,Quality and Reliability Engineering International,All Open Access; Bronze Open Access,high,physical_asset_maintenance,True
paper-2183,2025,Sensors,All Open Access; Gold Open Access; Green Open Access,low,uncertain_but_included,True
paper-2184,2025,Processes,All Open Access; Gold Open Access,high,physical_asset_maintenance,True
paper-2185,2025,"Journal of Dynamics, Monitoring and Diagnostics",All Open Access; Gold Open Access,high,physical_asset_maintenance,True
paper-2187,2025,Micromachines,All Open Access; Gold Open Access; Green Open Access,high,physical_asset_maintenance,True
paper-2188,2025,Sensors,All Open Access; Gold Open Access; Green Open Access,high,physical_asset_maintenance,True
paper-2189,2025,Energies,All Open Access; Gold Open Access; Green Open Access,high,physical_asset_maintenance,True
paper-2190,2025,Sensors,All Open Access; Gold Open Access; Green Open Access,high,physical_asset_maintenance,True
paper-2194,2025,Multidisciplinary Science Journal,All Open Access; Gold Open Access,high,physical_asset_maintenance,True
paper-2195,2025,Machine Learning,All Open Access; Green Open Access,high,physical_asset_maintenance,True
paper-2196,2025,Energy Science and Engineering,All Open Access; Gold Open Access; Green Open Access,high,physical_asset_maintenance,True
paper-2198,2025,International Journal of Prognostics and Health Management,All Open Access; Gold Open Access; Green Open Access,high,physical_asset_maintenance,True
paper-2199,2025,Sensors,All Open Access; Gold Open Access; Green Open Access,medium,physical_asset_maintenance,True
paper-2201,2025,Machines,All Open Access; Gold Open Access; Green Open Access,high,physical_asset_maintenance,True
paper-2203,2025,SSRG International Journal of Electrical and Electronics Engineering,All Open Access; Hybrid Gold Open Access,high,physical_asset_maintenance,True
paper-2205,2025,Mechanical Systems and Signal Processing,All Open Access; Hybrid Gold Open Access,high,physical_asset_maintenance,False
paper-2206,2025,Applied Sciences (Switzerland),All Open Access; Gold Open Access; Green Open Access,high,physical_asset_maintenance,True
paper-2207,2025,Electronics (Switzerland),All Open Access; Gold Open Access,high,physical_asset_maintenance,True
paper-2209,2025,Mathematics,All Open Access; Gold Open Access; Green Open Access,high,physical_asset_maintenance,True
paper-2210,2025,Journal of Operations Management,All Open Access; Hybrid Gold Open Access,high,physical_asset_maintenance,False
paper-2211,2025,Energies,All Open Access; Gold Open Access; Green Open Access,high,physical_asset_maintenance,True
paper-2212,2025,Journal of Energy Storage,All Open Access; Green Open Access; Hybrid Gold Open Access,high,physical_asset_maintenance,False
paper-2213,2025,Sensors,All Open Access; Gold Open Access; Green Open Access,high,physical_asset_maintenance,True
paper-2216,2025,Lubricants,All Open Access; Gold Open Access; Green Open Access,high,physical_asset_maintenance,True
paper-2217,2025,Lubricants,All Open Access; Gold Open Access; Green Open Access,high,physical_asset_maintenance,True
paper-2218,2025,"e-Prime - Advances in Electrical Engineering, Electronics and Energy",All Open Access; Gold Open Access; Green Open Access,high,physical_asset_maintenance,False
paper-2219,2025,Machines,All Open Access; Gold Open Access; Green Open Access,high,physical_asset_maintenance,True
paper-2221,2025,Scientific Reports,All Open Access; Gold Open Access; Green Open Access,high,physical_asset_maintenance,True
paper-2222,2025,Energies,All Open Access; Gold Open Access; Green Open Access,high,physical_asset_maintenance,True
paper-2223,2025,International Journal of Prognostics and Health Management,All Open Access; Gold Open Access,high,physical_asset_maintenance,True
paper-2224,2025,Machines,All Open Access; Gold Open Access; Green Open Access,high,physical_asset_maintenance,True
paper-2225,2025,Sensors,All Open Access; Gold Open Access; Green Open Access,high,physical_asset_maintenance,True
paper-2226,2025,Journal of the Electrochemical Society,All Open Access; Hybrid Gold Open Access,high,physical_asset_maintenance,False
paper-2227,2025,ASEAN Journal of Science and Engineering,All Open Access; Gold Open Access,high,physical_asset_maintenance,False
paper-2228,2025,Electronics (Switzerland),All Open Access; Gold Open Access,high,physical_asset_maintenance,True
paper-2230,2025,Sensors,All Open Access; Gold Open Access; Green Open Access,high,physical_asset_maintenance,True
paper-2232,2025,Computers and Structures,All Open Access; Green Open Access; Hybrid Gold Open Access,medium,physical_asset_maintenance,False
paper-2233,2025,Sensors,All Open Access; Gold Open Access; Green Open Access,high,physical_asset_maintenance,True
paper-2234,2025,Sensors,All Open Access; Gold Open Access; Green Open Access,high,physical_asset_maintenance,True
paper-2236,2025,Processes,All Open Access; Gold Open Access,high,physical_asset_maintenance,True
paper-2237,2025,Production and Operations Management,All Open Access; Green Open Access; Hybrid Gold Open Access,high,physical_asset_maintenance,True
paper-2240,2025,Computers,All Open Access; Gold Open Access; Green Open Access,high,physical_asset_maintenance,True
paper-2241,2025,PLOS ONE,All Open Access; Gold Open Access; Green Open Access,high,physical_asset_maintenance,True
paper-2244,2025,European Journal of Operational Research,All Open Access; Green Open Access,high,physical_asset_maintenance,False
paper-2245,2025,Engineering Applications of Artificial Intelligence,All Open Access; Green Open Access; Hybrid Gold Open Access,high,physical_asset_maintenance,False
paper-2246,2025,Wear,All Open Access; Hybrid Gold Open Access,high,physical_asset_maintenance,False
paper-2248,2025,Chinese Journal of Aeronautics,All Open Access; Hybrid Gold Open Access,high,physical_asset_maintenance,False
paper-2250,2025,SSRG International Journal of Electrical and Electronics Engineering,All Open Access; Hybrid Gold Open Access,medium,physical_asset_maintenance,True
paper-2252,2025,Sensors,All Open Access; Gold Open Access; Green Open Access,high,physical_asset_maintenance,True
paper-2254,2025,SSRG International Journal of Electrical and Electronics Engineering,All Open Access; Hybrid Gold Open Access,high,physical_asset_maintenance,True
paper-2255,2025,"Engineering, Technology and Applied Science Research",All Open Access; Gold Open Access,high,physical_asset_maintenance,True
paper-2256,2025,IEEJ Journal of Industry Applications,All Open Access; Gold Open Access,high,physical_asset_maintenance,True
paper-2257,2025,Sensors,All Open Access; Gold Open Access; Green Open Access,high,physical_asset_maintenance,True
paper-2259,2025,Sensors,All Open Access; Gold Open Access; Green Open Access,high,physical_asset_maintenance,True
paper-2260,2025,Mechanical Systems and Signal Processing,All Open Access; Hybrid Gold Open Access,high,physical_asset_maintenance,False
paper-2261,2025,Jixie Gongcheng Xuebao/Journal of Mechanical Engineering,All Open Access; Gold Open Access,high,physical_asset_maintenance,True
paper-2262,2025,Mathematics,All Open Access; Gold Open Access; Green Open Access,high,physical_asset_maintenance,True
paper-2263,2025,International Journal of Basic and Applied Sciences,All Open Access; Gold Open Access,high,physical_asset_maintenance,False
paper-2264,2025,Applied Sciences (Switzerland),All Open Access; Gold Open Access; Green Open Access,high,physical_asset_maintenance,True
paper-2265,2025,AI (Switzerland),All Open Access; Gold Open Access; Green Open Access,high,physical_asset_maintenance,True
paper-2267,2025,Energies,All Open Access; Gold Open Access; Green Open Access,high,physical_asset_maintenance,True
paper-2269,2025,Multidisciplinary Science Journal,All Open Access; Gold Open Access,high,physical_asset_maintenance,True
paper-2270,2025,Sensors,All Open Access; Gold Open Access; Green Open Access,high,physical_asset_maintenance,True
paper-2271,2025,Reliability Engineering and System Safety,All Open Access; Hybrid Gold Open Access,high,physical_asset_maintenance,False
paper-2272,2025,Sensors,All Open Access; Gold Open Access; Green Open Access,high,physical_asset_maintenance,True
paper-2273,2025,Smart Materials and Structures,All Open Access; Hybrid Gold Open Access,high,physical_asset_maintenance,False
paper-2274,2025,International Journal of Advanced Computer Science and Applications,All Open Access; Gold Open Access,high,physical_asset_maintenance,True
paper-2276,2025,Results in Engineering,All Open Access; Gold Open Access; Green Open Access,high,physical_asset_maintenance,False
paper-2280,2025,Fractal and Fractional,All Open Access; Gold Open Access; Green Open Access,high,physical_asset_maintenance,True
paper-2282,2025,Expert Systems with Applications,All Open Access; Hybrid Gold Open Access,high,physical_asset_maintenance,False
paper-2283,2025,Journal of Engineering Research (Kuwait),All Open Access; Gold Open Access,high,physical_asset_maintenance,False
paper-2284,2025,Machine Learning with Applications,All Open Access; Gold Open Access; Green Open Access,high,physical_asset_maintenance,False
paper-2285,2025,Processes,All Open Access; Gold Open Access,high,physical_asset_maintenance,True
paper-2287,2025,Energies,All Open Access; Gold Open Access; Green Open Access,high,physical_asset_maintenance,True
paper-2288,2025,Energies,All Open Access; Gold Open Access; Green Open Access,high,physical_asset_maintenance,True
paper-2291,2025,Journal of Energy Storage,All Open Access; Hybrid Gold Open Access,high,physical_asset_maintenance,False
paper-2292,2025,"Sustainable Energy, Grids and Networks",All Open Access; Green Open Access; Hybrid Gold Open Access,high,physical_asset_maintenance,False
paper-2293,2025,Symmetry,All Open Access; Gold Open Access,high,physical_asset_maintenance,True
paper-2296,2025,Water (Switzerland),All Open Access; Gold Open Access,high,physical_asset_maintenance,True
paper-2297,2025,Processes,All Open Access; Gold Open Access,medium,physical_asset_maintenance,True
paper-2298,2025,Sensors,All Open Access; Gold Open Access; Green Open Access,low,uncertain_but_included,True
paper-2299,2025,International Journal of Prognostics and Health Management,All Open Access; Gold Open Access; Green Open Access,high,physical_asset_maintenance,True
paper-2300,2025,Energies,All Open Access; Gold Open Access; Green Open Access,high,physical_asset_maintenance,True
paper-2301,2025,Materials,All Open Access; Gold Open Access; Green Open Access,high,physical_asset_maintenance,True
paper-2304,2025,Applied Sciences (Switzerland),All Open Access; Gold Open Access; Green Open Access,high,physical_asset_maintenance,True
paper-2305,2025,Wind Energy,All Open Access; Gold Open Access; Green Open Access,high,physical_asset_maintenance,True
paper-2306,2025,Applied Sciences (Switzerland),All Open Access; Gold Open Access; Green Open Access,high,physical_asset_maintenance,True
paper-2307,2025,International Journal of Automotive Manufacturing and Materials,All Open Access; Hybrid Gold Open Access,high,physical_asset_maintenance,True
paper-2308,2025,Journal of Sound and Vibration,All Open Access; Hybrid Gold Open Access,medium,physical_asset_maintenance,False
paper-2311,2025,SoftwareX,All Open Access; Gold Open Access; Green Open Access,high,physical_asset_maintenance,False
paper-2312,2025,International Journal of Power Electronics and Drive Systems,All Open Access; Gold Open Access,high,physical_asset_maintenance,True
paper-2316,2025,Physica Scripta,All Open Access; Hybrid Gold Open Access,high,physical_asset_maintenance,False
paper-2317,2025,International Journal of Prognostics and Health Management,All Open Access; Gold Open Access; Green Open Access,high,physical_asset_maintenance,True
paper-2318,2025,Materials,All Open Access; Gold Open Access; Green Open Access,high,physical_asset_maintenance,True
paper-2319,2025,Sensors,All Open Access; Gold Open Access; Green Open Access,high,physical_asset_maintenance,True
paper-2320,2025,Advances in Mechanical Engineering,All Open Access; Gold Open Access; Green Open Access,high,physical_asset_maintenance,True
paper-2321,2025,AIP Advances,All Open Access; Gold Open Access; Green Open Access,high,physical_asset_maintenance,False
paper-2322,2025,Journal of Petroleum Exploration and Production Technology,All Open Access; Gold Open Access; Green Open Access,high,physical_asset_maintenance,True
paper-2323,2025,Applied Sciences (Switzerland),All Open Access; Gold Open Access; Green Open Access,high,physical_asset_maintenance,True
paper-2324,2025,PLOS ONE,All Open Access; Gold Open Access; Green Open Access,high,physical_asset_maintenance,True
paper-2325,2025,Logistics,All Open Access; Gold Open Access; Green Open Access,high,physical_asset_maintenance,True
paper-2326,2025,Journal of Marine Science and Engineering,All Open Access; Gold Open Access; Green Open Access,high,physical_asset_maintenance,True
paper-2327,2025,Applied Sciences (Switzerland),All Open Access; Gold Open Access; Green Open Access,high,physical_asset_maintenance,True
paper-2328,2025,Results in Engineering,All Open Access; Gold Open Access; Green Open Access,high,physical_asset_maintenance,False
paper-2329,2025,Sensors,All Open Access; Gold Open Access; Green Open Access,high,physical_asset_maintenance,True
paper-2330,2025,"e-Prime - Advances in Electrical Engineering, Electronics and Energy",All Open Access; Gold Open Access; Green Open Access,medium,physical_asset_maintenance,False
paper-2332,2025,Sensors,All Open Access; Gold Open Access; Green Open Access,high,physical_asset_maintenance,True
paper-2333,2025,Applied Sciences (Switzerland),All Open Access; Gold Open Access; Green Open Access,high,physical_asset_maintenance,True
paper-2336,2025,Mechanical Systems and Signal Processing,All Open Access; Hybrid Gold Open Access,high,physical_asset_maintenance,False
paper-2337,2025,Jixie Gongcheng Xuebao/Journal of Mechanical Engineering,All Open Access; Gold Open Access,high,physical_asset_maintenance,False
paper-2338,2025,Electronics (Switzerland),All Open Access; Gold Open Access,high,physical_asset_maintenance,True
paper-2339,2025,Applied Sciences (Switzerland),All Open Access; Gold Open Access; Green Open Access,high,physical_asset_maintenance,True
paper-2340,2025,Energy and AI,All Open Access; Gold Open Access; Green Open Access,high,physical_asset_maintenance,False
paper-2341,2025,Eng,All Open Access; Gold Open Access; Green Open Access,high,physical_asset_maintenance,True
paper-2342,2025,Applied Sciences (Switzerland),All Open Access; Gold Open Access; Green Open Access,high,physical_asset_maintenance,True
paper-2344,2025,Electronics (Switzerland),All Open Access; Gold Open Access,high,physical_asset_maintenance,True
paper-2346,2025,World Electric Vehicle Journal,All Open Access; Gold Open Access; Green Open Access,high,physical_asset_maintenance,True
paper-2347,2025,Applied Sciences (Switzerland),All Open Access; Gold Open Access; Green Open Access,high,physical_asset_maintenance,True
paper-2348,2025,Sensors,All Open Access; Gold Open Access; Green Open Access,high,physical_asset_maintenance,True
paper-2349,2025,Information (Switzerland),All Open Access; Gold Open Access; Green Open Access,high,physical_asset_maintenance,True
paper-2351,2025,Measurement: Journal of the International Measurement Confederation,All Open Access; Green Open Access; Hybrid Gold Open Access,high,physical_asset_maintenance,False
paper-2352,2025,Processes,All Open Access; Gold Open Access,high,physical_asset_maintenance,True
paper-2353,2025,Tikrit Journal of Engineering Sciences,All Open Access; Gold Open Access,high,physical_asset_maintenance,True
paper-2355,2025,AI (Switzerland),All Open Access; Gold Open Access; Green Open Access,high,physical_asset_maintenance,True
paper-2356,2025,Processes,All Open Access; Gold Open Access,high,physical_asset_maintenance,True
paper-2357,2025,Advances in Mechanical Engineering,All Open Access; Gold Open Access; Green Open Access,high,physical_asset_maintenance,True
paper-2358,2025,Engineering Reports,All Open Access; Gold Open Access; Green Open Access,high,physical_asset_maintenance,True
paper-2359,2025,Measurement Science and Technology,All Open Access; Hybrid Gold Open Access,high,physical_asset_maintenance,False
paper-2360,2025,PLOS ONE,All Open Access; Gold Open Access; Green Open Access,medium,physical_asset_maintenance,True
paper-2361,2025,Electrochem,All Open Access; Gold Open Access; Green Open Access,high,physical_asset_maintenance,True
paper-2362,2025,Journal of Industrial Information Integration,All Open Access; Green Open Access; Hybrid Gold Open Access,high,physical_asset_maintenance,False
paper-2368,2025,Renewable Energy,All Open Access; Green Open Access,high,physical_asset_maintenance,False
paper-2369,2025,Applied Sciences (Switzerland),All Open Access; Gold Open Access; Green Open Access,high,physical_asset_maintenance,True
paper-2370,2025,Sensors,All Open Access; Gold Open Access; Green Open Access,high,physical_asset_maintenance,True
paper-2371,2025,Applied Sciences (Switzerland),All Open Access; Gold Open Access; Green Open Access,high,physical_asset_maintenance,True
paper-2372,2025,Machines,All Open Access; Gold Open Access; Green Open Access,high,physical_asset_maintenance,True
paper-2373,2025,Lubricants,All Open Access; Gold Open Access; Green Open Access,high,physical_asset_maintenance,True
paper-2374,2025,Measurement Science and Technology,All Open Access; Hybrid Gold Open Access,high,physical_asset_maintenance,False
paper-2376,2025,Mechanical Systems and Signal Processing,All Open Access; Green Open Access; Hybrid Gold Open Access,high,physical_asset_maintenance,False
paper-2377,2025,Machines,All Open Access; Gold Open Access; Green Open Access,high,physical_asset_maintenance,True
paper-2378,2025,Electronics (Switzerland),All Open Access; Gold Open Access,high,physical_asset_maintenance,True
paper-2380,2025,Results in Engineering,All Open Access; Gold Open Access,high,physical_asset_maintenance,False
paper-2381,2025,Machines,All Open Access; Gold Open Access; Green Open Access,high,physical_asset_maintenance,True
paper-2382,2025,Computers and Industrial Engineering,All Open Access; Hybrid Gold Open Access,high,physical_asset_maintenance,False
paper-2383,2025,Advances in Mechanical Engineering,All Open Access; Gold Open Access; Green Open Access,high,physical_asset_maintenance,True
paper-2384,2025,Machines,All Open Access; Gold Open Access; Green Open Access,high,physical_asset_maintenance,True
paper-2385,2025,AIP Advances,All Open Access; Gold Open Access; Green Open Access,high,physical_asset_maintenance,False
paper-2386,2025,Microwave and Optical Technology Letters,All Open Access; Bronze Open Access,high,physical_asset_maintenance,True
paper-2388,2025,International Journal of Prognostics and Health Management,All Open Access; Gold Open Access,high,physical_asset_maintenance,True
paper-2389,2025,Energies,All Open Access; Gold Open Access; Green Open Access,high,physical_asset_maintenance,True
paper-2393,2025,Journal of the Electrochemical Society,All Open Access; Hybrid Gold Open Access,high,physical_asset_maintenance,False
paper-2394,2025,Systems,All Open Access; Gold Open Access; Green Open Access,high,physical_asset_maintenance,True
paper-2395,2025,Engineering Applications of Artificial Intelligence,All Open Access; Hybrid Gold Open Access,high,physical_asset_maintenance,False
paper-2397,2025,Ocean Engineering,All Open Access; Hybrid Gold Open Access,high,physical_asset_maintenance,False
paper-2398,2025,Results in Engineering,All Open Access; Gold Open Access; Green Open Access,high,physical_asset_maintenance,False
paper-2400,2025,Drones,All Open Access; Gold Open Access; Green Open Access,high,physical_asset_maintenance,True
paper-2401,2025,Results in Engineering,All Open Access; Gold Open Access; Green Open Access,medium,uncertain_but_included,False
paper-2402,2025,Sensors,All Open Access; Gold Open Access; Green Open Access,high,physical_asset_maintenance,True
paper-2403,2025,Energies,All Open Access; Gold Open Access; Green Open Access,high,physical_asset_maintenance,True
paper-2404,2025,International Journal of Prognostics and Health Management,All Open Access; Gold Open Access; Green Open Access,high,physical_asset_maintenance,True
paper-2406,2025,Energies,All Open Access; Gold Open Access; Green Open Access,high,physical_asset_maintenance,True
paper-2407,2025,Sensors,All Open Access; Gold Open Access; Green Open Access,high,physical_asset_maintenance,True
paper-2408,2025,Journal of Computational Methods in Sciences and Engineering,All Open Access; Bronze Open Access,high,physical_asset_maintenance,True
paper-2409,2025,Applied Sciences (Switzerland),All Open Access; Gold Open Access; Green Open Access,medium,physical_asset_maintenance,True
paper-2410,2025,Applied Sciences (Switzerland),All Open Access; Gold Open Access; Green Open Access,high,physical_asset_maintenance,True
paper-2411,2025,Mathematics and Computers in Simulation,All Open Access; Green Open Access; Hybrid Gold Open Access,high,physical_asset_maintenance,False
paper-2412,2025,Machines,All Open Access; Gold Open Access; Green Open Access,high,physical_asset_maintenance,True
paper-2414,2025,Sensors,All Open Access; Gold Open Access; Green Open Access,high,physical_asset_maintenance,True
paper-2415,2025,Annals of Operations Research,All Open Access; Bronze Open Access; Green Open Access,high,physical_asset_maintenance,True
paper-2416,2025,Measurement: Sensors,All Open Access; Gold Open Access; Green Open Access,high,physical_asset_maintenance,False
paper-2417,2025,Aerospace,All Open Access; Gold Open Access; Green Open Access,high,physical_asset_maintenance,True
paper-2418,2025,Machines,All Open Access; Gold Open Access; Green Open Access,high,physical_asset_maintenance,True
paper-2420,2025,Electronics (Switzerland),All Open Access; Gold Open Access,high,physical_asset_maintenance,True
paper-2422,2025,Journal of Metaverse,All Open Access; Gold Open Access; Green Open Access,high,physical_asset_maintenance,True
paper-2423,2025,Global Energy Interconnection,All Open Access; Gold Open Access,high,physical_asset_maintenance,False
paper-2424,2025,Aerospace,All Open Access; Gold Open Access; Green Open Access,high,physical_asset_maintenance,True
paper-2425,2025,IIUM Engineering Journal,All Open Access; Gold Open Access; Green Open Access,high,physical_asset_maintenance,True
paper-2426,2025,Journal of Manufacturing Processes,All Open Access; Hybrid Gold Open Access,high,physical_asset_maintenance,False
paper-2428,2025,Multidisciplinary Science Journal,All Open Access; Gold Open Access,high,physical_asset_maintenance,True
paper-2430,2025,European Journal of Operational Research,All Open Access; Green Open Access; Hybrid Gold Open Access,high,physical_asset_maintenance,False
paper-2431,2025,Mathematics,All Open Access; Gold Open Access; Green Open Access,high,physical_asset_maintenance,True
paper-2432,2025,Machines,All Open Access; Gold Open Access; Green Open Access,high,physical_asset_maintenance,True
paper-2433,2025,Wind Energy Science,All Open Access; Gold Open Access; Green Open Access,high,physical_asset_maintenance,True
paper-2436,2025,Results in Engineering,All Open Access; Gold Open Access; Green Open Access,high,physical_asset_maintenance,False
paper-2438,2025,Applied Intelligence,All Open Access; Green Open Access; Hybrid Gold Open Access,high,physical_asset_maintenance,True
paper-2439,2025,Electronics (Switzerland),All Open Access; Gold Open Access,high,physical_asset_maintenance,True
paper-2440,2025,Journal of Computational Methods in Sciences and Engineering,All Open Access; Bronze Open Access,high,physical_asset_maintenance,True
paper-2444,2025,Applied Sciences (Switzerland),All Open Access; Gold Open Access; Green Open Access,high,physical_asset_maintenance,True
paper-2445,2025,Engineering Applications of Artificial Intelligence,All Open Access; Green Open Access; Hybrid Gold Open Access,high,physical_asset_maintenance,False
paper-2446,2025,International Journal of Prognostics and Health Management,All Open Access; Gold Open Access,high,physical_asset_maintenance,True
paper-2447,2025,SSRG International Journal of Electrical and Electronics Engineering,All Open Access; Hybrid Gold Open Access,high,physical_asset_maintenance,True
paper-2448,2025,International Journal of Electrical Power and Energy Systems,All Open Access; Gold Open Access; Green Open Access,high,physical_asset_maintenance,False
paper-2449,2025,International Journal of Prognostics and Health Management,All Open Access; Gold Open Access; Green Open Access,high,physical_asset_maintenance,True
paper-2450,2025,Journal of Computational Design and Engineering,All Open Access; Gold Open Access,high,physical_asset_maintenance,False
paper-2451,2025,AIP Advances,All Open Access; Gold Open Access; Green Open Access,high,physical_asset_maintenance,False
paper-2455,2025,Jixie Gongcheng Xuebao/Journal of Mechanical Engineering,All Open Access; Gold Open Access,high,physical_asset_maintenance,True
paper-2456,2025,Bulletin of Electrical Engineering and Informatics,All Open Access; Gold Open Access,high,physical_asset_maintenance,True
paper-2457,2025,"Sustainable Energy, Grids and Networks",All Open Access; Hybrid Gold Open Access,high,physical_asset_maintenance,False
paper-2460,2025,Results in Engineering,All Open Access; Gold Open Access; Green Open Access,high,physical_asset_maintenance,False
paper-2462,2025,Advanced Engineering Informatics,All Open Access; Green Open Access; Hybrid Gold Open Access,high,physical_asset_maintenance,False
paper-2463,2025,Applied Sciences (Switzerland),All Open Access; Gold Open Access; Green Open Access,high,physical_asset_maintenance,True
paper-2465,2025,Energies,All Open Access; Gold Open Access; Green Open Access,high,physical_asset_maintenance,True
paper-2466,2025,Sensors,All Open Access; Gold Open Access; Green Open Access,high,physical_asset_maintenance,True
paper-2467,2025,Applied Sciences (Switzerland),All Open Access; Gold Open Access; Green Open Access,high,physical_asset_maintenance,True
paper-2468,2025,Journal of Applied Engineering Science,All Open Access; Gold Open Access,high,physical_asset_maintenance,True
paper-2470,2025,Machines,All Open Access; Gold Open Access; Green Open Access,high,physical_asset_maintenance,True
paper-2471,2025,Applied Energy,All Open Access; Hybrid Gold Open Access,high,physical_asset_maintenance,False
paper-2472,2025,Applied Sciences (Switzerland),All Open Access; Gold Open Access; Green Open Access,high,physical_asset_maintenance,True
paper-2473,2025,PLOS ONE,All Open Access; Gold Open Access; Green Open Access,high,physical_asset_maintenance,True
paper-2474,2025,Photonics,All Open Access; Gold Open Access; Green Open Access,high,physical_asset_maintenance,True
paper-2476,2025,Progress in Nuclear Energy,All Open Access; Hybrid Gold Open Access,high,physical_asset_maintenance,False
paper-2477,2025,Expert Systems with Applications,All Open Access; Hybrid Gold Open Access,high,physical_asset_maintenance,False
paper-2478,2025,Reliability Engineering and System Safety,All Open Access; Hybrid Gold Open Access,high,physical_asset_maintenance,False
paper-2479,2025,Sustainability (Switzerland),All Open Access; Gold Open Access,medium,physical_asset_maintenance,True
paper-2482,2025,Mobile Networks and Applications,All Open Access; Hybrid Gold Open Access,high,physical_asset_maintenance,True
paper-2485,2025,Entropy,All Open Access; Gold Open Access; Green Open Access,high,physical_asset_maintenance,True
paper-2486,2025,Mechanical Systems and Signal Processing,All Open Access; Hybrid Gold Open Access,high,physical_asset_maintenance,False
paper-2488,2025,Distributed Generation and Alternative Energy Journal,All Open Access; Bronze Open Access,high,physical_asset_maintenance,True
paper-2489,2025,Journal of Sensors and Sensor Systems,All Open Access; Gold Open Access; Green Open Access,high,physical_asset_maintenance,True
paper-2491,2025,Journal of Energy Storage,All Open Access; Hybrid Gold Open Access,high,physical_asset_maintenance,False
paper-2492,2025,Sensors,All Open Access; Gold Open Access; Green Open Access,high,physical_asset_maintenance,True
paper-2495,2025,Results in Engineering,All Open Access; Gold Open Access,high,physical_asset_maintenance,False
paper-2496,2025,Mechanical Systems and Signal Processing,All Open Access; Hybrid Gold Open Access,high,physical_asset_maintenance,False
paper-2498,2025,International Journal of Advanced Manufacturing Technology,All Open Access; Green Open Access; Hybrid Gold Open Access,high,physical_asset_maintenance,True
paper-2499,2025,Technologies,All Open Access; Gold Open Access; Green Open Access,high,physical_asset_maintenance,True
paper-2501,2025,Energy and AI,All Open Access; Gold Open Access,high,physical_asset_maintenance,False
paper-2502,2025,Applied Sciences (Switzerland),All Open Access; Gold Open Access; Green Open Access,high,physical_asset_maintenance,True
paper-2503,2025,Acta Polytechnica,All Open Access; Gold Open Access; Green Open Access,high,physical_asset_maintenance,True
paper-2504,2025,International Journal of Basic and Applied Sciences,All Open Access; Gold Open Access; Green Open Access,high,physical_asset_maintenance,True
paper-2505,2025,Energies,All Open Access; Gold Open Access; Green Open Access,high,physical_asset_maintenance,True
paper-2506,2025,Akustika,All Open Access; Gold Open Access,high,physical_asset_maintenance,True
paper-2507,2025,Batteries,All Open Access; Gold Open Access; Green Open Access,medium,physical_asset_maintenance,True
paper-2509,2025,Sensors,All Open Access; Gold Open Access; Green Open Access,high,physical_asset_maintenance,True
paper-2510,2025,Energies,All Open Access; Gold Open Access; Green Open Access,high,physical_asset_maintenance,True
paper-2511,2025,Sensors,All Open Access; Gold Open Access; Green Open Access,high,physical_asset_maintenance,True
paper-2513,2025,Sensors,All Open Access; Gold Open Access; Green Open Access,high,physical_asset_maintenance,True
paper-2515,2025,Green Energy and Intelligent Transportation,All Open Access; Gold Open Access; Green Open Access,high,physical_asset_maintenance,False
paper-2516,2025,Machines,All Open Access; Gold Open Access; Green Open Access,high,physical_asset_maintenance,True
paper-2517,2025,Quality and Reliability Engineering International,All Open Access; Bronze Open Access,high,physical_asset_maintenance,True
paper-2518,2025,ES Energy and Environment,All Open Access; Bronze Open Access,high,physical_asset_maintenance,True
paper-2519,2025,Internet Technology Letters,All Open Access; Bronze Open Access,high,physical_asset_maintenance,True
paper-2520,2025,Machines,All Open Access; Gold Open Access; Green Open Access,high,physical_asset_maintenance,True
paper-2521,2025,Unconventional Resources,All Open Access; Gold Open Access; Green Open Access,high,physical_asset_maintenance,False
paper-2522,2025,Microelectronics Reliability,All Open Access; Hybrid Gold Open Access,high,physical_asset_maintenance,False
paper-2526,2025,Geoenergy Science and Engineering,All Open Access; Green Open Access; Hybrid Gold Open Access,high,physical_asset_maintenance,False
paper-2528,2025,Materials and Design,All Open Access; Gold Open Access; Green Open Access,high,physical_asset_maintenance,False
paper-2529,2025,Sensors,All Open Access; Gold Open Access; Green Open Access,medium,physical_asset_maintenance,True
paper-2532,2025,Mechanical Systems and Signal Processing,All Open Access; Hybrid Gold Open Access,high,physical_asset_maintenance,False
paper-2533,2025,Journal of Marine Science and Engineering,All Open Access; Gold Open Access; Green Open Access,high,physical_asset_maintenance,True
paper-2534,2025,Machines,All Open Access; Gold Open Access; Green Open Access,high,physical_asset_maintenance,True
paper-2535,2025,Processes,All Open Access; Gold Open Access,high,physical_asset_maintenance,True
paper-2537,2025,Results in Engineering,All Open Access; Gold Open Access; Green Open Access,medium,physical_asset_maintenance,False
paper-2540,2025,Case Studies in Thermal Engineering,All Open Access; Gold Open Access; Green Open Access,high,physical_asset_maintenance,False
paper-2541,2025,Sensors,All Open Access; Gold Open Access; Green Open Access,high,physical_asset_maintenance,True
paper-2542,2025,Royal Society Open Science,All Open Access; Gold Open Access; Green Open Access,high,physical_asset_maintenance,False
paper-2543,2025,Machines,All Open Access; Gold Open Access; Green Open Access,medium,physical_asset_maintenance,True
paper-2546,2025,Energies,All Open Access; Gold Open Access; Green Open Access,high,physical_asset_maintenance,True
paper-2548,2025,Sensors,All Open Access; Gold Open Access; Green Open Access,high,physical_asset_maintenance,True
paper-2549,2025,Journal of Advanced Research Design,All Open Access; Hybrid Gold Open Access,high,physical_asset_maintenance,True
paper-2550,2025,Aerospace,All Open Access; Gold Open Access; Green Open Access,high,physical_asset_maintenance,True
paper-2551,2025,Journal of Power Sources,All Open Access; Green Open Access; Hybrid Gold Open Access,high,physical_asset_maintenance,False
paper-2552,2025,Batteries,All Open Access; Gold Open Access; Green Open Access,high,physical_asset_maintenance,True
paper-2553,2025,Applied Sciences (Switzerland),All Open Access; Gold Open Access; Green Open Access,high,physical_asset_maintenance,True
paper-2556,2025,Journal of Intelligent Manufacturing,All Open Access; Green Open Access; Hybrid Gold Open Access,high,physical_asset_maintenance,True
paper-2557,2025,Machines,All Open Access; Gold Open Access; Green Open Access,high,physical_asset_maintenance,True
paper-2558,2025,Journal of Energy Storage,All Open Access; Hybrid Gold Open Access,high,physical_asset_maintenance,False
paper-2559,2025,International Journal of Prognostics and Health Management,All Open Access; Gold Open Access,high,physical_asset_maintenance,True
paper-2560,2025,Advances in Mechanical Engineering,All Open Access; Gold Open Access; Green Open Access,high,physical_asset_maintenance,True
paper-2561,2025,Sensors,All Open Access; Gold Open Access; Green Open Access,high,physical_asset_maintenance,True
paper-2564,2025,Reliability Engineering and System Safety,All Open Access; Green Open Access,high,physical_asset_maintenance,False
paper-2566,2025,Processes,All Open Access; Gold Open Access,high,physical_asset_maintenance,True
paper-2567,2025,Electronics (Switzerland),All Open Access; Gold Open Access,high,physical_asset_maintenance,True
paper-2568,2025,Applied Sciences (Switzerland),All Open Access; Gold Open Access; Green Open Access,high,physical_asset_maintenance,True
paper-2570,2025,International Journal of Electrical Power and Energy Systems,All Open Access; Gold Open Access; Green Open Access,high,physical_asset_maintenance,False
paper-2571,2025,Applied Sciences (Switzerland),All Open Access; Gold Open Access; Green Open Access,high,physical_asset_maintenance,True
paper-2572,2025,Journal of Vibration Engineering and Technologies,All Open Access; Green Open Access; Hybrid Gold Open Access,high,physical_asset_maintenance,True
paper-2573,2025,Advances in Mechanical Engineering,All Open Access; Gold Open Access; Green Open Access,high,physical_asset_maintenance,True
paper-2575,2025,"e-Prime - Advances in Electrical Engineering, Electronics and Energy",All Open Access; Gold Open Access; Green Open Access,high,physical_asset_maintenance,False
paper-2577,2025,Global Energy Interconnection,All Open Access; Gold Open Access; Green Open Access,high,physical_asset_maintenance,False
paper-2578,2025,Quality and Reliability Engineering International,All Open Access; Bronze Open Access,high,physical_asset_maintenance,True
paper-2579,2025,Machines,All Open Access; Gold Open Access; Green Open Access,high,physical_asset_maintenance,True
paper-2580,2025,Sensors,All Open Access; Gold Open Access; Green Open Access,high,physical_asset_maintenance,True
paper-2584,2025,Progress in Additive Manufacturing,All Open Access; Green Open Access; Hybrid Gold Open Access,high,physical_asset_maintenance,True
paper-2585,2025,AgriEngineering,All Open Access; Gold Open Access; Green Open Access,high,physical_asset_maintenance,True
paper-2587,2025,Advanced Materials Technologies,All Open Access; Green Open Access; Hybrid Gold Open Access,high,physical_asset_maintenance,True
paper-2589,2025,Measurement: Journal of the International Measurement Confederation,All Open Access; Hybrid Gold Open Access,high,physical_asset_maintenance,False
paper-2590,2025,Journal of Marine Science and Engineering,All Open Access; Gold Open Access; Green Open Access,high,physical_asset_maintenance,True
paper-2591,2025,Electronics (Switzerland),All Open Access; Gold Open Access,medium,uncertain_but_included,True
paper-2592,2025,Applied Stochastic Models in Business and Industry,All Open Access; Hybrid Gold Open Access,high,physical_asset_maintenance,True
paper-2593,2025,Sensors,All Open Access; Gold Open Access; Green Open Access,high,physical_asset_maintenance,True
paper-2595,2025,Sensors,All Open Access; Gold Open Access; Green Open Access,high,physical_asset_maintenance,True
paper-2598,2025,Sensors,All Open Access; Gold Open Access; Green Open Access,high,physical_asset_maintenance,True
paper-2600,2025,Sensors,All Open Access; Gold Open Access; Green Open Access,high,physical_asset_maintenance,True
paper-2601,2025,"Journal of Dynamics, Monitoring and Diagnostics",All Open Access; Gold Open Access,high,physical_asset_maintenance,True
paper-2603,2025,Energies,All Open Access; Gold Open Access; Green Open Access,high,physical_asset_maintenance,True
paper-2606,2025,MethodsX,All Open Access; Gold Open Access; Green Open Access,high,physical_asset_maintenance,False
paper-2607,2025,Applied Sciences (Switzerland),All Open Access; Gold Open Access; Green Open Access,high,physical_asset_maintenance,True
paper-2608,2025,Results in Engineering,All Open Access; Gold Open Access; Green Open Access,high,physical_asset_maintenance,False
paper-2609,2025,Measurement Science and Technology,All Open Access; Hybrid Gold Open Access,high,physical_asset_maintenance,False
paper-2610,2025,International Journal of Circuit Theory and Applications,All Open Access; Bronze Open Access,high,physical_asset_maintenance,True
paper-2611,2025,Quality and Reliability Engineering International,All Open Access; Bronze Open Access,high,physical_asset_maintenance,True
paper-2614,2025,Complex and Intelligent Systems,All Open Access; Gold Open Access; Green Open Access,high,physical_asset_maintenance,True
paper-2615,2025,MM Science Journal,All Open Access; Gold Open Access; Green Open Access,high,physical_asset_maintenance,False
paper-2616,2025,Journal of Sensor and Actuator Networks,All Open Access; Gold Open Access; Green Open Access,high,physical_asset_maintenance,True
paper-2617,2025,Concurrency and Computation: Practice and Experience,All Open Access; Bronze Open Access,medium,physical_asset_maintenance,True
paper-2618,2025,SSRG International Journal of Electrical and Electronics Engineering,All Open Access; Hybrid Gold Open Access,high,physical_asset_maintenance,True
paper-2619,2025,Engineering Applications of Artificial Intelligence,All Open Access; Hybrid Gold Open Access,medium,physical_asset_maintenance,False
paper-2620,2025,Sensors,All Open Access; Gold Open Access; Green Open Access,high,physical_asset_maintenance,True
paper-2621,2025,Engineering with Computers,All Open Access; Green Open Access; Hybrid Gold Open Access,high,physical_asset_maintenance,True
paper-2623,2025,Information Fusion,All Open Access; Hybrid Gold Open Access,high,physical_asset_maintenance,False
paper-2624,2025,Applied Sciences (Switzerland),All Open Access; Gold Open Access; Green Open Access,high,physical_asset_maintenance,True
paper-2628,2025,Energies,All Open Access; Gold Open Access; Green Open Access,high,physical_asset_maintenance,True
paper-2630,2025,Materials and Corrosion,All Open Access; Bronze Open Access,high,physical_asset_maintenance,False
paper-2631,2025,Entropy,All Open Access; Gold Open Access; Green Open Access,high,physical_asset_maintenance,True
paper-2635,2025,Journal of Pipeline Science and Engineering,All Open Access; Gold Open Access; Green Open Access,high,physical_asset_maintenance,False
paper-2637,2025,Future Internet,All Open Access; Gold Open Access; Green Open Access,high,physical_asset_maintenance,True
paper-2638,2025,Journal of Manufacturing and Materials Processing,All Open Access; Gold Open Access; Green Open Access,high,physical_asset_maintenance,True
paper-2640,2025,Big Data and Cognitive Computing,All Open Access; Gold Open Access; Green Open Access,medium,physical_asset_maintenance,False
paper-2641,2025,"Facta Universitatis, Series: Mechanical Engineering",All Open Access; Gold Open Access,high,physical_asset_maintenance,True
paper-2642,2025,Energies,All Open Access; Gold Open Access; Green Open Access,high,physical_asset_maintenance,True
paper-2643,2025,Bulletin of Electrical Engineering and Informatics,All Open Access; Gold Open Access,high,physical_asset_maintenance,True
paper-2644,2025,Results in Engineering,All Open Access; Gold Open Access; Green Open Access,high,physical_asset_maintenance,False
paper-2645,2025,Processes,All Open Access; Gold Open Access,high,physical_asset_maintenance,True
paper-2646,2025,NIPES - Journal of Science and Technology Research,All Open Access; Gold Open Access,high,physical_asset_maintenance,True
paper-2647,2025,Engineering Reports,All Open Access; Gold Open Access; Green Open Access,high,physical_asset_maintenance,True
paper-2648,2025,Electronics (Switzerland),All Open Access; Gold Open Access,high,physical_asset_maintenance,True
paper-2649,2025,Actuators,All Open Access; Gold Open Access; Green Open Access,high,physical_asset_maintenance,True
paper-2650,2025,Nuclear Engineering and Technology,All Open Access; Gold Open Access,high,physical_asset_maintenance,False
paper-2652,2025,Scientific Reports,All Open Access; Gold Open Access; Green Open Access,high,physical_asset_maintenance,True
paper-2653,2025,Applied Sciences (Switzerland),All Open Access; Gold Open Access; Green Open Access,high,physical_asset_maintenance,True
paper-2654,2025,Entropy,All Open Access; Gold Open Access; Green Open Access,high,physical_asset_maintenance,True
paper-2656,2025,Applied Sciences (Switzerland),All Open Access; Gold Open Access; Green Open Access,high,physical_asset_maintenance,True
paper-2657,2025,Processes,All Open Access; Gold Open Access,high,physical_asset_maintenance,True
paper-2658,2025,Waterlines,All Open Access; Hybrid Gold Open Access,high,physical_asset_maintenance,True
paper-2659,2025,Journal of Intelligent Manufacturing,All Open Access; Hybrid Gold Open Access,high,physical_asset_maintenance,True
paper-2660,2025,Applied Sciences (Switzerland),All Open Access; Gold Open Access; Green Open Access,high,physical_asset_maintenance,True
paper-2661,2025,Applied Sciences (Switzerland),All Open Access; Gold Open Access; Green Open Access,high,physical_asset_maintenance,True
paper-2662,2025,"e-Prime - Advances in Electrical Engineering, Electronics and Energy",All Open Access; Gold Open Access; Green Open Access,high,physical_asset_maintenance,False
paper-2663,2025,Eng,All Open Access; Gold Open Access; Green Open Access,high,physical_asset_maintenance,True
paper-2664,2025,Batteries,All Open Access; Gold Open Access; Green Open Access,high,physical_asset_maintenance,True
paper-2667,2025,Journal of Vibroengineering,All Open Access; Gold Open Access,medium,physical_asset_maintenance,True
paper-2668,2025,Alexandria Engineering Journal,All Open Access; Gold Open Access; Green Open Access,high,physical_asset_maintenance,False
paper-2669,2025,International Journal of Basic and Applied Sciences,All Open Access; Gold Open Access; Green Open Access,high,physical_asset_maintenance,True
paper-2670,2025,Actuators,All Open Access; Gold Open Access; Green Open Access,high,physical_asset_maintenance,True
paper-2673,2025,Engineering Applications of Artificial Intelligence,All Open Access; Hybrid Gold Open Access,high,physical_asset_maintenance,False
paper-2674,2025,Electrical Engineering,All Open Access; Hybrid Gold Open Access,high,physical_asset_maintenance,True
paper-2676,2025,Mathematics,All Open Access; Gold Open Access; Green Open Access,medium,physical_asset_maintenance,True
paper-2677,2025,Quality and Reliability Engineering International,All Open Access; Bronze Open Access,high,physical_asset_maintenance,True
paper-2678,2025,Journal of Energy Storage,All Open Access; Hybrid Gold Open Access,high,physical_asset_maintenance,False
paper-2679,2025,Energies,All Open Access; Gold Open Access; Green Open Access,medium,physical_asset_maintenance,True
paper-2682,2025,Reliability Engineering and System Safety,All Open Access; Hybrid Gold Open Access,high,physical_asset_maintenance,False
paper-2683,2025,Measurement Science and Technology,All Open Access; Hybrid Gold Open Access,high,physical_asset_maintenance,False
paper-2684,2025,Nuclear Engineering and Design,All Open Access; Green Open Access; Hybrid Gold Open Access,high,physical_asset_maintenance,False
paper-2685,2025,International Journal of Electrochemical Science ,All Open Access; Gold Open Access,high,physical_asset_maintenance,False
paper-2687,2025,Energies,All Open Access; Gold Open Access; Green Open Access,high,physical_asset_maintenance,True
paper-2688,2025,Inventions,All Open Access; Gold Open Access; Green Open Access,high,physical_asset_maintenance,True
paper-2689,2025,Data,All Open Access; Gold Open Access; Green Open Access,high,physical_asset_maintenance,True
paper-2691,2025,International Journal of Prognostics and Health Management,All Open Access; Gold Open Access,high,physical_asset_maintenance,True
paper-2692,2025,Electronics (Switzerland),All Open Access; Gold Open Access,high,physical_asset_maintenance,True
paper-2693,2025,"Engineering, Technology and Applied Science Research",All Open Access; Gold Open Access,high,physical_asset_maintenance,True
paper-2696,2025,Electronics (Switzerland),All Open Access; Gold Open Access,high,physical_asset_maintenance,True
paper-2697,2025,Applied Sciences (Switzerland),All Open Access; Gold Open Access; Green Open Access,high,physical_asset_maintenance,True
paper-2699,2025,Journal of Manufacturing and Materials Processing,All Open Access; Gold Open Access; Green Open Access,high,physical_asset_maintenance,True
paper-2700,2025,Machines,All Open Access; Gold Open Access; Green Open Access,high,physical_asset_maintenance,True
paper-2703,2025,Applied Sciences (Switzerland),All Open Access; Gold Open Access; Green Open Access,high,physical_asset_maintenance,True
paper-2704,2025,Applied Sciences (Switzerland),All Open Access; Gold Open Access; Green Open Access,high,physical_asset_maintenance,True
paper-2705,2025,Electronics (Switzerland),All Open Access; Gold Open Access,high,physical_asset_maintenance,True
paper-2706,2025,ZWF Zeitschrift fuer Wirtschaftlichen Fabrikbetrieb,All Open Access; Hybrid Gold Open Access,high,physical_asset_maintenance,False
paper-2707,2025,Energies,All Open Access; Gold Open Access; Green Open Access,high,physical_asset_maintenance,True
paper-2708,2025,Newton,All Open Access; Hybrid Gold Open Access,high,physical_asset_maintenance,False
paper-2709,2025,Applied Sciences (Switzerland),All Open Access; Gold Open Access; Green Open Access,high,physical_asset_maintenance,True
paper-2712,2025,Applied Sciences (Switzerland),All Open Access; Gold Open Access; Green Open Access,high,physical_asset_maintenance,True
paper-2713,2025,Science Progress,All Open Access; Gold Open Access; Green Open Access,high,physical_asset_maintenance,True
paper-2714,2025,Energy Reports,All Open Access; Gold Open Access,high,physical_asset_maintenance,False
paper-2715,2025,Sensors,All Open Access; Gold Open Access; Green Open Access,medium,physical_asset_maintenance,True
paper-2718,2025,Lubricants,All Open Access; Gold Open Access; Green Open Access,high,physical_asset_maintenance,True
paper-2721,2025,Engineering Reports,All Open Access; Gold Open Access; Green Open Access,high,physical_asset_maintenance,True
paper-2722,2025,MM Science Journal,All Open Access; Gold Open Access,high,physical_asset_maintenance,False
paper-2723,2025,MethodsX,All Open Access; Gold Open Access; Green Open Access,high,physical_asset_maintenance,False
paper-2725,2025,Energies,All Open Access; Gold Open Access; Green Open Access,high,physical_asset_maintenance,True
paper-2727,2025,Mathematics,All Open Access; Gold Open Access; Green Open Access,high,physical_asset_maintenance,True
paper-2728,2025,Reliability Engineering and System Safety,All Open Access; Green Open Access; Hybrid Gold Open Access,high,physical_asset_maintenance,False
paper-2729,2025,Sustainable Engineering and Innovation,All Open Access; Gold Open Access,high,physical_asset_maintenance,True
paper-2730,2025,Schmalenbach Journal of Business Research,All Open Access; Gold Open Access; Green Open Access,high,physical_asset_maintenance,True
paper-2731,2025,Journal of Modelling in Management,All Open Access; Green Open Access,high,physical_asset_maintenance,True
paper-2733,2025,Electronics (Switzerland),All Open Access; Gold Open Access,high,physical_asset_maintenance,True
paper-2735,2025,Processes,All Open Access; Gold Open Access,high,physical_asset_maintenance,True
paper-2736,2025,Machines,All Open Access; Gold Open Access; Green Open Access,medium,physical_asset_maintenance,True
paper-2739,2025,Mechanical Systems and Signal Processing,All Open Access; Hybrid Gold Open Access,high,physical_asset_maintenance,False
paper-2740,2025,Sensors,All Open Access; Gold Open Access; Green Open Access,high,physical_asset_maintenance,True
paper-2741,2025,Machines,All Open Access; Gold Open Access; Green Open Access,high,physical_asset_maintenance,True
paper-2743,2025,Alexandria Engineering Journal,All Open Access; Gold Open Access; Green Open Access,high,physical_asset_maintenance,False
paper-2745,2025,Energies,All Open Access; Gold Open Access; Green Open Access,high,physical_asset_maintenance,True
paper-2747,2025,Mathematics,All Open Access; Gold Open Access; Green Open Access,high,physical_asset_maintenance,True
paper-2748,2025,Reliability Engineering and System Safety,All Open Access; Green Open Access,high,physical_asset_maintenance,True
paper-2751,2025,Sensors,All Open Access; Gold Open Access; Green Open Access,high,physical_asset_maintenance,True
paper-2753,2025,Sensors,All Open Access; Gold Open Access; Green Open Access,high,physical_asset_maintenance,True
paper-2754,2025,Energy,All Open Access; Hybrid Gold Open Access,high,physical_asset_maintenance,False
paper-2758,2025,Journal of Applied Engineering and Technological Science,All Open Access; Gold Open Access; Green Open Access,high,physical_asset_maintenance,True
paper-2759,2025,Results in Engineering,All Open Access; Gold Open Access; Green Open Access,high,physical_asset_maintenance,False
paper-2760,2025,Discover Applied Sciences,All Open Access; Gold Open Access; Green Open Access,high,physical_asset_maintenance,True
paper-2761,2025,Sensors,All Open Access; Gold Open Access; Green Open Access,high,physical_asset_maintenance,True
paper-2762,2025,Machines,All Open Access; Gold Open Access; Green Open Access,high,physical_asset_maintenance,True
paper-2763,2025,Industrial and Engineering Chemistry Research,All Open Access; Green Open Access; Hybrid Gold Open Access,high,physical_asset_maintenance,True
paper-2765,2025,Machines,All Open Access; Gold Open Access; Green Open Access,high,physical_asset_maintenance,True
paper-2767,2025,Sustainability (Switzerland),All Open Access; Gold Open Access; Green Open Access,high,physical_asset_maintenance,True
paper-2770,2025,Electronics (Switzerland),All Open Access; Gold Open Access,high,physical_asset_maintenance,True
paper-2771,2025,Machines,All Open Access; Gold Open Access; Green Open Access,high,physical_asset_maintenance,True
paper-2772,2025,South African Journal of Industrial Engineering,All Open Access; Gold Open Access,high,physical_asset_maintenance,True
paper-2773,2025,Machines,All Open Access; Gold Open Access; Green Open Access,high,physical_asset_maintenance,True
paper-2774,2025,Expert Systems with Applications,All Open Access; Hybrid Gold Open Access,high,physical_asset_maintenance,False
paper-2775,2025,Machines,All Open Access; Gold Open Access; Green Open Access,high,physical_asset_maintenance,True
paper-2776,2025,Alexandria Engineering Journal,All Open Access; Gold Open Access; Green Open Access,high,physical_asset_maintenance,False
paper-2777,2025,"Journal of Electronics, Electromedical Engineering, and Medical Informatics",All Open Access; Gold Open Access,high,physical_asset_maintenance,True
paper-2781,2025,Sensors,All Open Access; Gold Open Access; Green Open Access,medium,physical_asset_maintenance,True
paper-2782,2025,Results in Engineering,All Open Access; Gold Open Access; Green Open Access,high,physical_asset_maintenance,False
paper-2783,2025,Machines,All Open Access; Gold Open Access; Green Open Access,high,physical_asset_maintenance,True
paper-2784,2025,Energies,All Open Access; Gold Open Access; Green Open Access,high,physical_asset_maintenance,True
paper-2786,2025,Journal of Advanced Computational Intelligence and Intelligent Informatics,All Open Access; Gold Open Access,high,physical_asset_maintenance,False
paper-2787,2025,Processes,All Open Access; Gold Open Access,high,physical_asset_maintenance,True
paper-2789,2025,Renewable and Sustainable Energy Reviews,All Open Access; Gold Open Access,high,physical_asset_maintenance,False
paper-2790,2025,Sensors,All Open Access; Gold Open Access; Green Open Access,high,physical_asset_maintenance,True
paper-2793,2025,Batteries,All Open Access; Gold Open Access; Green Open Access,high,physical_asset_maintenance,True
paper-2795,2025,Energy Reports,All Open Access; Gold Open Access,high,physical_asset_maintenance,False
paper-2796,2025,MethodsX,All Open Access; Gold Open Access; Green Open Access,high,physical_asset_maintenance,False
paper-2797,2025,Sensors,All Open Access; Gold Open Access; Green Open Access,high,physical_asset_maintenance,True
paper-2798,2025,Alexandria Engineering Journal,All Open Access; Gold Open Access; Green Open Access,high,physical_asset_maintenance,False
paper-2799,2025,Applied Sciences (Switzerland),All Open Access; Gold Open Access; Green Open Access,high,physical_asset_maintenance,True
paper-2800,2025,Journal of Advanced Research,All Open Access; Gold Open Access; Green Open Access,high,physical_asset_maintenance,False
paper-2801,2025,Wear,All Open Access; Hybrid Gold Open Access,high,physical_asset_maintenance,False
paper-2802,2025,Energies,All Open Access; Gold Open Access; Green Open Access,high,physical_asset_maintenance,True
paper-2803,2025,Lubricants,All Open Access; Gold Open Access; Green Open Access,high,physical_asset_maintenance,True
paper-2804,2025,Engineering Applications of Artificial Intelligence,All Open Access; Green Open Access; Hybrid Gold Open Access,high,physical_asset_maintenance,False
paper-2805,2025,Technologies,All Open Access; Gold Open Access; Green Open Access,high,physical_asset_maintenance,True
paper-2806,2025,Machines,All Open Access; Gold Open Access; Green Open Access,high,physical_asset_maintenance,True
paper-2807,2025,Applied Sciences (Switzerland),All Open Access; Gold Open Access; Green Open Access,high,physical_asset_maintenance,True
paper-2809,2025,Applied Sciences (Switzerland),All Open Access; Gold Open Access; Green Open Access,high,physical_asset_maintenance,True
paper-2811,2025,Applied Ocean Research,All Open Access; Gold Open Access; Green Open Access,high,physical_asset_maintenance,False
paper-2812,2025,Sustainability (Switzerland),All Open Access; Gold Open Access,high,physical_asset_maintenance,True
paper-2813,2025,Processes,All Open Access; Gold Open Access,high,physical_asset_maintenance,True
paper-2814,2025,Processes,All Open Access; Gold Open Access,high,physical_asset_maintenance,True
paper-2816,2025,Sustainability (Switzerland),All Open Access; Gold Open Access,high,physical_asset_maintenance,True
paper-2817,2025,Sustainability (Switzerland),All Open Access; Gold Open Access,high,physical_asset_maintenance,True
paper-2818,2025,Results in Engineering,All Open Access; Gold Open Access; Green Open Access,high,physical_asset_maintenance,False
paper-2819,2025,Journal of Offshore Mechanics and Arctic Engineering,All Open Access; Green Open Access,high,physical_asset_maintenance,False
paper-2820,2025,Mechanical Systems and Signal Processing,All Open Access; Hybrid Gold Open Access,high,physical_asset_maintenance,False
paper-2821,2025,Journal of Reliable Intelligent Environments,All Open Access; Hybrid Gold Open Access,high,physical_asset_maintenance,True
paper-2822,2025,Expert Systems with Applications,All Open Access; Green Open Access; Hybrid Gold Open Access,high,physical_asset_maintenance,False
paper-2824,2025,Applied Sciences (Switzerland),All Open Access; Gold Open Access; Green Open Access,high,physical_asset_maintenance,True
paper-2825,2025,Quality and Reliability Engineering International,All Open Access; Bronze Open Access,high,physical_asset_maintenance,True
paper-2826,2025,Microelectronics Reliability,All Open Access; Green Open Access; Hybrid Gold Open Access,high,physical_asset_maintenance,False
paper-2827,2025,Sustainability (Switzerland),All Open Access; Gold Open Access,high,physical_asset_maintenance,True
paper-2828,2025,Journal of Loss Prevention in the Process Industries,All Open Access; Hybrid Gold Open Access,high,physical_asset_maintenance,False
paper-2829,2025,Advances in Mechanical Engineering,All Open Access; Gold Open Access; Green Open Access,high,physical_asset_maintenance,True
paper-2831,2025,Data-Centric Engineering,All Open Access; Gold Open Access; Green Open Access,high,physical_asset_maintenance,True
paper-2832,2025,Big Data and Cognitive Computing,All Open Access; Gold Open Access; Green Open Access,high,physical_asset_maintenance,False
paper-2835,2025,Journal of Marine Science and Engineering,All Open Access; Gold Open Access; Green Open Access,high,physical_asset_maintenance,True
paper-2836,2025,Batteries,All Open Access; Gold Open Access; Green Open Access,high,physical_asset_maintenance,True
paper-2838,2025,Eng,All Open Access; Gold Open Access; Green Open Access,high,physical_asset_maintenance,True
paper-2840,2025,Sensors,All Open Access; Gold Open Access; Green Open Access,high,physical_asset_maintenance,True
paper-2841,2025,Reliability Engineering and System Safety,All Open Access; Green Open Access,high,physical_asset_maintenance,False
paper-2842,2025,Agriculture (Switzerland),All Open Access; Gold Open Access; Green Open Access,high,physical_asset_maintenance,True
paper-2843,2025,Energy Reports,All Open Access; Gold Open Access; Green Open Access,high,physical_asset_maintenance,False
paper-2844,2025,Batteries,All Open Access; Gold Open Access,high,physical_asset_maintenance,True
paper-2846,2025,Energies,All Open Access; Gold Open Access; Green Open Access,high,physical_asset_maintenance,True
paper-2847,2025,International Journal of Prognostics and Health Management,All Open Access; Gold Open Access,high,physical_asset_maintenance,True
paper-2848,2025,Discover Applied Sciences,All Open Access; Gold Open Access; Green Open Access,high,physical_asset_maintenance,True
paper-2849,2025,Measurement: Journal of the International Measurement Confederation,All Open Access; Green Open Access,high,physical_asset_maintenance,False
paper-2850,2025,Machines,All Open Access; Gold Open Access; Green Open Access,high,physical_asset_maintenance,True
paper-2851,2025,Numerical Methods in Civil Engineering,All Open Access; Green Open Access; Hybrid Gold Open Access,high,physical_asset_maintenance,True
paper-2852,2025,Applied Sciences (Switzerland),All Open Access; Gold Open Access; Green Open Access,high,physical_asset_maintenance,True
paper-2854,2025,Energies,All Open Access; Gold Open Access; Green Open Access,high,physical_asset_maintenance,True
paper-2855,2025,Coatings,All Open Access; Gold Open Access,high,physical_asset_maintenance,True
paper-2856,2025,Symmetry,All Open Access; Gold Open Access,high,physical_asset_maintenance,True
paper-2857,2025,Measurement: Sensors,All Open Access; Gold Open Access; Green Open Access,high,physical_asset_maintenance,False
paper-2858,2025,Journal of Energy Storage,All Open Access; Hybrid Gold Open Access,high,physical_asset_maintenance,False
paper-2859,2025,Mechanical Systems and Signal Processing,All Open Access; Green Open Access,high,physical_asset_maintenance,False
paper-2860,2025,International Journal of Advanced Manufacturing Technology,All Open Access; Hybrid Gold Open Access,high,physical_asset_maintenance,True
paper-2861,2025,"Cognition, Technology and Work",All Open Access; Green Open Access,medium,uncertain_but_included,True
paper-2862,2025,Energies,All Open Access; Gold Open Access; Green Open Access,high,physical_asset_maintenance,True
paper-2863,2025,Machines,All Open Access; Gold Open Access; Green Open Access,high,physical_asset_maintenance,True
paper-2864,2025,Energy Science and Engineering,All Open Access; Gold Open Access; Green Open Access,high,physical_asset_maintenance,False
paper-2865,2025,Journal of Manufacturing Systems,All Open Access; Green Open Access,high,physical_asset_maintenance,False
paper-2868,2025,Sensors,All Open Access; Gold Open Access; Green Open Access,high,physical_asset_maintenance,True
paper-2871,2025,Engineering Applications of Artificial Intelligence,All Open Access; Green Open Access; Hybrid Gold Open Access,high,physical_asset_maintenance,True
paper-2872,2025,Journal of Supercomputing,All Open Access; Green Open Access,high,physical_asset_maintenance,True
paper-2873,2025,Reliability Engineering and System Safety,All Open Access; Hybrid Gold Open Access,high,physical_asset_maintenance,False
paper-2874,2025,Applied Sciences (Switzerland),All Open Access; Gold Open Access; Green Open Access,high,physical_asset_maintenance,True
paper-2877,2025,Energies,All Open Access; Gold Open Access; Green Open Access,high,physical_asset_maintenance,True
paper-2878,2025,MethodsX,All Open Access; Gold Open Access; Green Open Access,high,physical_asset_maintenance,False
paper-2880,2025,Sensors,All Open Access; Gold Open Access; Green Open Access,high,physical_asset_maintenance,True
paper-2881,2025,Sensors,All Open Access; Gold Open Access; Green Open Access,high,physical_asset_maintenance,True
paper-2882,2025,Applied Sciences (Switzerland),All Open Access; Gold Open Access; Green Open Access,high,physical_asset_maintenance,True
paper-2884,2025,Information Fusion,All Open Access; Green Open Access; Hybrid Gold Open Access,high,physical_asset_maintenance,False
paper-2886,2025,AI (Switzerland),All Open Access; Gold Open Access; Green Open Access,high,physical_asset_maintenance,True
paper-2887,2025,Wind Energy,All Open Access; Gold Open Access; Green Open Access,high,physical_asset_maintenance,True
paper-2888,2025,Processes,All Open Access; Gold Open Access,medium,uncertain_but_included,True
paper-2890,2025,Quality and Reliability Engineering International,All Open Access; Bronze Open Access,high,physical_asset_maintenance,True
paper-2895,2025,Transportation Research Interdisciplinary Perspectives,All Open Access; Gold Open Access; Green Open Access,high,physical_asset_maintenance,False
paper-2896,2025,Journal of the Electrochemical Society,All Open Access; Hybrid Gold Open Access,high,physical_asset_maintenance,False
paper-2897,2025,Computation,All Open Access; Gold Open Access; Green Open Access,high,physical_asset_maintenance,True
paper-2898,2025,Mechanical Systems and Signal Processing,All Open Access; Green Open Access,high,physical_asset_maintenance,False
paper-2900,2025,Micromachines,All Open Access; Gold Open Access; Green Open Access,high,physical_asset_maintenance,True
paper-2901,2025,Measurement Science and Technology,All Open Access; Hybrid Gold Open Access,high,physical_asset_maintenance,False
paper-2902,2025,Machines,All Open Access; Gold Open Access; Green Open Access,high,physical_asset_maintenance,True
paper-2904,2025,World Electric Vehicle Journal,All Open Access; Gold Open Access; Green Open Access,high,physical_asset_maintenance,True
paper-2905,2025,Expert Systems,All Open Access; Bronze Open Access; Green Open Access,high,physical_asset_maintenance,True
paper-2906,2025,Applied Sciences (Switzerland),All Open Access; Gold Open Access; Green Open Access,high,physical_asset_maintenance,True
paper-2907,2025,Sensors,All Open Access; Gold Open Access; Green Open Access,high,physical_asset_maintenance,True
paper-2908,2025,Quality and Reliability Engineering International,All Open Access; Bronze Open Access,high,physical_asset_maintenance,True
paper-2910,2025,Journal of Computational Design and Engineering,All Open Access; Gold Open Access,high,physical_asset_maintenance,False
paper-2911,2025,Electrochemical Science Advances,All Open Access; Gold Open Access; Green Open Access,high,physical_asset_maintenance,False
paper-2912,2025,Applied Sciences (Switzerland),All Open Access; Gold Open Access; Green Open Access,high,physical_asset_maintenance,True
paper-2914,2025,"Engineering Computations (Swansea, Wales)",All Open Access; Green Open Access,high,physical_asset_maintenance,False
paper-2918,2025,Electronics (Switzerland),All Open Access; Gold Open Access,high,physical_asset_maintenance,True
paper-2919,2025,PLoS ONE,All Open Access; Gold Open Access; Green Open Access,high,physical_asset_maintenance,True
paper-2920,2025,Measurement Science and Technology,All Open Access; Bronze Open Access,high,physical_asset_maintenance,False
paper-2921,2025,Energies,All Open Access; Gold Open Access; Green Open Access,high,physical_asset_maintenance,True
paper-2924,2025,Lubricants,All Open Access; Gold Open Access; Green Open Access,high,physical_asset_maintenance,True
paper-2925,2025,Reliability Engineering and System Safety,All Open Access; Green Open Access; Hybrid Gold Open Access,high,physical_asset_maintenance,False
paper-2927,2025,Sensors,All Open Access; Gold Open Access; Green Open Access,high,physical_asset_maintenance,True
paper-2928,2025,Sensors,All Open Access; Gold Open Access; Green Open Access,high,physical_asset_maintenance,True
paper-2929,2025,Discover Applied Sciences,All Open Access; Gold Open Access; Green Open Access,high,physical_asset_maintenance,True
paper-2930,2025,Electronics (Switzerland),All Open Access; Gold Open Access,high,physical_asset_maintenance,True
paper-2933,2025,Sensors,All Open Access; Gold Open Access; Green Open Access,high,physical_asset_maintenance,True
paper-2934,2025,Machines,All Open Access; Gold Open Access; Green Open Access,high,physical_asset_maintenance,True
paper-2936,2025,Energies,All Open Access; Gold Open Access; Green Open Access,high,physical_asset_maintenance,True
paper-2937,2025,Electronics (Switzerland),All Open Access; Gold Open Access,high,physical_asset_maintenance,True
paper-2940,2025,Mathematics,All Open Access; Gold Open Access; Green Open Access,high,physical_asset_maintenance,True
paper-2941,2025,Sensors,All Open Access; Gold Open Access; Green Open Access,high,physical_asset_maintenance,True
paper-2942,2025,Algorithms,All Open Access; Gold Open Access; Green Open Access,high,physical_asset_maintenance,True
paper-2945,2025,Advanced Materials Technologies,All Open Access; Bronze Open Access,high,physical_asset_maintenance,False
paper-2947,2025,Applied Mathematical Modelling,All Open Access; Hybrid Gold Open Access,high,physical_asset_maintenance,False
paper-2948,2025,Machines,All Open Access; Gold Open Access; Green Open Access,high,physical_asset_maintenance,True
paper-2949,2025,Energies,All Open Access; Gold Open Access; Green Open Access,high,physical_asset_maintenance,True
paper-2950,2025,Applied Sciences (Switzerland),All Open Access; Gold Open Access; Green Open Access,high,physical_asset_maintenance,True
paper-2952,2025,Measurement and Control (United Kingdom),All Open Access; Gold Open Access; Green Open Access,high,physical_asset_maintenance,True
paper-2954,2025,Symmetry,All Open Access; Gold Open Access,high,physical_asset_maintenance,True
paper-2956,2025,Sensors,All Open Access; Gold Open Access; Green Open Access,high,physical_asset_maintenance,True
paper-2957,2025,Applied Intelligence,All Open Access; Green Open Access; Hybrid Gold Open Access,high,physical_asset_maintenance,True
paper-2958,2025,Processes,All Open Access; Gold Open Access,high,physical_asset_maintenance,True
paper-2959,2025,Wear,All Open Access; Hybrid Gold Open Access,high,physical_asset_maintenance,False
paper-2961,2025,International Academic Journal of Science and Engineering,All Open Access; Bronze Open Access,high,physical_asset_maintenance,True
paper-2962,2025,Micromachines,All Open Access; Gold Open Access; Green Open Access,high,physical_asset_maintenance,True
paper-2966,2025,PLOS ONE,All Open Access; Gold Open Access; Green Open Access,high,physical_asset_maintenance,True
paper-2971,2025,Applied Sciences (Switzerland),All Open Access; Gold Open Access; Green Open Access,high,physical_asset_maintenance,True
paper-2972,2025,Machines,All Open Access; Gold Open Access; Green Open Access,high,physical_asset_maintenance,True
paper-2973,2025,Journal Europeen des Systemes Automatises,All Open Access; Hybrid Gold Open Access,high,physical_asset_maintenance,True
paper-2974,2025,Applied Sciences (Switzerland),All Open Access; Gold Open Access; Green Open Access,high,physical_asset_maintenance,True
paper-2976,2025,Sensors,All Open Access; Gold Open Access; Green Open Access,high,physical_asset_maintenance,True
paper-2977,2025,Applied Sciences (Switzerland),All Open Access; Gold Open Access; Green Open Access,high,physical_asset_maintenance,True
paper-2978,2025,Sensors,All Open Access; Gold Open Access; Green Open Access,high,physical_asset_maintenance,True
paper-2979,2025,Journal of Integrated Science and Technology,All Open Access; Gold Open Access,high,physical_asset_maintenance,True
paper-2981,2025,Applied Energy,All Open Access; Hybrid Gold Open Access,high,physical_asset_maintenance,False
paper-2982,2025,Machines,All Open Access; Gold Open Access; Green Open Access,high,physical_asset_maintenance,True
paper-2986,2025,International Journal of Computational and Experimental Science and Engineering,All Open Access; Gold Open Access,high,physical_asset_maintenance,True
paper-2987,2025,TransNav,All Open Access; Gold Open Access; Green Open Access,high,physical_asset_maintenance,True
paper-2988,2025,Digital Chemical Engineering,All Open Access; Gold Open Access,high,physical_asset_maintenance,False
paper-2989,2025,Defence Science Journal,All Open Access; Gold Open Access,high,physical_asset_maintenance,True
paper-2990,2025,Results in Engineering,All Open Access; Gold Open Access; Green Open Access,high,physical_asset_maintenance,False
paper-2992,2025,Computers,All Open Access; Gold Open Access; Green Open Access,high,physical_asset_maintenance,True
paper-2994,2025,Aerospace,All Open Access; Gold Open Access; Green Open Access,high,physical_asset_maintenance,True
paper-2996,2025,ZWF Zeitschrift fuer Wirtschaftlichen Fabrikbetrieb,All Open Access; Hybrid Gold Open Access,high,physical_asset_maintenance,False
paper-2998,2025,Sensors,All Open Access; Gold Open Access; Green Open Access,high,physical_asset_maintenance,True
paper-2999,2025,Machines,All Open Access; Gold Open Access; Green Open Access,high,physical_asset_maintenance,True
paper-3001,2025,IEEE Access,All Open Access; Gold Open Access; Green Open Access,high,physical_asset_maintenance,False
paper-3002,2025,Reliability Engineering and System Safety,All Open Access; Green Open Access,high,physical_asset_maintenance,True
paper-3003,2025,Wind Energy Science,All Open Access; Gold Open Access; Green Open Access,high,physical_asset_maintenance,True
paper-3004,2025,International Journal of Information and Communication Technology,All Open Access; Hybrid Gold Open Access,high,physical_asset_maintenance,True
paper-3005,2025,"Computers, Materials and Continua",All Open Access; Gold Open Access,high,physical_asset_maintenance,True
paper-3006,2025,Scientific Reports,All Open Access; Gold Open Access; Green Open Access,high,physical_asset_maintenance,True
paper-3008,2025,IEEE Access,All Open Access; Gold Open Access; Green Open Access,high,physical_asset_maintenance,False
paper-3010,2025,Johnson Matthey Technology Review ,All Open Access; Gold Open Access,high,physical_asset_maintenance,True
paper-3011,2025,Machines,All Open Access; Gold Open Access,high,physical_asset_maintenance,True
paper-3012,2025,Applied Sciences (Switzerland),All Open Access; Gold Open Access; Green Open Access,medium,physical_asset_maintenance,True
paper-3013,2025,"Computers, Materials and Continua",All Open Access; Gold Open Access,high,physical_asset_maintenance,True
paper-3014,2025,International Journal of Low-Carbon Technologies,All Open Access; Gold Open Access,high,physical_asset_maintenance,False
paper-3015,2025,International Journal of Prognostics and Health Management,All Open Access; Gold Open Access; Green Open Access,high,physical_asset_maintenance,True
paper-3017,2025,Algorithms,All Open Access; Gold Open Access; Green Open Access,high,physical_asset_maintenance,True
paper-3020,2025,Electronics (Switzerland),All Open Access; Gold Open Access,high,physical_asset_maintenance,True
paper-3021,2025,IEEE Internet of Things Journal,All Open Access; Hybrid Gold Open Access,high,physical_asset_maintenance,False
paper-3023,2025,Smart Materials and Structures,All Open Access; Hybrid Gold Open Access,high,physical_asset_maintenance,False
paper-3024,2025,Electronics (Switzerland),All Open Access; Gold Open Access,high,physical_asset_maintenance,True
paper-3025,2025,"Proceedings of the Institution of Mechanical Engineers, Part F: Journal of Rail and Rapid Transit",All Open Access; Green Open Access,high,physical_asset_maintenance,True
paper-3026,2025,International Journal of Basic and Applied Sciences,All Open Access; Gold Open Access; Green Open Access,high,physical_asset_maintenance,True
paper-3027,2025,Journal of Artificial Intelligence and Soft Computing Research,All Open Access; Gold Open Access,high,physical_asset_maintenance,True
paper-3028,2025,Mechanical Systems and Signal Processing,All Open Access; Green Open Access; Hybrid Gold Open Access,medium,uncertain_but_included,True
paper-3029,2025,Applied Sciences (Switzerland),All Open Access; Gold Open Access; Green Open Access,high,physical_asset_maintenance,True
paper-3031,2025,IET Electric Power Applications,All Open Access; Gold Open Access; Green Open Access,high,physical_asset_maintenance,True
paper-3032,2025,Applied Sciences (Switzerland),All Open Access; Gold Open Access; Green Open Access,high,physical_asset_maintenance,True
paper-3033,2025,Production Engineering,All Open Access; Hybrid Gold Open Access,high,physical_asset_maintenance,True
paper-3034,2025,Journal of VLSI Circuits and Systems,All Open Access; Gold Open Access,high,physical_asset_maintenance,True
paper-3035,2025,Machines,All Open Access; Gold Open Access; Green Open Access,high,physical_asset_maintenance,True
paper-3036,2025,Frontiers in Physics,All Open Access; Gold Open Access; Green Open Access,high,physical_asset_maintenance,True
paper-3037,2025,Electronics (Switzerland),All Open Access; Gold Open Access,high,physical_asset_maintenance,True
paper-3038,2025,Atmosphere,All Open Access; Gold Open Access; Green Open Access,high,physical_asset_maintenance,True
paper-3039,2025,Electronics (Switzerland),All Open Access; Gold Open Access,high,physical_asset_maintenance,True
paper-3040,2025,Applied Sciences (Switzerland),All Open Access; Gold Open Access; Green Open Access,high,physical_asset_maintenance,True
paper-3041,2025,Control Engineering Practice,All Open Access; Green Open Access; Hybrid Gold Open Access,high,physical_asset_maintenance,False
paper-3042,2025,Journal of Petroleum Exploration and Production Technology,All Open Access; Gold Open Access,high,physical_asset_maintenance,True
paper-3043,2025,Measurement: Journal of the International Measurement Confederation,All Open Access; Green Open Access,high,physical_asset_maintenance,True
paper-3044,2025,Machines,All Open Access; Gold Open Access,high,physical_asset_maintenance,True
paper-3046,2025,International Journal of Prognostics and Health Management,All Open Access; Gold Open Access,high,physical_asset_maintenance,True
paper-3049,2025,Mechanical Systems and Signal Processing,All Open Access; Hybrid Gold Open Access,high,physical_asset_maintenance,False
paper-3050,2025,Johnson Matthey Technology Review ,All Open Access; Gold Open Access,high,physical_asset_maintenance,True
paper-3051,2025,IEEE Access,All Open Access; Gold Open Access; Green Open Access,high,physical_asset_maintenance,False
paper-3052,2025,ACS Omega,All Open Access; Gold Open Access; Green Open Access,high,physical_asset_maintenance,False
paper-3053,2025,International Journal of Computer Networks and Communications,All Open Access; Gold Open Access,high,physical_asset_maintenance,True
paper-3055,2025,WSEAS Transactions on Business and Economics,All Open Access; Gold Open Access,high,physical_asset_maintenance,False
paper-3056,2025,Applied Sciences (Switzerland),All Open Access; Gold Open Access; Green Open Access,high,physical_asset_maintenance,True
paper-3058,2025,Frontiers in Plant Science,All Open Access; Gold Open Access; Green Open Access,high,physical_asset_maintenance,True
paper-3059,2025,Big Data Mining and Analytics,All Open Access; Gold Open Access; Green Open Access,high,physical_asset_maintenance,False
paper-3060,2025,Journal of Energy Storage,All Open Access; Hybrid Gold Open Access,high,physical_asset_maintenance,False
paper-3061,2025,CIRP Annals,All Open Access; Hybrid Gold Open Access,high,physical_asset_maintenance,False
paper-3062,2025,"International Journal on Advanced Science, Engineering and Information Technology",All Open Access; Hybrid Gold Open Access,high,physical_asset_maintenance,False
paper-3064,2025,"Engineering, Technology and Applied Science Research",All Open Access; Gold Open Access,high,physical_asset_maintenance,True
paper-3066,2025,Multidisciplinary Science Journal,All Open Access; Gold Open Access,high,physical_asset_maintenance,True
paper-3067,2025,Journal of Intelligent Systems,All Open Access; Gold Open Access; Green Open Access,high,physical_asset_maintenance,False
paper-3068,2025,IEEE Transactions on Industrial Informatics,All Open Access; Hybrid Gold Open Access,high,physical_asset_maintenance,False
paper-3069,2025,Quality and Reliability Engineering International,All Open Access; Bronze Open Access,high,physical_asset_maintenance,True
paper-3071,2025,Sensors,All Open Access; Gold Open Access; Green Open Access,high,physical_asset_maintenance,True
paper-3072,2025,IEEE Transactions on Transportation Electrification,All Open Access; Green Open Access; Hybrid Gold Open Access,high,physical_asset_maintenance,True
paper-3073,2025,International Journal of Acoustics and Vibrations,All Open Access; Bronze Open Access,high,physical_asset_maintenance,True
paper-3074,2025,CSEE Journal of Power and Energy Systems,All Open Access; Gold Open Access; Green Open Access,high,physical_asset_maintenance,False
paper-3075,2025,Applied Sciences (Switzerland),All Open Access; Gold Open Access,high,physical_asset_maintenance,True
paper-3076,2025,International Journal of Computing and Digital Systems,All Open Access; Gold Open Access,high,physical_asset_maintenance,False
paper-3077,2025,Results in Engineering,All Open Access; Gold Open Access; Green Open Access,high,physical_asset_maintenance,False
paper-3078,2025,Archives for Technical Sciences,All Open Access; Gold Open Access,high,physical_asset_maintenance,True
paper-3079,2025,Frontiers in Mechanical Engineering,All Open Access; Gold Open Access; Green Open Access,high,physical_asset_maintenance,True
paper-3081,2025,Eksploatacja i Niezawodnosc,All Open Access; Gold Open Access,high,physical_asset_maintenance,True
paper-3083,2025,Mathematics,All Open Access; Gold Open Access; Green Open Access,high,physical_asset_maintenance,True
paper-3084,2025,CSEE Journal of Power and Energy Systems,All Open Access; Gold Open Access; Green Open Access,high,physical_asset_maintenance,False
paper-3085,2025,ISA Transactions,All Open Access; Hybrid Gold Open Access,high,physical_asset_maintenance,False
paper-3086,2025,Applied Ocean Research,All Open Access; Gold Open Access,high,physical_asset_maintenance,False
paper-3088,2025,Energy,All Open Access; Hybrid Gold Open Access,high,physical_asset_maintenance,False
paper-3089,2025,Engineering Proceedings,All Open Access; Gold Open Access; Green Open Access,high,physical_asset_maintenance,True
paper-3090,2025,IEEE Access,All Open Access; Gold Open Access; Green Open Access,high,physical_asset_maintenance,False
paper-3092,2025,Sensors,All Open Access; Gold Open Access; Green Open Access,high,physical_asset_maintenance,True
paper-3093,2025,IET Power Electronics,All Open Access; Gold Open Access; Green Open Access,high,physical_asset_maintenance,True
paper-3094,2025,Frontiers of Mechanical Engineering,All Open Access; Hybrid Gold Open Access,high,physical_asset_maintenance,True
paper-3095,2025,Applied Sciences (Switzerland),All Open Access; Gold Open Access; Green Open Access,high,physical_asset_maintenance,True
paper-3096,2025,Engineering,All Open Access; Gold Open Access,high,physical_asset_maintenance,False
paper-3097,2025,Journal of Manufacturing Technology Management,All Open Access; Green Open Access,high,physical_asset_maintenance,True
paper-3098,2025,Journal of Electrical and Computer Engineering,All Open Access; Gold Open Access; Green Open Access,high,physical_asset_maintenance,False
paper-3099,2025,Internet of Things (The Netherlands),All Open Access; Green Open Access,high,physical_asset_maintenance,False
paper-3100,2025,IEEE Transactions on Automation Science and Engineering,All Open Access; Green Open Access,high,physical_asset_maintenance,False
paper-3103,2025,IEEE Access,All Open Access; Gold Open Access; Green Open Access,high,physical_asset_maintenance,False
paper-3104,2025,IEEE Access,All Open Access; Gold Open Access; Green Open Access,high,physical_asset_maintenance,False
paper-3106,2025,International Journal of Low-Carbon Technologies,All Open Access; Gold Open Access,high,physical_asset_maintenance,False
paper-3107,2025,Energies,All Open Access; Gold Open Access,high,physical_asset_maintenance,True
paper-3109,2025,Sustainable Operations and Computers,All Open Access; Gold Open Access; Green Open Access,high,physical_asset_maintenance,False
paper-3110,2025,Journal of Artificial Intelligence and Technology,All Open Access; Gold Open Access,high,physical_asset_maintenance,True
paper-3112,2025,IEEE Open Journal of the Computer Society,All Open Access; Gold Open Access; Green Open Access,high,physical_asset_maintenance,False
paper-3113,2025,Lubricants,All Open Access; Gold Open Access,high,physical_asset_maintenance,True
paper-3114,2025,Measurement Science and Technology,All Open Access; Hybrid Gold Open Access,high,physical_asset_maintenance,False
paper-3117,2025,Engineering Applications of Artificial Intelligence,All Open Access; Green Open Access,high,physical_asset_maintenance,False
paper-3118,2025,IEEE Access,All Open Access; Gold Open Access; Green Open Access,high,physical_asset_maintenance,True
paper-3120,2025,Energies,All Open Access; Gold Open Access; Green Open Access,high,physical_asset_maintenance,True
paper-3122,2025,"Engineering, Technology and Applied Science Research",All Open Access; Gold Open Access,high,physical_asset_maintenance,True
paper-3125,2025,Journal of Energy Storage,All Open Access; Green Open Access; Hybrid Gold Open Access,high,physical_asset_maintenance,True
paper-3126,2025,AIP Advances,All Open Access; Gold Open Access; Green Open Access,high,physical_asset_maintenance,False
paper-3127,2025,Nuclear and Radiation Safety,All Open Access; Gold Open Access,medium,physical_asset_maintenance,False
paper-3129,2025,Sensors,All Open Access; Gold Open Access; Green Open Access,high,physical_asset_maintenance,True
paper-3130,2025,Measurement: Journal of the International Measurement Confederation,All Open Access; Hybrid Gold Open Access,high,physical_asset_maintenance,False
paper-3134,2025,Reliability Engineering and System Safety,All Open Access; Hybrid Gold Open Access,high,physical_asset_maintenance,False
paper-3135,2025,Heliyon,All Open Access; Gold Open Access; Green Open Access,high,physical_asset_maintenance,False
paper-3136,2025,International Journal of Circuit Theory and Applications,All Open Access; Bronze Open Access,high,physical_asset_maintenance,True
paper-3137,2025,"Journal of Advanced Mechanical Design, Systems and Manufacturing",All Open Access; Gold Open Access; Green Open Access,high,physical_asset_maintenance,True
paper-3138,2025,Sensors,All Open Access; Gold Open Access; Green Open Access,high,physical_asset_maintenance,True
paper-3140,2025,Alexandria Engineering Journal,All Open Access; Gold Open Access,high,physical_asset_maintenance,False
paper-3141,2025,Journal of Machine and Computing,All Open Access; Hybrid Gold Open Access,high,physical_asset_maintenance,True
paper-3142,2025,IEEE Access,All Open Access; Gold Open Access,high,physical_asset_maintenance,False
paper-3143,2025,Sensors,All Open Access; Gold Open Access; Green Open Access,high,physical_asset_maintenance,True
paper-3144,2025,IEEE Transactions on Reliability,All Open Access; Hybrid Gold Open Access,high,physical_asset_maintenance,False
paper-3145,2025,Applied Sciences (Switzerland),All Open Access; Gold Open Access; Green Open Access,high,physical_asset_maintenance,True
paper-3147,2025,International Journal of Information and Communication Technology,All Open Access; Hybrid Gold Open Access,high,physical_asset_maintenance,True
paper-3148,2025,"e-Prime - Advances in Electrical Engineering, Electronics and Energy",All Open Access; Gold Open Access; Green Open Access,high,physical_asset_maintenance,False
paper-3149,2025,IEEE Access,All Open Access; Gold Open Access; Green Open Access,high,physical_asset_maintenance,False
paper-3150,2025,Sensors,All Open Access; Gold Open Access; Green Open Access,high,physical_asset_maintenance,True
paper-3151,2025,Energies,All Open Access; Gold Open Access; Green Open Access,high,physical_asset_maintenance,True
paper-3152,2025,Applied Sciences (Switzerland),All Open Access; Gold Open Access; Green Open Access,high,physical_asset_maintenance,True
paper-3153,2025,Sensors,All Open Access; Gold Open Access; Green Open Access,high,physical_asset_maintenance,True
paper-3154,2025,International Journal of Intelligent Engineering and Systems,All Open Access; Bronze Open Access,high,physical_asset_maintenance,True
paper-3155,2025,IEEE Access,All Open Access; Gold Open Access,high,physical_asset_maintenance,False
paper-3156,2025,Applied Sciences (Switzerland),All Open Access; Gold Open Access; Green Open Access,high,physical_asset_maintenance,True
paper-3157,2025,Production Engineering,All Open Access; Hybrid Gold Open Access,high,physical_asset_maintenance,True
paper-3158,2025,IEEE Transactions on Transportation Electrification,All Open Access; Green Open Access,high,physical_asset_maintenance,False
paper-3159,2025,World Electric Vehicle Journal,All Open Access; Gold Open Access,high,physical_asset_maintenance,True
paper-3162,2025,Reliability Engineering and System Safety,All Open Access; Green Open Access,high,physical_asset_maintenance,False
paper-3165,2025,IEEE Access,All Open Access; Gold Open Access; Green Open Access,high,physical_asset_maintenance,False
paper-3166,2025,Sensors,All Open Access; Gold Open Access; Green Open Access,high,physical_asset_maintenance,True
paper-3167,2025,IEEE Access,All Open Access; Gold Open Access; Green Open Access,high,physical_asset_maintenance,False
paper-3170,2025,Applied Sciences (Switzerland),All Open Access; Gold Open Access; Green Open Access,high,physical_asset_maintenance,True
paper-3171,2025,Journal of Organizational and End User Computing,All Open Access; Gold Open Access,high,physical_asset_maintenance,False
paper-3172,2025,European Journal of Operational Research,All Open Access; Green Open Access; Hybrid Gold Open Access,high,physical_asset_maintenance,True
paper-3173,2025,Journal of Energy Chemistry,All Open Access; Hybrid Gold Open Access,high,physical_asset_maintenance,False
paper-3174,2025,Sensors,All Open Access; Gold Open Access; Green Open Access,high,physical_asset_maintenance,True
paper-3175,2025,Eksploatacja i Niezawodnosc,All Open Access; Gold Open Access,high,physical_asset_maintenance,True
paper-3176,2025,Machines,All Open Access; Gold Open Access,high,physical_asset_maintenance,True
paper-3178,2025,IEEE Access,All Open Access; Gold Open Access; Green Open Access,high,physical_asset_maintenance,False
paper-3179,2025,IEEE Access,All Open Access; Gold Open Access; Green Open Access,high,physical_asset_maintenance,False
paper-3180,2025,Journal of Ocean Engineering and Science,All Open Access; Gold Open Access,high,physical_asset_maintenance,False
paper-3181,2025,Renewable Energy,All Open Access; Hybrid Gold Open Access,high,physical_asset_maintenance,False
paper-3182,2025,Sensors,All Open Access; Gold Open Access; Green Open Access,high,physical_asset_maintenance,True
paper-3183,2025,IEEE Access,All Open Access; Gold Open Access; Green Open Access,high,physical_asset_maintenance,False
paper-3184,2025,Sensors,All Open Access; Gold Open Access; Green Open Access,high,physical_asset_maintenance,True
paper-3186,2025,Discover Applied Sciences,All Open Access; Gold Open Access; Green Open Access,high,physical_asset_maintenance,True
paper-3187,2025,Mechanics and Industry,All Open Access; Gold Open Access; Green Open Access,high,physical_asset_maintenance,True
paper-3188,2025,Sensors and Materials,All Open Access; Gold Open Access,high,physical_asset_maintenance,True
paper-3191,2025,Aeronautical Journal,All Open Access; Bronze Open Access,high,physical_asset_maintenance,False
paper-3192,2025,Sensors,All Open Access; Gold Open Access; Green Open Access,high,physical_asset_maintenance,True
paper-3193,2025,IEEE Access,All Open Access; Gold Open Access; Green Open Access,high,physical_asset_maintenance,False
paper-3194,2025,Results in Engineering,All Open Access; Gold Open Access; Green Open Access,high,physical_asset_maintenance,False
paper-3195,2025,Technologies,All Open Access; Gold Open Access; Green Open Access,high,physical_asset_maintenance,True
paper-3196,2025,Nuclear Engineering and Design,All Open Access; Green Open Access; Hybrid Gold Open Access,high,physical_asset_maintenance,False
paper-3197,2025,Diagnostyka,All Open Access; Gold Open Access,high,physical_asset_maintenance,True
paper-3198,2025,Heliyon,All Open Access; Gold Open Access; Green Open Access,high,physical_asset_maintenance,False
paper-3201,2025,IEEE Access,All Open Access; Gold Open Access,high,physical_asset_maintenance,False
paper-3202,2025,Machines,All Open Access; Gold Open Access; Green Open Access,high,physical_asset_maintenance,True
paper-3203,2025,Journal of Sensor and Actuator Networks,All Open Access; Gold Open Access; Green Open Access,high,physical_asset_maintenance,True
paper-3204,2025,Heliyon,All Open Access; Gold Open Access; Green Open Access,high,physical_asset_maintenance,False
paper-3206,2025,Sensors,All Open Access; Gold Open Access; Green Open Access,high,physical_asset_maintenance,True
paper-3207,2025,IEEE Access,All Open Access; Gold Open Access; Green Open Access,high,physical_asset_maintenance,False
paper-3208,2025,SDHM Structural Durability and Health Monitoring,All Open Access; Gold Open Access,high,physical_asset_maintenance,True
paper-3209,2025,International Journal of Simulation Modelling,All Open Access; Gold Open Access,high,physical_asset_maintenance,True
paper-3211,2025,IAES International Journal of Artificial Intelligence,All Open Access; Gold Open Access,high,physical_asset_maintenance,True
paper-3212,2025,Sensors,All Open Access; Gold Open Access; Green Open Access,high,physical_asset_maintenance,True
paper-3213,2025,Entropy,All Open Access; Gold Open Access; Green Open Access,high,physical_asset_maintenance,True
paper-3214,2025,Electronics (Switzerland),All Open Access; Gold Open Access,high,physical_asset_maintenance,True
paper-3215,2025,Mathematics,All Open Access; Gold Open Access; Green Open Access,medium,physical_asset_maintenance,True
paper-3216,2025,Mathematics,All Open Access; Gold Open Access,high,physical_asset_maintenance,True
paper-3217,2025,Applied Sciences (Switzerland),All Open Access; Gold Open Access; Green Open Access,high,physical_asset_maintenance,True
paper-3219,2025,Journal of Machine Engineering,All Open Access; Gold Open Access; Green Open Access,high,physical_asset_maintenance,True
paper-3220,2025,IEEE Open Journal of the Communications Society,All Open Access; Gold Open Access; Green Open Access,medium,physical_asset_maintenance,False
paper-3221,2025,Electronics (Switzerland),All Open Access; Gold Open Access; Green Open Access,high,physical_asset_maintenance,True
paper-3222,2025,Processes,All Open Access; Gold Open Access,high,physical_asset_maintenance,True
paper-3223,2025,Journal of Low Frequency Noise Vibration and Active Control,All Open Access; Gold Open Access; Green Open Access,high,physical_asset_maintenance,True
paper-3224,2025,Energies,All Open Access; Gold Open Access; Green Open Access,high,physical_asset_maintenance,True
paper-3225,2025,Journal of Intelligent Systems,All Open Access; Gold Open Access; Green Open Access,high,physical_asset_maintenance,False
paper-3227,2025,Quality and Reliability Engineering International,All Open Access; Bronze Open Access,high,physical_asset_maintenance,True
paper-3229,2025,Journal of the Brazilian Society of Mechanical Sciences and Engineering,All Open Access; Hybrid Gold Open Access,high,physical_asset_maintenance,True
paper-3230,2025,IEEE Access,All Open Access; Gold Open Access; Green Open Access,high,physical_asset_maintenance,False
paper-3232,2025,Machines,All Open Access; Gold Open Access,high,physical_asset_maintenance,True
paper-3233,2025,Sensors and Materials,All Open Access; Gold Open Access,medium,physical_asset_maintenance,True
paper-3234,2025,Engineering Applications of Artificial Intelligence,All Open Access; Green Open Access; Hybrid Gold Open Access,high,physical_asset_maintenance,False
paper-3235,2025,Tehnicki Vjesnik,All Open Access; Gold Open Access; Green Open Access,high,physical_asset_maintenance,True
paper-3238,2025,Management and Production Engineering Review,All Open Access; Gold Open Access,high,physical_asset_maintenance,True
paper-3239,2025,Journal Europeen des Systemes Automatises,All Open Access; Hybrid Gold Open Access,high,physical_asset_maintenance,True
paper-3241,2025,Computers and Electrical Engineering,All Open Access; Hybrid Gold Open Access,high,physical_asset_maintenance,False
paper-3244,2025,Technologies,All Open Access; Gold Open Access; Green Open Access,high,physical_asset_maintenance,True
paper-3245,2025,"Salud, Ciencia y Tecnologia",All Open Access; Gold Open Access,high,physical_asset_maintenance,True
paper-3246,2025,Applied Sciences (Switzerland),All Open Access; Gold Open Access; Green Open Access,high,physical_asset_maintenance,True
paper-3247,2025,"Computers, Materials and Continua",All Open Access; Gold Open Access,high,physical_asset_maintenance,True
paper-3248,2025,Naval Research Logistics,All Open Access; Bronze Open Access,high,physical_asset_maintenance,False
paper-3251,2025,"Computers, Materials and Continua",All Open Access; Gold Open Access,high,physical_asset_maintenance,True
paper-3253,2025,Electronics (Switzerland),All Open Access; Gold Open Access,high,physical_asset_maintenance,True
paper-3254,2025,Information (Switzerland),All Open Access; Gold Open Access; Green Open Access,high,physical_asset_maintenance,True
paper-3255,2025,IEEE Access,All Open Access; Gold Open Access; Green Open Access,high,physical_asset_maintenance,False
paper-3257,2025,Mechanical Systems and Signal Processing,All Open Access; Hybrid Gold Open Access,high,physical_asset_maintenance,False
paper-3258,2025,International Journal of Prognostics and Health Management,All Open Access; Gold Open Access; Green Open Access,high,physical_asset_maintenance,True
paper-3259,2025,INMATEH - Agricultural Engineering,All Open Access; Gold Open Access,high,physical_asset_maintenance,True
paper-3260,2025,IEEE Access,All Open Access; Gold Open Access; Green Open Access,high,physical_asset_maintenance,False
paper-3261,2025,FME Transactions,All Open Access; Gold Open Access; Green Open Access,high,physical_asset_maintenance,True
paper-3262,2025,IEEE Transactions on Instrumentation and Measurement,All Open Access; Green Open Access; Hybrid Gold Open Access,high,physical_asset_maintenance,False
paper-3263,2025,Problems of the Regional Energetics,All Open Access; Gold Open Access; Green Open Access,high,physical_asset_maintenance,True
paper-3264,2025,Sensors,All Open Access; Gold Open Access; Green Open Access,high,physical_asset_maintenance,True
paper-3266,2025,International Journal of Computational and Experimental Science and Engineering,All Open Access; Gold Open Access,high,physical_asset_maintenance,True
paper-3267,2025,International Journal of Low-Carbon Technologies,All Open Access; Gold Open Access,high,physical_asset_maintenance,False
paper-3269,2025,CMES - Computer Modeling in Engineering and Sciences,All Open Access; Gold Open Access; Green Open Access,high,physical_asset_maintenance,True
paper-3270,2025,Sensors,All Open Access; Gold Open Access; Green Open Access,high,physical_asset_maintenance,True
paper-3271,2025,Sensors,All Open Access; Gold Open Access; Green Open Access,high,physical_asset_maintenance,True
paper-3272,2025,Machines,All Open Access; Gold Open Access; Green Open Access,high,physical_asset_maintenance,True
paper-3273,2025,International Journal of Intelligent Engineering and Systems,All Open Access; Bronze Open Access,high,physical_asset_maintenance,True
paper-3274,2025,Aeronautical Journal,All Open Access; Hybrid Gold Open Access,high,physical_asset_maintenance,True
paper-3276,2025,Advances in Science and Technology Research Journal,All Open Access; Gold Open Access,high,physical_asset_maintenance,True
paper-3278,2025,IEEE Access,All Open Access; Gold Open Access; Green Open Access,high,physical_asset_maintenance,False
paper-3280,2025,Eksploatacja i Niezawodnosc,All Open Access; Gold Open Access,high,physical_asset_maintenance,True
paper-3282,2025,Journal of Vibration Engineering and Technologies,All Open Access; Bronze Open Access,high,physical_asset_maintenance,True
paper-3285,2025,PeerJ Computer Science,All Open Access; Gold Open Access,high,physical_asset_maintenance,False
paper-3286,2025,IEEE Access,All Open Access; Gold Open Access; Green Open Access,high,physical_asset_maintenance,False
paper-3287,2025,IEEE Access,All Open Access; Gold Open Access; Green Open Access,high,physical_asset_maintenance,False
paper-3289,2025,Enterprise Information Systems,All Open Access; Green Open Access; Hybrid Gold Open Access,high,physical_asset_maintenance,True
paper-3290,2025,Journal Europeen des Systemes Automatises,All Open Access; Hybrid Gold Open Access,high,physical_asset_maintenance,True
paper-3291,2025,Processes,All Open Access; Gold Open Access,high,physical_asset_maintenance,True
paper-3292,2025,Sustainability (Switzerland),All Open Access; Gold Open Access,high,physical_asset_maintenance,True
paper-3295,2025,Applied Sciences (Switzerland),All Open Access; Gold Open Access,high,physical_asset_maintenance,True
paper-3296,2025,Journal of Engineering and Technology for Industrial Applications,All Open Access; Gold Open Access; Green Open Access,high,physical_asset_maintenance,True
paper-3297,2025,International Journal of Rail Transportation,All Open Access; Green Open Access,high,physical_asset_maintenance,False
paper-3298,2025,IEEE Access,All Open Access; Gold Open Access; Green Open Access,high,physical_asset_maintenance,False
paper-3299,2025,Structural Health Monitoring,All Open Access; Hybrid Gold Open Access,high,physical_asset_maintenance,True
paper-3300,2025,IEEE Access,All Open Access; Gold Open Access; Green Open Access,high,physical_asset_maintenance,False
paper-3301,2025,Applied Sciences (Switzerland),All Open Access; Gold Open Access; Green Open Access,high,physical_asset_maintenance,True
paper-3302,2025,"Proceedings of the Institution of Mechanical Engineers, Part O: Journal of Risk and Reliability",All Open Access; Green Open Access; Hybrid Gold Open Access,medium,physical_asset_maintenance,False
paper-3303,2025,IEEE Access,All Open Access; Gold Open Access; Green Open Access,high,physical_asset_maintenance,False
paper-3304,2025,Sensors,All Open Access; Gold Open Access; Green Open Access,high,physical_asset_maintenance,True
paper-3305,2025,Structural Control and Health Monitoring,All Open Access; Gold Open Access; Green Open Access,high,physical_asset_maintenance,True
paper-3306,2025,Information (Switzerland),All Open Access; Gold Open Access; Green Open Access,high,physical_asset_maintenance,True
paper-3309,2025,Frontiers in Mechanical Engineering,All Open Access; Gold Open Access,high,physical_asset_maintenance,True
paper-3310,2025,Structural Health Monitoring,All Open Access; Hybrid Gold Open Access,high,physical_asset_maintenance,True
paper-3311,2025,Eksploatacja i Niezawodnosc,All Open Access; Gold Open Access,high,physical_asset_maintenance,True
paper-3312,2025,Eksploatacja i Niezawodnosc,All Open Access; Gold Open Access,high,physical_asset_maintenance,True
paper-3313,2025,Sensors,All Open Access; Gold Open Access; Green Open Access,high,physical_asset_maintenance,True
paper-3314,2025,AIP Advances,All Open Access; Gold Open Access; Green Open Access,high,physical_asset_maintenance,False
paper-3316,2025,Energy Engineering: Journal of the Association of Energy Engineering,All Open Access; Gold Open Access,high,physical_asset_maintenance,True
paper-3317,2025,IEEE Access,All Open Access; Gold Open Access; Green Open Access,high,physical_asset_maintenance,False
paper-3318,2025,Heliyon,All Open Access; Gold Open Access; Green Open Access,high,physical_asset_maintenance,False
paper-3319,2025,World Electric Vehicle Journal,All Open Access; Gold Open Access; Green Open Access,medium,physical_asset_maintenance,True
paper-3320,2025,Journal of Energy Storage,All Open Access; Hybrid Gold Open Access,high,physical_asset_maintenance,False
paper-3321,2025,Structural Health Monitoring,All Open Access; Bronze Open Access,high,physical_asset_maintenance,True
paper-3322,2025,IEEE Access,All Open Access; Gold Open Access; Green Open Access,high,physical_asset_maintenance,False
paper-3323,2025,Evergreen,All Open Access; Gold Open Access; Green Open Access,high,physical_asset_maintenance,True
paper-3324,2025,Optics and Lasers in Engineering,All Open Access; Hybrid Gold Open Access,high,physical_asset_maintenance,False
paper-3326,2025,International Journal of Intelligent Engineering and Systems,All Open Access; Bronze Open Access,high,physical_asset_maintenance,True
paper-3327,2025,Frontiers in Artificial Intelligence,All Open Access; Gold Open Access; Green Open Access,medium,physical_asset_maintenance,True
paper-3328,2025,Applied Sciences (Switzerland),All Open Access; Gold Open Access; Green Open Access,high,physical_asset_maintenance,True
paper-3329,2025,IEEE Access,All Open Access; Gold Open Access; Green Open Access,high,physical_asset_maintenance,False
paper-3330,2025,Energy and AI,All Open Access; Gold Open Access; Green Open Access,high,physical_asset_maintenance,False
paper-3331,2025,Data Science,All Open Access; Gold Open Access; Green Open Access,high,physical_asset_maintenance,False
paper-3332,2025,IEEE Access,All Open Access; Gold Open Access; Green Open Access,high,physical_asset_maintenance,False
paper-3333,2025,IEEE Access,All Open Access; Gold Open Access; Green Open Access,high,physical_asset_maintenance,False
paper-3334,2025,Structural Health Monitoring,All Open Access; Hybrid Gold Open Access,high,physical_asset_maintenance,True
paper-3335,2025,ASM Science Journal,All Open Access; Gold Open Access,high,physical_asset_maintenance,True
paper-3336,2025,Energies,All Open Access; Gold Open Access; Green Open Access,high,physical_asset_maintenance,True
paper-3337,2025,Engineering Proceedings,All Open Access; Gold Open Access; Green Open Access,high,physical_asset_maintenance,True
paper-3339,2025,International Journal of Advanced Computer Science and Applications,All Open Access; Gold Open Access,high,physical_asset_maintenance,True
paper-3340,2025,Applied Computer Science,All Open Access; Gold Open Access; Green Open Access,high,physical_asset_maintenance,True
paper-3341,2025,Measurement: Journal of the International Measurement Confederation,All Open Access; Hybrid Gold Open Access,high,physical_asset_maintenance,False
paper-3345,2025,Computers and Industrial Engineering,All Open Access; Green Open Access; Hybrid Gold Open Access,high,physical_asset_maintenance,False
paper-3346,2025,International Journal of Mechatronics and Applied Mechanics,All Open Access; Bronze Open Access,high,physical_asset_maintenance,True
paper-3347,2025,IEEE Access,All Open Access; Gold Open Access; Green Open Access,high,physical_asset_maintenance,False
paper-3349,2025,Infrastructures,All Open Access; Gold Open Access; Green Open Access,high,physical_asset_maintenance,True
paper-3350,2025,Engineering Proceedings,All Open Access; Gold Open Access; Green Open Access,high,physical_asset_maintenance,True
paper-3352,2025,Actuators,All Open Access; Gold Open Access,high,physical_asset_maintenance,True
paper-3354,2025,Applied Sciences (Switzerland),All Open Access; Gold Open Access; Green Open Access,high,physical_asset_maintenance,True
paper-3355,2025,IEEE Access,All Open Access; Gold Open Access; Green Open Access,high,physical_asset_maintenance,False
paper-3356,2025,Journal Europeen des Systemes Automatises,All Open Access; Hybrid Gold Open Access,high,physical_asset_maintenance,True
paper-3357,2025,IEEE Sensors Journal,All Open Access; Green Open Access,high,physical_asset_maintenance,True
paper-3359,2025,Eksploatacja i Niezawodnosc,All Open Access; Gold Open Access,high,physical_asset_maintenance,True
paper-3360,2025,Engineering Proceedings,All Open Access; Gold Open Access; Green Open Access,high,physical_asset_maintenance,True
paper-3361,2025,IEEE Access,All Open Access; Gold Open Access; Green Open Access,medium,physical_asset_maintenance,False
paper-3362,2025,Tribology and Materials,All Open Access; Gold Open Access,high,physical_asset_maintenance,True
paper-3363,2025,Infocommunications Journal,All Open Access; Bronze Open Access,high,physical_asset_maintenance,True
paper-3364,2025,International Journal of Simulation Modelling,All Open Access; Gold Open Access,high,physical_asset_maintenance,True
paper-3365,2025,Sensors,All Open Access; Gold Open Access; Green Open Access,high,physical_asset_maintenance,True
paper-3368,2025,PeerJ Computer Science,All Open Access; Gold Open Access; Green Open Access,high,physical_asset_maintenance,False
paper-3369,2025,Engineering Proceedings,All Open Access; Gold Open Access; Green Open Access,high,physical_asset_maintenance,True
paper-3371,2025,International Journal of Low-Carbon Technologies,All Open Access; Gold Open Access,high,physical_asset_maintenance,False
paper-3374,2025,Results in Engineering,All Open Access; Gold Open Access; Green Open Access,high,physical_asset_maintenance,False
paper-3376,2025,Flexible Services and Manufacturing Journal,All Open Access; Green Open Access; Hybrid Gold Open Access,high,physical_asset_maintenance,True
paper-3378,2025,IEEE Access,All Open Access; Gold Open Access; Green Open Access,high,physical_asset_maintenance,False
paper-3379,2025,Electronics (Switzerland),All Open Access; Gold Open Access,high,physical_asset_maintenance,True
paper-3380,2025,Measurement Science and Technology,All Open Access; Hybrid Gold Open Access,high,physical_asset_maintenance,False
paper-3381,2025,Processes,All Open Access; Gold Open Access,high,physical_asset_maintenance,True
paper-3382,2025,Nuclear Science and Engineering,All Open Access; Hybrid Gold Open Access,high,physical_asset_maintenance,True
paper-3383,2025,Engineering Applications of Computational Fluid Mechanics ,All Open Access; Gold Open Access; Green Open Access,high,physical_asset_maintenance,True
paper-3385,2025,Applied Sciences (Switzerland),All Open Access; Gold Open Access; Green Open Access,high,physical_asset_maintenance,True
paper-3386,2025,Mathematics,All Open Access; Gold Open Access; Green Open Access,high,physical_asset_maintenance,True
paper-3388,2025,Frontiers in Mechanical Engineering,All Open Access; Gold Open Access; Green Open Access,high,physical_asset_maintenance,True
paper-3389,2025,Journal of Current Science and Technology,All Open Access; Gold Open Access,high,physical_asset_maintenance,True
paper-3392,2025,South African Journal of Industrial Engineering,All Open Access; Gold Open Access,high,physical_asset_maintenance,True
paper-3393,2025,IEEE Access,All Open Access; Gold Open Access; Green Open Access,high,physical_asset_maintenance,False
paper-3395,2025,Management and Production Engineering Review,All Open Access; Gold Open Access,high,physical_asset_maintenance,True
paper-3396,2025,IEEE Access,All Open Access; Gold Open Access; Green Open Access,high,physical_asset_maintenance,False
paper-3398,2025,IEEE Access,All Open Access; Gold Open Access; Green Open Access,high,physical_asset_maintenance,False
paper-3399,2025,Processes,All Open Access; Gold Open Access,medium,physical_asset_maintenance,True
paper-3401,2025,Applied Sciences (Switzerland),All Open Access; Gold Open Access; Green Open Access,high,physical_asset_maintenance,True
paper-3402,2025,Applied Energy,All Open Access; Hybrid Gold Open Access,high,physical_asset_maintenance,False
paper-3403,2025,IEEE Access,All Open Access; Gold Open Access; Green Open Access,medium,physical_asset_maintenance,False
paper-3404,2025,IEEE Access,All Open Access; Gold Open Access; Green Open Access,high,physical_asset_maintenance,False
paper-3405,2025,Energy Storage,All Open Access; Bronze Open Access,high,physical_asset_maintenance,True
paper-3406,2025,World Electric Vehicle Journal,All Open Access; Gold Open Access,high,physical_asset_maintenance,True
paper-3410,2025,Buildings,All Open Access; Gold Open Access,high,physical_asset_maintenance,True
paper-3412,2025,International Journal of Prognostics and Health Management,All Open Access; Gold Open Access,high,physical_asset_maintenance,True
paper-3413,2025,Applied Sciences (Switzerland),All Open Access; Gold Open Access; Green Open Access,high,physical_asset_maintenance,True
paper-3414,2025,Energies,All Open Access; Gold Open Access; Green Open Access,high,physical_asset_maintenance,True
paper-3415,2025,IEEE Access,All Open Access; Gold Open Access; Green Open Access,high,physical_asset_maintenance,False
paper-3416,2025,Sustainability (Switzerland),All Open Access; Gold Open Access,medium,physical_asset_maintenance,True
paper-3417,2025,Structural Integrity and Life,All Open Access; Gold Open Access,high,physical_asset_maintenance,True
paper-3418,2025,"e-Prime - Advances in Electrical Engineering, Electronics and Energy",All Open Access; Gold Open Access; Green Open Access,high,physical_asset_maintenance,False
paper-3420,2025,Sensors,All Open Access; Gold Open Access; Green Open Access,high,physical_asset_maintenance,True
paper-3422,2025,Symmetry,All Open Access; Gold Open Access,high,physical_asset_maintenance,True
paper-3423,2025,Applied Sciences (Switzerland),All Open Access; Gold Open Access,high,physical_asset_maintenance,True
paper-3424,2025,Sensors,All Open Access; Gold Open Access; Green Open Access,high,physical_asset_maintenance,True
paper-3425,2025,Engineering,All Open Access; Gold Open Access,high,physical_asset_maintenance,False
paper-3426,2025,Journal of Machine and Computing,All Open Access; Hybrid Gold Open Access,high,physical_asset_maintenance,True
paper-3427,2025,Applied Sciences (Switzerland),All Open Access; Gold Open Access; Green Open Access,medium,physical_asset_maintenance,True
paper-3428,2025,CMES - Computer Modeling in Engineering and Sciences,All Open Access; Gold Open Access,high,physical_asset_maintenance,True
paper-3431,2025,IEEE Access,All Open Access; Gold Open Access; Green Open Access,high,physical_asset_maintenance,False
paper-3432,2025,IEEE Access,All Open Access; Gold Open Access; Green Open Access,high,physical_asset_maintenance,False
paper-3433,2025,International Journal of Low-Carbon Technologies,All Open Access; Gold Open Access,high,physical_asset_maintenance,False
paper-3436,2025,Production Engineering Archives,All Open Access; Gold Open Access; Green Open Access,high,physical_asset_maintenance,True
paper-3437,2025,Eksploatacja i Niezawodnosc,All Open Access; Gold Open Access,high,physical_asset_maintenance,True
paper-3441,2025,Journal of Manufacturing and Materials Processing,All Open Access; Gold Open Access; Green Open Access,high,physical_asset_maintenance,True
paper-3442,2025,Mathematics,All Open Access; Gold Open Access,high,physical_asset_maintenance,True
paper-3443,2025,Applied Energy,All Open Access; Green Open Access; Hybrid Gold Open Access,high,physical_asset_maintenance,True
paper-3444,2025,ISA Transactions,All Open Access; Green Open Access; Hybrid Gold Open Access,high,physical_asset_maintenance,True
paper-3445,2025,Journal of Machine Engineering,All Open Access; Gold Open Access; Green Open Access,high,physical_asset_maintenance,True
paper-3446,2025,Microelectronics Reliability,All Open Access; Hybrid Gold Open Access,high,physical_asset_maintenance,False
paper-3447,2025,Wind Energy Science,All Open Access; Gold Open Access; Green Open Access,medium,physical_asset_maintenance,True
paper-3448,2025,Digital Technologies Research and Applications,All Open Access; Gold Open Access,high,physical_asset_maintenance,True
paper-3449,2025,IEEE Access,All Open Access; Gold Open Access; Green Open Access,high,physical_asset_maintenance,False
paper-3450,2025,Reliability Engineering and System Safety,All Open Access; Hybrid Gold Open Access,high,physical_asset_maintenance,False
paper-3452,2025,Energies,All Open Access; Gold Open Access; Green Open Access,high,physical_asset_maintenance,True
paper-3453,2025,Reliability Engineering and System Safety,All Open Access; Green Open Access,high,physical_asset_maintenance,True
paper-3455,2025,IEEE Access,All Open Access; Gold Open Access; Green Open Access,high,physical_asset_maintenance,False
paper-3456,2025,Plasma Physics and Controlled Fusion,All Open Access; Hybrid Gold Open Access,high,physical_asset_maintenance,False
paper-3457,2025,IEEE Open Journal of Intelligent Transportation Systems,All Open Access; Gold Open Access; Green Open Access,high,physical_asset_maintenance,False
paper-3458,2025,Sensors,All Open Access; Gold Open Access; Green Open Access,high,physical_asset_maintenance,True
paper-3459,2025,Processes,All Open Access; Gold Open Access,high,physical_asset_maintenance,True
paper-3460,2025,Lubricants,All Open Access; Gold Open Access; Green Open Access,high,physical_asset_maintenance,True
paper-3461,2025,AIP Advances,All Open Access; Gold Open Access; Green Open Access,high,physical_asset_maintenance,False
paper-3462,2025,Acta Physica Polonica B,All Open Access; Gold Open Access,high,physical_asset_maintenance,True
paper-3463,2025,Chinese Journal of Aeronautics,All Open Access; Hybrid Gold Open Access,high,physical_asset_maintenance,False
paper-3464,2025,Mechanical Engineering for Society and Industry,All Open Access; Gold Open Access,high,physical_asset_maintenance,True
paper-3465,2025,Proceedings on Engineering Sciences,All Open Access; Gold Open Access; Green Open Access,high,physical_asset_maintenance,True
paper-3466,2025,Transactions of Nonferrous Metals Society of China (English Edition),All Open Access; Gold Open Access,high,physical_asset_maintenance,False
paper-3467,2025,Machines,All Open Access; Gold Open Access; Green Open Access,high,physical_asset_maintenance,True
paper-3468,2025,Sensors,All Open Access; Gold Open Access; Green Open Access,high,physical_asset_maintenance,True
paper-3469,2025,Journal of Advanced Manufacturing Science and Technology,All Open Access; Hybrid Gold Open Access,high,physical_asset_maintenance,True
paper-3472,2025,Applied Computer Science,All Open Access; Gold Open Access; Green Open Access,high,physical_asset_maintenance,True
paper-3473,2025,Energies,All Open Access; Gold Open Access,high,physical_asset_maintenance,True
paper-3475,2025,International Journal of Prognostics and Health Management,All Open Access; Gold Open Access; Green Open Access,high,physical_asset_maintenance,True
paper-3476,2025,Measurement Science Review,All Open Access; Gold Open Access; Green Open Access,high,physical_asset_maintenance,True
paper-3477,2025,Energies,All Open Access; Gold Open Access; Green Open Access,high,physical_asset_maintenance,True
paper-3478,2025,IEEE Access,All Open Access; Gold Open Access; Green Open Access,high,physical_asset_maintenance,False
paper-3480,2025,International Journal of Computing and Digital Systems,All Open Access; Gold Open Access,high,physical_asset_maintenance,False
paper-3481,2025,Electronics (Switzerland),All Open Access; Gold Open Access,high,physical_asset_maintenance,True
paper-3482,2025,Sensors,All Open Access; Gold Open Access; Green Open Access,high,physical_asset_maintenance,True
paper-3483,2025,"IET Generation, Transmission and Distribution",All Open Access; Gold Open Access,high,physical_asset_maintenance,False
paper-3484,2025,Diagnostyka,All Open Access; Gold Open Access,high,physical_asset_maintenance,True
paper-3488,2025,International Journal of Electrical and Electronics Research,All Open Access; Hybrid Gold Open Access,high,physical_asset_maintenance,True
paper-3490,2025,Applied Sciences (Switzerland),All Open Access; Gold Open Access,high,physical_asset_maintenance,True
paper-3491,2025,Diagnostyka,All Open Access; Gold Open Access,high,physical_asset_maintenance,True
paper-3492,2025,IEEE Transactions on Automation Science and Engineering,All Open Access; Bronze Open Access,high,physical_asset_maintenance,True
paper-3494,2025,IEEE Access,All Open Access; Gold Open Access; Green Open Access,high,physical_asset_maintenance,False
paper-3498,2025,Archives for Technical Sciences,All Open Access; Gold Open Access,high,physical_asset_maintenance,True
paper-3499,2025,IEEE Internet of Things Journal,All Open Access; Hybrid Gold Open Access,high,physical_asset_maintenance,False
paper-3500,2025,Journal of Industrial and Management Optimization,All Open Access; Gold Open Access,high,physical_asset_maintenance,True
paper-3501,2025,IEEE Transactions on Instrumentation and Measurement,All Open Access; Hybrid Gold Open Access,high,physical_asset_maintenance,False
paper-3503,2025,"Mekhatronika, Avtomatizatsiya, Upravlenie",All Open Access; Hybrid Gold Open Access,high,physical_asset_maintenance,False
paper-3505,2025,Diagnostyka,All Open Access; Gold Open Access,high,physical_asset_maintenance,True
paper-3510,2025,Guangxue Xuebao/Acta Optica Sinica,All Open Access; Bronze Open Access,high,physical_asset_maintenance,False
paper-3512,2025,Jordan Journal of Mechanical and Industrial Engineering,All Open Access; Bronze Open Access,high,physical_asset_maintenance,True
paper-3513,2025,Measurement and Control (United Kingdom),All Open Access; Gold Open Access,high,physical_asset_maintenance,False
paper-3516,2025,Informatica (Slovenia),All Open Access; Gold Open Access,high,physical_asset_maintenance,True
paper-3517,2025,IET Cyber-Physical Systems: Theory and Applications,All Open Access; Gold Open Access; Green Open Access,medium,uncertain_but_included,False
paper-3518,2025,Informatica (Slovenia),All Open Access; Gold Open Access; Green Open Access,high,physical_asset_maintenance,True
paper-3519,2025,CMES - Computer Modeling in Engineering and Sciences,All Open Access; Gold Open Access,high,physical_asset_maintenance,True
paper-3520,2025,Engineering Proceedings,All Open Access; Gold Open Access; Green Open Access,high,physical_asset_maintenance,True
paper-3522,2025,IEEE Access,All Open Access; Gold Open Access; Green Open Access,high,physical_asset_maintenance,True
paper-3524,2025,Journal Europeen des Systemes Automatises,All Open Access; Hybrid Gold Open Access,high,physical_asset_maintenance,True
paper-3526,2025,Journal of Healthcare Leadership,All Open Access; Gold Open Access; Green Open Access,high,physical_asset_maintenance,True
paper-3528,2025,International Journal of Prognostics and Health Management,All Open Access; Gold Open Access; Green Open Access,high,physical_asset_maintenance,True
paper-3529,2025,Water (Switzerland),All Open Access; Gold Open Access,high,physical_asset_maintenance,True
paper-3533,2025,Diagnostyka,All Open Access; Gold Open Access,high,physical_asset_maintenance,True
paper-3534,2025,Energies,All Open Access; Gold Open Access; Green Open Access,high,physical_asset_maintenance,True
paper-3535,2025,IEEE Transactions on Reliability,All Open Access; Green Open Access,high,physical_asset_maintenance,False
paper-3536,2025,Power Electronics and Drives,All Open Access; Gold Open Access; Green Open Access,high,physical_asset_maintenance,True
paper-3537,2025,IEEE Access,All Open Access; Gold Open Access; Green Open Access,high,physical_asset_maintenance,False
paper-3539,2025,IEEE Access,All Open Access; Gold Open Access; Green Open Access,high,physical_asset_maintenance,False
paper-3540,2025,IEEE Access,All Open Access; Gold Open Access; Green Open Access,high,physical_asset_maintenance,False
paper-3541,2025,IEEE Access,All Open Access; Gold Open Access; Green Open Access,medium,physical_asset_maintenance,False
paper-3542,2025,Ecological Engineering and Environmental Technology,All Open Access; Hybrid Gold Open Access,high,physical_asset_maintenance,True
paper-3543,2025,Telkomnika (Telecommunication Computing Electronics and Control),All Open Access; Gold Open Access; Green Open Access,high,physical_asset_maintenance,True
paper-3544,2025,IEEE Transactions on Smart Grid,All Open Access; Green Open Access,high,physical_asset_maintenance,False
paper-3545,2025,Frontiers in Mechanical Engineering,All Open Access; Gold Open Access; Green Open Access,high,physical_asset_maintenance,True
paper-3547,2025,International Journal of Automation Technology,All Open Access; Gold Open Access,high,physical_asset_maintenance,False
paper-3548,2025,IEEE Access,All Open Access; Gold Open Access; Green Open Access,high,physical_asset_maintenance,False
paper-3551,2025,IEEE Access,All Open Access; Gold Open Access; Green Open Access,high,physical_asset_maintenance,False
paper-3552,2025,Engineering Applications of Artificial Intelligence,All Open Access; Hybrid Gold Open Access,high,physical_asset_maintenance,False
paper-3553,2025,"Journal of Sustainable Development of Energy, Water and Environment Systems",All Open Access; Gold Open Access; Green Open Access,high,physical_asset_maintenance,True
paper-3554,2025,International Journal of System Assurance Engineering and Management,All Open Access; Bronze Open Access,high,physical_asset_maintenance,True
paper-3555,2025,IEEE Transactions on Electron Devices,All Open Access; Green Open Access,high,physical_asset_maintenance,False
paper-3556,2025,Micromachines,All Open Access; Gold Open Access; Green Open Access,high,physical_asset_maintenance,True
paper-3557,2025,Radioelectronic and Computer Systems,All Open Access; Gold Open Access; Green Open Access,high,physical_asset_maintenance,True
paper-3558,2025,Elektronika ir Elektrotechnika,All Open Access; Gold Open Access; Green Open Access,high,physical_asset_maintenance,True
paper-3559,2025,IEEE Access,All Open Access; Gold Open Access; Green Open Access,high,physical_asset_maintenance,False
paper-3561,2025,IET Power Electronics,All Open Access; Gold Open Access; Green Open Access,high,physical_asset_maintenance,True
paper-3567,2025,Advances in Science and Technology Research Journal,All Open Access; Gold Open Access,high,physical_asset_maintenance,True
paper-3569,2025,IEEE Access,All Open Access; Gold Open Access; Green Open Access,high,physical_asset_maintenance,False
paper-3571,2025,Studies in Informatics and Control,All Open Access; Hybrid Gold Open Access,high,physical_asset_maintenance,True
paper-3572,2025,IEEE Access,All Open Access; Gold Open Access; Green Open Access,high,physical_asset_maintenance,False
paper-3573,2025,Journal of Vibration Engineering and Technologies,All Open Access; Bronze Open Access,high,physical_asset_maintenance,True
paper-3575,2025,IEEE Access,All Open Access; Gold Open Access; Green Open Access,high,physical_asset_maintenance,False
paper-3576,2025,Eastern-European Journal of Enterprise Technologies,All Open Access; Gold Open Access; Green Open Access,high,physical_asset_maintenance,True
paper-3577,2025,PeerJ Computer Science,All Open Access; Gold Open Access; Green Open Access,high,physical_asset_maintenance,False
paper-3579,2025,Engineering Applications of Computational Fluid Mechanics ,All Open Access; Gold Open Access; Green Open Access,high,physical_asset_maintenance,True
paper-3582,2025,Environmental and Climate Technologies,All Open Access; Gold Open Access; Green Open Access,high,physical_asset_maintenance,True
paper-3584,2025,Management and Production Engineering Review,All Open Access; Gold Open Access,high,physical_asset_maintenance,True
paper-3586,2025,IEEE Transactions on Aerospace and Electronic Systems,All Open Access; Hybrid Gold Open Access,high,physical_asset_maintenance,False
paper-3587,2025,IEEE Access,All Open Access; Gold Open Access; Green Open Access,high,physical_asset_maintenance,False
paper-3588,2025,IEEE Access,All Open Access; Gold Open Access; Green Open Access,high,physical_asset_maintenance,True
paper-3590,2025,Heat Transfer Engineering,All Open Access; Green Open Access,high,physical_asset_maintenance,True
paper-3592,2025,IEEE Access,All Open Access; Gold Open Access; Green Open Access,high,physical_asset_maintenance,True
paper-3593,2025,Acta Montanistica Slovaca,All Open Access; Gold Open Access,medium,physical_asset_maintenance,True
paper-3594,2025,Inzynieria Mineralna,All Open Access; Gold Open Access,high,physical_asset_maintenance,True
paper-3595,2025,"Journal of Dynamics, Monitoring and Diagnostics",All Open Access; Gold Open Access,high,physical_asset_maintenance,True
paper-3596,2025,IEEE Access,All Open Access; Gold Open Access; Green Open Access,high,physical_asset_maintenance,False
paper-3597,2025,International Journal of Naval Architecture and Ocean Engineering,All Open Access; Gold Open Access; Green Open Access,high,physical_asset_maintenance,False
paper-3598,2025,Science Progress,All Open Access; Gold Open Access; Green Open Access,high,physical_asset_maintenance,False
paper-3602,2025,Combustion Engines,All Open Access; Hybrid Gold Open Access,high,physical_asset_maintenance,True
paper-3603,2025,Vehicle System Dynamics,All Open Access; Green Open Access; Hybrid Gold Open Access,high,physical_asset_maintenance,True
paper-3604,2025,Cogent Engineering,All Open Access; Gold Open Access; Green Open Access,high,physical_asset_maintenance,True
paper-3605,2025,IEEE Access,All Open Access; Gold Open Access; Green Open Access,high,physical_asset_maintenance,False
paper-3606,2025,Electronics (Switzerland),All Open Access; Gold Open Access,high,physical_asset_maintenance,True
paper-3607,2025,IEEE Access,All Open Access; Gold Open Access; Green Open Access,high,physical_asset_maintenance,False
paper-3610,2025,Diagnostyka,All Open Access; Gold Open Access,high,physical_asset_maintenance,True
paper-3611,2025,IEEE Access,All Open Access; Gold Open Access; Green Open Access,high,physical_asset_maintenance,False
paper-3613,2025,Measurement: Journal of the International Measurement Confederation,All Open Access; Hybrid Gold Open Access,high,physical_asset_maintenance,False
paper-3616,2025,Complex System Modeling and Simulation,All Open Access; Gold Open Access,high,physical_asset_maintenance,False
paper-3617,2025,IET Electric Power Applications,All Open Access; Gold Open Access; Green Open Access,high,physical_asset_maintenance,False
paper-3618,2025,"Computers, Materials and Continua",All Open Access; Gold Open Access,medium,physical_asset_maintenance,True
paper-3619,2025,IEEE Access,All Open Access; Gold Open Access; Green Open Access,high,physical_asset_maintenance,False
paper-3622,2025,IET Power Electronics,All Open Access; Gold Open Access; Green Open Access,high,physical_asset_maintenance,False
paper-3626,2025,Eastern-European Journal of Enterprise Technologies,All Open Access; Gold Open Access; Green Open Access,high,physical_asset_maintenance,True
paper-3628,2025,Diagnostyka,All Open Access; Gold Open Access,high,physical_asset_maintenance,True
paper-3629,2025,International Journal of Mechatronics and Applied Mechanics,All Open Access; Bronze Open Access,high,physical_asset_maintenance,True
paper-3630,2025,IEEE Open Journal of Antennas and Propagation,All Open Access; Gold Open Access; Green Open Access,high,physical_asset_maintenance,False
paper-3631,2025,EAI Endorsed Transactions on Energy Web,All Open Access; Gold Open Access; Green Open Access,high,physical_asset_maintenance,True
paper-3632,2025,IEEE Access,All Open Access; Gold Open Access; Green Open Access,high,physical_asset_maintenance,False
paper-3633,2025,IEEE Access,All Open Access; Gold Open Access; Green Open Access,high,physical_asset_maintenance,False
paper-3634,2025,IEEE Access,All Open Access; Gold Open Access; Green Open Access,high,physical_asset_maintenance,True
paper-3636,2025,Quality Technology and Quantitative Management,All Open Access; Green Open Access,high,physical_asset_maintenance,True
paper-3637,2025,IEEE Access,All Open Access; Gold Open Access,high,physical_asset_maintenance,False
paper-3639,2025,Journal of Simulation,All Open Access; Green Open Access,high,physical_asset_maintenance,True
paper-3642,2025,International Journal of Information and Communication Technology,All Open Access; Bronze Open Access,high,physical_asset_maintenance,True
paper-3643,2025,IEEE Access,All Open Access; Gold Open Access; Green Open Access,high,physical_asset_maintenance,False
paper-3644,2025,IET Electric Power Applications,All Open Access; Gold Open Access; Green Open Access,high,physical_asset_maintenance,False
paper-3645,2025,IEEE Access,All Open Access; Gold Open Access; Green Open Access,high,physical_asset_maintenance,False
paper-3646,2025,Sensors,All Open Access; Gold Open Access; Green Open Access,high,physical_asset_maintenance,True
paper-3647,2025,Journal of Theoretical and Applied Mechanics,All Open Access; Gold Open Access,high,physical_asset_maintenance,True
paper-3649,2025,IEEE Transactions on Power Electronics,All Open Access; Green Open Access,high,physical_asset_maintenance,False
paper-3651,2025,IEEE Access,All Open Access; Gold Open Access; Green Open Access,high,physical_asset_maintenance,False
paper-3652,2025,IEEE Access,All Open Access; Gold Open Access; Green Open Access,high,physical_asset_maintenance,True
paper-3654,2025,IEEE Access,All Open Access; Gold Open Access; Green Open Access,high,physical_asset_maintenance,False
paper-3657,2025,IEEE Access,All Open Access; Gold Open Access; Green Open Access,high,physical_asset_maintenance,True
paper-3658,2025,Lubricants,All Open Access; Gold Open Access; Green Open Access,medium,physical_asset_maintenance,True
paper-3661,2025,IEEE Access,All Open Access; Gold Open Access; Green Open Access,high,physical_asset_maintenance,False
paper-3666,2025,FME Transactions,All Open Access; Gold Open Access; Green Open Access,high,physical_asset_maintenance,True
paper-3669,2025,Frontiers in Energy Research,All Open Access; Gold Open Access; Green Open Access,high,physical_asset_maintenance,True
paper-3670,2025,Tehnicki Glasnik,All Open Access; Gold Open Access; Green Open Access,high,physical_asset_maintenance,True
paper-3671,2025,Assistive Technology,All Open Access; Green Open Access,high,physical_asset_maintenance,True
paper-3673,2025,Bulletin of the Polish Academy of Sciences: Technical Sciences,All Open Access; Gold Open Access,high,physical_asset_maintenance,False
paper-3674,2025,IEEE Open Journal of Instrumentation and Measurement,All Open Access; Gold Open Access; Green Open Access,high,physical_asset_maintenance,False
paper-3675,2025,IEEE Access,All Open Access; Gold Open Access; Green Open Access,high,physical_asset_maintenance,False
paper-3676,2025,IIUM Engineering Journal,All Open Access; Gold Open Access; Green Open Access,high,physical_asset_maintenance,True
paper-3679,2025,IEEE Access,All Open Access; Gold Open Access; Green Open Access,high,physical_asset_maintenance,False
paper-3681,2025,IEEE Access,All Open Access; Gold Open Access; Green Open Access,high,physical_asset_maintenance,False
paper-3683,2025,"Journal of International Maritime Safety, Environmental Affairs, and Shipping",All Open Access; Gold Open Access; Green Open Access,high,physical_asset_maintenance,False
paper-3687,2025,IEEE Access,All Open Access; Gold Open Access; Green Open Access,medium,uncertain_but_included,False
paper-3689,2025,IEEE Access,All Open Access; Gold Open Access; Green Open Access,high,physical_asset_maintenance,False
paper-3690,2025,Structural Integrity and Life,All Open Access; Gold Open Access,high,physical_asset_maintenance,True
paper-3691,2025,IEEE Access,All Open Access; Gold Open Access; Green Open Access,high,physical_asset_maintenance,False
paper-3693,2025,Information (Switzerland),All Open Access; Gold Open Access; Green Open Access,high,physical_asset_maintenance,True
paper-3696,2025,IEEE Access,All Open Access; Gold Open Access; Green Open Access,high,physical_asset_maintenance,False
paper-3697,2025,Eksploatacja i Niezawodnosc,All Open Access; Gold Open Access,high,physical_asset_maintenance,True
paper-3699,2025,Informatica (Slovenia),All Open Access; Gold Open Access,high,physical_asset_maintenance,True
paper-3700,2025,ISA Transactions,All Open Access; Hybrid Gold Open Access,high,physical_asset_maintenance,False
paper-3702,2025,Mechanical Systems and Signal Processing,All Open Access; Green Open Access; Hybrid Gold Open Access,high,physical_asset_maintenance,True
paper-3703,2025,"International Journal of Manufacturing, Materials, and Mechanical Engineering",All Open Access; Gold Open Access; Green Open Access,high,physical_asset_maintenance,True
paper-3705,2025,International Journal of Fluid Power,All Open Access; Gold Open Access,high,physical_asset_maintenance,True
paper-3706,2025,International Journal of Fluid Power,All Open Access; Gold Open Access,high,physical_asset_maintenance,True
paper-3707,2025,IEEE Transactions on Energy Conversion,All Open Access; Green Open Access; Hybrid Gold Open Access,high,physical_asset_maintenance,False
paper-3708,2025,International Journal of Engineering Trends and Technology,All Open Access; Bronze Open Access,high,physical_asset_maintenance,True
paper-3709,2025,Informatica (Slovenia),All Open Access; Gold Open Access; Green Open Access,high,physical_asset_maintenance,True
paper-3712,2025,Frontiers in Mechanical Engineering,All Open Access; Gold Open Access; Green Open Access,high,physical_asset_maintenance,True
paper-3713,2025,WSEAS Transactions on Circuits and Systems,All Open Access; Gold Open Access,high,physical_asset_maintenance,False
paper-3714,2025,Engineering Proceedings,All Open Access; Gold Open Access; Green Open Access,high,physical_asset_maintenance,True
paper-3715,2025,IEEE Access,All Open Access; Gold Open Access; Green Open Access,high,physical_asset_maintenance,False
paper-3716,2025,IEEE Open Access Journal of Power and Energy,All Open Access; Gold Open Access; Green Open Access,high,physical_asset_maintenance,False
paper-3717,2025,IEEE Access,All Open Access; Gold Open Access; Green Open Access,high,physical_asset_maintenance,True
paper-3718,2025,IEEE Access,All Open Access; Gold Open Access; Green Open Access,high,physical_asset_maintenance,False
paper-3719,2025,IEEE Transactions on Power Systems,All Open Access; Green Open Access,high,physical_asset_maintenance,False
paper-3721,2025,"IET Science, Measurement and Technology",All Open Access; Gold Open Access; Green Open Access,high,physical_asset_maintenance,True
paper-3725,2025,Journal of Advanced Research Design,All Open Access; Hybrid Gold Open Access,high,physical_asset_maintenance,True
paper-3728,2025,Radioelectronic and Computer Systems,All Open Access; Gold Open Access; Green Open Access,high,physical_asset_maintenance,False
paper-3729,2025,IET Electric Power Applications,All Open Access; Gold Open Access; Green Open Access,high,physical_asset_maintenance,False
paper-3731,2025,Informatica (Slovenia),All Open Access; Gold Open Access,high,physical_asset_maintenance,True
paper-3734,2025,IEEE Access,All Open Access; Gold Open Access; Green Open Access,high,physical_asset_maintenance,False
paper-3735,2025,IEEE Access,All Open Access; Gold Open Access; Green Open Access,high,physical_asset_maintenance,False
paper-3736,2025,IET Electric Power Applications,All Open Access; Gold Open Access; Green Open Access,high,physical_asset_maintenance,True
paper-3738,2025,Brodogradnja,All Open Access; Gold Open Access; Green Open Access,high,physical_asset_maintenance,True
paper-3740,2025,IEEE Access,All Open Access; Gold Open Access; Green Open Access,high,physical_asset_maintenance,False
paper-3741,2025,International Journal of Rotating Machinery,All Open Access; Gold Open Access,high,physical_asset_maintenance,True
paper-3742,2025,Mechanics and Industry,All Open Access; Gold Open Access; Green Open Access,high,physical_asset_maintenance,True
paper-3745,2025,Frontiers in Robotics and AI,All Open Access; Gold Open Access; Green Open Access,high,physical_asset_maintenance,True
paper-3747,2025,Distributed Generation and Alternative Energy Journal,All Open Access; Bronze Open Access,high,physical_asset_maintenance,True
paper-3748,2025,Medical Devices: Evidence and Research,All Open Access; Gold Open Access; Green Open Access,high,physical_asset_maintenance,True
paper-3752,2025,Journal of Computer Science,All Open Access; Hybrid Gold Open Access,high,physical_asset_maintenance,True
paper-3756,2025,IEEE Transactions on Industrial Electronics,All Open Access; Hybrid Gold Open Access,high,physical_asset_maintenance,False
paper-3759,2025,Energy and Built Environment,All Open Access; Gold Open Access,high,physical_asset_maintenance,False
paper-3760,2025,IEEE Access,All Open Access; Gold Open Access; Green Open Access,high,physical_asset_maintenance,False
paper-3762,2025,IEEE Sensors Journal,All Open Access; Hybrid Gold Open Access,high,physical_asset_maintenance,False
paper-3764,2025,PeerJ Computer Science,All Open Access; Gold Open Access; Green Open Access,high,physical_asset_maintenance,False
paper-3767,2025,Sinergi (Indonesia),All Open Access; Gold Open Access,high,physical_asset_maintenance,False
paper-3769,2025,Engineering Proceedings,All Open Access; Gold Open Access; Green Open Access,high,physical_asset_maintenance,True
paper-3772,2025,Sensors and Materials,All Open Access; Gold Open Access,high,physical_asset_maintenance,True
paper-3775,2025,IEEE Robotics and Automation Letters,All Open Access; Green Open Access; Hybrid Gold Open Access,high,physical_asset_maintenance,True
paper-3780,2025,IET Electric Power Applications,All Open Access; Gold Open Access; Green Open Access,high,physical_asset_maintenance,False
paper-3783,2025,Revista Materia,All Open Access; Gold Open Access,high,physical_asset_maintenance,True
paper-3785,2025,Business Informatics,All Open Access; Gold Open Access,high,physical_asset_maintenance,True
paper-3786,2025,IEEE Transactions on Power Electronics,All Open Access; Green Open Access,high,physical_asset_maintenance,False
paper-3788,2025,IET Electric Power Applications,All Open Access; Gold Open Access; Green Open Access,high,physical_asset_maintenance,True
paper-3791,2025,Tribology in Industry,All Open Access; Gold Open Access,high,physical_asset_maintenance,True
paper-3792,2025,Mechanics and Industry,All Open Access; Gold Open Access; Green Open Access,high,physical_asset_maintenance,True
paper-3794,2025,Frontiers in Built Environment,All Open Access; Gold Open Access; Green Open Access,high,physical_asset_maintenance,True
paper-3795,2025,IET Nanodielectrics,All Open Access; Gold Open Access,high,physical_asset_maintenance,True
paper-3797,2025,IEEE Electrical Insulation Magazine,All Open Access; Green Open Access,high,physical_asset_maintenance,False
paper-3799,2025,"IET Generation, Transmission and Distribution",All Open Access; Gold Open Access,high,physical_asset_maintenance,False
paper-3801,2025,Neural Computing and Applications,All Open Access; Hybrid Gold Open Access,high,physical_asset_maintenance,True
paper-3802,2025,IEEE Access,All Open Access; Gold Open Access,high,physical_asset_maintenance,False
paper-3803,2025,IEEE Access,All Open Access; Gold Open Access; Green Open Access,high,physical_asset_maintenance,False
paper-3805,2025,Nondestructive Testing and Evaluation,All Open Access; Green Open Access; Hybrid Gold Open Access,high,physical_asset_maintenance,False
paper-3806,2025,Thermal Science,All Open Access; Gold Open Access,high,physical_asset_maintenance,False
paper-3807,2025,"Journal of Fluid Flow, Heat and Mass Transfer",All Open Access; Gold Open Access,high,physical_asset_maintenance,True
paper-3808,2025,IEEE Access,All Open Access; Gold Open Access; Green Open Access,high,physical_asset_maintenance,False
paper-3811,2025,Structural Health Monitoring,All Open Access; Bronze Open Access,high,physical_asset_maintenance,True
paper-3813,2025,IEEE Access,All Open Access; Gold Open Access; Green Open Access,medium,physical_asset_maintenance,False
paper-3814,2025,EPJ Photovoltaics,All Open Access; Gold Open Access; Green Open Access,high,physical_asset_maintenance,True
paper-3815,2025,Energy Engineering: Journal of the Association of Energy Engineering,All Open Access; Gold Open Access,medium,physical_asset_maintenance,True
paper-3816,2025,Journal of Electrical and Computer Engineering,All Open Access; Gold Open Access; Green Open Access,high,physical_asset_maintenance,False
paper-3819,2025,EAI Endorsed Transactions on Energy Web,All Open Access; Gold Open Access; Green Open Access,high,physical_asset_maintenance,True
paper-3820,2025,Journal of Machine Engineering,All Open Access; Gold Open Access; Green Open Access,high,physical_asset_maintenance,True
paper-3821,2025,IEEE Transactions on Power Electronics,All Open Access; Green Open Access,high,physical_asset_maintenance,False
paper-3823,2025,Eksploatacja i Niezawodnosc,All Open Access; Gold Open Access,high,physical_asset_maintenance,True
paper-3825,2025,IEEE Access,All Open Access; Gold Open Access; Green Open Access,high,physical_asset_maintenance,False
paper-3826,2025,Nuclear and Radiation Safety,All Open Access; Gold Open Access,high,physical_asset_maintenance,False
paper-3828,2025,Mechanical Systems and Signal Processing,All Open Access; Green Open Access,high,physical_asset_maintenance,True
paper-3829,2025,IEEE Access,All Open Access; Gold Open Access,high,physical_asset_maintenance,False
paper-3832,2025,Advances in Science and Technology Research Journal,All Open Access; Gold Open Access,high,physical_asset_maintenance,True
paper-3833,2025,IEEE Access,All Open Access; Gold Open Access; Green Open Access,high,physical_asset_maintenance,False
paper-3834,2025,Diagnostyka,All Open Access; Gold Open Access,high,physical_asset_maintenance,True
paper-3836,2025,IIUM Engineering Journal,All Open Access; Gold Open Access; Green Open Access,high,physical_asset_maintenance,True
paper-3837,2025,Computers and Industrial Engineering,All Open Access; Hybrid Gold Open Access,high,physical_asset_maintenance,False
paper-3838,2025,Energies,All Open Access; Gold Open Access; Green Open Access,high,physical_asset_maintenance,True
paper-3840,2025,CIRP Annals,All Open Access; Hybrid Gold Open Access,high,physical_asset_maintenance,False
paper-3844,2025,Mechanical Systems and Signal Processing,All Open Access; Green Open Access; Hybrid Gold Open Access,high,physical_asset_maintenance,True
paper-3845,2025,Cognitive Robotics,All Open Access; Gold Open Access; Green Open Access,high,physical_asset_maintenance,False
paper-3846,2025,IEEE Transactions on Industrial Informatics,All Open Access; Hybrid Gold Open Access,high,physical_asset_maintenance,False
paper-3848,2025,IET Electric Power Applications,All Open Access; Gold Open Access; Green Open Access,high,physical_asset_maintenance,True
paper-3851,2025,IEEE Access,All Open Access; Gold Open Access; Green Open Access,high,physical_asset_maintenance,False
paper-3852,2026,Journal of Intelligent Manufacturing,All Open Access; Hybrid Gold Open Access,high,physical_asset_maintenance,True
paper-3854,2025,IEEE Access,All Open Access; Gold Open Access; Green Open Access,high,physical_asset_maintenance,False
paper-3856,2025,Promet - Traffic and Transportation,All Open Access; Gold Open Access; Green Open Access,high,physical_asset_maintenance,True
paper-3857,2025,"Informatyka, Automatyka, Pomiary w Gospodarce i Ochronie Srodowiska",All Open Access; Gold Open Access; Green Open Access,high,physical_asset_maintenance,True
paper-3864,2025,International Journal of Advanced Manufacturing Technology,All Open Access; Bronze Open Access,high,physical_asset_maintenance,True
paper-3865,2025,IEEE Transactions on Power Electronics,All Open Access; Green Open Access,medium,physical_asset_maintenance,False
paper-3868,2025,Journal of Intelligent Systems,All Open Access; Gold Open Access; Green Open Access,high,physical_asset_maintenance,False
paper-3869,2025,Frontiers in Mechanical Engineering,All Open Access; Gold Open Access; Green Open Access,high,physical_asset_maintenance,True
paper-3870,2025,Energy Exploration and Exploitation,All Open Access; Gold Open Access,high,physical_asset_maintenance,True
paper-3873,2025,Eksploatacja i Niezawodnosc,All Open Access; Gold Open Access; Green Open Access,high,physical_asset_maintenance,True
paper-3875,2025,Archives for Technical Sciences,All Open Access; Gold Open Access,medium,physical_asset_maintenance,True
paper-3876,2025,Manufacturing Review,All Open Access; Gold Open Access; Green Open Access,high,physical_asset_maintenance,True
paper-3877,2025,Tribology in Industry,All Open Access; Gold Open Access,high,physical_asset_maintenance,True
paper-3878,2025,IEEE Access,All Open Access; Gold Open Access; Green Open Access,high,physical_asset_maintenance,True
paper-3879,2025,Mechanical Systems and Signal Processing,All Open Access; Green Open Access; Hybrid Gold Open Access,high,physical_asset_maintenance,True
paper-3881,2025,IEEE Access,All Open Access; Gold Open Access; Green Open Access,high,physical_asset_maintenance,False
paper-3882,2025,"Computers, Materials and Continua",All Open Access; Gold Open Access,high,physical_asset_maintenance,True
paper-3883,2025,Eksploatacja i Niezawodnosc,All Open Access; Gold Open Access,high,physical_asset_maintenance,True
paper-3886,2025,SSRG International Journal of Electrical and Electronics Engineering,All Open Access; Hybrid Gold Open Access,high,physical_asset_maintenance,True
paper-3887,2025,"IET Science, Measurement and Technology",All Open Access; Gold Open Access; Green Open Access,high,physical_asset_maintenance,True
paper-3888,2025,WSEAS Transactions on Systems and Control,All Open Access; Gold Open Access,high,physical_asset_maintenance,False
paper-3891,2025,IET Electric Power Applications,All Open Access; Gold Open Access; Green Open Access,high,physical_asset_maintenance,False
paper-3893,2025,Engineering Proceedings,All Open Access; Gold Open Access; Green Open Access,high,physical_asset_maintenance,True
paper-3896,2025,International Journal of Advanced Computer Science and Applications,All Open Access; Gold Open Access,high,physical_asset_maintenance,True
paper-3897,2025,IEEE Open Journal of Industry Applications,All Open Access; Gold Open Access; Green Open Access,high,physical_asset_maintenance,False
paper-3898,2025,Eastern-European Journal of Enterprise Technologies,All Open Access; Gold Open Access; Green Open Access,high,physical_asset_maintenance,True
paper-3901,2025,IEEE Access,All Open Access; Gold Open Access; Green Open Access,high,physical_asset_maintenance,False
paper-3902,2025,Journal of Engineering (United Kingdom),All Open Access; Gold Open Access; Green Open Access,high,physical_asset_maintenance,False
paper-3903,2025,IETE Journal of Research,All Open Access; Green Open Access,medium,physical_asset_maintenance,False
paper-3904,2025,International Journal of Renewable Energy Research,All Open Access; Gold Open Access,high,physical_asset_maintenance,False
paper-3906,2025,IEEE Access,All Open Access; Gold Open Access,high,physical_asset_maintenance,False
paper-3907,2025,Journal of Machine Engineering,All Open Access; Gold Open Access; Green Open Access,high,physical_asset_maintenance,True
paper-3910,2025,IEEE Access,All Open Access; Gold Open Access; Green Open Access,high,physical_asset_maintenance,False
paper-3911,2025,Informatica (Slovenia),All Open Access; Gold Open Access,high,physical_asset_maintenance,True
paper-3912,2025,Acta Physica Polonica B,All Open Access; Gold Open Access,high,physical_asset_maintenance,True
paper-3914,2025,Applied Sciences (Switzerland),All Open Access; Gold Open Access; Green Open Access,high,physical_asset_maintenance,True
paper-3915,2025,Mathematical Foundations of Computing,All Open Access; Gold Open Access,high,physical_asset_maintenance,False
paper-3916,2025,Mining Science and Technology (Russian Federation),All Open Access; Gold Open Access; Green Open Access,high,physical_asset_maintenance,True
paper-3917,2025,IEEE Transactions on Dielectrics and Electrical Insulation,All Open Access; Green Open Access,high,physical_asset_maintenance,False
paper-3919,2025,PeerJ Computer Science,All Open Access; Gold Open Access; Green Open Access,high,physical_asset_maintenance,False
paper-3920,2025,Journal of Sustainable Mining,All Open Access; Gold Open Access,high,physical_asset_maintenance,False
paper-3921,2025,Journal of Renewable Energy and Smart Grid Technology,All Open Access; Hybrid Gold Open Access,high,physical_asset_maintenance,True
paper-3922,2025,Structural Control and Health Monitoring,All Open Access; Gold Open Access,high,physical_asset_maintenance,True
paper-3926,2025,IEEE Access,All Open Access; Gold Open Access; Green Open Access,high,physical_asset_maintenance,False
paper-3927,2025,Informatica (Slovenia),All Open Access; Gold Open Access,high,physical_asset_maintenance,True
paper-3928,2025,IEEE Access,All Open Access; Gold Open Access; Green Open Access,high,physical_asset_maintenance,False
paper-3930,2025,Energy Engineering: Journal of the Association of Energy Engineering,All Open Access; Gold Open Access,high,physical_asset_maintenance,True
paper-3931,2025,Ships and Offshore Structures,All Open Access; Green Open Access,high,physical_asset_maintenance,True
paper-3933,2025,Engineering and Technology Horizons,All Open Access; Gold Open Access,high,physical_asset_maintenance,True
paper-3935,2025,IEEE Access,All Open Access; Gold Open Access; Green Open Access,high,physical_asset_maintenance,False
paper-3937,2025,"Engineering, Technology and Applied Science Research",All Open Access; Gold Open Access,medium,physical_asset_maintenance,True
paper-3940,2025,IEEE Transactions on Power Electronics,All Open Access; Green Open Access,high,physical_asset_maintenance,True
paper-3942,2025,Structural Health Monitoring,All Open Access; Hybrid Gold Open Access,high,physical_asset_maintenance,True
paper-3943,2025,International Journal of Applied Mechanics and Engineering,All Open Access; Gold Open Access; Green Open Access,high,physical_asset_maintenance,True
paper-3944,2025,International Journal of Mechatronics and Applied Mechanics,All Open Access; Bronze Open Access,high,physical_asset_maintenance,True
paper-3945,2025,"News of the National Academy of Sciences of the Republic of Kazakhstan, Series of Geology and Technical Sciences",All Open Access; Gold Open Access,high,physical_asset_maintenance,True
paper-3946,2025,IEEE Transactions on Reliability,All Open Access; Green Open Access,high,physical_asset_maintenance,True
paper-3947,2025,Informatica (Slovenia),All Open Access; Gold Open Access,high,physical_asset_maintenance,True
paper-3950,2025,Pertanika Journal of Science and Technology,All Open Access; Hybrid Gold Open Access,high,physical_asset_maintenance,True
paper-3951,2025,Frontiers in Mechanical Engineering,All Open Access; Gold Open Access; Green Open Access,high,physical_asset_maintenance,True
paper-3952,2025,Journal of Water and Land Development,All Open Access; Gold Open Access,medium,physical_asset_maintenance,True
paper-3953,2025,IEEE Access,All Open Access; Gold Open Access; Green Open Access,high,physical_asset_maintenance,False
paper-3955,2025,Eksploatacja i Niezawodnosc,All Open Access; Gold Open Access,high,physical_asset_maintenance,True
paper-3957,2025,Advances in Science and Technology Research Journal,All Open Access; Gold Open Access,high,physical_asset_maintenance,True
paper-3958,2025,Frontiers in Mechanical Engineering,All Open Access; Gold Open Access; Green Open Access,high,physical_asset_maintenance,True
paper-3959,2025,International Journal of Information and Communication Technology,All Open Access; Hybrid Gold Open Access,high,physical_asset_maintenance,True
paper-3960,2025,IEEE Access,All Open Access; Gold Open Access; Green Open Access,high,physical_asset_maintenance,False
paper-3961,2025,International Journal of Intelligent Systems,All Open Access; Hybrid Gold Open Access,high,physical_asset_maintenance,True
paper-3962,2025,International Journal on Informatics Visualization,All Open Access; Gold Open Access; Green Open Access,high,physical_asset_maintenance,False
paper-3963,2025,Eksploatacja i Niezawodnosc,All Open Access; Gold Open Access,high,physical_asset_maintenance,True
paper-3965,2025,Mechanical Systems and Signal Processing,All Open Access; Green Open Access,high,physical_asset_maintenance,True
paper-3966,2025,International Journal of Electronics and Telecommunications,All Open Access; Gold Open Access; Green Open Access,medium,physical_asset_maintenance,True
paper-3969,2025,Coatings,All Open Access; Gold Open Access,medium,physical_asset_maintenance,True
paper-3971,2025,"Computers, Materials and Continua",All Open Access; Gold Open Access,high,physical_asset_maintenance,True
paper-3975,2025,Energy Conversion and Management: X,All Open Access; Gold Open Access; Green Open Access,high,physical_asset_maintenance,False
paper-3977,2025,Diagnostyka,All Open Access; Gold Open Access,high,physical_asset_maintenance,True
paper-3978,2025,Advances in Electrical and Computer Engineering,All Open Access; Gold Open Access; Green Open Access,high,physical_asset_maintenance,False
paper-3979,2025,IEEE Access,All Open Access; Gold Open Access; Green Open Access,high,physical_asset_maintenance,True
paper-3982,2025,International Journal of Information and Communication Technology,All Open Access; Hybrid Gold Open Access,high,physical_asset_maintenance,True
paper-3983,2025,Tribology International,All Open Access; Green Open Access; Hybrid Gold Open Access,medium,physical_asset_maintenance,False
paper-3986,2025,Eksploatacja i Niezawodnosc,All Open Access; Gold Open Access,high,physical_asset_maintenance,True
paper-3987,2025,High-speed Railway,All Open Access; Gold Open Access,medium,uncertain_but_included,False
paper-3988,2025,IEEE Open Journal of Instrumentation and Measurement,All Open Access; Gold Open Access; Green Open Access,high,physical_asset_maintenance,False
paper-3989,2025,Energy and AI,All Open Access; Gold Open Access; Green Open Access,high,physical_asset_maintenance,True
paper-3990,2025,Flexible Services and Manufacturing Journal,All Open Access; Hybrid Gold Open Access,high,physical_asset_maintenance,True
