query_index,normalized_task,normalized_case_study_type,normalized_case_study,normalized_online_offline,normalized_input_for_model,normalized_input_type,active__normalized_task,active__normalized_case_study_type,active__normalized_case_study,active__normalized_online_offline,active__normalized_input_for_model,active__normalized_input_type,active_content_fields,active_beyond_task,query_information_pattern
1,Health assessment,,,,,,True,False,False,False,False,False,1,0,task
2,Remaining useful life estimation,,Solid/Liquid Hybrid Electrolyte Lithium-ion Battery (SLE-LIB),,,"FactsImpedanceFeatures, FactsecmParametersTemperature",True,False,True,False,False,True,3,2,task+case_study+input_type
3,Fault detection,,,,,"conduction current, real component of complex permittivity, FactsSpaceCharge",True,False,False,False,False,True,2,1,task+input_type
4,Fault identification,,,,,"FactsCurrentSignal, FactsSpeedSignal, FactsTemperatureSignal, FactsVoltageSignal",True,False,False,False,False,True,2,1,task+input_type
5,Fault detection,,,,,,True,False,False,False,False,False,1,0,task
6,Remaining useful life estimation,,,,,"FactsCapacityMeasure, charge/discharge conditions, environmental factors, internal electrochemical evolution",True,False,False,False,False,True,2,1,task+input_type
7,One step future state forecast,,,,,,True,False,False,False,False,False,1,0,task
8,Fault detection,,15 kg LPG pressure vessel,,,FBG strain signal,True,False,True,False,False,True,3,2,task+case_study+input_type
9,One step future state forecast,,Self-Excited Induction Generator,,,"Capacitance variation, FactsExcitationCapacitance, load variation, rotor speed",True,False,True,False,False,True,3,2,task+case_study+input_type
10,Fault detection,,,,,"FactsRms_2, FactsspectralEnergyRatios",True,False,False,False,False,True,2,1,task+input_type
11,Fault identification,,modeled pipeline segment,,,,True,False,True,False,False,False,2,1,task+case_study
12,One step future state forecast,,real aircraft composite structure (subject under test),,,,True,False,True,False,False,False,2,1,task+case_study
13,Fault identification,,cutter c4,,,"FactsAcousticData, FactsDenoising, FactsMultiSensorData, FactsPrimaryCuttingForce, FactsTemperatureData, FactsTimeFrequencyInputs, FactsToolVibrations, Factsscalogram1",True,False,True,False,False,True,3,2,task+case_study+input_type
14,Fault detection,,44.10 kWp array,,,,True,False,True,False,False,False,2,1,task+case_study
15,Remaining useful life estimation,,,,,"FactsIsolationForestFeature, FactsNoveltyFeature, FactsThermalImaging, FactsUavImages, FactsVibrationData",True,False,False,False,False,True,2,1,task+input_type
16,One step future state forecast,,,,,"FactsTimeFrequencyFeature, Factsvibrationsignal_1",True,False,False,False,False,True,2,1,task+input_type
17,Fault detection,,,,,"FactsTemperatureSpike, FactsVoltageAnomaly, Factsdataset1_2",True,False,False,False,False,True,2,1,task+input_type
18,One step future state forecast,,,,,,True,False,False,False,False,False,1,0,task
19,One step future state forecast,,,,,,True,False,False,False,False,False,1,0,task
20,One step future state forecast,,,,,,True,False,False,False,False,False,1,0,task
21,Remaining useful life estimation,,compressor (data-center refrigeration component),,,"electric current, vibration",True,False,True,False,False,True,3,2,task+case_study+input_type
22,Fault detection,,hydraulic directional control valve,,,"inter-port pressure difference features, inter-sensor pressure difference, FactshydraulicPressureSignal",True,False,True,False,False,True,3,2,task+case_study+input_type
23,Fault feature extraction,,Ball bearing (generic),,,"AR coefficient vector (theta), Number of Intrinsic Mode Functions (N)",True,False,True,False,False,True,3,2,task+case_study+input_type
24,Fault detection,,,,,"FactsdataVariableLateral, FactsdataVariableZBogie, FactstimeDomainFeatures",True,False,False,False,False,True,2,1,task+input_type
25,Remaining useful life estimation,,ship shafting,,,"FactsalignmentDeviation, FactsvibrationEnergy, FactswearParticleConcentration",True,False,True,False,False,True,3,2,task+case_study+input_type
26,One step future state forecast,,,,,,True,False,False,False,False,False,1,0,task
27,Fault detection,,,,,"cell temperature, full equivalent cycle (FEC) counter, depth of discharge (DOD), state of charge (SOC)",True,False,False,False,False,True,2,1,task+input_type
28,Fault feature extraction,,Rolling bearing under study,,,,True,False,True,False,False,False,2,1,task+case_study
29,One step future state forecast,,TK-type shell-and-tube heat exchanger,,,,True,False,True,False,False,False,2,1,task+case_study
30,Fault detection,,,,,,True,False,False,False,False,False,1,0,task
31,One step future state forecast,,,,,"augmentor duct total pressure, augmentor light-off detector signal, burner pressure, fan turbine inlet temperature, low-pressure spool rotational speed N1, convergent exhaust nozzle controller position transmitter, main oil pressure and low oil pressure sensors, static pressure Ps2, CIVV resolver position transmitter, total temperature at engine inlet Tt2",True,False,False,False,False,True,2,1,task+input_type
32,One step future state forecast,,,,,,True,False,False,False,False,False,1,0,task
33,One step future state forecast,,,,,,True,False,False,False,False,False,1,0,task
34,One step future state forecast,,Self-aligning ball bearing,,,"FactsBearSignal, FactsFaultFrequencyComponent, vibration signal",True,False,True,False,False,True,3,2,task+case_study+input_type
35,Remaining useful life estimation,,UAV lithium-ion battery,,,"discharge C-rate (experimental range), humidity level (experimental range), wind speed (experimental range), FactstempLow",True,False,True,False,False,True,3,2,task+case_study+input_type
36,Fault detection,,,,,,True,False,False,False,False,False,1,0,task
37,Remaining useful life estimation,,,,,"FactssensorVibration, Factsvibration",True,False,False,False,False,True,2,1,task+input_type
38,One step future state forecast,,,,,,True,False,False,False,False,False,1,0,task
39,Fault feature extraction,,coaxial cable,,,"active pixel count, number of effective pixels, degree of red-blue aliasing, radial dispersion, reflection coefficient spectrum, red-blue overlap index, FactsWeakSignal",True,False,True,False,False,True,3,2,task+case_study+input_type
40,Health assessment,,,,,,True,False,False,False,False,False,1,0,task
41,Fault feature extraction,,,,,"Key product characteristics (KPCs), FactsOilAnalysisData",True,False,False,False,False,True,2,1,task+input_type
42,Multiple steps future state forecast,,Grid-connected inverter,,,"operating-state variable, power measurement, temperature measurement, FactsslidingWindow",True,False,True,False,False,True,3,2,task+case_study+input_type
43,Health assessment,,,,,,True,False,False,False,False,False,1,0,task
44,Health assessment,,,,,,True,False,False,False,False,False,1,0,task
45,Remaining useful life estimation,,Lithium-ion battery,,,,True,False,True,False,False,False,2,1,task+case_study
46,Fault identification,,,,,"FactsImpulsiveComponents, FactsIncipientWear, FactsSignalTransients, FactsVibrationMonitoring, FactsstrainMeasurement, FactssurfaceRoughnessMeasurement",True,False,False,False,False,True,2,1,task+input_type
47,Remaining useful life estimation,,Lithium-ion battery,,,"capacity degradation signals, operational parameters",True,False,True,False,False,True,3,2,task+case_study+input_type
48,Remaining useful life estimation,,,,,"Cumulative heating time, Cumulative water output (total purified volume), Flow rate (volume per minute), Inlet water pressure, Intelligent rinse cycles (cumulative count), Membrane Type, Operational days (aggregated daily), pH level, Remaining Useful Life (RUL), Total Dissolved Solids (TDS)",True,False,False,False,False,True,2,1,task+input_type
49,One step future state forecast,,hydraulic cylinder,,,,True,False,True,False,False,False,2,1,task+case_study
50,One step future state forecast,,,,,,True,False,False,False,False,False,1,0,task
51,Health assessment,,smart home system,,,,True,False,True,False,False,False,2,1,task+case_study
52,Fault feature extraction,,face-milling tool,,,"cutting parameters, tool geometry, workpiece material properties, vibration signal acquired during drilling",True,False,True,False,False,True,3,2,task+case_study+input_type
53,One step future state forecast,,,,,,True,False,False,False,False,False,1,0,task
54,Remaining useful life estimation,,,,,"Factshealth_indicator_1, temperature signal, vibration signal, factsTemperatureVar, factsVibrationVar",True,False,False,False,False,True,2,1,task+input_type
55,Fault feature extraction,,,,,"magnetic field phase, multiscale mutual information features extracted from the magnetostriction series, time-domain statistical features",True,False,False,False,False,True,2,1,task+input_type
56,One step future state forecast,,,,,"FactsGroundSpeed, FactsVerticalDistance, FactsWindShearSource",True,False,False,False,False,True,2,1,task+input_type
57,Fault feature extraction,,connector (component example),,,Noise factors,True,False,True,False,False,True,3,2,task+case_study+input_type
58,Remaining useful life estimation,,end mill,,,"FactscuttingForce, FactsdepthOfCut, FactsfeedRate, FactsmachinePowerSignal, FactsmachineVibrationSignal, wear area, FactswearAreaFeature",True,False,True,False,False,True,3,2,task+case_study+input_type
59,Fault feature extraction,,CNC cutting tool,,,"FactsForceSignal, FactsMicroGeometryOfCuttingEdge, FactsTemperature_3",True,False,True,False,False,True,3,2,task+case_study+input_type
60,Health assessment,,,,,,True,False,False,False,False,False,1,0,task
61,Remaining useful life estimation,,,,,,True,False,False,False,False,False,1,0,task
62,Remaining useful life estimation,,,,,,True,False,False,False,False,False,1,0,task
63,Remaining useful life estimation,,,,,,True,False,False,False,False,False,1,0,task
64,Remaining useful life estimation,,turbofan engine,,,,True,False,True,False,False,False,2,1,task+case_study
65,Remaining useful life estimation,,,,,,True,False,False,False,False,False,1,0,task
66,One step future state forecast,,,,,,True,False,False,False,False,False,1,0,task
67,Remaining useful life estimation,,large-scale mining equipment,,,,True,False,True,False,False,False,2,1,task+case_study
68,One step future state forecast,,Insulator,,,"Leakage current, Heavy (HP) pollution level",True,False,True,False,False,True,3,2,task+case_study+input_type
69,Health assessment,,lithium-ion battery,,,"FactsBatteryCurrent, factsBatterySoh, factsChargingCurveFeature3",True,False,True,False,False,True,3,2,task+case_study+input_type
70,One step future state forecast,,,,,,True,False,False,False,False,False,1,0,task
71,Remaining useful life estimation,,,,,,True,False,False,False,False,False,1,0,task
72,Remaining useful life estimation,,,,,,True,False,False,False,False,False,1,0,task
73,One step future state forecast,,,,,,True,False,False,False,False,False,1,0,task
74,Remaining useful life estimation,,aeroengines,,,,True,False,True,False,False,False,2,1,task+case_study
75,One step future state forecast,,,,,,True,False,False,False,False,False,1,0,task
76,Fault detection,,,,,,True,False,False,False,False,False,1,0,task
77,One step future state forecast,,ASTRI-Horn Cherenkov telescope,,,"FactsAstriHornMonitoringTimeSeries, Azimuth motor sensor measurements (aggregate), Elevation motor sensor measurements (aggregate)",True,False,True,False,False,True,3,2,task+case_study+input_type
78,One step future state forecast,,,,,"FactsbodyForcePerUnitMass, FactsfluidCauchyStress, FactssolidDensity",True,False,False,False,False,True,2,1,task+input_type
79,One step future state forecast,,Valve spool (spool),,,,True,False,True,False,False,False,2,1,task+case_study
80,Remaining useful life estimation,,DTU research turbine (Vestas V52),,,"FactsBladeRootStrainGauge, FactsScadaData",True,False,True,False,False,True,3,2,task+case_study+input_type
81,Fault detection,,,,,"kurtosis, quadratic mean, skewness",True,False,False,False,False,True,2,1,task+input_type
82,Fault feature extraction,,NP-27T emergency hydraulic pump,,,"particle count (ISO 4406), wear metal concentration (ICP-OES)",True,False,True,False,False,True,3,2,task+case_study+input_type
83,One step future state forecast,,bearing,,,"data partitioning methods, hyperparameter choices, network depth, vibration statistical features (time-domain, frequency-domain, time-frequency)",True,False,True,False,False,True,3,2,task+case_study+input_type
84,Fault feature extraction,,Induction motor,,,"12-dimensional feature space, stator currents",True,False,True,False,False,True,3,2,task+case_study+input_type
85,Remaining useful life estimation,,,,,"accelerated aging power cycling tests, variation of saturated voltage drop",True,False,False,False,False,True,2,1,task+input_type
86,Fault identification,,rotor shaft-disk,,,spectral features,True,False,True,False,False,True,3,2,task+case_study+input_type
87,Fault detection,,laboratory grid-connected PV system,,,"current, Histogram of Oriented Gradients features extracted from PV images, power, FactsScalogram, solar irradiance, temperature",True,False,True,False,False,True,3,2,task+case_study+input_type
88,Remaining useful life estimation,,,,,,True,False,False,False,False,False,1,0,task
89,Remaining useful life estimation,,stator winding (motor),,,"overload, torque (signal commonly available in SCADA), unbalanced supply voltage, power, speed, temperature, torque",True,False,True,False,False,True,3,2,task+case_study+input_type
90,Remaining useful life estimation,,,,,"Health Index, FactsHi1",True,False,False,False,False,True,2,1,task+input_type
91,Fault detection,,power electronic converter,,,"FactsDcLinkCapacitance, FactsstatorResistance, FactssynchronousInductance",True,False,True,False,False,True,3,2,task+case_study+input_type
92,Fault detection,,Oil and gas pipeline networks,,,,True,False,True,False,False,False,2,1,task+case_study
93,Remaining useful life estimation,,diagnostic imaging system,,,"atrial sensing amplitude, implant duration, output settings, RV/LV capture threshold, multivariate telemetry features (routinely collected)",True,False,True,False,False,True,3,2,task+case_study+input_type
94,Fault detection,,,,,,True,False,False,False,False,False,1,0,task
95,Remaining useful life estimation,,Equipment (maintainable item),,,Sensor data stream,True,False,True,False,False,True,3,2,task+case_study+input_type
96,Fault detection,,,,,,True,False,False,False,False,False,1,0,task
97,Remaining useful life estimation,,IGBT device,,,"blocking voltage (V), bond wire diameter (D), DC current (I), heating duration (t_on)",True,False,True,False,False,True,3,2,task+case_study+input_type
98,Health assessment,,induction motor,,,"FactsCurrentSignatureData, vibration signal, stator current signal",True,False,True,False,False,True,3,2,task+case_study+input_type
99,Remaining useful life estimation,,components operating under high temperatures,,,"Creep activation energy (Qc), Larson-Miller parameter (P_LM), Manson-Succop parameter (P_MS), Orr-Sherby-Dorn parameter (P_OSD), Rupture time (tr), Stress (Ï), Temperature (T)",True,False,True,False,False,True,3,2,task+case_study+input_type
100,Health assessment,,electric drive,,,"FactsTemperature, FactsVibration",True,False,True,False,False,True,3,2,task+case_study+input_type
101,Fault feature extraction,,switch machines,,,"empirical mode decomposition, time-domain features, kurtosis, degradation evolution of turnout machines, variance",True,False,True,False,False,True,3,2,task+case_study+input_type
102,Remaining useful life estimation,,distributed PV plants,,,,True,False,True,False,False,False,2,1,task+case_study
103,Remaining useful life estimation,,power electronic components,,,"AC output power, Factsfeature2_9",True,False,True,False,False,True,3,2,task+case_study+input_type
104,Remaining useful life estimation,,state of health,,,"FactsbatteryInternalResistance, state of health, FactsurbanTerrainRoads, FactszAxisVibrations",True,False,True,False,False,True,3,2,task+case_study+input_type
105,Fault detection,,induction motor,,,"time-domain features, Factsvariable_1",True,False,True,False,False,True,3,2,task+case_study+input_type
106,Remaining useful life estimation,,lithium-ion battery,,,"capacity degradation, capacity sequence",True,False,True,False,False,True,3,2,task+case_study+input_type
107,Fault detection,,analog gauge,,,"flow rate, pressure, temperature",True,False,True,False,False,True,3,2,task+case_study+input_type
108,One step future state forecast,,ultra-high voltage gas-insulated switchgear (GIS),,,"C (speed of propagation), SF6 gas temperature, T (absolute temperature), Î» (wavelength), Ï (angular frequency), SF6 gas density",True,False,True,False,False,True,3,2,task+case_study+input_type
109,Remaining useful life estimation,,Lithium-ion battery,,,InformationContentEntity,True,False,True,False,False,True,3,2,task+case_study+input_type
110,Health assessment,,,,,leakage current,True,False,False,False,False,True,2,1,task+input_type
111,Fault identification,,industrial systems,,,"vibration data, data from the different states, physics laws, simulations based on a physics model, nodes representing components, edges capturing physical interactions",True,False,True,False,False,True,3,2,task+case_study+input_type
112,One step future state forecast,,,,,,True,False,False,False,False,False,1,0,task
113,Fault detection,,bearing,,,"time-domain features, acoustic signals, vibration data, Fourier transform-encoded representations, gray texture images, raw data",True,False,True,False,False,True,3,2,task+case_study+input_type
114,One step future state forecast,,,,,"SM capacitance, FactsEsr, FactsStandardElectricalMeasurements",True,False,False,False,False,True,2,1,task+input_type
115,One step future state forecast,,,,,,True,False,False,False,False,False,1,0,task
116,Health assessment,,RSS,,,potential sensor signal,True,False,True,False,False,True,3,2,task+case_study+input_type
117,Fault detection,,wind turbine,,,SCADA data,True,False,True,False,False,True,3,2,task+case_study+input_type
118,Fault detection,,,,,,True,False,False,False,False,False,1,0,task
119,Health assessment,,robotic arm,,,"telemetry, faults, network topology",True,False,True,False,False,True,3,2,task+case_study+input_type
120,One step future state forecast,,city bus engine,,,"Engine load variability, Environmental conditions, Maintenance histories, FactsNitration_1, Operating profiles, FactsOxidation_1, Prolonged idling, FactsSulfation, FactsTan, extreme contamination (oil), wear metals concentration (oil)",True,False,True,False,False,True,3,2,task+case_study+input_type
121,One step future state forecast,,industrial equipment,,,"nonlinear degradation patterns, domain knowledge, health information, multi-sensor information fusion, sensor data, training/testing data distributions",True,False,True,False,False,True,3,2,task+case_study+input_type
122,Remaining useful life estimation,,aircraft engine,,,"failure time, operational setting 1, sensor measurement, transformed target, feature value",True,False,True,False,False,True,3,2,task+case_study+input_type
123,Fault identification,,photovoltaic panels,,,"environmental conditions, infrared thermography, irradiation, radiometrically normalised thermal data",True,False,True,False,False,True,3,2,task+case_study+input_type
124,Fault feature extraction,,bearing data,,,"background noise, Factsfact6_45, vibration signals",True,False,True,False,False,True,3,2,task+case_study+input_type
125,Fault detection,,Pressure Sensor,,,,True,False,True,False,False,False,2,1,task+case_study
126,Health modelling,,,,,"Facts3d_2d_information, Factskeyword5_2, FactsrealAircraftData, inspection evidence, reliability parameters, contextual changes",True,False,False,False,False,True,2,1,task+input_type
127,Health assessment,,degradation dataset target item,,,"FactsvarPressure, FactsvarTemperature, FactsvarVibration",True,False,True,False,False,True,3,2,task+case_study+input_type
128,Remaining useful life estimation,,3 MW wind turbine,,,"SCADA data, gearbox temperature, calibrated wind speed",True,False,True,False,False,True,3,2,task+case_study+input_type
129,Fault detection,,industrial machines,,,"FactscurrentVar, failure modes",True,False,True,False,False,True,3,2,task+case_study+input_type
130,Fault detection,,cutter,,,"tip width, operating parameters, traverse speed, rotational speed, specific energy consumption",True,False,True,False,False,True,3,2,task+case_study+input_type
131,Fault detection,,rolling element bearings,,,"5-shot tasks, network architectures, engineering stability, industrial engineering environments, parameter selection, computational complexity, linear features, data scarcity, fault diagnosis",True,False,True,False,False,True,3,2,task+case_study+input_type
132,Fault detection,,blades,,,"SCADA variables, 10 min SCADA statistics",True,False,True,False,False,True,3,2,task+case_study+input_type
133,Fault detection,,,,,"FactsacousticEmissions, Factsforce, sensor data, Factstemperature_2",True,False,False,False,False,True,2,1,task+input_type
134,Remaining useful life estimation,,,,,"FactsacousticEmission, FactsmotorVoltage, tool wear, Factsvibrations",True,False,False,False,False,True,2,1,task+input_type
135,Remaining useful life estimation,,Eurotram bogie,,,virtual sensor (BIM-generated),True,False,True,False,False,True,3,2,task+case_study+input_type
136,Fault feature extraction,,contact system,,,"FactsEquipmentAging, operation records, sensor data, FactsnormalizedContactSystemData, pole number (index used to reorder maintenance data)",True,False,True,False,False,True,3,2,task+case_study+input_type
137,Remaining useful life estimation,,,,,,True,False,False,False,False,False,1,0,task
138,Health assessment,,engine,,,"faulty products, noise status, scheduling, highly compressed measurements, rolling element bearings signals datasets, shop floor scenarios, machinery performance, workstations, vibration level, Factsvisits",True,False,True,False,False,True,3,2,task+case_study+input_type
139,One step future state forecast,,MSS,,,,True,False,True,False,False,False,2,1,task+case_study
140,Fault detection,,insulation materials,,,,True,False,True,False,False,False,2,1,task+case_study
141,Health assessment,,FPGA,,,"gearbox bearing temperatures, GELU",True,False,True,False,False,True,3,2,task+case_study+input_type
142,Remaining useful life estimation,,battery,,,"charge/discharge rates, current, impedance metrics, temperature profiles, timestamped operating metrics, voltage",True,False,True,False,False,True,3,2,task+case_study+input_type
143,Fault detection,,tool wear,,,tool wear,True,False,True,False,False,True,3,2,task+case_study+input_type
144,Health assessment,,rotor system,,,"blade-root bending-moment measurements, R2, wind-speed profile",True,False,True,False,False,True,3,2,task+case_study+input_type
145,Remaining useful life estimation,,Fault_detection,,,,True,False,True,False,False,False,2,1,task+case_study
146,Fault detection,,HI,,,,True,False,True,False,False,False,2,1,task+case_study
147,Fault detection,,,,,"feature weight assignment, missing values",True,False,False,False,False,True,2,1,task+input_type
148,Health assessment,,Autonomous Mobile Robots,,,,True,False,True,False,False,False,2,1,task+case_study
149,Fault detection,,cutting tool with thin-film thermocouple,,,,True,False,True,False,False,False,2,1,task+case_study
150,Fault detection,,,,,"equipment vibration, monitoring data, monitoring data such as vibration and temperature",True,False,False,False,False,True,2,1,task+input_type
151,Health assessment,,,,,"temperature, pressure, vibration",True,False,False,False,False,True,2,1,task+input_type
152,One step future state forecast,,,,,,True,False,False,False,False,False,1,0,task
153,Fault detection,,single-unit system,,,"sensors, reliability information, CM data, control policies, Remaining Life Distributions (RLDs), sensor data, training data",True,False,True,False,False,True,3,2,task+case_study+input_type
154,Remaining useful life estimation,,critical equipment,,,"condition monitoring data, degradation signal, failure data, fracture length, valve opening time, Factsvar1_6, vibration",True,False,True,False,False,True,3,2,task+case_study+input_type
155,Fault detection,,failure samples,,,"FactsheadLoadUnloadCycles, SMART indicators, SMART",True,False,True,False,False,True,3,2,task+case_study+input_type
156,Fault detection,,dynamically loaded bearings,,,"FactsmagneticFluxVariationMeasurement1, FactspadThermalLoad1, FactsstrainGauge1, probes",True,False,True,False,False,True,3,2,task+case_study+input_type
157,Health modelling,,industrial equipment,,,,True,False,True,False,False,False,2,1,task+case_study
158,Remaining useful life estimation,,bridge damage,,,,True,False,True,False,False,False,2,1,task+case_study
159,Fault detection,,DC motor,,,"voltage, environmental data, temperature, current, vibration",True,False,True,False,False,True,3,2,task+case_study+input_type
160,Fault detection,,ATP,,,failure rate series,True,False,True,False,False,True,3,2,task+case_study+input_type
161,Fault detection,,DCB,,,,True,False,True,False,False,False,2,1,task+case_study
162,One step future state forecast,,,,,,True,False,False,False,False,False,1,0,task
163,Remaining useful life estimation,,Lithium-ion battery (LIB),,,"Current, Early Prediction Start Offset (EPSO), Temperature, Voltage",True,False,True,False,False,True,3,2,task+case_study+input_type
164,Fault detection,,rice seedling tray,,,,True,False,True,False,False,False,2,1,task+case_study
165,Fault detection,,elevator,,,"electrical current, fault data, inspectors' experience, noise, self-inspections, sensor signals, training data, vibration, visual checks",True,False,True,False,False,True,3,2,task+case_study+input_type
166,Fault detection,,turbocharged marine diesel engine,,,"Factsmulti_sensor_vibration_data1, Factsvibration_signal1_4",True,False,True,False,False,True,3,2,task+case_study+input_type
167,One step future state forecast,,DESMI NSLV-R 500-510,,,,True,False,True,False,False,False,2,1,task+case_study
168,Fault detection,,engine,,,"FactsAudioModalities, engine fault time-frequency features (audio), spatial features (image), FactsThermalImageModalities, FactsVibrationVisModalities",True,False,True,False,False,True,3,2,task+case_study+input_type
169,One step future state forecast,,,,,,True,False,False,False,False,False,1,0,task
170,Remaining useful life estimation,,mine hoisting equipment,,,large labeled datasets,True,False,True,False,False,True,3,2,task+case_study+input_type
171,Remaining useful life estimation,,,,,,True,False,False,False,False,False,1,0,task
172,Fault detection,,controllable distributed resources,,,,True,False,True,False,False,False,2,1,task+case_study
173,Fault detection,,sample,,,"capacitance change, resistance change, damage size, crack size, false positives",True,False,True,False,False,True,3,2,task+case_study+input_type
174,Fault detection,,brush,,,"Factsspeed_input1, thermal behavior assessment",True,False,True,False,False,True,3,2,task+case_study+input_type
175,Remaining useful life estimation,,gear,,,,True,False,True,False,False,False,2,1,task+case_study
176,Remaining useful life estimation,,CMAPSS dataset,,,,True,False,True,False,False,False,2,1,task+case_study
177,Fault detection,,ball bearing,,,"deep belief network, vibration data, actual plant conditions, signal-to-noise ratio, time-frequency-amplitude details, CWT signatures, kurtosis, fatigue, wear, stacked autoencoder, support vector machine, acoustic emission signals, scalogram, vibration signals, Factsvar5_19, accuracy",True,False,True,False,False,True,3,2,task+case_study+input_type
178,Health assessment,,,,,,True,False,False,False,False,False,1,0,task
179,Fault detection,,lithium-ion batteries,,,"performance degradation index, Factsperiodicity, FactstimeSeries",True,False,True,False,False,True,3,2,task+case_study+input_type
180,Fault detection,,,,,,True,False,False,False,False,False,1,0,task
181,Fault detection,,gears,,,,True,False,True,False,False,False,2,1,task+case_study
182,Remaining useful life estimation,,enterprise print settings,,,"device health signals, historical print logs, toner consumption trends, user behaviors",True,False,True,False,False,True,3,2,task+case_study+input_type
183,Fault feature extraction,,gear,,,"input features, SEM images, wear particle analysis data, debris morphology, FactsscanningElectronMicroscopy, vibration signals, nanoparticle morphometrics, FactsvibrationSignalAnalysis",True,False,True,False,False,True,3,2,task+case_study+input_type
184,Fault feature extraction,,,,,Life Health Index Model,True,False,False,False,False,True,2,1,task+input_type
185,Fault feature extraction,,wind turbine gearbox,,,"Mean (TF-3), FactstimeDomainFeatures",True,False,True,False,False,True,3,2,task+case_study+input_type
186,Fault detection,,,,,,True,False,False,False,False,False,1,0,task
187,Fault detection,,bearings,,,,True,False,True,False,False,False,2,1,task+case_study
188,Remaining useful life estimation,,industrial assets,,,outliers,True,False,True,False,False,True,3,2,task+case_study+input_type
189,Fault detection,,bearings,,,signal,True,False,True,False,False,True,3,2,task+case_study+input_type
190,Fault detection,,cables,,,"RS, cross-excitation experiment, time-domain waveform, measurement noise, artifact response, temporal behavior, physically meaningful reflection",True,False,True,False,False,True,3,2,task+case_study+input_type
191,Remaining useful life estimation,,refrigeration equipment,,,"FactsCoolingLevel, FactsSamplingRate",True,False,True,False,False,True,3,2,task+case_study+input_type
192,Remaining useful life estimation,,equipment,,,,True,False,True,False,False,False,2,1,task+case_study
193,Remaining useful life estimation,,battery,,,"AC impedance, internal resistance changes, lithium iron phosphate, nickel manganese cobalt, incremental capacity curve features, IC curve area, temperature, discharge current",True,False,True,False,False,True,3,2,task+case_study+input_type
194,Health assessment,,air compressors,,,PdM systems,True,False,True,False,False,True,3,2,task+case_study+input_type
195,Fault detection,,bus air compressor unit,,,,True,False,True,False,False,False,2,1,task+case_study
196,Fault detection,,EV drive motors,,,,True,False,True,False,False,False,2,1,task+case_study
197,Remaining useful life estimation,,gearbox,,,,True,False,True,False,False,False,2,1,task+case_study
198,Health assessment,,modern machines,,,"electrical parameters, electrical signature, labelled fault datasets, FactsmultiModeProductionCycles, FactsvariableLoads",True,False,True,False,False,True,3,2,task+case_study+input_type
199,Fault detection,,,,,"acoustic signal (input variable for diagnostic models), FactsMfcc",True,False,False,False,False,True,2,1,task+input_type
200,Remaining useful life estimation,,Moulder,,,repair data,True,False,True,False,False,True,3,2,task+case_study+input_type
201,Fault feature extraction,,Brushless DC motor,,,"FactsMultiplePhysicalQuantities, Factsdataset1_1",True,False,True,False,False,True,3,2,task+case_study+input_type
202,Health assessment,,bearing,,,rotational speed,True,False,True,False,False,True,3,2,task+case_study+input_type
203,Health assessment,,engine,,,"time series, multivariate sensor trajectories",True,False,True,False,False,True,3,2,task+case_study+input_type
204,Health assessment,,internal combustion engine (vehicle),,,"FactsCombustionEfficiency, FactsLoadProfile, oil condition (diagnostic variable), FactsTemperatureFluctuations_1, Factsfinding2, Factsviscosity",True,False,True,False,False,True,3,2,task+case_study+input_type
205,Health assessment,,,,,"FactsCurrentData, Electrochemical impedance spectrum (EIS), FactsIncrementalCapacityFeature, FactsTemperatureData, FactsVoltageBasedFeature",True,False,False,False,False,True,2,1,task+input_type
206,Fault detection,,rolling bearings,,,"CWRUDataset, Time-domain features",True,False,True,False,False,True,3,2,task+case_study+input_type
207,Remaining useful life estimation,,electronic subsystems within biomedical devices,,,"safety, surface temperature, thermal anomalies",True,False,True,False,False,True,3,2,task+case_study+input_type
208,Health assessment,,transformers,,,"Factsdata6_1, diagnostic accuracy",True,False,True,False,False,True,3,2,task+case_study+input_type
209,Remaining useful life estimation,,,,,"FactsL0, leaking rate (ESN hyperparameter), regularization coefficient (ESN hyperparameter), reservoir size (ESN hyperparameter), spectral radius (ESN hyperparameter), L0 (initial crack length)",True,False,False,False,False,True,2,1,task+input_type
210,Fault detection,,gas pipeline,,,,True,False,True,False,False,False,2,1,task+case_study
211,Fault detection,,MV PLC equipment,,,,True,False,True,False,False,False,2,1,task+case_study
212,Fault detection,,hub,,,grid size,True,False,True,False,False,True,3,2,task+case_study+input_type
213,Fault detection,,marine shafting,,,"air-spring pressure, raft strain, bearing load",True,False,True,False,False,True,3,2,task+case_study+input_type
214,Health assessment,,bearing,,,"temperature profile, vibration signal, GLCM, LBP, feature",True,False,True,False,False,True,3,2,task+case_study+input_type
215,Remaining useful life estimation,,epoxy resin,,,"Arrhenius equation, oxidation, relaxation behavior, molecular chain segment motion, interfacial polarization, ion migration, energy barrier, diagnosis, epoxy resin systems, epoxy-insulated transformers, high-frequency transformers, dry-type transformers, internal microstructure, cross-linking, bond breakage, aging time, dielectric constant, loss, life prediction",True,False,True,False,False,True,3,2,task+case_study+input_type
216,Fault detection,,,,,"FactscrossflowVelocity, Factsflux, 3Ï sensing, FactstransmembranePressure",True,False,False,False,False,True,2,1,task+input_type
217,Fault detection,,aircraft,,,aircraft,True,False,True,False,False,True,3,2,task+case_study+input_type
218,Health assessment,,asset,,,,True,False,True,False,False,False,2,1,task+case_study
219,One step future state forecast,,,,,,True,False,False,False,False,False,1,0,task
220,One step future state forecast,,,,,"FactsFrequencyShift_1, FactsIcingMass, FactsRawAccelerationTimeSeries, FactsScadaParameters, FactsSpectralImages, FactsTemperature_1, FactsVibrationDynamics, Factsf1_frequency_feature",True,False,False,False,False,True,2,1,task+input_type
221,Remaining useful life estimation,,,,,"CO2 (PPM), mf (kg/s), FactsRpmMeasurement, Total power, Thrust, Total power (KW), Turbine RPM, Factsco2_emission, Exhaust gas temperature, Fuel flow rate, FactsthrustMeasurement",True,False,False,False,False,True,2,1,task+input_type
222,Health assessment,,bolt,,,"acoustic response, external impact, Factsvariable2_5",True,False,True,False,False,True,3,2,task+case_study+input_type
223,Remaining useful life estimation,,aircraft engine,,,"operational cycles, critical sensors",True,False,True,False,False,True,3,2,task+case_study+input_type
224,Fault detection,,power grid,,,,True,False,True,False,False,False,2,1,task+case_study
225,One step future state forecast,,,,,,True,False,False,False,False,False,1,0,task
226,Remaining useful life estimation,,,,,"historical observation sequences, variable tokens, metering vane LVDT displacement",True,False,False,False,False,True,2,1,task+input_type
227,One step future state forecast,,,,,,True,False,False,False,False,False,1,0,task
228,Health assessment,,bolt-nut fastener,,,,True,False,True,False,False,False,2,1,task+case_study
229,Fault detection,,on-load tap changer,,,"vibration signal, acoustic signal",True,False,True,False,False,True,3,2,task+case_study+input_type
230,Fault identification,,aircraft component,,,"non-IID data, client updates, sensor data, risk vector",True,False,True,False,False,True,3,2,task+case_study+input_type
231,Fault detection,,biomedical equipment,,,,True,False,True,False,False,False,2,1,task+case_study
232,Remaining useful life estimation,,,,,"FactsdegradationStages, multivariate time series data",True,False,False,False,False,True,2,1,task+input_type
233,Fault feature extraction,,electric motor,,,accuracy,True,False,True,False,False,True,3,2,task+case_study+input_type
234,Fault detection,,fan,,,"htBleed, Nc",True,False,True,False,False,True,3,2,task+case_study+input_type
235,Fault detection,,WTBs,,,"blade chamber acoustic signal, condition monitoring information, acoustic signals",True,False,True,False,False,True,3,2,task+case_study+input_type
236,Remaining useful life estimation,,PEMFC,,,PEMFC voltage sequence,True,False,True,False,False,True,3,2,task+case_study+input_type
237,Fault detection,,bearing,,,"Factsdetail2_12, vibration signals, power spectrum, entropy features, HHT images, severity levels, log-likelihoods from the HMM",True,False,True,False,False,True,3,2,task+case_study+input_type
238,Fault detection,,transformer breathing system,,,"breathing frequency, load variation, oil level variation rate, oil pressure, pressure, temperature",True,False,True,False,False,True,3,2,task+case_study+input_type
239,Fault detection,,aero-engines,,,"lifecycle labels, LSTM",True,False,True,False,False,True,3,2,task+case_study+input_type
240,Health assessment,,Li-ion 18650 cells,,,"actual resistance, 100 Hz, impedance modulus, phase angle",True,False,True,False,False,True,3,2,task+case_study+input_type
241,Remaining useful life estimation,,engine system,,,Health indicator (HI),True,False,True,False,False,True,3,2,task+case_study+input_type
242,Health assessment,,,,,"Facts2_furfuraldehyde, FactsdegreeOfPolymerization, Factsdp",True,False,False,False,False,True,2,1,task+input_type
243,Remaining useful life estimation,,auxiliary equipment,,,"wear, kurtosis, noise, skewness, ultrasound level, variance, vibration data",True,False,True,False,False,True,3,2,task+case_study+input_type
244,Fault detection,,,,,"pressure, temperature, vibration, performance",True,False,False,False,False,True,2,1,task+input_type
245,Remaining useful life estimation,,FD001,,,"FactsnormalizedSensorSequences, Factspretraining, FactsrulTarget, FactsrunToFailureTrajectories, FactstrainingCappedRulLabels",True,False,True,False,False,True,3,2,task+case_study+input_type
246,Health assessment,,failure,,,,True,False,True,False,False,False,2,1,task+case_study
247,Fault detection,,Damaged Top Right Blade,,,"accelerometer signals, x-axis, batch size, multi-axis vibration data, raw time domain signals, temporal segments, vibration channels",True,False,True,False,False,True,3,2,task+case_study+input_type
248,Fault detection,,dataset,,,"FactssensorData_1, temperature, pressure, vibration, acoustic emission, motor power consumption, main bearing pressure, feed flow rate",True,False,True,False,False,True,3,2,task+case_study+input_type
249,Fault detection,,RO system,,,"differential pressure across RO vessel, feedwater temperature, flow rate, membrane pressure",True,False,True,False,False,True,3,2,task+case_study+input_type
250,Health assessment,,cable insulation,,,"FactsdataVariablePartialDischarge, FactsdataVariableTunnelHumidity, tunnel humidity",True,False,True,False,False,True,3,2,task+case_study+input_type
251,Fault detection,,motor,,,"noise variables, degradation models, torque data",True,False,True,False,False,True,3,2,task+case_study+input_type
252,One step future state forecast,,,,,,True,False,False,False,False,False,1,0,task
253,Fault detection,,scrapers,,,"FactsacciAlgorithm, FactsrealTimeMonitoring_1, FactssignalDrift",True,False,True,False,False,True,3,2,task+case_study+input_type
254,Remaining useful life estimation,,aero-engine,,,"deep feature information, flight parameters, FPT, HI, multi-source features, original data, sensor information",True,False,True,False,False,True,3,2,task+case_study+input_type
255,Fault detection,,low-voltage instrumentation and control cable,,,,True,False,True,False,False,False,2,1,task+case_study
256,One step future state forecast,,bearings,,,"absolute average amplitude value (AAAV), Gini coefficient (GI), kurtosis (KURT), standard deviation (SD), vibration signals (time-domain input variable)",True,False,True,False,False,True,3,2,task+case_study+input_type
257,Remaining useful life estimation,,,,,,True,False,False,False,False,False,1,0,task
258,Remaining useful life estimation,,CNC machine tool,,,features,True,False,True,False,False,True,3,2,task+case_study+input_type
259,Remaining useful life estimation,,aircraft central maintenance system log-based dataset,,,"aircraft communications data, maintenance event logs, sparse streams, survival times, competing risks, sparse event logs",True,False,True,False,False,True,3,2,task+case_study+input_type
260,Fault detection,,AHU,,,,True,False,True,False,False,False,2,1,task+case_study
261,Fault detection,,Badra Oil Field,,,,True,False,True,False,False,False,2,1,task+case_study
262,Fault detection,,Synchronous Reluctance Machine,,,"SVM, stator currents, Factsvar1_23",True,False,True,False,False,True,3,2,task+case_study+input_type
263,Fault detection,,pantograph,,,,True,False,True,False,False,False,2,1,task+case_study
264,Health assessment,,face milling cutter,,,"cutting forces, energy consumption, thermal behavior, Factsvariable2_12",True,False,True,False,False,True,3,2,task+case_study+input_type
265,Fault detection,,andesite,,,"RMS, vibration data",True,False,True,False,False,True,3,2,task+case_study+input_type
266,Health assessment,,,,,"DescriptiveInformationContentEntity, FactsphysicochemicalPhenomena",True,False,False,False,False,True,2,1,task+input_type
267,Fault detection,,,,,,True,False,False,False,False,False,1,0,task
268,Health modelling,,,,,"FactsvarCurrent, FactsvarTemperature",True,False,False,False,False,True,2,1,task+input_type
269,Fault feature extraction,,induction motor,,,"diagnostic patterns, fault-related harmonics, high-precision faulty patterns",True,False,True,False,False,True,3,2,task+case_study+input_type
270,One step future state forecast,,,,,,True,False,False,False,False,False,1,0,task
271,Fault detection,,charging pile,,,"current, temperature, voltage",True,False,True,False,False,True,3,2,task+case_study+input_type
272,Health assessment,,transformer,,,"historical data, indicators",True,False,True,False,False,True,3,2,task+case_study+input_type
273,Fault detection,,No. 1 WÃRTSILÃ 8L20 diesel engine,,,"grid-structured data, sequential data, spatial features, engine thermal behavior, cylinder exhaust gas temperature, global contextual relationships, long-range temporal patterns, lubrication conditions, cylinder pressure, turbocharger speed, exhaust gas temperature",True,False,True,False,False,True,3,2,task+case_study+input_type
274,Health assessment,,industrial equipment,,,"acoustic emissions, sensor readings, temperature, vibration",True,False,True,False,False,True,3,2,task+case_study+input_type
275,Health assessment,,stretchable tri-axis solid-state sensor,,,,True,False,True,False,False,False,2,1,task+case_study
276,Fault feature extraction,,gear,,,"FactsMotorCurrentSignal, FactsResidualVibrationSignal",True,False,True,False,False,True,3,2,task+case_study+input_type
277,Fault detection,,80MN electric screw press,,,"oil pressure signals, signal data",True,False,True,False,False,True,3,2,task+case_study+input_type
278,Fault feature extraction,,bearing,,,"bearing, features",True,False,True,False,False,True,3,2,task+case_study+input_type
279,Fault detection,,PCB,,,,True,False,True,False,False,False,2,1,task+case_study
280,Fault detection,,dampers,,,"inspection workflows, multi-scale object distributions, Regions of Interest (ROIs)",True,False,True,False,False,True,3,2,task+case_study+input_type
281,Remaining useful life estimation,,bogie frame,,,"cyclic loading, digital image correlation, Fy d, 46 distinct service load cases, strain gauges",True,False,True,False,False,True,3,2,task+case_study+input_type
282,Fault identification,,crack,,,,True,False,True,False,False,False,2,1,task+case_study
283,Fault feature extraction,,main reservoir,,,"historical data, operational conditions, real-time data, Factsvar1_12, vehicle status",True,False,True,False,False,True,3,2,task+case_study+input_type
284,Fault detection,,equipment,,,"humidity, temperature, usage time, vibration, wear and tear",True,False,True,False,False,True,3,2,task+case_study+input_type
285,One step future state forecast,,,,,,True,False,False,False,False,False,1,0,task
286,Fault detection,,hybrid electric vehicles,,,"road gradient, speed, ambient temperature",True,False,True,False,False,True,3,2,task+case_study+input_type
287,Fault detection,,machinery,,,"known health states, mechanical conditions, rotational speed, temperature, aging conditions, damage level, fault conditions, operational and environmental variables, FactsvibrationFeature2",True,False,True,False,False,True,3,2,task+case_study+input_type
288,Health assessment,,bearing,,,"FactsdistributionShifts, FactssensorPlacement_1, sensor variable, FactstimeVaryingDegradation",True,False,True,False,False,True,3,2,task+case_study+input_type
289,Remaining useful life estimation,,lithium battery,,,,True,False,True,False,False,False,2,1,task+case_study
290,Remaining useful life estimation,,EV battery,,,"Factscurrent1, Factsdepth_of_discharge1, EV battery, Active balance, machine learning",True,False,True,False,False,True,3,2,task+case_study+input_type
291,Health assessment,,,,,,True,False,False,False,False,False,1,0,task
292,Remaining useful life estimation,,40-year-old induction motor,,,"FactsinsulationResistance, FactsleakageCurrent, FactswindingIntegrity",True,False,True,False,False,True,3,2,task+case_study+input_type
293,Fault detection,,silicon-carbon cell,,,,True,False,True,False,False,False,2,1,task+case_study
294,One step future state forecast,,,,,,True,False,False,False,False,False,1,0,task
295,One step future state forecast,,substation circuit breakers,,,,True,False,True,False,False,False,2,1,task+case_study
296,Fault feature extraction,,CNN,,,"CNN, background noise, PD signals, Factsvar1_14, voltage fundamental wave",True,False,True,False,False,True,3,2,task+case_study+input_type
297,Health assessment,,,,,,True,False,False,False,False,False,1,0,task
298,Fault detection,,polymeric materials,,,"signal components, vibration signals",True,False,True,False,False,True,3,2,task+case_study+input_type
299,Fault detection,,Dunes plant,,,conductivity,True,False,True,False,False,True,3,2,task+case_study+input_type
300,One step future state forecast,,split roller bearing,,,"FactsfaultLocation, FactsmachineOperatingSpeeds",True,False,True,False,False,True,3,2,task+case_study+input_type
301,Fault detection,,airgap,,,,True,False,True,False,False,False,2,1,task+case_study
302,Fault detection,,power infrastructure,,,,True,False,True,False,False,False,2,1,task+case_study
303,Fault detection,,92%,,,,True,False,True,False,False,False,2,1,task+case_study
304,Fault detection,,gear,,,"Impedanzsignal, load",True,False,True,False,False,True,3,2,task+case_study+input_type
305,Health assessment,,conductors,,,iceshedding,True,False,True,False,False,True,3,2,task+case_study+input_type
306,One step future state forecast,,spur gearbox test rig,,,RÃ©nyi entropy,True,False,True,False,False,True,3,2,task+case_study+input_type
307,Fault detection,,three-phase induction motor,,,,True,False,True,False,False,False,2,1,task+case_study
308,One step future state forecast,,,,,,True,False,False,False,False,False,1,0,task
309,Fault feature extraction,,solid oxide fuel cell system,,,"Fault Signature Matrix, FactsResiduals",True,False,True,False,False,True,3,2,task+case_study+input_type
310,Fault detection,,IoT device,,,board,True,False,True,False,False,True,3,2,task+case_study+input_type
311,Fault identification,,plastic extrusion system,,,"energy, timestamps",True,False,True,False,False,True,3,2,task+case_study+input_type
312,Remaining useful life estimation,,lithium-ion battery,,,"current, internal resistance, FactslearningRate, temperature, voltage",True,False,True,False,False,True,3,2,task+case_study+input_type
313,Fault detection,,photovoltaic system,,,"raw electrical measurements, intelligent fault detection and classification framework",True,False,True,False,False,True,3,2,task+case_study+input_type
314,Remaining useful life estimation,,synchronous machine (maintainable item),,,"J, Î± = 0 (healthy), Factsfeature_ExcitationCurrent_200Hz, e",True,False,True,False,False,True,3,2,task+case_study+input_type
315,Fault detection,,,,,"FactsEntropyFeature, FactsInfraredThermography_1, FactsTimeDomainFeature, FactsVibrationSensorData",True,False,False,False,False,True,2,1,task+input_type
316,Fault detection,,IMS dataset,,,,True,False,True,False,False,False,2,1,task+case_study
317,Remaining useful life estimation,,,,,,True,False,False,False,False,False,1,0,task
318,Health assessment,,electric drive system,,,"monitoring data, vibration, internal resistance, crack length, wear volume, rotational speed, pressure, flow",True,False,True,False,False,True,3,2,task+case_study+input_type
319,Health assessment,,,,,input variables,True,False,False,False,False,True,2,1,task+input_type
320,Remaining useful life estimation,,,,,"FactscuttingForce, sinusoidal position encoding",True,False,False,False,False,True,2,1,task+input_type
321,Remaining useful life estimation,,LIBs for electric vehicles,,,"multi-domain feature, degradation-relevant descriptor, M-score, FactsfeatureSetVoltageCurrentTemperatureCapacity",True,False,True,False,False,True,3,2,task+case_study+input_type
322,Remaining useful life estimation,,battery,,,"FactsBatteryCapacity, FactsHealthFeatures",True,False,True,False,False,True,3,2,task+case_study+input_type
323,Remaining useful life estimation,,assets,,,inputs,True,False,True,False,False,True,3,2,task+case_study+input_type
324,Fault detection,,Alkaline Water Electrolyzer,,,"Factshi1, Factshi2",True,False,True,False,False,True,3,2,task+case_study+input_type
325,One step future state forecast,,railway wagon,,,,True,False,True,False,False,False,2,1,task+case_study
326,Fault detection,,machine,,,"energy drive signal, Internet of things sensors, vibration signal",True,False,True,False,False,True,3,2,task+case_study+input_type
327,Health assessment,,woven-type carbon fiber-reinforced polymer (CFRP) platelike structure,,,damage indicator (GW),True,False,True,False,False,True,3,2,task+case_study+input_type
328,Fault detection,,automatic test equipment,,,"accelerated life testing, analytics, ATE event logs, cumulative degradation time, drain current, real-time sensor data, robotic arm trajectories, subthreshold leakage",True,False,True,False,False,True,3,2,task+case_study+input_type
329,Health assessment,,engine room,,,,True,False,True,False,False,False,2,1,task+case_study
330,Remaining useful life estimation,,industrial centrifuges used in mining,,,"contextual factors, sensor temperatures, Factsvar1_21",True,False,True,False,False,True,3,2,task+case_study+input_type
331,Fault detection,,,,,"weather forecast, lightning, precipitation, wind speed",True,False,False,False,False,True,2,1,task+input_type
332,Fault detection,,double-lap joint,,,"cyclic ratcheting strain, intrinsic damage kinetics",True,False,True,False,False,True,3,2,task+case_study+input_type
333,Fault detection,,glass substrate,,,"FactsacousticEmissionSignal, FactsaeSensors, FactscuttingForceSignal",True,False,True,False,False,True,3,2,task+case_study+input_type
334,Fault detection,,,,,"moisture, age, insulation integrity, load, partial discharges",True,False,False,False,False,True,2,1,task+input_type
335,Fault detection,,analog circuit,,,"output response, output voltage, supply current",True,False,True,False,False,True,3,2,task+case_study+input_type
336,Fault detection,,,,,"shaft current baseline, shaft voltage signal",True,False,False,False,False,True,2,1,task+input_type
337,Remaining useful life estimation,,rolling bearing,,,"full lifecycle data, high-quality features, performance, vibration signals",True,False,True,False,False,True,3,2,task+case_study+input_type
338,Health assessment,,capacitor,,,,True,False,True,False,False,False,2,1,task+case_study
339,Remaining useful life estimation,,asset,,,,True,False,True,False,False,False,2,1,task+case_study
340,Health assessment,,AC motor,,,"dq-axis derived features, Phase currents",True,False,True,False,False,True,3,2,task+case_study+input_type
341,Health assessment,,PV system,,,"multi-sensor PV data, sensor noise, data gaps, unmodeled disturbances, humidity, panel soiling, partial shading, temperature stress, aging of semiconductor materials, sensor faults, Factsmae1_1",True,False,True,False,False,True,3,2,task+case_study+input_type
342,Fault detection,,wheel flat,,,,True,False,True,False,False,False,2,1,task+case_study
343,Health assessment,,,,,,True,False,False,False,False,False,1,0,task
344,Fault detection,,,,,"FactspulseTypePneumaticConveyingSignals, FactsstatisticallyNormalizedDistances, FactstimeDomainPulseDescriptors, pulse width, voltage fluctuations, response frequency, air pressure, mechanical wear, pipeline leakage",True,False,False,False,False,True,2,1,task+input_type
345,One step future state forecast,,,,,,True,False,False,False,False,False,1,0,task
346,Fault detection,,,,,"FactsdomainKnowledge_1, FactsnonLinearInteractions, Factsphase",True,False,False,False,False,True,2,1,task+input_type
347,Fault detection,,subsea pipeline,,,,True,False,True,False,False,False,2,1,task+case_study
348,Fault detection,,spur gears,,,"AE, wave amplitude",True,False,True,False,False,True,3,2,task+case_study+input_type
349,Fault identification,,all-terrain crane boom,,,"fault data, equivalent stresses, Factssimdata1",True,False,True,False,False,True,3,2,task+case_study+input_type
350,One step future state forecast,,aeroengine,,,"FactsassemblyPreload, FactscylindricalInterferenceFit",True,False,True,False,False,True,3,2,task+case_study+input_type
351,Fault detection,,Electric Parking Brake (EPB),,,non-linear time-series analysis,True,False,True,False,False,True,3,2,task+case_study+input_type
352,Health assessment,,grid-forming static var generator,,,,True,False,True,False,False,False,2,1,task+case_study
353,Fault identification,,condition monitoring,,,"real operating behavior, signals extracted from machinery, Factstitle_1_6, vibration analysis, FactsvibrationSignals_4",True,False,True,False,False,True,3,2,task+case_study+input_type
354,Health assessment,,LIB,,,"historical capacity decline data, filtering, particles, rated capacity",True,False,True,False,False,True,3,2,task+case_study+input_type
355,Remaining useful life estimation,,residual current circuit breaker,,,,True,False,True,False,False,False,2,1,task+case_study
356,Remaining useful life estimation,,CPs,,,healthy data,True,False,True,False,False,True,3,2,task+case_study+input_type
357,Fault detection,,substation equipment,,,,True,False,True,False,False,False,2,1,task+case_study
358,Fault detection,,bearings,,,"mode mixing, FactslowFrequencyBands, matrix pencil mean frequency, Factssignals",True,False,True,False,False,True,3,2,task+case_study+input_type
359,Remaining useful life estimation,,NASA BP930 satellite battery,,,,True,False,True,False,False,False,2,1,task+case_study
360,Remaining useful life estimation,,battery,,,,True,False,True,False,False,False,2,1,task+case_study
361,Remaining useful life estimation,,17-year serviced specimens,,,,True,False,True,False,False,False,2,1,task+case_study
362,Remaining useful life estimation,,batteries,,,"drift parameters, measurement errors, Factsvariable2_3",True,False,True,False,False,True,3,2,task+case_study+input_type
363,Fault detection,,iron processing plant,,,,True,False,True,False,False,False,2,1,task+case_study
364,Health assessment,,electric drive system,,,"drive condition, road conditions",True,False,True,False,False,True,3,2,task+case_study+input_type
365,Fault detection,,stator,,,"signal, labelled fault data, two-dimensional images, line voltages",True,False,True,False,False,True,3,2,task+case_study+input_type
366,Fault detection,,BD system piping,,,,True,False,True,False,False,False,2,1,task+case_study
367,Fault detection,,mini conveyor,,,"peak-to-peak, wider feature set, slope sign change, wavelength, Willison amplitude, zero-crossing rate, Nyquist",True,False,True,False,False,True,3,2,task+case_study+input_type
368,Health modelling,,cranes,,,"acoustic signals, LRD, noise, non-stationarity, self-similarity, vibration signals",True,False,True,False,False,True,3,2,task+case_study+input_type
369,Remaining useful life estimation,,ash,,,,True,False,True,False,False,False,2,1,task+case_study
370,Health assessment,,baseplate,,,"online, FactsthermalGradient1, Factsvcen1",True,False,True,False,False,True,3,2,task+case_study+input_type
371,Fault detection,,industrial machinery,,,,True,False,True,False,False,False,2,1,task+case_study
372,Fault identification,,wind farm,,,"features, wind farm, CNNs",True,False,True,False,False,True,3,2,task+case_study+input_type
373,Fault detection,,alignment system,,,"alignment deviations, current, pressure, vibration",True,False,True,False,False,True,3,2,task+case_study+input_type
374,Remaining useful life estimation,,vehicles,,,"FactscanData, CO2 emissions, consumption variables, dangerous cornering at speeds over 110 km/h, frequency of the vehicle's entries into service, fuel consumption efficiency, intervention frequency, maintenance costs, number of aggressive starts, number of incidents associated with dangerous speeds, predictors, time spent driving over 110 km/h, total distance traveled in kilometers, unsafe braking at speeds over 110 km/h, vehicle lifespan",True,False,True,False,False,True,3,2,task+case_study+input_type
375,Remaining useful life estimation,,,,,"key features highly correlated with battery life, input gate",True,False,False,False,False,True,2,1,task+input_type
376,Health assessment,,pulsed septum electromagnet,,,,True,False,True,False,False,False,2,1,task+case_study
377,Fault feature extraction,,Lithium-ion battery,,,"data incompleteness, observational irregularity, sample-level data scarcity",True,False,True,False,False,True,3,2,task+case_study+input_type
378,One step future state forecast,,,,,,True,False,False,False,False,False,1,0,task
379,Fault detection,,,,,,True,False,False,False,False,False,1,0,task
380,Fault detection,,nuclear reactor,,,continuous variable temporal representation,True,False,True,False,False,True,3,2,task+case_study+input_type
381,Remaining useful life estimation,,maintainable item,,,"historical maintenance records, sensor streams, and digital twin data",True,False,True,False,False,True,3,2,task+case_study+input_type
382,One step future state forecast,,aerospace,,,"high-fidelity simulation data, input parameters, orthogonal modes, output targets",True,False,True,False,False,True,3,2,task+case_study+input_type
383,One step future state forecast,,,,,,True,False,False,False,False,False,1,0,task
384,Remaining useful life estimation,,,,,,True,False,False,False,False,False,1,0,task
385,Health assessment,,power systems,,,"FactsfaultTaxonomy, raw data",True,False,True,False,False,True,3,2,task+case_study+input_type
386,Remaining useful life estimation,,,,,"FactsactiveVehicleFleetSize, Factsfeature2_10, FactsfieldFailureRates, FactshistoricalConsumptionTrends, FactsreplacementRate, FactstemporallyOrderedPartYearData, FactswarrantyCoverage",True,False,False,False,False,True,2,1,task+input_type
387,Health assessment,,equipment,,,,True,False,True,False,False,False,2,1,task+case_study
388,Fault detection,,mining enterprises,,,"cable damage, climatic factor, insulator chipping, loss share, feeder emergency outage duration, phase clashing, ground faults, transformer failure",True,False,True,False,False,True,3,2,task+case_study+input_type
389,Fault detection,,robot inspection cases,,,"analytical predictions, backlash, conservative forces, Coriolis and centrifugal effects, system faults, energy dissipation, gravitational torques, inertia matrix, joint positions, joint velocities, lubricated contacts, measured joint variables, measured torques, model error, output torque, potential function, robot dynamics, sampling rates, sensor measurement noise and bias, stick-slip phenomena, Stribeck effect, temperature dependence, velocity sign",True,False,True,False,False,True,3,2,task+case_study+input_type
390,Fault detection,,AF,,,"AF, bias value, deviation rate, posterior distributions, HVAC system operating state, incomplete measurements, cooler malfunctions, causal effects, input variables z, weight coefficient",True,False,True,False,False,True,3,2,task+case_study+input_type
391,Health assessment,,coupled EMA drivetrain,,,,True,False,True,False,False,False,2,1,task+case_study
392,Remaining useful life estimation,,Collaborative Condition Monitoring,,,reusable patterns,True,False,True,False,False,True,3,2,task+case_study+input_type
393,One step future state forecast,,,,,"Envelope peak amplitude, Kurtosis, GMF-Band Energy (TGMF), envelope-based indicators, RMS (root mean square) vibration indicator",True,False,False,False,False,True,2,1,task+input_type
394,Fault detection,,,,,,True,False,False,False,False,False,1,0,task
395,Fault detection,,,,,,True,False,False,False,False,False,1,0,task
396,Fault detection,,,,,,True,False,False,False,False,False,1,0,task
397,Fault detection,,flow-based production systems,,,,True,False,True,False,False,False,2,1,task+case_study
398,Remaining useful life estimation,,sensor noise,,,"sensor noise, key variables, stack voltage, current density, humidity, hydrogen flow, pressure differentials",True,False,True,False,False,True,3,2,task+case_study+input_type
399,Fault detection,,uCT790,,,,True,False,True,False,False,False,2,1,task+case_study
400,Health assessment,,gear damage,,,"Adaptive Order Bispectral Slices, metal content in lubricants, pressure, temperature, deep temporal degradation features, degradation trajectory, long-period meshing frequencies, raw vibration signals, short-term impact features",True,False,True,False,False,True,3,2,task+case_study+input_type
401,Fault detection,,MCCB,,,"contact gap, Factsovercurrent1, residual hot gases, voltage waveform",True,False,True,False,False,True,3,2,task+case_study+input_type
402,Fault detection,,,,,,True,False,False,False,False,False,1,0,task
403,Remaining useful life estimation,,lithium-ion battery,,,"FactsbatteryLifecycleMetrics, Factscurrent_3, Factstemperature_7",True,False,True,False,False,True,3,2,task+case_study+input_type
404,Fault detection,,corona laboratory model,,,gain,True,False,True,False,False,True,3,2,task+case_study+input_type
405,Fault detection,,manufacturing equipment,,,"FactsidleStateBaseline, FactssquaredDeviationBaseline",True,False,True,False,False,True,3,2,task+case_study+input_type
406,One step future state forecast,,maintenance task,,,,True,False,True,False,False,False,2,1,task+case_study
407,Fault detection,,,,,limited labeled target data,True,False,False,False,False,True,2,1,task+input_type
408,Fault detection,,,,,"feature names, FactstabularSensorData",True,False,False,False,False,True,2,1,task+input_type
409,One step future state forecast,,,,,,True,False,False,False,False,False,1,0,task
410,Health assessment,,,,,"coolant temperature, throttle position, intake manifold pressure, RPM",True,False,False,False,False,True,2,1,task+input_type
411,Fault detection,,equipment,,,,True,False,True,False,False,False,2,1,task+case_study
412,Remaining useful life estimation,,LIB,,,"voltage current temperature, capacity data, Factsdata_parameters1, multiple battery with multi-input profile, systematic sampling",True,False,True,False,False,True,3,2,task+case_study+input_type
413,Health modelling,,lithium-ion battery,,,,True,False,True,False,False,False,2,1,task+case_study
414,Remaining useful life estimation,,gears,,,"reliability, FactsgearFailureCause6",True,False,True,False,False,True,3,2,task+case_study+input_type
415,Health assessment,,digitally configurable DC/DC converters,,,"converter-side power telemetry, embedded AI",True,False,True,False,False,True,3,2,task+case_study+input_type
416,Remaining useful life estimation,,internal short circuit,,,"battery fault characteristics, historical data, Factskw4_4, temperature information, FactsvarCapacityLoss, average voltage value",True,False,True,False,False,True,3,2,task+case_study+input_type
417,Fault detection,,cutting tools,,,current,True,False,True,False,False,True,3,2,task+case_study+input_type
418,Remaining useful life estimation,,milling machines,,,,True,False,True,False,False,False,2,1,task+case_study
419,Fault detection,,,,,"t0, transient burst containing a sinusoidal wavelet, friction condition, operating status of the bearing, response signal x(t) measured by the receiver probe, SAWs, inversely running wave packet path lI, shortest path lD",True,False,False,False,False,True,2,1,task+input_type
420,One step future state forecast,,,,,real operational data,True,False,False,False,False,True,2,1,task+input_type
421,Fault detection,,aircraft engine,,,"time series data, sensor data",True,False,True,False,False,True,3,2,task+case_study+input_type
422,Fault detection,,high-voltage insulator,,,leakage current,True,False,True,False,False,True,3,2,task+case_study+input_type
423,Remaining useful life estimation,,Electro-Mechanical Brakes (E-Brakes),,,"FactsBrakingEnergy, FactsExertedForceSignal, FactsMotorPhaseCurrentSignal, FactsResolverPositionSignal, FactsRunwayConditions, FactsThermalStates",True,False,True,False,False,True,3,2,task+case_study+input_type
424,Remaining useful life estimation,,nuclear power plant,,,"test stimuli, input data sets",True,False,True,False,False,True,3,2,task+case_study+input_type
425,Fault feature extraction,,bolts,,,"FactscurrentAmplitude, FactspreCompressionCondition, FactsspacerQuantity",True,False,True,False,False,True,3,2,task+case_study+input_type
426,Remaining useful life estimation,,gearbox,,,time-varying weight,True,False,True,False,False,True,3,2,task+case_study+input_type
427,Remaining useful life estimation,,hybrid model,,,hybrid model,True,False,True,False,False,True,3,2,task+case_study+input_type
428,Health assessment,,OLTC,,,current data,True,False,True,False,False,True,3,2,task+case_study+input_type
429,Remaining useful life estimation,,turbofan engine,,,"Factsperformance3_2, sensor 11",True,False,True,False,False,True,3,2,task+case_study+input_type
430,Fault detection,,rolling bearings,,,,True,False,True,False,False,False,2,1,task+case_study
431,One step future state forecast,,Chhukha Hydropower Plant,,,"input feature 1 (linear/non-linear), FactsstatorWindingTemperature, Cooling Water Strainer Inlet Pressure, Generator Air Cooler Pressure, Generator Current, Generator Vibration, Overload level: 10 percent, Stator winding temperature (Slot 13)",True,False,True,False,False,True,3,2,task+case_study+input_type
432,Remaining useful life estimation,,,,,,True,False,False,False,False,False,1,0,task
433,Fault detection,,plastic injection molding equipment,,,,True,False,True,False,False,False,2,1,task+case_study
434,Fault detection,,pump,,,"flow rate, temperature, conductivity, sensor data, maintenance needs, documentation, abnormal situations, sub-second interval sampling, supervisory states",True,False,True,False,False,True,3,2,task+case_study+input_type
435,Fault detection,,,,,"LC filter parameters, i dc",True,False,False,False,False,True,2,1,task+input_type
436,Fault detection,,induction motor,,,"frequency-domain features, high-frequency vibration data, Machine Learning",True,False,True,False,False,True,3,2,task+case_study+input_type
437,Remaining useful life estimation,,battery,,,"battery states, capacity decay curves, time-series data",True,False,True,False,False,True,3,2,task+case_study+input_type
438,Fault detection,,company-owned vehicle,,,,True,False,True,False,False,False,2,1,task+case_study
439,Health assessment,,Bearings,,,"FactsConditionIndicatorStatParam, Vibration signals, FactsvarFailureSeverity, FactsvarLoad",True,False,True,False,False,True,3,2,task+case_study+input_type
440,Health assessment,,,,,,True,False,False,False,False,False,1,0,task
441,Health assessment,,PV panel,,,handcrafted features,True,False,True,False,False,True,3,2,task+case_study+input_type
442,One step future state forecast,,,,,,True,False,False,False,False,False,1,0,task
443,Remaining useful life estimation,,bearing,,,"large-scale time-series data, sequential data, Factsvar5_20",True,False,True,False,False,True,3,2,task+case_study+input_type
444,Fault detection,,centrifugal pump,,,"acoustic signal, Peak vs RMS increase, Turbulent kinetic energy, Vapor volume fraction",True,False,True,False,False,True,3,2,task+case_study+input_type
445,Fault identification,,physical assets,,,,True,False,True,False,False,False,2,1,task+case_study
446,Fault detection,,sensor-based smart irrigation system,,,"environmental parameters, FactsfeatureSelection_1, recall, 5% missing data, operational parameters, FactssolarRadiation",True,False,True,False,False,True,3,2,task+case_study+input_type
447,Fault detection,,,,,,True,False,False,False,False,False,1,0,task
448,Fault detection,,district heating substation,,,,True,False,True,False,False,False,2,1,task+case_study
449,Remaining useful life estimation,,lithium batteries,,,information updating,True,False,True,False,False,True,3,2,task+case_study+input_type
450,Fault detection,,DHV (Heavy Duty Vehicles),,,CF,True,False,True,False,False,True,3,2,task+case_study+input_type
451,Health assessment,,hydro units,,,"dielectric loss factor of insulating oil, hydrological forecasting errors Îµh(t), load demand fluctuations L(t), state vector, vibration amplitude, water inflow Q(t), winding temperature",True,False,True,False,False,True,3,2,task+case_study+input_type
452,Remaining useful life estimation,,battery,,,"extra equipment, mileage, Factsvar4_4",True,False,True,False,False,True,3,2,task+case_study+input_type
453,Fault detection,,,,,"Auto-Regressive features, FactslabelledTrainingData, FactsunlabelledOutputs, FactswheelTreadImages",True,False,False,False,False,True,2,1,task+input_type
454,Remaining useful life estimation,,bearing (IMS dataset maintainable item),,,"FactsVibrationSignal_1, FactshealthIndicators",True,False,True,False,False,True,3,2,task+case_study+input_type
455,Remaining useful life estimation,,commercial PEMFC stack,,,,True,False,True,False,False,False,2,1,task+case_study
456,Remaining useful life estimation,,,,,"FFT coefficients (frequency-domain), cutting force, mean (time-domain), power spectral density (frequency-domain), spindle load, standard deviation (time-domain), vibration signal",True,False,False,False,False,True,2,1,task+input_type
457,Fault detection,,milling tool,,,"input sequences, degradation features",True,False,True,False,False,True,3,2,task+case_study+input_type
458,Remaining useful life estimation,,crankshaft,,,,True,False,True,False,False,False,2,1,task+case_study
459,Fault detection,,,,,,True,False,False,False,False,False,1,0,task
460,Fault detection,,motor,,,,True,False,True,False,False,False,2,1,task+case_study
461,Health assessment,,WTG,,,SCADA data,True,False,True,False,False,True,3,2,task+case_study+input_type
462,Fault identification,,insulator,,,"insulator, transformer, deep learning",True,False,True,False,False,True,3,2,task+case_study+input_type
463,Remaining useful life estimation,,turbine engine,,,"Factsconcept1, acoustic signal, grayscale image, resulting vector",True,False,True,False,False,True,3,2,task+case_study+input_type
464,Fault detection,,asset,,,"sensor data, industrial environments, same dataset, MAE",True,False,True,False,False,True,3,2,task+case_study+input_type
465,Fault identification,,Class I induction motors,,,"Factsbaseline_data1, healthy vibration baselines, motor power rating",True,False,True,False,False,True,3,2,task+case_study+input_type
466,Fault detection,,,,,"analysis frame length (s), audio resampling rate, STFT magnitude spectrum",True,False,False,False,False,True,2,1,task+input_type
467,Remaining useful life estimation,,aerospace alloys,,,PHM,True,False,True,False,False,True,3,2,task+case_study+input_type
468,Fault detection,,bearing assemblies,,,,True,False,True,False,False,False,2,1,task+case_study
469,Fault detection,,maintainable item,,,data variable,True,False,True,False,False,True,3,2,task+case_study+input_type
470,Fault detection,,gearbox fault diagnosis,,,"Filtered Root Mean Square (FRMS), Normalized Summation of the positive amplitudes of the Difference Spectrum (NSDS)",True,False,True,False,False,True,3,2,task+case_study+input_type
471,Fault identification,,transformer,,,"current squared, harmonic current, vibration",True,False,True,False,False,True,3,2,task+case_study+input_type
472,Fault identification,,hull structure,,,"FactsStaticStrainData, corrosion-induced thickness loss",True,False,True,False,False,True,3,2,task+case_study+input_type
473,Health assessment,,FD001,,,"FactsahpHierarchicalIndicators, FactsrelHealth",True,False,True,False,False,True,3,2,task+case_study+input_type
474,Fault detection,,AH-64A helicopters,,,"engine power parameters, pressure, rotational speed, temperature",True,False,True,False,False,True,3,2,task+case_study+input_type
475,Fault detection,,device,,,degradation data,True,False,True,False,False,True,3,2,task+case_study+input_type
476,Health assessment,,SF6 circuit breakers,,,"fault samples, health-related indicators, field-monitoring constraints",True,False,True,False,False,True,3,2,task+case_study+input_type
477,Fault detection,,industrial condition monitoring,,,"sensor signals, non-stationary vibration signals",True,False,True,False,False,True,3,2,task+case_study+input_type
478,Fault detection,,Machinery Fault Dataset (MaFaulDa),,,,True,False,True,False,False,False,2,1,task+case_study
479,Remaining useful life estimation,,electric submersible pumps,,,"ESP systems, FactslargeScaleMonitoringData, FactslongTermTemporalDependencies, multi-source time-series data, operating-parameter effects, controllable operating variables",True,False,True,False,False,True,3,2,task+case_study+input_type
480,Fault detection,,water pump,,,"coolant temperature, intercept, quartile, slope, engine speed, fan vibration signals",True,False,True,False,False,True,3,2,task+case_study+input_type
481,Health assessment,,bearing plate,,,"P, E*, R*, mu, R1, Kurtosis, a(t), P0",True,False,True,False,False,True,3,2,task+case_study+input_type
482,Fault detection,,auxiliary systems,,,"controller-level signals, locally derived features, sensor data, temperature setpoint, variable ambient conditions",True,False,True,False,False,True,3,2,task+case_study+input_type
483,Remaining useful life estimation,,drones,,,,True,False,True,False,False,False,2,1,task+case_study
484,Fault detection,,Carbide inserts,,,"FactsAcousticEmission_1, FactsCuttingForces, FactsMotorCurrent, FactsTemperature_3, Flank wear (VB), FactsVibration_1",True,False,True,False,False,True,3,2,task+case_study+input_type
485,Remaining useful life estimation,,,,,"RUL, FactsfuelSulfurContent, FactspriorOilAnalyses",True,False,False,False,False,True,2,1,task+input_type
486,Remaining useful life estimation,,battery,,,"intrinsic mode functions, battery capacity, raw capacity sequence, selected features",True,False,True,False,False,True,3,2,task+case_study+input_type
487,Health assessment,,induction motor simultaneous faults,,,"estimated speed, estimated torque, stator currents, voltages",True,False,True,False,False,True,3,2,task+case_study+input_type
488,Fault detection,,available Iraqi gas resources,,,"air density, combustion dynamics, degree of contamination, dust, external forcing functions, gas quality, mass matrix, rotational speed",True,False,True,False,False,True,3,2,task+case_study+input_type
489,One step future state forecast,,,,,,True,False,False,False,False,False,1,0,task
490,One step future state forecast,,equipment,,,,True,False,True,False,False,False,2,1,task+case_study
491,Fault detection,,deep groove ball bearing,,,"AE features, Factsw1",True,False,True,False,False,True,3,2,task+case_study+input_type
492,Health assessment,,Scania Trucks Air Pressure System dataset,,,CNN,True,False,True,False,False,True,3,2,task+case_study+input_type
493,Health assessment,,apparatus,,,operational parameters,True,False,True,False,False,True,3,2,task+case_study+input_type
494,Fault feature extraction,,deep learning,,,amplitude,True,False,True,False,False,True,3,2,task+case_study+input_type
495,Fault detection,,vehicle,,,"diagnosis, temperature, vibration, environmental lighting, visitor movement, noise, frequency peaks, energy bands, trend gradients, autocorrelation, LSTM, random forests, autoencoders, computational complexity, large training sets, temporary disruption, performance deterioration, cloud, Machine Learning, SVM",True,False,True,False,False,True,3,2,task+case_study+input_type
496,Fault detection,,,,,,True,False,False,False,False,False,1,0,task
497,Remaining useful life estimation,,CMPASS turbofan engine degradation dataset,,,"health indicator, FactslinearDrift1",True,False,True,False,False,True,3,2,task+case_study+input_type
498,Fault detection,,mild imbalance,,,"beating phenomena, Bonferroni correction, critical frequency band, Doppler shifts, envelope analysis, epsilon squared effect size, Fast Fourier Transform processing, FDR correction, Factsfeature65, fundamental rotation frequency, Gaussianity, Hann window, harmonics, higher-order harmonics, I channel, imbalanced mass magnitude, maximum power, maximum value, mean absolute value, Load torque range, nonlinear mechanical interactions, normality, rotation frequencies below 30 Hz (1800 RPM), overlap, peak magnitudes, periodic radial displacement, Power spectral density, Python 3.10, Q25, range, kurtosis, rotor dynamics, spectral energy, statistical moments, subharmonic components, variance, vibrational motion",True,False,True,False,False,True,3,2,task+case_study+input_type
499,Fault detection,,catenary,,,"input images, video frame rates, brightness adjustment, normalization",True,False,True,False,False,True,3,2,task+case_study+input_type
500,Fault detection,,aircraft engine,,,"frequency-domain vibration data, performance degradation parameters, whole life cycle data",True,False,True,False,False,True,3,2,task+case_study+input_type
501,Fault detection,,220 kV circuit breaker body,,,closing pressure,True,False,True,False,False,True,3,2,task+case_study+input_type
502,Fault detection,,roller guide system,,,"FactsClampingForce, FactsSensorSignal, FactsStructuralVibration",True,False,True,False,False,True,3,2,task+case_study+input_type
503,Remaining useful life estimation,,,,,multivariate time series data,True,False,False,False,False,True,2,1,task+input_type
504,One step future state forecast,,marine diesel engine,,,"FactsTemperatureAcrossCylinders, FactsVibrationAlongAxes",True,False,True,False,False,True,3,2,task+case_study+input_type
505,Fault detection,,transformer,,,"dissolved gas analysis, Rogers' ratio",True,False,True,False,False,True,3,2,task+case_study+input_type
506,Fault detection,,multi-component system,,,,True,False,True,False,False,False,2,1,task+case_study
507,Remaining useful life estimation,,,,,"FactsinputData, engine status monitoring",True,False,False,False,False,True,2,1,task+input_type
508,Health assessment,,transport fleet,,,"Factsearly_spring_transition_period1, Factsextreme_temperatures1, quarter, month, seasonal dummy variables",True,False,True,False,False,True,3,2,task+case_study+input_type
509,One step future state forecast,,methane compressor,,,"accelerations, elastic waves, strains",True,False,True,False,False,True,3,2,task+case_study+input_type
510,Fault detection,,internal surface of the cylinder,,,voltage signals,True,False,True,False,False,True,3,2,task+case_study+input_type
511,Fault detection,,equipment dedicated to agri-food processing,,,vibration indicators,True,False,True,False,False,True,3,2,task+case_study+input_type
512,Health assessment,,LIB systems,,,,True,False,True,False,False,False,2,1,task+case_study
513,Remaining useful life estimation,,compressor unit,,,"acceleration, Factsvariable2_7",True,False,True,False,False,True,3,2,task+case_study+input_type
514,Remaining useful life estimation,,LIB,,,highly correlated health indicator (enhanced incremental capacity curves),True,False,True,False,False,True,3,2,task+case_study+input_type
515,Fault detection,,Component X,,,"correlation-based feature reduction, data augmentation, imputation, normalization, padding, path-signature feature transformation, sliding-window features, visibility-graph transformation, weighted sampling, last_k_summary",True,False,True,False,False,True,3,2,task+case_study+input_type
516,Fault detection,,,,,"critical physical features, physical feature priors, Factssignal1_11",True,False,False,False,False,True,2,1,task+input_type
517,Fault detection,,hard drive,,,"hard disk location information, Device IP, VALUE",True,False,True,False,False,True,3,2,task+case_study+input_type
518,Fault detection,,forces,,,,True,False,True,False,False,False,2,1,task+case_study
519,Fault identification,,,,,,True,False,False,False,False,False,1,0,task
520,Fault detection,,hole in the bearing,,,labeled data,True,False,True,False,False,True,3,2,task+case_study+input_type
521,Fault detection,,gear,,,,True,False,True,False,False,False,2,1,task+case_study
522,Remaining useful life estimation,,drivetrain systems,,,,True,False,True,False,False,False,2,1,task+case_study
523,Fault detection,,cable core,,,,True,False,True,False,False,False,2,1,task+case_study
524,Fault detection,,transformer,,,"Factssample_size_46, CO2",True,False,True,False,False,True,3,2,task+case_study+input_type
525,One step future state forecast,,,,,,True,False,False,False,False,False,1,0,task
526,Remaining useful life estimation,,rotating machinery,,,"measurement matrix, raw data, reconstructed signals, sparse representation, bearing signal",True,False,True,False,False,True,3,2,task+case_study+input_type
527,Fault detection,,,,,"Amplitude statistics, Distribution entropy, Output voltage, Spectral energy",True,False,False,False,False,True,2,1,task+input_type
528,Health assessment,,bearing,,,"chaotic features, handcrafted descriptors, nonlinear features, statistical indicators, time-frequency measures, Factsvalue3_6",True,False,True,False,False,True,3,2,task+case_study+input_type
529,Fault detection,,rotating machinery,,,,True,False,True,False,False,False,2,1,task+case_study
530,One step future state forecast,,,,,,True,False,False,False,False,False,1,0,task
531,Fault detection,,air conditioning system,,,pressure measurement data,True,False,True,False,False,True,3,2,task+case_study+input_type
532,Remaining useful life estimation,,batteries,,,"degradation process, environment, fault time, real-time twin data, sensor values",True,False,True,False,False,True,3,2,task+case_study+input_type
533,Health assessment,,heat exchangers,,,,True,False,True,False,False,False,2,1,task+case_study
534,Health assessment,,industrial assets,,,,True,False,True,False,False,False,2,1,task+case_study
535,Fault detection,,shaft,,,,True,False,True,False,False,False,2,1,task+case_study
536,Remaining useful life estimation,,MPID,,,drone-based data acquisition,True,False,True,False,False,True,3,2,task+case_study+input_type
537,Fault detection,,robotic arms,,,"accelerometers, robot joints, sensor data, fault data, Factsfeatures1, gyroscopes, motor current sensors",True,False,True,False,False,True,3,2,task+case_study+input_type
538,Health assessment,,blades,,,"SCADA, vibration, power output, wind speed, temperature, rotor speed, Factsvar5_13",True,False,True,False,False,True,3,2,task+case_study+input_type
539,Fault detection,,electrolyser,,,,True,False,True,False,False,False,2,1,task+case_study
540,Fault detection,,wind turbine,,,,True,False,True,False,False,False,2,1,task+case_study
541,Remaining useful life estimation,,system,,,devices,True,False,True,False,False,True,3,2,task+case_study+input_type
542,Health assessment,,rolling bearing,,,,True,False,True,False,False,False,2,1,task+case_study
543,Health assessment,,manage RUL,,,median,True,False,True,False,False,True,3,2,task+case_study+input_type
544,Health assessment,,underwater module,,,"FactssensorPressure, Factsvar5_1",True,False,True,False,False,True,3,2,task+case_study+input_type
545,Fault feature extraction,,GVA,,,,True,False,True,False,False,False,2,1,task+case_study
546,Remaining useful life estimation,,CMAPSS,,,data,True,False,True,False,False,True,3,2,task+case_study+input_type
547,Fault detection,,,,,Ball Pass Frequency of the Outer race (BPFO),True,False,False,False,False,True,2,1,task+input_type
548,Health assessment,,multi-chip power modules,,,InformationContentEntity,True,False,True,False,False,True,3,2,task+case_study+input_type
549,Health assessment,,aging devices,,,"gate resistance, high di/dt, Rg, signal conditioning features",True,False,True,False,False,True,3,2,task+case_study+input_type
550,Fault feature extraction,,,,,"acoustic, condition monitoring, data analytics, load, long-interval data, lubricant condition, temperature, torque, vibration",True,False,False,False,False,True,2,1,task+input_type
551,Fault detection,,Industry 4.0,,,,True,False,True,False,False,False,2,1,task+case_study
552,Remaining useful life estimation,,rolling bearing,,,"Factsfact12_41, time-domain features, vibration signals, statistical traits",True,False,True,False,False,True,3,2,task+case_study+input_type
553,Fault detection,,rolling bearings,,,"intrinsic mode functions, vibration signals, weak fault signatures",True,False,True,False,False,True,3,2,task+case_study+input_type
554,Multiple steps future state forecast,,haul truck,,,,True,False,True,False,False,False,2,1,task+case_study
555,Remaining useful life estimation,,battery dataset (E-Bus case study),,,"Input data matrix X (sensor measurements), State of Charge (SoC), State of Health (SoH), dQ/dV rate, Discharging current I(t), Average temperature Tavg, Battery voltage V(t)",True,False,True,False,False,True,3,2,task+case_study+input_type
556,Remaining useful life estimation,,distributed energy storage,,,,True,False,True,False,False,False,2,1,task+case_study
557,Fault identification,,deep learning,,,"deep learning, accelerometer data, vibration measurements, coherence, uncertainty, root-mean-square error, RÂ²",True,False,True,False,False,True,3,2,task+case_study+input_type
558,Fault detection,,,,,,True,False,False,False,False,False,1,0,task
559,Fault feature extraction,,distribution network,,,"weather factors, monitoring data, protection relays, disturbance recorders, current",True,False,True,False,False,True,3,2,task+case_study+input_type
560,Remaining useful life estimation,,,,,"FactsindustrialSensors, FactsvibrationSignals",True,False,False,False,False,True,2,1,task+input_type
561,Remaining useful life estimation,,landing gear,,,"characteristics of the aircraft operator, aircraft size, geographical location, ground manoeuvres, ground turns",True,False,True,False,False,True,3,2,task+case_study+input_type
562,Fault detection,,bearing house,,,vibration amplitudes,True,False,True,False,False,True,3,2,task+case_study+input_type
563,Health assessment,,air coolers,,,,True,False,True,False,False,False,2,1,task+case_study
564,Fault detection,,hydraulic breakers,,,,True,False,True,False,False,False,2,1,task+case_study
565,Health assessment,,bearing,,,"validation performance, RMS vibration, lubrication temperature, mill feed, lubrication pressures, temperature",True,False,True,False,False,True,3,2,task+case_study+input_type
566,Fault detection,,valve body,,,,True,False,True,False,False,False,2,1,task+case_study
567,Remaining useful life estimation,,,,,"FactsRfFeatureSelection, FactsSensorData_1, Usage_Time_Hours, Vibration_mm_s",True,False,False,False,False,True,2,1,task+input_type
568,Fault detection,,medium-voltage power cables,,,field noise level,True,False,True,False,False,True,3,2,task+case_study+input_type
569,Fault detection,,cotton pickers,,,"test data, vibration signals, feature distribution shifts, output-distribution consistency, speed fluctuations, load variations",True,False,True,False,False,True,3,2,task+case_study+input_type
570,One step future state forecast,,,,,,True,False,False,False,False,False,1,0,task
571,Fault feature extraction,,essential infrastructure assets,,,,True,False,True,False,False,False,2,1,task+case_study
572,Health modelling,,rod string,,,"Factsvar1_5, working parameters",True,False,True,False,False,True,3,2,task+case_study+input_type
573,Fault detection,,solar panel,,,,True,False,True,False,False,False,2,1,task+case_study
574,Remaining useful life estimation,,robot,,,predictive maintenance,True,False,True,False,False,True,3,2,task+case_study+input_type
575,Multiple steps future state forecast,,lithium-ion battery dataset released by NASA Ames,,,,True,False,True,False,False,False,2,1,task+case_study
576,Fault detection,,oil-immersed transformer,,,"Factsdga1_1, DGA",True,False,True,False,False,True,3,2,task+case_study+input_type
577,Fault feature extraction,,batteries,,,"battery discharge capacity data, raw data, deep features, degradation features, feature engineering, historical state information, human intervention, hyperparameter adjustment, lifecycle monitoring data, local features, long-term dependencies, manual feature selection, mechanistic parameters, model training process, overfitting",True,False,True,False,False,True,3,2,task+case_study+input_type
578,Fault detection,,HPPT bench,,,,True,False,True,False,False,False,2,1,task+case_study
579,Health assessment,,belt-drive system,,,,True,False,True,False,False,False,2,1,task+case_study
580,One step future state forecast,,tire,,,"FactsRadialTreadDisplacement, FactsSensorMeasuredTargetContactPatchSize, FactsSensorMeasuredTargetFrictionCoefficient, FactsSensorMeasuredTargetRoadTexture, FactsSensorMeasuredTargetSlipAngle, FactsSensorMeasuredTargetTireLoad, FactsTireInflationPressureVariable, contact length, two-dimensional contact sector area, deformed tire profile, distance to tread surface, localized friction force, out-of-plane displacement, tire force, gap between rim and inner liner, strain, surface deformation (image-derived), tire temperature",True,False,True,False,False,True,3,2,task+case_study+input_type
581,Fault detection,,gearbox,,,"HDCN, accelerometer data, buffer sizes, power spectral density, FactsmaximumTemperature, noise levels, multiple domain orders, vibration, time-frequency images, RUL prediction",True,False,True,False,False,True,3,2,task+case_study+input_type
582,Remaining useful life estimation,,bearings,,,"number of modal components (K), EMD, penalty factor (Î±), FactsdenoisedEmpiricalModeFunctions, FactstemperatureMonitoring",True,False,True,False,False,True,3,2,task+case_study+input_type
583,Fault detection,,gearbox,,,vibration data,True,False,True,False,False,True,3,2,task+case_study+input_type
584,Remaining useful life estimation,,degradation process of photovoltaic systems,,,,True,False,True,False,False,False,2,1,task+case_study
585,Fault detection,,steady-state thermal model of a CPU die,,,,True,False,True,False,False,False,2,1,task+case_study
586,Remaining useful life estimation,,,,,AR Score 1224299,True,False,False,False,False,True,2,1,task+input_type
587,Fault detection,,,,,vibration signal,True,False,False,False,False,True,2,1,task+input_type
588,Fault detection,,,,,"FactsBatteryPackTemperature, FactsInternalResistance, FactsSoc",True,False,False,False,False,True,2,1,task+input_type
589,Health assessment,,lithium battery,,,"capacity regeneration, capacity sequence, local nonlinear dynamics, long-range dependencies, trend component",True,False,True,False,False,True,3,2,task+case_study+input_type
590,Fault feature extraction,,rolling bearings,,,,True,False,True,False,False,False,2,1,task+case_study
591,Fault detection,,sensor,,,"anomaly spoting, SCADA data",True,False,True,False,False,True,3,2,task+case_study+input_type
592,Fault detection,,reflectometers,,,,True,False,True,False,False,False,2,1,task+case_study
593,Health modelling,,,,,,True,False,False,False,False,False,1,0,task
594,Fault detection,,induction motor (maintainable item),,,"FactsvaryingLoadVariable, leakage flux measurements, stator current signals, variable load conditions",True,False,True,False,False,True,3,2,task+case_study+input_type
595,Fault detection,,autonomous robotic agents,,,input variables used by predictive maintenance models,True,False,True,False,False,True,3,2,task+case_study+input_type
596,Fault detection,,engine,,,"vibration signal, input signal, Factssignal1_9",True,False,True,False,False,True,3,2,task+case_study+input_type
597,One step future state forecast,,equipment,,,"corrective actions, failure types",True,False,True,False,False,True,3,2,task+case_study+input_type
598,Fault feature extraction,,gearbox,,,simulated signals,True,False,True,False,False,True,3,2,task+case_study+input_type
599,Fault detection,,bearing,,,"domain shift, multi-sensor, source domain",True,False,True,False,False,True,3,2,task+case_study+input_type
600,Fault detection,,BC idlers,,,"Factsrgb_images_1, Factssurface_temperature_1",True,False,True,False,False,True,3,2,task+case_study+input_type
601,Fault detection,,rotating machines,,,"dynamic machine vision data, event data, vibration analysis",True,False,True,False,False,True,3,2,task+case_study+input_type
602,Fault detection,,autolube system,,,"AIoT, input power, lubricant flow rate, pressure, pump vibration, voltage",True,False,True,False,False,True,3,2,task+case_study+input_type
603,Fault detection,,,,,,True,False,False,False,False,False,1,0,task
604,Fault feature extraction,,,,,,True,False,False,False,False,False,1,0,task
605,Fault identification,,BTA deep hole drilling,,,"orthotropic material behavior, raw signal",True,False,True,False,False,True,3,2,task+case_study+input_type
606,Remaining useful life estimation,,long-range dependence property,,,"rate of the process, a",True,False,True,False,False,True,3,2,task+case_study+input_type
607,Health assessment,,lithium NMC-based 4S3P cylindrical cell module,,,"current, live sensor telemetry, state-of-charge, temperature, terminal voltage, Factsvar3_21",True,False,True,False,False,True,3,2,task+case_study+input_type
608,Fault detection,,,,,"MCC, FactsthermalStress",True,False,False,False,False,True,2,1,task+input_type
609,Fault detection,,OpenMax,,,,True,False,True,False,False,False,2,1,task+case_study
610,Remaining useful life estimation,,SAX,,,"SAX, production cycle, steady-state, z-normalization, Symbolic Aggregate Approximation, dimensionality reduction, electric current range, handling of imbalanced datasets, Printed Circuit Board industry, electricity consumption by windmill motors (A), electricity consumption by heaters (A)",True,False,True,False,False,True,3,2,task+case_study+input_type
611,Health assessment,,new energy vehicles,,,InformationContentEntity,True,False,True,False,False,True,3,2,task+case_study+input_type
612,One step future state forecast,,,,,,True,False,False,False,False,False,1,0,task
613,Fault detection,,bearing,,,,True,False,True,False,False,False,2,1,task+case_study
614,Fault detection,,landfill site,,,"electric current, failure history, noise, operational status, current consumption related to torque, pH, transparency",True,False,True,False,False,True,3,2,task+case_study+input_type
615,One step future state forecast,,,,,,True,False,False,False,False,False,1,0,task
616,Fault identification,,long-service wind tunnel infrastructures,,,"flow field, structural behaviors, Factswater_droplet_median_diameter1",True,False,True,False,False,True,3,2,task+case_study+input_type
617,Fault detection,,ball,,,vibration signal,True,False,True,False,False,True,3,2,task+case_study+input_type
618,One step future state forecast,,,,,,True,False,False,False,False,False,1,0,task
619,Fault identification,,power transformers,,,,True,False,True,False,False,False,2,1,task+case_study
620,Fault detection,,High voltage insulators,,,"performance, Ultraviolet, FactshumidityVar1",True,False,True,False,False,True,3,2,task+case_study+input_type
621,Fault detection,,power grid,,,,True,False,True,False,False,False,2,1,task+case_study
622,Remaining useful life estimation,,orthotropic steel bridge deck welds,,,predictive maintenance,True,False,True,False,False,True,3,2,task+case_study+input_type
623,Remaining useful life estimation,,vibration modes,,,"multi-scale feature fusion, channel attention mechanisms, residual connections, complex machining environments, external disturbances, instability at boundaries, large oscillations, vibration modes, RUL, intrinsic mode functions",True,False,True,False,False,True,3,2,task+case_study+input_type
624,Remaining useful life estimation,,commercial greenhouse,,,"external environment, FactsfullLifeCycleManagement, control information, sensor data, real-world data, switch voltage, current, vibration, noise, environmental factors",True,False,True,False,False,True,3,2,task+case_study+input_type
625,Health assessment,,bearings,,,"voltages, SCADA, dense instrumentation, extensive calibration, Factsfeature_set_1",True,False,True,False,False,True,3,2,task+case_study+input_type
626,Fault detection,,UAV,,,training set,True,False,True,False,False,True,3,2,task+case_study+input_type
627,Remaining useful life estimation,,Condition-Based Maintenance,,,"CNN, DCNN, Monte Carlo dropout, TCN",True,False,True,False,False,True,3,2,task+case_study+input_type
628,Remaining useful life estimation,,PEMFC,,,"Factsaging_tolerant_control_strategy_1, ANN, degradation behavior, Factsextend_service_life_1, manual selection of features, historical data, Factspemfc_1_reliance_platinum, Factspv1",True,False,True,False,False,True,3,2,task+case_study+input_type
629,Remaining useful life estimation,,AAC system,,,"acoustic emissions, humidity, noise, oil analysis data, pressure, vibration pattern, voltage",True,False,True,False,False,True,3,2,task+case_study+input_type
630,Remaining useful life estimation,,equipment,,,"input signals, Probability Density Functions",True,False,True,False,False,True,3,2,task+case_study+input_type
631,Remaining useful life estimation,,motor,,,"TSA signals, phase, Factsvariable2_4, vibration signal",True,False,True,False,False,True,3,2,task+case_study+input_type
632,Fault identification,,,,,,True,False,False,False,False,False,1,0,task
633,Health assessment,,bus-line,,,gap length,True,False,True,False,False,True,3,2,task+case_study+input_type
634,Fault detection,,,,,,True,False,False,False,False,False,1,0,task
635,Fault detection,,voltage unbalance,,,"electric motors, microprocessors, external server infrastructures, vibration, thermal, fuzzy logic, Motor Current Signature Analysis, voltage unbalance, cloud infrastructure, PCA",True,False,True,False,False,True,3,2,task+case_study+input_type
636,Fault identification,,,,,"Factsauditory_emissions1, Factselectromagnetic_torque1, Factsinstantaneous_power1, Factsrotor_speed1, negative-sequence current, Factsstator_current1",True,False,False,False,False,True,2,1,task+input_type
637,Remaining useful life estimation,,axial fan motors,,,"diagnostic signals, FactsexternalStrayFlux, Factssound, Factstemperature_2",True,False,True,False,False,True,3,2,task+case_study+input_type
638,Fault feature extraction,,autonomous cars,,,,True,False,True,False,False,False,2,1,task+case_study
639,Health assessment,,,,,"FactslubricantTemperature, FactsspatiotemporalEvolutionOfGearPitting",True,False,False,False,False,True,2,1,task+input_type
640,Health assessment,,SCADA dataset,,,,True,False,True,False,False,False,2,1,task+case_study
641,Fault identification,,elevator,,,"Factsdata3_1, energy efficiency, lifting height, load capacity, travel speed",True,False,True,False,False,True,3,2,task+case_study+input_type
642,Fault detection,,,,,"relevant features, FactsonboardSensors, FactstemperatureSignal",True,False,False,False,False,True,2,1,task+input_type
643,Fault detection,,coal power units,,,"device operating variables, feature data",True,False,True,False,False,True,3,2,task+case_study+input_type
644,Health assessment,,aircraft component,,,"pressure, altitude, voltage waveform, defect type, electric field",True,False,True,False,False,True,3,2,task+case_study+input_type
645,Health assessment,,induction machine,,,"Factsdata_variable_1, ball-pass-related frequencies, Fast Fourier Transform, online monitoring, digital-twin applications, bearing defects, advanced signal-processing techniques, stator current, torque, flux, vibration",True,False,True,False,False,True,3,2,task+case_study+input_type
646,Fault detection,,slewing bearing,,,"FactsvarNoise, FactsvarSensorDrift",True,False,True,False,False,True,3,2,task+case_study+input_type
647,Fault detection,,pump,,,"sensitivity features in frequency domain, gas content, acoustic signal, pressure input",True,False,True,False,False,True,3,2,task+case_study+input_type
648,Fault detection,,engine,,,"pressure, temperature, velocity, health index",True,False,True,False,False,True,3,2,task+case_study+input_type
649,Fault identification,,conveyor belt,,,,True,False,True,False,False,False,2,1,task+case_study
650,Remaining useful life estimation,,FDM gears,,,,True,False,True,False,False,False,2,1,task+case_study
651,Fault detection,,photovoltaic inverter,,,fault detection,True,False,True,False,False,True,3,2,task+case_study+input_type
652,Fault feature extraction,,transformer,,,"load rate, upper oil temperature, winding temperature, dissolved gas components, fusion indices, FactstopOilLayer",True,False,True,False,False,True,3,2,task+case_study+input_type
653,Fault detection,,die-bonding machine,,,"motion profile, Factstopic5_2, torque",True,False,True,False,False,True,3,2,task+case_study+input_type
654,Remaining useful life estimation,,SPD,,,"leakage current, FactsnonlinearCoefficient, nonlinear protection capability, FactsparallelCapacitance, FactsparallelResistance, varistor voltage",True,False,True,False,False,True,3,2,task+case_study+input_type
655,Remaining useful life estimation,,lithium-ion battery,,,,True,False,True,False,False,False,2,1,task+case_study
656,Fault detection,,paper,,,X t,True,False,True,False,False,True,3,2,task+case_study+input_type
657,Health assessment,,bearing,,,"vibration signals, FactsnonZeroEntries",True,False,True,False,False,True,3,2,task+case_study+input_type
658,Fault detection,,spur gearbox,,,"condition indicator, frequency domain, statistical parameters, vibration signal",True,False,True,False,False,True,3,2,task+case_study+input_type
659,Fault detection,,clinical assets,,,"device telemetry, workload signals, temperature, vibration, pressure, sensor streams, Factsusage1",True,False,True,False,False,True,3,2,task+case_study+input_type
660,Fault detection,,busbars,,,low-voltage network,True,False,True,False,False,True,3,2,task+case_study+input_type
661,Fault detection,,critical feedwater pumps,,,"risk curves, traceability",True,False,True,False,False,True,3,2,task+case_study+input_type
662,Health assessment,,ZnO varistor,,,"damping factor, measured reference voltage signal, measured values, nonlinearity exponent, resistive current, number of sample points, scaling coefficient, predefined tolerance threshold, total leakage current, voltage",True,False,True,False,False,True,3,2,task+case_study+input_type
663,Fault detection,,subsea pipelines,,,"Factslpwan, FactsopticalFiberSensors1",True,False,True,False,False,True,3,2,task+case_study+input_type
664,Fault detection,,industrial machine,,,"Mel energies, inverse-Mel scale based acoustic features, MFCC",True,False,True,False,False,True,3,2,task+case_study+input_type
665,Health assessment,,GIS,,,UHF signal,True,False,True,False,False,True,3,2,task+case_study+input_type
666,Health assessment,,planetary journal bearing,,,friction state,True,False,True,False,False,True,3,2,task+case_study+input_type
667,Fault detection,,high-voltage isolation switches,,,"motor power signals, raw data",True,False,True,False,False,True,3,2,task+case_study+input_type
668,Health assessment,,,,,,True,False,False,False,False,False,1,0,task
669,Fault detection,,safety,,,"safety, Real-time sensor data",True,False,True,False,False,True,3,2,task+case_study+input_type
670,Fault detection,,rotating machinery,,,"FactsoperationalVariables, ultrasound levels, vibration velocity",True,False,True,False,False,True,3,2,task+case_study+input_type
671,Fault identification,,wind farms,,,"viscosity, water content, acidity, particle count, initial degradation, fuel, friction performance, early detection, bench testing, severe",True,False,True,False,False,True,3,2,task+case_study+input_type
672,Fault detection,,GFRPC laminate,,,"number of holes, feed rate, drill diameter, thrust force, vibration",True,False,True,False,False,True,3,2,task+case_study+input_type
673,Health assessment,,rolling element bearings,,,vibration measurement,True,False,True,False,False,True,3,2,task+case_study+input_type
674,Fault detection,,PV inverter,,,temporal leakage,True,False,True,False,False,True,3,2,task+case_study+input_type
675,Fault detection,,,,,"varying load effects, vibration signals, FactsvibrationData",True,False,False,False,False,True,2,1,task+input_type
676,Remaining useful life estimation,,SAG mill,,,"convolutional network features, current, prognostics, rotational speed, lube-oil pressures, hydrocyclone feed, hydrocyclone pressure, operating-state segmentation, time alignment, vibration, acoustic emissions, torque, temperature, load, particle-size proxies, mill power, process images, sensor streams",True,False,True,False,False,True,3,2,task+case_study+input_type
677,Fault detection,,work roll S,,,,True,False,True,False,False,False,2,1,task+case_study
678,Remaining useful life estimation,,lithium-ion battery,,,"Factsimf1_1, time warp profile",True,False,True,False,False,True,3,2,task+case_study+input_type
679,Health assessment,,bearing,,,"features, vibration signal, grayscale image",True,False,True,False,False,True,3,2,task+case_study+input_type
680,Fault detection,,C-MAPSS simulation dataset,,,,True,False,True,False,False,False,2,1,task+case_study
681,Fault detection,,impeller defects,,,"intrinsic mode functions, raw signal",True,False,True,False,False,True,3,2,task+case_study+input_type
682,Fault detection,,IIoT network,,,,True,False,True,False,False,False,2,1,task+case_study
683,Remaining useful life estimation,,extraction of spatiotemporal features,,,"features, Input shape, time steps",True,False,True,False,False,True,3,2,task+case_study+input_type
684,Fault detection,,lithium-ion battery,,,,True,False,True,False,False,False,2,1,task+case_study
685,Remaining useful life estimation,,industrial pump,,,,True,False,True,False,False,False,2,1,task+case_study
686,Fault detection,,electrical system,,,"FactsspeedData, Factsvar3_24",True,False,True,False,False,True,3,2,task+case_study+input_type
687,Fault identification,,acoustic emission sensor,,,,True,False,True,False,False,False,2,1,task+case_study
688,Fault detection,,rail transit system,,,"bracket force, dynamic stagger",True,False,True,False,False,True,3,2,task+case_study+input_type
689,Fault detection,,rolling element bearing,,,,True,False,True,False,False,False,2,1,task+case_study
690,Remaining useful life estimation,,tantalum capacitors,,,temperature measurements,True,False,True,False,False,True,3,2,task+case_study+input_type
691,Fault detection,,flexspline,,,"degradation data, HD life test",True,False,True,False,False,True,3,2,task+case_study+input_type
692,Fault detection,,rolling element bearing,,,"vibration signals, image data, sensor data, deep learning, accuracy",True,False,True,False,False,True,3,2,task+case_study+input_type
693,Fault detection,,Francis turbine,,,"prediction, FactspowerOutput",True,False,True,False,False,True,3,2,task+case_study+input_type
694,Remaining useful life estimation,,lithium-ion battery,,,,True,False,True,False,False,False,2,1,task+case_study
695,Remaining useful life estimation,,reciprocating compressor,,,,True,False,True,False,False,False,2,1,task+case_study
696,Fault detection,,maintainable item,,,"acoustic signals, data variable, run-to-failure data",True,False,True,False,False,True,3,2,task+case_study+input_type
697,Fault detection,,standby diesel generator,,,"net load, Factsvar3_18",True,False,True,False,False,True,3,2,task+case_study+input_type
698,Fault detection,,blanking process,,,"data scarcity, tool geometry, material thickness, force signal, Gramian Angular Field, manufacturing conditions, time-series data, training data availability",True,False,True,False,False,True,3,2,task+case_study+input_type
699,Fault detection,,boiler,,,,True,False,True,False,False,False,2,1,task+case_study
700,Fault detection,,wind energy asset,,,quantitative defect parameters,True,False,True,False,False,True,3,2,task+case_study+input_type
701,Fault detection,,gearbox,,,"current-based methods, current signal, mechanical vibration, electric torque",True,False,True,False,False,True,3,2,task+case_study+input_type
702,Fault detection,,,,,SCADA data,True,False,False,False,False,True,2,1,task+input_type
703,Fault detection,,PV system,,,"performance, dust sensor, historical data, humidity sensor, direct irradiance sensing, Pyranometer, sensor, wind speed sensor",True,False,True,False,False,True,3,2,task+case_study+input_type
704,Fault identification,,centrifugal pump,,,"Casing Vibration, Current, Pump Load Variation (PGV)",True,False,True,False,False,True,3,2,task+case_study+input_type
705,Remaining useful life estimation,,lithium batteries,,,,True,False,True,False,False,False,2,1,task+case_study
706,Remaining useful life estimation,,aircraft engines,,,"datasets, engine degradation parameters, system's lifecycle, redundant sensors, time",True,False,True,False,False,True,3,2,task+case_study+input_type
707,Health assessment,,SF6 high-voltage circuit breaker,,,arc-extinguishing,True,False,True,False,False,True,3,2,task+case_study+input_type
708,Health assessment,,,,,"FactsbatteryHealth1, handcrafted features, specific datasets, time-domain features, wavelet-domain features",True,False,False,False,False,True,2,1,task+input_type
709,Health assessment,,axle box bearing,,,,True,False,True,False,False,False,2,1,task+case_study
710,Fault detection,,load current unbalance,,,,True,False,True,False,False,False,2,1,task+case_study
711,Fault detection,,Power transformer,,,"Insulation, Temperature, Failure, FactsinsulationDegradation, Load, FactsrelieffBasedAttributePreference, thermal transients, cellulose insulation degradation, Humidity, Age, demand variation",True,False,True,False,False,True,3,2,task+case_study+input_type
712,Fault detection,,,,,cutting force,True,False,False,False,False,True,2,1,task+input_type
713,Remaining useful life estimation,,case study record,,,"RUL, sugarcane flow, electrical power, Factssec1",True,False,True,False,False,True,3,2,task+case_study+input_type
714,Health assessment,,OCTG systems,,,"corrosive substances, temperature, fluid chemistry, stress",True,False,True,False,False,True,3,2,task+case_study+input_type
715,Fault detection,,,,,FT features,True,False,False,False,False,True,2,1,task+input_type
716,Fault detection,,fragile,,,"CNNs, current signals, spectral sidebands, signals that change with time, transient features, vibration signals",True,False,True,False,False,True,3,2,task+case_study+input_type
717,Fault detection,,,,,,True,False,False,False,False,False,1,0,task
718,Fault detection,,cylindrical structures,,,,True,False,True,False,False,False,2,1,task+case_study
719,Fault feature extraction,,multilayered PCB,,,,True,False,True,False,False,False,2,1,task+case_study
720,Fault detection,,bearing,,,"systematic feature extraction, measured signals, raw data features, vibration signals",True,False,True,False,False,True,3,2,task+case_study+input_type
721,Health assessment,,rim,,,"reverberation time, ADF method, mass, sound absorption coefficient",True,False,True,False,False,True,3,2,task+case_study+input_type
722,Remaining useful life estimation,,,,,InformationContentEntity,True,False,False,False,False,True,2,1,task+input_type
723,Fault detection,,bearing dataset,,,"FactsdataCorruption, FactsdataDistributionDiscrepancies, FactsgrayscaleImages_1, FactslimitedTrainingData, FactsoperationalVariability, FactsprivacyConcerns, FactswaveletCoherence",True,False,True,False,False,True,3,2,task+case_study+input_type
724,Health assessment,,transformer,,,"Ethane, Oil temperature at site, CO, Breakdown Voltage",True,False,True,False,False,True,3,2,task+case_study+input_type
725,Fault detection,,earthing brush fault,,,"shaft current, shaft voltage",True,False,True,False,False,True,3,2,task+case_study+input_type
726,Fault detection,,WTB,,,"RGB imagery, infrared thermography",True,False,True,False,False,True,3,2,task+case_study+input_type
727,Fault detection,,motors,,,"image data, operational behavior, weather conditions, power generation, drive train characteristics, vibration data, acceleration data, label space, NBM",True,False,True,False,False,True,3,2,task+case_study+input_type
728,Fault detection,,safety,,,"fault histories, sensor measurements",True,False,True,False,False,True,3,2,task+case_study+input_type
729,Remaining useful life estimation,,,,,,True,False,False,False,False,False,1,0,task
730,One step future state forecast,,battery energy storage systems,,,,True,False,True,False,False,False,2,1,task+case_study
731,Remaining useful life estimation,,composite insulators,,,"lack of in-depth research on the comprehensive analysis of multiple functional groups, spectral features, HC1, hydrophobicity, FactssampleCount, Shore A hardness, Factsvar3_4",True,False,True,False,False,True,3,2,task+case_study+input_type
732,Remaining useful life estimation,,Emergency Drive Control Unit,,,"failure rate, year",True,False,True,False,False,True,3,2,task+case_study+input_type
733,Fault detection,,industrial motors,,,"FactsdataVar3, residual errors, FFT spectra, component temperatures, vibration intensity, sensor data, 100%",True,False,True,False,False,True,3,2,task+case_study+input_type
734,Fault detection,,engine,,,"acoustics, sensor signal, pressure, FactsshaftRotationFrequency, temperature, vibration",True,False,True,False,False,True,3,2,task+case_study+input_type
735,Fault detection,,gears,,,"crack expansion path, damage features, sensor data",True,False,True,False,False,True,3,2,task+case_study+input_type
736,Fault detection,,machines,,,"historical equipment data, sensor data",True,False,True,False,False,True,3,2,task+case_study+input_type
737,Health assessment,,,,,"blade asynchronous vibration parameters, sampling frequency, signal parameters",True,False,False,False,False,True,2,1,task+input_type
738,Fault detection,,rotating ring,,,"FactsabrasiveParticleImpacts, acoustic emission, FactsadhesiveWear, FactsdryContact, fluid pressure, FactshighFrequencyAeSignals, rotational speed, running condition, temperature, vibration, wear",True,False,True,False,False,True,3,2,task+case_study+input_type
739,Remaining useful life estimation,,fuel cell,,,"threshold voltage Vth, FactsfeatureOnResistance, rated current",True,False,True,False,False,True,3,2,task+case_study+input_type
740,Health assessment,,Flexspline,,,"random variable, output state variable",True,False,True,False,False,True,3,2,task+case_study+input_type
741,Fault identification,,transformer,,,"FRA response curve, input voltage, inrush current, magnitude, neutral current patterns, negative sequence line currents, on-load excitation currents, Park's vector modulus, phase angle, primary current measurements, RNSC, sequence components of current and voltage, symmetrical components, terminal parameters, turns ratio, zero sequence",True,False,True,False,False,True,3,2,task+case_study+input_type
742,One step future state forecast,,,,,missing degradation samples,True,False,False,False,False,True,2,1,task+input_type
743,Health assessment,,MU-TCM,,,"external sensors, internal CNC signals, sensor fusion, tool condition monitoring",True,False,True,False,False,True,3,2,task+case_study+input_type
744,Multiple steps future state forecast,,solar array,,,"temperature telemetry data, non-stationary, multi-scale dynamics, pointwise attention, stationarity assumptions, multivariate telemetry parameters characterizing the thermal state of solar array",True,False,True,False,False,True,3,2,task+case_study+input_type
745,Fault detection,,SiC-based medium-voltage hybrid clamped converter,,,"Factsresult1, Factstopic6_1",True,False,True,False,False,True,3,2,task+case_study+input_type
746,One step future state forecast,,clean reference module,,,"PM concentration, ambient temperature, deposition velocity, FactsdesertProximity1, dust properties, hourly data, particle size, rainfall, relative humidity, seasonal patterns, tilt angle, environmental data, PM10",True,False,True,False,False,True,3,2,task+case_study+input_type
747,Remaining useful life estimation,,UAV BLDC motor,,,,True,False,True,False,False,False,2,1,task+case_study
748,Remaining useful life estimation,,maintainable item,,,data variable,True,False,True,False,False,True,3,2,task+case_study+input_type
749,One step future state forecast,,,,,,True,False,False,False,False,False,1,0,task
750,Health assessment,,CWP,,,"Factstdh1, temperatures of the bearings, temperatures of the electrical motor, vibrations in the main axial axis of the pump bearings",True,False,True,False,False,True,3,2,task+case_study+input_type
751,One step future state forecast,,,,,"3-axis accelerometer ADXL345, FactsairborneParticleConcentration, FactsambientHeatAccumulation, FactsmechanicalImbalance, FactsmechanicalStress, PMS5003 laser-based sensor, clamp-type current sensor SCT013, FactssensorInterruptions, DHT21 digital sensor, FactswindowBasedSmoothing",True,False,False,False,False,True,2,1,task+input_type
752,Fault detection,,,,,,True,False,False,False,False,False,1,0,task
753,One step future state forecast,,,,,,True,False,False,False,False,False,1,0,task
754,Remaining useful life estimation,,lithium-ion battery,,,LSTM,True,False,True,False,False,True,3,2,task+case_study+input_type
755,Remaining useful life estimation,,laboratory datasets,,,"global dependencies, intrinsic mode functions, local transient behaviors, multi-scale degradation features, vibration signal",True,False,True,False,False,True,3,2,task+case_study+input_type
756,Fault detection,,,,,costs,True,False,False,False,False,True,2,1,task+input_type
757,Health assessment,,tool wear,,,"features extracted from cyclostationarity analysis, cutting force, cutting temperature, Factsvalue1_19",True,False,True,False,False,True,3,2,task+case_study+input_type
758,Fault detection,,battery,,,"state of charge, state of health, temperature, voltage, Factsvar3_6",True,False,True,False,False,True,3,2,task+case_study+input_type
759,Fault detection,,,,,"single time-series, multi-source heterogeneous fusion, annotated training data, fault sample distributions, semantic attribute transfer, cross-domain feature alignment, multi-class attribute classifiers, tensor prototype alignment, uncertainty-aware dual meta-domain prototype learning, input pairing, Spiking Neural Networks, Cross-Attention Transformers, Mahalanobis distance metrics, multi-scale feature extraction, model ensemble, task homogeneity, multi-kernel channel attention encoders, flexible weight adaptation mechanism, Factsscarce_vibration_data1, average precision",True,False,False,False,False,True,2,1,task+input_type
760,Health assessment,,,,,"current signal, FactsdataFusion_1",True,False,False,False,False,True,2,1,task+input_type
761,Remaining useful life estimation,,lithium-ion batteries,,,"current-based techniques, diagnostic tests, health indicators, battery SOH estimation methods, load conditions, temperature, voltage-based techniques",True,False,True,False,False,True,3,2,task+case_study+input_type
762,Fault detection,,insulation system,,,"FactsdiscreteSinusoidalInterference, PD signals, FactsfreeSpacePropagationVelocity, FactspdPulsePropagationVelocity, FactstimeOfArrivalEstimation",True,False,True,False,False,True,3,2,task+case_study+input_type
763,One step future state forecast,,,,,,True,False,False,False,False,False,1,0,task
764,Fault detection,,machines,,,"machine interdependencies, temporal dependencies, Factsvar3_25, workflow optimization",True,False,True,False,False,True,3,2,task+case_study+input_type
765,Fault detection,,,,,"PV panel temperature, temperature distribution, Factsimpedance, FactsparallelCapacitance, FactsparallelResistance, FactstemperatureDistribution",True,False,False,False,False,True,2,1,task+input_type
766,Fault identification,,bearing systems,,,"multiple lubrication states, vibration signal, structural defect scenarios, Factsvar3_5",True,False,True,False,False,True,3,2,task+case_study+input_type
767,Health assessment,,gas turbine power plant,,,"health and performance insights, high-resolution data, historical maintenance records, real-time operational data",True,False,True,False,False,True,3,2,task+case_study+input_type
768,Fault identification,,,,,"FactslubricantHealth, output of TCN at time t in layer l, convolution kernel weights in TCN for layer l, final hidden state from LSTM, mean of latent variable distribution, latent variable sampled from encoder VAE, VAE training loss, Evidence Lower Bound, Kullback-Leibler divergence, health degradation, multivariate time series input, equipment maintenance and repair strategies, impending failures, trend component, residual component, key vector, attention dimension normalization factor, FactsviscosityTemperatureRelationships, FactswearParticleEvolution",True,False,False,False,False,True,2,1,task+input_type
769,Health assessment,,wheel-speed signals under real-world driving conditions,,,"road vehicle characteristics, hill grades, steering pad, dynamic operating environments, external noise, load fluctuations, changing road surfaces, non-stationary behavior, dynamic interactions between mechanical subsystems, multiple speeds, time-domain data",True,False,True,False,False,True,3,2,task+case_study+input_type
770,Fault detection,,ICE,,,,True,False,True,False,False,False,2,1,task+case_study
771,Fault detection,,battery,,,"battery, constant-current charging isovoltage rise time",True,False,True,False,False,True,3,2,task+case_study+input_type
772,Fault detection,,batteries,,,"real-time thermal failure data, FactssensorData_2, simulated sensor-based temperature readings",True,False,True,False,False,True,3,2,task+case_study+input_type
773,Fault detection,,engine oil,,,,True,False,True,False,False,False,2,1,task+case_study
774,Fault detection,,bearing,,,"real industrial data, log-Mel spectrogram frames, real-world idler data, acoustic signal, temperature signal",True,False,True,False,False,True,3,2,task+case_study+input_type
775,Fault detection,,,,,"FactshighRateSensors, current, drilling power signals",True,False,False,False,False,True,2,1,task+input_type
776,Fault identification,,OLTC,,,"dissolved gas analysis, structured features",True,False,True,False,False,True,3,2,task+case_study+input_type
777,Remaining useful life estimation,,,,,input size,True,False,False,False,False,True,2,1,task+input_type
778,Fault identification,,outer sheath,,,"deep learning algorithms, harmonic features, sheath current, sheath potential difference",True,False,True,False,False,True,3,2,task+case_study+input_type
779,Fault detection,,bearing,,,,True,False,True,False,False,False,2,1,task+case_study
780,Fault detection,,coupon,,,signal processing,True,False,True,False,False,True,3,2,task+case_study+input_type
781,Health assessment,,lubricating oil,,,"feature band selection, wear metal content",True,False,True,False,False,True,3,2,task+case_study+input_type
782,Fault feature extraction,,cutting tool,,,"acoustic emission, cutting forces, historical data, labeled datasets, motor current, physical quantities, real-time data, sound, temperature, images, vibration, wear features",True,False,True,False,False,True,3,2,task+case_study+input_type
783,Fault feature extraction,,PMSM with 1.0 kW power rating,,,"current data, vibration data",True,False,True,False,False,True,3,2,task+case_study+input_type
784,Remaining useful life estimation,,bearing,,,"FactsfeatureExtractedFromEmd, FactsfeatureSubsetOptimal, FactsfeatureTimeDomain",True,False,True,False,False,True,3,2,task+case_study+input_type
785,Remaining useful life estimation,,,,,"Factsonline, FactstimeT",True,False,False,False,False,True,2,1,task+input_type
786,Health assessment,,NBM,,,"10 min SCADA data, FactsscadaData_1, FactstemperatureSignal1",True,False,True,False,False,True,3,2,task+case_study+input_type
787,Fault detection,,Ti6Al4V parts,,,"Belgian electric grid, Belgium, Ti6Al4V",True,False,True,False,False,True,3,2,task+case_study+input_type
788,Health assessment,,construction machinery,,,,True,False,True,False,False,False,2,1,task+case_study
789,Health assessment,,quality,,,"real-time and production data, production data",True,False,True,False,False,True,3,2,task+case_study+input_type
790,Fault identification,,bearings,,,,True,False,True,False,False,False,2,1,task+case_study
791,Fault detection,,gear,,,,True,False,True,False,False,False,2,1,task+case_study
792,Remaining useful life estimation,,LIBs,,,"FactschargingTime, domain-driven feature engineering, FactstemperatureFluctuations_2, FactsvoltageDrops",True,False,True,False,False,True,3,2,task+case_study+input_type
793,Remaining useful life estimation,,industrial systems,,,"X(t), temperature reading",True,False,True,False,False,True,3,2,task+case_study+input_type
794,Remaining useful life estimation,,aero-engines dataset,,,"Factsdata_variable1, performance degradation variables",True,False,True,False,False,True,3,2,task+case_study+input_type
795,Fault detection,,oil wells,,,"bottom hole flow pressure, dynamometer cards, injection volume, production parameters, real-time monitoring data, temperature, time series features, wellhead pressure",True,False,True,False,False,True,3,2,task+case_study+input_type
796,Fault detection,,hemodialysis,,,,True,False,True,False,False,False,2,1,task+case_study
797,Fault identification,,solder joint,,,"surface finish material, solder doping, aging duration, biomedical healthcare data, 255 oral cancer patients, ALT data, reliability, mechanical stress, temperature",True,False,True,False,False,True,3,2,task+case_study+input_type
798,Fault detection,,generators,,,"availability, energy output, error logs, SCADA data, wind turbine signals",True,False,True,False,False,True,3,2,task+case_study+input_type
799,Health assessment,,wind turbine,,,"cut-in speed, SCADA data, rated power, rated wind speed, air density, atmospheric pressure, local terrain, standard test conditions, wind turbine power curve, WTPC, source domain",True,False,True,False,False,True,3,2,task+case_study+input_type
800,Fault detection,,faulty bearings,,,"electroencephalography signals, extracted features, historical data, raw signals, vibration signals",True,False,True,False,False,True,3,2,task+case_study+input_type
801,One step future state forecast,,dataset collection,,,"feed rate, model-based experience data",True,False,True,False,False,True,3,2,task+case_study+input_type
802,Health assessment,,cloud,,,cloud,True,False,True,False,False,True,3,2,task+case_study+input_type
803,Remaining useful life estimation,,bearing,,,"monitoring data, time-frequency domain signals, measured vibration data",True,False,True,False,False,True,3,2,task+case_study+input_type
804,Health assessment,,conveyor belt,,,"Doppler shift, RSSI, UHF RFID sensors, small cracks, FactsrfidMonitoring, RFID tags",True,False,True,False,False,True,3,2,task+case_study+input_type
805,Fault detection,,rolling bearing,,,"FactsclassImbalance1, Factscnn1_10",True,False,True,False,False,True,3,2,task+case_study+input_type
806,Health assessment,,technician,,,labor,True,False,True,False,False,True,3,2,task+case_study+input_type
807,Fault detection,,bearing,,,"acceleration values, crest factor, health indicator, FactspeakToPeakAmplitude, RMS, vibration data, signal's energy",True,False,True,False,False,True,3,2,task+case_study+input_type
808,One step future state forecast,,,,,,True,False,False,False,False,False,1,0,task
809,Fault detection,,electrical machinery,,,"wear, viscosity, sulfur content, temperature, pressure, oil analysis",True,False,True,False,False,True,3,2,task+case_study+input_type
810,Remaining useful life estimation,,bearing,,,"FactsfeaturesOfBearings, multi-feature fusion, FactsperformanceDegradationData, vibration signals",True,False,True,False,False,True,3,2,task+case_study+input_type
811,Fault detection,,,,,"center distance, pinion speed, torque",True,False,False,False,False,True,2,1,task+input_type
812,Fault detection,,,,,"inaccurate or incomplete hard disk data, AUC",True,False,False,False,False,True,2,1,task+input_type
813,Fault feature extraction,,Rolling bearing,,,signal,True,False,True,False,False,True,3,2,task+case_study+input_type
814,Health assessment,,equipment,,,,True,False,True,False,False,False,2,1,task+case_study
815,Health assessment,,used engine oil,,,"FactsdurationOfUseMonths, FactsoilServiceLife, FactsurbanOperation",True,False,True,False,False,True,3,2,task+case_study+input_type
816,Fault feature extraction,,blade,,,modal parameters,True,False,True,False,False,True,3,2,task+case_study+input_type
817,Health assessment,,air compressor,,,"FactsairPressureVariable, analogue/digital sensor signals, GPS data, FactsmotorCurrentVariable, FactsoilTemperatureVariable, operational data, actual readings from sensors, 16 signals logged at 1Hz, temporal patterns",True,False,True,False,False,True,3,2,task+case_study+input_type
818,Fault detection,,vertical machining center,,,"accelerometers, force sensors, cutting speed, feed rate, nose radius, volume of material removed, Factssignal1, sound sensors, surface quality prediction, vibration signals, current signals, cutting force signals, feature extraction, dimensionality reduction, neural network",True,False,True,False,False,True,3,2,task+case_study+input_type
819,Fault detection,,IMs,,,"fault signatures, Factskw5_3",True,False,True,False,False,True,3,2,task+case_study+input_type
820,Fault detection,,low-voltage winding,,,"FactsimpulseVoltage, FactspartialDischarges, lightning impulses",True,False,True,False,False,True,3,2,task+case_study+input_type
821,Fault detection,,gear fault,,,"gear fault, Factste1",True,False,True,False,False,True,3,2,task+case_study+input_type
822,Health assessment,,,,,lossy compression,True,False,False,False,False,True,2,1,task+input_type
823,Health assessment,,motors,,,"line current, voltage, FactsvariableGases",True,False,True,False,False,True,3,2,task+case_study+input_type
824,Fault detection,,,,,"annotated fault data, real-world failure, SCADA data, sensor data, temperature readings, vibration signals",True,False,False,False,False,True,2,1,task+input_type
825,Remaining useful life estimation,,catalyst,,,"Factsfeature_dimension_change_1, limited training datasets",True,False,True,False,False,True,3,2,task+case_study+input_type
826,Fault detection,,cutting tool,,,"cutting force signal, small number of samples",True,False,True,False,False,True,3,2,task+case_study+input_type
827,Fault feature extraction,,battery,,,"current, electrochemical impedance spectroscopy, full charge-discharge cycles, voltage",True,False,True,False,False,True,3,2,task+case_study+input_type
828,Fault identification,,aircraft engine,,,"raw monitoring data, fault degradation features, reliability",True,False,True,False,False,True,3,2,task+case_study+input_type
829,Fault detection,,,,,,True,False,False,False,False,False,1,0,task
830,Remaining useful life estimation,,cast-resin transformer,,,"Factsfeat2, PD datasets",True,False,True,False,False,True,3,2,task+case_study+input_type
831,Health assessment,,high-voltage insulator,,,"time domain features, leakage current signals, humidity, visual imagery",True,False,True,False,False,True,3,2,task+case_study+input_type
832,Fault detection,,pumps,,,"velocity, FactsatmosphericHumidity, shear stresses, thermal degradation, oxidation hotspots, oil oxidation rates, additive depletion, contaminant transport, sliding meshes, multiphysics coupling, fluid flow, chemical reactions, localized thermal stresses, pressure variations, lubricant chemical composition, remaining productive life, FactsoxygenExposure, temperature, FactsviscosityVariation, FactswaterContamination, FactswearDebris_2",True,False,True,False,False,True,3,2,task+case_study+input_type
833,Remaining useful life estimation,,landing gear structures,,,"FactsfiveInputs, FactsfuelMass",True,False,True,False,False,True,3,2,task+case_study+input_type
834,Fault detection,,composting systems,,,,True,False,True,False,False,False,2,1,task+case_study
835,Fault detection,,,,,,True,False,False,False,False,False,1,0,task
836,Remaining useful life estimation,,ANN,,,ANN,True,False,True,False,False,True,3,2,task+case_study+input_type
837,Fault detection,,bearings,,,"FactsacousticEmissionData, Factsvar3_17",True,False,True,False,False,True,3,2,task+case_study+input_type
838,Fault detection,,IoT devices,,,,True,False,True,False,False,False,2,1,task+case_study
839,Health assessment,,oil-suspended wear particles,,,"pressure amplitude, density, flow velocity, acoustic frequency, oil temperature, particle size, viscosity, particle migration dynamics",True,False,True,False,False,True,3,2,task+case_study+input_type
840,Fault detection,,power transformer,,,,True,False,True,False,False,False,2,1,task+case_study
841,Remaining useful life estimation,,filter,,,sensor data,True,False,True,False,False,True,3,2,task+case_study+input_type
842,Fault feature extraction,,conveyor belt,,,"expected operating time, FactsdropHeight, FactsfineMineralFractions, Age",True,False,True,False,False,True,3,2,task+case_study+input_type
843,Health assessment,,reach stackers,,,sensors,True,False,True,False,False,True,3,2,task+case_study+input_type
844,Fault detection,,photovoltaic cell,,,"light, solar radiation",True,False,True,False,False,True,3,2,task+case_study+input_type
845,Remaining useful life estimation,,Lithium-Ion Battery,,,,True,False,True,False,False,False,2,1,task+case_study
846,Health assessment,,,,,,True,False,False,False,False,False,1,0,task
847,Fault detection,,tool milling datasets,,,"FactsfutureContext, multi-sensor data, multi-source signals, tool wear features",True,False,True,False,False,True,3,2,task+case_study+input_type
848,Health assessment,,machine tools,,,,True,False,True,False,False,False,2,1,task+case_study
849,Fault detection,,gear systems,,,vibration signal,True,False,True,False,False,True,3,2,task+case_study+input_type
850,Fault detection,,,,,Lower-Layer Model,True,False,False,False,False,True,2,1,task+input_type
851,Remaining useful life estimation,,railway point machine,,,"historical failure records, naive baseline MTTR data, weekly and monthly CCTV camera failure incidents",True,False,True,False,False,True,3,2,task+case_study+input_type
852,Health assessment,,Uzbekistan,,,,True,False,True,False,False,False,2,1,task+case_study
853,Fault detection,,15-dimensional comprehensive feature system,,,15-dimensional comprehensive feature system,True,False,True,False,False,True,3,2,task+case_study+input_type
854,Health assessment,,floating offshore wind turbine,,,"Factsdata_scarcity1, Factsvariable2_7",True,False,True,False,False,True,3,2,task+case_study+input_type
855,Fault detection,,IGBT,,,"conduction currents, T a, thermal cycles",True,False,True,False,False,True,3,2,task+case_study+input_type
856,Remaining useful life estimation,,component,,,,True,False,True,False,False,False,2,1,task+case_study
857,Health assessment,,tri-axial accelerometer,,,"EMD, time-frequency images, vibration signals",True,False,True,False,False,True,3,2,task+case_study+input_type
858,Remaining useful life estimation,,Lithium-Ion Battery,,,,True,False,True,False,False,False,2,1,task+case_study
859,Health assessment,,engine,,,performance,True,False,True,False,False,True,3,2,task+case_study+input_type
860,Fault detection,,,,,"Blade angles, humidity, parameter monitoring, sampling rate, Factsvariable5, wind speed",True,False,False,False,False,True,2,1,task+input_type
861,Fault detection,,,,,"accuracy, raw vibration sequence",True,False,False,False,False,True,2,1,task+input_type
862,Fault detection,,rail,,,"FactsabbrAi, axle positions, cargo position, dynamic loads, geometrical features, load distribution, overloading situations, static load, strain data, synthetic data, track acceleration, track unevenness, train speed, wheel load, wheel loads, difference between each wheel-rail force",True,False,True,False,False,True,3,2,task+case_study+input_type
863,Health assessment,,,,,"LDA, PCA",True,False,False,False,False,True,2,1,task+input_type
864,Fault detection,,Case Western Reserve University bearing dataset,,,"FactslongTermDependency_1, input features, bearing vibration signals",True,False,True,False,False,True,3,2,task+case_study+input_type
865,Health assessment,,GaN HEMT,,,"FactsambientTemperature, FactsgateLeakageCurrent, FactsvSbd, gate leakage current, dynamic ON-resistance, remaining useful life",True,False,True,False,False,True,3,2,task+case_study+input_type
866,Fault detection,,substation secondary system,,,,True,False,True,False,False,False,2,1,task+case_study
867,Fault detection,,blade pitch system,,,"electrical energy output, tower vibration, nacelle yaw, gearbox temperature, SCADA data",True,False,True,False,False,True,3,2,task+case_study+input_type
868,Fault identification,,,,,,True,False,False,False,False,False,1,0,task
869,Health assessment,,current health condition,,,"health index, maintenance, operating conditions, time",True,False,True,False,False,True,3,2,task+case_study+input_type
870,Health assessment,,cylindrical pin,,,"real-time sensor data, strain sensor, temperature, vibration",True,False,True,False,False,True,3,2,task+case_study+input_type
871,One step future state forecast,,ship,,,observer,True,False,True,False,False,True,3,2,task+case_study+input_type
872,Fault detection,,,,,"Mo, P, Zn, calendar time, density, FactsengineOil, field activities, flash point, fuel contamination, wear particles, iron, FactsironShavings, lead, oil properties, FactstractorAge, FactstractorEngineOil, viscosity, water content, FactswearDebris_1",True,False,False,False,False,True,2,1,task+input_type
873,Fault detection,,assets,,,,True,False,True,False,False,False,2,1,task+case_study
874,One step future state forecast,,battery,,,,True,False,True,False,False,False,2,1,task+case_study
875,Remaining useful life estimation,,dust,,,dust,True,False,True,False,False,True,3,2,task+case_study+input_type
876,Health assessment,,engineering structures,,,residual stress monitoring method,True,False,True,False,False,True,3,2,task+case_study+input_type
877,Fault detection,,wheel-flat,,,"ABA measurements, axle-box vibration measurements, solution, vibration signals",True,False,True,False,False,True,3,2,task+case_study+input_type
878,Fault detection,,,,,"current, pressure, temperature, vibration",True,False,False,False,False,True,2,1,task+input_type
879,Fault detection,,,,,"FactsdeformationsUnderAppliedLoads, FactsfiberBraggGratings, FactsmodeShapes, rotational speed, oil supply rate, ambient temperature, lubricant viscosity, clearances",True,False,False,False,False,True,2,1,task+input_type
880,Health assessment,,mine hoists,,,"bend, kink, break, rope contour, structural boundaries, intensity discontinuities, periodicity analysis, lay length as dominant spatial wavelength, lubricating greases, adhered fines, motion blur, vibration, surface contamination, intact, environmental perturbations, stable imaging conditions, background suppression, high-performance computing resources, real-world conditions, routine acceptance, in-service monitoring, lifetime assessment, enhanced stripe imaging, calibration, industrial diagnostic pipelines, mine-site diagnostics, deep-learning-based systems, black boxes, contour extraction, contactless sensing",True,False,True,False,False,True,3,2,task+case_study+input_type
881,Health assessment,,indexable face milling tools,,,,True,False,True,False,False,False,2,1,task+case_study
882,Remaining useful life estimation,,,,,"FactshealthyFeatures, FactsrawVibrationSignals, Factsuncertainty_1",True,False,False,False,False,True,2,1,task+input_type
883,Fault detection,,classification,,,"acoustic channels, thermometric channels, vibration",True,False,True,False,False,True,3,2,task+case_study+input_type
884,Health assessment,,transformer,,,"analysis window w, d, forecast horizon h, H2",True,False,True,False,False,True,3,2,task+case_study+input_type
885,Fault identification,,elevator,,,,True,False,True,False,False,False,2,1,task+case_study
886,Fault detection,,lithium-ion battery pack,,,"cell voltage sensors, currents, diagnostic signals, missing measurements, temperatures, voltage measurements, sensor data",True,False,True,False,False,True,3,2,task+case_study+input_type
887,Remaining useful life estimation,,,,,health index,True,False,False,False,False,True,2,1,task+input_type
888,Fault detection,,crude distillation unit,,,"fouling resistance, heat exchanger outlet temperature",True,False,True,False,False,True,3,2,task+case_study+input_type
889,Fault detection,,broken rotor bar fault,,,"feature selection, motor loading, noise, operating conditions, steady-state signals, Wrapper",True,False,True,False,False,True,3,2,task+case_study+input_type
890,Fault detection,,boilers operation,,,"recall, 40 features, measurements obtained from sensors, temperature data",True,False,True,False,False,True,3,2,task+case_study+input_type
891,Remaining useful life estimation,,machine,,,,True,False,True,False,False,False,2,1,task+case_study
892,Fault detection,,stator current,,,rotor slot harmonics,True,False,True,False,False,True,3,2,task+case_study+input_type
893,Fault feature extraction,,hydropower station,,,biased data,True,False,True,False,False,True,3,2,task+case_study+input_type
894,Fault identification,,grinding wheel,,,"acoustic emissions, vibration data, experimental data, sensor data",True,False,True,False,False,True,3,2,task+case_study+input_type
895,Fault detection,,railway signal relay,,,voiceprint,True,False,True,False,False,True,3,2,task+case_study+input_type
896,Fault detection,,machinery,,,"brown noise, Gaussian distribution, higher harmonics, machine vibration, knocking sound, signal horn, machine signal s m",True,False,True,False,False,True,3,2,task+case_study+input_type
897,Health assessment,,motor bearing,,,"real data, synthetic fault data, vibration data",True,False,True,False,False,True,3,2,task+case_study+input_type
898,Fault detection,,drive end,,,,True,False,True,False,False,False,2,1,task+case_study
899,Health assessment,,cutting tool,,,,True,False,True,False,False,False,2,1,task+case_study
900,Fault detection,,corrosion,,,"Factschloride_concentration_factor1, pH value",True,False,True,False,False,True,3,2,task+case_study+input_type
901,Remaining useful life estimation,,capacitor,,,"aging state, capacitance change rate, capacitance loss, C value, ESR, guidance",True,False,True,False,False,True,3,2,task+case_study+input_type
902,Health assessment,,,,,"FactsMe, FactsMePropulsionPower",True,False,False,False,False,True,2,1,task+input_type
903,Fault detection,,cutting tools,,,"FactscuttingForce_3, FactstoolLife_1, FactsvibrationSignal_3",True,False,True,False,False,True,3,2,task+case_study+input_type
904,Fault identification,,machines,,,,True,False,True,False,False,False,2,1,task+case_study
905,Fault detection,,crack,,,classification,True,False,True,False,False,True,3,2,task+case_study+input_type
906,Health assessment,,,,,"temperature, load, depth of discharge, feature selection",True,False,False,False,False,True,2,1,task+input_type
907,Fault detection,,spring-operated circuit breaker,,,,True,False,True,False,False,False,2,1,task+case_study
908,Fault detection,,inverter switch,,,"irradiance, temperature, current signals",True,False,True,False,False,True,3,2,task+case_study+input_type
909,Fault detection,,Arc furnace,,,,True,False,True,False,False,False,2,1,task+case_study
910,Remaining useful life estimation,,,,,"fuzzy information granularity, time series",True,False,False,False,False,True,2,1,task+input_type
911,Health assessment,,PV panel,,,"abnormal temperature patterns, thermal images, spatial features, temporal information, environmental conditions, fault-induced anomalies, hot spots, cracked cells, broken electrical connections",True,False,True,False,False,True,3,2,task+case_study+input_type
912,Health assessment,,insulator,,,"FactselectricFieldDistributionAnalysis, Factsfact8_43, FactshighVoltageKeyword, FactssparkGapMeasurement",True,False,True,False,False,True,3,2,task+case_study+input_type
913,Fault feature extraction,,marine plain bearings,,,"vibration parameters, diagnostic parameters",True,False,True,False,False,True,3,2,task+case_study+input_type
914,Remaining useful life estimation,,IGBT,,,"bond-wire fatigue, solder-layer fatigue, current path, parasitics, temperature, turn-off overvoltage, on-state voltage",True,False,True,False,False,True,3,2,task+case_study+input_type
915,Fault detection,,fans,,,spectrograms,True,False,True,False,False,True,3,2,task+case_study+input_type
916,Health assessment,,aero-engine,,,,True,False,True,False,False,False,2,1,task+case_study
917,Fault detection,,aluminum electrolytic capacitors,,,"capacitor current integral, DC voltage ripple, low-frequency ripples, regeneration mode, Factstemperature_15, training data, capacitance, time constant multiplier, voltage change",True,False,True,False,False,True,3,2,task+case_study+input_type
918,Fault detection,,pantograph,,,"friction coefficient, Factsfrequency_1hz",True,False,True,False,False,True,3,2,task+case_study+input_type
919,Remaining useful life estimation,,milling machines,,,"acoustic emission, cutting speed, cutting forces, spindle current, vibration, health",True,False,True,False,False,True,3,2,task+case_study+input_type
920,Health assessment,,critical subsystems of WTs,,,"features, operational wind farm data",True,False,True,False,False,True,3,2,task+case_study+input_type
921,Fault feature extraction,,gearbox,,,,True,False,True,False,False,False,2,1,task+case_study
922,Fault detection,,knitting machines,,,,True,False,True,False,False,False,2,1,task+case_study
923,Fault detection,,,,,,True,False,False,False,False,False,1,0,task
924,Health assessment,,Lithium-ion batteries,,,"heat, load, trade-off between reduced performance and extended lifetime, vibration data",True,False,True,False,False,True,3,2,task+case_study+input_type
925,Fault feature extraction,,underground power cable infrastructure,,,"FactshighFrequencySignalAnalysis, stress waves, wavelets, time difference of arrival, centimeter-level pinpointing accuracy",True,False,True,False,False,True,3,2,task+case_study+input_type
926,Remaining useful life estimation,,wheat combine harvester,,,"FactscuttingWidth, intelligent yield prediction model",True,False,True,False,False,True,3,2,task+case_study+input_type
927,Fault detection,,hard faults,,,,True,False,True,False,False,False,2,1,task+case_study
928,Fault identification,,EV motor,,,Weak Small-Sample Learning Ability,True,False,True,False,False,True,3,2,task+case_study+input_type
929,Remaining useful life estimation,,maintainable item,,,,True,False,True,False,False,False,2,1,task+case_study
930,Remaining useful life estimation,,CBM,,,"massive, squeaky-clean datasets",True,False,True,False,False,True,3,2,task+case_study+input_type
931,Fault detection,,shafts,,,"order spectrum, sidebands, excitation signal, FactslocalPressureDistributions, FactstoothRootStresses, FactsvibrationSignatures",True,False,True,False,False,True,3,2,task+case_study+input_type
932,Fault detection,,diagnosing,,,"delays, two readings",True,False,True,False,False,True,3,2,task+case_study+input_type
933,Fault detection,,size,,,size,True,False,True,False,False,True,3,2,task+case_study+input_type
934,Fault identification,,earthing brush,,,,True,False,True,False,False,False,2,1,task+case_study
935,Fault detection,,,,,"high-dimensional data, pixel-level anomaly maps",True,False,False,False,False,True,2,1,task+input_type
936,Fault detection,,actuators,,,,True,False,True,False,False,False,2,1,task+case_study
937,Health assessment,,caster segments,,,"angle measurements, roll positions",True,False,True,False,False,True,3,2,task+case_study+input_type
938,Health assessment,,milling machines,,,,True,False,True,False,False,False,2,1,task+case_study
939,Health assessment,,transmission lines,,,"temperature, location characteristics",True,False,True,False,False,True,3,2,task+case_study+input_type
940,Fault feature extraction,,angular sensor,,,"simulation scenarios, Factskeyword3_2",True,False,True,False,False,True,3,2,task+case_study+input_type
941,Remaining useful life estimation,,MVME6100,,,"ambient variations, bit error rates, communication noise, CPU temperature, fault data, normal data, output voltage, precursor signals, processor clock delays, solder resistance changes",True,False,True,False,False,True,3,2,task+case_study+input_type
942,Remaining useful life estimation,,rotating machinery,,,,True,False,True,False,False,False,2,1,task+case_study
943,Health assessment,,accelerometers,,,"Factsdata2_1, specific frequency, high-dimensional data, high-velocity data streams, images, rotational speed, time series data, vibrations",True,False,True,False,False,True,3,2,task+case_study+input_type
944,Fault detection,,bearing,,,"FactsperformanceDegradation, FactsvibrationFeatures",True,False,True,False,False,True,3,2,task+case_study+input_type
945,Fault identification,,elastic supports,,,".csv, Experiment timestamp, Sensor type, Test ID",True,False,True,False,False,True,3,2,task+case_study+input_type
946,Remaining useful life estimation,,ceramic plates,,,"FactssensorData1_1, 12 sensors",True,False,True,False,False,True,3,2,task+case_study+input_type
947,Health assessment,,ground engaging tools,,,,True,False,True,False,False,False,2,1,task+case_study
948,Remaining useful life estimation,,low-power edge devices,,,"acoustic emission technique, field data, hydraulic model benchmarks, metal loss parameters, 30% missing input data, transient multiphase flow dynamics, Factsvariable2_5",True,False,True,False,False,True,3,2,task+case_study+input_type
949,Health assessment,,rolling bearing,,,"vibration signals, one-dimensional signals, matrix images, spatial features, time-frequency features, learnable CLS token, contextual dependency modeling, gradient flow issues, raw data, CNN",True,False,True,False,False,True,3,2,task+case_study+input_type
950,Fault identification,,aero-engine gas path,,,,True,False,True,False,False,False,2,1,task+case_study
951,Fault detection,,digital printing devices,,,sensor data,True,False,True,False,False,True,3,2,task+case_study+input_type
952,Fault detection,,frequency conversion motor,,,phase,True,False,True,False,False,True,3,2,task+case_study+input_type
953,Fault detection,,compressor,,,"Acoustic signals, Continuous Wavelet Transform, Batch-Normalized Deep Sparse Filtering, image-like data, Mel spectrograms, Mel Frequency Cepstral Coefficients, Maximal Overlap Discrete Wavelet Packet Transform, sequential data, time frequency representations",True,False,True,False,False,True,3,2,task+case_study+input_type
954,Health assessment,,ropes,,,"grayscale, labeled data scarcity, high-resolution imaging, magnetic flux leakage data, thermal data, time-spectrum images, vibration signals",True,False,True,False,False,True,3,2,task+case_study+input_type
955,Health assessment,,machine parts,,,,True,False,True,False,False,False,2,1,task+case_study
956,Fault detection,,,,,capacitance,True,False,False,False,False,True,2,1,task+input_type
957,Fault detection,,,,,,True,False,False,False,False,False,1,0,task
958,Fault detection,,remaining useful life,,,vibration signals,True,False,True,False,False,True,3,2,task+case_study+input_type
959,Health assessment,,transformer,,,"sensor graph node variable, Factsvar3_16",True,False,True,False,False,True,3,2,task+case_study+input_type
960,Fault detection,,PMSG,,,"three-phase currents, signal, machine parameters, measurements of their variables, phase shift in the signal, symmetrical components of the currents, symmetrical components of the voltage",True,False,True,False,False,True,3,2,task+case_study+input_type
961,Fault detection,,dental chairs,,,,True,False,True,False,False,False,2,1,task+case_study
962,Fault detection,,wind turbine components,,,"time series data, sensor data, raw signals, case studies",True,False,True,False,False,True,3,2,task+case_study+input_type
963,Fault detection,,angular contact bearing,,,,True,False,True,False,False,False,2,1,task+case_study
964,One step future state forecast,,,,,"AGE, CPI, Food and nutrition assistance per capita, Capital stock at constant 2017 national prices per capita, Food consumer price index, Government effectiveness, Agriculture shares of government expenditure, GNI per capita, Human capital index, Agricultural import value index, Percent of arable land equipped for irrigation, Gross per capita cereal production index, Prevalence of undernourishment",True,False,False,False,False,True,2,1,task+input_type
965,Fault detection,,aircraft engines,,,,True,False,True,False,False,False,2,1,task+case_study
966,Fault detection,,Digital Twin,,,,True,False,True,False,False,False,2,1,task+case_study
967,Fault feature extraction,,LiB,,,"charge phase, FactscurrentData, FactsgramianAngularFieldRepresentations, FactsrawChargeDischargeCycles, FactstemperatureData",True,False,True,False,False,True,3,2,task+case_study+input_type
968,Fault detection,,electric motor,,,"acoustic, magnetic field, raw signals, stator current, temperature, vibration, accuracy",True,False,True,False,False,True,3,2,task+case_study+input_type
969,Health assessment,,battery,,,"current, temperature, terminal voltage, empirical data, real-world measurements, controlled battery aging experiments, battery usage profiles",True,False,True,False,False,True,3,2,task+case_study+input_type
970,Fault feature extraction,,aero-engine bearing system,,,,True,False,True,False,False,False,2,1,task+case_study
971,Fault detection,,gearbox,,,"data variable, spectrogram representations, vibration signals",True,False,True,False,False,True,3,2,task+case_study+input_type
972,Health assessment,,,,,"current sensing, FactssigNoise, FactssigThermal",True,False,False,False,False,True,2,1,task+input_type
973,Remaining useful life estimation,,bearing,,,NASA,True,False,True,False,False,True,3,2,task+case_study+input_type
974,Health assessment,,HV bushing,,,"PRPD pattern, Factslocal_density_redistribution1",True,False,True,False,False,True,3,2,task+case_study+input_type
975,Fault detection,,transformer,,,gas data,True,False,True,False,False,True,3,2,task+case_study+input_type
976,Health assessment,,Conformal AMP insert,,,,True,False,True,False,False,False,2,1,task+case_study
977,Fault detection,,industrial systems,,,alerts,True,False,True,False,False,True,3,2,task+case_study+input_type
978,One step future state forecast,,components,,,,True,False,True,False,False,False,2,1,task+case_study
979,Fault detection,,centrifugal pump,,,"vibration sensors, sidebands, current spectrum",True,False,True,False,False,True,3,2,task+case_study+input_type
980,Fault detection,,Proton Exchange Membrane Fuel Cell,,,"vehicle condition data, vibration signals, current and temperature distributions, multivariate data, battery ESC data",True,False,True,False,False,True,3,2,task+case_study+input_type
981,Health assessment,,machine,,,"vibration data, FactssymptomTemperature, FactssymptomVibration",True,False,True,False,False,True,3,2,task+case_study+input_type
982,Remaining useful life estimation,,counterfeit part,,,"6G, cloud computing",True,False,True,False,False,True,3,2,task+case_study+input_type
983,Fault detection,,electrical machines,,,,True,False,True,False,False,False,2,1,task+case_study
984,Health assessment,,autonomous vehicles,,,,True,False,True,False,False,False,2,1,task+case_study
985,Fault detection,,thrust bearing,,,,True,False,True,False,False,False,2,1,task+case_study
986,Remaining useful life estimation,,sliding strips,,,"contact pressure fluctuations, seasonal variables, strip thickness, unevenly spaced wear data, wear patterns",True,False,True,False,False,True,3,2,task+case_study+input_type
987,Health assessment,,loose windings,,,"classifier, normalized time-series vibration data",True,False,True,False,False,True,3,2,task+case_study+input_type
988,Remaining useful life estimation,,CT-1,,,"focus, degradation phase, R2, stable phase",True,False,True,False,False,True,3,2,task+case_study+input_type
989,Fault detection,,battery,,,,True,False,True,False,False,False,2,1,task+case_study
990,Remaining useful life estimation,,aircraft,,,"operational parameters, temperature, pressure, vibration, fuel flow",True,False,True,False,False,True,3,2,task+case_study+input_type
991,Fault detection,,turbine system,,,,True,False,True,False,False,False,2,1,task+case_study
992,Fault detection,,Volkov,,,"electrical resistance of the load, current frequency",True,False,True,False,False,True,3,2,task+case_study+input_type
993,Fault detection,,industrial cooling systems,,,"attack data labels, operational parameters, vibration signals",True,False,True,False,False,True,3,2,task+case_study+input_type
994,Fault detection,,smart grid,,,,True,False,True,False,False,False,2,1,task+case_study
995,Fault detection,,drain valve,,,"degradation features, dynamic trends, historical operational data, non-stationary characteristics, operational fluctuations, original valve internal leakage time series, residual sequence, white noise sequence, normal distribution",True,False,True,False,False,True,3,2,task+case_study+input_type
996,Fault detection,,RSS,,,"lubricant quality, obtained features, operational parameters, friction torque, contact temperature",True,False,True,False,False,True,3,2,task+case_study+input_type
997,Fault detection,,natural gas pipeline,,,,True,False,True,False,False,False,2,1,task+case_study
998,Health assessment,,kilns,,,data acquisition,True,False,True,False,False,True,3,2,task+case_study+input_type
999,Fault detection,,fan,,,vibration data,True,False,True,False,False,True,3,2,task+case_study+input_type
1000,Fault detection,,conveyors,,,"thermal, vibration, acoustic, temporal sensor data, visual data",True,False,True,False,False,True,3,2,task+case_study+input_type
1001,Health assessment,,engine,,,"engine RPM, fuel pressure, lubrication oil pressure, engine data from vehicles",True,False,True,False,False,True,3,2,task+case_study+input_type
1002,Remaining useful life estimation,,rolling bearing,,,"fatigue-sensitive indicator set, monitoring data, multi-domain feature sets, state information of rolling bearings, bearing operation temperature data, temporal significance, Factsvar1_3, bearing operation vibration data",True,False,True,False,False,True,3,2,task+case_study+input_type
1003,Health assessment,,battery,,,,True,False,True,False,False,False,2,1,task+case_study
1004,Fault detection,,power line,,,"50 Hz, power line frequency, displacement, voltage, current, force factor, damping ratio, electromechanical coupling factor",True,False,True,False,False,True,3,2,task+case_study+input_type
1005,Fault detection,,Line Replaceable Unit,,,"maneuver-related data, temperature, voltage, current, real flight data",True,False,True,False,False,True,3,2,task+case_study+input_type
1006,Health assessment,,gearbox,,,fiber optic strain sensors,True,False,True,False,False,True,3,2,task+case_study+input_type
1007,Fault detection,,balls,,,"acoustic emissions, current, vibrations, Factssignal1_9, stray magnetic flux, temperature, voltage",True,False,True,False,False,True,3,2,task+case_study+input_type
1008,Fault detection,,,,,,True,False,False,False,False,False,1,0,task
1009,Fault detection,,component test rig for journal bearings with integrated SAW measurement,,,,True,False,True,False,False,False,2,1,task+case_study
1010,Fault detection,,diagnostic conclusion,,,"high-frequency, numerical time-series data from sensors, temporal, spectral, and time-frequency characteristics, pump vibration signals",True,False,True,False,False,True,3,2,task+case_study+input_type
1011,Fault detection,,A07,,,,True,False,True,False,False,False,2,1,task+case_study
1012,Health assessment,,chiller plant,,,"Gramian Angular Summation Field, gas path measurements, images, Markov Transition Field, profound features, virtual sensors, accuracy",True,False,True,False,False,True,3,2,task+case_study+input_type
1013,Fault detection,,UAV sounds dataset,,,,True,False,True,False,False,False,2,1,task+case_study
1014,Fault detection,,bearing,,,"diagnostic indicator, vibration measurement",True,False,True,False,False,True,3,2,task+case_study+input_type
1015,Fault detection,,air production unit,,,wheel vibration,True,False,True,False,False,True,3,2,task+case_study+input_type
1016,Fault detection,,bearing,,,"kernel principal component analysis, complex, nonlinear hidden data patterns, irrelevant input features, long-term dependencies, noise, progressive inputs, thermal imaging, time series data, vibration signals",True,False,True,False,False,True,3,2,task+case_study+input_type
1017,Fault detection,,,,,,True,False,False,False,False,False,1,0,task
1018,Health assessment,,single cell,,,"multi-source information, State of Charge, State of Health, State of Power",True,False,True,False,False,True,3,2,task+case_study+input_type
1019,Health assessment,,power transformer,,,"FactscoreTemporalFeatureOt, FactsetDataset",True,False,True,False,False,True,3,2,task+case_study+input_type
1020,Remaining useful life estimation,,tool,,,"chip morphology, runtime, acceleration, acoustic sensor signals, spindle drive current sensor signals, cutting forces, temperature, vibrations",True,False,True,False,False,True,3,2,task+case_study+input_type
1021,Fault detection,,bearings,,,"air flow rate, air pressure, compressor outlet pressure, motor current, oil temperature, pulled air temperature, RPM, water pump power",True,False,True,False,False,True,3,2,task+case_study+input_type
1022,Health assessment,,failure state with different level of valve plate degradation,,,"flow sensor, imbalance rate, prediction methods, pressure sensor, amount of pump failure data, vibration sensor data, vibration speed",True,False,True,False,False,True,3,2,task+case_study+input_type
1023,Fault detection,,circuit breaker,,,"acoustic emissions, coil current, dynamic contact resistance, healthy data, operation timing, Factssignal1_8, travel curves, vibration, Factsxai_1",True,False,True,False,False,True,3,2,task+case_study+input_type
1024,Health assessment,,Fuel cell,,,inputs,True,False,True,False,False,True,3,2,task+case_study+input_type
1025,Fault detection,,insulator,,,,True,False,True,False,False,False,2,1,task+case_study
1026,Health assessment,,rolling element bearing,,,"Factsshap1, Factssignals, vibration signal analysis",True,False,True,False,False,True,3,2,task+case_study+input_type
1027,Fault detection,,cyber-physical systems,,,"actuator states, fault data, network traffic, sensor data",True,False,True,False,False,True,3,2,task+case_study+input_type
1028,Fault detection,,water hammer phenomenon,,,,True,False,True,False,False,False,2,1,task+case_study
1029,One step future state forecast,,,,,,True,False,False,False,False,False,1,0,task
1030,Health assessment,,custom-curated dataset,,,,True,False,True,False,False,False,2,1,task+case_study
1031,Fault feature extraction,,battery,,,"histogram-based features, multiview features, time-domain features, voltage curve features",True,False,True,False,False,True,3,2,task+case_study+input_type
1032,Health assessment,,bearings,,,"Factspressure, Factstemperature, SCADA data, high-frequency vibration signals",True,False,True,False,False,True,3,2,task+case_study+input_type
1033,Remaining useful life estimation,,nitrogen compressor,,,corrective maintenance,True,False,True,False,False,True,3,2,task+case_study+input_type
1034,Fault detection,,X52 pipeline steel,,,,True,False,True,False,False,False,2,1,task+case_study
1035,One step future state forecast,,,,,,True,False,False,False,False,False,1,0,task
1036,Fault feature extraction,,bearing,,,"bearing, independent source signals, mixing matrix A, observed signal matrix X, unmixing matrix W, windowed vibration signals",True,False,True,False,False,True,3,2,task+case_study+input_type
1037,Fault detection,,steel frame undergoing fatigue deterioration,,,,True,False,True,False,False,False,2,1,task+case_study
1038,Fault detection,,tool,,,,True,False,True,False,False,False,2,1,task+case_study
1039,Health assessment,,,,,"FactsaxialForce, Factsfeatures_4, Factstemperature_7, FactstoolWear_2, factsforce",True,False,False,False,False,True,2,1,task+input_type
1040,Fault detection,,power transformer,,,,True,False,True,False,False,False,2,1,task+case_study
1041,Fault detection,,vehicle,,,,True,False,True,False,False,False,2,1,task+case_study
1042,Health assessment,,starting point of bearing aging,,,"dimensionless indicators, RMS values, Factsspectral_correlation1, time-scale information, vibration signals",True,False,True,False,False,True,3,2,task+case_study+input_type
1043,Fault detection,,equipment pieces,,,V,True,False,True,False,False,True,3,2,task+case_study+input_type
1044,Fault detection,,induction motor,,,,True,False,True,False,False,False,2,1,task+case_study
1045,Fault detection,,aeration systems,,,"FactsairflowRates, FactsdissolvedOxygen, process variable, feature importance score",True,False,True,False,False,True,3,2,task+case_study+input_type
1046,Fault detection,,traction roller,,,"dynamic load cells, identified mu s, torque transducers, web speed sensors",True,False,True,False,False,True,3,2,task+case_study+input_type
1047,Remaining useful life estimation,,bearing,,,"external environmental factors, health indicator, state of the bearing, Factstcchc1",True,False,True,False,False,True,3,2,task+case_study+input_type
1048,Health assessment,,product quality,,,,True,False,True,False,False,False,2,1,task+case_study
1049,Fault detection,,power system equipment,,,"fault patterns, real-time monitoring data, subtle correlations in data",True,False,True,False,False,True,3,2,task+case_study+input_type
1050,One step future state forecast,,transformer oil ageing monitoring,,,,True,False,True,False,False,False,2,1,task+case_study
1051,Fault detection,,,,,"accuracy, feature sets, sensor-fusion metrics, time-frequency representations, vibration data",True,False,False,False,False,True,2,1,task+input_type
1052,Health assessment,,distribution cabinet,,,"combustion, equipment heterogeneity, GRU, heat dissipation, high-frequency harmonics, insulation degradation, load switching, long-term multivariate time-series data, overheating, multi-scale fluctuations, resistance, sustained smoldering, non-stationarity, three-phase imbalance, power, zero-sequence harmonics",True,False,True,False,False,True,3,2,task+case_study+input_type
1053,Health assessment,,industrial gearbox,,,,True,False,True,False,False,False,2,1,task+case_study
1054,Fault detection,,idler,,,"sound signals, FactsspatialSensorData",True,False,True,False,False,True,3,2,task+case_study+input_type
1055,Fault detection,,power grid,,,,True,False,True,False,False,False,2,1,task+case_study
1056,Remaining useful life estimation,,TSA,,,"machine learning, FactsvarD",True,False,True,False,False,True,3,2,task+case_study+input_type
1057,Fault detection,,failures,,,,True,False,True,False,False,False,2,1,task+case_study
1058,Fault detection,,datasets,,,"feature distribution, linguistic variables, numeric inputs",True,False,True,False,False,True,3,2,task+case_study+input_type
1059,Remaining useful life estimation,,insulated gate bipolar transistor,,,,True,False,True,False,False,False,2,1,task+case_study
1060,Fault detection,,fleet,,,"sensor monitoring data, past data, spare parts usage",True,False,True,False,False,True,3,2,task+case_study+input_type
1061,Fault feature extraction,,axle,,,"FactsaxleBoxAccelerationMeasurement, FactsaxleFrequencyOfRevolution, noise, rail corrugation, FactsrunningSpeed, track irregularities, vibration, wheel out of roundness",True,False,True,False,False,True,3,2,task+case_study+input_type
1062,Fault detection,,Backsheet,,,spectral data,True,False,True,False,False,True,3,2,task+case_study+input_type
1063,Fault detection,,bearing,,,"oil supply flow rate, rotational speed",True,False,True,False,False,True,3,2,task+case_study+input_type
1064,Fault detection,,BLDC motor,,,,True,False,True,False,False,False,2,1,task+case_study
1065,Health assessment,,HPC,,,"geometric deviations, manufacturing errors, condition monitoring, rear-stage HPC geometric deviations",True,False,True,False,False,True,3,2,task+case_study+input_type
1066,Remaining useful life estimation,,RUL prediction,,,3.8.2,True,False,True,False,False,True,3,2,task+case_study+input_type
1067,Multiple steps future state forecast,,components,,,vibration signals,True,False,True,False,False,True,3,2,task+case_study+input_type
1068,Health assessment,,,,,,True,False,False,False,False,False,1,0,task
1069,Fault detection,,metal-mechanical industry,,,"Air Temperature, Failure Type, Rotation Speed, Target Label, Tool Wear, Torque, UID, Factsvar2_2",True,False,True,False,False,True,3,2,task+case_study+input_type
1070,Fault feature extraction,,large turbine generators,,,"shaft voltage, harmonic content, predefined signal characteristics, data acquisition, handcrafted features, expert knowledge, noise, machine-specific variations, grounding current",True,False,True,False,False,True,3,2,task+case_study+input_type
1071,One step future state forecast,,,,,,True,False,False,False,False,False,1,0,task
1072,Health assessment,,helicopter gearbox,,,"bearing condition indicators, oil temperature",True,False,True,False,False,True,3,2,task+case_study+input_type
1073,Health assessment,,air,,,"instantaneous angular speed, lift-off state, FactsmonitoredAe, FactsmonitoredFriction, temperature distribution on the top foil",True,False,True,False,False,True,3,2,task+case_study+input_type
1074,Remaining useful life estimation,,insulated gate bipolar transistor,,,"inverter output current signal, Factsfrequency_domain1",True,False,True,False,False,True,3,2,task+case_study+input_type
1075,Fault detection,,,,,,True,False,False,False,False,False,1,0,task
1076,One step future state forecast,,spur gear,,,,True,False,True,False,False,False,2,1,task+case_study
1077,Fault detection,,,,,,True,False,False,False,False,False,1,0,task
1078,Fault detection,,rotating machinery,,,"vibration signal, spectral band, anomaly score",True,False,True,False,False,True,3,2,task+case_study+input_type
1079,Fault detection,,crack detection in wind turbine blades,,,"crack detection in wind turbine blades, vibration signals",True,False,True,False,False,True,3,2,task+case_study+input_type
1080,Fault detection,,industrial equipment,,,"vibration, flow, energy consumption, temperature, pressure",True,False,True,False,False,True,3,2,task+case_study+input_type
1081,Fault detection,,internal combustion engine,,,"FactsambientNoise, complex sensor data, Factsspeed",True,False,True,False,False,True,3,2,task+case_study+input_type
1082,Remaining useful life estimation,,battery,,,"voltage, charging current curves, current, FactstimeSeriesDegradationFeatures",True,False,True,False,False,True,3,2,task+case_study+input_type
1083,Fault detection,,Plastic Injection Machine,,,,True,False,True,False,False,False,2,1,task+case_study
1084,Health assessment,,solar panels,,,,True,False,True,False,False,False,2,1,task+case_study
1085,Health assessment,,machine,,,"diagnostic parameters, state parameters",True,False,True,False,False,True,3,2,task+case_study+input_type
1086,Remaining useful life estimation,,Li-ion battery,,,"battery capacity, life decay, temporal nature of data, training time, CNN, fully charged relaxation voltage curve",True,False,True,False,False,True,3,2,task+case_study+input_type
1087,Fault detection,,wind-turbine maintenance processes,,,"one-hot encoding, logical flow, event sequence",True,False,True,False,False,True,3,2,task+case_study+input_type
1088,Fault detection,,bearings,,,,True,False,True,False,False,False,2,1,task+case_study
1089,Remaining useful life estimation,,ball bearings,,,,True,False,True,False,False,False,2,1,task+case_study
1090,Fault identification,,,,,,True,False,False,False,False,False,1,0,task
1091,Fault detection,,,,,"Factsfact9_7, model-based symptoms",True,False,False,False,False,True,2,1,task+input_type
1092,Fault detection,,ESP,,,"Discharge Pressure, Intake Pressure, Motor Current, Motor Temperature, Motor Voltage, Factsvar7_1, Vibration X axis",True,False,True,False,False,True,3,2,task+case_study+input_type
1093,Fault detection,,,,,"FactswheelLateralDistortion, UIC 518",True,False,False,False,False,True,2,1,task+input_type
1094,Fault detection,,wind turbine system,,,vibration signals,True,False,True,False,False,True,3,2,task+case_study+input_type
1095,Remaining useful life estimation,,deteriorating systems,,,"input data, GANs",True,False,True,False,False,True,3,2,task+case_study+input_type
1096,Fault identification,,Bearings,,,"sensor data, testing data, vibration signals",True,False,True,False,False,True,3,2,task+case_study+input_type
1097,Fault detection,,device,,,"degradation process, time",True,False,True,False,False,True,3,2,task+case_study+input_type
1098,Fault detection,,cable insulation slice specimen,,,immersion time,True,False,True,False,False,True,3,2,task+case_study+input_type
1099,Remaining useful life estimation,,Lithium-ion battery,,,,True,False,True,False,False,False,2,1,task+case_study
1100,Remaining useful life estimation,,PEMFC,,,"performance degradation, Random Gaussian noise",True,False,True,False,False,True,3,2,task+case_study+input_type
1101,Fault detection,,manufacturing system,,,"energy consumption, FactsenergyVariable1, FactsmultivariateTimeSeriesData",True,False,True,False,False,True,3,2,task+case_study+input_type
1102,Fault detection,,engine,,,"pressure, rotation speed, sensor data, temperature, vibration",True,False,True,False,False,True,3,2,task+case_study+input_type
1103,Fault identification,,gear,,,"acoustic emission, vibration measurement",True,False,True,False,False,True,3,2,task+case_study+input_type
1104,Fault identification,,bearing,,,"RGB image representation preserving temporal and spectral information, Time-frequency representation, Current signal",True,False,True,False,False,True,3,2,task+case_study+input_type
1105,Fault detection,,synchronous generator,,,"bias vector, cell state, Factscurrent_6, hidden state, input vector, generator stator winding temperature trend, weight matrices",True,False,True,False,False,True,3,2,task+case_study+input_type
1106,Fault detection,,Bearing conditions,,,"Axial load, RPM, Vibration",True,False,True,False,False,True,3,2,task+case_study+input_type
1107,Fault identification,,bearing,,,"acceleration sensor features, acoustic emission sensor features, AE signals",True,False,True,False,False,True,3,2,task+case_study+input_type
1108,Fault detection,,marine engine,,,"capacitance, oil, physicochemical parameters of the oil",True,False,True,False,False,True,3,2,task+case_study+input_type
1109,Fault detection,,photovoltaic array,,,"bifaciality factor, irradiance, IV measurement, temperature",True,False,True,False,False,True,3,2,task+case_study+input_type
1110,Fault detection,,Banbury mixer,,,"FactscurrentBatchParameters, Electrical energy, Failure status, Material weight, Mixing time, FactsmrsProductionDuration, Temperature, Time between batches, Torque power",True,False,True,False,False,True,3,2,task+case_study+input_type
1111,Fault detection,,aircraft,,,flight metrics,True,False,True,False,False,True,3,2,task+case_study+input_type
1112,Remaining useful life estimation,,induction motor,,,"Factsmean, vibration signal 1",True,False,True,False,False,True,3,2,task+case_study+input_type
1113,Fault identification,,equipment using mineral oil,,,temperature,True,False,True,False,False,True,3,2,task+case_study+input_type
1114,One step future state forecast,,,,,,True,False,False,False,False,False,1,0,task
1115,Remaining useful life estimation,,battery,,,"cathode chemistry, End of Life, passed End of Life status, path signature, pulse resistance, State of Charge, temperature, time, voltage",True,False,True,False,False,True,3,2,task+case_study+input_type
1116,Fault detection,,bearing,,,voltage,True,False,True,False,False,True,3,2,task+case_study+input_type
1117,Fault detection,,wind turbine,,,"active power, ambient temperature, blade pitch angle, current, environmental inputs, failure profile, frequency, humidity, hydraulic pressure, nacelle direction, nose cone temperature, phase displacement, power output, real-time condition attributes, reservoir level, rotor speed, spurious data, voltage, weather station data stream, wind speed",True,False,True,False,False,True,3,2,task+case_study+input_type
1118,Fault feature extraction,,rolling element bearing,,,"600-sample vibration signal epoch, bearing fault detection, vibration signal, vibration signals, wavelet scattering features",True,False,True,False,False,True,3,2,task+case_study+input_type
1119,Fault detection,,SNMG 120404-MF 431 carbide insert,,,"cutting forces, surface roughness, tool wear",True,False,True,False,False,True,3,2,task+case_study+input_type
1120,Fault feature extraction,,power transformer,,,"deformation levels, electromagnetic time-series signals, Euclidean distance, FRA curves, frequency response curve, transformer vibration signals",True,False,True,False,False,True,3,2,task+case_study+input_type
1121,Remaining useful life estimation,,high-load slew bearing,,,"degradation index, Histogram Lower, kurtosis",True,False,True,False,False,True,3,2,task+case_study+input_type
1122,Remaining useful life estimation,,lithium-ion battery,,,"Charging and discharging cycles, current, Battery degradation features, Driving conditions, Battery sensor data, Temperature fluctuations",True,False,True,False,False,True,3,2,task+case_study+input_type
1123,Health assessment,,rolling bearing,,,"aging temperature, aging time",True,False,True,False,False,True,3,2,task+case_study+input_type
1124,Fault identification,,conical pick,,,"Feed rate, FactsresultantDisplacement",True,False,True,False,False,True,3,2,task+case_study+input_type
1125,Health assessment,,aircraft propulsion system,,,"flight reports, input data quality, historical data, maintenance logs, operational data, sensor data",True,False,True,False,False,True,3,2,task+case_study+input_type
1126,Fault identification,,Bearing,,,"Acoustic emission signals, Image data",True,False,True,False,False,True,3,2,task+case_study+input_type
1127,Fault detection,,wind turbine,,,,True,False,True,False,False,False,2,1,task+case_study
1128,Health assessment,,bearing,,,vibration,True,False,True,False,False,True,3,2,task+case_study+input_type
1129,Fault detection,,metal pipe,,,pressure response,True,False,True,False,False,True,3,2,task+case_study+input_type
1130,Fault detection,,bearings,,,"vibration data, kurtosis, peak value, statistical feature extraction",True,False,True,False,False,True,3,2,task+case_study+input_type
1131,Fault detection,,insulator,,,,True,False,True,False,False,False,2,1,task+case_study
1132,Health assessment,,bushing,,,,True,False,True,False,False,False,2,1,task+case_study
1133,Fault detection,,drilling tool,,,"bit depth, cutting parameters, intermediate feature maps, signal size, Signal-to-Noise Ratio, thrust",True,False,True,False,False,True,3,2,task+case_study+input_type
1134,Remaining useful life estimation,,aircraft engine,,,"degraded data features, fault features, health data, lifespan data, local target feature information, operating conditions, labeled data from the source domain, target domain test data",True,False,True,False,False,True,3,2,task+case_study+input_type
1135,Fault detection,,DHN pipe,,,"environmental data, fault data, historical failures, land use, mass flow rate, precipitation, pressure",True,False,True,False,False,True,3,2,task+case_study+input_type
1136,Fault detection,,induction motor,,,"three-phase current signal, FactsfaultType, load",True,False,True,False,False,True,3,2,task+case_study+input_type
1137,Fault detection,,drainage pump unit,,,"Color contrast, pore area, Silt",True,False,True,False,False,True,3,2,task+case_study+input_type
1138,Fault detection,,gearbox,,,"common time base, sensor orientation information, resampling factor k1, target sampling frequency, fused vibration data, FactsvibrationSignalVariable, vibration signal of Sensor 1",True,False,True,False,False,True,3,2,task+case_study+input_type
1139,Remaining useful life estimation,,bearing,,,"Un, FactstemperatureMeasurements",True,False,True,False,False,True,3,2,task+case_study+input_type
1140,Fault detection,,equipment,,,"PCB 356A16 accelerometer, LEM LA55-P current sensor, K-type thermocouple, pressure, current, temperature, vibration",True,False,True,False,False,True,3,2,task+case_study+input_type
1141,Fault identification,,power transformer,,,"carbon dioxide, ethylene, gas ratio, methane",True,False,True,False,False,True,3,2,task+case_study+input_type
1142,Remaining useful life estimation,,MRI machine,,,"Full-time equivalent (FTE), Headcount",True,False,True,False,False,True,3,2,task+case_study+input_type
1143,Fault detection,,asynchronous motor bearing,,,"vibration signal, Factspressure_2",True,False,True,False,False,True,3,2,task+case_study+input_type
1144,Fault detection,,gears,,,"gear mesh frequency (GMF), frequency domain, rotational speed, torque, vibration level",True,False,True,False,False,True,3,2,task+case_study+input_type
1145,Fault detection,,wind turbine,,,"Ambient temperature, Wind speed",True,False,True,False,False,True,3,2,task+case_study+input_type
1146,Fault detection,,cooling system,,,"random noise, real data, temperature, time series data, training data",True,False,True,False,False,True,3,2,task+case_study+input_type
1147,Fault identification,,three-phase asynchronous motor,,,"ball diameter, bearing fault, cage diameter, contact angle, amplitude, measured additive white noise, mechanical rotor frequency, phase, acquired samples number, sampling period, sinusoidal components number, vibracija",True,False,True,False,False,True,3,2,task+case_study+input_type
1148,Health assessment,,inverters,,,"current, dust accumulation, humidity, operational status, panel orientation, power output, shading, solar irradiance, temperature, voltage, wind speed",True,False,True,False,False,True,3,2,task+case_study+input_type
1149,Health assessment,,high-voltage X-ray CT tubes,,,"force sensor data, force sensor",True,False,True,False,False,True,3,2,task+case_study+input_type
1150,Fault detection,,power system,,,"current fault signal, diagnostic data",True,False,True,False,False,True,3,2,task+case_study+input_type
1151,Fault detection,,Solar power plant,,,"along-track image overlap, flight altitude, flight speed, ground sampling distance, RGB imagery, thermal infrared imagery, viewing angle",True,False,True,False,False,True,3,2,task+case_study+input_type
1152,Fault detection,,seismic observation station,,,current,True,False,True,False,False,True,3,2,task+case_study+input_type
1153,Fault detection,,oil well pumping unit,,,"cragginess, cyclic power deviation, electrical parameters, electrical power diagram, five typical operating conditions, fourteen extracted features, marginal spectral characteristics, motor power curves, time domain analysis, upstroke power",True,False,True,False,False,True,3,2,task+case_study+input_type
1154,Health assessment,,hydraulic turbine unit,,,,True,False,True,False,False,False,2,1,task+case_study
1155,Remaining useful life estimation,,cutting tool,,,"force signal, Coating wear, machine internal control data, vibration signal",True,False,True,False,False,True,3,2,task+case_study+input_type
1156,Health assessment,,gas engine cogeneration system,,,"availability, engine performance parameters, number of starts, stable oil film, oil parameters, operating conditions, resistance to oxidation, runtime, thermal stability, viscosity",True,False,True,False,False,True,3,2,task+case_study+input_type
1157,Fault detection,,Reciprocating compressor,,,"FactsdissolvedGasData_1, Energy, Instantaneous angular velocity, Sensor signals, Classification",True,False,True,False,False,True,3,2,task+case_study+input_type
1158,One step future state forecast,,,,,sensor data,True,False,False,False,False,True,2,1,task+input_type
1159,Health assessment,,fan motor No. 2,,,"current consumed by the motor, noise, temperature, vibration acceleration",True,False,True,False,False,True,3,2,task+case_study+input_type
1160,Health assessment,,gas-insulated switchgear,,,"event logs, temperature data, vibration data",True,False,True,False,False,True,3,2,task+case_study+input_type
1161,Health assessment,,induction motor,,,"speed, stator current",True,False,True,False,False,True,3,2,task+case_study+input_type
1162,Fault detection,,endoscope,,,"endoscope tray number, light transmission, focus",True,False,True,False,False,True,3,2,task+case_study+input_type
1163,Fault identification,,industrial centrifugal pump,,,"FactsfftTransformedVibrationData, spectra MFS",True,False,True,False,False,True,3,2,task+case_study+input_type
1164,Remaining useful life estimation,,15-kV XLPE cable segments,,,"Loading conditions, Neutral corrosion, Partial discharge, Sensor data",True,False,True,False,False,True,3,2,task+case_study+input_type
1165,Health assessment,,thermal power unit,,,"current, flow, pressure, temperature, time series operating data, FactscurrentVariable",True,False,True,False,False,True,3,2,task+case_study+input_type
1166,Remaining useful life estimation,,machine,,,"machine data, weather data",True,False,True,False,False,True,3,2,task+case_study+input_type
1167,Fault detection,,bearing,,,"exhaust gas temperature, engine power, sequential data",True,False,True,False,False,True,3,2,task+case_study+input_type
1168,Fault feature extraction,,engine bearing,,,,True,False,True,False,False,False,2,1,task+case_study
1169,Fault detection,,industrial machinery,,,"pressure, sound, vibrations",True,False,True,False,False,True,3,2,task+case_study+input_type
1170,Health assessment,,Power system,,,,True,False,True,False,False,False,2,1,task+case_study
1171,Fault identification,,,,,center frequency,True,False,False,False,False,True,2,1,task+input_type
1172,Fault identification,,MRI machine,,,"Environmental data, Historical maintenance records, humidity, power consumption, Sensor readings, vibration",True,False,True,False,False,True,3,2,task+case_study+input_type
1173,Fault feature extraction,,motor bearing,,,"motor bearing operational data, FactssensorInput",True,False,True,False,False,True,3,2,task+case_study+input_type
1174,Fault detection,,Bearing,,,"Asset age, Asset size, WTG dissimilarity measures, conditional input, External conditions, temporal operational data, Wake effects, WTG-specific categorical identifiers",True,False,True,False,False,True,3,2,task+case_study+input_type
1175,Remaining useful life estimation,,lithium-ion cell,,,"battery lifetime, capacity curve, capacity, early-stage cycle observations, first 100 battery cycles, R2, state of health, temperature series, voltage series",True,False,True,False,False,True,3,2,task+case_study+input_type
1176,One step future state forecast,,k-out-of-n system,,,,True,False,True,False,False,False,2,1,task+case_study
1177,Fault identification,,aircraft components,,,"maintenance time, random failure time",True,False,True,False,False,True,3,2,task+case_study+input_type
1178,Fault detection,,robot swarm,,,,True,False,True,False,False,False,2,1,task+case_study
1179,Fault detection,,chip,,,"stress conditions, FactsvoltageVariable, working environment",True,False,True,False,False,True,3,2,task+case_study+input_type
1180,Fault detection,,bearing specimens,,,"feature selection, fractal dimension, RMS, Root mean square (RMS), spectral centroid",True,False,True,False,False,True,3,2,task+case_study+input_type
1181,Remaining useful life estimation,,airborne fuel pump,,,"current sensor signal, flowrate, material thickness loss, motor current, pressure, pump head rise data, pump system flow data, vibration",True,False,True,False,False,True,3,2,task+case_study+input_type
1182,Fault detection,,Bearing,,,"Degradation signals, Sensor data, vibration signals",True,False,True,False,False,True,3,2,task+case_study+input_type
1183,Fault detection,,converter valve,,,"FactscoolantFlowRate, current, System variable, temperature, voltage",True,False,True,False,False,True,3,2,task+case_study+input_type
1184,Fault feature extraction,,connecting rod,,,"acceleration measurement data, acoustic emission signal, bending moment signal, cutting force signal, maximum decomposition level J0, radial acceleration, signal, signal energy, vibration signal, wavelet coefficient",True,False,True,False,False,True,3,2,task+case_study+input_type
1185,Fault detection,,solar PV array,,,,True,False,True,False,False,False,2,1,task+case_study
1186,Remaining useful life estimation,,burner,,,"fuel flow rate, key time-series features, FactslimitedData1, low-pressure rotor speed, thrust, total pressure before the inlet, exhaust temperature, accumulated usage time",True,False,True,False,False,True,3,2,task+case_study+input_type
1187,Fault detection,,air compressor,,,"FactspressureVariable, random variables",True,False,True,False,False,True,3,2,task+case_study+input_type
1188,Health assessment,,Ð¢ÑÐ°Ð½ÑÐ¿Ð¾ÑÑÐ½ÑÐµ ÑÑÐµÐ´ÑÑÐ²Ð°,,,ÐÐ°ÑÑÐ°Ð¶Ð¸ÑÐ¾Ð¿Ð¾ÑÐ¾Ðº,True,False,True,False,False,True,3,2,task+case_study+input_type
1189,Fault detection,,"Distribution network of Kenitra, Morocco",,,"current signals, frequency spectra, Phasor Measurement Unit data, voltage signals",True,False,True,False,False,True,3,2,task+case_study+input_type
1190,Health assessment,,bearing aging assessment target,,,"Mean frequency, Shannon entropy",True,False,True,False,False,True,3,2,task+case_study+input_type
1191,Health assessment,,Crowd winch gearbox,,,,True,False,True,False,False,False,2,1,task+case_study
1192,Fault detection,,HTBTA,,,"sensor data, FactsTwinData",True,False,True,False,False,True,3,2,task+case_study+input_type
1193,Fault detection,,hydro-turbine unit,,,"damage characteristic frequency, Frequency Response Function, 532 Hz, FactshydraulicExcitation, modal parameters, vibration response signals",True,False,True,False,False,True,3,2,task+case_study+input_type
1194,Fault detection,,Bucket wheel excavator,,,"Alarm threshold values, Basic statistical parameters, conditional probability, diagnostic decision, diagnostic symptom, initial measurements, Machine load, one-sided order power spectrum, Peak value, reduced feature set, resampled vibroacoustic signal, RMS, signal frame, signal length N, Spearman correlation coefficient, spectral component, vector of states, tachometer signal, vibration-acoustic signal",True,False,True,False,False,True,3,2,task+case_study+input_type
1195,Fault detection,,compressor,,,monitored compressor data,True,False,True,False,False,True,3,2,task+case_study+input_type
1196,Fault detection,,MAR-M247,,,"Factsfrequency_2, FactssignalEnergy",True,False,True,False,False,True,3,2,task+case_study+input_type
1197,Fault detection,,low-frequency transformer,,,"FactsacousticPressure, acoustic signals",True,False,True,False,False,True,3,2,task+case_study+input_type
1198,Fault feature extraction,,railway track,,,"acceleration data, harmonic order 12-14, operational characteristics, strain data, train speed, vertical wheel force",True,False,True,False,False,True,3,2,task+case_study+input_type
1199,Remaining useful life estimation,,distressed concrete pipe segments,,,"current, reliability parameter, metal particles in lubrication, shape parameter beta, temperature level, vibration",True,False,True,False,False,True,3,2,task+case_study+input_type
1200,Fault detection,,machine,,,"current operational situation of each machine, Downtime duration, sensor data",True,False,True,False,False,True,3,2,task+case_study+input_type
1201,Fault detection,,20kV XLPE cable system,,,"Cable age, Engineered features, Labeled training data, Corrosion, Neutral conductor corrosion, Noisy data, Partial discharge, Visual inspections",True,False,True,False,False,True,3,2,task+case_study+input_type
1202,Remaining useful life estimation,,non-permanent bolting connections,,,process parameters,True,False,True,False,False,True,3,2,task+case_study+input_type
1203,Fault identification,,Photovoltaic power station in Aoulef-Adrar,,,"solar radiation, weather information, humidity, power residual",True,False,True,False,False,True,3,2,task+case_study+input_type
1204,Fault identification,,SKF 30205J2/Q tapered roller bearing,,,"RMS, unbalance, vibration response",True,False,True,False,False,True,3,2,task+case_study+input_type
1205,Health assessment,,battery,,,"battery state, driving segments, current, state of power, voltage",True,False,True,False,False,True,3,2,task+case_study+input_type
1206,Remaining useful life estimation,,gas-insulated switchgear,,,"Environmental factors, FactsstreamingSensorData",True,False,True,False,False,True,3,2,task+case_study+input_type
1207,Fault detection,,,,,"magnetic field, magnetic field intensity, reference condition with no field applied, FactssensorPlotLines, Factstemperature_5, wafer resistance consistency",True,False,False,False,False,True,2,1,task+input_type
1208,Fault identification,,rotor,,,pressure,True,False,True,False,False,True,3,2,task+case_study+input_type
1209,Fault feature extraction,,motor,,,Scenarios,True,False,True,False,False,True,3,2,task+case_study+input_type
1210,Remaining useful life estimation,,battery,,,,True,False,True,False,False,False,2,1,task+case_study
1211,Fault identification,,photovoltaic module,,,humidity,True,False,True,False,False,True,3,2,task+case_study+input_type
1212,One step future state forecast,,air navigation facility,,,"environmental variables, GNSS data, number of nearest neighbors (k), real-time sensor data",True,False,True,False,False,True,3,2,task+case_study+input_type
1213,Fault detection,,axial piston pump,,,"CNN hyperparameters, operating condition, high-frequency sensor, load history, original sensor data, wear, time-domain method, time series",True,False,True,False,False,True,3,2,task+case_study+input_type
1214,Fault detection,,doubly-fed induction generator,,,"magnetic flux leakage signal, controller signal, wind speed, harmonics from multiple signatures, stator current harmonics, time harmonics",True,False,True,False,False,True,3,2,task+case_study+input_type
1215,Fault detection,,critical asset,,,,True,False,True,False,False,False,2,1,task+case_study
1216,Fault detection,,apparatus,,,"energy consumption, reactive power, temperature, vibration",True,False,True,False,False,True,3,2,task+case_study+input_type
1217,Fault detection,,GIL,,,"ambient temperature, conductor temperature, internal resistance value, load current, temperature rate of the conductor, vibration signals",True,False,True,False,False,True,3,2,task+case_study+input_type
1218,Fault detection,,accumulator,,,"motor power consumption, pressure, temperature, volume flow rate",True,False,True,False,False,True,3,2,task+case_study+input_type
1219,Health assessment,,machinery and equipment,,,predictive variables,True,False,True,False,False,True,3,2,task+case_study+input_type
1220,Health assessment,,PV module,,,power,True,False,True,False,False,True,3,2,task+case_study+input_type
1221,Fault identification,,bearing,,,"ball diameter, energy, entropy, harmonic amplitude, homogeneity, sampling frequency, shaft rotation frequency, sum average, contrast, reconstructed vibration signal",True,False,True,False,False,True,3,2,task+case_study+input_type
1222,Remaining useful life estimation,,Corrosion,,,"load, loads",True,False,True,False,False,True,3,2,task+case_study+input_type
1223,Fault detection,,compressor,,,"gas flow rate, oil temperature, industrial sensor data",True,False,True,False,False,True,3,2,task+case_study+input_type
1224,Fault identification,,valve actuator,,,"FactscomponentStrain, micro leakage measurement, load measurement, vibration measurement",True,False,True,False,False,True,3,2,task+case_study+input_type
1225,Remaining useful life estimation,,second-life battery pack,,,"Charge-discharge cycles, Battery degradation rate, Depth of discharge, Dynamic operational state, power allocation, state of health, Stochastic environmental variation, remaining useful life",True,False,True,False,False,True,3,2,task+case_study+input_type
1226,Fault detection,,Gear,,,"Fault Characteristic Frequency, Instantaneous Frequency, Mel Frequency Cepstral Coefficient, ZCR, Zero Crossing Rate",True,False,True,False,False,True,3,2,task+case_study+input_type
1227,Fault feature extraction,,NPP circulating pump,,,rolling bearing vibration signal,True,False,True,False,False,True,3,2,task+case_study+input_type
1228,Health assessment,,cutting tool,,,"acoustic emission signal, cutting force signal, cutting speed, numerical data, signal measures, tool wear, vibration signal",True,False,True,False,False,True,3,2,task+case_study+input_type
1229,Fault detection,,large industrial mill,,,"real-time equipment performance data, sensor data variable",True,False,True,False,False,True,3,2,task+case_study+input_type
1230,Fault feature extraction,,offshore wind farm,,,"historical fault patterns, historical maintenance records, multi-sensor data, operational trends, SCADA data, turbine sensor readings, weather data",True,False,True,False,False,True,3,2,task+case_study+input_type
1231,Fault detection,,bearing gearbox,,,"acquisition time, ball energy, BGCI values, oil temperature, 1/Rev, aircraft roll angle, spectral kurtosis, Temperature, Whip",True,False,True,False,False,True,3,2,task+case_study+input_type
1232,Fault detection,,AEC,,,"Equivalent Series Resistance (ESR), capacitance",True,False,True,False,False,True,3,2,task+case_study+input_type
1233,Fault detection,,transformer,,,"oil temperature, rated load",True,False,True,False,False,True,3,2,task+case_study+input_type
1234,Remaining useful life estimation,,bearing,,,"bearing characteristics, degradation features, domain private attributes, health indicator, joint distribution difference, measured gearbox data, full life-cycle simulation data, partial target data, test data, time-domain features",True,False,True,False,False,True,3,2,task+case_study+input_type
1235,Fault identification,,asset,,,"FactsfundamentalsOfMachineMaintenance, FactsmachineOperation",True,False,True,False,False,True,3,2,task+case_study+input_type
1236,Fault detection,,journal,,,"e, r, l_1, c, Î²_1",True,False,True,False,False,True,3,2,task+case_study+input_type
1237,Health assessment,,Si IGBT,,,"bondwire electrical resistance R bondwire, degradation profile, degradation, gate resistance, filter residual, measured parameter, metallization contact resistance R metallization, temperature estimate, temperature, thermal resistance, DSEP",True,False,True,False,False,True,3,2,task+case_study+input_type
1238,Fault detection,,boiler heating systems,,,acoustic signal,True,False,True,False,False,True,3,2,task+case_study+input_type
1239,Fault detection,,HDD,,,"SMART parameters, sector error count, longitudinal sensor data, temperature reading",True,False,True,False,False,True,3,2,task+case_study+input_type
1240,Fault detection,,Electrical Community of Benin transmission network,,,,True,False,True,False,False,False,2,1,task+case_study
1241,Health assessment,,bearing,,,"bearing degradation stage, load, temperature, time-domain features, vibration features",True,False,True,False,False,True,3,2,task+case_study+input_type
1242,Fault identification,,wind turbine,,,"Environmental factors, operational state, output power, Wake turbulence, Wind speed, Wind turbine location",True,False,True,False,False,True,3,2,task+case_study+input_type
1243,Fault detection,,Electrical systems,,,"Added mass at infinite frequency, Buoy motion in heave, Impulse response function of the buoy, Mass of the buoy, Component failure histories, Environmental parameters, Gravity acceleration, Horizontal position, Hydrostatic stiffness, Operational data, Total damping, Water density, Wave surface elevation, Wavelength",True,False,True,False,False,True,3,2,task+case_study+input_type
1244,Fault detection,,Bearing,,,"FactsspectralImageVariable, Bearing vibration data, bearing vibration signal",True,False,True,False,False,True,3,2,task+case_study+input_type
1245,Fault identification,,ball bearing,,,"eccentricity, electromagnetic forces, motor current",True,False,True,False,False,True,3,2,task+case_study+input_type
1246,One step future state forecast,,,,,"Step sizes, FactsfilterLength",True,False,False,False,False,True,2,1,task+input_type
1247,Fault identification,,,,,"crack depth, crack orientation, crack propagation along the tooth width, time-varying mesh stiffness, vibration signal, global vibrational response",True,False,False,False,False,True,2,1,task+input_type
1248,Fault detection,,blower,,,"multivariate data, current sensor, unlabeled fault data",True,False,True,False,False,True,3,2,task+case_study+input_type
1249,One step future state forecast,,brakes,,,road shock,True,False,True,False,False,True,3,2,task+case_study+input_type
1250,Fault detection,,active component,,,PWM current signal,True,False,True,False,False,True,3,2,task+case_study+input_type
1251,Fault detection,,boiler,,,"moisture content in the air, quality of the air, airflow monitoring, displacement spectrum, dust and particulate matter, factory emissions, types of faults in FD fans, noise, pressure monitoring, rotational speed, temperature monitoring, temperature variation, time domain, wideband velocity RMS, velocity spectrum, vibration",True,False,True,False,False,True,3,2,task+case_study+input_type
1252,Health assessment,,Marine diesel engine lubrication system,,,"current, Lubrication system monitoring data, RSVD oversampling parameter, power, voltage",True,False,True,False,False,True,3,2,task+case_study+input_type
1253,Fault detection,,gearbox,,,"FactsbarometerData, blade damage severity, noise, vibration",True,False,True,False,False,True,3,2,task+case_study+input_type
1254,Remaining useful life estimation,,PV module,,,"FactsdelayedFaultDetectionPenaltyCost, FactshistoricalDegradationData, FactsinspectionCost",True,False,True,False,False,True,3,2,task+case_study+input_type
1255,Fault identification,,Cable,,,"cable length, cable locations, data censoring, data truncation, environmental conditions, feature correlations, geospatial data, intrinsic asset features, network expansions, operational conditions, partial discharge data, failure consequences",True,False,True,False,False,True,3,2,task+case_study+input_type
1256,Fault detection,,Gear,,,"Analysed parameter, vibration signal, Vibration signal",True,False,True,False,False,True,3,2,task+case_study+input_type
1257,Fault feature extraction,,dampers,,,"historical fault labels, HVAC data",True,False,True,False,False,True,3,2,task+case_study+input_type
1258,Fault detection,,oil-immersed transformer,,,"FactsgasConcentrationInOil, gas concentration, Hydrogen concentration, temperature, Time-trend factor, Vibration acceleration, vibration",True,False,True,False,False,True,3,2,task+case_study+input_type
1259,Fault identification,,aircraft engine gas path system,,,feature selection,True,False,True,False,False,True,3,2,task+case_study+input_type
1260,Fault detection,,SQ WTS,,,"crack size, input variations, average of negative peaks, power output, rotational speed, vibration, wind speed",True,False,True,False,False,True,3,2,task+case_study+input_type
1261,Health assessment,,bond wires,,,"acceleration, robot application load type, instantaneous torque, Junction temperature profile, lifetime consumption, motor current consumption, Motor current profile, Operation time t0, operational speed, power consumption, process quality, robot operation profile, thermal loading, tool weight",True,False,True,False,False,True,3,2,task+case_study+input_type
1262,Remaining useful life estimation,,machine,,,"Degradation process data, health index, Machine state, Shaft unbalance, Health indicator data",True,False,True,False,False,True,3,2,task+case_study+input_type
1263,Health assessment,,aircraft,,,"sound signal, time-domain signal",True,False,True,False,False,True,3,2,task+case_study+input_type
1264,Fault detection,,Beijing power plants,,,"IoT sensor data, SCADA data",True,False,True,False,False,True,3,2,task+case_study+input_type
1265,Fault detection,,bearing,,,fault logs,True,False,True,False,False,True,3,2,task+case_study+input_type
1266,Health assessment,,railway equipment item,,,"FactsanalogSensorSignals, FactsgpsInformation",True,False,True,False,False,True,3,2,task+case_study+input_type
1267,One step future state forecast,,T91 alloy,,,,True,False,True,False,False,False,2,1,task+case_study
1268,Fault detection,,Power grid,,,"Batch size, FactsdissolvedGasData, oil spectrum dataset, organic gases in oil spectrum data, FactsphasorMeasurementData, power grid equipment status, three-phase information",True,False,True,False,False,True,3,2,task+case_study+input_type
1269,Remaining useful life estimation,,aeroengine,,,"FactsmaintenanceData, RUL values",True,False,True,False,False,True,3,2,task+case_study+input_type
1270,Fault detection,,glass surface imitating a solar panel,,,real-time photos of surface cleanliness,True,False,True,False,False,True,3,2,task+case_study+input_type
1271,Fault identification,,main gearbox,,,"frequency, long sequence data, lubricating oil, vibration analysis",True,False,True,False,False,True,3,2,task+case_study+input_type
1272,Fault detection,,elevator,,,"acceleration data, vibration data",True,False,True,False,False,True,3,2,task+case_study+input_type
1273,Health assessment,,public transport vehicle,,,"geography, maintenance history, mileage, passenger load, passenger traffic, road quality, weather",True,False,True,False,False,True,3,2,task+case_study+input_type
1274,One step future state forecast,,medical devices in the case-study dataset,,,,True,False,True,False,False,False,2,1,task+case_study
1275,Fault detection,,electric motor,,,"acoustic data from mobile phone recordings, acoustic signal, rotational speed, Mobile phone audio recording, Average velocity, vibration data",True,False,True,False,False,True,3,2,task+case_study+input_type
1276,Fault identification,,hydraulic motor,,,"dissolved gas analysis, fault feature vector, moisture content, temperature rise, vibration signals",True,False,True,False,False,True,3,2,task+case_study+input_type
1277,Remaining useful life estimation,,battery,,,"capacity, cycle count, IR, battery degradation trajectory, event indicator, event time, health indicator, internal resistance, right-censoring indicator, State of Charge (SOC), temperature, FactsvoltageProfile_1, voltage",True,False,True,False,False,True,3,2,task+case_study+input_type
1278,One step future state forecast,,electromagnetic relay,,,"contact resistance, over-travel displacement, static features, resistance trajectories",True,False,True,False,False,True,3,2,task+case_study+input_type
1279,Fault detection,,Oil and gas pipeline network,,,"dependent variable, Life-cycle cost analysis, Sensor information",True,False,True,False,False,True,3,2,task+case_study+input_type
1280,Fault detection,,battery,,,"AC current perturbation, high-frequency impedance, high-frequency resistance, obtained impedance data, membrane humidification, potential response, real part of complex impedance, power conditioning converter switching ripple, variable-frequency AC perturbation",True,False,True,False,False,True,3,2,task+case_study+input_type
1281,Fault detection,,Weld quality,,,"statistical features, Vibrational data",True,False,True,False,False,True,3,2,task+case_study+input_type
1282,Fault identification,,rotary machine,,,AM,True,False,True,False,False,True,3,2,task+case_study+input_type
1283,Fault detection,,12 kV distribution line (L),,,"FactsdistributionLineLoad, FactshistoricalTelemetryData",True,False,True,False,False,True,3,2,task+case_study+input_type
1284,Remaining useful life estimation,,train wheel,,,"basic operational data, measurement data",True,False,True,False,False,True,3,2,task+case_study+input_type
1285,Fault detection,,ball bearing,,,,True,False,True,False,False,False,2,1,task+case_study
1286,Fault detection,,tool,,,"cutting force, cutting temperature",True,False,True,False,False,True,3,2,task+case_study+input_type
1287,Fault detection,,high-voltage IGBT serial switch,,,"Ton/Toff drift, UCES(on), FactscircuitNodeSet, correction statistics, FactsswitchingTimeDelay, thermal trends",True,False,True,False,False,True,3,2,task+case_study+input_type
1288,Fault feature extraction,,bearing,,,"acceleration signal, acoustic emission signal, Max, vibration signal, Peak to peak, raw signal, RMS, SNR",True,False,True,False,False,True,3,2,task+case_study+input_type
1289,Health assessment,,turbocharger,,,"vibration signals, Turbocharger mileage, Turbocharger vibration signal, vibration analysis",True,False,True,False,False,True,3,2,task+case_study+input_type
1290,Remaining useful life estimation,,F-16 aircraft,,,"engine data, engine sensor measurements, environmental data, pressures, turbine temperatures, vibration parameters",True,False,True,False,False,True,3,2,task+case_study+input_type
1291,Fault detection,,,,,"Current, Humidity",True,False,False,False,False,True,2,1,task+input_type
1292,Health assessment,,electric machines,,,"a, ax, max, density, ZM",True,False,True,False,False,True,3,2,task+case_study+input_type
1293,Remaining useful life estimation,,Base Transceiver Station,,,"FactsacCurrent, FactsestimatedBatteryCapacity, installed battery capacity, load current",True,False,True,False,False,True,3,2,task+case_study+input_type
1294,Fault detection,,fuel pumps,,,,True,False,True,False,False,False,2,1,task+case_study
1295,Fault feature extraction,,cutting tool,,,"audible sound signal, cutting force signal, cutting harmonic frequency, RMS voltage, signal feature, time-domain signal, torque signal",True,False,True,False,False,True,3,2,task+case_study+input_type
1296,Fault detection,,GTS,,,"crack length, Mâ, Mâ, dynamic mesh force, EM, FactslineOfActionMotion, load sharing, Iâ, Iâ, participating meshing teeth number, speed fluctuations, transmission error, vibration data",True,False,True,False,False,True,3,2,task+case_study+input_type
1297,Fault detection,,radial flux C-GEN generator,,,Torque FEA,True,False,True,False,False,True,3,2,task+case_study+input_type
1298,Fault identification,,Capacitor,,,"ESC, arm current, capacitance, circulating current, Equivalent series capacitance (ESC), Nominal resistance ESR0, fundamental frequency component, Number of inserted SMs, four key phase values, known circuit parameters, recorded charging waveforms, switching cycle",True,False,True,False,False,True,3,2,task+case_study+input_type
1299,Fault feature extraction,,gear,,,"bearing fault signature, load, noise source, resonance frequency, vibration signal",True,False,True,False,False,True,3,2,task+case_study+input_type
1300,Fault detection,,equipment,,,equipment states,True,False,True,False,False,True,3,2,task+case_study+input_type
1301,Health modelling,,ball bearings,,,"wind speed, error metrics, measured exhaust gas temperature, instantaneous angular speed, measurement errors, operating conditions",True,False,True,False,False,True,3,2,task+case_study+input_type
1302,Health assessment,,Permanent magnet synchronous motor,,,"Air-gap magnetic flux density, Flux linkage, Permanent magnet flux linkage, RLS forgetting factor, DEKF input vector, Magnetic flux leakage signal, Electrical angular velocity, Permanent magnet temperature, d-axis inductance, q-axis stator current, d-axis stator voltage, System process noise, Thermal coefficient of permanent magnet flux linkage",True,False,True,False,False,True,3,2,task+case_study+input_type
1303,Remaining useful life estimation,,Crack,,,"Imaging results of cracked pipes, Damage index, Independent nonlinear response, Spectrum maps derived from wave-mixing signals, High harmonics",True,False,True,False,False,True,3,2,task+case_study+input_type
1304,Fault detection,,centrifugal pump,,,"characteristic frequency component, harmonics in motor current signals, current spectrum, supply voltage, actual signatures, motor current signal, stator current, residuals, rotational speed",True,False,True,False,False,True,3,2,task+case_study+input_type
1305,Remaining useful life estimation,,boiler tube,,,strain,True,False,True,False,False,True,3,2,task+case_study+input_type
1306,One step future state forecast,,HP printer,,,"equipment performance, frequency of media changes, choice of media, printer operating conditions, number of error messages produced by a printer in a week, printing time",True,False,True,False,False,True,3,2,task+case_study+input_type
1307,Health assessment,,Aircraft turbofan engine,,,"CM signals, component state, size of the finite state space I_n, health state, component lifetime X_n",True,False,True,False,False,True,3,2,task+case_study+input_type
1308,Health assessment,,,,,,True,False,False,False,False,False,1,0,task
1309,Fault detection,,elevator,,,"health indicators, I_sd-I_sq trajectory, stator current, thermal images",True,False,True,False,False,True,3,2,task+case_study+input_type
1310,Health assessment,,machine,,,"Acoustic emission sensor, depth of cut, cutting speed, feed rate, Load cell, machine parameters, features related to machine operating conditions, target variable, vibration sensor",True,False,True,False,False,True,3,2,task+case_study+input_type
1311,Fault detection,,industrial machinery,,,"accelerometer data, infrared pyrometer data",True,False,True,False,False,True,3,2,task+case_study+input_type
1312,Fault identification,,bearing,,,"pressure signal, sensor data, sequential observations, vibration signals",True,False,True,False,False,True,3,2,task+case_study+input_type
1313,Fault detection,,Heavy-duty Co-Co locomotive,,,"Covariance matrix P(t), Error e, Forgetting factor Î», Initial parameter vector Î¸0, Kalman gain G, Regressor vector X(t), Estimated suspension parameter vector Î¸(t), Primary lateral stiffness, System output Y(t), damper velocity",True,False,True,False,False,True,3,2,task+case_study+input_type
1314,Fault detection,,gas turbine,,,"pressure, temperature, vibration signal",True,False,True,False,False,True,3,2,task+case_study+input_type
1315,Fault identification,,piezoelectric transducer ring,,,"mechanical strain, capacitance of piezoelectric element, electric field, acceleration of vibration input",True,False,True,False,False,True,3,2,task+case_study+input_type
1316,Remaining useful life estimation,,brake pad,,,"FactsaircraftAge, FactsaircraftSpeed, FactsaircraftWeight, FactsambientAirTemperature, FactsbrakePressure, percentage of carbon pad remaining, humidity, FactspastFlightCount, relative humidity",True,False,True,False,False,True,3,2,task+case_study+input_type
1317,Fault detection,,IT&C equipment,,,"computer logs, Temperature, physical sensor data",True,False,True,False,False,True,3,2,task+case_study+input_type
1318,Fault detection,,electric motor,,,"characteristic frequency, d-axis current, FactselectromagneticResponses, inductance, magnetic flux, motor speed, stator resistance, torque, vibration signals",True,False,True,False,False,True,3,2,task+case_study+input_type
1319,Fault feature extraction,,bearing,,,"ambient temperature, load",True,False,True,False,False,True,3,2,task+case_study+input_type
1320,Fault detection,,IM,,,,True,False,True,False,False,False,2,1,task+case_study
1321,Fault detection,,rolling bearing,,,"bearing temperature signals, bearing vibration signals, drive motor current, prior degradation information, twin data",True,False,True,False,False,True,3,2,task+case_study+input_type
1322,Remaining useful life estimation,,rolling bearing,,,"HI, raw vibration data, sequential time-series signals, RUL",True,False,True,False,False,True,3,2,task+case_study+input_type
1323,Fault detection,,MOSFET,,,"R DS ON, aging, cycling, expected future conditions covariates, collector current I c, temperature, transient thermal impedance TI, junction temperature T j, collector-emitter voltage V ce",True,False,True,False,False,True,3,2,task+case_study+input_type
1324,Fault detection,,ASD-fed induction machine,,,"FactsPwmHarmonicIndex, FactscontactAngle, current signal, pulse-width-modulation voltage signal, raw sound data, vibration signal, 30 Hz input frequency, FactsinverterPwmOutput, raw motor current data, FactsnumberOfRollingElements, FactsshaftRotationalSpeed, FactsstatorCurrent, FactsvibrationFrequency_1",True,False,True,False,False,True,3,2,task+case_study+input_type
1325,Health assessment,,building facilities,,,imbalanced data,True,False,True,False,False,True,3,2,task+case_study+input_type
1326,Fault identification,,asymmetrical six-phase induction motor drive,,,"FactsDtc, FactscontrolPathDecouplingSignals, FactsinstantaneousActivePowerSignatures, FactsinverterSwitchingStatistics, FactsmeasuredMotorCurrents, q-axis reference current signal, FactsresidualStatorFluxAngle, FactssequenceComponentsImpedanceMatrix, FactsvoltageReferences, FactsxySubspaceCurrentResidual",True,False,True,False,False,True,3,2,task+case_study+input_type
1327,Remaining useful life estimation,,battery,,,"current, FactsdepthOfDischarge, FactsnumberOfBatteryCycles, FactsstateOfHealth, temperature, voltage",True,False,True,False,False,True,3,2,task+case_study+input_type
1328,Fault detection,,Industrial textile machines,,,"FactsenergyConsumption_1, FactsenergyIntensity, Factsvibrations_1",True,False,True,False,False,True,3,2,task+case_study+input_type
1329,Remaining useful life estimation,,machinery,,,"FactsRulVariable, condition monitoring data, fractal spectrum parameters, frequency-domain features, FactshealthIndicator_2, first two intrinsic mode functions, remaining useful life labels, time-domain features",True,False,True,False,False,True,3,2,task+case_study+input_type
1330,Remaining useful life estimation,,contact network,,,"guide height, integrated state parameters, contact force, remaining useful life",True,False,True,False,False,True,3,2,task+case_study+input_type
1331,Fault feature extraction,,solar panel,,,"air pollution, dust, irradiance, panel orientation, pollutant characteristics, humidity, temperature, wind speed",True,False,True,False,False,True,3,2,task+case_study+input_type
1332,Fault detection,,elevator,,,"Elevator temporal information dataset, FactsdoorOpeningClosingFrequency, FactselevatorOperationalTemporalInformation",True,False,True,False,False,True,3,2,task+case_study+input_type
1333,Fault detection,,synchronous machine cooling system,,,"Active power (P), FactselectricalVariables, Excitation current (I_f), Temperature, Voltage (U)",True,False,True,False,False,True,3,2,task+case_study+input_type
1334,Remaining useful life estimation,,device,,,health status,True,False,True,False,False,True,3,2,task+case_study+input_type
1335,Fault detection,,Bearing,,,pressure,True,False,True,False,False,True,3,2,task+case_study+input_type
1336,Fault detection,,bearing gearbox,,,"current signal, electrical signal, multimodal signal set, short-time Fourier transform (STFT) images, time series data",True,False,True,False,False,True,3,2,task+case_study+input_type
1337,Fault feature extraction,,battery,,,"error codes, raw input data, sensor data, vehicle operational status data",True,False,True,False,False,True,3,2,task+case_study+input_type
1338,Remaining useful life estimation,,battery,,,"FactsbatteryCapacity_3, first 100 charge/discharge cycles, current, energy efficiency, FactsinternalResistance_1, knee point slopes, temperature, voltage",True,False,True,False,False,True,3,2,task+case_study+input_type
1339,Health assessment,,,,,vibration data,True,False,False,False,False,True,2,1,task+input_type
1340,Remaining useful life estimation,,gear,,,"Brake cylinder pressure deviation, Brake force measurement, Cement property, Holding force consistency, CO2 emission, Pressure decay rate, Research Octane Number",True,False,True,False,False,True,3,2,task+case_study+input_type
1341,Fault detection,,rotor,,,"symmetrical components of three-phase currents, flux, load, rotor current, slip, temperature, torque, voltage",True,False,True,False,False,True,3,2,task+case_study+input_type
1342,Fault feature extraction,,conveyor gearbox,,,"integer features, z-axis peak-to-peak, y-axis Willison amplitude",True,False,True,False,False,True,3,2,task+case_study+input_type
1343,Remaining useful life estimation,,agricultural MG,,,"temperature, battery charging/discharging C-rate, depth of discharge, electricity price, electricity price volatility, end of life (EOL), FactsinitialBatteryCharacteristicsVariable, microgrid load demand, load demand variation, renewable energy source penetration level, remaining useful life (RUL), state of charge (SOC), state of health (SOH), state of charge, state-of-health",True,False,True,False,False,True,3,2,task+case_study+input_type
1344,Fault detection,,DC motor drive,,,"air temperature, rotational speed",True,False,True,False,False,True,3,2,task+case_study+input_type
1345,Fault detection,,compressors,,,"cell potential, current density, current, existing sensor input features, impedance, load change, online monitoring data, relative humidity, voltage",True,False,True,False,False,True,3,2,task+case_study+input_type
1346,Health assessment,,tool,,,"cutting force measurement, linearly varying spindle speed, operational cutting force input excitation",True,False,True,False,False,True,3,2,task+case_study+input_type
1347,Fault detection,,hydrogen compressor,,,,True,False,True,False,False,False,2,1,task+case_study
1348,Fault identification,,integrated torque sensor,,,"Applied torque, intrinsic friction, mechanical parameters, Parasitic bending, pavement deformation, Sensor digital output, Shaft vibration, Real-time temperature, torque measurement, torque ripple",True,False,True,False,False,True,3,2,task+case_study+input_type
1349,Fault detection,,Electric power inspection scenario,,,Input point cloud,True,False,True,False,False,True,3,2,task+case_study+input_type
1350,Remaining useful life estimation,,aero-engine,,,"diverse sensor data, time series, vibration features",True,False,True,False,False,True,3,2,task+case_study+input_type
1351,Fault detection,,Walter HELITRONIC VISION 400 L grinding machine,,,"acoustic emission signal, filtered time series, drive signal, force measurements, grinding wheel wear, IQ, tool life volume",True,False,True,False,False,True,3,2,task+case_study+input_type
1352,Fault detection,,induction motor,,,"high-resolution thermal imaging, sequential temperature-time data",True,False,True,False,False,True,3,2,task+case_study+input_type
1353,One step future state forecast,,bushing,,,"axial strain, axial stress, loss factor, nonlinear mechanical properties",True,False,True,False,False,True,3,2,task+case_study+input_type
1354,Fault detection,,Milling,,,"Acoustic emissions, acoustic waves, belt rotation speed, contact wheel hardness, depth, feed per tooth, feed rate, Fiber optic temperature, force, force sensor, material removal, vibration signal, wear level",True,False,True,False,False,True,3,2,task+case_study+input_type
1355,Health assessment,,production equipment,,,,True,False,True,False,False,False,2,1,task+case_study
1356,Fault feature extraction,,rolling bearing,,,motor current signals (MCS),True,False,True,False,False,True,3,2,task+case_study+input_type
1357,Remaining useful life estimation,,aircraft engine,,,Multivariate sequential sensor data,True,False,True,False,False,True,3,2,task+case_study+input_type
1358,Remaining useful life estimation,,lithium-ion battery,,,"Capacity fade, Charge-discharge cycle, cycle count, Rising internal resistance, Voltage profile alteration",True,False,True,False,False,True,3,2,task+case_study+input_type
1359,Fault detection,,machine,,,"RUL estimation, machine health data, sensory data",True,False,True,False,False,True,3,2,task+case_study+input_type
1360,Remaining useful life estimation,,,,,"battery capacity, internal resistance, State of Health",True,False,False,False,False,True,2,1,task+input_type
1361,Fault identification,,bearing,,,"envelope spectrum characteristic peaks, fault characteristic peak frequency",True,False,True,False,False,True,3,2,task+case_study+input_type
1362,Remaining useful life estimation,,equipment,,,"One-dimensional composite technical state indicator, Multi-dimensional sensor measurement data",True,False,True,False,False,True,3,2,task+case_study+input_type
1363,Fault detection,,flexible disk rotor system,,,"axial load, bending elastic motion, cage slip ratio, contact force, fault width, inner-race speed, node displacement",True,False,True,False,False,True,3,2,task+case_study+input_type
1364,Remaining useful life estimation,,lithium battery,,,"steady-state voltage, voltage decay, Fuel cell voltage",True,False,True,False,False,True,3,2,task+case_study+input_type
1365,Fault detection,,PMa-SynRM,,,"motor current signal, dq-axis current, electromotive force, fifth line-current harmonic, f r component, fundamental frequency, line current, motor speed, stray flux signal, temperature, third current harmonic, velocity measurement, vibration profile, vibration signal, zero-sequence voltage components",True,False,True,False,False,True,3,2,task+case_study+input_type
1366,Health assessment,,conveyor,,,,True,False,True,False,False,False,2,1,task+case_study
1367,Fault detection,,gearbox,,,"current, power, rotational speed, SCADA data, temperature, wind speed",True,False,True,False,False,True,3,2,task+case_study+input_type
1368,Fault detection,,gearbox,,,"multi-sensor data, vibration signal",True,False,True,False,False,True,3,2,task+case_study+input_type
1369,Fault detection,,battery pack,,,"battery capacity, battery degradation status, internal resistance, load, state of charge, temperature, current",True,False,True,False,False,True,3,2,task+case_study+input_type
1370,Fault detection,,rotating machinery,,,wear particles,True,False,True,False,False,True,3,2,task+case_study+input_type
1371,Fault detection,,bearing,,,"Temperature data, Vibration data",True,False,True,False,False,True,3,2,task+case_study+input_type
1372,One step future state forecast,,,,,,True,False,False,False,False,False,1,0,task
1373,Fault feature extraction,,bearing,,,"bearing sensor monitoring data, vibration signals",True,False,True,False,False,True,3,2,task+case_study+input_type
1374,Health assessment,,horizontal-axis three-bladed multi-megawatt wind turbines,,,"blade condition, blade erosion, generator RPM, generator speed, nacelle-mounted anemometer, pitch, power, Reynolds number (Re), rotor radius (R), shaft moment, SCADA data, turbulence intensity, wind speed",True,False,True,False,False,True,3,2,task+case_study+input_type
1375,Fault detection,,power grid facilities,,,"circuit fault data, Frost, geographical location information of power grid facilities, Prolonged drought, terrain, voltage level",True,False,True,False,False,True,3,2,task+case_study+input_type
1376,Health assessment,,cable,,,"FactscableAge, noise, FactspdPeakValues, partial discharge",True,False,True,False,False,True,3,2,task+case_study+input_type
1377,Fault identification,,BMU,,,"fault samples, Multi-source heterogeneous operating data, BMU operational data, operational parameters, Real-time process signals",True,False,True,False,False,True,3,2,task+case_study+input_type
1378,Fault feature extraction,,rolling bearing,,,"Load, Operating conditions, Speed, Time-frequency features, Vibration signal, Wavelet energy entropy",True,False,True,False,False,True,3,2,task+case_study+input_type
1379,One step future state forecast,,cutting tool,,,"discount factor, learning rate",True,False,True,False,False,True,3,2,task+case_study+input_type
1380,Fault detection,,engine type,,,"acoustic signals, air flow patterns, engine size, mean, velocity vibrations",True,False,True,False,False,True,3,2,task+case_study+input_type
1381,Fault detection,,,,,"anomalous or faulty test data, health state errors, hidden-layer features, raw waveform input, reconstruction error, reconstruction loss, training set, vibration data",True,False,False,False,False,True,2,1,task+input_type
1382,Health assessment,,alternative machine,,,"Tool wear, Operating hours, Temperature, Vibration",True,False,True,False,False,True,3,2,task+case_study+input_type
1383,Health assessment,,capacitor,,,C,True,False,True,False,False,True,3,2,task+case_study+input_type
1384,Health assessment,,battery,,,"capacity fade, charge-discharge cycling, cycle life reduction, degradation state, energy demand, energy dispatch, environmental factors, internal resistance growth, temperature",True,False,True,False,False,True,3,2,task+case_study+input_type
1385,Remaining useful life estimation,,Aircraft brake,,,,True,False,True,False,False,False,2,1,task+case_study
1386,Remaining useful life estimation,,onshore wind farm,,,,True,False,True,False,False,False,2,1,task+case_study
1387,Fault feature extraction,,bearing,,,"equipment degradation data, force sensor data, Health indicators, RUL labels, single charging curve, Time-domain features",True,False,True,False,False,True,3,2,task+case_study+input_type
1388,Fault detection,,Wind turbine,,,"FactsbladePitchAngle, observed output power, Wind turbine output power, SCADA input features, wind speed, FactswindSpeed_3, wind turbine output power, Winding temperature",True,False,True,False,False,True,3,2,task+case_study+input_type
1389,Health assessment,,SiC MOSFET,,,"drain-voltage slew rate, leakage current, on-state resistance, switching delay, voltage drop, current fall energy loss, fall loss, junction temperature, load conditions, turn-off current fall time",True,False,True,False,False,True,3,2,task+case_study+input_type
1390,Remaining useful life estimation,,bearing,,,"bearing vibration data, Health Indicator (HI), instantaneous spectral entropy (ISE), normalized signals, spatio-temporal features, FactschannelFeatures",True,False,True,False,False,True,3,2,task+case_study+input_type
1391,Fault identification,,industrial machines,,,"vibration analysis, machine vibration",True,False,True,False,False,True,3,2,task+case_study+input_type
1392,Fault detection,,industrial equipment,,,,True,False,True,False,False,False,2,1,task+case_study
1393,Fault detection,,Transformer case with axial and radial winding deformation,,,"Baseline response signatures, capacitance, core impedance, frequency range, healthy/normal baseline data, inductance, resistance",True,False,True,False,False,True,3,2,task+case_study+input_type
1394,Fault identification,,MCT,,,"AE signal, force signal, vibration signal",True,False,True,False,False,True,3,2,task+case_study+input_type
1395,Remaining useful life estimation,,hydrogen storage and transport system,,,"FactsmaximumPrincipalStress1, pressure",True,False,True,False,False,True,3,2,task+case_study+input_type
1396,One step future state forecast,,industrial systems,,,"covariates, lifetime data, multiple inputs, sensor data streams, Sensor data",True,False,True,False,False,True,3,2,task+case_study+input_type
1397,Remaining useful life estimation,,lithium-ion battery,,,"FactsinputValuesVariable, univariate time series data",True,False,True,False,False,True,3,2,task+case_study+input_type
1398,Multiple steps future state forecast,,Flywheel,,,"voltage deviation, electrolyte resistance (Rs)",True,False,True,False,False,True,3,2,task+case_study+input_type
1399,Fault detection,,Motor bearing,,,"Motor load, Motor current signal, Operational data, Motor speed",True,False,True,False,False,True,3,2,task+case_study+input_type
1400,Fault detection,,cutter,,,vibration signals,True,False,True,False,False,True,3,2,task+case_study+input_type
1401,One step future state forecast,,LIB,,,"Battery capacity, Internal resistance, operational conditions, SoC, extensive training data",True,False,True,False,False,True,3,2,task+case_study+input_type
1402,Fault detection,,device,,,fault features,True,False,True,False,False,True,3,2,task+case_study+input_type
1403,Remaining useful life estimation,,battery,,,,True,False,True,False,False,False,2,1,task+case_study
1404,Remaining useful life estimation,,battery,,,"concentration polarization loss, degradation state, external state variables, hydrogen loss, internal aging factors, internal health core, FactsvoltageVariable_5",True,False,True,False,False,True,3,2,task+case_study+input_type
1405,Fault detection,,power electronic device,,,"arm inductance, average switching functions, capacitor voltage, current, high-dimensional feature space, historical data, missing values, multiple imputation sets, noise covariance matrices, real-time observations, submodule capacitance values, switching states of power electronic devices, temperature",True,False,True,False,False,True,3,2,task+case_study+input_type
1406,Health assessment,,Proton-exchange-membrane fuel cell,,,"current density, frequency factors, voltage",True,False,True,False,False,True,3,2,task+case_study+input_type
1407,Remaining useful life estimation,,Rolling bearing,,,"Two-dimensional time-frequency feature map, Sequence data, Scalar vibration signal",True,False,True,False,False,True,3,2,task+case_study+input_type
1408,Fault detection,,classification,,,"pressure, load, rotational speed, temperature",True,False,True,False,False,True,3,2,task+case_study+input_type
1409,Fault identification,,EV battery system,,,"charge status, energy consumption, EV component sensor data, thermal performance",True,False,True,False,False,True,3,2,task+case_study+input_type
1410,Health assessment,,buck converter,,,,True,False,True,False,False,False,2,1,task+case_study
1411,Fault identification,,Aircraft structures,,,"Damage size, strain, temperature",True,False,True,False,False,True,3,2,task+case_study+input_type
1412,Fault identification,,wear,,,"cutting force, wear area of the flank face, wear",True,False,True,False,False,True,3,2,task+case_study+input_type
1413,Remaining useful life estimation,,bearing,,,"bearing vibration signals, health data",True,False,True,False,False,True,3,2,task+case_study+input_type
1414,Health assessment,,gearbox,,,"random yield, actual job completion time",True,False,True,False,False,True,3,2,task+case_study+input_type
1415,Fault detection,,pressure pipeline,,,"monitoring acoustic signal, acoustic signal, signal entropy",True,False,True,False,False,True,3,2,task+case_study+input_type
1416,Remaining useful life estimation,,battery,,,"electrical data, state of charge, state of health, thermal data, visual data",True,False,True,False,False,True,3,2,task+case_study+input_type
1417,Fault feature extraction,,aircraft engine,,,"aircraft engine time-series data, remaining useful life label",True,False,True,False,False,True,3,2,task+case_study+input_type
1418,Fault detection,,automated production line,,,"Input features for diagnostic results, Extracted sensor features, Sensor data measured on cyber-physical-system components",True,False,True,False,False,True,3,2,task+case_study+input_type
1419,Fault detection,,capping machine,,,temperature data,True,False,True,False,False,True,3,2,task+case_study+input_type
1420,Fault detection,,high-speed spinning unit,,,"Dynamic load, trend characteristics, Noise, Power consumption, Operating rotational frequency, Headstock body temperature, vibration",True,False,True,False,False,True,3,2,task+case_study+input_type
1421,Health assessment,,bearing,,,"features, health indicator, robustness",True,False,True,False,False,True,3,2,task+case_study+input_type
1422,Remaining useful life estimation,,PV array,,,,True,False,True,False,False,False,2,1,task+case_study
1423,Remaining useful life estimation,,ACBB 7209 single-row angular contact ball bearing,,,"Vibration signal, raw vibration signal",True,False,True,False,False,True,3,2,task+case_study+input_type
1424,Remaining useful life estimation,,Nozzle A1,,,"Corrosion rate, Initial thickness, Average corrosion rate",True,False,True,False,False,True,3,2,task+case_study+input_type
1425,Fault identification,,gear,,,speed,True,False,True,False,False,True,3,2,task+case_study+input_type
1426,Fault detection,,gripping pliers,,,"audio signals, electric currents, sounds, temperatures, vibrations, voltages",True,False,True,False,False,True,3,2,task+case_study+input_type
1427,Fault identification,,Aircraft engine,,,"FactsremainingUsefulLifeLabels, Equipment sensor time-series data",True,False,True,False,False,True,3,2,task+case_study+input_type
1428,Fault detection,,device under test,,,"engine sensor data from 21 sensors, extracted features, torque signal",True,False,True,False,False,True,3,2,task+case_study+input_type
1429,Fault identification,,desalination plant,,,"brine leaks, equipment failures, salinity",True,False,True,False,False,True,3,2,task+case_study+input_type
1430,Fault detection,,induction motor,,,"FactslabelledFaultData, simulated vibration signal, rotor acceleration vibration signal",True,False,True,False,False,True,3,2,task+case_study+input_type
1431,Health assessment,,HVDC cable system,,,"conductivity, electric field, FactselectricalStress1, partial discharge signal, voltage transient",True,False,True,False,False,True,3,2,task+case_study+input_type
1432,Fault detection,,marine engine,,,"FactsinputSequenceLength, FactsunreducedMetric",True,False,True,False,False,True,3,2,task+case_study+input_type
1433,Remaining useful life estimation,,rolling bearing,,,,True,False,True,False,False,False,2,1,task+case_study
1434,Fault detection,,OBU equipment,,,"FactsetcDataVariable, OBU transaction data",True,False,True,False,False,True,3,2,task+case_study+input_type
1435,Remaining useful life estimation,,AISI H13 steel,,,"feed, R2, process parameters, surface roughness",True,False,True,False,False,True,3,2,task+case_study+input_type
1436,Fault detection,,bearing,,,"fault features, frequency-domain features, original input signal, spatial features, time series data, centrifugal pump vibration signals, vibration signals",True,False,True,False,False,True,3,2,task+case_study+input_type
1437,Fault detection,,gearbox,,,"wind turbine condition monitoring data, front bearing temperature, instantaneous operational parameters, supervisory control and data acquisition data, sensor data, vibration data from accelerometers",True,False,True,False,False,True,3,2,task+case_study+input_type
1438,Fault detection,,rotating machine,,,"Detail decomposition without cA3, kurtosis, mean absolute value (MAV), peak value, RMS, Signal acquired from the test bench, vibration signal, Whole signal or vector of the wavelet decomposition",True,False,True,False,False,True,3,2,task+case_study+input_type
1439,Fault detection,,aircraft,,,sensor data,True,False,True,False,False,True,3,2,task+case_study+input_type
1440,Fault detection,,industrial asset,,,"Historical vehicle data, FactsleakageData, Physical parameters, Real-time sensor inputs, Thermal imaging data, Vibration signals",True,False,True,False,False,True,3,2,task+case_study+input_type
1441,Health assessment,,power equipment,,,multi-dimensional feature index system,True,False,True,False,False,True,3,2,task+case_study+input_type
1442,Fault identification,,CNC machining center,,,"cutting fluid, pressure, raw data, temperature, tool geometry, vibration",True,False,True,False,False,True,3,2,task+case_study+input_type
1443,Remaining useful life estimation,,machinery,,,"FD001, multivariate sensor signals",True,False,True,False,False,True,3,2,task+case_study+input_type
1444,Health assessment,,brake pad,,,"Cu concentration, mean of the dilution effect, number of observations, observed error, observed time, standard deviation of observed errors",True,False,True,False,False,True,3,2,task+case_study+input_type
1445,Remaining useful life estimation,,Battery B0005,,,"Battery capacity, Cycle count, Discharging capacity, Discharging time, Impedance, FactsinputVariableDegradationPatterns, FactsinputVariableOperatingConditions, Maximum power time, Current, Remaining useful life (RUL), Temperature, Voltage",True,False,True,False,False,True,3,2,task+case_study+input_type
1446,Fault detection,,Controllable pitch propeller,,,"lubricant temperature, engine parameter, Revision GE condition criterion value (RGCCV)",True,False,True,False,False,True,3,2,task+case_study+input_type
1447,Fault identification,,bearing-rotor system,,,shaft vibration,True,False,True,False,False,True,3,2,task+case_study+input_type
1448,Fault detection,,bearing,,,"frequency-domain features, seven key indicators, partial shading, performance variations, sensor measurements, time-domain features",True,False,True,False,False,True,3,2,task+case_study+input_type
1449,Health assessment,,manufacturing machine,,,"operational speed, remaining useful life (RUL), FactsspeedVariable_4",True,False,True,False,False,True,3,2,task+case_study+input_type
1450,Fault detection,,wind turbine,,,power,True,False,True,False,False,True,3,2,task+case_study+input_type
1451,Fault detection,,,,,,True,False,False,False,False,False,1,0,task
1452,Fault detection,,aerospace assembly line,,,"configuration, stochastic variables",True,False,True,False,False,True,3,2,task+case_study+input_type
1453,One step future state forecast,,component 1,,,"component reassignment problem, number of components, number of positions, initial reliability function, statistical virtual age, expected annual system maintenance cost",True,False,True,False,False,True,3,2,task+case_study+input_type
1454,Fault detection,,Kaplan runner,,,"SCADA data, differential pressure, friction, process parameters, guide vane position, hydraulic parameters, oil levels, FactssensorFaultGroups, vibration data, water flow",True,False,True,False,False,True,3,2,task+case_study+input_type
1455,Fault detection,,ACS712,,,,True,False,True,False,False,False,2,1,task+case_study
1456,Remaining useful life estimation,,rolling bearing,,,"PHM2012 dataset, multiscale permutation entropy, deep learning",True,False,True,False,False,True,3,2,task+case_study+input_type
1457,Fault detection,,,,,"CPU usage, memory consumption, power level, temperature",True,False,False,False,False,True,2,1,task+input_type
1458,Health assessment,,PANTHERA 2.0,,,current consumption data,True,False,True,False,False,True,3,2,task+case_study+input_type
1459,Remaining useful life estimation,,lithium-ion battery,,,"current, capacity decay time series, phase space reconstruction parameters, time delay of the monitoring sequence",True,False,True,False,False,True,3,2,task+case_study+input_type
1460,Health assessment,,AIOps,,,AIOps,True,False,True,False,False,True,3,2,task+case_study+input_type
1461,Fault detection,,Bearing,,,Pressure,True,False,True,False,False,True,3,2,task+case_study+input_type
1462,Fault detection,,airplane engine,,,"fatigue, holes, particle shape, particle size, roughness, segmentation techniques, texture pattern, wear particle texture",True,False,True,False,False,True,3,2,task+case_study+input_type
1463,Remaining useful life estimation,,aero-engine,,,"CNN, RUL labels",True,False,True,False,False,True,3,2,task+case_study+input_type
1464,Remaining useful life estimation,,intelligent edge device,,,"remaining useful life (RUL), Sensor data",True,False,True,False,False,True,3,2,task+case_study+input_type
1465,Health assessment,,disconnector,,,,True,False,True,False,False,False,2,1,task+case_study
1466,Remaining useful life estimation,,Lithium-ion battery,,,"current capacity, physical features, electrochemical performance, internal resistance, pressure, strain, Strain",True,False,True,False,False,True,3,2,task+case_study+input_type
1467,Fault identification,,ESP machine,,,"OutputVolt, Motor Horse Power (HP), Pump inlet pressure, Pump Intake Pressure, Temperature",True,False,True,False,False,True,3,2,task+case_study+input_type
1468,Remaining useful life estimation,,NC machine tool,,,"cutting force, high-dimensional degradation features, spindle speed, temperature",True,False,True,False,False,True,3,2,task+case_study+input_type
1469,Fault identification,,bearing,,,spatial-temporal features,True,False,True,False,False,True,3,2,task+case_study+input_type
1470,Fault identification,,GIS equipment,,,"electrical contact fault feature, partial discharge feature, sound signal, vibration signal, waveform distortion, multiple signals, GIS circuit breaker closing transient vibration signals",True,False,True,False,False,True,3,2,task+case_study+input_type
1471,Fault detection,,cylinder injectors,,,"Cylinder temperature data, vibration frequencies",True,False,True,False,False,True,3,2,task+case_study+input_type
1472,Fault detection,,bearing,,,"acoustic signal, time domain images",True,False,True,False,False,True,3,2,task+case_study+input_type
1473,Fault detection,,high-impact recorder,,,"bias term, class label, pressure, kernel function, Lagrange multipliers, penalty parameter",True,False,True,False,False,True,3,2,task+case_study+input_type
1474,Fault detection,,Boiler 1,,,"Boiler 1 superheated steam production, Daily fuel consumption, Shaft power, Individual anomaly components",True,False,True,False,False,True,3,2,task+case_study+input_type
1475,Fault detection,,,,,"historical fault records, Waterlogging disaster time, Pressure value, Rainfall, sensor data, Temperature, Wind speed",True,False,False,False,False,True,2,1,task+input_type
1476,One step future state forecast,,Oil refinery production equipment,,,,True,False,True,False,False,False,2,1,task+case_study
1477,Fault feature extraction,,HUST bearing test rig,,,"fault type, operational status, sample duration",True,False,True,False,False,True,3,2,task+case_study+input_type
1478,Fault detection,,rolling bearing,,,"sound, operating scenario, startup transient signal, stator current, time domain",True,False,True,False,False,True,3,2,task+case_study+input_type
1479,Fault detection,,gear,,,"amplitude, cepstrum, meshing frequency, rotation frequency, signal, measured vibration signal, white noise",True,False,True,False,False,True,3,2,task+case_study+input_type
1480,Fault detection,,medium voltage cable,,,,True,False,True,False,False,False,2,1,task+case_study
1481,Fault identification,,Robotic arm,,,"PCA, FactsvoltageVariable_8, wearable inertial sensor data",True,False,True,False,False,True,3,2,task+case_study+input_type
1482,Remaining useful life estimation,,nuclear power plant equipment,,,"flow, FactsmlCsnn, pressure, temperature, vibration",True,False,True,False,False,True,3,2,task+case_study+input_type
1483,Health assessment,,continuous damping control damper,,,,True,False,True,False,False,False,2,1,task+case_study
1484,Fault detection,,medium-voltage switchgear,,,"current, temperature measurement, FactstemperatureReadings",True,False,True,False,False,True,3,2,task+case_study+input_type
1485,Fault identification,,industrial rolling bearing,,,vibrational data,True,False,True,False,False,True,3,2,task+case_study+input_type
1486,Remaining useful life estimation,,turbofan engine,,,"equipment health state, sensor data",True,False,True,False,False,True,3,2,task+case_study+input_type
1487,Fault detection,,bolted flange joint,,,,True,False,True,False,False,False,2,1,task+case_study
1488,Fault detection,,industrial steam system,,,"asset data, steam trap inlet temperature, IoT sensor data, operational parameters, public holiday calendars, statistical time-series features, weather information",True,False,True,False,False,True,3,2,task+case_study+input_type
1489,Fault detection,,power grid,,,"meteorological data, meteorological monitoring data",True,False,True,False,False,True,3,2,task+case_study+input_type
1490,One step future state forecast,,turbine,,,"pressure, Factshead, FactsinletPressure",True,False,True,False,False,True,3,2,task+case_study+input_type
1491,Fault detection,,drive train,,,"frequency spectra, statistical variables, vibration sensor",True,False,True,False,False,True,3,2,task+case_study+input_type
1492,Fault detection,,Electric locomotive bearing,,,,True,False,True,False,False,False,2,1,task+case_study
1493,Fault detection,,clinical chemistry analyser,,,"sensor data from sensors present in a CT machine, wavelet coefficients",True,False,True,False,False,True,3,2,task+case_study+input_type
1494,Fault detection,,bearing,,,"motor load information, pressure, sensor data, temperature, vibration",True,False,True,False,False,True,3,2,task+case_study+input_type
1495,Health assessment,,aircraft,,,Sensor signals,True,False,True,False,False,True,3,2,task+case_study+input_type
1496,Fault detection,,PV module,,,,True,False,True,False,False,False,2,1,task+case_study
1497,Fault detection,,transformer,,,"image-based features from FRA polar plots, numerical features from FRA traces",True,False,True,False,False,True,3,2,task+case_study+input_type
1498,One step future state forecast,,complex system,,,,True,False,True,False,False,False,2,1,task+case_study
1499,Fault detection,,compensating reactors,,,"environmental parameters, external stress conditions, productivity, soil temperature, waterproof and dustproof grade",True,False,True,False,False,True,3,2,task+case_study+input_type
1500,Fault detection,,Asynchronous AC electric motor,,,"FactsactiveElectricalPowerSignal, FactsgearboxVibrationSignal, FactsoutputSpindleAngularSpeedSignal",True,False,True,False,False,True,3,2,task+case_study+input_type
1501,Remaining useful life estimation,,thyristor,,,"Qr charge difference, first degradation indicator, VT forward voltage, reverse recovery charge (Qr), thyristor degradation process",True,False,True,False,False,True,3,2,task+case_study+input_type
1502,Fault identification,,electrical insulation system,,,"FactsoptimizedPdFeaturesDataVariable, FactspartialDischargeDataVariable, PD amplitude q",True,False,True,False,False,True,3,2,task+case_study+input_type
1503,One step future state forecast,,roller,,,condition parameter,True,False,True,False,False,True,3,2,task+case_study+input_type
1504,Fault detection,,servomotor bearings,,,"characterised disturbances, input data",True,False,True,False,False,True,3,2,task+case_study+input_type
1505,Fault detection,,die,,,"ram tilt, die surface temperature, forming force, forming result assessment, FactsramTilt",True,False,True,False,False,True,3,2,task+case_study+input_type
1506,Fault detection,,synchronous condenser,,,thermal data,True,False,True,False,False,True,3,2,task+case_study+input_type
1507,Fault detection,,bearing fault detection,,,"amplitude changes, bearing, fault severity, load, raw time-domain data, speed, vibration signals",True,False,True,False,False,True,3,2,task+case_study+input_type
1508,Fault detection,,,,,"Acceleration, Frequency, running speed, current",True,False,False,False,False,True,2,1,task+input_type
1509,Fault feature extraction,,bearings,,,sensing,True,False,True,False,False,True,3,2,task+case_study+input_type
1510,Fault detection,,rotating machinery,,,,True,False,True,False,False,False,2,1,task+case_study
1511,Fault detection,,turbofan engine,,,individual sensor feature,True,False,True,False,False,True,3,2,task+case_study+input_type
1512,Fault identification,,bearing seat,,,"transformer, one-dimensional vibration signal, time-domain energy entropy values, vibration frequency",True,False,True,False,False,True,3,2,task+case_study+input_type
1513,Fault identification,,Retrofitted five-axis computer numerical control machine,,,"power consumption data, operational sequences, vibration data",True,False,True,False,False,True,3,2,task+case_study+input_type
1514,Health assessment,,hydraulic system 1,,,"real-time sensor data, Factsdegradation1, FactspumpSpeedVariable",True,False,True,False,False,True,3,2,task+case_study+input_type
1515,Fault detection,,wind turbine,,,"standard geomagnetic field, high-frequency magnetometer data, nacelle wind speed, normal behaviour data, rotor rotations per minute measurements, rotor speed, supervisory control and data acquisition data, SCADA measurements, yaw angle",True,False,True,False,False,True,3,2,task+case_study+input_type
1516,Fault detection,,industrial equipment,,,"Equipment operational data, Fault thresholds, Prediction residuals",True,False,True,False,False,True,3,2,task+case_study+input_type
1517,Remaining useful life estimation,,engine performance monitoring,,,"engine parameters, fault data, normal operational data, on-board OBD system data, sensor data, vehicle diagnostics, vehicle logs",True,False,True,False,False,True,3,2,task+case_study+input_type
1518,Fault detection,,aero-engine bearing,,,"acoustic data, thermal data, time-frequency representation (TFR), vibration signal, fault feature",True,False,True,False,False,True,3,2,task+case_study+input_type
1519,Fault detection,,aircraft engine,,,sensor signal,True,False,True,False,False,True,3,2,task+case_study+input_type
1520,Fault detection,,DC microgrid,,,"AC power compatible with grid integration and end-user consumption, DC power generated by renewable energy sources, power signals of DC microgrid inverters",True,False,True,False,False,True,3,2,task+case_study+input_type
1521,Fault detection,,packaging machine,,,"Machine alarms, Real-time machine data",True,False,True,False,False,True,3,2,task+case_study+input_type
1522,Fault identification,,conveyor trough,,,"axial force, bolt working condition, pre-tightening force, rotation angle, sensor information, ultrasonic wave propagation, vibration signal",True,False,True,False,False,True,3,2,task+case_study+input_type
1523,Health assessment,,rolling bearing,,,"health status data, parameter data, reconstruction error",True,False,True,False,False,True,3,2,task+case_study+input_type
1524,Remaining useful life estimation,,turbine engine,,,"C-MAPSS, sensor data",True,False,True,False,False,True,3,2,task+case_study+input_type
1525,Fault detection,,induction motor,,,"infrared images of an intact water-cooled electric machine, FactsinfraredRadiation, FactsmachineSpeed",True,False,True,False,False,True,3,2,task+case_study+input_type
1526,Fault feature extraction,,faulty component,,,"data noise, long-term storage state, missing data, multi-modal interference, vibration signals",True,False,True,False,False,True,3,2,task+case_study+input_type
1527,Fault detection,,rotor,,,"fluorescence lifetime, Rated power, rotor temperature",True,False,True,False,False,True,3,2,task+case_study+input_type
1528,Remaining useful life estimation,,aircraft engine propeller,,,"degradation performance, First performance index",True,False,True,False,False,True,3,2,task+case_study+input_type
1529,Fault detection,,,,,"data streams, high-dimensional input spaces",True,False,False,False,False,True,2,1,task+input_type
1530,Fault detection,,axial piston pump,,,"flow, pressure, temperature, vibration",True,False,True,False,False,True,3,2,task+case_study+input_type
1531,Remaining useful life estimation,,angular contact ball bearing,,,,True,False,True,False,False,False,2,1,task+case_study
1532,Fault detection,,Embosser component,,,"Feature selection, Normalisation, Time-series data collected from the embosser component, Time-series transformation",True,False,True,False,False,True,3,2,task+case_study+input_type
1533,Health assessment,,connected machines,,,,True,False,True,False,False,False,2,1,task+case_study
1534,Fault feature extraction,,rolling bearing,,,"linear prediction coefficient, signal frame, NN",True,False,True,False,False,True,3,2,task+case_study+input_type
1535,Remaining useful life estimation,,Industrial system,,,"FactsvariableDischargeTime, FactsvariableVoltage",True,False,True,False,False,True,3,2,task+case_study+input_type
1536,Fault detection,,,,,"SCADA data, FactsscadaData_6",True,False,False,False,False,True,2,1,task+input_type
1537,Health assessment,,engine turbine,,,,True,False,True,False,False,False,2,1,task+case_study
1538,Health assessment,,cutting tool,,,"acoustic emission signal, force, multi-channel hybrid information, tri-axial cutting force, tri-axial vibration",True,False,True,False,False,True,3,2,task+case_study+input_type
1539,Fault detection,,resistive sensors,,,"engine load, engine torque, feeding rate, forward speed, loss rate, predicted fault status, reel height, threshing drum speed",True,False,True,False,False,True,3,2,task+case_study+input_type
1540,Health assessment,,IoT-WHRS,,,"Seebeck coefficient, Thermal resistivity",True,False,True,False,False,True,3,2,task+case_study+input_type
1541,Health assessment,,rotor turbine,,,"modal parameters, speed, trial weights, unbalance mass",True,False,True,False,False,True,3,2,task+case_study+input_type
1542,Health assessment,,power cable,,,"aging coefficient, elongation, tensile strength",True,False,True,False,False,True,3,2,task+case_study+input_type
1543,Remaining useful life estimation,,sensor node,,,,True,False,True,False,False,False,2,1,task+case_study
1544,Remaining useful life estimation,,machine,,,"condition-indicating variable, selected parameters",True,False,True,False,False,True,3,2,task+case_study+input_type
1545,Remaining useful life estimation,,sensors,,,"sensor signals, spatiotemporal knowledge graph",True,False,True,False,False,True,3,2,task+case_study+input_type
1546,Remaining useful life estimation,,machine tool saddle,,,"cutting forces, cutting temperature, machining parameters, real-time sensor inputs, tool wear",True,False,True,False,False,True,3,2,task+case_study+input_type
1547,Fault identification,,bearing,,,"bearing vibration signal, electromagnetic interference, FactsinputVectors1, mechanical noise",True,False,True,False,False,True,3,2,task+case_study+input_type
1548,One step future state forecast,,heat exchanger,,,"bacteria levels, pH",True,False,True,False,False,True,3,2,task+case_study+input_type
1549,Fault detection,,battery,,,"charge-discharge patterns, initial data, operating conditions, temperature",True,False,True,False,False,True,3,2,task+case_study+input_type
1550,Fault detection,,rolling bearing,,,"load, Reconstruction along projection pathway health indicator",True,False,True,False,False,True,3,2,task+case_study+input_type
1551,Fault detection,,gear,,,vibration signal,True,False,True,False,False,True,3,2,task+case_study+input_type
1552,Fault identification,,electrolytic capacitor,,,"input current, frequency band wavelet packet dispersion entropy features",True,False,True,False,False,True,3,2,task+case_study+input_type
1553,Remaining useful life estimation,,EV battery,,,"cycling, deterioration, discharge period, environmental factors, internal resistance, remaining useful life",True,False,True,False,False,True,3,2,task+case_study+input_type
1554,Health assessment,,mechanical harvester,,,"mechanical harvester features, Mechanical status",True,False,True,False,False,True,3,2,task+case_study+input_type
1555,Remaining useful life estimation,,electric motor,,,"current, vibration level, motor current signature data, raw spectral data",True,False,True,False,False,True,3,2,task+case_study+input_type
1556,Health assessment,,power battery,,,"Fan speed, hydrogen crossover current, oxygen transfer, Stack temperature",True,False,True,False,False,True,3,2,task+case_study+input_type
1557,Health assessment,,,,,"Acoustic emission, cutting direction, Cutting forces, cutting speed, Depth of cut, Feed rate, FactslatentFeatureSpace, Spindle current, Spindle vibration signals, Tool geometry",True,False,False,False,False,True,2,1,task+input_type
1558,Fault detection,,centrifugal pump,,,"flow rate, NPSH",True,False,True,False,False,True,3,2,task+case_study+input_type
1559,Health assessment,,,,,"battery degradation, temperature, internal resistance, FactsionMobility, FactssolarEnergyGeneration",True,False,False,False,False,True,2,1,task+input_type
1560,Remaining useful life estimation,,aircraft turbine,,,"raw data, sensor readings, training data",True,False,True,False,False,True,3,2,task+case_study+input_type
1561,Remaining useful life estimation,,,,,"FactsimageBasedFeatures, FactsmultiSensorSignals, Remaining useful life",True,False,False,False,False,True,2,1,task+input_type
1562,Health assessment,,bearings,,,"condition monitoring data, FactsdataVariable3, extracted key features",True,False,True,False,False,True,3,2,task+case_study+input_type
1563,Fault detection,,blade,,,"Blade tip displacement, blade vibration, time of arrival, Varying rotational speed, Varying vibration displacement",True,False,True,False,False,True,3,2,task+case_study+input_type
1564,Health assessment,,tire,,,tire fraction used for treading,True,False,True,False,False,True,3,2,task+case_study+input_type
1565,Health assessment,,tool,,,"cutting force, FactsmachinedSurfaceQuality, spindle vibration data, surface roughness",True,False,True,False,False,True,3,2,task+case_study+input_type
1566,Fault detection,,hydrodynamic bearing,,,,True,False,True,False,False,False,2,1,task+case_study
1567,Remaining useful life estimation,,,,,,True,False,False,False,False,False,1,0,task
1568,Health assessment,,cellulose paper insulation,,,"acids, carbon oxides, degree of polymerisation, fault gases, furanic compounds, 2-Furfuraldehyde (2-FAL), non-destructive failure parameters",True,False,True,False,False,True,3,2,task+case_study+input_type
1569,Fault detection,,GLSA,,,"maximum voltage decrease in V-I characteristic, capacitive current component, equivalent capacitance, fifth harmonic component, total leakage current, non-linear resistance, operating voltage measurement, power loss measurement, IR to IT ratio Ra, resistive current, voltage across surge arrester, 9 kV operating condition",True,False,True,False,False,True,3,2,task+case_study+input_type
1570,Health assessment,,Rotating plant asset,,,"operating regime, source features, statistical distribution, FactsvibrationTelemetry",True,False,True,False,False,True,3,2,task+case_study+input_type
1571,Fault detection,,container shipping,,,"characteristic life alpha, fuel quality, shape parameter beta, sulphur content",True,False,True,False,False,True,3,2,task+case_study+input_type
1572,One step future state forecast,,engine lubrication oil,,,"oxidation, thermal stress",True,False,True,False,False,True,3,2,task+case_study+input_type
1573,Fault detection,,equipment,,,,True,False,True,False,False,False,2,1,task+case_study
1574,Remaining useful life estimation,,è®¾å¤,,,"x_t, c_t, monitoring data",True,False,True,False,False,True,3,2,task+case_study+input_type
1575,Remaining useful life estimation,,adsorption cooling systems,,,"cryptocurrency prices, physical parameters, incidents during takeoff and landing",True,False,True,False,False,True,3,2,task+case_study+input_type
1576,Fault detection,,blunt tool,,,"depth of cut, feed rate, spindle motor current, tri-axial acceleration signal, workpiece material",True,False,True,False,False,True,3,2,task+case_study+input_type
1577,Remaining useful life estimation,,CRDM rotor components,,,"CRDM vibration signal, degradation-related feature quantity 1, FactsobservedComponentStates, CRDM stroke, X-ray records",True,False,True,False,False,True,3,2,task+case_study+input_type
1578,Health assessment,,bearing,,,vibration signals,True,False,True,False,False,True,3,2,task+case_study+input_type
1579,Fault detection,,,,,"acoustic emissions, temperature, real-time operational data, sensor data, stress level, vibration",True,False,False,False,False,True,2,1,task+input_type
1580,Fault detection,,transformer,,,"ambient temperature, associated transformer characteristic features, top oil temperature, transformer loading",True,False,True,False,False,True,3,2,task+case_study+input_type
1581,Health assessment,,proton exchange membrane fuel cell,,,"degradation voltage, low-frequency degradation signal",True,False,True,False,False,True,3,2,task+case_study+input_type
1582,Health assessment,,system component,,,,True,False,True,False,False,False,2,1,task+case_study
1583,Fault detection,,heat exchanger,,,"Actuator measurements, controller compensation, control inputs, Hidden degradation, humidity, operational mode, pressure, system output",True,False,True,False,False,True,3,2,task+case_study+input_type
1584,Fault identification,,Two-stage spur gear system,,,"Assembly tolerance-induced interaxial variation, Faulty TVMS, Gear mesh force F, Intentional gear geometry modification, Hub radius, hub-radius effect, assembly tolerance-induced interaxial variation, load-dependent stiffness variation, mesh convergence in contact zones, Mesh damping cmij, Gear mesh stiffness, Operational torque, tooth profile deviation, TVMS, Vertical displacement y3, Vertical vibration signal y3 double dot, vibration response, Vibration signal",True,False,True,False,False,True,3,2,task+case_study+input_type
1585,Fault identification,,,,,"UAV flight data, sensor measurement data, telemetry data",True,False,False,False,False,True,2,1,task+input_type
1586,Health assessment,,bearing,,,"Bearing vibration, Electric motor current, speed",True,False,True,False,False,True,3,2,task+case_study+input_type
1587,Health assessment,,distillation column,,,"FactspressureDifferential, process data trends, process variable",True,False,True,False,False,True,3,2,task+case_study+input_type
1588,One step future state forecast,,Dani,,,"cell housing expansion, internal battery states, strain load, temperature variation",True,False,True,False,False,True,3,2,task+case_study+input_type
1589,Fault detection,,,,,,True,False,False,False,False,False,1,0,task
1590,Fault detection,,Rolling bearing,,,,True,False,True,False,False,False,2,1,task+case_study
1591,Fault detection,,actuator,,,"signal data, frequency f1, industrial data, time period T",True,False,True,False,False,True,3,2,task+case_study+input_type
1592,Remaining useful life estimation,,rolling bearing,,,"FactshiddenHighDimensionalFeatures, features",True,False,True,False,False,True,3,2,task+case_study+input_type
1593,Fault detection,,high-speed train traction system,,,"dynamic d-q current signal, healthy motor condition, FactsmeasuredCurrent, FactsnegativeSequenceCurrentResidual, operational flux signal, second-order harmonic, three-phase current signal, unmeasured motor parameter",True,False,True,False,False,True,3,2,task+case_study+input_type
1594,Fault identification,,axle,,,"onboard acceleration data, shear time histories on rails, strain measurements, vehicle vibration measurements, wheel damage severity, wheel rotation pattern",True,False,True,False,False,True,3,2,task+case_study+input_type
1595,Fault feature extraction,,floating offshore wind turbine cable,,,"8-bit histogram, Accuracy",True,False,True,False,False,True,3,2,task+case_study+input_type
1596,One step future state forecast,,equipment,,,,True,False,True,False,False,False,2,1,task+case_study
1597,Fault detection,,rail welded joint,,,,True,False,True,False,False,False,2,1,task+case_study
1598,One step future state forecast,,crusher blade,,,edge design,True,False,True,False,False,True,3,2,task+case_study+input_type
1599,Fault detection,,Electrical equipment,,,"LA_J, Substation infrared image",True,False,True,False,False,True,3,2,task+case_study+input_type
1600,Remaining useful life estimation,,aircraft,,,health index data,True,False,True,False,False,True,3,2,task+case_study+input_type
1601,Health assessment,,train,,,"age, inspection data, wear rate, contact wire thickness, FactswireThicknessDegradation",True,False,True,False,False,True,3,2,task+case_study+input_type
1602,Health assessment,,Electric vehicle lithium-ion battery system,,,"FactschargeDischargeSensorVariable, charging-discharging cycles, current sensor data, Battery degradation phases, electrochemical impedance spectroscopy sensor data, FactsspectralImpedanceSensorVariable, temperature variations, usage patterns, NASA battery dataset",True,False,True,False,False,True,3,2,task+case_study+input_type
1603,Fault detection,,gearbox,,,gear meshing frequency harmonics,True,False,True,False,False,True,3,2,task+case_study+input_type
1604,Remaining useful life estimation,,aero-engine,,,feature variables,True,False,True,False,False,True,3,2,task+case_study+input_type
1605,Remaining useful life estimation,,,,,Cycle time,True,False,False,False,False,True,2,1,task+input_type
1606,Fault feature extraction,,Gearbox,,,wind turbine temperature,True,False,True,False,False,True,3,2,task+case_study+input_type
1607,Remaining useful life estimation,,industrial equipment,,,"degradation data, FactsinputFeatures_1, online condition monitoring information, reliability data, sensor and monitoring-system data, time-series data, time window",True,False,True,False,False,True,3,2,task+case_study+input_type
1608,Fault identification,,Guide rail,,,cart speed,True,False,True,False,False,True,3,2,task+case_study+input_type
1609,Fault detection,,partial discharge,,,"number of LSTM hidden layer nodes, LSTM learning rate, LSTM regularization coefficient, VMD decomposition parameter k, CH4 concentration, dissolved gas concentration in transformer oil, FactstransformerOil",True,False,True,False,False,True,3,2,task+case_study+input_type
1610,Health assessment,,cutting tool,,,"Cutting depth, Cutting force signal, Feed rate, Spindle speed, FactstoolWear_4, Vibration signal",True,False,True,False,False,True,3,2,task+case_study+input_type
1611,Fault detection,,,,,"FactspressureVariable_1, Sensor reliability",True,False,False,False,False,True,2,1,task+input_type
1612,Fault detection,,wind turbine,,,pressure,True,False,True,False,False,True,3,2,task+case_study+input_type
1613,Fault identification,,bearing,,,,True,False,True,False,False,False,2,1,task+case_study
1614,Remaining useful life estimation,,aircraft engine,,,"air density, domain-invariant feature, flight altitude, Mach number, sensor signals, temperature, test data",True,False,True,False,False,True,3,2,task+case_study+input_type
1615,Fault detection,,Steckel mill,,,"historical and real-time sensor data, operational data",True,False,True,False,False,True,3,2,task+case_study+input_type
1616,Fault detection,,BLDC motor,,,"sensor data, Sound signal, FactssoundSignalVariable, Vibration signal, wavelet energy features",True,False,True,False,False,True,3,2,task+case_study+input_type
1617,Remaining useful life estimation,,rolling bearing,,,"degradation features, feature extraction, low-order features, temporal features, unlabeled data",True,False,True,False,False,True,3,2,task+case_study+input_type
1618,Fault detection,,pump,,,"hydraulic gradient, velocity, flow",True,False,True,False,False,True,3,2,task+case_study+input_type
1619,Fault detection,,timing belt,,,"belt degradation, operational condition, collected sensor data, belt thickness variation, belt wear",True,False,True,False,False,True,3,2,task+case_study+input_type
1620,Fault feature extraction,,bearing,,,"FactsinstantaneousEnergyChanges, pressure, data segment length, CWRU dataset, temperature, vibration",True,False,True,False,False,True,3,2,task+case_study+input_type
1621,Health assessment,,component,,,,True,False,True,False,False,False,2,1,task+case_study
1622,Fault detection,,electric multiple unit,,,"historical operational data, data collected by motor sensors, FactsspeedVariable_3",True,False,True,False,False,True,3,2,task+case_study+input_type
1623,Fault feature extraction,,Mechanical equipment,,,"friction coefficient, historical lubricant data, lubricant viscosity, lubricating oil monitoring data, lubricating oil temporal evolution data, mechanical equipment wear state, FactsoilMonitoringData, spectral data, wear debris concentration, wear particle images, wear states",True,False,True,False,False,True,3,2,task+case_study+input_type
1624,Remaining useful life estimation,,,,,"acceleration, FactsbearingAccelerationLifeData, FactscapacityData, FactsoriginalVibrationSignals",True,False,False,False,False,True,2,1,task+input_type
1625,Fault detection,,ARAtronica,,,current,True,False,True,False,False,True,3,2,task+case_study+input_type
1626,Fault feature extraction,,battery,,,"accumulating equivalent cycle numbers, capacity degradation, capacity fading trajectory, End of Life, NASA dataset, uniform State of Health interval",True,False,True,False,False,True,3,2,task+case_study+input_type
1627,Fault detection,,metro system,,,"operational parameter, Peak-hour demand, Station stop densities",True,False,True,False,False,True,3,2,task+case_study+input_type
1628,Fault detection,,Gearbox,,,"FactsgeneratedPower, SCADA data, bearing temperature, FactswindSpeed",True,False,True,False,False,True,3,2,task+case_study+input_type
1629,Fault detection,,,,,"machining signal, torque",True,False,False,False,False,True,2,1,task+input_type
1630,One step future state forecast,,Electrical equipment,,,number of singular values,True,False,True,False,False,True,3,2,task+case_study+input_type
1631,Remaining useful life estimation,,,,,"flow rate, fluid density, friction factor, pipe length, pressure drop, real-time sensor data, temperature gradient",True,False,False,False,False,True,2,1,task+input_type
1632,Fault identification,,,,,"FactsChannelDimension, FactsLocalInformation, FactsTrendInformation, operational status, sensor data",True,False,False,False,False,True,2,1,task+input_type
1633,Health assessment,,SMOTE dataset,,,"acidity, Breakdown Voltage, color, Degree of Polymerization, Dissipation Factor, dissolved gas analysis, Duval Pentagon, furan testing, humidity, Interfacial Tension, oil quality, Oil Quality",True,False,True,False,False,True,3,2,task+case_study+input_type
1634,Fault detection,,circuit breaker,,,"AC resistance, contact condition, electric field signal, current signal",True,False,True,False,False,True,3,2,task+case_study+input_type
1635,Fault detection,,gear,,,"Time series vibration data, time series vibration data",True,False,True,False,False,True,3,2,task+case_study+input_type
1636,Fault detection,,automotive production equipment,,,,True,False,True,False,False,False,2,1,task+case_study
1637,Remaining useful life estimation,,bearing in aerospace manufacturing,,,"frequency-domain features, handcrafted feature sequences, original vibration signal, statistical features, time-domain features",True,False,True,False,False,True,3,2,task+case_study+input_type
1638,Remaining useful life estimation,,MDPI,,,"Factsmtbf_1, spare part usage",True,False,True,False,False,True,3,2,task+case_study+input_type
1639,Fault detection,,gearbox,,,"FactsinputDataVariable, Output power, Output temperature, SCADA parameters, Wind speed",True,False,True,False,False,True,3,2,task+case_study+input_type
1640,Fault feature extraction,,intermediate speed bearing,,,"Ball Spin Frequency, current consumption, sampling frequency, FactsfluidPressure, Fundamental Train Frequency, weight of the load, sampling rate, vibration, thermography, shaft speed, tribology",True,False,True,False,False,True,3,2,task+case_study+input_type
1641,Fault feature extraction,,gear,,,"energy-based features, frequency components, vibration signals",True,False,True,False,False,True,3,2,task+case_study+input_type
1642,Fault detection,,HVAC system,,,,True,False,True,False,False,False,2,1,task+case_study
1643,Fault detection,,charging pile,,,"charging pile voltage, selection parameter",True,False,True,False,False,True,3,2,task+case_study+input_type
1644,Remaining useful life estimation,,bearing,,,"bearing degradation features, failure threshold, health index, kurtosis, root mean square (RMS), signal entropy, vibration signal, vibration signals",True,False,True,False,False,True,3,2,task+case_study+input_type
1645,Fault detection,,bearing,,,,True,False,True,False,False,False,2,1,task+case_study
1646,Fault identification,,G2-110,,,"Cylinder pressure balance signal, Displacement signal, Hydraulic brake pressure signal, Impact force signal, lubrication oil, Smoothed monitoring signal data, thermal expansion, three-phase currents, triaxial vibration signals, vibration",True,False,True,False,False,True,3,2,task+case_study+input_type
1647,Fault detection,,,,,prior performance data,True,False,False,False,False,True,2,1,task+input_type
1648,Fault detection,,OLTC,,,"OLTC vibration signals, complex time-series signals, Factsvibration_signal_variable_1",True,False,True,False,False,True,3,2,task+case_study+input_type
1649,Remaining useful life estimation,,Mechanical product,,,"Covariates, Diffusion parameter, Drift parameter, Detection data, Chemical property degradation, Random effects, Stress level",True,False,True,False,False,True,3,2,task+case_study+input_type
1650,Fault detection,,wind turbine,,,,True,False,True,False,False,False,2,1,task+case_study
1651,Remaining useful life estimation,,mechanical system,,,"acoustic emission signals, actual degradation trends, drum pressure, electric power, historical data observations, Pressure, sensor data, turbine pressure, water level position in the drum",True,False,True,False,False,True,3,2,task+case_study+input_type
1652,Fault detection,,ANN,,,"chemical exposure information, chemical treatments, technical manuals, seasonal production cycles, sensor telemetry, FactsvariableLengthMultimodalInput, compressor vibration data",True,False,True,False,False,True,3,2,task+case_study+input_type
1653,Fault detection,,engine,,,"common element of iron (Fe), oil contaminant elements, oil viscosity, spectral data, temperature, wear particle counting",True,False,True,False,False,True,3,2,task+case_study+input_type
1654,Fault detection,,,,,,True,False,False,False,False,False,1,0,task
1655,Remaining useful life estimation,,MHA,,,"battery capacity, intrinsic mode functions",True,False,True,False,False,True,3,2,task+case_study+input_type
1656,One step future state forecast,,Distribution network,,,"Distribution-network abnormal operation cumulative data, Gini index for each feature, Heatwave, Fault amount, Meteorological disaster, Storm",True,False,True,False,False,True,3,2,task+case_study+input_type
1657,Remaining useful life estimation,,Li-ion battery,,,"State of Charge, FactsstateOfPower",True,False,True,False,False,True,3,2,task+case_study+input_type
1658,Fault detection,,rotating equipment,,,"data point, Multivariate time series data, FactspressureVariable_5",True,False,True,False,False,True,3,2,task+case_study+input_type
1659,Remaining useful life estimation,,avionics system,,,"environmental scenarios, failure behavior, process uncertainty, sensor data, TTF",True,False,True,False,False,True,3,2,task+case_study+input_type
1660,Remaining useful life estimation,,,,,Unified maintenance data model,True,False,False,False,False,True,2,1,task+input_type
1661,Fault identification,,CNRS,,,,True,False,True,False,False,False,2,1,task+case_study
1662,Fault detection,,one-phase winding,,,"FactsaxialMagneticFluxSignal, generator current, moment measurement, multisensor-aware data, otoacoustic emission, temperature measurement, vibration measurement, FactsvibrationSignal_15",True,False,True,False,False,True,3,2,task+case_study+input_type
1663,Fault detection,,rotary machine,,,"load change, variable speed",True,False,True,False,False,True,3,2,task+case_study+input_type
1664,Remaining useful life estimation,,carbon steel,,,"eddy current signal, Complex-valued eddy current signals, Phase information",True,False,True,False,False,True,3,2,task+case_study+input_type
1665,Health assessment,,mobile robot,,,"robot pose, vibration cost map, Factsterrain_roughness_1",True,False,True,False,False,True,3,2,task+case_study+input_type
1666,Fault identification,,transformer,,,"CO2/CO ratio, dissolved gas analysis, interfacial tension",True,False,True,False,False,True,3,2,task+case_study+input_type
1667,Health assessment,,ventilation system,,,"air quality, humidity, power consumption, FactssensorDataVariable_2, temperature, vibration",True,False,True,False,False,True,3,2,task+case_study+input_type
1668,Fault detection,,airplane engine,,,Feature variable,True,False,True,False,False,True,3,2,task+case_study+input_type
1669,Fault identification,,axial flow pump,,,"fault features, frequency-domain features, frequency similarity matrix, time-domain signals",True,False,True,False,False,True,3,2,task+case_study+input_type
1670,Fault detection,,railway operational equipment,,,"acoustic emissions, historical failure records, real-time monitoring information, sensor data, temperature variations, vibration signals",True,False,True,False,False,True,3,2,task+case_study+input_type
1671,Fault detection,,planetary gearbox,,,"multivariate entropy, vibration signal",True,False,True,False,False,True,3,2,task+case_study+input_type
1672,Fault detection,,elevator,,,"lateral force acting on vehicle tires, lateral force variation (LFV), real-time vibration monitoring, FactsvibrationSignal_5",True,False,True,False,False,True,3,2,task+case_study+input_type
1673,Remaining useful life estimation,,defective oil and natural gas pipeline,,,"Input features, FactsvariableDefectDepth",True,False,True,False,False,True,3,2,task+case_study+input_type
1674,Fault detection,,tablet pressing machine,,,,True,False,True,False,False,False,2,1,task+case_study
1675,Health assessment,,battery,,,"available memory, battery degradation, transmission bandwidth",True,False,True,False,False,True,3,2,task+case_study+input_type
1676,Fault detection,,Factory machine,,,"Acoustic signal, Temperature signal, raw sensor input",True,False,True,False,False,True,3,2,task+case_study+input_type
1677,Fault feature extraction,,bearing,,,,True,False,True,False,False,False,2,1,task+case_study
1678,Fault detection,,engine,,,engine vibration signal,True,False,True,False,False,True,3,2,task+case_study+input_type
1679,Health assessment,,CNCMT,,,,True,False,True,False,False,False,2,1,task+case_study
1680,Fault detection,,air compressor,,,sensor information,True,False,True,False,False,True,3,2,task+case_study+input_type
1681,Remaining useful life estimation,,cutting tool,,,"batch size, cutting force data, cutting force, environmental vibrations, power signal, temperature, tool wear state, time-series data, vibration signal, workpiece materials",True,False,True,False,False,True,3,2,task+case_study+input_type
1682,Remaining useful life estimation,,battery B7,,,"aging-stage-based input features, capacity, current, health indicators, principal component analysis feature dimensionality reduction, resistance, temperature, voltage",True,False,True,False,False,True,3,2,task+case_study+input_type
1683,Health assessment,,asset condition,,,"degradation patterns, dissolved gas analysis, environmental factors, fault history, load, operational conditions, reliability indicators, temperature, usage intensity, usage patterns",True,False,True,False,False,True,3,2,task+case_study+input_type
1684,Fault detection,,PMSG,,,,True,False,True,False,False,False,2,1,task+case_study
1685,Fault detection,,electric motor,,,temperature,True,False,True,False,False,True,3,2,task+case_study+input_type
1686,Remaining useful life estimation,,,,,,True,False,False,False,False,False,1,0,task
1687,Fault detection,,three-phase synchronous motor,,,,True,False,True,False,False,False,2,1,task+case_study
1688,Health assessment,,engine oil,,,"conductance (G), impedance (|Z|), infrared spectroscopy data, measurement frequency, parallel equivalent capacitance (Cp), phase shift angle (Î¸), viscosity",True,False,True,False,False,True,3,2,task+case_study+input_type
1689,Health assessment,,ship structure,,,,True,False,True,False,False,False,2,1,task+case_study
1690,Fault detection,,,,,"sensor data, Factstemperature, vibration measurements",True,False,False,False,False,True,2,1,task+input_type
1691,Health assessment,,manufacturing equipment,,,,True,False,True,False,False,False,2,1,task+case_study
1692,One step future state forecast,,brass pins,,,"COF, surface roughness, wear depth",True,False,True,False,False,True,3,2,task+case_study+input_type
1693,Remaining useful life estimation,,bottleneck machine,,,,True,False,True,False,False,False,2,1,task+case_study
1694,One step future state forecast,,all-fiber microcavity pressure sensor,,,,True,False,True,False,False,False,2,1,task+case_study
1695,Fault detection,,Component X,,,"features extracted via sliding window and time-series processing, load",True,False,True,False,False,True,3,2,task+case_study+input_type
1696,Remaining useful life estimation,,aero-engine,,,Bearing vibration signals,True,False,True,False,False,True,3,2,task+case_study+input_type
1697,Fault detection,,Rolling element bearing,,,"addendum, backlash, multi-dimensional feature vector, Factsfrequency5120, internal radial clearance, kernel function parameters, Kolmogorov entropy, penalty factors, tooth profile modification, vibration signal",True,False,True,False,False,True,3,2,task+case_study+input_type
1698,Remaining useful life estimation,,lithium-ion battery,,,"battery current, predicted remaining capacity, time-domain features",True,False,True,False,False,True,3,2,task+case_study+input_type
1699,Remaining useful life estimation,,engine,,,"Learning rate, Number of graph convolution layers, Number of hidden units in each layer, Pressure sensor, Rotational speed sensor, Temperature sensor, C-MAPSS dataset",True,False,True,False,False,True,3,2,task+case_study+input_type
1700,Fault detection,,IGBT,,,,True,False,True,False,False,False,2,1,task+case_study
1701,Health assessment,,DC circuit breaker,,,"arc length, terminal current, terminal voltage, arc thermal resistance, voltage drops at the arc roots",True,False,True,False,False,True,3,2,task+case_study+input_type
1702,One step future state forecast,,gear transmission,,,"axial modification, deformations, friction torque, hardness, lubricated surface, normal force, oil acidity, wear intensity, wear volume",True,False,True,False,False,True,3,2,task+case_study+input_type
1703,Fault detection,,main bearing,,,"infrared thermographic temperature data, FactsthermographyFeatures",True,False,True,False,False,True,3,2,task+case_study+input_type
1704,Fault detection,,gear,,,"rotational angle measurement, FactsspeedData, transmission error",True,False,True,False,False,True,3,2,task+case_study+input_type
1705,Fault detection,,gas pipeline,,,"historical data, live sensor information, pressure, real-time monitoring through IoT integration",True,False,True,False,False,True,3,2,task+case_study+input_type
1706,Fault detection,,battery degradation system,,,"Coupling disturbance, Crack growth, Functional configuration, Health state, Latent coupling, Task load",True,False,True,False,False,True,3,2,task+case_study+input_type
1707,Remaining useful life estimation,,bearings,,,"biomarker levels, CD4-lymphocyte count, degradation signal, longitudinal measurement, operating state, prostate specific antigen level, time-to-event data",True,False,True,False,False,True,3,2,task+case_study+input_type
1708,Fault detection,,service-intensive building,,,"asset history and inventory specifications, BMS telemetry, damage index, environment indicators, reference evapotranspiration, flood depth, flow, inundation duration, maintenance and work-order logs, local meteorology, occupancy and usage proxies, pressure, remote sensing, salinity, service loss fraction, setpoint, slope stability factor of safety, temperature, Usage indicators, valve position",True,False,True,False,False,True,3,2,task+case_study+input_type
1709,Fault detection,,rolling element bearing,,,"FactsTransferableFeatures, time-domain signal, vibration signatures",True,False,True,False,False,True,3,2,task+case_study+input_type
1710,Fault detection,,rotating machinery,,,"estimation error, acquired vibration data",True,False,True,False,False,True,3,2,task+case_study+input_type
1711,Fault detection,,bucket elevator,,,"belt velocity, bucket size, feed input rate, kurtosis, bulk-cargo flow rate, characteristics of transported material",True,False,True,False,False,True,3,2,task+case_study+input_type
1712,Fault detection,,UAV engine,,,"aviation data, pressure measurement, robotic systems telemetries, sensor data, temperature measurement, vibration measurement",True,False,True,False,False,True,3,2,task+case_study+input_type
1713,Fault detection,,Francis turbine,,,,True,False,True,False,False,False,2,1,task+case_study
1714,Remaining useful life estimation,,,,,"bearing temperature of the electric motor, collected and labeled data, historical data, incoming real-time data, sensor data",True,False,False,False,False,True,2,1,task+input_type
1715,Fault detection,,rotor,,,thermal state,True,False,True,False,False,True,3,2,task+case_study+input_type
1716,Fault identification,,support structure of the boom of a bucket-wheel excavator,,,,True,False,True,False,False,False,2,1,task+case_study
1717,Fault detection,,equipment,,,,True,False,True,False,False,False,2,1,task+case_study
1718,Fault detection,,industrial assets,,,Operational data,True,False,True,False,False,True,3,2,task+case_study+input_type
1719,Health assessment,,Smart manufacturing system,,,historical and real-time sensor data,True,False,True,False,False,True,3,2,task+case_study+input_type
1720,Remaining useful life estimation,,bearing,,,"feature weights Pij, score matrix A, feature space, health indicator, prognostic metrics, FactsremainingUsefulLife_4, time-domain features, vibration signal, wavelet packet energy features",True,False,True,False,False,True,3,2,task+case_study+input_type
1721,Fault detection,,Electric power generation infrastructure,,,"operational life, aerial radiometric infrared thermography, thermal anomaly, floating-point temperature numerical values, warmer weather effects",True,False,True,False,False,True,3,2,task+case_study+input_type
1722,Remaining useful life estimation,,bearings,,,"few-shot data, variable operating conditions, interdomain transferable features",True,False,True,False,False,True,3,2,task+case_study+input_type
1723,Fault detection,,steel plate,,,,True,False,True,False,False,False,2,1,task+case_study
1724,Remaining useful life estimation,,blade section,,,"angular speed, base load, blade density, cooling effectiveness, creep factor, creep-LCF interactions, cyclic peaking factor, cyclic starting factor for aircraft type engines, LCF damage, gas temperature, low-cycle fatigue damage, number of starts, oxidation damage, severity factor, total operating hours, EOH estimation",True,False,True,False,False,True,3,2,task+case_study+input_type
1725,One step future state forecast,,machine,,,,True,False,True,False,False,False,2,1,task+case_study
1726,Health assessment,,cable,,,"Relaxation time, reference frequency",True,False,True,False,False,True,3,2,task+case_study+input_type
1727,Remaining useful life estimation,,electric vehicle application,,,"Batch size, heterogeneity of graphite anodes, Number of hidden neurons, Indirect Health Indicator",True,False,True,False,False,True,3,2,task+case_study+input_type
1728,Fault detection,,contact probe,,,"time-series data, FactsprobingOverdrive, FactssurfaceRoughness, Factstemperature",True,False,True,False,False,True,3,2,task+case_study+input_type
1729,Fault detection,,equipment,,,input variable,True,False,True,False,False,True,3,2,task+case_study+input_type
1730,Fault detection,,power transformer,,,"diagnostic marker, frequency bands, FRA response, FRA signature, frequency sweep, low voltage",True,False,True,False,False,True,3,2,task+case_study+input_type
1731,Fault identification,,induction motor,,,,True,False,True,False,False,False,2,1,task+case_study
1732,Remaining useful life estimation,,,,,"machine wear progression, real-time sensor data, sensor data",True,False,False,False,False,True,2,1,task+input_type
1733,Fault detection,,Acoustic sensor,,,"FactsacousticDataVariable, Audio bit depth, Audio channel format, Audio sampling rate, Captured audio stream, IP-based device identifier, Mel-spectrogram features, Mean squared error, Welch frequency features",True,False,True,False,False,True,3,2,task+case_study+input_type
1734,Fault detection,,industrial machinery,,,"historical data, temperature, pressure, real-time sensor data, vibration",True,False,True,False,False,True,3,2,task+case_study+input_type
1735,Fault identification,,bogie frame,,,"acceleration signals, load profile, measurement coordinate r, sensor measurements, structural vibrations, track inputs",True,False,True,False,False,True,3,2,task+case_study+input_type
1736,Fault detection,,gear,,,"SCADA data, generating power, residuals, rotation speed, temperature, wind turbine state, wind speed",True,False,True,False,False,True,3,2,task+case_study+input_type
1737,Fault detection,,centrifugal pump defects,,,"Normalized kurtosis, Normalized acceleration RMS, Normalized velocity amplitude at two times operational speed, vibration signals",True,False,True,False,False,True,3,2,task+case_study+input_type
1738,Remaining useful life estimation,,RE,,,"load measurement, relative position between the rolling element and the carriage",True,False,True,False,False,True,3,2,task+case_study+input_type
1739,Fault detection,,raceways,,,"geometric characteristics of the bearing, vibration analysis, vibration signal",True,False,True,False,False,True,3,2,task+case_study+input_type
1740,Health assessment,,DAE,,,"vibration signal, tool wear value",True,False,True,False,False,True,3,2,task+case_study+input_type
1741,Remaining useful life estimation,,compressor,,,state feature,True,False,True,False,False,True,3,2,task+case_study+input_type
1742,Fault detection,,PMSM,,,"MLP input variables, Temperature",True,False,True,False,False,True,3,2,task+case_study+input_type
1743,Remaining useful life estimation,,Complex system component,,,spare parts ordering time,True,False,True,False,False,True,3,2,task+case_study+input_type
1744,Fault detection,,machine,,,,True,False,True,False,False,False,2,1,task+case_study
1745,Fault detection,,CNC machine,,,vibration data,True,False,True,False,False,True,3,2,task+case_study+input_type
1746,Health assessment,,industrial assets,,,"diagnostic parameters, Failure indicators, Historical data, Real-time data",True,False,True,False,False,True,3,2,task+case_study+input_type
1747,Remaining useful life estimation,,LFP battery,,,safety,True,False,True,False,False,True,3,2,task+case_study+input_type
1748,Fault identification,,diesel propulsion engine,,,"Airflow, Pressure, brake power, Carbon dioxide emissions, cooling water temperature after the intercooler, distance traveled, RPM, Speed, fuel consumption, power, Fuel flow",True,False,True,False,False,True,3,2,task+case_study+input_type
1749,Remaining useful life estimation,,Industrial machinery,,,"Pressure, FactscolVibration, Vibration data collected from sensors",True,False,True,False,False,True,3,2,task+case_study+input_type
1750,Fault feature extraction,,AFC fan doors,,,"environmental factors, AFC fault data",True,False,True,False,False,True,3,2,task+case_study+input_type
1751,Remaining useful life estimation,,aircraft engine,,,,True,False,True,False,False,False,2,1,task+case_study
1752,Fault detection,,ST,,,process data from the robot,True,False,True,False,False,True,3,2,task+case_study+input_type
1753,Fault detection,,industrial machinery,,,"FactsinputVariableVibration, Key input variables",True,False,True,False,False,True,3,2,task+case_study+input_type
1754,Health assessment,,Cell1,,,"Future SOH values, HF1, State of health, input x, health feature",True,False,True,False,False,True,3,2,task+case_study+input_type
1755,Fault detection,,aeroengine,,,"environmental conditions, healthy target cases, operating conditions, performance degradations, unlabelled target data",True,False,True,False,False,True,3,2,task+case_study+input_type
1756,Remaining useful life estimation,,unmanned aerial vehicle,,,,True,False,True,False,False,False,2,1,task+case_study
1757,One step future state forecast,,Pump,,,,True,False,True,False,False,False,2,1,task+case_study
1758,One step future state forecast,,industrial asset,,,,True,False,True,False,False,False,2,1,task+case_study
1759,Fault detection,,gearbox,,,"FactsintegralEquationSolutionG, measured parameter, noise characteristics",True,False,True,False,False,True,3,2,task+case_study+input_type
1760,Remaining useful life estimation,,block,,,process data,True,False,True,False,False,True,3,2,task+case_study+input_type
1761,Remaining useful life estimation,,aero-engine,,,"equipment condition monitoring data, external environmental conditions, historical degradation information, internal materials, loading conditions, manufacturing processes, degradation amount, external factors, hidden parameters",True,False,True,False,False,True,3,2,task+case_study+input_type
1762,Remaining useful life estimation,,asset,,,"asset condition, degradation data, maintenance resources, operating environment, real-time data",True,False,True,False,False,True,3,2,task+case_study+input_type
1763,Remaining useful life estimation,,bearing,,,"power density, RMS Entropy Estimator (RMSEE) feature",True,False,True,False,False,True,3,2,task+case_study+input_type
1764,Fault detection,,two-stage axial gas turbine,,,"discharge pressure signal, flow rate, inlet temperature, outlet pressure, swashplate rotation angle, swashplate torque",True,False,True,False,False,True,3,2,task+case_study+input_type
1765,Fault detection,,IGBT,,,"DC output voltage, IGBT",True,False,True,False,False,True,3,2,task+case_study+input_type
1766,Health assessment,,distribution transformer,,,"current, fault conditions, temperature, voltage",True,False,True,False,False,True,3,2,task+case_study+input_type
1767,Fault detection,,robot,,,,True,False,True,False,False,False,2,1,task+case_study
1768,Fault identification,,AC motor benchmarks,,,"Current sensor, vibration, machine condition data",True,False,True,False,False,True,3,2,task+case_study+input_type
1769,Remaining useful life estimation,,Power machinery,,,"input data, time step",True,False,True,False,False,True,3,2,task+case_study+input_type
1770,Health assessment,,microgrid,,,"device signal, leakage current, statistical feature input",True,False,True,False,False,True,3,2,task+case_study+input_type
1771,Fault identification,,1D-CNN,,,"current, speed, time-frequency domain features, torque, vibration signals, voltage",True,False,True,False,False,True,3,2,task+case_study+input_type
1772,Fault detection,,machine,,,"failure-specific features, Labeled data",True,False,True,False,False,True,3,2,task+case_study+input_type
1773,Fault detection,,bias current,,,bias current,True,False,True,False,False,True,3,2,task+case_study+input_type
1774,Fault detection,,Twist drill,,,chip image data,True,False,True,False,False,True,3,2,task+case_study+input_type
1775,Fault identification,,bench grinder,,,"angular velocity, energy consumption, RPM, vibration",True,False,True,False,False,True,3,2,task+case_study+input_type
1776,Fault detection,,induction motor,,,vibration,True,False,True,False,False,True,3,2,task+case_study+input_type
1777,One step future state forecast,,equipment,,,operator,True,False,True,False,False,True,3,2,task+case_study+input_type
1778,Health assessment,,Industrial equipment,,,"Multi-sensory input data, vibration data",True,False,True,False,False,True,3,2,task+case_study+input_type
1779,Fault feature extraction,,drying presses in the paper industry,,,,True,False,True,False,False,False,2,1,task+case_study
1780,Health assessment,,ANN model,,,"acoustic signal, kurtosis, load, peak level, root mean square, speed, thermal data, unbalance",True,False,True,False,False,True,3,2,task+case_study+input_type
1781,One step future state forecast,,aluminum alloy,,,,True,False,True,False,False,False,2,1,task+case_study
1782,Fault feature extraction,,bridge,,,"axle box acceleration, bridge surface roughness, structural variations in railway wheels, temporal frequency variations, vehicle vibration responses, FactsverticalAccelerationData, vibration signal, wheel-rail normal force",True,False,True,False,False,True,3,2,task+case_study+input_type
1783,Fault feature extraction,,,,,"battery current, raw data, FactssohVariable, temperature, terminal voltage",True,False,False,False,False,True,2,1,task+input_type
1784,Remaining useful life estimation,,condenser,,,Input variables,True,False,True,False,False,True,3,2,task+case_study+input_type
1785,Fault detection,,six carbide inserts,,,"ARMA features, discrete wavelet transform features, breakage, sampling frequency, vibration signal",True,False,True,False,False,True,3,2,task+case_study+input_type
1786,Health assessment,,lithium battery,,,"battery capacity, capacity at time Qn, capacity regeneration, equal charging voltage-difference intervals, constant current charging time, discharge capacity, EIS, global degradation trend, State of Health, historical battery data, incremental capacity curve, internal resistance, local stochastic contribution, modal components with different frequency-domain features, operational SOH limit, remaining useful life in battery cycles",True,False,True,False,False,True,3,2,task+case_study+input_type
1787,Fault detection,,crankshaft,,,"journal, FactssoundPressureSignal",True,False,True,False,False,True,3,2,task+case_study+input_type
1788,Remaining useful life estimation,,bearing system,,,"initial wear, rapid failure progression, sensor signals, time-domain features",True,False,True,False,False,True,3,2,task+case_study+input_type
1789,Fault detection,,Contactor,,,"Active power, Active power P(t), analog signal, Digital signals IOi, Set of events, Set of states containing analog signals, Vibration signal",True,False,True,False,False,True,3,2,task+case_study+input_type
1790,Remaining useful life estimation,,battery,,,"calendar aging, capacity, battery capacity, charge and discharge cycles, computational efficiency, electrode porosity, end-of-life capacity, impedance, internal resistance, reaction kinetics, skewness, TCU, temperature, variance, voltage",True,False,True,False,False,True,3,2,task+case_study+input_type
1791,Remaining useful life estimation,,,,,Shin,True,False,False,False,False,True,2,1,task+input_type
1792,One step future state forecast,,electric vehicle,,,,True,False,True,False,False,False,2,1,task+case_study
1793,Fault detection,,rolling bearing,,,"CRRMS nonlinear health index, degradation data, random noise, sensor data",True,False,True,False,False,True,3,2,task+case_study+input_type
1794,Fault identification,,air conditioner compressor,,,"complexity, compressor operational state, compressor time series, entropy, ordinal patterns, transition probability matrix of ordinal patterns",True,False,True,False,False,True,3,2,task+case_study+input_type
1795,Fault detection,,battery,,,"Factsdowntime_1, FactsremainingUsefulLife_3",True,False,True,False,False,True,3,2,task+case_study+input_type
1796,Fault detection,,fluidic equipment,,,"signals captured during system performance, collected operational data, representative equipment data, signal drifts",True,False,True,False,False,True,3,2,task+case_study+input_type
1797,Fault detection,,Component A,,,"FactsbitErrorRate, Factsdp16qamConstellationData",True,False,True,False,False,True,3,2,task+case_study+input_type
1798,Fault detection,,lower limb exoskeleton rehabilitation robot,,,"environmental factors, irradiance, new data, streaming data, temperature",True,False,True,False,False,True,3,2,task+case_study+input_type
1799,Fault identification,,drivetrain,,,"engine temperature, fuel consumption, hydraulic pressure, mechanical load fluctuations, Sensor data, vibration levels",True,False,True,False,False,True,3,2,task+case_study+input_type
1800,Fault detection,,Coating system,,,,True,False,True,False,False,False,2,1,task+case_study
1801,Remaining useful life estimation,,Carbon-fiber reinforced polymer open-hole coupons,,,"Acoustic emission, C-scan impact-damage size, Digital image correlation, Electrical resistance, Electromechanical behavior, Health indicator, impact damage, Lamb waves, Stiffness degradation",True,False,True,False,False,True,3,2,task+case_study+input_type
1802,Fault detection,,casing collapse,,,"transient swab pressure in the A-annulus, well depth",True,False,True,False,False,True,3,2,task+case_study+input_type
1803,Fault detection,,CFRP coupon,,,"acoustic emission data, Damage state, representative frequency spectrum, Autoencoder latent-space representation, FactstemporalDamageEvolution",True,False,True,False,False,True,3,2,task+case_study+input_type
1804,One step future state forecast,,,,,,True,False,False,False,False,False,1,0,task
1805,Fault detection,,gearbox,,,,True,False,True,False,False,False,2,1,task+case_study
1806,Health assessment,,cage,,,,True,False,True,False,False,False,2,1,task+case_study
1807,Health assessment,,offshore wind turbine,,,,True,False,True,False,False,False,2,1,task+case_study
1808,Health assessment,,actuators,,,,True,False,True,False,False,False,2,1,task+case_study
1809,Remaining useful life estimation,,lithium-ion battery,,,Battery health features extracted during charging and discharging,True,False,True,False,False,True,3,2,task+case_study+input_type
1810,Fault detection,,medium-sized spherical roller bearing,,,,True,False,True,False,False,False,2,1,task+case_study
1811,Remaining useful life estimation,,filter medium,,,,True,False,True,False,False,False,2,1,task+case_study
1812,One step future state forecast,,crude oil pipeline,,,"buildup deposits, oil flow rate",True,False,True,False,False,True,3,2,task+case_study+input_type
1813,Remaining useful life estimation,,four-stage wind turbine gearbox,,,input torque,True,False,True,False,False,True,3,2,task+case_study+input_type
1814,Fault detection,,battery cell,,,,True,False,True,False,False,False,2,1,task+case_study
1815,Health assessment,,electric vehicle system,,,"component age, component health",True,False,True,False,False,True,3,2,task+case_study+input_type
1816,Fault detection,,floating offshore wind farm,,,,True,False,True,False,False,False,2,1,task+case_study
1817,One step future state forecast,,Floating Offshore Wind Turbine,,,,True,False,True,False,False,False,2,1,task+case_study
1818,One step future state forecast,,aging containership hull structure,,,,True,False,True,False,False,False,2,1,task+case_study
1819,One step future state forecast,,ABB IRB 4600,,,"displacement, heat, strain",True,False,True,False,False,True,3,2,task+case_study+input_type
1820,One step future state forecast,,,,,,True,False,False,False,False,False,1,0,task
1821,One step future state forecast,,,,,,True,False,False,False,False,False,1,0,task
