query_index,facts_file,raw_parse_expected_to_fail_due_rdfstar,rdfstar_reification_blocks_removed,triples_after_cleanup,invalid_typed_literals,opmad_canonical_uri_occurrences,opmad_seed_uri_occurrences
1,extraction_papers\ontocast_runs\run_100_20260611_194110\output\facts_007742b6c86c.ttl,True,196,211,0,0,42
2,extraction_papers\ontocast_runs\run_100_20260611_194110\output\facts_021ea55a70f1.ttl,True,159,174,1,0,46
3,extraction_papers\ontocast_runs\run_100_20260611_194110\output\facts_046ebc06c607.ttl,True,195,212,1,0,36
4,extraction_papers\ontocast_runs\run_100_20260611_194110\output\facts_051f27a6a164.ttl,True,153,168,0,0,83
5,extraction_papers\ontocast_runs\run_100_20260611_194110\output\facts_08d54e2673f7.ttl,True,81,96,1,0,43
6,extraction_papers\ontocast_runs\run_100_20260611_194110\output\facts_098cb9c7ac60.ttl,True,153,168,0,0,64
7,extraction_papers\ontocast_runs\run_100_20260611_194110\output\facts_0d538c41d5c9.ttl,True,114,130,0,0,52
8,extraction_papers\ontocast_runs\run_100_20260611_194110\output\facts_0e5bc1020e80.ttl,True,229,246,2,0,53
9,extraction_papers\ontocast_runs\run_100_20260611_194110\output\facts_1015dc489115.ttl,True,180,198,0,0,30
10,extraction_papers\ontocast_runs\run_100_20260611_194110\output\facts_13663772d3a7.ttl,True,138,154,0,0,56
11,extraction_papers\ontocast_runs\run_100_20260611_194110\output\facts_14cabde81b60.ttl,True,176,191,0,0,44
12,extraction_papers\ontocast_runs\run_100_20260611_194110\output\facts_1a71ce029db3.ttl,True,222,238,0,0,30
13,extraction_papers\ontocast_runs\run_100_20260611_194110\output\facts_1f647e26aadf.ttl,True,148,164,0,0,60
14,extraction_papers\ontocast_runs\run_100_20260611_194110\output\facts_22144ece04a0.ttl,True,174,191,0,0,68
15,extraction_papers\ontocast_runs\run_100_20260611_194110\output\facts_22483bb7fa86.ttl,True,159,175,0,0,87
16,extraction_papers\ontocast_runs\run_100_20260611_194110\output\facts_247755c3ba72.ttl,True,102,118,0,0,45
17,extraction_papers\ontocast_runs\run_100_20260611_194110\output\facts_29441e0fc052.ttl,True,145,161,0,0,94
18,extraction_papers\ontocast_runs\run_100_20260611_194110\output\facts_30b468dfe762.ttl,True,172,187,0,0,58
19,extraction_papers\ontocast_runs\run_100_20260611_194110\output\facts_32c353e565f9.ttl,True,160,175,0,0,0
20,extraction_papers\ontocast_runs\run_100_20260611_194110\output\facts_36823d5c6b0e.ttl,True,254,269,0,0,49
21,extraction_papers\ontocast_runs\run_100_20260611_194110\output\facts_369f47a9c5e1.ttl,True,183,199,0,0,60
22,extraction_papers\ontocast_runs\run_100_20260611_194110\output\facts_37204455217d.ttl,True,161,178,0,0,67
23,extraction_papers\ontocast_runs\run_100_20260611_194110\output\facts_374ab1994bf9.ttl,True,268,284,0,0,51
24,extraction_papers\ontocast_runs\run_100_20260611_194110\output\facts_3945d25e6654.ttl,True,112,128,0,0,51
25,extraction_papers\ontocast_runs\run_100_20260611_194110\output\facts_39a966494a3b.ttl,True,126,142,0,0,40
26,extraction_papers\ontocast_runs\run_100_20260611_194110\output\facts_3a301111e1fe.ttl,True,108,124,0,0,33
27,extraction_papers\ontocast_runs\run_100_20260611_194110\output\facts_40a36423982c.ttl,True,155,170,0,0,68
28,extraction_papers\ontocast_runs\run_100_20260611_194110\output\facts_4660ee2adb7e.ttl,True,226,241,0,0,77
29,extraction_papers\ontocast_runs\run_100_20260611_194110\output\facts_4abf47988e1b.ttl,True,142,157,0,0,22
30,extraction_papers\ontocast_runs\run_100_20260611_194110\output\facts_4b28dc65fe44.ttl,True,140,155,0,0,32
31,extraction_papers\ontocast_runs\run_100_20260611_194110\output\facts_4ef590c98f1b.ttl,True,193,208,0,0,74
32,extraction_papers\ontocast_runs\run_100_20260611_194110\output\facts_5250ed7e7ce4.ttl,True,167,182,0,0,57
33,extraction_papers\ontocast_runs\run_100_20260611_194110\output\facts_550b300f2513.ttl,True,225,240,0,0,0
34,extraction_papers\ontocast_runs\run_100_20260611_194110\output\facts_55a5963df187.ttl,True,135,150,0,0,49
35,extraction_papers\ontocast_runs\run_100_20260611_194110\output\facts_55e23d1ad9f5.ttl,True,147,162,0,0,73
36,extraction_papers\ontocast_runs\run_100_20260611_194110\output\facts_5d3461a99457.ttl,True,277,295,0,0,64
37,extraction_papers\ontocast_runs\run_100_20260611_194110\output\facts_5dec38f8cc66.ttl,True,153,168,0,0,72
38,extraction_papers\ontocast_runs\run_100_20260611_194110\output\facts_5f139e146360.ttl,True,286,301,0,0,0
39,extraction_papers\ontocast_runs\run_100_20260611_194110\output\facts_5f2bc68116b8.ttl,True,194,210,0,0,59
40,extraction_papers\ontocast_runs\run_100_20260611_194110\output\facts_623ac38deaa2.ttl,True,109,125,0,0,58
41,extraction_papers\ontocast_runs\run_100_20260611_194110\output\facts_6269de1ae371.ttl,True,156,172,0,0,46
42,extraction_papers\ontocast_runs\run_100_20260611_194110\output\facts_64dc30950f8c.ttl,True,130,145,0,0,47
43,extraction_papers\ontocast_runs\run_100_20260611_194110\output\facts_6e7c4f90a8d7.ttl,True,181,197,0,0,55
44,extraction_papers\ontocast_runs\run_100_20260611_194110\output\facts_73e4a95e45ca.ttl,True,183,198,0,0,39
45,extraction_papers\ontocast_runs\run_100_20260611_194110\output\facts_772695bf4051.ttl,True,185,200,0,0,64
46,extraction_papers\ontocast_runs\run_100_20260611_194110\output\facts_7893f607735e.ttl,True,177,192,0,16,50
47,extraction_papers\ontocast_runs\run_100_20260611_194110\output\facts_7e8b13361693.ttl,True,159,174,0,0,33
48,extraction_papers\ontocast_runs\run_100_20260611_194110\output\facts_7ecb8b8f68bb.ttl,True,187,204,0,0,62
49,extraction_papers\ontocast_runs\run_100_20260611_194110\output\facts_7f3c89f45832.ttl,True,121,136,0,0,62
50,extraction_papers\ontocast_runs\run_100_20260611_194110\output\facts_8068c91cfcfb.ttl,True,233,248,1,0,0
51,extraction_papers\ontocast_runs\run_100_20260611_194110\output\facts_8477986e81ed.ttl,True,167,182,0,0,57
52,extraction_papers\ontocast_runs\run_100_20260611_194110\output\facts_8a2e7a6c3819.ttl,True,311,326,0,0,103
53,extraction_papers\ontocast_runs\run_100_20260611_194110\output\facts_8bb32487bd90.ttl,True,332,347,6,0,0
54,extraction_papers\ontocast_runs\run_100_20260611_194110\output\facts_8c97841ffeb0.ttl,True,159,174,1,0,57
55,extraction_papers\ontocast_runs\run_100_20260611_194110\output\facts_8d2f5e129936.ttl,True,203,220,0,0,42
56,extraction_papers\ontocast_runs\run_100_20260611_194110\output\facts_8d8a5b72c774.ttl,True,172,189,1,0,45
57,extraction_papers\ontocast_runs\run_100_20260611_194110\output\facts_8ff4d31a1511.ttl,True,152,168,0,0,26
58,extraction_papers\ontocast_runs\run_100_20260611_194110\output\facts_93799b400c86.ttl,True,213,228,0,0,47
59,extraction_papers\ontocast_runs\run_100_20260611_194110\output\facts_9a39f3592864.ttl,True,107,122,0,0,52
60,extraction_papers\ontocast_runs\run_100_20260611_194110\output\facts_9b451b7f7ee0.ttl,True,125,140,0,0,46
61,extraction_papers\ontocast_runs\run_100_20260611_194110\output\facts_9b53e6caba2d.ttl,True,100,116,0,0,60
62,extraction_papers\ontocast_runs\run_100_20260611_194110\output\facts_a012354ab36b.ttl,True,127,143,0,0,60
63,extraction_papers\ontocast_runs\run_100_20260611_194110\output\facts_a258a3b603ad.ttl,True,180,198,0,0,59
64,extraction_papers\ontocast_runs\run_100_20260611_194110\output\facts_a933cf332592.ttl,True,132,146,0,0,46
65,extraction_papers\ontocast_runs\run_100_20260611_194110\output\facts_aca7906e2b63.ttl,True,132,149,0,0,56
66,extraction_papers\ontocast_runs\run_100_20260611_194110\output\facts_b594a9ee5cb2.ttl,True,276,291,0,0,0
67,extraction_papers\ontocast_runs\run_100_20260611_194110\output\facts_b60ff608bd4b.ttl,True,144,159,0,0,36
68,extraction_papers\ontocast_runs\run_100_20260611_194110\output\facts_ba25cb3a823e.ttl,True,199,218,0,0,21
69,extraction_papers\ontocast_runs\run_100_20260611_194110\output\facts_bac0845f495f.ttl,True,178,194,0,0,49
70,extraction_papers\ontocast_runs\run_100_20260611_194110\output\facts_be7e6c23b016.ttl,True,240,255,0,0,0
71,extraction_papers\ontocast_runs\run_100_20260611_194110\output\facts_c27ab4671a29.ttl,True,99,116,0,0,45
72,extraction_papers\ontocast_runs\run_100_20260611_194110\output\facts_c6db65a6433b.ttl,True,151,166,0,0,63
73,extraction_papers\ontocast_runs\run_100_20260611_194110\output\facts_c72bcc7ff5df.ttl,True,140,155,1,0,25
74,extraction_papers\ontocast_runs\run_100_20260611_194110\output\facts_c755cd0572dd.ttl,True,253,272,0,0,57
75,extraction_papers\ontocast_runs\run_100_20260611_194110\output\facts_c7f80acd8249.ttl,True,226,241,0,0,0
76,extraction_papers\ontocast_runs\run_100_20260611_194110\output\facts_c8939242503a.ttl,True,147,163,0,0,81
77,extraction_papers\ontocast_runs\run_100_20260611_194110\output\facts_cb41385fe115.ttl,True,230,245,0,0,56
78,extraction_papers\ontocast_runs\run_100_20260611_194110\output\facts_ccf62781b4c5.ttl,True,244,262,0,0,73
79,extraction_papers\ontocast_runs\run_100_20260611_194110\output\facts_cfc179a146da.ttl,True,186,201,0,0,43
80,extraction_papers\ontocast_runs\run_100_20260611_194110\output\facts_d8bff7381708.ttl,True,171,187,0,0,56
81,extraction_papers\ontocast_runs\run_100_20260611_194110\output\facts_db4c696f6545.ttl,True,207,224,0,0,60
82,extraction_papers\ontocast_runs\run_100_20260611_194110\output\facts_de5ca28afd63.ttl,True,148,163,0,0,43
83,extraction_papers\ontocast_runs\run_100_20260611_194110\output\facts_df8ade058f3c.ttl,True,190,208,0,0,56
84,extraction_papers\ontocast_runs\run_100_20260611_194110\output\facts_e339faccffb2.ttl,True,237,253,0,0,33
85,extraction_papers\ontocast_runs\run_100_20260611_194110\output\facts_e3fe4a88d35e.ttl,True,179,196,0,0,35
86,extraction_papers\ontocast_runs\run_100_20260611_194110\output\facts_e6e38ea99070.ttl,True,226,242,0,0,57
87,extraction_papers\ontocast_runs\run_100_20260611_194110\output\facts_e70725b3b5d6.ttl,True,211,226,0,0,51
88,extraction_papers\ontocast_runs\run_100_20260611_194110\output\facts_e86e97063e64.ttl,True,121,138,0,0,53
89,extraction_papers\ontocast_runs\run_100_20260611_194110\output\facts_ea20ed52a8e1.ttl,True,192,209,0,0,38
90,extraction_papers\ontocast_runs\run_100_20260611_194110\output\facts_ea68a5c8efe4.ttl,True,132,147,0,0,52
91,extraction_papers\ontocast_runs\run_100_20260611_194110\output\facts_eebe82604414.ttl,True,203,218,0,0,39
92,extraction_papers\ontocast_runs\run_100_20260611_194110\output\facts_eee19782a44b.ttl,True,144,159,0,0,58
93,extraction_papers\ontocast_runs\run_100_20260611_194110\output\facts_efdcb1f88fec.ttl,True,227,244,0,0,78
94,extraction_papers\ontocast_runs\run_100_20260611_194110\output\facts_f1592c013293.ttl,True,130,147,0,0,31
95,extraction_papers\ontocast_runs\run_100_20260611_194110\output\facts_f2edcbd552fb.ttl,True,148,163,0,0,63
96,extraction_papers\ontocast_runs\run_100_20260611_194110\output\facts_f47994220d2b.ttl,True,246,261,0,0,79
97,extraction_papers\ontocast_runs\run_100_20260611_194110\output\facts_fa4fa2d69a6d.ttl,True,166,184,0,0,54
98,extraction_papers\ontocast_runs\run_100_20260611_194110\output\facts_fa83aff3fe09.ttl,True,143,158,0,0,66
99,extraction_papers\ontocast_runs\run_100_20260611_194110\output\facts_fb9baedee0bb.ttl,True,179,195,0,0,49
100,extraction_papers\ontocast_runs\run_100_20260611_194110\output\facts_ff6a373cd570.ttl,True,167,183,0,0,85
101,extraction_papers\ontocast_runs\run_500_20260710_185042\output\facts_01ed610980f6.ttl,True,168,184,0,24,20
102,extraction_papers\ontocast_runs\run_500_20260710_185042\output\facts_0274d4e4b6b4.ttl,True,188,209,0,63,30
103,extraction_papers\ontocast_runs\run_500_20260710_185042\output\facts_02b1e1db1ebc.ttl,True,178,193,0,0,76
104,extraction_papers\ontocast_runs\run_500_20260710_185042\output\facts_02cb90b55b51.ttl,True,106,122,1,21,36
105,extraction_papers\ontocast_runs\run_500_20260710_185042\output\facts_02fa479982bb.ttl,True,134,149,0,0,69
106,extraction_papers\ontocast_runs\run_500_20260710_185042\output\facts_036cad9d17bd.ttl,True,225,240,0,1,37
107,extraction_papers\ontocast_runs\run_500_20260710_185042\output\facts_0427cffaf5f0.ttl,True,325,343,0,31,11
108,extraction_papers\ontocast_runs\run_500_20260710_185042\output\facts_0565684ca025.ttl,True,313,328,0,0,69
109,extraction_papers\ontocast_runs\run_500_20260710_185042\output\facts_0569999cb923.ttl,True,148,164,1,0,95
110,extraction_papers\ontocast_runs\run_500_20260710_185042\output\facts_0593a9919b79.ttl,True,130,145,0,0,48
111,extraction_papers\ontocast_runs\run_500_20260710_185042\output\facts_06390a092d7f.ttl,True,141,157,0,11,24
112,extraction_papers\ontocast_runs\run_500_20260710_185042\output\facts_06c8822b55d2.ttl,True,267,282,0,0,0
113,extraction_papers\ontocast_runs\run_500_20260710_185042\output\facts_0761d601b305.ttl,True,217,232,0,0,57
114,extraction_papers\ontocast_runs\run_500_20260710_185042\output\facts_08257ce5150f.ttl,True,233,249,0,0,61
115,extraction_papers\ontocast_runs\run_500_20260710_185042\output\facts_0c0922d4a23b.ttl,True,235,251,0,0,0
116,extraction_papers\ontocast_runs\run_500_20260710_185042\output\facts_0c556dd91c12.ttl,True,176,193,0,34,39
117,extraction_papers\ontocast_runs\run_500_20260710_185042\output\facts_0cf575569a46.ttl,True,208,222,0,0,46
118,extraction_papers\ontocast_runs\run_500_20260710_185042\output\facts_0d06342b9b75.ttl,True,147,162,0,0,105
119,extraction_papers\ontocast_runs\run_500_20260710_185042\output\facts_0e2936cf44a8.ttl,True,134,151,0,47,21
120,extraction_papers\ontocast_runs\run_500_20260710_185042\output\facts_0e472e57d26e.ttl,True,187,202,0,0,55
121,extraction_papers\ontocast_runs\run_500_20260710_185042\output\facts_0efdf6da33d6.ttl,True,130,145,0,0,45
122,extraction_papers\ontocast_runs\run_500_20260710_185042\output\facts_10262fb0fde1.ttl,True,179,194,0,26,20
123,extraction_papers\ontocast_runs\run_500_20260710_185042\output\facts_117847e3c530.ttl,True,221,236,0,0,89
124,extraction_papers\ontocast_runs\run_500_20260710_185042\output\facts_12e0db15847a.ttl,True,182,199,0,46,57
125,extraction_papers\ontocast_runs\run_500_20260710_185042\output\facts_12e4132d369b.ttl,True,130,145,0,0,53
126,extraction_papers\ontocast_runs\run_500_20260710_185042\output\facts_13a2395c2081.ttl,True,115,130,0,26,24
127,extraction_papers\ontocast_runs\run_500_20260710_185042\output\facts_13e24977c6b6.ttl,True,102,118,1,0,56
128,extraction_papers\ontocast_runs\run_500_20260710_185042\output\facts_1489f1caf7d4.ttl,True,217,232,0,0,71
129,extraction_papers\ontocast_runs\run_500_20260710_185042\output\facts_14d4842dceea.ttl,True,183,201,0,9,53
130,extraction_papers\ontocast_runs\run_500_20260710_185042\output\facts_150362587e21.ttl,True,209,225,0,53,54
131,extraction_papers\ontocast_runs\run_500_20260710_185042\output\facts_159a8af82084.ttl,True,187,202,0,0,71
132,extraction_papers\ontocast_runs\run_500_20260710_185042\output\facts_15d6e0f725e9.ttl,True,206,223,0,0,63
133,extraction_papers\ontocast_runs\run_500_20260710_185042\output\facts_16259bb8b181.ttl,True,175,192,0,23,59
134,extraction_papers\ontocast_runs\run_500_20260710_185042\output\facts_1649303d03f5.ttl,True,135,151,0,0,42
135,extraction_papers\ontocast_runs\run_500_20260710_185042\output\facts_164938fe194b.ttl,True,160,176,0,0,78
136,extraction_papers\ontocast_runs\run_500_20260710_185042\output\facts_171b435bdf9e.ttl,True,154,173,0,0,36
137,extraction_papers\ontocast_runs\run_500_20260710_185042\output\facts_173e989f42c4.ttl,True,148,163,0,0,70
138,extraction_papers\ontocast_runs\run_500_20260710_185042\output\facts_1762d3edd470.ttl,True,212,229,0,83,19
139,extraction_papers\ontocast_runs\run_500_20260710_185042\output\facts_17792a3e16ba.ttl,True,112,127,0,0,39
140,extraction_papers\ontocast_runs\run_500_20260710_185042\output\facts_17cd6a7ce0d1.ttl,True,175,192,0,0,73
141,extraction_papers\ontocast_runs\run_500_20260710_185042\output\facts_184d608e1f84.ttl,True,179,195,0,16,44
142,extraction_papers\ontocast_runs\run_500_20260710_185042\output\facts_1850d37fbad4.ttl,True,226,243,0,0,118
143,extraction_papers\ontocast_runs\run_500_20260710_185042\output\facts_18cf238441be.ttl,True,100,115,0,0,56
144,extraction_papers\ontocast_runs\run_500_20260710_185042\output\facts_1996f16e00b3.ttl,True,179,196,0,0,108
145,extraction_papers\ontocast_runs\run_500_20260710_185042\output\facts_1aa5b3e6f988.ttl,True,128,144,1,32,31
146,extraction_papers\ontocast_runs\run_500_20260710_185042\output\facts_1afce5a917c7.ttl,True,226,242,0,0,6
147,extraction_papers\ontocast_runs\run_500_20260710_185042\output\facts_1b8e16eda666.ttl,True,145,160,0,0,75
148,extraction_papers\ontocast_runs\run_500_20260710_185042\output\facts_1be481d41400.ttl,True,165,182,0,34,20
149,extraction_papers\ontocast_runs\run_500_20260710_185042\output\facts_1c251ba771a0.ttl,True,162,177,0,0,85
150,extraction_papers\ontocast_runs\run_500_20260710_185042\output\facts_1d38dce714eb.ttl,True,160,176,0,0,77
151,extraction_papers\ontocast_runs\run_500_20260710_185042\output\facts_1d50f4186005.ttl,True,207,225,0,34,77
152,extraction_papers\ontocast_runs\run_500_20260710_185042\output\facts_1de7d146cbcc.ttl,True,228,245,0,0,24
153,extraction_papers\ontocast_runs\run_500_20260710_185042\output\facts_1dfb91166b11.ttl,True,176,191,0,0,64
154,extraction_papers\ontocast_runs\run_500_20260710_185042\output\facts_1dfe564c9a8c.ttl,True,156,171,0,29,49
155,extraction_papers\ontocast_runs\run_500_20260710_185042\output\facts_1e325e1b6ca0.ttl,True,179,195,0,0,73
156,extraction_papers\ontocast_runs\run_500_20260710_185042\output\facts_1e54a6d33b60.ttl,True,131,147,0,0,79
157,extraction_papers\ontocast_runs\run_500_20260710_185042\output\facts_1e7646977023.ttl,True,106,122,0,0,26
158,extraction_papers\ontocast_runs\run_500_20260710_185042\output\facts_1ef6273f524a.ttl,True,143,158,1,20,20
159,extraction_papers\ontocast_runs\run_500_20260710_185042\output\facts_200b31896355.ttl,True,198,214,0,0,68
160,extraction_papers\ontocast_runs\run_500_20260710_185042\output\facts_207c2f61486e.ttl,True,152,169,0,40,9
161,extraction_papers\ontocast_runs\run_500_20260710_185042\output\facts_2087e3707b95.ttl,True,118,134,0,0,48
162,extraction_papers\ontocast_runs\run_500_20260710_185042\output\facts_2090c159abe1.ttl,True,153,168,0,3,17
163,extraction_papers\ontocast_runs\run_500_20260710_185042\output\facts_20954c1af19d.ttl,True,150,165,0,0,44
164,extraction_papers\ontocast_runs\run_500_20260710_185042\output\facts_209acc5bf5ca.ttl,True,152,168,0,0,57
165,extraction_papers\ontocast_runs\run_500_20260710_185042\output\facts_2188ec61f052.ttl,True,214,228,0,0,62
166,extraction_papers\ontocast_runs\run_500_20260710_185042\output\facts_21b5422495b4.ttl,True,196,211,0,0,47
167,extraction_papers\ontocast_runs\run_500_20260710_185042\output\facts_21bd9d788c78.ttl,True,153,169,0,0,43
168,extraction_papers\ontocast_runs\run_500_20260710_185042\output\facts_21f5994b1922.ttl,True,155,170,0,0,71
169,extraction_papers\ontocast_runs\run_500_20260710_185042\output\facts_22617f0051a2.ttl,True,86,101,0,0,0
170,extraction_papers\ontocast_runs\run_500_20260710_185042\output\facts_2313ca9c6aa6.ttl,True,212,227,0,2,53
171,extraction_papers\ontocast_runs\run_500_20260710_185042\output\facts_23354065a3d2.ttl,True,143,159,0,8,44
172,extraction_papers\ontocast_runs\run_500_20260710_185042\output\facts_24a3a2cce978.ttl,True,160,176,0,0,42
173,extraction_papers\ontocast_runs\run_500_20260710_185042\output\facts_24b4f118581d.ttl,True,239,255,0,0,41
174,extraction_papers\ontocast_runs\run_500_20260710_185042\output\facts_24ff1d69286e.ttl,True,166,182,0,0,60
175,extraction_papers\ontocast_runs\run_500_20260710_185042\output\facts_258e3e8931aa.ttl,True,161,176,0,0,77
176,extraction_papers\ontocast_runs\run_500_20260710_185042\output\facts_25ab5d9cebe4.ttl,True,137,152,0,0,44
177,extraction_papers\ontocast_runs\run_500_20260710_185042\output\facts_2676d75af134.ttl,True,199,214,0,20,36
178,extraction_papers\ontocast_runs\run_500_20260710_185042\output\facts_274a592d6e6a.ttl,True,121,137,0,0,76
179,extraction_papers\ontocast_runs\run_500_20260710_185042\output\facts_27ad2a70e827.ttl,True,182,197,0,0,42
180,extraction_papers\ontocast_runs\run_500_20260710_185042\output\facts_27df4a5e3a93.ttl,True,135,151,0,0,34
181,extraction_papers\ontocast_runs\run_500_20260710_185042\output\facts_282a78718eb1.ttl,True,206,221,0,0,48
182,extraction_papers\ontocast_runs\run_500_20260710_185042\output\facts_2881f791711d.ttl,True,190,206,0,0,68
183,extraction_papers\ontocast_runs\run_500_20260710_185042\output\facts_2904db2538a7.ttl,True,179,194,0,0,73
184,extraction_papers\ontocast_runs\run_500_20260710_185042\output\facts_29117213505d.ttl,True,214,229,0,0,103
185,extraction_papers\ontocast_runs\run_500_20260710_185042\output\facts_29f76b527a2b.ttl,True,179,197,0,0,77
186,extraction_papers\ontocast_runs\run_500_20260710_185042\output\facts_2b6e75ab029f.ttl,True,103,119,0,5,21
187,extraction_papers\ontocast_runs\run_500_20260710_185042\output\facts_2c4885be8796.ttl,True,71,87,0,11,16
188,extraction_papers\ontocast_runs\run_500_20260710_185042\output\facts_2cbf6784d2e3.ttl,True,163,181,0,26,21
189,extraction_papers\ontocast_runs\run_500_20260710_185042\output\facts_2cfb118e9d92.ttl,True,152,166,0,0,64
190,extraction_papers\ontocast_runs\run_500_20260710_185042\output\facts_2d91c598af4f.ttl,True,159,176,0,40,18
191,extraction_papers\ontocast_runs\run_500_20260710_185042\output\facts_2db1655d31a6.ttl,True,119,135,0,0,68
192,extraction_papers\ontocast_runs\run_500_20260710_185042\output\facts_2f1204323191.ttl,True,224,239,0,0,53
193,extraction_papers\ontocast_runs\run_500_20260710_185042\output\facts_30228a3c2349.ttl,True,179,194,0,0,51
194,extraction_papers\ontocast_runs\run_500_20260710_185042\output\facts_30ddca7feb40.ttl,True,164,179,0,0,66
195,extraction_papers\ontocast_runs\run_500_20260710_185042\output\facts_3252fa8ca6bb.ttl,True,152,169,0,0,58
196,extraction_papers\ontocast_runs\run_500_20260710_185042\output\facts_344967ac8b3f.ttl,True,172,188,0,0,12
197,extraction_papers\ontocast_runs\run_500_20260710_185042\output\facts_34747f2051b2.ttl,True,101,116,0,0,50
198,extraction_papers\ontocast_runs\run_500_20260710_185042\output\facts_3586d03d85ef.ttl,True,176,191,0,0,45
199,extraction_papers\ontocast_runs\run_500_20260710_185042\output\facts_359c9220d540.ttl,True,160,175,0,0,76
200,extraction_papers\ontocast_runs\run_500_20260710_185042\output\facts_35ed82347e21.ttl,True,163,178,0,28,22
201,extraction_papers\ontocast_runs\run_500_20260710_185042\output\facts_35eebb7b7afe.ttl,True,147,164,0,0,89
202,extraction_papers\ontocast_runs\run_500_20260710_185042\output\facts_3646b6f83eec.ttl,True,214,230,0,45,27
203,extraction_papers\ontocast_runs\run_500_20260710_185042\output\facts_369aa98c1873.ttl,True,158,173,0,0,53
204,extraction_papers\ontocast_runs\run_500_20260710_185042\output\facts_379d2a018523.ttl,True,220,238,0,0,100
205,extraction_papers\ontocast_runs\run_500_20260710_185042\output\facts_3802ef04d008.ttl,True,156,176,0,32,50
206,extraction_papers\ontocast_runs\run_500_20260710_185042\output\facts_3816e4cb701a.ttl,True,204,219,0,31,22
207,extraction_papers\ontocast_runs\run_500_20260710_185042\output\facts_38b8482122f9.ttl,True,169,185,0,58,34
208,extraction_papers\ontocast_runs\run_500_20260710_185042\output\facts_38f7a98014e5.ttl,True,301,316,0,0,101
209,extraction_papers\ontocast_runs\run_500_20260710_185042\output\facts_391d81ab140b.ttl,True,238,255,0,0,103
210,extraction_papers\ontocast_runs\run_500_20260710_185042\output\facts_395330d7af73.ttl,True,204,219,0,0,46
211,extraction_papers\ontocast_runs\run_500_20260710_185042\output\facts_3979e8861110.ttl,True,236,252,0,49,5
212,extraction_papers\ontocast_runs\run_500_20260710_185042\output\facts_3a29bbf81979.ttl,True,153,169,0,0,59
213,extraction_papers\ontocast_runs\run_500_20260710_185042\output\facts_3ab6eeca2c90.ttl,True,144,161,0,24,5
214,extraction_papers\ontocast_runs\run_500_20260710_185042\output\facts_3b389bcd8ccd.ttl,True,153,168,0,11,44
215,extraction_papers\ontocast_runs\run_500_20260710_185042\output\facts_3b442c32918c.ttl,True,202,218,0,48,11
216,extraction_papers\ontocast_runs\run_500_20260710_185042\output\facts_3bcaccb87e71.ttl,True,188,202,1,28,6
217,extraction_papers\ontocast_runs\run_500_20260710_185042\output\facts_3c088e509323.ttl,True,163,178,0,0,50
218,extraction_papers\ontocast_runs\run_500_20260710_185042\output\facts_3c5b1b15be09.ttl,True,187,203,0,0,24
219,extraction_papers\ontocast_runs\run_500_20260710_185042\output\facts_3c9ad7411517.ttl,True,8,23,0,0,1
220,extraction_papers\ontocast_runs\run_500_20260710_185042\output\facts_3cb79521fe2c.ttl,True,141,157,0,0,75
221,extraction_papers\ontocast_runs\run_500_20260710_185042\output\facts_3ccee18dcf6a.ttl,True,303,318,0,0,67
222,extraction_papers\ontocast_runs\run_500_20260710_185042\output\facts_3d5d8a11e245.ttl,True,108,123,0,28,35
223,extraction_papers\ontocast_runs\run_500_20260710_185042\output\facts_3db8aab0b0b7.ttl,True,152,167,0,0,42
224,extraction_papers\ontocast_runs\run_500_20260710_185042\output\facts_3db8faecfca0.ttl,True,134,149,0,0,67
225,extraction_papers\ontocast_runs\run_500_20260710_185042\output\facts_3e0ce37a59da.ttl,True,139,154,0,0,45
226,extraction_papers\ontocast_runs\run_500_20260710_185042\output\facts_3e441c612946.ttl,True,242,257,0,0,64
227,extraction_papers\ontocast_runs\run_500_20260710_185042\output\facts_3ee28dd4f49f.ttl,True,271,286,0,0,0
228,extraction_papers\ontocast_runs\run_500_20260710_185042\output\facts_3ef3a4cd7be0.ttl,True,157,174,0,31,26
229,extraction_papers\ontocast_runs\run_500_20260710_185042\output\facts_400bbf651a24.ttl,True,254,270,0,0,40
230,extraction_papers\ontocast_runs\run_500_20260710_185042\output\facts_4157d44cf5d5.ttl,True,199,214,0,30,47
231,extraction_papers\ontocast_runs\run_500_20260710_185042\output\facts_4170e8a6f8ef.ttl,True,141,156,0,0,82
232,extraction_papers\ontocast_runs\run_500_20260710_185042\output\facts_419106279d06.ttl,True,134,149,0,0,51
233,extraction_papers\ontocast_runs\run_500_20260710_185042\output\facts_4242b18c0aaa.ttl,True,175,190,0,0,87
234,extraction_papers\ontocast_runs\run_500_20260710_185042\output\facts_426e03dc1501.ttl,True,149,164,0,16,35
235,extraction_papers\ontocast_runs\run_500_20260710_185042\output\facts_427b95a7296e.ttl,True,140,155,0,0,65
236,extraction_papers\ontocast_runs\run_500_20260710_185042\output\facts_4296efeaf057.ttl,True,254,268,0,0,27
237,extraction_papers\ontocast_runs\run_500_20260710_185042\output\facts_4354e4134545.ttl,True,181,195,0,52,23
238,extraction_papers\ontocast_runs\run_500_20260710_185042\output\facts_438feb0c3a8b.ttl,True,239,256,0,93,16
239,extraction_papers\ontocast_runs\run_500_20260710_185042\output\facts_4489dd6b61c6.ttl,True,224,240,0,23,41
240,extraction_papers\ontocast_runs\run_500_20260710_185042\output\facts_44aad467543c.ttl,True,140,156,0,0,45
241,extraction_papers\ontocast_runs\run_500_20260710_185042\output\facts_4500579a6de3.ttl,True,167,184,0,0,87
242,extraction_papers\ontocast_runs\run_500_20260710_185042\output\facts_4501d16e33bc.ttl,True,129,144,0,0,70
243,extraction_papers\ontocast_runs\run_500_20260710_185042\output\facts_45a51c036a9d.ttl,True,202,218,0,0,65
244,extraction_papers\ontocast_runs\run_500_20260710_185042\output\facts_469c26cc7d24.ttl,True,148,165,0,0,67
245,extraction_papers\ontocast_runs\run_500_20260710_185042\output\facts_46c71e5bf327.ttl,True,121,132,0,0,46
246,extraction_papers\ontocast_runs\run_500_20260710_185042\output\facts_46edd8d69258.ttl,True,139,154,0,14,19
247,extraction_papers\ontocast_runs\run_500_20260710_185042\output\facts_47a1cd33622c.ttl,True,228,243,0,0,56
248,extraction_papers\ontocast_runs\run_500_20260710_185042\output\facts_47acb7bbbb9d.ttl,True,148,165,0,0,71
249,extraction_papers\ontocast_runs\run_500_20260710_185042\output\facts_48359801c85a.ttl,True,167,182,0,0,75
250,extraction_papers\ontocast_runs\run_500_20260710_185042\output\facts_48cad2c1bc0b.ttl,True,177,193,0,0,77
251,extraction_papers\ontocast_runs\run_500_20260710_185042\output\facts_49e805f7c461.ttl,True,147,163,0,30,38
252,extraction_papers\ontocast_runs\run_500_20260710_185042\output\facts_4a2c4d4e2396.ttl,True,232,247,0,0,0
253,extraction_papers\ontocast_runs\run_500_20260710_185042\output\facts_4a304c34b75e.ttl,True,180,195,0,23,81
254,extraction_papers\ontocast_runs\run_500_20260710_185042\output\facts_4a516f879096.ttl,True,195,211,0,0,42
255,extraction_papers\ontocast_runs\run_500_20260710_185042\output\facts_4aaf385d813e.ttl,True,166,182,0,3,21
256,extraction_papers\ontocast_runs\run_500_20260710_185042\output\facts_4b85cdf3b014.ttl,True,162,176,0,0,53
257,extraction_papers\ontocast_runs\run_500_20260710_185042\output\facts_4c2b5277dd6e.ttl,True,128,143,0,0,67
258,extraction_papers\ontocast_runs\run_500_20260710_185042\output\facts_4cfe55c1f5ef.ttl,True,125,140,0,0,92
259,extraction_papers\ontocast_runs\run_500_20260710_185042\output\facts_4d434709444d.ttl,True,137,153,0,39,10
260,extraction_papers\ontocast_runs\run_500_20260710_185042\output\facts_4d6301d8044f.ttl,True,219,235,0,0,52
261,extraction_papers\ontocast_runs\run_500_20260710_185042\output\facts_4e1d1324fb3b.ttl,True,120,135,0,0,63
262,extraction_papers\ontocast_runs\run_500_20260710_185042\output\facts_4e43c6ee7872.ttl,True,133,148,0,0,70
263,extraction_papers\ontocast_runs\run_500_20260710_185042\output\facts_4f1461718e7c.ttl,True,120,137,1,6,33
264,extraction_papers\ontocast_runs\run_500_20260710_185042\output\facts_4fcf2df0b3c7.ttl,True,155,172,0,74,42
265,extraction_papers\ontocast_runs\run_500_20260710_185042\output\facts_5143bfea6398.ttl,True,204,219,0,0,58
266,extraction_papers\ontocast_runs\run_500_20260710_185042\output\facts_515756e1aadd.ttl,True,76,92,0,21,13
267,extraction_papers\ontocast_runs\run_500_20260710_185042\output\facts_51ae31472afe.ttl,True,153,168,0,0,125
268,extraction_papers\ontocast_runs\run_500_20260710_185042\output\facts_524e1be52051.ttl,True,147,163,0,0,105
269,extraction_papers\ontocast_runs\run_500_20260710_185042\output\facts_53766d82fa06.ttl,True,154,169,0,0,45
270,extraction_papers\ontocast_runs\run_500_20260710_185042\output\facts_541c334faec8.ttl,True,132,147,0,0,82
271,extraction_papers\ontocast_runs\run_500_20260710_185042\output\facts_5507b191edcf.ttl,True,162,177,0,20,14
272,extraction_papers\ontocast_runs\run_500_20260710_185042\output\facts_5675c51df0ec.ttl,True,116,131,0,0,40
273,extraction_papers\ontocast_runs\run_500_20260710_185042\output\facts_56c24a4b2483.ttl,True,169,184,0,0,55
274,extraction_papers\ontocast_runs\run_500_20260710_185042\output\facts_570d0ba4227e.ttl,True,164,180,0,12,26
275,extraction_papers\ontocast_runs\run_500_20260710_185042\output\facts_584634b5a6ab.ttl,True,127,142,0,31,2
276,extraction_papers\ontocast_runs\run_500_20260710_185042\output\facts_5916ba4e485a.ttl,True,112,127,0,0,53
277,extraction_papers\ontocast_runs\run_500_20260710_185042\output\facts_59f6521f639b.ttl,True,155,171,0,0,73
278,extraction_papers\ontocast_runs\run_500_20260710_185042\output\facts_5b17d29e1395.ttl,True,196,212,0,0,85
279,extraction_papers\ontocast_runs\run_500_20260710_185042\output\facts_5b1cc3467d7a.ttl,True,199,214,0,0,70
280,extraction_papers\ontocast_runs\run_500_20260710_185042\output\facts_5bd2afb8af30.ttl,True,204,221,0,74,5
281,extraction_papers\ontocast_runs\run_500_20260710_185042\output\facts_5bd770bbba76.ttl,True,184,200,0,0,80
282,extraction_papers\ontocast_runs\run_500_20260710_185042\output\facts_5ca74d3ffe1e.ttl,True,182,199,0,0,98
283,extraction_papers\ontocast_runs\run_500_20260710_185042\output\facts_5d06cd53f72d.ttl,True,202,217,0,0,103
284,extraction_papers\ontocast_runs\run_500_20260710_185042\output\facts_5d3a0c7776f1.ttl,True,150,165,0,0,52
285,extraction_papers\ontocast_runs\run_500_20260710_185042\output\facts_5df129db58e0.ttl,True,113,128,0,0,33
286,extraction_papers\ontocast_runs\run_500_20260710_185042\output\facts_5ed3ebaec3da.ttl,True,178,193,3,0,69
287,extraction_papers\ontocast_runs\run_500_20260710_185042\output\facts_5eeeb5d8e008.ttl,True,199,218,0,74,21
288,extraction_papers\ontocast_runs\run_500_20260710_185042\output\facts_6009f13f692f.ttl,True,217,233,0,0,71
289,extraction_papers\ontocast_runs\run_500_20260710_185042\output\facts_605829bc47be.ttl,True,117,133,0,34,30
290,extraction_papers\ontocast_runs\run_500_20260710_185042\output\facts_61f079413f04.ttl,True,173,189,0,33,69
291,extraction_papers\ontocast_runs\run_500_20260710_185042\output\facts_6284342b1ba8.ttl,True,210,225,0,0,25
292,extraction_papers\ontocast_runs\run_500_20260710_185042\output\facts_62dab09d68cc.ttl,True,159,175,0,0,43
293,extraction_papers\ontocast_runs\run_500_20260710_185042\output\facts_631b04194d08.ttl,True,188,204,0,12,51
294,extraction_papers\ontocast_runs\run_500_20260710_185042\output\facts_637e0c3b555e.ttl,True,380,395,1,0,0
295,extraction_papers\ontocast_runs\run_500_20260710_185042\output\facts_64c976727af8.ttl,True,99,115,0,25,27
296,extraction_papers\ontocast_runs\run_500_20260710_185042\output\facts_65e8eae47311.ttl,True,163,181,0,28,33
297,extraction_papers\ontocast_runs\run_500_20260710_185042\output\facts_66514e3809a3.ttl,True,136,151,0,0,84
298,extraction_papers\ontocast_runs\run_500_20260710_185042\output\facts_6684c2f36c0b.ttl,True,153,168,0,0,44
299,extraction_papers\ontocast_runs\run_500_20260710_185042\output\facts_66a60553def5.ttl,True,225,240,0,0,27
300,extraction_papers\ontocast_runs\run_500_20260710_185042\output\facts_66cb6db76cd9.ttl,True,159,175,0,0,51
301,extraction_papers\ontocast_runs\run_500_20260710_185042\output\facts_673cbff3d812.ttl,True,192,207,0,0,125
302,extraction_papers\ontocast_runs\run_500_20260710_185042\output\facts_695231da8662.ttl,True,228,243,1,0,46
303,extraction_papers\ontocast_runs\run_500_20260710_185042\output\facts_69b1c98201d5.ttl,True,172,187,0,11,25
304,extraction_papers\ontocast_runs\run_500_20260710_185042\output\facts_6a48c55aef0b.ttl,True,153,168,0,26,9
305,extraction_papers\ontocast_runs\run_500_20260710_185042\output\facts_6a4a212ffbc9.ttl,True,224,240,1,4,61
306,extraction_papers\ontocast_runs\run_500_20260710_185042\output\facts_6aa0b4e055d0.ttl,True,193,210,0,0,27
307,extraction_papers\ontocast_runs\run_500_20260710_185042\output\facts_6ae388cde46e.ttl,True,66,81,0,0,52
308,extraction_papers\ontocast_runs\run_500_20260710_185042\output\facts_6ae9f9262bd0.ttl,True,268,283,1,0,0
309,extraction_papers\ontocast_runs\run_500_20260710_185042\output\facts_6b1c61beca3a.ttl,True,108,124,0,0,64
310,extraction_papers\ontocast_runs\run_500_20260710_185042\output\facts_6b21f594fbb8.ttl,True,153,167,0,0,73
311,extraction_papers\ontocast_runs\run_500_20260710_185042\output\facts_6ce70958b289.ttl,True,200,216,0,3,70
312,extraction_papers\ontocast_runs\run_500_20260710_185042\output\facts_6d107013e4f7.ttl,True,165,180,0,0,57
313,extraction_papers\ontocast_runs\run_500_20260710_185042\output\facts_6dcf7fafc720.ttl,True,114,130,0,18,45
314,extraction_papers\ontocast_runs\run_500_20260710_185042\output\facts_6dd218ab4d5b.ttl,True,210,226,0,0,88
315,extraction_papers\ontocast_runs\run_500_20260710_185042\output\facts_6e6418007fcd.ttl,True,171,187,0,0,116
316,extraction_papers\ontocast_runs\run_500_20260710_185042\output\facts_6f785837148f.ttl,True,192,207,0,0,53
317,extraction_papers\ontocast_runs\run_500_20260710_185042\output\facts_6fbfec565444.ttl,True,106,123,0,0,30
318,extraction_papers\ontocast_runs\run_500_20260710_185042\output\facts_7013b2f1bdc2.ttl,True,153,168,0,0,52
319,extraction_papers\ontocast_runs\run_500_20260710_185042\output\facts_7055937a9b67.ttl,True,172,188,0,0,34
320,extraction_papers\ontocast_runs\run_500_20260710_185042\output\facts_70f53c87c69c.ttl,True,182,197,0,0,44
321,extraction_papers\ontocast_runs\run_500_20260710_185042\output\facts_714558e87c38.ttl,True,146,162,0,0,41
322,extraction_papers\ontocast_runs\run_500_20260710_185042\output\facts_71c28b6582e1.ttl,True,151,166,0,0,82
323,extraction_papers\ontocast_runs\run_500_20260710_185042\output\facts_71fa2076b97e.ttl,True,183,200,0,0,38
324,extraction_papers\ontocast_runs\run_500_20260710_185042\output\facts_721084846ae4.ttl,True,141,158,0,48,60
325,extraction_papers\ontocast_runs\run_500_20260710_185042\output\facts_7292d3ea6ac3.ttl,True,116,131,0,6,37
326,extraction_papers\ontocast_runs\run_500_20260710_185042\output\facts_733454952f0f.ttl,True,184,199,0,0,43
327,extraction_papers\ontocast_runs\run_500_20260710_185042\output\facts_74b3bb0b5533.ttl,True,152,169,0,0,42
328,extraction_papers\ontocast_runs\run_500_20260710_185042\output\facts_74edf159492a.ttl,True,165,180,0,0,69
329,extraction_papers\ontocast_runs\run_500_20260710_185042\output\facts_74f5576c5a23.ttl,True,145,160,0,0,59
330,extraction_papers\ontocast_runs\run_500_20260710_185042\output\facts_750c337900f0.ttl,True,155,172,0,68,26
331,extraction_papers\ontocast_runs\run_500_20260710_185042\output\facts_76220d9772af.ttl,True,128,143,0,0,25
332,extraction_papers\ontocast_runs\run_500_20260710_185042\output\facts_7659e72df266.ttl,True,257,272,0,0,38
333,extraction_papers\ontocast_runs\run_500_20260710_185042\output\facts_767449fe7ac9.ttl,True,132,147,0,30,32
334,extraction_papers\ontocast_runs\run_500_20260710_185042\output\facts_76e792d7d5cf.ttl,True,198,215,0,56,12
335,extraction_papers\ontocast_runs\run_500_20260710_185042\output\facts_7702c17c1722.ttl,True,127,142,0,0,54
336,extraction_papers\ontocast_runs\run_500_20260710_185042\output\facts_77d4216c88ff.ttl,True,133,149,0,20,23
337,extraction_papers\ontocast_runs\run_500_20260710_185042\output\facts_78176b462e77.ttl,True,163,180,0,22,36
338,extraction_papers\ontocast_runs\run_500_20260710_185042\output\facts_78291a971a19.ttl,True,123,138,0,0,43
339,extraction_papers\ontocast_runs\run_500_20260710_185042\output\facts_785cce318ec7.ttl,True,110,127,0,34,3
340,extraction_papers\ontocast_runs\run_500_20260710_185042\output\facts_785cde2f910d.ttl,True,181,196,0,0,52
341,extraction_papers\ontocast_runs\run_500_20260710_185042\output\facts_788697cf9291.ttl,True,149,167,0,56,21
342,extraction_papers\ontocast_runs\run_500_20260710_185042\output\facts_789b744f30d5.ttl,True,125,140,0,0,59
343,extraction_papers\ontocast_runs\run_500_20260710_185042\output\facts_78b720ca0af2.ttl,True,155,170,0,0,101
344,extraction_papers\ontocast_runs\run_500_20260710_185042\output\facts_78bbe354e88e.ttl,True,195,210,0,0,73
345,extraction_papers\ontocast_runs\run_500_20260710_185042\output\facts_7927f1f673b8.ttl,True,106,122,0,0,53
346,extraction_papers\ontocast_runs\run_500_20260710_185042\output\facts_7a165376264a.ttl,True,121,137,0,45,43
347,extraction_papers\ontocast_runs\run_500_20260710_185042\output\facts_7a3780152090.ttl,True,186,201,0,0,37
348,extraction_papers\ontocast_runs\run_500_20260710_185042\output\facts_7a6f8131a906.ttl,True,224,237,0,0,80
349,extraction_papers\ontocast_runs\run_500_20260710_185042\output\facts_7abbed652c1a.ttl,True,233,251,0,64,23
350,extraction_papers\ontocast_runs\run_500_20260710_185042\output\facts_7ac990669414.ttl,True,147,162,0,0,43
351,extraction_papers\ontocast_runs\run_500_20260710_185042\output\facts_7aca4ae45d7c.ttl,True,227,243,0,0,27
352,extraction_papers\ontocast_runs\run_500_20260710_185042\output\facts_7aeb85c6cf0b.ttl,True,290,306,0,1,48
353,extraction_papers\ontocast_runs\run_500_20260710_185042\output\facts_7b7d5c4dd1ba.ttl,True,145,161,0,0,68
354,extraction_papers\ontocast_runs\run_500_20260710_185042\output\facts_7b9bdbef320f.ttl,True,168,185,0,0,55
355,extraction_papers\ontocast_runs\run_500_20260710_185042\output\facts_7ce8147528a3.ttl,True,143,161,0,66,26
356,extraction_papers\ontocast_runs\run_500_20260710_185042\output\facts_7d0c9939df48.ttl,True,160,176,0,0,60
357,extraction_papers\ontocast_runs\run_500_20260710_185042\output\facts_7d5a793ede3b.ttl,True,139,154,0,0,72
358,extraction_papers\ontocast_runs\run_500_20260710_185042\output\facts_7da6df745dc5.ttl,True,165,181,0,0,41
359,extraction_papers\ontocast_runs\run_500_20260710_185042\output\facts_7e88c7bdae86.ttl,True,171,187,0,0,73
360,extraction_papers\ontocast_runs\run_500_20260710_185042\output\facts_804c201052fc.ttl,True,163,179,0,0,54
361,extraction_papers\ontocast_runs\run_500_20260710_185042\output\facts_805197904a75.ttl,True,114,130,0,31,7
362,extraction_papers\ontocast_runs\run_500_20260710_185042\output\facts_8055849c5344.ttl,True,168,183,0,0,68
363,extraction_papers\ontocast_runs\run_500_20260710_185042\output\facts_810133fe1e2a.ttl,True,169,185,0,38,48
364,extraction_papers\ontocast_runs\run_500_20260710_185042\output\facts_81284a6fcbce.ttl,True,193,211,0,0,66
365,extraction_papers\ontocast_runs\run_500_20260710_185042\output\facts_81e786de9dfb.ttl,True,205,220,0,0,64
366,extraction_papers\ontocast_runs\run_500_20260710_185042\output\facts_82116398e609.ttl,True,274,289,0,0,70
367,extraction_papers\ontocast_runs\run_500_20260710_185042\output\facts_825647eb95f3.ttl,True,218,233,0,0,63
368,extraction_papers\ontocast_runs\run_500_20260710_185042\output\facts_8329bdcb4b52.ttl,True,142,157,0,0,52
369,extraction_papers\ontocast_runs\run_500_20260710_185042\output\facts_834e768e64ba.ttl,True,248,264,0,23,36
370,extraction_papers\ontocast_runs\run_500_20260710_185042\output\facts_83891a4bc9b1.ttl,True,160,177,0,50,29
371,extraction_papers\ontocast_runs\run_500_20260710_185042\output\facts_83d39a85d59f.ttl,True,104,119,0,0,56
372,extraction_papers\ontocast_runs\run_500_20260710_185042\output\facts_8462dbdc4a6a.ttl,True,140,156,0,14,27
373,extraction_papers\ontocast_runs\run_500_20260710_185042\output\facts_862f28575276.ttl,True,180,197,0,32,19
374,extraction_papers\ontocast_runs\run_500_20260710_185042\output\facts_869d03cdd61f.ttl,True,209,226,0,62,28
375,extraction_papers\ontocast_runs\run_500_20260710_185042\output\facts_872943c34037.ttl,True,158,174,0,20,14
376,extraction_papers\ontocast_runs\run_500_20260710_185042\output\facts_889b80e1b70b.ttl,True,224,239,0,0,50
377,extraction_papers\ontocast_runs\run_500_20260710_185042\output\facts_88c087b3e43b.ttl,True,145,160,0,0,37
378,extraction_papers\ontocast_runs\run_500_20260710_185042\output\facts_88eda2ec8dcf.ttl,True,245,260,0,0,0
379,extraction_papers\ontocast_runs\run_500_20260710_185042\output\facts_891b3ea550a0.ttl,True,123,140,0,0,28
380,extraction_papers\ontocast_runs\run_500_20260710_185042\output\facts_8a00dc329d3c.ttl,True,126,140,0,13,43
381,extraction_papers\ontocast_runs\run_500_20260710_185042\output\facts_8a0548fc5770.ttl,True,136,156,0,41,20
382,extraction_papers\ontocast_runs\run_500_20260710_185042\output\facts_8a336d5d2d6d.ttl,True,129,146,0,29,55
383,extraction_papers\ontocast_runs\run_500_20260710_185042\output\facts_8be8523cfa78.ttl,True,175,190,0,0,0
384,extraction_papers\ontocast_runs\run_500_20260710_185042\output\facts_8bf2b83a7f38.ttl,True,101,116,0,0,55
385,extraction_papers\ontocast_runs\run_500_20260710_185042\output\facts_8c4034ec538a.ttl,True,190,207,0,59,55
386,extraction_papers\ontocast_runs\run_500_20260710_185042\output\facts_8cc33107cf16.ttl,True,172,187,0,0,82
387,extraction_papers\ontocast_runs\run_500_20260710_185042\output\facts_8dea69c5326e.ttl,True,186,202,0,0,83
388,extraction_papers\ontocast_runs\run_500_20260710_185042\output\facts_8eca85666146.ttl,True,127,141,0,0,74
389,extraction_papers\ontocast_runs\run_500_20260710_185042\output\facts_8ee267586a8c.ttl,True,167,183,0,0,45
390,extraction_papers\ontocast_runs\run_500_20260710_185042\output\facts_8f6fbb01e775.ttl,True,586,601,0,0,66
391,extraction_papers\ontocast_runs\run_500_20260710_185042\output\facts_8f7fd7a3e3e9.ttl,True,137,152,0,0,72
392,extraction_papers\ontocast_runs\run_500_20260710_185042\output\facts_8fbade113462.ttl,True,136,152,0,0,21
393,extraction_papers\ontocast_runs\run_500_20260710_185042\output\facts_900a40a30ff4.ttl,True,173,191,0,0,24
394,extraction_papers\ontocast_runs\run_500_20260710_185042\output\facts_901c2b998e10.ttl,True,130,145,0,0,66
395,extraction_papers\ontocast_runs\run_500_20260710_185042\output\facts_9111fec121ac.ttl,True,145,161,0,4,15
396,extraction_papers\ontocast_runs\run_500_20260710_185042\output\facts_921333765975.ttl,True,177,193,0,0,52
397,extraction_papers\ontocast_runs\run_500_20260710_185042\output\facts_94e52b02a340.ttl,True,158,175,0,36,24
398,extraction_papers\ontocast_runs\run_500_20260710_185042\output\facts_9533e9913740.ttl,True,192,207,0,0,60
399,extraction_papers\ontocast_runs\run_500_20260710_185042\output\facts_957375f200f0.ttl,True,218,234,3,0,39
400,extraction_papers\ontocast_runs\run_500_20260710_185042\output\facts_957c792b7d1a.ttl,True,196,211,0,42,16
401,extraction_papers\ontocast_runs\run_500_20260710_185042\output\facts_95ae1663305e.ttl,True,179,194,0,0,77
402,extraction_papers\ontocast_runs\run_500_20260710_185042\output\facts_96c5ae04feb8.ttl,True,121,136,0,0,55
403,extraction_papers\ontocast_runs\run_500_20260710_185042\output\facts_96eb29ba0f72.ttl,True,131,146,0,15,28
404,extraction_papers\ontocast_runs\run_500_20260710_185042\output\facts_96ec88c731fe.ttl,True,202,218,0,7,36
405,extraction_papers\ontocast_runs\run_500_20260710_185042\output\facts_972d28f8e6e8.ttl,True,133,148,0,38,19
406,extraction_papers\ontocast_runs\run_500_20260710_185042\output\facts_98242ea4f088.ttl,True,108,124,0,3,17
407,extraction_papers\ontocast_runs\run_500_20260710_185042\output\facts_992561995723.ttl,True,192,207,0,0,53
408,extraction_papers\ontocast_runs\run_500_20260710_185042\output\facts_99607645a252.ttl,True,192,208,0,0,72
409,extraction_papers\ontocast_runs\run_500_20260710_185042\output\facts_99725d34ccdd.ttl,True,181,196,0,0,0
410,extraction_papers\ontocast_runs\run_500_20260710_185042\output\facts_9a0cec89e3dc.ttl,True,172,188,0,0,79
411,extraction_papers\ontocast_runs\run_500_20260710_185042\output\facts_9a0d6f9a550c.ttl,True,159,176,0,74,35
412,extraction_papers\ontocast_runs\run_500_20260710_185042\output\facts_9a1b552552d6.ttl,True,97,114,0,41,14
413,extraction_papers\ontocast_runs\run_500_20260710_185042\output\facts_9ae8c7096b85.ttl,True,226,243,0,0,52
414,extraction_papers\ontocast_runs\run_500_20260710_185042\output\facts_9af920d91e9b.ttl,True,227,244,0,45,22
415,extraction_papers\ontocast_runs\run_500_20260710_185042\output\facts_9b159fe947f5.ttl,True,121,137,0,0,89
416,extraction_papers\ontocast_runs\run_500_20260710_185042\output\facts_9bc3da5e3b19.ttl,True,165,180,0,0,55
417,extraction_papers\ontocast_runs\run_500_20260710_185042\output\facts_9d3bfd1463ad.ttl,True,182,197,0,0,39
418,extraction_papers\ontocast_runs\run_500_20260710_185042\output\facts_9de0eb8c8c85.ttl,True,240,258,0,11,42
419,extraction_papers\ontocast_runs\run_500_20260710_185042\output\facts_9e371980cf3e.ttl,True,182,198,0,38,25
420,extraction_papers\ontocast_runs\run_500_20260710_185042\output\facts_9e39f8703bdd.ttl,True,113,128,0,0,62
421,extraction_papers\ontocast_runs\run_500_20260710_185042\output\facts_9f9f96a7d773.ttl,True,152,168,0,23,21
422,extraction_papers\ontocast_runs\run_500_20260710_185042\output\facts_a05fcbe5829e.ttl,True,191,207,0,0,46
423,extraction_papers\ontocast_runs\run_500_20260710_185042\output\facts_a184b5b27a7f.ttl,True,173,188,0,0,81
424,extraction_papers\ontocast_runs\run_500_20260710_185042\output\facts_a184e7607698.ttl,True,144,160,0,0,37
425,extraction_papers\ontocast_runs\run_500_20260710_185042\output\facts_a18757173021.ttl,True,165,180,0,0,56
426,extraction_papers\ontocast_runs\run_500_20260710_185042\output\facts_a312d6898c34.ttl,True,97,112,0,0,17
427,extraction_papers\ontocast_runs\run_500_20260710_185042\output\facts_a3194078c97a.ttl,True,99,114,0,0,21
428,extraction_papers\ontocast_runs\run_500_20260710_185042\output\facts_a3f4f12b8e17.ttl,True,181,196,0,0,57
429,extraction_papers\ontocast_runs\run_500_20260710_185042\output\facts_a4a8eec7e361.ttl,True,127,144,0,0,58
430,extraction_papers\ontocast_runs\run_500_20260710_185042\output\facts_a508bfac9c11.ttl,True,167,182,0,0,28
431,extraction_papers\ontocast_runs\run_500_20260710_185042\output\facts_a62f445003bb.ttl,True,218,234,0,0,95
432,extraction_papers\ontocast_runs\run_500_20260710_185042\output\facts_a6d1d2f03a02.ttl,True,148,163,0,0,74
433,extraction_papers\ontocast_runs\run_500_20260710_185042\output\facts_a73e3cdb54b6.ttl,True,187,203,0,0,47
434,extraction_papers\ontocast_runs\run_500_20260710_185042\output\facts_a81ff79a11ef.ttl,True,192,207,0,0,73
435,extraction_papers\ontocast_runs\run_500_20260710_185042\output\facts_a82b03fbcab2.ttl,True,161,176,1,0,39
436,extraction_papers\ontocast_runs\run_500_20260710_185042\output\facts_a8ee4914c258.ttl,True,160,179,0,42,2
437,extraction_papers\ontocast_runs\run_500_20260710_185042\output\facts_a9a96f2d7a18.ttl,True,167,183,0,0,38
438,extraction_papers\ontocast_runs\run_500_20260710_185042\output\facts_ababe52429c3.ttl,True,146,163,0,13,9
439,extraction_papers\ontocast_runs\run_500_20260710_185042\output\facts_ac94a4053e5f.ttl,True,178,195,0,0,70
440,extraction_papers\ontocast_runs\run_500_20260710_185042\output\facts_adcf48f74d04.ttl,True,150,167,0,41,34
441,extraction_papers\ontocast_runs\run_500_20260710_185042\output\facts_ae5cd89a88dd.ttl,True,163,178,0,0,83
442,extraction_papers\ontocast_runs\run_500_20260710_185042\output\facts_aefd7037fa6c.ttl,True,311,326,0,0,0
443,extraction_papers\ontocast_runs\run_500_20260710_185042\output\facts_af0d930fa5cb.ttl,True,149,164,0,0,69
444,extraction_papers\ontocast_runs\run_500_20260710_185042\output\facts_afa13d08ad1f.ttl,True,153,169,0,0,54
445,extraction_papers\ontocast_runs\run_500_20260710_185042\output\facts_afc5c3c0d8bf.ttl,True,114,129,1,7,76
446,extraction_papers\ontocast_runs\run_500_20260710_185042\output\facts_b024720ad691.ttl,True,147,165,0,27,29
447,extraction_papers\ontocast_runs\run_500_20260710_185042\output\facts_b069352153b8.ttl,True,138,154,0,0,84
448,extraction_papers\ontocast_runs\run_500_20260710_185042\output\facts_b1a4fd9a1f86.ttl,True,164,179,0,0,45
449,extraction_papers\ontocast_runs\run_500_20260710_185042\output\facts_b1ca20e0faf4.ttl,True,124,139,0,0,23
450,extraction_papers\ontocast_runs\run_500_20260710_185042\output\facts_b21b67fc8e43.ttl,True,197,212,0,0,109
451,extraction_papers\ontocast_runs\run_500_20260710_185042\output\facts_b2646d73a753.ttl,True,193,209,0,33,46
452,extraction_papers\ontocast_runs\run_500_20260710_185042\output\facts_b32befcf6727.ttl,True,113,128,2,0,58
453,extraction_papers\ontocast_runs\run_500_20260710_185042\output\facts_b468c3c4b64a.ttl,True,138,153,0,0,61
454,extraction_papers\ontocast_runs\run_500_20260710_185042\output\facts_b47b20ea7c9c.ttl,True,128,143,0,0,47
455,extraction_papers\ontocast_runs\run_500_20260710_185042\output\facts_b4901083c4ab.ttl,True,161,176,0,7,46
456,extraction_papers\ontocast_runs\run_500_20260710_185042\output\facts_b5253f7fedd3.ttl,True,132,147,0,0,53
457,extraction_papers\ontocast_runs\run_500_20260710_185042\output\facts_b52ac2844669.ttl,True,141,156,0,0,69
458,extraction_papers\ontocast_runs\run_500_20260710_185042\output\facts_b5382a2b8fb8.ttl,True,247,263,0,15,21
459,extraction_papers\ontocast_runs\run_500_20260710_185042\output\facts_b620da22ab4a.ttl,True,125,140,0,0,59
460,extraction_papers\ontocast_runs\run_500_20260710_185042\output\facts_b63697539c38.ttl,True,128,143,0,0,72
461,extraction_papers\ontocast_runs\run_500_20260710_185042\output\facts_b655ceff2211.ttl,True,138,152,0,26,24
462,extraction_papers\ontocast_runs\run_500_20260710_185042\output\facts_b6cf69d1677f.ttl,True,126,141,0,0,64
463,extraction_papers\ontocast_runs\run_500_20260710_185042\output\facts_b846be1d3f07.ttl,True,224,239,0,12,54
464,extraction_papers\ontocast_runs\run_500_20260710_185042\output\facts_b8c5ed28b19d.ttl,True,208,223,0,0,70
465,extraction_papers\ontocast_runs\run_500_20260710_185042\output\facts_b9d7c30d5141.ttl,True,124,141,0,47,23
466,extraction_papers\ontocast_runs\run_500_20260710_185042\output\facts_bb4a9d52e9cc.ttl,True,139,155,0,0,66
467,extraction_papers\ontocast_runs\run_500_20260710_185042\output\facts_bb4b255b87cd.ttl,True,249,265,0,26,14
468,extraction_papers\ontocast_runs\run_500_20260710_185042\output\facts_bbe415e66758.ttl,True,206,221,0,0,75
469,extraction_papers\ontocast_runs\run_500_20260710_185042\output\facts_bc3efa6e971c.ttl,True,182,200,0,0,48
470,extraction_papers\ontocast_runs\run_500_20260710_185042\output\facts_be51d3a57b91.ttl,True,98,113,0,0,38
471,extraction_papers\ontocast_runs\run_500_20260710_185042\output\facts_c02073b390a1.ttl,True,167,186,0,38,12
472,extraction_papers\ontocast_runs\run_500_20260710_185042\output\facts_c0d21534f79d.ttl,True,174,190,0,0,30
473,extraction_papers\ontocast_runs\run_500_20260710_185042\output\facts_c39995eec18e.ttl,True,128,143,0,0,50
474,extraction_papers\ontocast_runs\run_500_20260710_185042\output\facts_c4d0c91f5145.ttl,True,239,256,0,0,53
475,extraction_papers\ontocast_runs\run_500_20260710_185042\output\facts_c55bd7821f8d.ttl,True,168,186,0,42,0
476,extraction_papers\ontocast_runs\run_500_20260710_185042\output\facts_c5900afb9e1d.ttl,True,185,201,0,45,39
477,extraction_papers\ontocast_runs\run_500_20260710_185042\output\facts_c5ad36209254.ttl,True,137,152,0,0,41
478,extraction_papers\ontocast_runs\run_500_20260710_185042\output\facts_c5d630726e73.ttl,True,121,138,0,26,56
479,extraction_papers\ontocast_runs\run_500_20260710_185042\output\facts_c660cac33b68.ttl,True,135,151,0,0,55
480,extraction_papers\ontocast_runs\run_500_20260710_185042\output\facts_c7063fbd963c.ttl,True,149,165,0,22,31
481,extraction_papers\ontocast_runs\run_500_20260710_185042\output\facts_c79730cbafdd.ttl,True,256,271,0,27,68
482,extraction_papers\ontocast_runs\run_500_20260710_185042\output\facts_c7bd55c45a5a.ttl,True,220,235,0,0,58
483,extraction_papers\ontocast_runs\run_500_20260710_185042\output\facts_c7c0f83a7b28.ttl,True,168,183,0,7,45
484,extraction_papers\ontocast_runs\run_500_20260710_185042\output\facts_c8a1ceca6e88.ttl,True,152,168,0,0,67
485,extraction_papers\ontocast_runs\run_500_20260710_185042\output\facts_c8ee86acce09.ttl,True,129,143,0,14,23
486,extraction_papers\ontocast_runs\run_500_20260710_185042\output\facts_c9c45d670871.ttl,True,209,225,0,0,41
487,extraction_papers\ontocast_runs\run_500_20260710_185042\output\facts_c9e70ae07243.ttl,True,143,158,0,0,71
488,extraction_papers\ontocast_runs\run_500_20260710_185042\output\facts_c9f0c65295d5.ttl,True,302,317,0,0,89
489,extraction_papers\ontocast_runs\run_500_20260710_185042\output\facts_ca0301374e51.ttl,True,128,143,0,0,75
490,extraction_papers\ontocast_runs\run_500_20260710_185042\output\facts_cd65a5e76a5a.ttl,True,113,128,0,5,8
491,extraction_papers\ontocast_runs\run_500_20260710_185042\output\facts_cd699842b395.ttl,True,176,191,0,21,15
492,extraction_papers\ontocast_runs\run_500_20260710_185042\output\facts_cdc37f9078a2.ttl,True,152,169,0,42,34
493,extraction_papers\ontocast_runs\run_500_20260710_185042\output\facts_cde5a3fb156d.ttl,True,200,217,0,64,6
494,extraction_papers\ontocast_runs\run_500_20260710_185042\output\facts_ce3b3e6b23cd.ttl,True,165,182,0,63,3
495,extraction_papers\ontocast_runs\run_500_20260710_185042\output\facts_ce8987bda78c.ttl,True,283,300,0,91,15
496,extraction_papers\ontocast_runs\run_500_20260710_185042\output\facts_cedb51cf5ade.ttl,True,142,159,0,50,36
497,extraction_papers\ontocast_runs\run_500_20260710_185042\output\facts_cf590247685f.ttl,True,119,136,0,14,44
498,extraction_papers\ontocast_runs\run_500_20260710_185042\output\facts_cf6e72680499.ttl,True,351,364,0,50,59
499,extraction_papers\ontocast_runs\run_500_20260710_185042\output\facts_cff6cc30ff52.ttl,True,141,156,0,0,43
500,extraction_papers\ontocast_runs\run_500_20260710_185042\output\facts_d007baaf4931.ttl,True,165,182,0,0,42
501,extraction_papers\ontocast_runs\run_500_20260710_185042\output\facts_d0fbf5e6b909.ttl,True,181,196,0,0,52
502,extraction_papers\ontocast_runs\run_500_20260710_185042\output\facts_d17d87c3a3eb.ttl,True,160,176,0,0,66
503,extraction_papers\ontocast_runs\run_500_20260710_185042\output\facts_d1cdcadecd98.ttl,True,131,146,0,7,15
504,extraction_papers\ontocast_runs\run_500_20260710_185042\output\facts_d223bbaa9246.ttl,True,170,186,1,0,59
505,extraction_papers\ontocast_runs\run_500_20260710_185042\output\facts_d2bdc8b855bd.ttl,True,117,132,0,0,44
506,extraction_papers\ontocast_runs\run_500_20260710_185042\output\facts_d329fce35511.ttl,True,172,188,0,13,21
507,extraction_papers\ontocast_runs\run_500_20260710_185042\output\facts_d35b7b7541e8.ttl,True,85,100,0,2,27
508,extraction_papers\ontocast_runs\run_500_20260710_185042\output\facts_d418cd39b9d0.ttl,True,131,148,0,22,16
509,extraction_papers\ontocast_runs\run_500_20260710_185042\output\facts_d47e94f453f3.ttl,True,161,176,0,0,57
510,extraction_papers\ontocast_runs\run_500_20260710_185042\output\facts_d493073360b8.ttl,True,118,133,2,0,59
511,extraction_papers\ontocast_runs\run_500_20260710_185042\output\facts_d4b1cbe7a461.ttl,True,214,230,0,33,25
512,extraction_papers\ontocast_runs\run_500_20260710_185042\output\facts_d523cf136b65.ttl,True,229,245,0,0,39
513,extraction_papers\ontocast_runs\run_500_20260710_185042\output\facts_d5aab2dd8b3c.ttl,True,160,174,0,0,65
514,extraction_papers\ontocast_runs\run_500_20260710_185042\output\facts_d65633e07130.ttl,True,216,234,0,0,80
515,extraction_papers\ontocast_runs\run_500_20260710_185042\output\facts_d6a09466de9a.ttl,True,196,212,0,0,54
516,extraction_papers\ontocast_runs\run_500_20260710_185042\output\facts_d715d990032f.ttl,True,219,235,0,44,20
517,extraction_papers\ontocast_runs\run_500_20260710_185042\output\facts_d89aaaea83f7.ttl,True,227,244,0,0,68
518,extraction_papers\ontocast_runs\run_500_20260710_185042\output\facts_d97b8789711a.ttl,True,174,189,0,0,50
519,extraction_papers\ontocast_runs\run_500_20260710_185042\output\facts_da6f95eecb0b.ttl,True,163,178,0,0,38
520,extraction_papers\ontocast_runs\run_500_20260710_185042\output\facts_dac4dd71236c.ttl,True,164,179,0,18,39
521,extraction_papers\ontocast_runs\run_500_20260710_185042\output\facts_db4017381234.ttl,True,181,197,0,0,85
522,extraction_papers\ontocast_runs\run_500_20260710_185042\output\facts_db4c36817c48.ttl,True,93,108,0,0,65
523,extraction_papers\ontocast_runs\run_500_20260710_185042\output\facts_dbd86d76e868.ttl,True,174,191,0,0,67
524,extraction_papers\ontocast_runs\run_500_20260710_185042\output\facts_dbf84cdbb960.ttl,True,146,158,0,0,78
525,extraction_papers\ontocast_runs\run_500_20260710_185042\output\facts_dca2f34b6176.ttl,True,200,216,0,0,13
526,extraction_papers\ontocast_runs\run_500_20260710_185042\output\facts_dd27fb45ad12.ttl,True,164,180,1,27,45
527,extraction_papers\ontocast_runs\run_500_20260710_185042\output\facts_dd3e1f396fa8.ttl,True,108,123,0,0,42
528,extraction_papers\ontocast_runs\run_500_20260710_185042\output\facts_dd98d08b8f00.ttl,True,195,210,0,0,79
529,extraction_papers\ontocast_runs\run_500_20260710_185042\output\facts_e1be51b0c534.ttl,True,148,163,0,0,52
530,extraction_papers\ontocast_runs\run_500_20260710_185042\output\facts_e1f936cbb7c2.ttl,True,157,172,0,0,72
531,extraction_papers\ontocast_runs\run_500_20260710_185042\output\facts_e2b1d882f32b.ttl,True,141,156,0,0,41
532,extraction_papers\ontocast_runs\run_500_20260710_185042\output\facts_e2bdf9e84552.ttl,True,163,176,0,24,10
533,extraction_papers\ontocast_runs\run_500_20260710_185042\output\facts_e2f2354dbf9d.ttl,True,165,181,1,25,11
534,extraction_papers\ontocast_runs\run_500_20260710_185042\output\facts_e39978613cc4.ttl,True,114,129,0,0,53
535,extraction_papers\ontocast_runs\run_500_20260710_185042\output\facts_e415c45cce5a.ttl,True,169,185,0,0,60
536,extraction_papers\ontocast_runs\run_500_20260710_185042\output\facts_e454f7446f6b.ttl,True,171,189,0,48,0
537,extraction_papers\ontocast_runs\run_500_20260710_185042\output\facts_e4559ba11228.ttl,True,183,198,0,0,83
538,extraction_papers\ontocast_runs\run_500_20260710_185042\output\facts_e4726e040ad7.ttl,True,201,216,0,0,121
539,extraction_papers\ontocast_runs\run_500_20260710_185042\output\facts_e51292722a24.ttl,True,99,114,0,0,56
540,extraction_papers\ontocast_runs\run_500_20260710_185042\output\facts_e55acaf01cc5.ttl,True,136,152,0,25,27
541,extraction_papers\ontocast_runs\run_500_20260710_185042\output\facts_e5a95337168b.ttl,True,222,238,0,0,47
542,extraction_papers\ontocast_runs\run_500_20260710_185042\output\facts_e5c1aa5c505b.ttl,True,164,179,0,0,92
543,extraction_papers\ontocast_runs\run_500_20260710_185042\output\facts_e81a11cc92aa.ttl,True,161,178,1,0,39
544,extraction_papers\ontocast_runs\run_500_20260710_185042\output\facts_e833bddd39db.ttl,True,148,165,0,52,47
545,extraction_papers\ontocast_runs\run_500_20260710_185042\output\facts_e84380ee1506.ttl,True,183,200,0,0,47
546,extraction_papers\ontocast_runs\run_500_20260710_185042\output\facts_e875e4d7dd8e.ttl,True,195,210,0,0,33
547,extraction_papers\ontocast_runs\run_500_20260710_185042\output\facts_e8d1b9b021c6.ttl,True,169,184,0,0,84
548,extraction_papers\ontocast_runs\run_500_20260710_185042\output\facts_e9d6cd4230be.ttl,True,184,203,0,55,36
549,extraction_papers\ontocast_runs\run_500_20260710_185042\output\facts_ead5835a4af6.ttl,True,212,231,0,32,21
550,extraction_papers\ontocast_runs\run_500_20260710_185042\output\facts_eae1b40b21d7.ttl,True,166,181,0,0,42
551,extraction_papers\ontocast_runs\run_500_20260710_185042\output\facts_eb27293fafa8.ttl,True,95,110,1,11,28
552,extraction_papers\ontocast_runs\run_500_20260710_185042\output\facts_ebd7bf94937b.ttl,True,217,232,0,0,134
553,extraction_papers\ontocast_runs\run_500_20260710_185042\output\facts_ec1fe9ef17bb.ttl,True,121,138,0,10,33
554,extraction_papers\ontocast_runs\run_500_20260710_185042\output\facts_ec9d7ee0695a.ttl,True,126,141,0,0,78
555,extraction_papers\ontocast_runs\run_500_20260710_185042\output\facts_eca56b4f9e43.ttl,True,152,170,0,0,70
556,extraction_papers\ontocast_runs\run_500_20260710_185042\output\facts_eccf53607080.ttl,True,166,181,1,0,28
557,extraction_papers\ontocast_runs\run_500_20260710_185042\output\facts_ed0054f88224.ttl,True,179,196,0,0,72
558,extraction_papers\ontocast_runs\run_500_20260710_185042\output\facts_ed31a7b35952.ttl,True,132,147,0,0,40
559,extraction_papers\ontocast_runs\run_500_20260710_185042\output\facts_edfb051dca2e.ttl,True,150,166,0,31,22
560,extraction_papers\ontocast_runs\run_500_20260710_185042\output\facts_ee072a2a59e7.ttl,True,110,127,0,0,51
561,extraction_papers\ontocast_runs\run_500_20260710_185042\output\facts_ee0a75e61d45.ttl,True,140,155,0,4,14
562,extraction_papers\ontocast_runs\run_500_20260710_185042\output\facts_ee9a0a608f08.ttl,True,218,233,0,0,97
563,extraction_papers\ontocast_runs\run_500_20260710_185042\output\facts_ee9a7ea15be2.ttl,True,150,165,0,0,51
564,extraction_papers\ontocast_runs\run_500_20260710_185042\output\facts_eeaa3f923a63.ttl,True,216,231,0,45,9
565,extraction_papers\ontocast_runs\run_500_20260710_185042\output\facts_eeef3f4263d6.ttl,True,219,236,0,0,68
566,extraction_papers\ontocast_runs\run_500_20260710_185042\output\facts_ef0dba915afc.ttl,True,227,243,0,0,50
567,extraction_papers\ontocast_runs\run_500_20260710_185042\output\facts_efa87c7b41b2.ttl,True,149,165,0,0,87
568,extraction_papers\ontocast_runs\run_500_20260710_185042\output\facts_efbab9026697.ttl,True,231,247,0,0,93
569,extraction_papers\ontocast_runs\run_500_20260710_185042\output\facts_f013b39c73eb.ttl,True,211,226,0,0,74
570,extraction_papers\ontocast_runs\run_500_20260710_185042\output\facts_f0313ba46488.ttl,True,126,141,0,0,0
571,extraction_papers\ontocast_runs\run_500_20260710_185042\output\facts_f08fa7ff2465.ttl,True,176,195,0,29,27
572,extraction_papers\ontocast_runs\run_500_20260710_185042\output\facts_f0bc196d90b1.ttl,True,164,179,0,0,59
573,extraction_papers\ontocast_runs\run_500_20260710_185042\output\facts_f1087603d349.ttl,True,198,216,0,63,11
574,extraction_papers\ontocast_runs\run_500_20260710_185042\output\facts_f1ee42d74e0f.ttl,True,128,146,0,0,38
575,extraction_papers\ontocast_runs\run_500_20260710_185042\output\facts_f29d09158cf0.ttl,True,181,198,0,0,64
576,extraction_papers\ontocast_runs\run_500_20260710_185042\output\facts_f2b7ac179570.ttl,True,150,167,0,36,35
577,extraction_papers\ontocast_runs\run_500_20260710_185042\output\facts_f2f6fe6c1c7b.ttl,True,147,164,0,37,44
578,extraction_papers\ontocast_runs\run_500_20260710_185042\output\facts_f313b1aa74f8.ttl,True,112,130,0,15,14
579,extraction_papers\ontocast_runs\run_500_20260710_185042\output\facts_f34d0afa1e71.ttl,True,123,138,0,4,74
580,extraction_papers\ontocast_runs\run_500_20260710_185042\output\facts_f3d29489b5d9.ttl,True,176,186,2,0,62
581,extraction_papers\ontocast_runs\run_500_20260710_185042\output\facts_f52f31955818.ttl,True,156,171,0,39,24
582,extraction_papers\ontocast_runs\run_500_20260710_185042\output\facts_f62b45f91653.ttl,True,150,165,0,20,19
583,extraction_papers\ontocast_runs\run_500_20260710_185042\output\facts_f7eae092b413.ttl,True,161,180,0,40,17
584,extraction_papers\ontocast_runs\run_500_20260710_185042\output\facts_f825989f2ec1.ttl,True,121,138,0,0,63
585,extraction_papers\ontocast_runs\run_500_20260710_185042\output\facts_f85dfc7490d0.ttl,True,184,199,0,0,73
586,extraction_papers\ontocast_runs\run_500_20260710_185042\output\facts_f8c14a9dd235.ttl,True,161,181,0,61,13
587,extraction_papers\ontocast_runs\run_500_20260710_185042\output\facts_fa5793ba1e88.ttl,True,129,146,0,32,20
588,extraction_papers\ontocast_runs\run_500_20260710_185042\output\facts_fb83d9a66daa.ttl,True,137,153,0,5,52
589,extraction_papers\ontocast_runs\run_500_20260710_185042\output\facts_fbf5255fe1be.ttl,True,149,164,0,0,54
590,extraction_papers\ontocast_runs\run_500_20260710_185042\output\facts_fc17fe9060c4.ttl,True,146,161,0,0,32
591,extraction_papers\ontocast_runs\run_500_20260710_185042\output\facts_fd1eedd089d5.ttl,True,177,194,0,39,33
592,extraction_papers\ontocast_runs\run_500_20260710_185042\output\facts_fd8433d36a79.ttl,True,196,211,0,26,15
593,extraction_papers\ontocast_runs\run_500_20260710_185042\output\facts_fe104b30a598.ttl,True,150,165,0,0,21
594,extraction_papers\ontocast_runs\run_500_20260710_185042\output\facts_fe823ec368d7.ttl,True,147,163,0,0,70
595,extraction_papers\ontocast_runs\run_500_20260710_185042\output\facts_fea44576911a.ttl,True,188,205,0,0,59
596,extraction_papers\ontocast_runs\run_500_20260710_185042\output\facts_ff03119d29c2.ttl,True,175,192,0,44,36
597,extraction_papers\ontocast_runs\run_500_20260710_185042\output\facts_ff63b248f6b7.ttl,True,175,192,0,23,17
598,extraction_papers\ontocast_runs\run_500_20260710_185042\output\facts_ff6c11b7abb1.ttl,True,290,306,0,1,31
599,extraction_papers\ontocast_runs\run_500_20260710_185042\output\facts_fffa03ab557f.ttl,True,131,147,0,31,7
600,extraction_papers\ontocast_runs\run_500_more_20260721_105503\output\facts_0028d9d5a386.ttl,True,138,154,0,42,11
601,extraction_papers\ontocast_runs\run_500_more_20260721_105503\output\facts_0122f4455463.ttl,True,186,202,0,0,35
602,extraction_papers\ontocast_runs\run_500_more_20260721_105503\output\facts_012a202279bd.ttl,True,141,158,0,40,25
603,extraction_papers\ontocast_runs\run_500_more_20260721_105503\output\facts_017085dc54f2.ttl,True,127,145,0,37,17
604,extraction_papers\ontocast_runs\run_500_more_20260721_105503\output\facts_01aac03dfa47.ttl,True,39,44,0,0,15
605,extraction_papers\ontocast_runs\run_500_more_20260721_105503\output\facts_01d6da44113e.ttl,True,129,145,0,27,25
606,extraction_papers\ontocast_runs\run_500_more_20260721_105503\output\facts_01ea63eede93.ttl,True,174,189,0,37,7
607,extraction_papers\ontocast_runs\run_500_more_20260721_105503\output\facts_032b54eb788e.ttl,True,130,147,0,42,45
608,extraction_papers\ontocast_runs\run_500_more_20260721_105503\output\facts_035db9008890.ttl,True,125,140,0,0,74
609,extraction_papers\ontocast_runs\run_500_more_20260721_105503\output\facts_03a6cdb4cdc8.ttl,True,141,157,0,0,54
610,extraction_papers\ontocast_runs\run_500_more_20260721_105503\output\facts_0411a2939dba.ttl,True,143,161,0,58,12
611,extraction_papers\ontocast_runs\run_500_more_20260721_105503\output\facts_0423eec8d3e3.ttl,True,157,174,0,26,20
612,extraction_papers\ontocast_runs\run_500_more_20260721_105503\output\facts_04a7f63f3ddd.ttl,True,164,179,0,0,0
613,extraction_papers\ontocast_runs\run_500_more_20260721_105503\output\facts_065a4ddad0d4.ttl,True,154,168,0,7,25
614,extraction_papers\ontocast_runs\run_500_more_20260721_105503\output\facts_0662fc47254d.ttl,True,160,178,0,27,24
615,extraction_papers\ontocast_runs\run_500_more_20260721_105503\output\facts_0697d4152cca.ttl,True,185,200,0,0,0
616,extraction_papers\ontocast_runs\run_500_more_20260721_105503\output\facts_06a6ef1fb638.ttl,True,186,203,0,9,32
617,extraction_papers\ontocast_runs\run_500_more_20260721_105503\output\facts_08a77a2de66a.ttl,True,183,198,0,18,8
618,extraction_papers\ontocast_runs\run_500_more_20260721_105503\output\facts_08e6afccca23.ttl,True,95,110,0,0,0
619,extraction_papers\ontocast_runs\run_500_more_20260721_105503\output\facts_08f9ab7aa034.ttl,True,145,162,0,0,34
620,extraction_papers\ontocast_runs\run_500_more_20260721_105503\output\facts_08fd540851d4.ttl,True,202,217,0,0,54
621,extraction_papers\ontocast_runs\run_500_more_20260721_105503\output\facts_093a0b415e0a.ttl,True,161,178,0,19,19
622,extraction_papers\ontocast_runs\run_500_more_20260721_105503\output\facts_0aaa87c10a19.ttl,True,114,130,0,18,37
623,extraction_papers\ontocast_runs\run_500_more_20260721_105503\output\facts_0afb5272deac.ttl,True,197,212,0,17,64
624,extraction_papers\ontocast_runs\run_500_more_20260721_105503\output\facts_0b4414fd6f15.ttl,True,203,220,0,82,14
625,extraction_papers\ontocast_runs\run_500_more_20260721_105503\output\facts_0bf17f1a2b43.ttl,True,226,241,0,36,33
626,extraction_papers\ontocast_runs\run_500_more_20260721_105503\output\facts_0c2792860870.ttl,True,157,172,0,0,31
627,extraction_papers\ontocast_runs\run_500_more_20260721_105503\output\facts_0cbc667cdee7.ttl,True,131,147,0,28,20
628,extraction_papers\ontocast_runs\run_500_more_20260721_105503\output\facts_0cbd095ba81e.ttl,True,146,163,0,104,0
629,extraction_papers\ontocast_runs\run_500_more_20260721_105503\output\facts_0d9415ba9083.ttl,True,256,273,0,0,65
630,extraction_papers\ontocast_runs\run_500_more_20260721_105503\output\facts_0e23d1d9ab19.ttl,True,158,174,0,28,30
631,extraction_papers\ontocast_runs\run_500_more_20260721_105503\output\facts_0ea175f5da02.ttl,True,147,163,0,36,33
632,extraction_papers\ontocast_runs\run_500_more_20260721_105503\output\facts_0f43116b6a57.ttl,True,134,149,0,0,21
633,extraction_papers\ontocast_runs\run_500_more_20260721_105503\output\facts_0fc092b36e31.ttl,True,162,177,0,34,24
634,extraction_papers\ontocast_runs\run_500_more_20260721_105503\output\facts_0fef9a50cdea.ttl,True,183,199,0,16,54
635,extraction_papers\ontocast_runs\run_500_more_20260721_105503\output\facts_10c7cf4bb507.ttl,True,236,254,0,81,58
636,extraction_papers\ontocast_runs\run_500_more_20260721_105503\output\facts_10fc6836508e.ttl,True,131,146,0,32,17
637,extraction_papers\ontocast_runs\run_500_more_20260721_105503\output\facts_1197c4a7a550.ttl,True,129,144,0,48,0
638,extraction_papers\ontocast_runs\run_500_more_20260721_105503\output\facts_11a6adc2ad22.ttl,True,183,199,0,20,22
639,extraction_papers\ontocast_runs\run_500_more_20260721_105503\output\facts_11f0d8e05fb5.ttl,True,109,126,0,28,38
640,extraction_papers\ontocast_runs\run_500_more_20260721_105503\output\facts_124de239a574.ttl,True,150,166,0,44,12
641,extraction_papers\ontocast_runs\run_500_more_20260721_105503\output\facts_132fb3c19ecf.ttl,True,168,185,0,58,28
642,extraction_papers\ontocast_runs\run_500_more_20260721_105503\output\facts_1369a550b788.ttl,True,144,162,0,22,10
643,extraction_papers\ontocast_runs\run_500_more_20260721_105503\output\facts_1383fb47dc0b.ttl,True,183,198,0,0,48
644,extraction_papers\ontocast_runs\run_500_more_20260721_105503\output\facts_13b6a96e3c49.ttl,True,122,137,0,0,68
645,extraction_papers\ontocast_runs\run_500_more_20260721_105503\output\facts_13eee031c115.ttl,True,140,155,0,11,49
646,extraction_papers\ontocast_runs\run_500_more_20260721_105503\output\facts_14c244517f16.ttl,True,175,182,0,84,31
647,extraction_papers\ontocast_runs\run_500_more_20260721_105503\output\facts_14e2d45242d9.ttl,True,169,186,0,49,0
648,extraction_papers\ontocast_runs\run_500_more_20260721_105503\output\facts_14ff68ec355e.ttl,True,143,158,0,17,26
649,extraction_papers\ontocast_runs\run_500_more_20260721_105503\output\facts_1546c3ef38f1.ttl,True,165,182,0,45,41
650,extraction_papers\ontocast_runs\run_500_more_20260721_105503\output\facts_15c3ad5fc8e1.ttl,True,158,173,0,39,17
651,extraction_papers\ontocast_runs\run_500_more_20260721_105503\output\facts_15fe47328ffe.ttl,True,141,158,0,42,18
652,extraction_papers\ontocast_runs\run_500_more_20260721_105503\output\facts_1659b448624e.ttl,True,136,152,0,50,7
653,extraction_papers\ontocast_runs\run_500_more_20260721_105503\output\facts_16cce76b69b8.ttl,True,154,170,0,19,41
654,extraction_papers\ontocast_runs\run_500_more_20260721_105503\output\facts_17364b981c05.ttl,True,214,231,0,45,26
655,extraction_papers\ontocast_runs\run_500_more_20260721_105503\output\facts_174b4f5d17a5.ttl,True,131,146,0,0,30
656,extraction_papers\ontocast_runs\run_500_more_20260721_105503\output\facts_1760757d9ad8.ttl,True,145,162,0,9,9
657,extraction_papers\ontocast_runs\run_500_more_20260721_105503\output\facts_1804915cdefd.ttl,True,130,145,0,0,37
658,extraction_papers\ontocast_runs\run_500_more_20260721_105503\output\facts_1828e7764198.ttl,True,199,216,0,23,24
659,extraction_papers\ontocast_runs\run_500_more_20260721_105503\output\facts_18b6ee490663.ttl,True,258,277,0,78,23
660,extraction_papers\ontocast_runs\run_500_more_20260721_105503\output\facts_18e830a9f47e.ttl,True,211,227,0,39,41
661,extraction_papers\ontocast_runs\run_500_more_20260721_105503\output\facts_19ee37fc6450.ttl,True,135,152,0,21,14
662,extraction_papers\ontocast_runs\run_500_more_20260721_105503\output\facts_1a10ec074530.ttl,True,201,217,0,35,19
663,extraction_papers\ontocast_runs\run_500_more_20260721_105503\output\facts_1a1ef03ce149.ttl,True,138,152,0,0,94
664,extraction_papers\ontocast_runs\run_500_more_20260721_105503\output\facts_1ac69b68a852.ttl,True,184,203,1,50,37
665,extraction_papers\ontocast_runs\run_500_more_20260721_105503\output\facts_1c32bb81c2ca.ttl,True,171,188,0,43,18
666,extraction_papers\ontocast_runs\run_500_more_20260721_105503\output\facts_1c6c15d7e92d.ttl,True,172,191,0,45,14
667,extraction_papers\ontocast_runs\run_500_more_20260721_105503\output\facts_1e7793c0fb87.ttl,True,82,97,0,0,43
668,extraction_papers\ontocast_runs\run_500_more_20260721_105503\output\facts_1ec7b79d0ea4.ttl,True,126,141,0,0,60
669,extraction_papers\ontocast_runs\run_500_more_20260721_105503\output\facts_1f540ba42fa5.ttl,True,139,154,0,0,62
670,extraction_papers\ontocast_runs\run_500_more_20260721_105503\output\facts_1f562b8ac71c.ttl,True,196,211,0,0,35
671,extraction_papers\ontocast_runs\run_500_more_20260721_105503\output\facts_20a6e0deb55f.ttl,True,164,179,0,17,31
672,extraction_papers\ontocast_runs\run_500_more_20260721_105503\output\facts_20f6fbfd7894.ttl,True,171,188,0,65,11
673,extraction_papers\ontocast_runs\run_500_more_20260721_105503\output\facts_21a2d846ad65.ttl,True,131,147,0,0,58
674,extraction_papers\ontocast_runs\run_500_more_20260721_105503\output\facts_21c271594507.ttl,True,108,126,0,32,37
675,extraction_papers\ontocast_runs\run_500_more_20260721_105503\output\facts_226be26d5d7e.ttl,True,118,133,0,19,11
676,extraction_papers\ontocast_runs\run_500_more_20260721_105503\output\facts_23254f5af84b.ttl,True,215,233,0,62,9
677,extraction_papers\ontocast_runs\run_500_more_20260721_105503\output\facts_2458231486ca.ttl,True,120,135,0,6,39
678,extraction_papers\ontocast_runs\run_500_more_20260721_105503\output\facts_2471590301df.ttl,True,111,126,0,0,43
679,extraction_papers\ontocast_runs\run_500_more_20260721_105503\output\facts_27748de04611.ttl,True,135,151,0,25,21
680,extraction_papers\ontocast_runs\run_500_more_20260721_105503\output\facts_27fa84415142.ttl,True,155,172,0,0,23
681,extraction_papers\ontocast_runs\run_500_more_20260721_105503\output\facts_28071ee19862.ttl,True,122,138,0,28,17
682,extraction_papers\ontocast_runs\run_500_more_20260721_105503\output\facts_2813a9cf840c.ttl,True,152,169,0,76,33
683,extraction_papers\ontocast_runs\run_500_more_20260721_105503\output\facts_2828ec95580c.ttl,True,190,208,0,59,6
684,extraction_papers\ontocast_runs\run_500_more_20260721_105503\output\facts_2942474080f1.ttl,True,130,147,0,47,6
685,extraction_papers\ontocast_runs\run_500_more_20260721_105503\output\facts_29d80fec6db0.ttl,True,104,121,0,45,30
686,extraction_papers\ontocast_runs\run_500_more_20260721_105503\output\facts_2a3e5109614f.ttl,True,94,112,0,49,3
687,extraction_papers\ontocast_runs\run_500_more_20260721_105503\output\facts_2a5ab19eec1b.ttl,True,90,105,0,0,46
688,extraction_papers\ontocast_runs\run_500_more_20260721_105503\output\facts_2a8937c2adda.ttl,True,217,232,0,49,19
689,extraction_papers\ontocast_runs\run_500_more_20260721_105503\output\facts_2accaffeeb92.ttl,True,141,154,0,27,20
690,extraction_papers\ontocast_runs\run_500_more_20260721_105503\output\facts_2ad5aaef592d.ttl,True,141,158,0,62,23
691,extraction_papers\ontocast_runs\run_500_more_20260721_105503\output\facts_2c2a8543208a.ttl,True,197,211,0,14,26
692,extraction_papers\ontocast_runs\run_500_more_20260721_105503\output\facts_2d84923922e7.ttl,True,168,185,0,69,0
693,extraction_papers\ontocast_runs\run_500_more_20260721_105503\output\facts_2d985f627050.ttl,True,142,157,0,15,33
694,extraction_papers\ontocast_runs\run_500_more_20260721_105503\output\facts_2e33d1a3d1d2.ttl,True,146,163,0,37,1
695,extraction_papers\ontocast_runs\run_500_more_20260721_105503\output\facts_2eb6f4c9e7ab.ttl,True,117,136,0,18,12
696,extraction_papers\ontocast_runs\run_500_more_20260721_105503\output\facts_2ed8c9d5e82d.ttl,True,198,215,0,85,39
697,extraction_papers\ontocast_runs\run_500_more_20260721_105503\output\facts_2f22d6ffad1b.ttl,True,160,177,0,48,59
698,extraction_papers\ontocast_runs\run_500_more_20260721_105503\output\facts_3033c6608984.ttl,True,153,168,0,18,46
699,extraction_papers\ontocast_runs\run_500_more_20260721_105503\output\facts_314b35330e8d.ttl,True,108,124,0,1,30
700,extraction_papers\ontocast_runs\run_500_more_20260721_105503\output\facts_316e4d8a3d18.ttl,True,202,218,0,18,42
701,extraction_papers\ontocast_runs\run_500_more_20260721_105503\output\facts_31dcee2cecfd.ttl,True,146,161,0,0,43
702,extraction_papers\ontocast_runs\run_500_more_20260721_105503\output\facts_320689a5feb9.ttl,True,142,159,0,43,21
703,extraction_papers\ontocast_runs\run_500_more_20260721_105503\output\facts_322713e7e2a7.ttl,True,226,244,0,33,76
704,extraction_papers\ontocast_runs\run_500_more_20260721_105503\output\facts_328ad43df64b.ttl,True,182,200,0,54,45
705,extraction_papers\ontocast_runs\run_500_more_20260721_105503\output\facts_3291dab56c7e.ttl,True,130,146,0,30,14
706,extraction_papers\ontocast_runs\run_500_more_20260721_105503\output\facts_32f8dfb4f37c.ttl,True,145,160,0,0,45
707,extraction_papers\ontocast_runs\run_500_more_20260721_105503\output\facts_330c028d10b5.ttl,True,154,171,0,80,34
708,extraction_papers\ontocast_runs\run_500_more_20260721_105503\output\facts_33dc516dd8de.ttl,True,137,153,0,0,39
709,extraction_papers\ontocast_runs\run_500_more_20260721_105503\output\facts_3411fc81c13b.ttl,True,151,166,0,0,51
710,extraction_papers\ontocast_runs\run_500_more_20260721_105503\output\facts_34364e5d4324.ttl,True,152,167,0,0,40
711,extraction_papers\ontocast_runs\run_500_more_20260721_105503\output\facts_34e11e29a9e0.ttl,True,181,196,0,0,102
712,extraction_papers\ontocast_runs\run_500_more_20260721_105503\output\facts_34f4f204165a.ttl,True,167,179,0,47,12
713,extraction_papers\ontocast_runs\run_500_more_20260721_105503\output\facts_35bd4a298d1d.ttl,True,132,147,0,0,58
714,extraction_papers\ontocast_runs\run_500_more_20260721_105503\output\facts_35fb99a9cf9a.ttl,True,167,184,0,40,7
715,extraction_papers\ontocast_runs\run_500_more_20260721_105503\output\facts_360b674b9ae4.ttl,True,137,152,0,51,18
716,extraction_papers\ontocast_runs\run_500_more_20260721_105503\output\facts_37902542e7d3.ttl,True,177,193,0,49,49
717,extraction_papers\ontocast_runs\run_500_more_20260721_105503\output\facts_37d3b512f559.ttl,True,168,184,0,82,26
718,extraction_papers\ontocast_runs\run_500_more_20260721_105503\output\facts_38008a39d8ba.ttl,True,224,241,0,72,6
719,extraction_papers\ontocast_runs\run_500_more_20260721_105503\output\facts_38cb47eaae78.ttl,True,105,120,0,35,52
720,extraction_papers\ontocast_runs\run_500_more_20260721_105503\output\facts_394b36f37a87.ttl,True,136,153,0,21,13
721,extraction_papers\ontocast_runs\run_500_more_20260721_105503\output\facts_399c85ed8b40.ttl,True,202,217,0,13,57
722,extraction_papers\ontocast_runs\run_500_more_20260721_105503\output\facts_39bf81af29ee.ttl,True,161,179,0,23,35
723,extraction_papers\ontocast_runs\run_500_more_20260721_105503\output\facts_3a42ffd44a80.ttl,True,179,194,0,0,57
724,extraction_papers\ontocast_runs\run_500_more_20260721_105503\output\facts_3acd98748b79.ttl,True,199,214,0,31,21
725,extraction_papers\ontocast_runs\run_500_more_20260721_105503\output\facts_3b08c804a1da.ttl,True,164,181,0,55,15
726,extraction_papers\ontocast_runs\run_500_more_20260721_105503\output\facts_3d0e659cfff8.ttl,True,245,260,0,23,14
727,extraction_papers\ontocast_runs\run_500_more_20260721_105503\output\facts_3d4ae289478c.ttl,True,172,187,0,49,10
728,extraction_papers\ontocast_runs\run_500_more_20260721_105503\output\facts_3dddf83495dd.ttl,True,148,165,0,0,32
729,extraction_papers\ontocast_runs\run_500_more_20260721_105503\output\facts_3e28de484ec6.ttl,True,103,121,1,22,20
730,extraction_papers\ontocast_runs\run_500_more_20260721_105503\output\facts_3e472733607f.ttl,True,264,279,0,20,9
731,extraction_papers\ontocast_runs\run_500_more_20260721_105503\output\facts_3ee1f134ad86.ttl,True,163,177,0,0,82
732,extraction_papers\ontocast_runs\run_500_more_20260721_105503\output\facts_3fabc092af26.ttl,True,236,253,0,62,42
733,extraction_papers\ontocast_runs\run_500_more_20260721_105503\output\facts_3ff8ec2de53f.ttl,True,221,235,0,42,43
734,extraction_papers\ontocast_runs\run_500_more_20260721_105503\output\facts_403f3676d16a.ttl,True,170,185,0,0,68
735,extraction_papers\ontocast_runs\run_500_more_20260721_105503\output\facts_4060c2af021d.ttl,True,162,178,0,50,19
736,extraction_papers\ontocast_runs\run_500_more_20260721_105503\output\facts_40ebb960239f.ttl,True,143,158,0,0,69
737,extraction_papers\ontocast_runs\run_500_more_20260721_105503\output\facts_4131bb2becd4.ttl,True,184,201,0,53,0
738,extraction_papers\ontocast_runs\run_500_more_20260721_105503\output\facts_416cc3264b07.ttl,True,155,172,0,0,44
739,extraction_papers\ontocast_runs\run_500_more_20260721_105503\output\facts_427c2c6eadad.ttl,True,147,163,0,32,15
740,extraction_papers\ontocast_runs\run_500_more_20260721_105503\output\facts_4377d4032cde.ttl,True,141,156,1,0,68
741,extraction_papers\ontocast_runs\run_500_more_20260721_105503\output\facts_43bc51ac738d.ttl,True,207,222,0,37,16
742,extraction_papers\ontocast_runs\run_500_more_20260721_105503\output\facts_44eed7eba562.ttl,True,142,157,0,0,75
743,extraction_papers\ontocast_runs\run_500_more_20260721_105503\output\facts_455e01077095.ttl,True,170,185,0,38,12
744,extraction_papers\ontocast_runs\run_500_more_20260721_105503\output\facts_46ba57ba8a25.ttl,True,150,166,1,0,67
745,extraction_papers\ontocast_runs\run_500_more_20260721_105503\output\facts_4774d48830bd.ttl,True,128,143,0,0,53
746,extraction_papers\ontocast_runs\run_500_more_20260721_105503\output\facts_480b9e05ea3f.ttl,True,191,208,0,50,23
747,extraction_papers\ontocast_runs\run_500_more_20260721_105503\output\facts_4818c2526caa.ttl,True,193,209,0,0,41
748,extraction_papers\ontocast_runs\run_500_more_20260721_105503\output\facts_483c0c762f6e.ttl,True,178,195,0,55,31
749,extraction_papers\ontocast_runs\run_500_more_20260721_105503\output\facts_4847f1f56c7d.ttl,True,169,184,0,0,0
750,extraction_papers\ontocast_runs\run_500_more_20260721_105503\output\facts_4856d70456dc.ttl,True,167,184,0,51,9
751,extraction_papers\ontocast_runs\run_500_more_20260721_105503\output\facts_487c20806b87.ttl,True,151,168,0,50,32
752,extraction_papers\ontocast_runs\run_500_more_20260721_105503\output\facts_48e7431f374c.ttl,True,94,110,0,17,21
753,extraction_papers\ontocast_runs\run_500_more_20260721_105503\output\facts_4960be284298.ttl,True,147,162,0,0,0
754,extraction_papers\ontocast_runs\run_500_more_20260721_105503\output\facts_498b8d9f5608.ttl,True,160,178,0,64,10
755,extraction_papers\ontocast_runs\run_500_more_20260721_105503\output\facts_498d5e8d4af6.ttl,True,166,182,0,36,28
756,extraction_papers\ontocast_runs\run_500_more_20260721_105503\output\facts_49909df6aca0.ttl,True,146,161,0,18,46
757,extraction_papers\ontocast_runs\run_500_more_20260721_105503\output\facts_499b69023fe2.ttl,True,164,181,0,48,40
758,extraction_papers\ontocast_runs\run_500_more_20260721_105503\output\facts_49df6834a2ce.ttl,True,187,203,0,36,31
759,extraction_papers\ontocast_runs\run_500_more_20260721_105503\output\facts_4a192e8a6c8e.ttl,True,180,195,0,35,67
760,extraction_papers\ontocast_runs\run_500_more_20260721_105503\output\facts_4a6614d318ab.ttl,True,212,229,0,59,14
761,extraction_papers\ontocast_runs\run_500_more_20260721_105503\output\facts_4ac5feae0fc6.ttl,True,191,206,0,61,33
762,extraction_papers\ontocast_runs\run_500_more_20260721_105503\output\facts_4b32763b0987.ttl,True,136,151,0,0,40
763,extraction_papers\ontocast_runs\run_500_more_20260721_105503\output\facts_4b8fb8b45222.ttl,True,88,103,0,0,0
764,extraction_papers\ontocast_runs\run_500_more_20260721_105503\output\facts_4bafdce385c3.ttl,True,223,238,0,0,141
765,extraction_papers\ontocast_runs\run_500_more_20260721_105503\output\facts_4c050a46c9ce.ttl,True,179,194,0,29,59
766,extraction_papers\ontocast_runs\run_500_more_20260721_105503\output\facts_4dc413125288.ttl,True,182,199,0,57,7
767,extraction_papers\ontocast_runs\run_500_more_20260721_105503\output\facts_4def50cc615e.ttl,True,185,200,0,0,53
768,extraction_papers\ontocast_runs\run_500_more_20260721_105503\output\facts_4e2cc45c075b.ttl,True,136,152,0,48,29
769,extraction_papers\ontocast_runs\run_500_more_20260721_105503\output\facts_4e8bad82e6fd.ttl,True,170,185,0,23,21
770,extraction_papers\ontocast_runs\run_500_more_20260721_105503\output\facts_4ebf9281a20a.ttl,True,133,147,0,42,9
771,extraction_papers\ontocast_runs\run_500_more_20260721_105503\output\facts_4f1313eb578a.ttl,True,142,158,0,25,27
772,extraction_papers\ontocast_runs\run_500_more_20260721_105503\output\facts_4f5ab1227bfb.ttl,True,148,164,0,32,52
773,extraction_papers\ontocast_runs\run_500_more_20260721_105503\output\facts_504fbaca2c8b.ttl,True,147,163,0,0,55
774,extraction_papers\ontocast_runs\run_500_more_20260721_105503\output\facts_50ff19bade95.ttl,True,133,150,0,48,13
775,extraction_papers\ontocast_runs\run_500_more_20260721_105503\output\facts_516ccb2828d2.ttl,True,115,132,0,54,17
776,extraction_papers\ontocast_runs\run_500_more_20260721_105503\output\facts_51b9d790243c.ttl,True,190,200,0,0,65
777,extraction_papers\ontocast_runs\run_500_more_20260721_105503\output\facts_51ef3d10cb97.ttl,True,137,153,0,20,28
778,extraction_papers\ontocast_runs\run_500_more_20260721_105503\output\facts_524da8e615b8.ttl,True,185,202,0,55,10
779,extraction_papers\ontocast_runs\run_500_more_20260721_105503\output\facts_52a07a59d415.ttl,True,190,207,0,52,22
780,extraction_papers\ontocast_runs\run_500_more_20260721_105503\output\facts_52fe2e63db11.ttl,True,219,235,0,0,63
781,extraction_papers\ontocast_runs\run_500_more_20260721_105503\output\facts_5322da858b7c.ttl,True,100,115,0,0,48
782,extraction_papers\ontocast_runs\run_500_more_20260721_105503\output\facts_5379aad386cd.ttl,True,209,224,0,0,97
783,extraction_papers\ontocast_runs\run_500_more_20260721_105503\output\facts_53bb4ce274f9.ttl,True,119,134,0,31,38
784,extraction_papers\ontocast_runs\run_500_more_20260721_105503\output\facts_542330ad6d18.ttl,True,171,187,0,0,57
785,extraction_papers\ontocast_runs\run_500_more_20260721_105503\output\facts_547cc2d59dec.ttl,True,109,125,0,22,12
786,extraction_papers\ontocast_runs\run_500_more_20260721_105503\output\facts_54a25529aea1.ttl,True,137,154,0,44,30
787,extraction_papers\ontocast_runs\run_500_more_20260721_105503\output\facts_54d3b210fcab.ttl,True,155,172,0,55,20
788,extraction_papers\ontocast_runs\run_500_more_20260721_105503\output\facts_550d81f1c9db.ttl,True,156,172,0,0,39
789,extraction_papers\ontocast_runs\run_500_more_20260721_105503\output\facts_555dd9093fef.ttl,True,152,167,0,0,65
790,extraction_papers\ontocast_runs\run_500_more_20260721_105503\output\facts_5569e0774d6c.ttl,True,149,164,0,24,22
791,extraction_papers\ontocast_runs\run_500_more_20260721_105503\output\facts_5592d95ac0f0.ttl,True,87,102,0,0,43
792,extraction_papers\ontocast_runs\run_500_more_20260721_105503\output\facts_56120865c1c4.ttl,True,182,198,0,0,39
793,extraction_papers\ontocast_runs\run_500_more_20260721_105503\output\facts_56cf580069c2.ttl,True,204,220,0,20,30
794,extraction_papers\ontocast_runs\run_500_more_20260721_105503\output\facts_56e4062bde20.ttl,True,185,200,0,31,20
795,extraction_papers\ontocast_runs\run_500_more_20260721_105503\output\facts_56fda288cb57.ttl,True,183,199,0,20,25
796,extraction_papers\ontocast_runs\run_500_more_20260721_105503\output\facts_5709a498342e.ttl,True,145,160,0,0,67
797,extraction_papers\ontocast_runs\run_500_more_20260721_105503\output\facts_57c8ca890a95.ttl,True,204,220,0,0,67
798,extraction_papers\ontocast_runs\run_500_more_20260721_105503\output\facts_59465130ff38.ttl,True,157,172,0,0,43
799,extraction_papers\ontocast_runs\run_500_more_20260721_105503\output\facts_595b556991d8.ttl,True,237,252,0,0,75
800,extraction_papers\ontocast_runs\run_500_more_20260721_105503\output\facts_5a029f9b9de0.ttl,True,157,172,0,0,52
801,extraction_papers\ontocast_runs\run_500_more_20260721_105503\output\facts_5b6b172d2f15.ttl,True,146,161,0,0,37
802,extraction_papers\ontocast_runs\run_500_more_20260721_105503\output\facts_5b8b1125e2e5.ttl,True,119,134,0,0,24
803,extraction_papers\ontocast_runs\run_500_more_20260721_105503\output\facts_5cde14efa906.ttl,True,136,151,0,0,44
804,extraction_papers\ontocast_runs\run_500_more_20260721_105503\output\facts_5d51a0b3cf4a.ttl,True,207,222,0,51,2
805,extraction_papers\ontocast_runs\run_500_more_20260721_105503\output\facts_5e72cd525264.ttl,True,94,111,0,48,8
806,extraction_papers\ontocast_runs\run_500_more_20260721_105503\output\facts_5f26ee0524c5.ttl,True,224,241,0,0,57
807,extraction_papers\ontocast_runs\run_500_more_20260721_105503\output\facts_5f4caee5286d.ttl,True,171,183,0,34,14
808,extraction_papers\ontocast_runs\run_500_more_20260721_105503\output\facts_6076eabdecc6.ttl,True,169,185,0,0,0
809,extraction_papers\ontocast_runs\run_500_more_20260721_105503\output\facts_60ad7a949795.ttl,True,134,151,0,48,14
810,extraction_papers\ontocast_runs\run_500_more_20260721_105503\output\facts_6148cd04d138.ttl,True,135,151,0,25,40
811,extraction_papers\ontocast_runs\run_500_more_20260721_105503\output\facts_614bfb90048b.ttl,True,122,140,0,6,15
812,extraction_papers\ontocast_runs\run_500_more_20260721_105503\output\facts_616b4aa1e5c4.ttl,True,101,116,0,0,65
813,extraction_papers\ontocast_runs\run_500_more_20260721_105503\output\facts_62404ee7380d.ttl,True,157,173,0,45,0
814,extraction_papers\ontocast_runs\run_500_more_20260721_105503\output\facts_6328c37d8c38.ttl,True,190,205,0,0,38
815,extraction_papers\ontocast_runs\run_500_more_20260721_105503\output\facts_6347797044fd.ttl,True,208,227,0,64,0
816,extraction_papers\ontocast_runs\run_500_more_20260721_105503\output\facts_6394f8527d9a.ttl,True,113,129,0,0,65
817,extraction_papers\ontocast_runs\run_500_more_20260721_105503\output\facts_63ed91cb9eb9.ttl,True,199,215,0,38,30
818,extraction_papers\ontocast_runs\run_500_more_20260721_105503\output\facts_6472c99dc63a.ttl,True,159,176,0,66,24
819,extraction_papers\ontocast_runs\run_500_more_20260721_105503\output\facts_64825e9ef94b.ttl,True,154,169,0,0,81
820,extraction_papers\ontocast_runs\run_500_more_20260721_105503\output\facts_64ae74cefb26.ttl,True,135,151,0,32,12
821,extraction_papers\ontocast_runs\run_500_more_20260721_105503\output\facts_64d1c611c009.ttl,True,181,197,0,31,9
822,extraction_papers\ontocast_runs\run_500_more_20260721_105503\output\facts_64d436510543.ttl,True,104,121,0,17,8
823,extraction_papers\ontocast_runs\run_500_more_20260721_105503\output\facts_657a81fd8dcb.ttl,True,228,243,0,20,34
824,extraction_papers\ontocast_runs\run_500_more_20260721_105503\output\facts_65b89379753f.ttl,True,270,286,0,51,32
825,extraction_papers\ontocast_runs\run_500_more_20260721_105503\output\facts_68102015fd41.ttl,True,215,231,0,0,79
826,extraction_papers\ontocast_runs\run_500_more_20260721_105503\output\facts_681179efc95d.ttl,True,208,227,0,58,7
827,extraction_papers\ontocast_runs\run_500_more_20260721_105503\output\facts_6849f7ba47df.ttl,True,183,201,0,53,16
828,extraction_papers\ontocast_runs\run_500_more_20260721_105503\output\facts_68b711ea6ca7.ttl,True,197,213,0,39,56
829,extraction_papers\ontocast_runs\run_500_more_20260721_105503\output\facts_6910e322bb9c.ttl,True,149,167,0,21,0
830,extraction_papers\ontocast_runs\run_500_more_20260721_105503\output\facts_69957badf548.ttl,True,117,133,0,26,36
831,extraction_papers\ontocast_runs\run_500_more_20260721_105503\output\facts_69a4cad7124b.ttl,True,145,162,0,41,24
832,extraction_papers\ontocast_runs\run_500_more_20260721_105503\output\facts_69a7f3c63dc9.ttl,True,150,166,0,0,57
833,extraction_papers\ontocast_runs\run_500_more_20260721_105503\output\facts_69ecad25d3d6.ttl,True,234,253,0,63,0
834,extraction_papers\ontocast_runs\run_500_more_20260721_105503\output\facts_6a0d3357b87d.ttl,True,137,154,0,31,14
835,extraction_papers\ontocast_runs\run_500_more_20260721_105503\output\facts_6a1d05b721c3.ttl,True,148,163,0,0,67
836,extraction_papers\ontocast_runs\run_500_more_20260721_105503\output\facts_6a86c844c7f6.ttl,True,125,142,0,0,35
837,extraction_papers\ontocast_runs\run_500_more_20260721_105503\output\facts_6aea3acabd6f.ttl,True,69,84,0,1,52
838,extraction_papers\ontocast_runs\run_500_more_20260721_105503\output\facts_6b72ada07f6f.ttl,True,237,252,0,0,32
839,extraction_papers\ontocast_runs\run_500_more_20260721_105503\output\facts_6d5d47efb24e.ttl,True,153,170,0,0,44
840,extraction_papers\ontocast_runs\run_500_more_20260721_105503\output\facts_6e4d55571d9a.ttl,True,151,166,0,23,34
841,extraction_papers\ontocast_runs\run_500_more_20260721_105503\output\facts_6e8a6c4c2a74.ttl,True,116,133,0,46,19
842,extraction_papers\ontocast_runs\run_500_more_20260721_105503\output\facts_6fc5bb24b3e5.ttl,True,250,265,0,90,16
843,extraction_papers\ontocast_runs\run_500_more_20260721_105503\output\facts_7061c33edf18.ttl,True,107,122,0,0,44
844,extraction_papers\ontocast_runs\run_500_more_20260721_105503\output\facts_706d6bd20b9d.ttl,True,182,198,0,32,11
845,extraction_papers\ontocast_runs\run_500_more_20260721_105503\output\facts_71c5769fa644.ttl,True,164,180,0,32,61
846,extraction_papers\ontocast_runs\run_500_more_20260721_105503\output\facts_733c7b5e8831.ttl,True,199,214,0,0,64
847,extraction_papers\ontocast_runs\run_500_more_20260721_105503\output\facts_738e1930ab30.ttl,True,113,128,0,0,60
848,extraction_papers\ontocast_runs\run_500_more_20260721_105503\output\facts_73c284bfc8ab.ttl,True,114,131,0,86,23
849,extraction_papers\ontocast_runs\run_500_more_20260721_105503\output\facts_73c54a5c4d5f.ttl,True,220,237,0,44,1
850,extraction_papers\ontocast_runs\run_500_more_20260721_105503\output\facts_7405b3e5813c.ttl,True,144,161,0,25,37
851,extraction_papers\ontocast_runs\run_500_more_20260721_105503\output\facts_7504d81f814b.ttl,True,160,174,0,31,32
852,extraction_papers\ontocast_runs\run_500_more_20260721_105503\output\facts_75385b6d0f0d.ttl,True,167,184,0,61,5
853,extraction_papers\ontocast_runs\run_500_more_20260721_105503\output\facts_75bd7cd1fa1e.ttl,True,134,149,0,13,55
854,extraction_papers\ontocast_runs\run_500_more_20260721_105503\output\facts_762d69194fa1.ttl,True,165,183,0,42,29
855,extraction_papers\ontocast_runs\run_500_more_20260721_105503\output\facts_763e0340d574.ttl,True,188,205,0,22,17
856,extraction_papers\ontocast_runs\run_500_more_20260721_105503\output\facts_7656df6082f0.ttl,True,156,172,0,0,74
857,extraction_papers\ontocast_runs\run_500_more_20260721_105503\output\facts_769fe1d43616.ttl,True,171,186,0,0,114
858,extraction_papers\ontocast_runs\run_500_more_20260721_105503\output\facts_772a9799b691.ttl,True,130,146,0,33,50
859,extraction_papers\ontocast_runs\run_500_more_20260721_105503\output\facts_7765cf2bc3b6.ttl,True,213,229,0,0,40
860,extraction_papers\ontocast_runs\run_500_more_20260721_105503\output\facts_7770841c9f5e.ttl,True,203,218,0,43,18
861,extraction_papers\ontocast_runs\run_500_more_20260721_105503\output\facts_782a4c403490.ttl,True,122,137,0,0,75
862,extraction_papers\ontocast_runs\run_500_more_20260721_105503\output\facts_78f523a95034.ttl,True,272,291,0,79,28
863,extraction_papers\ontocast_runs\run_500_more_20260721_105503\output\facts_7999991e5dda.ttl,True,114,129,0,37,3
864,extraction_papers\ontocast_runs\run_500_more_20260721_105503\output\facts_7a185cb42ae6.ttl,True,145,162,0,36,11
865,extraction_papers\ontocast_runs\run_500_more_20260721_105503\output\facts_7a267fff1eca.ttl,True,162,177,0,0,84
866,extraction_papers\ontocast_runs\run_500_more_20260721_105503\output\facts_7bbb2c9051f1.ttl,True,123,138,0,0,70
867,extraction_papers\ontocast_runs\run_500_more_20260721_105503\output\facts_7c6b6ba92bde.ttl,True,184,199,0,15,34
868,extraction_papers\ontocast_runs\run_500_more_20260721_105503\output\facts_7ca1103c5775.ttl,True,119,136,0,78,2
869,extraction_papers\ontocast_runs\run_500_more_20260721_105503\output\facts_7cdadd5c13a1.ttl,True,156,173,0,52,18
870,extraction_papers\ontocast_runs\run_500_more_20260721_105503\output\facts_7dada0ae49fa.ttl,True,177,193,0,0,64
871,extraction_papers\ontocast_runs\run_500_more_20260721_105503\output\facts_7deb509fc064.ttl,True,136,151,0,0,66
872,extraction_papers\ontocast_runs\run_500_more_20260721_105503\output\facts_7e3d97d3e0c5.ttl,True,182,198,0,45,43
873,extraction_papers\ontocast_runs\run_500_more_20260721_105503\output\facts_7e477a998e8e.ttl,True,147,164,0,38,7
874,extraction_papers\ontocast_runs\run_500_more_20260721_105503\output\facts_7ea70d27e9af.ttl,True,128,144,1,35,14
875,extraction_papers\ontocast_runs\run_500_more_20260721_105503\output\facts_7ec43972336f.ttl,True,155,173,0,63,0
876,extraction_papers\ontocast_runs\run_500_more_20260721_105503\output\facts_7ed377e25cf3.ttl,True,130,145,0,0,33
877,extraction_papers\ontocast_runs\run_500_more_20260721_105503\output\facts_7ff57c0395ff.ttl,True,155,173,0,48,8
878,extraction_papers\ontocast_runs\run_500_more_20260721_105503\output\facts_8238cf65c01b.ttl,True,242,257,0,0,54
879,extraction_papers\ontocast_runs\run_500_more_20260721_105503\output\facts_827f8b267ef1.ttl,True,159,174,0,33,22
880,extraction_papers\ontocast_runs\run_500_more_20260721_105503\output\facts_82e5a75a103f.ttl,True,263,278,0,0,103
881,extraction_papers\ontocast_runs\run_500_more_20260721_105503\output\facts_82fd1fe5b2a5.ttl,True,164,181,0,37,10
882,extraction_papers\ontocast_runs\run_500_more_20260721_105503\output\facts_83356f554da2.ttl,True,125,140,0,12,60
883,extraction_papers\ontocast_runs\run_500_more_20260721_105503\output\facts_842e98fc7ec5.ttl,True,152,167,0,0,48
884,extraction_papers\ontocast_runs\run_500_more_20260721_105503\output\facts_84ea853b0177.ttl,True,228,243,0,0,66
885,extraction_papers\ontocast_runs\run_500_more_20260721_105503\output\facts_84fae1bf66b6.ttl,True,117,132,0,0,27
886,extraction_papers\ontocast_runs\run_500_more_20260721_105503\output\facts_8556da6b4306.ttl,True,129,146,0,47,3
887,extraction_papers\ontocast_runs\run_500_more_20260721_105503\output\facts_8579d69b59e0.ttl,True,143,161,0,59,30
888,extraction_papers\ontocast_runs\run_500_more_20260721_105503\output\facts_859d81e681ce.ttl,True,164,180,0,44,2
889,extraction_papers\ontocast_runs\run_500_more_20260721_105503\output\facts_867f2515f34e.ttl,True,177,194,0,0,67
890,extraction_papers\ontocast_runs\run_500_more_20260721_105503\output\facts_875ccca88ff4.ttl,True,165,181,0,20,43
891,extraction_papers\ontocast_runs\run_500_more_20260721_105503\output\facts_8797b8bf1374.ttl,True,132,148,0,32,21
892,extraction_papers\ontocast_runs\run_500_more_20260721_105503\output\facts_887e1ebfa5a9.ttl,True,262,277,0,0,35
893,extraction_papers\ontocast_runs\run_500_more_20260721_105503\output\facts_8954f485e96f.ttl,True,129,143,0,33,30
894,extraction_papers\ontocast_runs\run_500_more_20260721_105503\output\facts_8a07296e2377.ttl,True,187,205,0,36,24
895,extraction_papers\ontocast_runs\run_500_more_20260721_105503\output\facts_8a4694333078.ttl,True,113,130,0,44,16
896,extraction_papers\ontocast_runs\run_500_more_20260721_105503\output\facts_8ab0bb47722f.ttl,True,172,187,0,0,43
897,extraction_papers\ontocast_runs\run_500_more_20260721_105503\output\facts_8afb193ba5de.ttl,True,133,151,0,46,14
898,extraction_papers\ontocast_runs\run_500_more_20260721_105503\output\facts_8aff7c700bea.ttl,True,130,147,0,38,14
899,extraction_papers\ontocast_runs\run_500_more_20260721_105503\output\facts_8b1c5009d581.ttl,True,131,148,0,52,40
900,extraction_papers\ontocast_runs\run_500_more_20260721_105503\output\facts_8bd31c0c6ccf.ttl,True,144,160,0,21,52
901,extraction_papers\ontocast_runs\run_500_more_20260721_105503\output\facts_8c4e8fbd00bc.ttl,True,145,160,0,51,11
902,extraction_papers\ontocast_runs\run_500_more_20260721_105503\output\facts_8ca814250b43.ttl,True,108,125,0,42,28
903,extraction_papers\ontocast_runs\run_500_more_20260721_105503\output\facts_8d343853ce22.ttl,True,61,76,0,0,37
904,extraction_papers\ontocast_runs\run_500_more_20260721_105503\output\facts_8d71edf312fc.ttl,True,145,163,0,25,44
905,extraction_papers\ontocast_runs\run_500_more_20260721_105503\output\facts_8e040136b26e.ttl,True,194,213,0,59,14
906,extraction_papers\ontocast_runs\run_500_more_20260721_105503\output\facts_8e62c1166a68.ttl,True,141,157,0,58,0
907,extraction_papers\ontocast_runs\run_500_more_20260721_105503\output\facts_8fc2745038d2.ttl,True,131,147,0,12,34
908,extraction_papers\ontocast_runs\run_500_more_20260721_105503\output\facts_90861cf02575.ttl,True,158,173,0,0,60
909,extraction_papers\ontocast_runs\run_500_more_20260721_105503\output\facts_91085f60b0ea.ttl,True,163,180,0,20,26
910,extraction_papers\ontocast_runs\run_500_more_20260721_105503\output\facts_9286c5caa92e.ttl,True,158,174,0,0,43
911,extraction_papers\ontocast_runs\run_500_more_20260721_105503\output\facts_92a1902df0ec.ttl,True,147,162,0,0,68
912,extraction_papers\ontocast_runs\run_500_more_20260721_105503\output\facts_9309589ff542.ttl,True,124,137,0,0,86
913,extraction_papers\ontocast_runs\run_500_more_20260721_105503\output\facts_931d51203909.ttl,True,118,134,0,0,25
914,extraction_papers\ontocast_runs\run_500_more_20260721_105503\output\facts_9438180390fb.ttl,True,135,151,0,26,29
915,extraction_papers\ontocast_runs\run_500_more_20260721_105503\output\facts_969c6350bfb3.ttl,True,151,166,0,7,10
916,extraction_papers\ontocast_runs\run_500_more_20260721_105503\output\facts_98007434fd75.ttl,True,156,171,0,22,37
917,extraction_papers\ontocast_runs\run_500_more_20260721_105503\output\facts_9880f5c1429d.ttl,True,178,195,0,70,33
918,extraction_papers\ontocast_runs\run_500_more_20260721_105503\output\facts_9882abb08ff3.ttl,True,149,166,0,45,10
919,extraction_papers\ontocast_runs\run_500_more_20260721_105503\output\facts_988d676aa0b1.ttl,True,150,167,0,36,23
920,extraction_papers\ontocast_runs\run_500_more_20260721_105503\output\facts_98ef33c2f4a5.ttl,True,151,166,0,20,37
921,extraction_papers\ontocast_runs\run_500_more_20260721_105503\output\facts_99585161f95f.ttl,True,112,128,0,9,29
922,extraction_papers\ontocast_runs\run_500_more_20260721_105503\output\facts_99847612e6b2.ttl,True,144,160,0,0,58
923,extraction_papers\ontocast_runs\run_500_more_20260721_105503\output\facts_9c1944b4aefe.ttl,True,127,142,0,52,34
924,extraction_papers\ontocast_runs\run_500_more_20260721_105503\output\facts_9c600c980caa.ttl,True,148,160,0,37,5
925,extraction_papers\ontocast_runs\run_500_more_20260721_105503\output\facts_9ccfbe98c58a.ttl,True,170,185,0,0,36
926,extraction_papers\ontocast_runs\run_500_more_20260721_105503\output\facts_9d2e6a424eba.ttl,True,187,206,1,36,17
927,extraction_papers\ontocast_runs\run_500_more_20260721_105503\output\facts_9dc96976e0bf.ttl,True,155,170,0,10,24
928,extraction_papers\ontocast_runs\run_500_more_20260721_105503\output\facts_9f2f2c646b46.ttl,True,130,146,0,13,39
929,extraction_papers\ontocast_runs\run_500_more_20260721_105503\output\facts_9f312914c2a0.ttl,True,237,253,0,6,55
930,extraction_papers\ontocast_runs\run_500_more_20260721_105503\output\facts_9f48c03765f1.ttl,True,204,221,0,68,0
931,extraction_papers\ontocast_runs\run_500_more_20260721_105503\output\facts_9f5620430ceb.ttl,True,96,111,0,0,44
932,extraction_papers\ontocast_runs\run_500_more_20260721_105503\output\facts_9f5c1c6a6ea2.ttl,True,169,187,0,60,15
933,extraction_papers\ontocast_runs\run_500_more_20260721_105503\output\facts_a311a3312c4d.ttl,True,141,158,0,30,30
934,extraction_papers\ontocast_runs\run_500_more_20260721_105503\output\facts_a35c8ef58b3f.ttl,True,139,155,0,59,32
935,extraction_papers\ontocast_runs\run_500_more_20260721_105503\output\facts_a3d2f59384dd.ttl,True,106,122,0,38,30
936,extraction_papers\ontocast_runs\run_500_more_20260721_105503\output\facts_a4f2719d027c.ttl,True,111,126,0,21,50
937,extraction_papers\ontocast_runs\run_500_more_20260721_105503\output\facts_a5689e83b8a2.ttl,True,151,166,0,39,30
938,extraction_papers\ontocast_runs\run_500_more_20260721_105503\output\facts_a5cc7048679f.ttl,True,272,289,0,41,95
939,extraction_papers\ontocast_runs\run_500_more_20260721_105503\output\facts_a5ddb01d6eb2.ttl,True,149,164,0,0,32
940,extraction_papers\ontocast_runs\run_500_more_20260721_105503\output\facts_a6572a1be08e.ttl,True,173,188,0,0,52
941,extraction_papers\ontocast_runs\run_500_more_20260721_105503\output\facts_a7852cb7191b.ttl,True,146,162,0,43,15
942,extraction_papers\ontocast_runs\run_500_more_20260721_105503\output\facts_a7eb132d5868.ttl,True,174,188,0,0,63
943,extraction_papers\ontocast_runs\run_500_more_20260721_105503\output\facts_a9337bbe2a13.ttl,True,194,211,0,67,2
944,extraction_papers\ontocast_runs\run_500_more_20260721_105503\output\facts_a93be7938bc2.ttl,True,113,128,0,18,16
945,extraction_papers\ontocast_runs\run_500_more_20260721_105503\output\facts_a94d0c8a8798.ttl,True,225,241,0,63,32
946,extraction_papers\ontocast_runs\run_500_more_20260721_105503\output\facts_aa6a012cb10f.ttl,True,127,142,0,0,71
947,extraction_papers\ontocast_runs\run_500_more_20260721_105503\output\facts_aaf781ea0e83.ttl,True,150,166,0,0,50
948,extraction_papers\ontocast_runs\run_500_more_20260721_105503\output\facts_ab018cccbede.ttl,True,240,257,0,49,35
949,extraction_papers\ontocast_runs\run_500_more_20260721_105503\output\facts_ab31ad4a214e.ttl,True,124,140,0,48,19
950,extraction_papers\ontocast_runs\run_500_more_20260721_105503\output\facts_ab655d0deb99.ttl,True,146,164,0,60,32
951,extraction_papers\ontocast_runs\run_500_more_20260721_105503\output\facts_ac0e1625c357.ttl,True,179,195,0,58,30
952,extraction_papers\ontocast_runs\run_500_more_20260721_105503\output\facts_ae9dc87e0fd9.ttl,True,176,191,0,0,42
953,extraction_papers\ontocast_runs\run_500_more_20260721_105503\output\facts_af573580f0c2.ttl,True,193,210,0,61,12
954,extraction_papers\ontocast_runs\run_500_more_20260721_105503\output\facts_b003cc83f20a.ttl,True,189,205,0,43,21
955,extraction_papers\ontocast_runs\run_500_more_20260721_105503\output\facts_b048b4785895.ttl,True,131,147,0,11,25
956,extraction_papers\ontocast_runs\run_500_more_20260721_105503\output\facts_b0ac984d6379.ttl,True,103,118,0,26,0
957,extraction_papers\ontocast_runs\run_500_more_20260721_105503\output\facts_b10df8385870.ttl,True,136,152,0,61,35
958,extraction_papers\ontocast_runs\run_500_more_20260721_105503\output\facts_b1d6bc1927e1.ttl,True,134,152,0,64,1
959,extraction_papers\ontocast_runs\run_500_more_20260721_105503\output\facts_b21144a02138.ttl,True,133,151,0,63,24
960,extraction_papers\ontocast_runs\run_500_more_20260721_105503\output\facts_b22872a789be.ttl,True,182,200,0,55,24
961,extraction_papers\ontocast_runs\run_500_more_20260721_105503\output\facts_b2cc70c112fa.ttl,True,182,197,0,12,33
962,extraction_papers\ontocast_runs\run_500_more_20260721_105503\output\facts_b302af5fff29.ttl,True,209,224,1,0,59
963,extraction_papers\ontocast_runs\run_500_more_20260721_105503\output\facts_b33f3fb85feb.ttl,True,201,216,0,0,74
964,extraction_papers\ontocast_runs\run_500_more_20260721_105503\output\facts_b3f3724aec97.ttl,True,223,240,1,0,106
965,extraction_papers\ontocast_runs\run_500_more_20260721_105503\output\facts_b4c6654ea536.ttl,True,166,181,0,11,53
966,extraction_papers\ontocast_runs\run_500_more_20260721_105503\output\facts_b66c9242982a.ttl,True,193,209,0,0,54
967,extraction_papers\ontocast_runs\run_500_more_20260721_105503\output\facts_b694087711e4.ttl,True,164,179,0,0,48
968,extraction_papers\ontocast_runs\run_500_more_20260721_105503\output\facts_b7671164fd60.ttl,True,194,209,0,50,53
969,extraction_papers\ontocast_runs\run_500_more_20260721_105503\output\facts_b79e9093caec.ttl,True,269,285,0,0,91
970,extraction_papers\ontocast_runs\run_500_more_20260721_105503\output\facts_b7e494587813.ttl,True,158,174,0,0,38
971,extraction_papers\ontocast_runs\run_500_more_20260721_105503\output\facts_b82c3cb47489.ttl,True,143,161,0,51,0
972,extraction_papers\ontocast_runs\run_500_more_20260721_105503\output\facts_b9d9070cdf5e.ttl,True,148,166,0,72,33
973,extraction_papers\ontocast_runs\run_500_more_20260721_105503\output\facts_ba7552ae09a5.ttl,True,118,133,0,0,49
974,extraction_papers\ontocast_runs\run_500_more_20260721_105503\output\facts_ba9efeb3c285.ttl,True,114,130,0,35,15
975,extraction_papers\ontocast_runs\run_500_more_20260721_105503\output\facts_bb2621d7db2d.ttl,True,106,123,0,0,42
976,extraction_papers\ontocast_runs\run_500_more_20260721_105503\output\facts_bccfcf24e763.ttl,True,247,261,0,0,132
977,extraction_papers\ontocast_runs\run_500_more_20260721_105503\output\facts_bd4e72bcf334.ttl,True,138,153,0,28,39
978,extraction_papers\ontocast_runs\run_500_more_20260721_105503\output\facts_be94743e05d6.ttl,True,74,91,0,32,2
979,extraction_papers\ontocast_runs\run_500_more_20260721_105503\output\facts_bed905cc86c9.ttl,True,186,203,0,0,54
980,extraction_papers\ontocast_runs\run_500_more_20260721_105503\output\facts_bee43307504c.ttl,True,151,166,0,0,48
981,extraction_papers\ontocast_runs\run_500_more_20260721_105503\output\facts_bf01ee0b91ee.ttl,True,152,168,1,24,32
982,extraction_papers\ontocast_runs\run_500_more_20260721_105503\output\facts_bf052b3f88d3.ttl,True,139,156,0,14,15
983,extraction_papers\ontocast_runs\run_500_more_20260721_105503\output\facts_c0866725e0d4.ttl,True,188,204,1,0,43
984,extraction_papers\ontocast_runs\run_500_more_20260721_105503\output\facts_c28682f68c21.ttl,True,137,154,0,54,1
985,extraction_papers\ontocast_runs\run_500_more_20260721_105503\output\facts_c3622e2f1fb9.ttl,True,132,148,0,0,62
986,extraction_papers\ontocast_runs\run_500_more_20260721_105503\output\facts_c39d5fbe9c9a.ttl,True,195,209,3,0,61
987,extraction_papers\ontocast_runs\run_500_more_20260721_105503\output\facts_c44a689492fd.ttl,True,158,173,0,0,46
988,extraction_papers\ontocast_runs\run_500_more_20260721_105503\output\facts_c4a450408dd9.ttl,True,183,200,0,36,7
989,extraction_papers\ontocast_runs\run_500_more_20260721_105503\output\facts_c4e7ffa6ee8d.ttl,True,200,216,0,38,14
990,extraction_papers\ontocast_runs\run_500_more_20260721_105503\output\facts_c5ee380d0d93.ttl,True,148,166,0,36,26
991,extraction_papers\ontocast_runs\run_500_more_20260721_105503\output\facts_c5f16e3d788f.ttl,True,274,289,0,0,29
992,extraction_papers\ontocast_runs\run_500_more_20260721_105503\output\facts_c63f847b3dd8.ttl,True,157,172,0,55,17
993,extraction_papers\ontocast_runs\run_500_more_20260721_105503\output\facts_c656a6268582.ttl,True,152,168,0,0,43
994,extraction_papers\ontocast_runs\run_500_more_20260721_105503\output\facts_c68855388d77.ttl,True,141,155,0,22,16
995,extraction_papers\ontocast_runs\run_500_more_20260721_105503\output\facts_c72f38e97f3d.ttl,True,241,258,0,33,11
996,extraction_papers\ontocast_runs\run_500_more_20260721_105503\output\facts_c7a80b25b8d4.ttl,True,185,201,0,0,34
997,extraction_papers\ontocast_runs\run_500_more_20260721_105503\output\facts_c80f3e1918f5.ttl,True,132,149,0,34,33
998,extraction_papers\ontocast_runs\run_500_more_20260721_105503\output\facts_c8263fe309ca.ttl,True,185,201,1,0,39
999,extraction_papers\ontocast_runs\run_500_more_20260721_105503\output\facts_c8cbc84be15c.ttl,True,136,151,0,33,18
1000,extraction_papers\ontocast_runs\run_500_more_20260721_105503\output\facts_c8e92d608bd7.ttl,True,172,187,0,32,28
1001,extraction_papers\ontocast_runs\run_500_more_20260721_105503\output\facts_c8e972bc7e17.ttl,True,214,229,0,0,55
1002,extraction_papers\ontocast_runs\run_500_more_20260721_105503\output\facts_c99f6f132c7d.ttl,True,129,144,0,29,32
1003,extraction_papers\ontocast_runs\run_500_more_20260721_105503\output\facts_c9fd6a77e380.ttl,True,149,162,0,0,36
1004,extraction_papers\ontocast_runs\run_500_more_20260721_105503\output\facts_cadda2082d0e.ttl,True,177,195,0,57,34
1005,extraction_papers\ontocast_runs\run_500_more_20260721_105503\output\facts_cb41414ff45b.ttl,True,110,127,0,46,0
1006,extraction_papers\ontocast_runs\run_500_more_20260721_105503\output\facts_cb60f865f2c9.ttl,True,190,206,0,0,33
1007,extraction_papers\ontocast_runs\run_500_more_20260721_105503\output\facts_cdb839ab2a34.ttl,True,226,243,0,56,0
1008,extraction_papers\ontocast_runs\run_500_more_20260721_105503\output\facts_cdc0b4f352bb.ttl,True,121,137,0,21,19
1009,extraction_papers\ontocast_runs\run_500_more_20260721_105503\output\facts_ce3b83abed23.ttl,True,99,114,0,0,50
1010,extraction_papers\ontocast_runs\run_500_more_20260721_105503\output\facts_cf1f5d2ba6da.ttl,True,224,239,0,0,70
1011,extraction_papers\ontocast_runs\run_500_more_20260721_105503\output\facts_cf4580bd02cb.ttl,True,209,227,0,43,11
1012,extraction_papers\ontocast_runs\run_500_more_20260721_105503\output\facts_d01fdfd7e505.ttl,True,176,192,0,48,42
1013,extraction_papers\ontocast_runs\run_500_more_20260721_105503\output\facts_d059b408e111.ttl,True,105,121,0,41,10
1014,extraction_papers\ontocast_runs\run_500_more_20260721_105503\output\facts_d0cf99a8d282.ttl,True,151,168,0,29,11
1015,extraction_papers\ontocast_runs\run_500_more_20260721_105503\output\facts_d2c7ac75036e.ttl,True,155,172,0,54,1
1016,extraction_papers\ontocast_runs\run_500_more_20260721_105503\output\facts_d2e5dfd67513.ttl,True,138,154,0,0,48
1017,extraction_papers\ontocast_runs\run_500_more_20260721_105503\output\facts_d38ecdfeaeef.ttl,True,150,168,0,47,44
1018,extraction_papers\ontocast_runs\run_500_more_20260721_105503\output\facts_d3b03bbd0128.ttl,True,212,224,0,32,47
1019,extraction_papers\ontocast_runs\run_500_more_20260721_105503\output\facts_d426846a60c4.ttl,True,135,151,0,4,46
1020,extraction_papers\ontocast_runs\run_500_more_20260721_105503\output\facts_d4a43c4ff34f.ttl,True,190,205,0,31,22
1021,extraction_papers\ontocast_runs\run_500_more_20260721_105503\output\facts_d6163d30c72f.ttl,True,211,228,0,62,18
1022,extraction_papers\ontocast_runs\run_500_more_20260721_105503\output\facts_d7d13902a4c5.ttl,True,173,189,0,36,7
1023,extraction_papers\ontocast_runs\run_500_more_20260721_105503\output\facts_d804cd13ff79.ttl,True,148,169,0,63,11
1024,extraction_papers\ontocast_runs\run_500_more_20260721_105503\output\facts_d82d2b95ae91.ttl,True,146,162,0,34,7
1025,extraction_papers\ontocast_runs\run_500_more_20260721_105503\output\facts_d8eb1db857f6.ttl,True,178,193,0,0,103
1026,extraction_papers\ontocast_runs\run_500_more_20260721_105503\output\facts_d9be5c7ce28b.ttl,True,159,177,0,37,29
1027,extraction_papers\ontocast_runs\run_500_more_20260721_105503\output\facts_d9c8a28c6182.ttl,True,162,179,0,40,38
1028,extraction_papers\ontocast_runs\run_500_more_20260721_105503\output\facts_db0885e26c8c.ttl,True,138,153,0,22,20
1029,extraction_papers\ontocast_runs\run_500_more_20260721_105503\output\facts_db1f79e7e962.ttl,True,219,234,0,0,0
1030,extraction_papers\ontocast_runs\run_500_more_20260721_105503\output\facts_dbd84a4e60e3.ttl,True,226,243,0,46,40
1031,extraction_papers\ontocast_runs\run_500_more_20260721_105503\output\facts_dc80fc97c2ac.ttl,True,148,163,0,0,42
1032,extraction_papers\ontocast_runs\run_500_more_20260721_105503\output\facts_dccb76a37d33.ttl,True,132,151,0,49,3
1033,extraction_papers\ontocast_runs\run_500_more_20260721_105503\output\facts_ded74c5c4816.ttl,True,199,214,0,11,27
1034,extraction_papers\ontocast_runs\run_500_more_20260721_105503\output\facts_def36f8670c0.ttl,True,167,183,0,27,12
1035,extraction_papers\ontocast_runs\run_500_more_20260721_105503\output\facts_df04a14fe010.ttl,True,141,156,0,0,0
1036,extraction_papers\ontocast_runs\run_500_more_20260721_105503\output\facts_df24e041485e.ttl,True,166,181,0,0,53
1037,extraction_papers\ontocast_runs\run_500_more_20260721_105503\output\facts_e049a7b635d8.ttl,True,124,139,0,10,65
1038,extraction_papers\ontocast_runs\run_500_more_20260721_105503\output\facts_e0867f5c7c21.ttl,True,156,173,0,60,36
1039,extraction_papers\ontocast_runs\run_500_more_20260721_105503\output\facts_e0f37b2abd9b.ttl,True,129,144,0,0,80
1040,extraction_papers\ontocast_runs\run_500_more_20260721_105503\output\facts_e147d0266de1.ttl,True,133,148,0,0,55
1041,extraction_papers\ontocast_runs\run_500_more_20260721_105503\output\facts_e15e43af9a53.ttl,True,158,173,0,11,54
1042,extraction_papers\ontocast_runs\run_500_more_20260721_105503\output\facts_e1bb0b3a326e.ttl,True,176,193,0,46,19
1043,extraction_papers\ontocast_runs\run_500_more_20260721_105503\output\facts_e1fbd2839a8f.ttl,True,86,101,0,5,20
1044,extraction_papers\ontocast_runs\run_500_more_20260721_105503\output\facts_e24dbd3f4270.ttl,True,113,130,0,17,19
1045,extraction_papers\ontocast_runs\run_500_more_20260721_105503\output\facts_e2e11d66f230.ttl,True,168,183,0,0,53
1046,extraction_papers\ontocast_runs\run_500_more_20260721_105503\output\facts_e4c6a92beaec.ttl,True,214,230,0,0,51
1047,extraction_papers\ontocast_runs\run_500_more_20260721_105503\output\facts_e57239423e97.ttl,True,134,151,1,56,6
1048,extraction_papers\ontocast_runs\run_500_more_20260721_105503\output\facts_e63ca102b55f.ttl,True,106,124,0,23,16
1049,extraction_papers\ontocast_runs\run_500_more_20260721_105503\output\facts_e6992b804d17.ttl,True,217,233,0,7,28
1050,extraction_papers\ontocast_runs\run_500_more_20260721_105503\output\facts_e6a42e1b816c.ttl,True,181,198,0,20,45
1051,extraction_papers\ontocast_runs\run_500_more_20260721_105503\output\facts_e7586c5f3e90.ttl,True,150,165,0,31,53
1052,extraction_papers\ontocast_runs\run_500_more_20260721_105503\output\facts_e7dd5b3c1da8.ttl,True,173,188,0,0,58
1053,extraction_papers\ontocast_runs\run_500_more_20260721_105503\output\facts_e86db4320b62.ttl,True,184,200,0,19,39
1054,extraction_papers\ontocast_runs\run_500_more_20260721_105503\output\facts_e87842fbcb67.ttl,True,144,161,0,38,8
1055,extraction_papers\ontocast_runs\run_500_more_20260721_105503\output\facts_e8ae7f1e0a4d.ttl,True,124,141,0,0,51
1056,extraction_papers\ontocast_runs\run_500_more_20260721_105503\output\facts_e8c8a5c919af.ttl,True,167,182,0,0,66
1057,extraction_papers\ontocast_runs\run_500_more_20260721_105503\output\facts_ea58497e74a2.ttl,True,112,130,0,37,3
1058,extraction_papers\ontocast_runs\run_500_more_20260721_105503\output\facts_ea94175ddfd5.ttl,True,234,251,0,56,8
1059,extraction_papers\ontocast_runs\run_500_more_20260721_105503\output\facts_ea99c14d2914.ttl,True,72,87,0,0,30
1060,extraction_papers\ontocast_runs\run_500_more_20260721_105503\output\facts_eaa56f09ab61.ttl,True,124,139,0,0,55
1061,extraction_papers\ontocast_runs\run_500_more_20260721_105503\output\facts_eaf7d8f16fac.ttl,True,156,173,0,30,25
1062,extraction_papers\ontocast_runs\run_500_more_20260721_105503\output\facts_ebed388f41ed.ttl,True,203,218,0,13,5
1063,extraction_papers\ontocast_runs\run_500_more_20260721_105503\output\facts_ec646a2507eb.ttl,True,188,204,0,0,67
1064,extraction_papers\ontocast_runs\run_500_more_20260721_105503\output\facts_ed1cdbe872df.ttl,True,142,158,0,29,18
1065,extraction_papers\ontocast_runs\run_500_more_20260721_105503\output\facts_ed2d565265fb.ttl,True,213,230,0,21,33
1066,extraction_papers\ontocast_runs\run_500_more_20260721_105503\output\facts_ede4e9db24aa.ttl,True,128,145,0,36,36
1067,extraction_papers\ontocast_runs\run_500_more_20260721_105503\output\facts_edeaf0d7ae46.ttl,True,128,144,0,3,46
1068,extraction_papers\ontocast_runs\run_500_more_20260721_105503\output\facts_eeefdc27abf1.ttl,True,177,192,0,0,44
1069,extraction_papers\ontocast_runs\run_500_more_20260721_105503\output\facts_ef2959399ba1.ttl,True,161,177,0,27,51
1070,extraction_papers\ontocast_runs\run_500_more_20260721_105503\output\facts_f05c2f8974c2.ttl,True,209,224,0,0,52
1071,extraction_papers\ontocast_runs\run_500_more_20260721_105503\output\facts_f2b10473f690.ttl,True,195,210,0,0,0
1072,extraction_papers\ontocast_runs\run_500_more_20260721_105503\output\facts_f2bc603e13fb.ttl,True,130,148,0,59,18
1073,extraction_papers\ontocast_runs\run_500_more_20260721_105503\output\facts_f46ccc885a23.ttl,True,145,161,0,43,0
1074,extraction_papers\ontocast_runs\run_500_more_20260721_105503\output\facts_f4e001ac1d13.ttl,True,162,177,0,12,39
1075,extraction_papers\ontocast_runs\run_500_more_20260721_105503\output\facts_f5847eac6656.ttl,True,97,112,0,0,58
1076,extraction_papers\ontocast_runs\run_500_more_20260721_105503\output\facts_f5ac33f45024.ttl,True,136,151,0,0,67
1077,extraction_papers\ontocast_runs\run_500_more_20260721_105503\output\facts_f5c67c048340.ttl,True,220,238,0,0,22
1078,extraction_papers\ontocast_runs\run_500_more_20260721_105503\output\facts_f71d2b80cc05.ttl,True,194,212,0,64,25
1079,extraction_papers\ontocast_runs\run_500_more_20260721_105503\output\facts_f7d51d04d425.ttl,True,118,135,0,34,5
1080,extraction_papers\ontocast_runs\run_500_more_20260721_105503\output\facts_f7e7d9da6858.ttl,True,160,178,0,43,2
1081,extraction_papers\ontocast_runs\run_500_more_20260721_105503\output\facts_f8174a8087bb.ttl,True,145,161,0,11,23
1082,extraction_papers\ontocast_runs\run_500_more_20260721_105503\output\facts_f835ffdc4f12.ttl,True,130,145,0,0,43
1083,extraction_papers\ontocast_runs\run_500_more_20260721_105503\output\facts_f869591ea2c6.ttl,True,169,185,0,19,32
1084,extraction_papers\ontocast_runs\run_500_more_20260721_105503\output\facts_f88ea939effa.ttl,True,229,246,0,0,30
1085,extraction_papers\ontocast_runs\run_500_more_20260721_105503\output\facts_f9248b9b0e78.ttl,True,97,107,2,0,31
1086,extraction_papers\ontocast_runs\run_500_more_20260721_105503\output\facts_f95680ba53dc.ttl,True,161,176,0,0,101
1087,extraction_papers\ontocast_runs\run_500_more_20260721_105503\output\facts_fa4252c7bb84.ttl,True,183,200,0,36,21
1088,extraction_papers\ontocast_runs\run_500_more_20260721_105503\output\facts_fa795558aa10.ttl,True,160,176,0,13,11
1089,extraction_papers\ontocast_runs\run_500_more_20260721_105503\output\facts_fb08fbf53c80.ttl,True,155,171,0,45,28
1090,extraction_papers\ontocast_runs\run_500_more_20260721_105503\output\facts_fbe2ab5fd0d9.ttl,True,157,175,1,68,8
1091,extraction_papers\ontocast_runs\run_500_more_20260721_105503\output\facts_fc0208cc411f.ttl,True,128,147,0,60,11
1092,extraction_papers\ontocast_runs\run_500_more_20260721_105503\output\facts_fc289f785b3b.ttl,True,166,181,0,0,74
1093,extraction_papers\ontocast_runs\run_500_more_20260721_105503\output\facts_fdd15faf2cbd.ttl,True,141,159,0,12,13
1094,extraction_papers\ontocast_runs\run_500_more_20260721_105503\output\facts_fefe415a3b8d.ttl,True,200,213,0,3,34
1095,extraction_papers\ontocast_runs\run_500_more_20260721_105503\output\facts_ff1f16a3d91e.ttl,True,186,202,0,21,27
1096,extraction_papers\ontocast_runs\run_500_more_20260721_105503\output\facts_ff2e56662a40.ttl,True,119,136,0,25,10
1097,extraction_papers\ontocast_runs\run_500_more_20260721_105503\output\facts_ff3a1cbf129d.ttl,True,107,125,0,0,22
1098,extraction_papers\ontocast_runs\run_500_more_20260721_105503\output\facts_ff7525fd4cca.ttl,True,208,223,0,0,67
1099,extraction_papers\ontocast_runs\run_500_more_20260721_105503\output\facts_fff2e56e0195.ttl,True,92,108,0,0,34
1100,extraction_papers\ontocast_runs\run_remaining_222_gpt-5.6-luna_20260723_010000\output\facts_01e57d818d7a.ttl,True,169,184,0,61,0
1101,extraction_papers\ontocast_runs\run_remaining_222_gpt-5.6-luna_20260723_010000\output\facts_03448a4640f9.ttl,True,131,149,0,33,15
1102,extraction_papers\ontocast_runs\run_remaining_222_gpt-5.6-luna_20260723_010000\output\facts_03747957117e.ttl,True,165,182,0,27,33
1103,extraction_papers\ontocast_runs\run_remaining_222_gpt-5.6-luna_20260723_010000\output\facts_03843da573ac.ttl,True,148,163,0,10,22
1104,extraction_papers\ontocast_runs\run_remaining_222_gpt-5.6-luna_20260723_010000\output\facts_039472e41e58.ttl,True,151,168,0,22,24
1105,extraction_papers\ontocast_runs\run_remaining_222_gpt-5.6-luna_20260723_010000\output\facts_072c701e1aec.ttl,True,201,219,2,30,25
1106,extraction_papers\ontocast_runs\run_remaining_222_gpt-5.6-luna_20260723_010000\output\facts_07874aec4c9e.ttl,True,211,225,0,0,45
1107,extraction_papers\ontocast_runs\run_remaining_222_gpt-5.6-luna_20260723_010000\output\facts_092c3cae5ff0.ttl,True,200,217,0,28,12
1108,extraction_papers\ontocast_runs\run_remaining_222_gpt-5.6-luna_20260723_010000\output\facts_098048959648.ttl,True,195,211,0,20,1
1109,extraction_papers\ontocast_runs\run_remaining_222_gpt-5.6-luna_20260723_010000\output\facts_0af55af5ffa3.ttl,True,242,257,1,19,16
1110,extraction_papers\ontocast_runs\run_remaining_222_gpt-5.6-luna_20260723_010000\output\facts_0b4edaadbf5f.ttl,True,209,226,0,31,21
1111,extraction_papers\ontocast_runs\run_remaining_222_gpt-5.6-luna_20260723_010000\output\facts_0c5f1728e109.ttl,True,220,237,0,14,11
1112,extraction_papers\ontocast_runs\run_remaining_222_gpt-5.6-luna_20260723_010000\output\facts_0c6ece871905.ttl,True,132,143,0,0,34
1113,extraction_papers\ontocast_runs\run_remaining_222_gpt-5.6-luna_20260723_010000\output\facts_0f4e2fa7b7d4.ttl,True,245,260,1,4,16
1114,extraction_papers\ontocast_runs\run_remaining_222_gpt-5.6-luna_20260723_010000\output\facts_1351d583d04f.ttl,True,150,160,1,0,20
1115,extraction_papers\ontocast_runs\run_remaining_222_gpt-5.6-luna_20260723_010000\output\facts_137a8efdcb9b.ttl,True,206,221,0,0,41
1116,extraction_papers\ontocast_runs\run_remaining_222_gpt-5.6-luna_20260723_010000\output\facts_14a88b82d86a.ttl,True,166,181,1,0,56
1117,extraction_papers\ontocast_runs\run_remaining_222_gpt-5.6-luna_20260723_010000\output\facts_181b67b38202.ttl,True,233,250,0,42,18
1118,extraction_papers\ontocast_runs\run_remaining_222_gpt-5.6-luna_20260723_010000\output\facts_19cfd06d6ac9.ttl,True,292,307,0,0,24
1119,extraction_papers\ontocast_runs\run_remaining_222_gpt-5.6-luna_20260723_010000\output\facts_1a25874fd12b.ttl,True,307,322,0,14,16
1120,extraction_papers\ontocast_runs\run_remaining_222_gpt-5.6-luna_20260723_010000\output\facts_1a4b59adbc4e.ttl,True,180,197,0,20,26
1121,extraction_papers\ontocast_runs\run_remaining_222_gpt-5.6-luna_20260723_010000\output\facts_1b66d6d835e9.ttl,True,135,150,0,0,49
1122,extraction_papers\ontocast_runs\run_remaining_222_gpt-5.6-luna_20260723_010000\output\facts_1b86996a0a8b.ttl,True,210,227,0,34,18
1123,extraction_papers\ontocast_runs\run_remaining_222_gpt-5.6-luna_20260723_010000\output\facts_1baa6cf968b4.ttl,True,215,230,0,17,19
1124,extraction_papers\ontocast_runs\run_remaining_222_gpt-5.6-luna_20260723_010000\output\facts_1c03a0b7ff5f.ttl,True,200,217,1,42,20
1125,extraction_papers\ontocast_runs\run_remaining_222_gpt-5.6-luna_20260723_010000\output\facts_1c6cc49c9a71.ttl,True,121,136,0,19,23
1126,extraction_papers\ontocast_runs\run_remaining_222_gpt-5.6-luna_20260723_010000\output\facts_1da826f0c28c.ttl,True,188,205,0,40,12
1127,extraction_papers\ontocast_runs\run_remaining_222_gpt-5.6-luna_20260723_010000\output\facts_1fe295632fa4.ttl,True,120,135,0,22,17
1128,extraction_papers\ontocast_runs\run_remaining_222_gpt-5.6-luna_20260723_010000\output\facts_20236381df42.ttl,True,233,248,0,34,11
1129,extraction_papers\ontocast_runs\run_remaining_222_gpt-5.6-luna_20260723_010000\output\facts_21b856a11c67.ttl,True,219,235,0,9,14
1130,extraction_papers\ontocast_runs\run_remaining_222_gpt-5.6-luna_20260723_010000\output\facts_22703794e4e5.ttl,True,251,266,2,21,12
1131,extraction_papers\ontocast_runs\run_remaining_222_gpt-5.6-luna_20260723_010000\output\facts_24142cf4e073.ttl,True,171,186,1,0,32
1132,extraction_papers\ontocast_runs\run_remaining_222_gpt-5.6-luna_20260723_010000\output\facts_242c68d37e3d.ttl,True,162,177,0,9,19
1133,extraction_papers\ontocast_runs\run_remaining_222_gpt-5.6-luna_20260723_010000\output\facts_253959a56087.ttl,True,186,203,0,26,10
1134,extraction_papers\ontocast_runs\run_remaining_222_gpt-5.6-luna_20260723_010000\output\facts_277681d7635d.ttl,True,221,238,4,47,9
1135,extraction_papers\ontocast_runs\run_remaining_222_gpt-5.6-luna_20260723_010000\output\facts_286a7fd89b9f.ttl,True,209,226,0,48,13
1136,extraction_papers\ontocast_runs\run_remaining_222_gpt-5.6-luna_20260723_010000\output\facts_29d7341cc46f.ttl,True,263,280,0,43,0
1137,extraction_papers\ontocast_runs\run_remaining_222_gpt-5.6-luna_20260723_010000\output\facts_2a85d1bfbdef.ttl,True,227,244,0,33,3
1138,extraction_papers\ontocast_runs\run_remaining_222_gpt-5.6-luna_20260723_010000\output\facts_2b20d0bd7e6a.ttl,True,162,179,1,63,0
1139,extraction_papers\ontocast_runs\run_remaining_222_gpt-5.6-luna_20260723_010000\output\facts_2c16787ac9e0.ttl,True,269,287,2,31,9
1140,extraction_papers\ontocast_runs\run_remaining_222_gpt-5.6-luna_20260723_010000\output\facts_2d670524aef8.ttl,True,183,198,0,17,34
1141,extraction_papers\ontocast_runs\run_remaining_222_gpt-5.6-luna_20260723_010000\output\facts_2f30ee3e2632.ttl,True,249,266,0,38,10
1142,extraction_papers\ontocast_runs\run_remaining_222_gpt-5.6-luna_20260723_010000\output\facts_31387fedf847.ttl,True,208,224,4,18,0
1143,extraction_papers\ontocast_runs\run_remaining_222_gpt-5.6-luna_20260723_010000\output\facts_32514aec473d.ttl,True,143,158,0,0,43
1144,extraction_papers\ontocast_runs\run_remaining_222_gpt-5.6-luna_20260723_010000\output\facts_32cdd644a2e6.ttl,True,167,184,0,19,12
1145,extraction_papers\ontocast_runs\run_remaining_222_gpt-5.6-luna_20260723_010000\output\facts_33bf865229ab.ttl,True,161,176,0,0,25
1146,extraction_papers\ontocast_runs\run_remaining_222_gpt-5.6-luna_20260723_010000\output\facts_33f467285044.ttl,True,225,240,1,0,42
1147,extraction_papers\ontocast_runs\run_remaining_222_gpt-5.6-luna_20260723_010000\output\facts_33fbece269a0.ttl,True,146,163,0,39,0
1148,extraction_papers\ontocast_runs\run_remaining_222_gpt-5.6-luna_20260723_010000\output\facts_3528fd45c52a.ttl,True,181,197,0,23,14
1149,extraction_papers\ontocast_runs\run_remaining_222_gpt-5.6-luna_20260723_010000\output\facts_38c6ea0ea119.ttl,True,203,218,0,0,55
1150,extraction_papers\ontocast_runs\run_remaining_222_gpt-5.6-luna_20260723_010000\output\facts_3ba067a41b30.ttl,True,135,153,0,40,15
1151,extraction_papers\ontocast_runs\run_remaining_222_gpt-5.6-luna_20260723_010000\output\facts_3c1ddd7c81fe.ttl,True,212,227,0,0,52
1152,extraction_papers\ontocast_runs\run_remaining_222_gpt-5.6-luna_20260723_010000\output\facts_3e2178a00e50.ttl,True,187,201,0,24,0
1153,extraction_papers\ontocast_runs\run_remaining_222_gpt-5.6-luna_20260723_010000\output\facts_3e8e5fa6233e.ttl,True,158,175,0,33,29
1154,extraction_papers\ontocast_runs\run_remaining_222_gpt-5.6-luna_20260723_010000\output\facts_409c55e04b54.ttl,True,223,241,0,14,9
1155,extraction_papers\ontocast_runs\run_remaining_222_gpt-5.6-luna_20260723_010000\output\facts_41b573abff6d.ttl,True,223,240,0,25,18
1156,extraction_papers\ontocast_runs\run_remaining_222_gpt-5.6-luna_20260723_010000\output\facts_440d76ac7160.ttl,True,255,272,1,39,12
1157,extraction_papers\ontocast_runs\run_remaining_222_gpt-5.6-luna_20260723_010000\output\facts_452b398e371f.ttl,True,259,276,11,22,27
1158,extraction_papers\ontocast_runs\run_remaining_222_gpt-5.6-luna_20260723_010000\output\facts_47ccb7197b1f.ttl,True,92,107,2,0,14
1159,extraction_papers\ontocast_runs\run_remaining_222_gpt-5.6-luna_20260723_010000\output\facts_482dd37c6a86.ttl,True,189,204,1,11,19
1160,extraction_papers\ontocast_runs\run_remaining_222_gpt-5.6-luna_20260723_010000\output\facts_4869fc39c639.ttl,True,210,227,0,39,4
1161,extraction_papers\ontocast_runs\run_remaining_222_gpt-5.6-luna_20260723_010000\output\facts_48810fde4054.ttl,True,175,190,0,14,31
1162,extraction_papers\ontocast_runs\run_remaining_222_gpt-5.6-luna_20260723_010000\output\facts_4a8e14b8cdd3.ttl,True,257,272,0,30,0
1163,extraction_papers\ontocast_runs\run_remaining_222_gpt-5.6-luna_20260723_010000\output\facts_4d9acadccc67.ttl,True,161,178,0,24,0
1164,extraction_papers\ontocast_runs\run_remaining_222_gpt-5.6-luna_20260723_010000\output\facts_50a1e18460c8.ttl,True,218,234,0,0,83
1165,extraction_papers\ontocast_runs\run_remaining_222_gpt-5.6-luna_20260723_010000\output\facts_50da3c79d8ac.ttl,True,119,136,0,41,14
1166,extraction_papers\ontocast_runs\run_remaining_222_gpt-5.6-luna_20260723_010000\output\facts_53448c2aae37.ttl,True,122,139,0,27,4
1167,extraction_papers\ontocast_runs\run_remaining_222_gpt-5.6-luna_20260723_010000\output\facts_55219e83c51c.ttl,True,215,230,0,0,58
1168,extraction_papers\ontocast_runs\run_remaining_222_gpt-5.6-luna_20260723_010000\output\facts_566d79f640d4.ttl,True,110,126,1,18,26
1169,extraction_papers\ontocast_runs\run_remaining_222_gpt-5.6-luna_20260723_010000\output\facts_57c2c60f0151.ttl,True,185,202,2,35,1
1170,extraction_papers\ontocast_runs\run_remaining_222_gpt-5.6-luna_20260723_010000\output\facts_5a974c9e2724.ttl,True,118,136,0,28,22
1171,extraction_papers\ontocast_runs\run_remaining_222_gpt-5.6-luna_20260723_010000\output\facts_5c72dd41f880.ttl,True,165,182,0,24,5
1172,extraction_papers\ontocast_runs\run_remaining_222_gpt-5.6-luna_20260723_010000\output\facts_5db748fcdacf.ttl,True,202,219,0,40,16
1173,extraction_papers\ontocast_runs\run_remaining_222_gpt-5.6-luna_20260723_010000\output\facts_5dd9c7a4e0b1.ttl,True,154,171,5,17,33
1174,extraction_papers\ontocast_runs\run_remaining_222_gpt-5.6-luna_20260723_010000\output\facts_5e5dffc0405c.ttl,True,162,179,0,28,21
1175,extraction_papers\ontocast_runs\run_remaining_222_gpt-5.6-luna_20260723_010000\output\facts_5ea2c4b65fc0.ttl,True,194,211,1,39,8
1176,extraction_papers\ontocast_runs\run_remaining_222_gpt-5.6-luna_20260723_010000\output\facts_602809aa5df4.ttl,True,246,261,0,4,12
1177,extraction_papers\ontocast_runs\run_remaining_222_gpt-5.6-luna_20260723_010000\output\facts_610c2c043112.ttl,True,220,236,0,33,0
1178,extraction_papers\ontocast_runs\run_remaining_222_gpt-5.6-luna_20260723_010000\output\facts_638e55510273.ttl,True,119,133,0,0,17
1179,extraction_papers\ontocast_runs\run_remaining_222_gpt-5.6-luna_20260723_010000\output\facts_63cfb09326c6.ttl,True,129,144,0,5,21
1180,extraction_papers\ontocast_runs\run_remaining_222_gpt-5.6-luna_20260723_010000\output\facts_63d81f44a5a8.ttl,True,193,209,0,34,10
1181,extraction_papers\ontocast_runs\run_remaining_222_gpt-5.6-luna_20260723_010000\output\facts_63ee7d0a864e.ttl,True,223,241,4,50,7
1182,extraction_papers\ontocast_runs\run_remaining_222_gpt-5.6-luna_20260723_010000\output\facts_644c5c2bc5e8.ttl,True,163,180,0,38,17
1183,extraction_papers\ontocast_runs\run_remaining_222_gpt-5.6-luna_20260723_010000\output\facts_64e27135ed29.ttl,True,175,192,0,68,9
1184,extraction_papers\ontocast_runs\run_remaining_222_gpt-5.6-luna_20260723_010000\output\facts_65932973d86a.ttl,True,221,238,0,39,4
1185,extraction_papers\ontocast_runs\run_remaining_222_gpt-5.6-luna_20260723_010000\output\facts_672e62c2debc.ttl,True,188,205,0,32,17
1186,extraction_papers\ontocast_runs\run_remaining_222_gpt-5.6-luna_20260723_010000\output\facts_67da28787783.ttl,True,183,194,0,30,23
1187,extraction_papers\ontocast_runs\run_remaining_222_gpt-5.6-luna_20260723_010000\output\facts_67eacbaef38c.ttl,True,198,213,0,13,32
1188,extraction_papers\ontocast_runs\run_remaining_222_gpt-5.6-luna_20260723_010000\output\facts_696621ed84be.ttl,True,142,159,0,23,24
1189,extraction_papers\ontocast_runs\run_remaining_222_gpt-5.6-luna_20260723_010000\output\facts_6969dc93b9bb.ttl,True,195,210,0,0,40
1190,extraction_papers\ontocast_runs\run_remaining_222_gpt-5.6-luna_20260723_010000\output\facts_6b2d7c4fe78f.ttl,True,280,295,0,0,39
1191,extraction_papers\ontocast_runs\run_remaining_222_gpt-5.6-luna_20260723_010000\output\facts_6ce9869fc1da.ttl,True,168,181,1,26,10
1192,extraction_papers\ontocast_runs\run_remaining_222_gpt-5.6-luna_20260723_010000\output\facts_6d52613b3619.ttl,True,165,180,0,16,20
1193,extraction_papers\ontocast_runs\run_remaining_222_gpt-5.6-luna_20260723_010000\output\facts_7024c526be02.ttl,True,156,173,0,46,12
1194,extraction_papers\ontocast_runs\run_remaining_222_gpt-5.6-luna_20260723_010000\output\facts_70d54bc7cf1c.ttl,True,203,219,0,38,19
1195,extraction_papers\ontocast_runs\run_remaining_222_gpt-5.6-luna_20260723_010000\output\facts_70eda5da7729.ttl,True,139,156,0,23,28
1196,extraction_papers\ontocast_runs\run_remaining_222_gpt-5.6-luna_20260723_010000\output\facts_73edceab6847.ttl,True,240,255,0,0,18
1197,extraction_papers\ontocast_runs\run_remaining_222_gpt-5.6-luna_20260723_010000\output\facts_76a7d852c8c9.ttl,True,171,185,0,24,11
1198,extraction_papers\ontocast_runs\run_remaining_222_gpt-5.6-luna_20260723_010000\output\facts_781f5eb358bd.ttl,True,193,208,0,17,28
1199,extraction_papers\ontocast_runs\run_remaining_222_gpt-5.6-luna_20260723_010000\output\facts_784c635b412d.ttl,True,167,184,0,42,9
1200,extraction_papers\ontocast_runs\run_remaining_222_gpt-5.6-luna_20260723_010000\output\facts_785ddb1ecc01.ttl,True,171,188,1,36,13
1201,extraction_papers\ontocast_runs\run_remaining_222_gpt-5.6-luna_20260723_010000\output\facts_789d4e223de6.ttl,True,141,156,0,0,50
1202,extraction_papers\ontocast_runs\run_remaining_222_gpt-5.6-luna_20260723_010000\output\facts_7936a6d31e36.ttl,True,148,163,0,35,7
1203,extraction_papers\ontocast_runs\run_remaining_222_gpt-5.6-luna_20260723_010000\output\facts_7ac79f3ecde7.ttl,True,202,219,0,32,0
1204,extraction_papers\ontocast_runs\run_remaining_222_gpt-5.6-luna_20260723_010000\output\facts_7ba7791cad36.ttl,True,299,316,11,57,11
1205,extraction_papers\ontocast_runs\run_remaining_222_gpt-5.6-luna_20260723_010000\output\facts_7d3afcd0b143.ttl,True,269,286,0,39,8
1206,extraction_papers\ontocast_runs\run_remaining_222_gpt-5.6-luna_20260723_010000\output\facts_7d68dca0a95a.ttl,True,93,110,0,35,8
1207,extraction_papers\ontocast_runs\run_remaining_222_gpt-5.6-luna_20260723_010000\output\facts_7ee90e1dd3f8.ttl,True,314,329,0,13,10
1208,extraction_papers\ontocast_runs\run_remaining_222_gpt-5.6-luna_20260723_010000\output\facts_7f3c33d3130b.ttl,True,228,239,0,33,16
1209,extraction_papers\ontocast_runs\run_remaining_222_gpt-5.6-luna_20260723_010000\output\facts_80160046114f.ttl,True,249,266,0,38,0
1210,extraction_papers\ontocast_runs\run_remaining_222_gpt-5.6-luna_20260723_010000\output\facts_836811d75aa5.ttl,True,185,196,0,35,23
1211,extraction_papers\ontocast_runs\run_remaining_222_gpt-5.6-luna_20260723_010000\output\facts_842d44f1a21a.ttl,True,144,159,0,15,5
1212,extraction_papers\ontocast_runs\run_remaining_222_gpt-5.6-luna_20260723_010000\output\facts_84f585c6cda9.ttl,True,142,157,0,0,55
1213,extraction_papers\ontocast_runs\run_remaining_222_gpt-5.6-luna_20260723_010000\output\facts_8851ad1ea301.ttl,True,251,268,0,29,19
1214,extraction_papers\ontocast_runs\run_remaining_222_gpt-5.6-luna_20260723_010000\output\facts_8871ed407bd4.ttl,True,202,219,0,69,11
1215,extraction_papers\ontocast_runs\run_remaining_222_gpt-5.6-luna_20260723_010000\output\facts_8895eba68552.ttl,True,200,216,0,11,12
1216,extraction_papers\ontocast_runs\run_remaining_222_gpt-5.6-luna_20260723_010000\output\facts_8931a2f90142.ttl,True,123,135,0,0,33
1217,extraction_papers\ontocast_runs\run_remaining_222_gpt-5.6-luna_20260723_010000\output\facts_89721bc0ca3e.ttl,True,174,189,1,7,10
1218,extraction_papers\ontocast_runs\run_remaining_222_gpt-5.6-luna_20260723_010000\output\facts_89e5b0acb912.ttl,True,145,160,0,0,39
1219,extraction_papers\ontocast_runs\run_remaining_222_gpt-5.6-luna_20260723_010000\output\facts_8a066beed2f1.ttl,True,152,169,0,29,4
1220,extraction_papers\ontocast_runs\run_remaining_222_gpt-5.6-luna_20260723_010000\output\facts_8ac5db464e7a.ttl,True,224,241,6,39,7
1221,extraction_papers\ontocast_runs\run_remaining_222_gpt-5.6-luna_20260723_010000\output\facts_8efd958c9afa.ttl,True,285,302,0,43,0
1222,extraction_papers\ontocast_runs\run_remaining_222_gpt-5.6-luna_20260723_010000\output\facts_8fccbcfb2463.ttl,True,143,160,0,28,16
1223,extraction_papers\ontocast_runs\run_remaining_222_gpt-5.6-luna_20260723_010000\output\facts_90157d8ccfad.ttl,True,109,126,0,36,4
1224,extraction_papers\ontocast_runs\run_remaining_222_gpt-5.6-luna_20260723_010000\output\facts_9087a6154225.ttl,True,234,251,1,56,0
1225,extraction_papers\ontocast_runs\run_remaining_222_gpt-5.6-luna_20260723_010000\output\facts_90a09225d19d.ttl,True,157,174,0,35,26
1226,extraction_papers\ontocast_runs\run_remaining_222_gpt-5.6-luna_20260723_010000\output\facts_90a74f6cecdf.ttl,True,155,172,0,19,28
1227,extraction_papers\ontocast_runs\run_remaining_222_gpt-5.6-luna_20260723_010000\output\facts_92925fcec6f7.ttl,True,152,167,1,13,35
1228,extraction_papers\ontocast_runs\run_remaining_222_gpt-5.6-luna_20260723_010000\output\facts_92bd1fa42ed6.ttl,True,181,196,0,0,45
1229,extraction_papers\ontocast_runs\run_remaining_222_gpt-5.6-luna_20260723_010000\output\facts_92f84bca2575.ttl,True,154,170,0,18,22
1230,extraction_papers\ontocast_runs\run_remaining_222_gpt-5.6-luna_20260723_010000\output\facts_93deedf6432c.ttl,True,178,195,1,46,32
1231,extraction_papers\ontocast_runs\run_remaining_222_gpt-5.6-luna_20260723_010000\output\facts_94f305fad678.ttl,True,256,271,0,0,64
1232,extraction_papers\ontocast_runs\run_remaining_222_gpt-5.6-luna_20260723_010000\output\facts_96ba2247cc7b.ttl,True,190,205,0,22,28
1233,extraction_papers\ontocast_runs\run_remaining_222_gpt-5.6-luna_20260723_010000\output\facts_96f54b4a2a75.ttl,True,246,259,0,0,40
1234,extraction_papers\ontocast_runs\run_remaining_222_gpt-5.6-luna_20260723_010000\output\facts_972bd570a912.ttl,True,166,181,0,23,8
1235,extraction_papers\ontocast_runs\run_remaining_222_gpt-5.6-luna_20260723_010000\output\facts_9a438d4a50c5.ttl,True,176,191,1,0,30
1236,extraction_papers\ontocast_runs\run_remaining_222_gpt-5.6-luna_20260723_010000\output\facts_9b03a9e967eb.ttl,True,221,233,0,0,18
1237,extraction_papers\ontocast_runs\run_remaining_222_gpt-5.6-luna_20260723_010000\output\facts_9c3b24a4de9b.ttl,True,176,194,0,29,6
1238,extraction_papers\ontocast_runs\run_remaining_222_gpt-5.6-luna_20260723_010000\output\facts_9da3f1d26301.ttl,True,189,205,0,18,19
1239,extraction_papers\ontocast_runs\run_remaining_222_gpt-5.6-luna_20260723_010000\output\facts_9e6e93f2160c.ttl,True,153,170,0,34,21
1240,extraction_papers\ontocast_runs\run_remaining_222_gpt-5.6-luna_20260723_010000\output\facts_9eec19823641.ttl,True,241,256,0,0,19
1241,extraction_papers\ontocast_runs\run_remaining_222_gpt-5.6-luna_20260723_010000\output\facts_a0bdfe6195b5.ttl,True,132,148,0,29,19
1242,extraction_papers\ontocast_runs\run_remaining_222_gpt-5.6-luna_20260723_010000\output\facts_a20b71e0f3db.ttl,True,151,168,0,50,0
1243,extraction_papers\ontocast_runs\run_remaining_222_gpt-5.6-luna_20260723_010000\output\facts_a38ce9f66f1f.ttl,True,152,167,0,0,37
1244,extraction_papers\ontocast_runs\run_remaining_222_gpt-5.6-luna_20260723_010000\output\facts_a39ad881a214.ttl,True,124,141,0,20,29
1245,extraction_papers\ontocast_runs\run_remaining_222_gpt-5.6-luna_20260723_010000\output\facts_a3b399d2a36a.ttl,True,121,138,0,26,9
1246,extraction_papers\ontocast_runs\run_remaining_222_gpt-5.6-luna_20260723_010000\output\facts_a4e5fabfddd7.ttl,True,147,162,1,13,12
1247,extraction_papers\ontocast_runs\run_remaining_222_gpt-5.6-luna_20260723_010000\output\facts_aa6451a77549.ttl,True,230,247,0,38,3
1248,extraction_papers\ontocast_runs\run_remaining_222_gpt-5.6-luna_20260723_010000\output\facts_aae9846c0cba.ttl,True,145,162,0,28,21
1249,extraction_papers\ontocast_runs\run_remaining_222_gpt-5.6-luna_20260723_010000\output\facts_aeb242bbc64f.ttl,True,157,172,2,9,9
1250,extraction_papers\ontocast_runs\run_remaining_222_gpt-5.6-luna_20260723_010000\output\facts_af87d3fd9098.ttl,True,179,194,0,14,20
1251,extraction_papers\ontocast_runs\run_remaining_222_gpt-5.6-luna_20260723_010000\output\facts_af8bb19647a5.ttl,True,194,210,0,25,35
1252,extraction_papers\ontocast_runs\run_remaining_222_gpt-5.6-luna_20260723_010000\output\facts_b14e095665e0.ttl,True,186,201,0,0,52
1253,extraction_papers\ontocast_runs\run_remaining_222_gpt-5.6-luna_20260723_010000\output\facts_b5683b42e377.ttl,True,210,225,0,0,55
1254,extraction_papers\ontocast_runs\run_remaining_222_gpt-5.6-luna_20260723_010000\output\facts_b663b16ff991.ttl,True,137,154,0,39,3
1255,extraction_papers\ontocast_runs\run_remaining_222_gpt-5.6-luna_20260723_010000\output\facts_b7faba28aafe.ttl,True,228,245,0,72,0
1256,extraction_papers\ontocast_runs\run_remaining_222_gpt-5.6-luna_20260723_010000\output\facts_ba8d3cc61f95.ttl,True,162,178,1,15,24
1257,extraction_papers\ontocast_runs\run_remaining_222_gpt-5.6-luna_20260723_010000\output\facts_bcda1f1d73d1.ttl,True,198,214,0,35,0
1258,extraction_papers\ontocast_runs\run_remaining_222_gpt-5.6-luna_20260723_010000\output\facts_bd459baa2840.ttl,True,207,224,1,60,0
1259,extraction_papers\ontocast_runs\run_remaining_222_gpt-5.6-luna_20260723_010000\output\facts_bd8741b801f5.ttl,True,196,213,4,50,5
1260,extraction_papers\ontocast_runs\run_remaining_222_gpt-5.6-luna_20260723_010000\output\facts_c1421978e585.ttl,True,228,243,0,15,16
1261,extraction_papers\ontocast_runs\run_remaining_222_gpt-5.6-luna_20260723_010000\output\facts_c1512a321cec.ttl,True,209,226,0,45,11
1262,extraction_papers\ontocast_runs\run_remaining_222_gpt-5.6-luna_20260723_010000\output\facts_c5eb67177d8f.ttl,True,135,150,0,0,45
1263,extraction_papers\ontocast_runs\run_remaining_222_gpt-5.6-luna_20260723_010000\output\facts_c746f6b5ac4b.ttl,True,231,247,0,15,6
1264,extraction_papers\ontocast_runs\run_remaining_222_gpt-5.6-luna_20260723_010000\output\facts_c8483b99906a.ttl,True,166,183,0,34,13
1265,extraction_papers\ontocast_runs\run_remaining_222_gpt-5.6-luna_20260723_010000\output\facts_cc6e8f194411.ttl,True,133,150,0,31,26
1266,extraction_papers\ontocast_runs\run_remaining_222_gpt-5.6-luna_20260723_010000\output\facts_cd64449792ac.ttl,True,122,137,0,0,24
1267,extraction_papers\ontocast_runs\run_remaining_222_gpt-5.6-luna_20260723_010000\output\facts_ce64d01e6e6f.ttl,True,232,247,0,0,9
1268,extraction_papers\ontocast_runs\run_remaining_222_gpt-5.6-luna_20260723_010000\output\facts_ce74b9389643.ttl,True,177,193,1,31,38
1269,extraction_papers\ontocast_runs\run_remaining_222_gpt-5.6-luna_20260723_010000\output\facts_cee29a015fdd.ttl,True,106,123,0,34,0
1270,extraction_papers\ontocast_runs\run_remaining_222_gpt-5.6-luna_20260723_010000\output\facts_d080f31ebe42.ttl,True,265,282,0,37,14
1271,extraction_papers\ontocast_runs\run_remaining_222_gpt-5.6-luna_20260723_010000\output\facts_d14f190f8d84.ttl,True,243,260,1,25,25
1272,extraction_papers\ontocast_runs\run_remaining_222_gpt-5.6-luna_20260723_010000\output\facts_d1ed423c8259.ttl,True,186,204,0,42,6
1273,extraction_papers\ontocast_runs\run_remaining_222_gpt-5.6-luna_20260723_010000\output\facts_d30fb2476919.ttl,True,158,173,0,0,57
1274,extraction_papers\ontocast_runs\run_remaining_222_gpt-5.6-luna_20260723_010000\output\facts_d3e0fb39267d.ttl,True,123,133,0,19,1
1275,extraction_papers\ontocast_runs\run_remaining_222_gpt-5.6-luna_20260723_010000\output\facts_d5b6bf685d18.ttl,True,253,269,0,45,8
1276,extraction_papers\ontocast_runs\run_remaining_222_gpt-5.6-luna_20260723_010000\output\facts_d640a2871d8b.ttl,True,167,182,1,0,49
1277,extraction_papers\ontocast_runs\run_remaining_222_gpt-5.6-luna_20260723_010000\output\facts_d950a4f6fe1d.ttl,True,150,167,0,58,3
1278,extraction_papers\ontocast_runs\run_remaining_222_gpt-5.6-luna_20260723_010000\output\facts_db4663aa5cea.ttl,True,176,192,1,37,2
1279,extraction_papers\ontocast_runs\run_remaining_222_gpt-5.6-luna_20260723_010000\output\facts_dbb9b16d8ee9.ttl,True,112,128,0,20,9
1280,extraction_papers\ontocast_runs\run_remaining_222_gpt-5.6-luna_20260723_010000\output\facts_dcbe61b927e6.ttl,True,183,198,1,25,26
1281,extraction_papers\ontocast_runs\run_remaining_222_gpt-5.6-luna_20260723_010000\output\facts_de1cb3329ec1.ttl,True,154,172,0,41,17
1282,extraction_papers\ontocast_runs\run_remaining_222_gpt-5.6-luna_20260723_010000\output\facts_de716dc27fa7.ttl,True,140,155,3,18,1
1283,extraction_papers\ontocast_runs\run_remaining_222_gpt-5.6-luna_20260723_010000\output\facts_e037695a99e1.ttl,True,204,221,0,22,3
1284,extraction_papers\ontocast_runs\run_remaining_222_gpt-5.6-luna_20260723_010000\output\facts_e0743ee6959c.ttl,True,156,173,0,45,8
1285,extraction_papers\ontocast_runs\run_remaining_222_gpt-5.6-luna_20260723_010000\output\facts_e48593a3eb5c.ttl,True,185,204,0,33,14
1286,extraction_papers\ontocast_runs\run_remaining_222_gpt-5.6-luna_20260723_010000\output\facts_e58918e79d02.ttl,True,136,153,0,28,0
1287,extraction_papers\ontocast_runs\run_remaining_222_gpt-5.6-luna_20260723_010000\output\facts_e72f4c699cc9.ttl,True,312,327,0,0,50
1288,extraction_papers\ontocast_runs\run_remaining_222_gpt-5.6-luna_20260723_010000\output\facts_e8f9b6381397.ttl,True,202,219,0,40,14
1289,extraction_papers\ontocast_runs\run_remaining_222_gpt-5.6-luna_20260723_010000\output\facts_e9c8c3223f44.ttl,True,209,222,0,26,9
1290,extraction_papers\ontocast_runs\run_remaining_222_gpt-5.6-luna_20260723_010000\output\facts_e9d5f1b2e212.ttl,True,213,230,0,38,5
1291,extraction_papers\ontocast_runs\run_remaining_222_gpt-5.6-luna_20260723_010000\output\facts_ea8987a8d571.ttl,True,260,274,3,15,35
1292,extraction_papers\ontocast_runs\run_remaining_222_gpt-5.6-luna_20260723_010000\output\facts_ea9c09b2de43.ttl,True,203,219,0,26,60
1293,extraction_papers\ontocast_runs\run_remaining_222_gpt-5.6-luna_20260723_010000\output\facts_eaacd0db92a8.ttl,True,198,217,0,61,19
1294,extraction_papers\ontocast_runs\run_remaining_222_gpt-5.6-luna_20260723_010000\output\facts_eea52ea5e5f8.ttl,True,156,171,1,17,6
1295,extraction_papers\ontocast_runs\run_remaining_222_gpt-5.6-luna_20260723_010000\output\facts_f0482c0aba6b.ttl,True,179,196,0,53,11
1296,extraction_papers\ontocast_runs\run_remaining_222_gpt-5.6-luna_20260723_010000\output\facts_f04bcb2fbf2a.ttl,True,228,243,0,0,55
1297,extraction_papers\ontocast_runs\run_remaining_222_gpt-5.6-luna_20260723_010000\output\facts_f30058b0f53d.ttl,True,270,287,1,22,21
1298,extraction_papers\ontocast_runs\run_remaining_222_gpt-5.6-luna_20260723_010000\output\facts_f3fb4db14771.ttl,True,335,351,0,42,0
1299,extraction_papers\ontocast_runs\run_remaining_222_gpt-5.6-luna_20260723_010000\output\facts_f446d26fb265.ttl,True,165,180,0,27,8
1300,extraction_papers\ontocast_runs\run_remaining_222_gpt-5.6-luna_20260723_010000\output\facts_f47132de814d.ttl,True,135,146,1,16,6
1301,extraction_papers\ontocast_runs\run_remaining_222_gpt-5.6-luna_20260723_010000\output\facts_f4da830ae406.ttl,True,164,181,0,60,0
1302,extraction_papers\ontocast_runs\run_remaining_222_gpt-5.6-luna_20260723_010000\output\facts_f5578a4ce5d7.ttl,True,227,246,0,63,15
1303,extraction_papers\ontocast_runs\run_remaining_222_gpt-5.6-luna_20260723_010000\output\facts_f63a5b74e9e3.ttl,True,168,184,0,29,14
1304,extraction_papers\ontocast_runs\run_remaining_222_gpt-5.6-luna_20260723_010000\output\facts_f78baf4da1fb.ttl,True,210,228,0,33,17
1305,extraction_papers\ontocast_runs\run_remaining_222_gpt-5.6-luna_20260723_010000\output\facts_fa07e1bcf7c7.ttl,True,175,190,0,16,13
1306,extraction_papers\ontocast_runs\run_remaining_222_gpt-5.6-luna_20260723_010000\output\facts_fa16148c05bc.ttl,True,182,197,0,23,14
1307,extraction_papers\ontocast_runs\run_remaining_222_gpt-5.6-luna_20260723_010000\output\facts_fb2d996f709c.ttl,True,212,229,0,38,0
1308,extraction_papers\ontocast_runs\run_remaining_222_gpt-5.6-luna_20260723_010000\output\facts_fc31dfbeb7ef.ttl,True,180,195,1,0,23
1309,extraction_papers\ontocast_runs\run_remaining_500_gpt-5.6-luna_20260723_010000\output\facts_0096a913292f.ttl,True,219,229,0,0,37
1310,extraction_papers\ontocast_runs\run_remaining_500_gpt-5.6-luna_20260723_010000\output\facts_00ab9259d632.ttl,True,215,232,0,53,0
1311,extraction_papers\ontocast_runs\run_remaining_500_gpt-5.6-luna_20260723_010000\output\facts_01f4534b1ddc.ttl,True,153,168,0,18,18
1312,extraction_papers\ontocast_runs\run_remaining_500_gpt-5.6-luna_20260723_010000\output\facts_030f9dbc9a6c.ttl,True,158,175,0,53,0
1313,extraction_papers\ontocast_runs\run_remaining_500_gpt-5.6-luna_20260723_010000\output\facts_0446eae59bd2.ttl,True,222,239,0,47,5
1314,extraction_papers\ontocast_runs\run_remaining_500_gpt-5.6-luna_20260723_010000\output\facts_04a33d766a3e.ttl,True,172,189,0,53,0
1315,extraction_papers\ontocast_runs\run_remaining_500_gpt-5.6-luna_20260723_010000\output\facts_051b4353fd33.ttl,True,180,191,0,14,35
1316,extraction_papers\ontocast_runs\run_remaining_500_gpt-5.6-luna_20260723_010000\output\facts_051b9bcaaf19.ttl,True,185,197,0,22,24
1317,extraction_papers\ontocast_runs\run_remaining_500_gpt-5.6-luna_20260723_010000\output\facts_05bf96b62766.ttl,True,160,176,0,20,10
1318,extraction_papers\ontocast_runs\run_remaining_500_gpt-5.6-luna_20260723_010000\output\facts_060ba91eb20d.ttl,True,272,288,0,28,31
1319,extraction_papers\ontocast_runs\run_remaining_500_gpt-5.6-luna_20260723_010000\output\facts_064b58fba9ee.ttl,True,144,160,0,30,2
1320,extraction_papers\ontocast_runs\run_remaining_500_gpt-5.6-luna_20260723_010000\output\facts_06b9ca1cf6ae.ttl,True,179,194,0,21,0
1321,extraction_papers\ontocast_runs\run_remaining_500_gpt-5.6-luna_20260723_010000\output\facts_09ed4e3bae46.ttl,True,172,187,5,16,20
1322,extraction_papers\ontocast_runs\run_remaining_500_gpt-5.6-luna_20260723_010000\output\facts_0a47efc026a6.ttl,True,148,164,0,23,35
1323,extraction_papers\ontocast_runs\run_remaining_500_gpt-5.6-luna_20260723_010000\output\facts_0b1b96e4b652.ttl,True,257,273,0,50,18
1324,extraction_papers\ontocast_runs\run_remaining_500_gpt-5.6-luna_20260723_010000\output\facts_0c664880dd3c.ttl,True,222,237,0,0,66
1325,extraction_papers\ontocast_runs\run_remaining_500_gpt-5.6-luna_20260723_010000\output\facts_0d2ec18f11d1.ttl,True,142,159,3,27,15
1326,extraction_papers\ontocast_runs\run_remaining_500_gpt-5.6-luna_20260723_010000\output\facts_0d60969295f2.ttl,True,162,174,0,0,35
1327,extraction_papers\ontocast_runs\run_remaining_500_gpt-5.6-luna_20260723_010000\output\facts_0e1b49678af8.ttl,True,207,223,0,39,26
1328,extraction_papers\ontocast_runs\run_remaining_500_gpt-5.6-luna_20260723_010000\output\facts_0e4481a7eb0c.ttl,True,166,181,0,0,26
1329,extraction_papers\ontocast_runs\run_remaining_500_gpt-5.6-luna_20260723_010000\output\facts_0eb43578e68e.ttl,True,164,181,0,32,14
1330,extraction_papers\ontocast_runs\run_remaining_500_gpt-5.6-luna_20260723_010000\output\facts_0f60e5da0843.ttl,True,132,149,0,38,19
1331,extraction_papers\ontocast_runs\run_remaining_500_gpt-5.6-luna_20260723_010000\output\facts_10d6023c44c9.ttl,True,168,186,0,41,22
1332,extraction_papers\ontocast_runs\run_remaining_500_gpt-5.6-luna_20260723_010000\output\facts_1184fed954d3.ttl,True,144,161,0,31,31
1333,extraction_papers\ontocast_runs\run_remaining_500_gpt-5.6-luna_20260723_010000\output\facts_121f202550f5.ttl,True,175,192,0,24,29
1334,extraction_papers\ontocast_runs\run_remaining_500_gpt-5.6-luna_20260723_010000\output\facts_1323e03ba2da.ttl,True,126,141,0,0,24
1335,extraction_papers\ontocast_runs\run_remaining_500_gpt-5.6-luna_20260723_010000\output\facts_1343234cf080.ttl,True,116,132,0,22,13
1336,extraction_papers\ontocast_runs\run_remaining_500_gpt-5.6-luna_20260723_010000\output\facts_14222ad185b5.ttl,True,160,176,0,30,20
1337,extraction_papers\ontocast_runs\run_remaining_500_gpt-5.6-luna_20260723_010000\output\facts_150ec758bcaf.ttl,True,227,244,3,32,10
1338,extraction_papers\ontocast_runs\run_remaining_500_gpt-5.6-luna_20260723_010000\output\facts_15133eb05d65.ttl,True,164,181,0,52,0
1339,extraction_papers\ontocast_runs\run_remaining_500_gpt-5.6-luna_20260723_010000\output\facts_152d6e89992d.ttl,True,149,166,1,72,0
1340,extraction_papers\ontocast_runs\run_remaining_500_gpt-5.6-luna_20260723_010000\output\facts_16497921a57e.ttl,True,128,145,0,28,13
1341,extraction_papers\ontocast_runs\run_remaining_500_gpt-5.6-luna_20260723_010000\output\facts_16bcae5566a3.ttl,True,185,202,0,35,0
1342,extraction_papers\ontocast_runs\run_remaining_500_gpt-5.6-luna_20260723_010000\output\facts_1763f50408fc.ttl,True,216,233,1,54,13
1343,extraction_papers\ontocast_runs\run_remaining_500_gpt-5.6-luna_20260723_010000\output\facts_183dfb997644.ttl,True,231,248,1,54,20
1344,extraction_papers\ontocast_runs\run_remaining_500_gpt-5.6-luna_20260723_010000\output\facts_195833fe582a.ttl,True,116,133,0,32,15
1345,extraction_papers\ontocast_runs\run_remaining_500_gpt-5.6-luna_20260723_010000\output\facts_19c140c61889.ttl,True,233,250,0,42,34
1346,extraction_papers\ontocast_runs\run_remaining_500_gpt-5.6-luna_20260723_010000\output\facts_1a10e2b11331.ttl,True,172,187,0,22,0
1347,extraction_papers\ontocast_runs\run_remaining_500_gpt-5.6-luna_20260723_010000\output\facts_1a68d0cb7455.ttl,True,143,160,0,38,3
1348,extraction_papers\ontocast_runs\run_remaining_500_gpt-5.6-luna_20260723_010000\output\facts_1bb0c9c81b25.ttl,True,212,227,0,26,31
1349,extraction_papers\ontocast_runs\run_remaining_500_gpt-5.6-luna_20260723_010000\output\facts_1e2a219145c1.ttl,True,174,189,6,20,6
1350,extraction_papers\ontocast_runs\run_remaining_500_gpt-5.6-luna_20260723_010000\output\facts_1e8aafd3522f.ttl,True,143,157,0,31,34
1351,extraction_papers\ontocast_runs\run_remaining_500_gpt-5.6-luna_20260723_010000\output\facts_1f3407b2861d.ttl,True,268,285,0,35,14
1352,extraction_papers\ontocast_runs\run_remaining_500_gpt-5.6-luna_20260723_010000\output\facts_1f9fe4910c47.ttl,True,150,167,0,26,22
1353,extraction_papers\ontocast_runs\run_remaining_500_gpt-5.6-luna_20260723_010000\output\facts_219ab79cc639.ttl,True,173,190,0,27,14
1354,extraction_papers\ontocast_runs\run_remaining_500_gpt-5.6-luna_20260723_010000\output\facts_22ec0f660993.ttl,True,257,274,2,63,2
1355,extraction_papers\ontocast_runs\run_remaining_500_gpt-5.6-luna_20260723_010000\output\facts_24007ac0747b.ttl,True,202,217,0,0,27
1356,extraction_papers\ontocast_runs\run_remaining_500_gpt-5.6-luna_20260723_010000\output\facts_2422d523644d.ttl,True,207,224,0,28,24
1357,extraction_papers\ontocast_runs\run_remaining_500_gpt-5.6-luna_20260723_010000\output\facts_2426b80bfc88.ttl,True,133,150,0,25,20
1358,extraction_papers\ontocast_runs\run_remaining_500_gpt-5.6-luna_20260723_010000\output\facts_24cab02c15db.ttl,True,169,182,0,37,9
1359,extraction_papers\ontocast_runs\run_remaining_500_gpt-5.6-luna_20260723_010000\output\facts_24ffaa57f421.ttl,True,240,255,0,0,25
1360,extraction_papers\ontocast_runs\run_remaining_500_gpt-5.6-luna_20260723_010000\output\facts_263c01111d8a.ttl,True,161,178,0,37,1
1361,extraction_papers\ontocast_runs\run_remaining_500_gpt-5.6-luna_20260723_010000\output\facts_26a11fd4b51b.ttl,True,186,201,0,21,21
1362,extraction_papers\ontocast_runs\run_remaining_500_gpt-5.6-luna_20260723_010000\output\facts_26e4ffeefb6d.ttl,True,139,156,0,24,10
1363,extraction_papers\ontocast_runs\run_remaining_500_gpt-5.6-luna_20260723_010000\output\facts_27cb1e0555b0.ttl,True,217,233,1,21,26
1364,extraction_papers\ontocast_runs\run_remaining_500_gpt-5.6-luna_20260723_010000\output\facts_2815645b7cbe.ttl,True,173,190,1,23,24
1365,extraction_papers\ontocast_runs\run_remaining_500_gpt-5.6-luna_20260723_010000\output\facts_28d4f3a6e1f1.ttl,True,196,211,0,29,14
1366,extraction_papers\ontocast_runs\run_remaining_500_gpt-5.6-luna_20260723_010000\output\facts_298c665878c6.ttl,True,183,198,0,19,8
1367,extraction_papers\ontocast_runs\run_remaining_500_gpt-5.6-luna_20260723_010000\output\facts_298f27adbe6f.ttl,True,209,226,0,38,21
1368,extraction_papers\ontocast_runs\run_remaining_500_gpt-5.6-luna_20260723_010000\output\facts_299a4858fcac.ttl,True,231,248,0,50,26
1369,extraction_papers\ontocast_runs\run_remaining_500_gpt-5.6-luna_20260723_010000\output\facts_29c4059c39b3.ttl,True,183,200,0,41,3
1370,extraction_papers\ontocast_runs\run_remaining_500_gpt-5.6-luna_20260723_010000\output\facts_2a096148f97a.ttl,True,163,173,0,0,38
1371,extraction_papers\ontocast_runs\run_remaining_500_gpt-5.6-luna_20260723_010000\output\facts_2b2f3b0fbef2.ttl,True,238,255,2,46,8
1372,extraction_papers\ontocast_runs\run_remaining_500_gpt-5.6-luna_20260723_010000\output\facts_2cdc9fa9a911.ttl,True,144,159,0,6,10
1373,extraction_papers\ontocast_runs\run_remaining_500_gpt-5.6-luna_20260723_010000\output\facts_2d027f687e40.ttl,True,151,168,0,41,2
1374,extraction_papers\ontocast_runs\run_remaining_500_gpt-5.6-luna_20260723_010000\output\facts_2d1f80cc6e1e.ttl,True,245,261,1,35,21
1375,extraction_papers\ontocast_runs\run_remaining_500_gpt-5.6-luna_20260723_010000\output\facts_2dd9e9da5c51.ttl,True,180,195,0,0,40
1376,extraction_papers\ontocast_runs\run_remaining_500_gpt-5.6-luna_20260723_010000\output\facts_2fbf5e63a063.ttl,True,254,270,0,27,20
1377,extraction_papers\ontocast_runs\run_remaining_500_gpt-5.6-luna_20260723_010000\output\facts_2fffa8e3c121.ttl,True,130,147,0,35,13
1378,extraction_papers\ontocast_runs\run_remaining_500_gpt-5.6-luna_20260723_010000\output\facts_300bec1895bb.ttl,True,193,210,0,30,13
1379,extraction_papers\ontocast_runs\run_remaining_500_gpt-5.6-luna_20260723_010000\output\facts_3134f3073462.ttl,True,177,194,1,13,27
1380,extraction_papers\ontocast_runs\run_remaining_500_gpt-5.6-luna_20260723_010000\output\facts_32153205f0de.ttl,True,306,321,0,28,18
1381,extraction_papers\ontocast_runs\run_remaining_500_gpt-5.6-luna_20260723_010000\output\facts_333a61490d9a.ttl,True,145,162,0,67,0
1382,extraction_papers\ontocast_runs\run_remaining_500_gpt-5.6-luna_20260723_010000\output\facts_3367603e1de4.ttl,True,140,156,0,43,0
1383,extraction_papers\ontocast_runs\run_remaining_500_gpt-5.6-luna_20260723_010000\output\facts_3422fae673a8.ttl,True,177,191,0,0,27
1384,extraction_papers\ontocast_runs\run_remaining_500_gpt-5.6-luna_20260723_010000\output\facts_349274f02790.ttl,True,166,183,0,48,11
1385,extraction_papers\ontocast_runs\run_remaining_500_gpt-5.6-luna_20260723_010000\output\facts_35282e71f229.ttl,True,168,181,0,31,9
1386,extraction_papers\ontocast_runs\run_remaining_500_gpt-5.6-luna_20260723_010000\output\facts_357f2a5efd31.ttl,True,167,182,5,12,0
1387,extraction_papers\ontocast_runs\run_remaining_500_gpt-5.6-luna_20260723_010000\output\facts_35d46030058b.ttl,True,160,175,0,0,35
1388,extraction_papers\ontocast_runs\run_remaining_500_gpt-5.6-luna_20260723_010000\output\facts_35f4e74709d7.ttl,True,144,161,0,36,27
1389,extraction_papers\ontocast_runs\run_remaining_500_gpt-5.6-luna_20260723_010000\output\facts_35fbd08f2630.ttl,True,195,212,0,38,11
1390,extraction_papers\ontocast_runs\run_remaining_500_gpt-5.6-luna_20260723_010000\output\facts_36936b01fb2e.ttl,True,189,205,0,54,16
1391,extraction_papers\ontocast_runs\run_remaining_500_gpt-5.6-luna_20260723_010000\output\facts_36f43f0025e1.ttl,True,190,206,0,12,25
1392,extraction_papers\ontocast_runs\run_remaining_500_gpt-5.6-luna_20260723_010000\output\facts_370ee13a9424.ttl,True,132,149,0,18,33
1393,extraction_papers\ontocast_runs\run_remaining_500_gpt-5.6-luna_20260723_010000\output\facts_37b40ef255db.ttl,True,247,263,0,0,42
1394,extraction_papers\ontocast_runs\run_remaining_500_gpt-5.6-luna_20260723_010000\output\facts_39be8c540085.ttl,True,159,176,0,47,15
1395,extraction_papers\ontocast_runs\run_remaining_500_gpt-5.6-luna_20260723_010000\output\facts_3a8e507554e8.ttl,True,161,176,1,33,11
1396,extraction_papers\ontocast_runs\run_remaining_500_gpt-5.6-luna_20260723_010000\output\facts_3ab66fb2201d.ttl,True,179,195,0,0,60
1397,extraction_papers\ontocast_runs\run_remaining_500_gpt-5.6-luna_20260723_010000\output\facts_3b586abe39e1.ttl,True,122,138,0,15,22
1398,extraction_papers\ontocast_runs\run_remaining_500_gpt-5.6-luna_20260723_010000\output\facts_3b8c5a111f6c.ttl,True,197,215,0,38,10
1399,extraction_papers\ontocast_runs\run_remaining_500_gpt-5.6-luna_20260723_010000\output\facts_3bc301582762.ttl,True,181,196,0,15,38
1400,extraction_papers\ontocast_runs\run_remaining_500_gpt-5.6-luna_20260723_010000\output\facts_3c011fe3aee5.ttl,True,227,244,0,29,0
1401,extraction_papers\ontocast_runs\run_remaining_500_gpt-5.6-luna_20260723_010000\output\facts_3c4c829f2331.ttl,True,189,204,0,33,2
1402,extraction_papers\ontocast_runs\run_remaining_500_gpt-5.6-luna_20260723_010000\output\facts_3d97e1f5a45b.ttl,True,155,172,1,29,22
1403,extraction_papers\ontocast_runs\run_remaining_500_gpt-5.6-luna_20260723_010000\output\facts_3da2913bf9c8.ttl,True,158,173,0,0,49
1404,extraction_papers\ontocast_runs\run_remaining_500_gpt-5.6-luna_20260723_010000\output\facts_3e17bc99fa2c.ttl,True,184,195,0,41,26
1405,extraction_papers\ontocast_runs\run_remaining_500_gpt-5.6-luna_20260723_010000\output\facts_3e3e77a4b84b.ttl,True,232,238,0,42,12
1406,extraction_papers\ontocast_runs\run_remaining_500_gpt-5.6-luna_20260723_010000\output\facts_3ec47bcaffeb.ttl,True,170,183,0,43,8
1407,extraction_papers\ontocast_runs\run_remaining_500_gpt-5.6-luna_20260723_010000\output\facts_3f833cb4f599.ttl,True,166,184,0,45,6
1408,extraction_papers\ontocast_runs\run_remaining_500_gpt-5.6-luna_20260723_010000\output\facts_3f8ba96123e4.ttl,True,164,181,5,34,11
1409,extraction_papers\ontocast_runs\run_remaining_500_gpt-5.6-luna_20260723_010000\output\facts_3f9a289d14e7.ttl,True,158,174,3,24,24
1410,extraction_papers\ontocast_runs\run_remaining_500_gpt-5.6-luna_20260723_010000\output\facts_3fc569199c15.ttl,True,172,184,0,29,6
1411,extraction_papers\ontocast_runs\run_remaining_500_gpt-5.6-luna_20260723_010000\output\facts_4015a44e79dd.ttl,True,193,210,0,33,12
1412,extraction_papers\ontocast_runs\run_remaining_500_gpt-5.6-luna_20260723_010000\output\facts_41383d7ce5b4.ttl,True,215,229,0,26,13
1413,extraction_papers\ontocast_runs\run_remaining_500_gpt-5.6-luna_20260723_010000\output\facts_42209aa8ee1b.ttl,True,163,177,0,33,8
1414,extraction_papers\ontocast_runs\run_remaining_500_gpt-5.6-luna_20260723_010000\output\facts_42de4fbdda0f.ttl,True,171,186,0,0,22
1415,extraction_papers\ontocast_runs\run_remaining_500_gpt-5.6-luna_20260723_010000\output\facts_43094ea664ab.ttl,True,123,138,0,1,25
1416,extraction_papers\ontocast_runs\run_remaining_500_gpt-5.6-luna_20260723_010000\output\facts_454514024d48.ttl,True,283,300,0,50,4
1417,extraction_papers\ontocast_runs\run_remaining_500_gpt-5.6-luna_20260723_010000\output\facts_459413046140.ttl,True,167,184,0,45,13
1418,extraction_papers\ontocast_runs\run_remaining_500_gpt-5.6-luna_20260723_010000\output\facts_459ef212549b.ttl,True,190,206,1,53,15
1419,extraction_papers\ontocast_runs\run_remaining_500_gpt-5.6-luna_20260723_010000\output\facts_45f5df6effd5.ttl,True,140,157,0,36,7
1420,extraction_papers\ontocast_runs\run_remaining_500_gpt-5.6-luna_20260723_010000\output\facts_4634bb445c64.ttl,True,234,252,0,23,10
1421,extraction_papers\ontocast_runs\run_remaining_500_gpt-5.6-luna_20260723_010000\output\facts_464a329c89ed.ttl,True,166,184,1,20,10
1422,extraction_papers\ontocast_runs\run_remaining_500_gpt-5.6-luna_20260723_010000\output\facts_46f189ae61aa.ttl,True,173,188,0,0,42
1423,extraction_papers\ontocast_runs\run_remaining_500_gpt-5.6-luna_20260723_010000\output\facts_473c53917748.ttl,True,124,141,0,25,18
1424,extraction_papers\ontocast_runs\run_remaining_500_gpt-5.6-luna_20260723_010000\output\facts_47473d80f1bc.ttl,True,288,295,2,8,33
1425,extraction_papers\ontocast_runs\run_remaining_500_gpt-5.6-luna_20260723_010000\output\facts_4793bc961674.ttl,True,168,185,0,41,17
1426,extraction_papers\ontocast_runs\run_remaining_500_gpt-5.6-luna_20260723_010000\output\facts_47ca90cdb761.ttl,True,174,191,0,31,10
1427,extraction_papers\ontocast_runs\run_remaining_500_gpt-5.6-luna_20260723_010000\output\facts_4809b62a29f9.ttl,True,150,164,0,30,21
1428,extraction_papers\ontocast_runs\run_remaining_500_gpt-5.6-luna_20260723_010000\output\facts_485f337ce59a.ttl,True,209,226,2,23,30
1429,extraction_papers\ontocast_runs\run_remaining_500_gpt-5.6-luna_20260723_010000\output\facts_4bb1cfbc8210.ttl,True,205,222,2,27,26
1430,extraction_papers\ontocast_runs\run_remaining_500_gpt-5.6-luna_20260723_010000\output\facts_4be70ad87e4e.ttl,True,153,170,0,36,0
1431,extraction_papers\ontocast_runs\run_remaining_500_gpt-5.6-luna_20260723_010000\output\facts_4d28a57d03c1.ttl,True,157,172,0,15,18
1432,extraction_papers\ontocast_runs\run_remaining_500_gpt-5.6-luna_20260723_010000\output\facts_4e71fb4e3664.ttl,True,139,149,0,35,9
1433,extraction_papers\ontocast_runs\run_remaining_500_gpt-5.6-luna_20260723_010000\output\facts_500c2ab9d345.ttl,True,142,158,0,20,30
1434,extraction_papers\ontocast_runs\run_remaining_500_gpt-5.6-luna_20260723_010000\output\facts_503cf7b88b30.ttl,True,190,207,0,52,0
1435,extraction_papers\ontocast_runs\run_remaining_500_gpt-5.6-luna_20260723_010000\output\facts_51e1661fff3e.ttl,True,262,278,0,22,24
1436,extraction_papers\ontocast_runs\run_remaining_500_gpt-5.6-luna_20260723_010000\output\facts_51f7076121ce.ttl,True,180,197,1,48,8
1437,extraction_papers\ontocast_runs\run_remaining_500_gpt-5.6-luna_20260723_010000\output\facts_527d8ef6ead9.ttl,True,148,165,0,29,19
1438,extraction_papers\ontocast_runs\run_remaining_500_gpt-5.6-luna_20260723_010000\output\facts_52acf1d0fb1d.ttl,True,223,238,0,26,8
1439,extraction_papers\ontocast_runs\run_remaining_500_gpt-5.6-luna_20260723_010000\output\facts_535a0e7a6856.ttl,True,167,183,0,5,24
1440,extraction_papers\ontocast_runs\run_remaining_500_gpt-5.6-luna_20260723_010000\output\facts_5370a9fac5bd.ttl,True,201,218,0,56,9
1441,extraction_papers\ontocast_runs\run_remaining_500_gpt-5.6-luna_20260723_010000\output\facts_54609ac6592d.ttl,True,153,168,0,0,31
1442,extraction_papers\ontocast_runs\run_remaining_500_gpt-5.6-luna_20260723_010000\output\facts_56314cfda697.ttl,True,177,194,0,39,16
1443,extraction_papers\ontocast_runs\run_remaining_500_gpt-5.6-luna_20260723_010000\output\facts_56ac328411a3.ttl,True,186,201,0,0,35
1444,extraction_papers\ontocast_runs\run_remaining_500_gpt-5.6-luna_20260723_010000\output\facts_5730dc8ec3cf.ttl,True,189,206,0,15,36
1445,extraction_papers\ontocast_runs\run_remaining_500_gpt-5.6-luna_20260723_010000\output\facts_57f6c0a78093.ttl,True,231,248,0,67,17
1446,extraction_papers\ontocast_runs\run_remaining_500_gpt-5.6-luna_20260723_010000\output\facts_58bf3f32b151.ttl,True,209,225,0,17,19
1447,extraction_papers\ontocast_runs\run_remaining_500_gpt-5.6-luna_20260723_010000\output\facts_5902718d1d09.ttl,True,254,271,0,18,9
1448,extraction_papers\ontocast_runs\run_remaining_500_gpt-5.6-luna_20260723_010000\output\facts_5b5707c091a8.ttl,True,236,250,0,45,12
1449,extraction_papers\ontocast_runs\run_remaining_500_gpt-5.6-luna_20260723_010000\output\facts_5bfd1659a6f9.ttl,True,175,193,0,75,9
1450,extraction_papers\ontocast_runs\run_remaining_500_gpt-5.6-luna_20260723_010000\output\facts_5c12913d931e.ttl,True,168,181,1,29,17
1451,extraction_papers\ontocast_runs\run_remaining_500_gpt-5.6-luna_20260723_010000\output\facts_5dcff467006b.ttl,True,152,169,3,20,1
1452,extraction_papers\ontocast_runs\run_remaining_500_gpt-5.6-luna_20260723_010000\output\facts_5e70f0903857.ttl,True,165,179,0,0,54
1453,extraction_papers\ontocast_runs\run_remaining_500_gpt-5.6-luna_20260723_010000\output\facts_5e7e0d3a4eac.ttl,True,165,181,1,18,6
1454,extraction_papers\ontocast_runs\run_remaining_500_gpt-5.6-luna_20260723_010000\output\facts_5ea657695774.ttl,True,199,216,0,66,8
1455,extraction_papers\ontocast_runs\run_remaining_500_gpt-5.6-luna_20260723_010000\output\facts_5f1c730ffac3.ttl,True,215,232,0,30,25
1456,extraction_papers\ontocast_runs\run_remaining_500_gpt-5.6-luna_20260723_010000\output\facts_5f3615cee7cc.ttl,True,180,197,0,36,5
1457,extraction_papers\ontocast_runs\run_remaining_500_gpt-5.6-luna_20260723_010000\output\facts_6020c9f0caa2.ttl,True,141,153,0,0,26
1458,extraction_papers\ontocast_runs\run_remaining_500_gpt-5.6-luna_20260723_010000\output\facts_6039951e6e68.ttl,True,224,241,0,28,20
1459,extraction_papers\ontocast_runs\run_remaining_500_gpt-5.6-luna_20260723_010000\output\facts_606736c491cf.ttl,True,187,204,0,35,10
1460,extraction_papers\ontocast_runs\run_remaining_500_gpt-5.6-luna_20260723_010000\output\facts_61448afe33a2.ttl,True,153,171,0,22,16
1461,extraction_papers\ontocast_runs\run_remaining_500_gpt-5.6-luna_20260723_010000\output\facts_61801de7faa6.ttl,True,157,172,0,0,33
1462,extraction_papers\ontocast_runs\run_remaining_500_gpt-5.6-luna_20260723_010000\output\facts_61d1b8ca213e.ttl,True,185,202,0,45,0
1463,extraction_papers\ontocast_runs\run_remaining_500_gpt-5.6-luna_20260723_010000\output\facts_626fc331ec69.ttl,True,209,225,0,23,4
1464,extraction_papers\ontocast_runs\run_remaining_500_gpt-5.6-luna_20260723_010000\output\facts_6461b07c5e49.ttl,True,172,187,0,0,47
1465,extraction_papers\ontocast_runs\run_remaining_500_gpt-5.6-luna_20260723_010000\output\facts_6485cdf21e07.ttl,True,199,213,0,0,41
1466,extraction_papers\ontocast_runs\run_remaining_500_gpt-5.6-luna_20260723_010000\output\facts_650a7fb7b013.ttl,True,226,242,1,34,27
1467,extraction_papers\ontocast_runs\run_remaining_500_gpt-5.6-luna_20260723_010000\output\facts_66a208fdc2d6.ttl,True,181,198,2,43,12
1468,extraction_papers\ontocast_runs\run_remaining_500_gpt-5.6-luna_20260723_010000\output\facts_66f4714ceff7.ttl,True,137,154,0,32,20
1469,extraction_papers\ontocast_runs\run_remaining_500_gpt-5.6-luna_20260723_010000\output\facts_670f54cfda24.ttl,True,164,181,0,30,15
1470,extraction_papers\ontocast_runs\run_remaining_500_gpt-5.6-luna_20260723_010000\output\facts_67177be8c292.ttl,True,188,203,0,0,56
1471,extraction_papers\ontocast_runs\run_remaining_500_gpt-5.6-luna_20260723_010000\output\facts_6772a3bbadfb.ttl,True,195,210,1,0,53
1472,extraction_papers\ontocast_runs\run_remaining_500_gpt-5.6-luna_20260723_010000\output\facts_67828081cd2d.ttl,True,187,204,1,21,22
1473,extraction_papers\ontocast_runs\run_remaining_500_gpt-5.6-luna_20260723_010000\output\facts_686ae6735d60.ttl,True,202,215,0,25,7
1474,extraction_papers\ontocast_runs\run_remaining_500_gpt-5.6-luna_20260723_010000\output\facts_68927456c5a2.ttl,True,165,182,0,34,0
1475,extraction_papers\ontocast_runs\run_remaining_500_gpt-5.6-luna_20260723_010000\output\facts_68edc7bfc419.ttl,True,163,180,0,66,8
1476,extraction_papers\ontocast_runs\run_remaining_500_gpt-5.6-luna_20260723_010000\output\facts_692880c67298.ttl,True,149,165,0,9,9
1477,extraction_papers\ontocast_runs\run_remaining_500_gpt-5.6-luna_20260723_010000\output\facts_6937f8f6e632.ttl,True,198,214,0,20,18
1478,extraction_papers\ontocast_runs\run_remaining_500_gpt-5.6-luna_20260723_010000\output\facts_6a36ce857769.ttl,True,215,230,0,15,22
1479,extraction_papers\ontocast_runs\run_remaining_500_gpt-5.6-luna_20260723_010000\output\facts_6a4e77784ccd.ttl,True,208,224,1,29,33
1480,extraction_papers\ontocast_runs\run_remaining_500_gpt-5.6-luna_20260723_010000\output\facts_6a79677e8da7.ttl,True,199,208,0,0,18
1481,extraction_papers\ontocast_runs\run_remaining_500_gpt-5.6-luna_20260723_010000\output\facts_6b203fabc136.ttl,True,155,172,0,29,10
1482,extraction_papers\ontocast_runs\run_remaining_500_gpt-5.6-luna_20260723_010000\output\facts_6b8545b78ee4.ttl,True,148,165,0,47,34
1483,extraction_papers\ontocast_runs\run_remaining_500_gpt-5.6-luna_20260723_010000\output\facts_6b9efd7a0165.ttl,True,99,116,0,27,4
1484,extraction_papers\ontocast_runs\run_remaining_500_gpt-5.6-luna_20260723_010000\output\facts_6bce914faee8.ttl,True,135,152,0,33,13
1485,extraction_papers\ontocast_runs\run_remaining_500_gpt-5.6-luna_20260723_010000\output\facts_6ca4f84c1511.ttl,True,184,200,0,32,7
1486,extraction_papers\ontocast_runs\run_remaining_500_gpt-5.6-luna_20260723_010000\output\facts_6cb8aede6e57.ttl,True,154,171,5,24,18
1487,extraction_papers\ontocast_runs\run_remaining_500_gpt-5.6-luna_20260723_010000\output\facts_6d246defadfc.ttl,True,163,178,0,20,3
1488,extraction_papers\ontocast_runs\run_remaining_500_gpt-5.6-luna_20260723_010000\output\facts_6d3bfcb2d45a.ttl,True,158,173,0,0,52
1489,extraction_papers\ontocast_runs\run_remaining_500_gpt-5.6-luna_20260723_010000\output\facts_6da34c123972.ttl,True,139,155,0,25,13
1490,extraction_papers\ontocast_runs\run_remaining_500_gpt-5.6-luna_20260723_010000\output\facts_6e448e9baa63.ttl,True,140,153,0,20,11
1491,extraction_papers\ontocast_runs\run_remaining_500_gpt-5.6-luna_20260723_010000\output\facts_6ef0b30b64e0.ttl,True,275,290,0,0,30
1492,extraction_papers\ontocast_runs\run_remaining_500_gpt-5.6-luna_20260723_010000\output\facts_6f04f92f41f4.ttl,True,114,131,0,34,6
1493,extraction_papers\ontocast_runs\run_remaining_500_gpt-5.6-luna_20260723_010000\output\facts_6f5202a005cf.ttl,True,172,189,0,62,8
1494,extraction_papers\ontocast_runs\run_remaining_500_gpt-5.6-luna_20260723_010000\output\facts_6f8237fb1105.ttl,True,230,247,0,41,0
1495,extraction_papers\ontocast_runs\run_remaining_500_gpt-5.6-luna_20260723_010000\output\facts_70c78d1f7d9d.ttl,True,139,156,0,24,2
1496,extraction_papers\ontocast_runs\run_remaining_500_gpt-5.6-luna_20260723_010000\output\facts_7145880fa0ec.ttl,True,208,225,0,35,7
1497,extraction_papers\ontocast_runs\run_remaining_500_gpt-5.6-luna_20260723_010000\output\facts_7154c2f15adf.ttl,True,218,234,0,0,37
1498,extraction_papers\ontocast_runs\run_remaining_500_gpt-5.6-luna_20260723_010000\output\facts_71eaf3887b66.ttl,True,136,155,0,24,0
1499,extraction_papers\ontocast_runs\run_remaining_500_gpt-5.6-luna_20260723_010000\output\facts_72449a959f3c.ttl,True,188,204,0,34,16
1500,extraction_papers\ontocast_runs\run_remaining_500_gpt-5.6-luna_20260723_010000\output\facts_7341cad185f7.ttl,True,196,210,0,0,26
1501,extraction_papers\ontocast_runs\run_remaining_500_gpt-5.6-luna_20260723_010000\output\facts_739f1a2257d6.ttl,True,138,155,0,24,20
1502,extraction_papers\ontocast_runs\run_remaining_500_gpt-5.6-luna_20260723_010000\output\facts_742569db1b34.ttl,True,180,195,0,17,33
1503,extraction_papers\ontocast_runs\run_remaining_500_gpt-5.6-luna_20260723_010000\output\facts_75e741edf08b.ttl,True,159,175,1,10,8
1504,extraction_papers\ontocast_runs\run_remaining_500_gpt-5.6-luna_20260723_010000\output\facts_7601be1727eb.ttl,True,172,187,0,0,42
1505,extraction_papers\ontocast_runs\run_remaining_500_gpt-5.6-luna_20260723_010000\output\facts_764d62b539a9.ttl,True,228,243,0,10,20
1506,extraction_papers\ontocast_runs\run_remaining_500_gpt-5.6-luna_20260723_010000\output\facts_774f6a062fc1.ttl,True,151,168,0,25,8
1507,extraction_papers\ontocast_runs\run_remaining_500_gpt-5.6-luna_20260723_010000\output\facts_77c48f15a97b.ttl,True,204,223,0,29,7
1508,extraction_papers\ontocast_runs\run_remaining_500_gpt-5.6-luna_20260723_010000\output\facts_79e539b9907e.ttl,True,147,164,0,44,4
1509,extraction_papers\ontocast_runs\run_remaining_500_gpt-5.6-luna_20260723_010000\output\facts_7af20d9d3082.ttl,True,176,186,0,11,27
1510,extraction_papers\ontocast_runs\run_remaining_500_gpt-5.6-luna_20260723_010000\output\facts_7b45e17c92d7.ttl,True,196,211,8,0,22
1511,extraction_papers\ontocast_runs\run_remaining_500_gpt-5.6-luna_20260723_010000\output\facts_7dcef0231e6b.ttl,True,142,157,0,0,26
1512,extraction_papers\ontocast_runs\run_remaining_500_gpt-5.6-luna_20260723_010000\output\facts_7e210743000f.ttl,True,245,262,0,40,8
1513,extraction_papers\ontocast_runs\run_remaining_500_gpt-5.6-luna_20260723_010000\output\facts_7fdad9a52dc6.ttl,True,163,180,0,25,31
1514,extraction_papers\ontocast_runs\run_remaining_500_gpt-5.6-luna_20260723_010000\output\facts_800ab1cc29a2.ttl,True,175,188,0,39,11
1515,extraction_papers\ontocast_runs\run_remaining_500_gpt-5.6-luna_20260723_010000\output\facts_80fd96cc9371.ttl,True,186,203,0,46,0
1516,extraction_papers\ontocast_runs\run_remaining_500_gpt-5.6-luna_20260723_010000\output\facts_8145db8d38ec.ttl,True,217,234,0,22,16
1517,extraction_papers\ontocast_runs\run_remaining_500_gpt-5.6-luna_20260723_010000\output\facts_81d93d178930.ttl,True,160,177,0,43,9
1518,extraction_papers\ontocast_runs\run_remaining_500_gpt-5.6-luna_20260723_010000\output\facts_8313c9633a46.ttl,True,243,260,0,52,16
1519,extraction_papers\ontocast_runs\run_remaining_500_gpt-5.6-luna_20260723_010000\output\facts_83aca1cd40c5.ttl,True,173,188,0,0,36
1520,extraction_papers\ontocast_runs\run_remaining_500_gpt-5.6-luna_20260723_010000\output\facts_84118bc90a2e.ttl,True,295,312,0,49,15
1521,extraction_papers\ontocast_runs\run_remaining_500_gpt-5.6-luna_20260723_010000\output\facts_846e4da09ef1.ttl,True,136,153,0,28,5
1522,extraction_papers\ontocast_runs\run_remaining_500_gpt-5.6-luna_20260723_010000\output\facts_85052b5fde74.ttl,True,267,281,0,0,57
1523,extraction_papers\ontocast_runs\run_remaining_500_gpt-5.6-luna_20260723_010000\output\facts_854f9525f7c2.ttl,True,150,166,0,30,20
1524,extraction_papers\ontocast_runs\run_remaining_500_gpt-5.6-luna_20260723_010000\output\facts_8558c8b8a2da.ttl,True,172,189,0,23,13
1525,extraction_papers\ontocast_runs\run_remaining_500_gpt-5.6-luna_20260723_010000\output\facts_85fbda59e3ca.ttl,True,176,191,0,44,0
1526,extraction_papers\ontocast_runs\run_remaining_500_gpt-5.6-luna_20260723_010000\output\facts_8621a17b378c.ttl,True,192,209,0,30,13
1527,extraction_papers\ontocast_runs\run_remaining_500_gpt-5.6-luna_20260723_010000\output\facts_8699c9dda289.ttl,True,383,398,9,0,20
1528,extraction_papers\ontocast_runs\run_remaining_500_gpt-5.6-luna_20260723_010000\output\facts_874a0e0b2027.ttl,True,152,166,0,25,15
1529,extraction_papers\ontocast_runs\run_remaining_500_gpt-5.6-luna_20260723_010000\output\facts_87f23e08e1f1.ttl,True,148,159,0,47,0
1530,extraction_papers\ontocast_runs\run_remaining_500_gpt-5.6-luna_20260723_010000\output\facts_88b06e430dd2.ttl,True,157,173,0,23,22
1531,extraction_papers\ontocast_runs\run_remaining_500_gpt-5.6-luna_20260723_010000\output\facts_892f9ff654a7.ttl,True,139,154,0,3,17
1532,extraction_papers\ontocast_runs\run_remaining_500_gpt-5.6-luna_20260723_010000\output\facts_89c528ad5243.ttl,True,192,209,0,58,0
1533,extraction_papers\ontocast_runs\run_remaining_500_gpt-5.6-luna_20260723_010000\output\facts_89e8038cd325.ttl,True,221,238,0,16,12
1534,extraction_papers\ontocast_runs\run_remaining_500_gpt-5.6-luna_20260723_010000\output\facts_8ac05466939c.ttl,True,139,151,0,0,22
1535,extraction_papers\ontocast_runs\run_remaining_500_gpt-5.6-luna_20260723_010000\output\facts_8ad1ddeb43e5.ttl,True,175,190,0,0,48
1536,extraction_papers\ontocast_runs\run_remaining_500_gpt-5.6-luna_20260723_010000\output\facts_8b7895e3d200.ttl,True,149,166,1,44,13
1537,extraction_papers\ontocast_runs\run_remaining_500_gpt-5.6-luna_20260723_010000\output\facts_8c1ece5d3ef1.ttl,True,234,250,0,16,18
1538,extraction_papers\ontocast_runs\run_remaining_500_gpt-5.6-luna_20260723_010000\output\facts_8d30ba7f5b7b.ttl,True,235,252,1,56,2
1539,extraction_papers\ontocast_runs\run_remaining_500_gpt-5.6-luna_20260723_010000\output\facts_8d35672305df.ttl,True,195,210,0,26,20
1540,extraction_papers\ontocast_runs\run_remaining_500_gpt-5.6-luna_20260723_010000\output\facts_8d8b1b0aa7e4.ttl,True,140,157,0,24,12
1541,extraction_papers\ontocast_runs\run_remaining_500_gpt-5.6-luna_20260723_010000\output\facts_8e2fb5424178.ttl,True,172,187,0,25,0
1542,extraction_papers\ontocast_runs\run_remaining_500_gpt-5.6-luna_20260723_010000\output\facts_8e9b4e4896e7.ttl,True,187,205,0,32,0
1543,extraction_papers\ontocast_runs\run_remaining_500_gpt-5.6-luna_20260723_010000\output\facts_8f8e35756c95.ttl,True,196,211,0,0,35
1544,extraction_papers\ontocast_runs\run_remaining_500_gpt-5.6-luna_20260723_010000\output\facts_90046e067fc5.ttl,True,176,193,0,50,0
1545,extraction_papers\ontocast_runs\run_remaining_500_gpt-5.6-luna_20260723_010000\output\facts_91405671917c.ttl,True,137,153,0,24,28
1546,extraction_papers\ontocast_runs\run_remaining_500_gpt-5.6-luna_20260723_010000\output\facts_91df9176f791.ttl,True,190,207,2,41,7
1547,extraction_papers\ontocast_runs\run_remaining_500_gpt-5.6-luna_20260723_010000\output\facts_929e8eacab06.ttl,True,195,210,0,0,47
1548,extraction_papers\ontocast_runs\run_remaining_500_gpt-5.6-luna_20260723_010000\output\facts_931d2045891f.ttl,True,165,181,0,17,14
1549,extraction_papers\ontocast_runs\run_remaining_500_gpt-5.6-luna_20260723_010000\output\facts_94baf47856f2.ttl,True,144,161,0,34,0
1550,extraction_papers\ontocast_runs\run_remaining_500_gpt-5.6-luna_20260723_010000\output\facts_958c5788cbb4.ttl,True,159,176,0,17,26
1551,extraction_papers\ontocast_runs\run_remaining_500_gpt-5.6-luna_20260723_010000\output\facts_95da473de9aa.ttl,True,145,160,0,11,5
1552,extraction_papers\ontocast_runs\run_remaining_500_gpt-5.6-luna_20260723_010000\output\facts_9779d21369c9.ttl,True,196,211,0,0,36
1553,extraction_papers\ontocast_runs\run_remaining_500_gpt-5.6-luna_20260723_010000\output\facts_97b4ec133f74.ttl,True,175,192,0,26,12
1554,extraction_papers\ontocast_runs\run_remaining_500_gpt-5.6-luna_20260723_010000\output\facts_9876407b52cf.ttl,True,165,181,0,26,13
1555,extraction_papers\ontocast_runs\run_remaining_500_gpt-5.6-luna_20260723_010000\output\facts_992eca23346f.ttl,True,190,205,1,24,25
1556,extraction_papers\ontocast_runs\run_remaining_500_gpt-5.6-luna_20260723_010000\output\facts_997ba1e83522.ttl,True,194,212,0,59,4
1557,extraction_papers\ontocast_runs\run_remaining_500_gpt-5.6-luna_20260723_010000\output\facts_99836d643bbf.ttl,True,171,187,0,32,25
1558,extraction_papers\ontocast_runs\run_remaining_500_gpt-5.6-luna_20260723_010000\output\facts_9b3a73543329.ttl,True,136,146,0,0,27
1559,extraction_papers\ontocast_runs\run_remaining_500_gpt-5.6-luna_20260723_010000\output\facts_9c32faf39d38.ttl,True,183,201,0,44,9
1560,extraction_papers\ontocast_runs\run_remaining_500_gpt-5.6-luna_20260723_010000\output\facts_9c7c6b0864ab.ttl,True,178,195,0,25,7
1561,extraction_papers\ontocast_runs\run_remaining_500_gpt-5.6-luna_20260723_010000\output\facts_9c8b15693d26.ttl,True,224,240,1,31,21
1562,extraction_papers\ontocast_runs\run_remaining_500_gpt-5.6-luna_20260723_010000\output\facts_9d4c5911e7e3.ttl,True,151,167,0,19,27
1563,extraction_papers\ontocast_runs\run_remaining_500_gpt-5.6-luna_20260723_010000\output\facts_9e5bfe950a14.ttl,True,254,269,1,17,12
1564,extraction_papers\ontocast_runs\run_remaining_500_gpt-5.6-luna_20260723_010000\output\facts_9e7a0cc451f9.ttl,True,193,209,0,0,35
1565,extraction_papers\ontocast_runs\run_remaining_500_gpt-5.6-luna_20260723_010000\output\facts_9e9b25268747.ttl,True,143,155,0,25,7
1566,extraction_papers\ontocast_runs\run_remaining_500_gpt-5.6-luna_20260723_010000\output\facts_9f2c1cdabe89.ttl,True,140,158,0,34,0
1567,extraction_papers\ontocast_runs\run_remaining_500_gpt-5.6-luna_20260723_010000\output\facts_9f36a5d7078a.ttl,True,196,213,0,25,9
1568,extraction_papers\ontocast_runs\run_remaining_500_gpt-5.6-luna_20260723_010000\output\facts_9f496ac833c2.ttl,True,217,233,1,42,15
1569,extraction_papers\ontocast_runs\run_remaining_500_gpt-5.6-luna_20260723_010000\output\facts_9fbad0900ce0.ttl,True,207,222,0,0,54
1570,extraction_papers\ontocast_runs\run_remaining_500_gpt-5.6-luna_20260723_010000\output\facts_a090f16a9f6e.ttl,True,164,179,0,0,42
1571,extraction_papers\ontocast_runs\run_remaining_500_gpt-5.6-luna_20260723_010000\output\facts_a192cdbf8b1b.ttl,True,234,249,1,0,60
1572,extraction_papers\ontocast_runs\run_remaining_500_gpt-5.6-luna_20260723_010000\output\facts_a28b084e1b66.ttl,True,235,250,0,0,39
1573,extraction_papers\ontocast_runs\run_remaining_500_gpt-5.6-luna_20260723_010000\output\facts_a2917babd251.ttl,True,117,134,0,35,20
1574,extraction_papers\ontocast_runs\run_remaining_500_gpt-5.6-luna_20260723_010000\output\facts_a2f18bc5fd10.ttl,True,173,190,0,52,6
1575,extraction_papers\ontocast_runs\run_remaining_500_gpt-5.6-luna_20260723_010000\output\facts_a38b4cc01b17.ttl,True,184,200,0,47,18
1576,extraction_papers\ontocast_runs\run_remaining_500_gpt-5.6-luna_20260723_010000\output\facts_a39b6b2de917.ttl,True,248,263,1,0,29
1577,extraction_papers\ontocast_runs\run_remaining_500_gpt-5.6-luna_20260723_010000\output\facts_a4130cae873e.ttl,True,151,168,0,27,24
1578,extraction_papers\ontocast_runs\run_remaining_500_gpt-5.6-luna_20260723_010000\output\facts_a421ee5aa019.ttl,True,214,230,0,16,9
1579,extraction_papers\ontocast_runs\run_remaining_500_gpt-5.6-luna_20260723_010000\output\facts_a6159777176f.ttl,True,193,210,0,31,26
1580,extraction_papers\ontocast_runs\run_remaining_500_gpt-5.6-luna_20260723_010000\output\facts_a6bd6e281258.ttl,True,189,206,0,59,10
1581,extraction_papers\ontocast_runs\run_remaining_500_gpt-5.6-luna_20260723_010000\output\facts_a6d58aa973c3.ttl,True,189,206,0,32,5
1582,extraction_papers\ontocast_runs\run_remaining_500_gpt-5.6-luna_20260723_010000\output\facts_a82a1224c806.ttl,True,166,182,0,18,0
1583,extraction_papers\ontocast_runs\run_remaining_500_gpt-5.6-luna_20260723_010000\output\facts_a8b5e4ff77a7.ttl,True,168,184,0,0,67
1584,extraction_papers\ontocast_runs\run_remaining_500_gpt-5.6-luna_20260723_010000\output\facts_a8ed53d67d62.ttl,True,274,292,0,60,20
1585,extraction_papers\ontocast_runs\run_remaining_500_gpt-5.6-luna_20260723_010000\output\facts_a9a7405a25fc.ttl,True,215,232,1,26,24
1586,extraction_papers\ontocast_runs\run_remaining_500_gpt-5.6-luna_20260723_010000\output\facts_a9a814c4137c.ttl,True,226,243,0,35,21
1587,extraction_papers\ontocast_runs\run_remaining_500_gpt-5.6-luna_20260723_010000\output\facts_ab08757cb1f6.ttl,True,126,143,0,41,0
1588,extraction_papers\ontocast_runs\run_remaining_500_gpt-5.6-luna_20260723_010000\output\facts_ac21400542c6.ttl,True,260,275,0,4,14
1589,extraction_papers\ontocast_runs\run_remaining_500_gpt-5.6-luna_20260723_010000\output\facts_ac4f9c281bfd.ttl,True,125,138,0,33,0
1590,extraction_papers\ontocast_runs\run_remaining_500_gpt-5.6-luna_20260723_010000\output\facts_ad0ba7e2d3af.ttl,True,207,223,0,15,24
1591,extraction_papers\ontocast_runs\run_remaining_500_gpt-5.6-luna_20260723_010000\output\facts_adad193aa049.ttl,True,185,201,0,17,19
1592,extraction_papers\ontocast_runs\run_remaining_500_gpt-5.6-luna_20260723_010000\output\facts_ae10bdfec88d.ttl,True,157,174,0,28,12
1593,extraction_papers\ontocast_runs\run_remaining_500_gpt-5.6-luna_20260723_010000\output\facts_ae468cb8df63.ttl,True,223,241,0,49,12
1594,extraction_papers\ontocast_runs\run_remaining_500_gpt-5.6-luna_20260723_010000\output\facts_ae728c23e391.ttl,True,154,171,0,28,16
1595,extraction_papers\ontocast_runs\run_remaining_500_gpt-5.6-luna_20260723_010000\output\facts_afd110cb82db.ttl,True,268,283,0,14,21
1596,extraction_papers\ontocast_runs\run_remaining_500_gpt-5.6-luna_20260723_010000\output\facts_b0087e9ce2fc.ttl,True,159,174,9,0,11
1597,extraction_papers\ontocast_runs\run_remaining_500_gpt-5.6-luna_20260723_010000\output\facts_b02caaded237.ttl,True,204,221,0,17,15
1598,extraction_papers\ontocast_runs\run_remaining_500_gpt-5.6-luna_20260723_010000\output\facts_b08d90731df7.ttl,True,207,220,0,31,7
1599,extraction_papers\ontocast_runs\run_remaining_500_gpt-5.6-luna_20260723_010000\output\facts_b1ff7a7499ed.ttl,True,139,156,0,22,3
1600,extraction_papers\ontocast_runs\run_remaining_500_gpt-5.6-luna_20260723_010000\output\facts_b2927a1cf215.ttl,True,122,138,0,25,10
1601,extraction_papers\ontocast_runs\run_remaining_500_gpt-5.6-luna_20260723_010000\output\facts_b2a07349e3b9.ttl,True,180,196,0,30,11
1602,extraction_papers\ontocast_runs\run_remaining_500_gpt-5.6-luna_20260723_010000\output\facts_b2a4ffcab7fe.ttl,True,148,165,1,45,19
1603,extraction_papers\ontocast_runs\run_remaining_500_gpt-5.6-luna_20260723_010000\output\facts_b40731adfdff.ttl,True,127,143,0,9,16
1604,extraction_papers\ontocast_runs\run_remaining_500_gpt-5.6-luna_20260723_010000\output\facts_b45da2824e64.ttl,True,164,179,0,48,3
1605,extraction_papers\ontocast_runs\run_remaining_500_gpt-5.6-luna_20260723_010000\output\facts_b4a61f0a6a20.ttl,True,140,155,0,0,23
1606,extraction_papers\ontocast_runs\run_remaining_500_gpt-5.6-luna_20260723_010000\output\facts_b537faeb99d0.ttl,True,256,271,0,10,31
1607,extraction_papers\ontocast_runs\run_remaining_500_gpt-5.6-luna_20260723_010000\output\facts_b56baf66b483.ttl,True,137,152,0,0,46
1608,extraction_papers\ontocast_runs\run_remaining_500_gpt-5.6-luna_20260723_010000\output\facts_b5e935ce04bd.ttl,True,177,192,0,16,15
1609,extraction_papers\ontocast_runs\run_remaining_500_gpt-5.6-luna_20260723_010000\output\facts_b5ef7e801c17.ttl,True,220,237,0,47,17
1610,extraction_papers\ontocast_runs\run_remaining_500_gpt-5.6-luna_20260723_010000\output\facts_b62559d10800.ttl,True,175,191,0,21,33
1611,extraction_papers\ontocast_runs\run_remaining_500_gpt-5.6-luna_20260723_010000\output\facts_b6a121d8e218.ttl,True,145,161,0,59,0
1612,extraction_papers\ontocast_runs\run_remaining_500_gpt-5.6-luna_20260723_010000\output\facts_b704fb68cc76.ttl,True,172,181,0,21,14
1613,extraction_papers\ontocast_runs\run_remaining_500_gpt-5.6-luna_20260723_010000\output\facts_b715a415ff75.ttl,True,163,178,0,19,1
1614,extraction_papers\ontocast_runs\run_remaining_500_gpt-5.6-luna_20260723_010000\output\facts_b756afc27c6e.ttl,True,133,150,1,37,1
1615,extraction_papers\ontocast_runs\run_remaining_500_gpt-5.6-luna_20260723_010000\output\facts_b7848c43e4e2.ttl,True,174,189,0,29,11
1616,extraction_papers\ontocast_runs\run_remaining_500_gpt-5.6-luna_20260723_010000\output\facts_b9675b32c53e.ttl,True,199,216,0,34,17
1617,extraction_papers\ontocast_runs\run_remaining_500_gpt-5.6-luna_20260723_010000\output\facts_bad5c82696ea.ttl,True,186,201,0,47,0
1618,extraction_papers\ontocast_runs\run_remaining_500_gpt-5.6-luna_20260723_010000\output\facts_bb5276db5af5.ttl,True,162,180,0,24,29
1619,extraction_papers\ontocast_runs\run_remaining_500_gpt-5.6-luna_20260723_010000\output\facts_bc6ed95171e5.ttl,True,221,236,0,7,29
1620,extraction_papers\ontocast_runs\run_remaining_500_gpt-5.6-luna_20260723_010000\output\facts_bceca1cecb61.ttl,True,169,186,0,41,8
1621,extraction_papers\ontocast_runs\run_remaining_500_gpt-5.6-luna_20260723_010000\output\facts_bd83563c2760.ttl,True,184,201,0,36,0
1622,extraction_papers\ontocast_runs\run_remaining_500_gpt-5.6-luna_20260723_010000\output\facts_bfd5aa76ec13.ttl,True,140,155,0,49,6
1623,extraction_papers\ontocast_runs\run_remaining_500_gpt-5.6-luna_20260723_010000\output\facts_c19b83e15528.ttl,True,137,154,0,49,16
1624,extraction_papers\ontocast_runs\run_remaining_500_gpt-5.6-luna_20260723_010000\output\facts_c1a79cf788d5.ttl,True,135,152,0,53,0
1625,extraction_papers\ontocast_runs\run_remaining_500_gpt-5.6-luna_20260723_010000\output\facts_c34db95e4551.ttl,True,193,210,0,47,2
1626,extraction_papers\ontocast_runs\run_remaining_500_gpt-5.6-luna_20260723_010000\output\facts_c368b34a1ac5.ttl,True,221,238,0,39,7
1627,extraction_papers\ontocast_runs\run_remaining_500_gpt-5.6-luna_20260723_010000\output\facts_c4944ec42b6f.ttl,True,130,147,0,32,8
1628,extraction_papers\ontocast_runs\run_remaining_500_gpt-5.6-luna_20260723_010000\output\facts_c70a2f63afaf.ttl,True,224,241,2,51,6
1629,extraction_papers\ontocast_runs\run_remaining_500_gpt-5.6-luna_20260723_010000\output\facts_c9f7c54abe5c.ttl,True,143,160,0,35,20
1630,extraction_papers\ontocast_runs\run_remaining_500_gpt-5.6-luna_20260723_010000\output\facts_cbfa9564244f.ttl,True,171,186,0,0,20
1631,extraction_papers\ontocast_runs\run_remaining_500_gpt-5.6-luna_20260723_010000\output\facts_cc4a95d70392.ttl,True,147,163,0,23,32
1632,extraction_papers\ontocast_runs\run_remaining_500_gpt-5.6-luna_20260723_010000\output\facts_cd82c0dc69b9.ttl,True,152,167,0,0,37
1633,extraction_papers\ontocast_runs\run_remaining_500_gpt-5.6-luna_20260723_010000\output\facts_ce1c41427c85.ttl,True,162,174,0,22,15
1634,extraction_papers\ontocast_runs\run_remaining_500_gpt-5.6-luna_20260723_010000\output\facts_ced72b29fe51.ttl,True,192,209,0,35,7
1635,extraction_papers\ontocast_runs\run_remaining_500_gpt-5.6-luna_20260723_010000\output\facts_cf067d9ee5a4.ttl,True,119,134,0,0,24
1636,extraction_papers\ontocast_runs\run_remaining_500_gpt-5.6-luna_20260723_010000\output\facts_cf1d87a8fd94.ttl,True,176,193,0,40,4
1637,extraction_papers\ontocast_runs\run_remaining_500_gpt-5.6-luna_20260723_010000\output\facts_d182b247ea3e.ttl,True,156,173,0,35,20
1638,extraction_papers\ontocast_runs\run_remaining_500_gpt-5.6-luna_20260723_010000\output\facts_d18cf8b03641.ttl,True,165,179,0,0,47
1639,extraction_papers\ontocast_runs\run_remaining_500_gpt-5.6-luna_20260723_010000\output\facts_d1cb3434b501.ttl,True,269,285,0,18,22
1640,extraction_papers\ontocast_runs\run_remaining_500_gpt-5.6-luna_20260723_010000\output\facts_d22f61589c6b.ttl,True,250,265,0,25,25
1641,extraction_papers\ontocast_runs\run_remaining_500_gpt-5.6-luna_20260723_010000\output\facts_d2960e1252d9.ttl,True,191,208,0,25,11
1642,extraction_papers\ontocast_runs\run_remaining_500_gpt-5.6-luna_20260723_010000\output\facts_d33eee2521db.ttl,True,230,247,0,24,0
1643,extraction_papers\ontocast_runs\run_remaining_500_gpt-5.6-luna_20260723_010000\output\facts_d385d2f0408a.ttl,True,180,195,0,0,26
1644,extraction_papers\ontocast_runs\run_remaining_500_gpt-5.6-luna_20260723_010000\output\facts_d3f9b4a961be.ttl,True,197,214,0,40,17
1645,extraction_papers\ontocast_runs\run_remaining_500_gpt-5.6-luna_20260723_010000\output\facts_d4c1c10b7f4e.ttl,True,155,170,0,10,16
1646,extraction_papers\ontocast_runs\run_remaining_500_gpt-5.6-luna_20260723_010000\output\facts_d65e2fde1af0.ttl,True,165,181,0,38,22
1647,extraction_papers\ontocast_runs\run_remaining_500_gpt-5.6-luna_20260723_010000\output\facts_d66b61d3bacb.ttl,True,197,213,0,30,13
1648,extraction_papers\ontocast_runs\run_remaining_500_gpt-5.6-luna_20260723_010000\output\facts_d6a1170241c0.ttl,True,144,155,0,38,25
1649,extraction_papers\ontocast_runs\run_remaining_500_gpt-5.6-luna_20260723_010000\output\facts_d6d07ba7be53.ttl,True,213,229,1,35,29
1650,extraction_papers\ontocast_runs\run_remaining_500_gpt-5.6-luna_20260723_010000\output\facts_d6eb41a2735f.ttl,True,185,200,0,0,48
1651,extraction_papers\ontocast_runs\run_remaining_500_gpt-5.6-luna_20260723_010000\output\facts_d7142ea77ea0.ttl,True,147,163,0,30,15
1652,extraction_papers\ontocast_runs\run_remaining_500_gpt-5.6-luna_20260723_010000\output\facts_d76e693cac57.ttl,True,185,200,0,0,51
1653,extraction_papers\ontocast_runs\run_remaining_500_gpt-5.6-luna_20260723_010000\output\facts_d7c68483888e.ttl,True,150,166,0,32,10
1654,extraction_papers\ontocast_runs\run_remaining_500_gpt-5.6-luna_20260723_010000\output\facts_d877a5e9a05b.ttl,True,119,134,1,1,12
1655,extraction_papers\ontocast_runs\run_remaining_500_gpt-5.6-luna_20260723_010000\output\facts_d9fc11b05d7c.ttl,True,168,184,0,26,23
1656,extraction_papers\ontocast_runs\run_remaining_500_gpt-5.6-luna_20260723_010000\output\facts_dadabd133627.ttl,True,159,176,0,59,7
1657,extraction_papers\ontocast_runs\run_remaining_500_gpt-5.6-luna_20260723_010000\output\facts_db415dbacdea.ttl,True,122,139,0,31,8
1658,extraction_papers\ontocast_runs\run_remaining_500_gpt-5.6-luna_20260723_010000\output\facts_db57f5560ec2.ttl,True,162,178,0,10,16
1659,extraction_papers\ontocast_runs\run_remaining_500_gpt-5.6-luna_20260723_010000\output\facts_db6b9acca585.ttl,True,148,167,0,30,17
1660,extraction_papers\ontocast_runs\run_remaining_500_gpt-5.6-luna_20260723_010000\output\facts_dbffc6ea378f.ttl,True,174,189,1,22,17
1661,extraction_papers\ontocast_runs\run_remaining_500_gpt-5.6-luna_20260723_010000\output\facts_dc143a0d3ce7.ttl,True,177,192,0,0,16
1662,extraction_papers\ontocast_runs\run_remaining_500_gpt-5.6-luna_20260723_010000\output\facts_dc19997586aa.ttl,True,174,184,1,0,47
1663,extraction_papers\ontocast_runs\run_remaining_500_gpt-5.6-luna_20260723_010000\output\facts_dcd261d527c3.ttl,True,164,179,0,0,28
1664,extraction_papers\ontocast_runs\run_remaining_500_gpt-5.6-luna_20260723_010000\output\facts_dd8649c94efa.ttl,True,164,180,0,49,5
1665,extraction_papers\ontocast_runs\run_remaining_500_gpt-5.6-luna_20260723_010000\output\facts_dd88997e6605.ttl,True,181,195,0,21,19
1666,extraction_papers\ontocast_runs\run_remaining_500_gpt-5.6-luna_20260723_010000\output\facts_ddcef1b51f01.ttl,True,203,211,0,34,0
1667,extraction_papers\ontocast_runs\run_remaining_500_gpt-5.6-luna_20260723_010000\output\facts_decaaa356f22.ttl,True,194,211,0,33,21
1668,extraction_papers\ontocast_runs\run_remaining_500_gpt-5.6-luna_20260723_010000\output\facts_df7e1d820c0d.ttl,True,147,164,0,42,4
1669,extraction_papers\ontocast_runs\run_remaining_500_gpt-5.6-luna_20260723_010000\output\facts_dfd5f29532e4.ttl,True,128,145,0,27,0
1670,extraction_papers\ontocast_runs\run_remaining_500_gpt-5.6-luna_20260723_010000\output\facts_e0371815423d.ttl,True,180,197,0,21,16
1671,extraction_papers\ontocast_runs\run_remaining_500_gpt-5.6-luna_20260723_010000\output\facts_e0503cea8e6c.ttl,True,100,117,1,28,8
1672,extraction_papers\ontocast_runs\run_remaining_500_gpt-5.6-luna_20260723_010000\output\facts_e08b9fdb8856.ttl,True,170,187,1,40,15
1673,extraction_papers\ontocast_runs\run_remaining_500_gpt-5.6-luna_20260723_010000\output\facts_e11d777d1644.ttl,True,176,191,0,0,46
1674,extraction_papers\ontocast_runs\run_remaining_500_gpt-5.6-luna_20260723_010000\output\facts_e192b046ee2f.ttl,True,116,133,0,32,11
1675,extraction_papers\ontocast_runs\run_remaining_500_gpt-5.6-luna_20260723_010000\output\facts_e328568eaa47.ttl,True,193,208,0,0,38
1676,extraction_papers\ontocast_runs\run_remaining_500_gpt-5.6-luna_20260723_010000\output\facts_e49a2d6392c9.ttl,True,178,193,0,0,41
1677,extraction_papers\ontocast_runs\run_remaining_500_gpt-5.6-luna_20260723_010000\output\facts_e64107019048.ttl,True,132,149,0,46,4
1678,extraction_papers\ontocast_runs\run_remaining_500_gpt-5.6-luna_20260723_010000\output\facts_e6b4890e4fde.ttl,True,202,217,0,0,34
1679,extraction_papers\ontocast_runs\run_remaining_500_gpt-5.6-luna_20260723_010000\output\facts_e6c9e8b98f0d.ttl,True,174,191,0,41,0
1680,extraction_papers\ontocast_runs\run_remaining_500_gpt-5.6-luna_20260723_010000\output\facts_e73fdabd018a.ttl,True,180,196,3,36,12
1681,extraction_papers\ontocast_runs\run_remaining_500_gpt-5.6-luna_20260723_010000\output\facts_e81b7efab900.ttl,True,203,220,3,36,16
1682,extraction_papers\ontocast_runs\run_remaining_500_gpt-5.6-luna_20260723_010000\output\facts_e8454d13af94.ttl,True,233,250,0,38,3
1683,extraction_papers\ontocast_runs\run_remaining_500_gpt-5.6-luna_20260723_010000\output\facts_e869c68d4742.ttl,True,176,191,0,0,49
1684,extraction_papers\ontocast_runs\run_remaining_500_gpt-5.6-luna_20260723_010000\output\facts_eb8d7e0a7afe.ttl,True,164,180,0,7,10
1685,extraction_papers\ontocast_runs\run_remaining_500_gpt-5.6-luna_20260723_010000\output\facts_ec7d4004949a.ttl,True,246,261,0,2,23
1686,extraction_papers\ontocast_runs\run_remaining_500_gpt-5.6-luna_20260723_010000\output\facts_ed34cd5a39f8.ttl,True,154,170,0,21,8
1687,extraction_papers\ontocast_runs\run_remaining_500_gpt-5.6-luna_20260723_010000\output\facts_edd26611cd3c.ttl,True,158,173,0,1,28
1688,extraction_papers\ontocast_runs\run_remaining_500_gpt-5.6-luna_20260723_010000\output\facts_edeecf941976.ttl,True,250,265,6,11,21
1689,extraction_papers\ontocast_runs\run_remaining_500_gpt-5.6-luna_20260723_010000\output\facts_ef3405981275.ttl,True,113,128,0,0,15
1690,extraction_papers\ontocast_runs\run_remaining_500_gpt-5.6-luna_20260723_010000\output\facts_ef65454c5275.ttl,True,142,159,0,40,0
1691,extraction_papers\ontocast_runs\run_remaining_500_gpt-5.6-luna_20260723_010000\output\facts_f0f7494f9635.ttl,True,115,131,1,7,15
1692,extraction_papers\ontocast_runs\run_remaining_500_gpt-5.6-luna_20260723_010000\output\facts_f1cd5e21d9f6.ttl,True,223,236,0,17,27
1693,extraction_papers\ontocast_runs\run_remaining_500_gpt-5.6-luna_20260723_010000\output\facts_f23072a127c9.ttl,True,185,200,2,0,16
1694,extraction_papers\ontocast_runs\run_remaining_500_gpt-5.6-luna_20260723_010000\output\facts_f30a3dd8f4ed.ttl,True,273,288,0,7,15
1695,extraction_papers\ontocast_runs\run_remaining_500_gpt-5.6-luna_20260723_010000\output\facts_f3e14d37e65c.ttl,True,140,151,0,0,33
1696,extraction_papers\ontocast_runs\run_remaining_500_gpt-5.6-luna_20260723_010000\output\facts_f3e1ac0209d9.ttl,True,140,157,0,45,17
1697,extraction_papers\ontocast_runs\run_remaining_500_gpt-5.6-luna_20260723_010000\output\facts_f3f5d5dc739f.ttl,True,241,257,0,24,28
1698,extraction_papers\ontocast_runs\run_remaining_500_gpt-5.6-luna_20260723_010000\output\facts_f552323a9b17.ttl,True,147,165,0,23,1
1699,extraction_papers\ontocast_runs\run_remaining_500_gpt-5.6-luna_20260723_010000\output\facts_f6f0120980fc.ttl,True,171,187,1,32,4
1700,extraction_papers\ontocast_runs\run_remaining_500_gpt-5.6-luna_20260723_010000\output\facts_f73d5f570338.ttl,True,159,174,0,22,12
1701,extraction_papers\ontocast_runs\run_remaining_500_gpt-5.6-luna_20260723_010000\output\facts_f84b7a600d17.ttl,True,171,186,0,1,25
1702,extraction_papers\ontocast_runs\run_remaining_500_gpt-5.6-luna_20260723_010000\output\facts_f8f1d60c5f9c.ttl,True,174,190,0,27,4
1703,extraction_papers\ontocast_runs\run_remaining_500_gpt-5.6-luna_20260723_010000\output\facts_f9e0c3b7e92e.ttl,True,283,299,2,0,59
1704,extraction_papers\ontocast_runs\run_remaining_500_gpt-5.6-luna_20260723_010000\output\facts_fa331d96dfd0.ttl,True,211,228,0,34,0
1705,extraction_papers\ontocast_runs\run_remaining_500_gpt-5.6-luna_20260723_010000\output\facts_fae7e975c642.ttl,True,129,145,1,19,30
1706,extraction_papers\ontocast_runs\run_remaining_500_gpt-5.6-luna_20260723_010000\output\facts_fafefeeb3d55.ttl,True,172,189,0,63,0
1707,extraction_papers\ontocast_runs\run_remaining_500_gpt-5.6-luna_20260723_010000\output\facts_fb9f85d44b7e.ttl,True,175,190,1,32,14
1708,extraction_papers\ontocast_runs\run_remaining_500_gpt-5.6-luna_20260723_010000\output\facts_fbe7da367282.ttl,True,252,268,0,88,9
1709,extraction_papers\ontocast_runs\run_remaining_500_gpt-5.6-luna_20260723_010000\output\facts_fccaa8ddd01d.ttl,True,154,169,1,0,30
1710,extraction_papers\ontocast_runs\run_remaining_500_gpt-5.6-luna_20260723_010000\output\facts_fd1ae1edef08.ttl,True,159,176,0,36,7
1711,extraction_papers\ontocast_runs\run_remaining_500_gpt-5.6-luna_20260723_010000\output\facts_fd4fd24fd715.ttl,True,260,276,0,12,17
1712,extraction_papers\ontocast_runs\run_remaining_500_gpt-5.6-luna_20260723_010000\output\facts_fd8c2fc0deba.ttl,True,191,205,0,0,71
1713,extraction_papers\ontocast_runs\run_remaining_500_gpt-5.6-luna_20260723_010000\output\facts_ff29a0eff0a3.ttl,True,262,271,4,21,9
1714,extraction_papers\ontocast_runs\run_remaining_500_gpt-5.6-luna_20260723_010000\output\facts_ff8c1f54a541.ttl,True,112,129,0,26,17
1715,extraction_papers\ontocast_runs\run_retry_failed_106_gpt-5.6-luna_20260725_220000\output\facts_01be2c74ae5e.ttl,True,134,151,0,42,14
1716,extraction_papers\ontocast_runs\run_retry_failed_106_gpt-5.6-luna_20260725_220000\output\facts_0208dfb874f0.ttl,True,222,237,0,22,39
1717,extraction_papers\ontocast_runs\run_retry_failed_106_gpt-5.6-luna_20260725_220000\output\facts_0223a171e0d2.ttl,True,141,158,0,26,16
1718,extraction_papers\ontocast_runs\run_retry_failed_106_gpt-5.6-luna_20260725_220000\output\facts_057ee2d61ab9.ttl,True,153,162,0,0,32
1719,extraction_papers\ontocast_runs\run_retry_failed_106_gpt-5.6-luna_20260725_220000\output\facts_057fcbb86f5a.ttl,True,130,147,0,28,25
1720,extraction_papers\ontocast_runs\run_retry_failed_106_gpt-5.6-luna_20260725_220000\output\facts_0622eb5e2542.ttl,True,183,200,0,62,17
1721,extraction_papers\ontocast_runs\run_retry_failed_106_gpt-5.6-luna_20260725_220000\output\facts_097175fccb51.ttl,True,200,215,1,24,22
1722,extraction_papers\ontocast_runs\run_retry_failed_106_gpt-5.6-luna_20260725_220000\output\facts_0a35a9d01d3b.ttl,True,162,179,1,32,11
1723,extraction_papers\ontocast_runs\run_retry_failed_106_gpt-5.6-luna_20260725_220000\output\facts_0ace59f016bb.ttl,True,176,191,0,7,24
1724,extraction_papers\ontocast_runs\run_retry_failed_106_gpt-5.6-luna_20260725_220000\output\facts_0d9faa6aaa72.ttl,True,184,201,0,42,4
1725,extraction_papers\ontocast_runs\run_retry_failed_106_gpt-5.6-luna_20260725_220000\output\facts_0e914695ea05.ttl,True,153,169,0,13,6
1726,extraction_papers\ontocast_runs\run_retry_failed_106_gpt-5.6-luna_20260725_220000\output\facts_10c47ec7eac9.ttl,True,192,209,0,42,17
1727,extraction_papers\ontocast_runs\run_retry_failed_106_gpt-5.6-luna_20260725_220000\output\facts_1327739e1297.ttl,True,157,174,0,24,12
1728,extraction_papers\ontocast_runs\run_retry_failed_106_gpt-5.6-luna_20260725_220000\output\facts_16f155a3d6e0.ttl,True,123,140,0,37,13
1729,extraction_papers\ontocast_runs\run_retry_failed_106_gpt-5.6-luna_20260725_220000\output\facts_18a359482a7e.ttl,True,116,131,0,0,30
1730,extraction_papers\ontocast_runs\run_retry_failed_106_gpt-5.6-luna_20260725_220000\output\facts_1baac2332fd1.ttl,True,227,237,0,0,35
1731,extraction_papers\ontocast_runs\run_retry_failed_106_gpt-5.6-luna_20260725_220000\output\facts_1da4b167547b.ttl,True,147,162,0,0,22
1732,extraction_papers\ontocast_runs\run_retry_failed_106_gpt-5.6-luna_20260725_220000\output\facts_1e0e70ed831c.ttl,True,183,198,0,0,28
1733,extraction_papers\ontocast_runs\run_retry_failed_106_gpt-5.6-luna_20260725_220000\output\facts_29104c9d16e5.ttl,True,286,302,1,44,29
1734,extraction_papers\ontocast_runs\run_retry_failed_106_gpt-5.6-luna_20260725_220000\output\facts_2f53dcd8b4aa.ttl,True,205,222,2,47,0
1735,extraction_papers\ontocast_runs\run_retry_failed_106_gpt-5.6-luna_20260725_220000\output\facts_33964ba9b8b2.ttl,True,182,197,0,19,13
1736,extraction_papers\ontocast_runs\run_retry_failed_106_gpt-5.6-luna_20260725_220000\output\facts_3974232ade42.ttl,True,215,231,0,34,3
1737,extraction_papers\ontocast_runs\run_retry_failed_106_gpt-5.6-luna_20260725_220000\output\facts_3cac35877c96.ttl,True,194,212,0,39,0
1738,extraction_papers\ontocast_runs\run_retry_failed_106_gpt-5.6-luna_20260725_220000\output\facts_41c75674ddfd.ttl,True,205,220,0,12,15
1739,extraction_papers\ontocast_runs\run_retry_failed_106_gpt-5.6-luna_20260725_220000\output\facts_434800ee9102.ttl,True,156,173,0,42,9
1740,extraction_papers\ontocast_runs\run_retry_failed_106_gpt-5.6-luna_20260725_220000\output\facts_4978aedd4173.ttl,True,177,192,0,0,58
1741,extraction_papers\ontocast_runs\run_retry_failed_106_gpt-5.6-luna_20260725_220000\output\facts_4ad539c51bdd.ttl,True,139,156,6,28,0
1742,extraction_papers\ontocast_runs\run_retry_failed_106_gpt-5.6-luna_20260725_220000\output\facts_518ea588523f.ttl,True,155,170,0,0,41
1743,extraction_papers\ontocast_runs\run_retry_failed_106_gpt-5.6-luna_20260725_220000\output\facts_57217e4cf0c1.ttl,True,97,113,0,23,1
1744,extraction_papers\ontocast_runs\run_retry_failed_106_gpt-5.6-luna_20260725_220000\output\facts_597c86dc1f45.ttl,True,115,131,0,13,2
1745,extraction_papers\ontocast_runs\run_retry_failed_106_gpt-5.6-luna_20260725_220000\output\facts_5dcaad73a9a3.ttl,True,136,154,0,46,1
1746,extraction_papers\ontocast_runs\run_retry_failed_106_gpt-5.6-luna_20260725_220000\output\facts_5f51a3145650.ttl,True,162,177,0,21,17
1747,extraction_papers\ontocast_runs\run_retry_failed_106_gpt-5.6-luna_20260725_220000\output\facts_60eade06be07.ttl,True,168,182,0,0,13
1748,extraction_papers\ontocast_runs\run_retry_failed_106_gpt-5.6-luna_20260725_220000\output\facts_68ed44cb6f3a.ttl,True,293,308,0,0,64
1749,extraction_papers\ontocast_runs\run_retry_failed_106_gpt-5.6-luna_20260725_220000\output\facts_72bbd6e7329a.ttl,True,224,241,0,21,30
1750,extraction_papers\ontocast_runs\run_retry_failed_106_gpt-5.6-luna_20260725_220000\output\facts_72f8ed368da8.ttl,True,154,172,0,33,10
1751,extraction_papers\ontocast_runs\run_retry_failed_106_gpt-5.6-luna_20260725_220000\output\facts_73b3f8b6d6a9.ttl,True,136,151,0,0,37
1752,extraction_papers\ontocast_runs\run_retry_failed_106_gpt-5.6-luna_20260725_220000\output\facts_762f81c08566.ttl,True,193,210,0,20,25
1753,extraction_papers\ontocast_runs\run_retry_failed_106_gpt-5.6-luna_20260725_220000\output\facts_77d08ec311ea.ttl,True,180,197,0,13,17
1754,extraction_papers\ontocast_runs\run_retry_failed_106_gpt-5.6-luna_20260725_220000\output\facts_786670fd5149.ttl,True,254,270,0,29,21
1755,extraction_papers\ontocast_runs\run_retry_failed_106_gpt-5.6-luna_20260725_220000\output\facts_78bc5734ed30.ttl,True,177,193,0,28,16
1756,extraction_papers\ontocast_runs\run_retry_failed_106_gpt-5.6-luna_20260725_220000\output\facts_7a83d0b55d72.ttl,True,201,216,0,19,1
1757,extraction_papers\ontocast_runs\run_retry_failed_106_gpt-5.6-luna_20260725_220000\output\facts_7d5923a34560.ttl,True,223,238,4,0,17
1758,extraction_papers\ontocast_runs\run_retry_failed_106_gpt-5.6-luna_20260725_220000\output\facts_7fa6b47b521f.ttl,True,114,130,1,14,0
1759,extraction_papers\ontocast_runs\run_retry_failed_106_gpt-5.6-luna_20260725_220000\output\facts_8845d890a7ef.ttl,True,171,188,0,50,0
1760,extraction_papers\ontocast_runs\run_retry_failed_106_gpt-5.6-luna_20260725_220000\output\facts_8eb9b6d4bd89.ttl,True,113,128,0,0,28
1761,extraction_papers\ontocast_runs\run_retry_failed_106_gpt-5.6-luna_20260725_220000\output\facts_913eb9a58eaf.ttl,True,153,170,1,41,9
1762,extraction_papers\ontocast_runs\run_retry_failed_106_gpt-5.6-luna_20260725_220000\output\facts_932e3eb80c16.ttl,True,195,212,2,14,6
1763,extraction_papers\ontocast_runs\run_retry_failed_106_gpt-5.6-luna_20260725_220000\output\facts_95f624bceec1.ttl,True,156,172,0,31,2
1764,extraction_papers\ontocast_runs\run_retry_failed_106_gpt-5.6-luna_20260725_220000\output\facts_9659aa3e1965.ttl,True,245,260,0,0,49
1765,extraction_papers\ontocast_runs\run_retry_failed_106_gpt-5.6-luna_20260725_220000\output\facts_96a5838a3554.ttl,True,192,205,0,27,4
1766,extraction_papers\ontocast_runs\run_retry_failed_106_gpt-5.6-luna_20260725_220000\output\facts_9fdba1c65cdc.ttl,True,145,162,0,44,10
1767,extraction_papers\ontocast_runs\run_retry_failed_106_gpt-5.6-luna_20260725_220000\output\facts_a738f196b1a3.ttl,True,247,265,0,32,28
1768,extraction_papers\ontocast_runs\run_retry_failed_106_gpt-5.6-luna_20260725_220000\output\facts_a77e99e90f91.ttl,True,229,246,0,42,14
1769,extraction_papers\ontocast_runs\run_retry_failed_106_gpt-5.6-luna_20260725_220000\output\facts_ad76ea21976d.ttl,True,156,171,0,0,46
1770,extraction_papers\ontocast_runs\run_retry_failed_106_gpt-5.6-luna_20260725_220000\output\facts_ad9d56ff72a8.ttl,True,198,215,0,60,8
1771,extraction_papers\ontocast_runs\run_retry_failed_106_gpt-5.6-luna_20260725_220000\output\facts_b07d19e87200.ttl,True,214,229,0,0,48
1772,extraction_papers\ontocast_runs\run_retry_failed_106_gpt-5.6-luna_20260725_220000\output\facts_b0cb34d45b5c.ttl,True,166,182,0,0,42
1773,extraction_papers\ontocast_runs\run_retry_failed_106_gpt-5.6-luna_20260725_220000\output\facts_b25f6a437a51.ttl,True,181,196,0,0,26
1774,extraction_papers\ontocast_runs\run_retry_failed_106_gpt-5.6-luna_20260725_220000\output\facts_b2adb782929b.ttl,True,261,279,0,21,2
1775,extraction_papers\ontocast_runs\run_retry_failed_106_gpt-5.6-luna_20260725_220000\output\facts_b538a7d38541.ttl,True,239,256,1,34,29
1776,extraction_papers\ontocast_runs\run_retry_failed_106_gpt-5.6-luna_20260725_220000\output\facts_bc8411d6a7d8.ttl,True,127,143,0,23,17
1777,extraction_papers\ontocast_runs\run_retry_failed_106_gpt-5.6-luna_20260725_220000\output\facts_bd7efb611a78.ttl,True,162,177,1,11,10
1778,extraction_papers\ontocast_runs\run_retry_failed_106_gpt-5.6-luna_20260725_220000\output\facts_be64d4b18487.ttl,True,116,133,4,36,0
1779,extraction_papers\ontocast_runs\run_retry_failed_106_gpt-5.6-luna_20260725_220000\output\facts_c1788b8e6ae3.ttl,True,151,166,0,0,35
1780,extraction_papers\ontocast_runs\run_retry_failed_106_gpt-5.6-luna_20260725_220000\output\facts_c184d051345a.ttl,True,207,223,0,48,4
1781,extraction_papers\ontocast_runs\run_retry_failed_106_gpt-5.6-luna_20260725_220000\output\facts_c496fb4486fe.ttl,True,154,169,1,8,0
1782,extraction_papers\ontocast_runs\run_retry_failed_106_gpt-5.6-luna_20260725_220000\output\facts_c6b53e7df067.ttl,True,209,226,0,54,2
1783,extraction_papers\ontocast_runs\run_retry_failed_106_gpt-5.6-luna_20260725_220000\output\facts_c802bf6d9934.ttl,True,157,174,0,59,2
1784,extraction_papers\ontocast_runs\run_retry_failed_106_gpt-5.6-luna_20260725_220000\output\facts_c9c814a46ec8.ttl,True,148,164,0,28,0
1785,extraction_papers\ontocast_runs\run_retry_failed_106_gpt-5.6-luna_20260725_220000\output\facts_d0337df5bd2e.ttl,True,232,248,0,5,41
1786,extraction_papers\ontocast_runs\run_retry_failed_106_gpt-5.6-luna_20260725_220000\output\facts_d45d77e06d03.ttl,True,223,240,0,42,25
1787,extraction_papers\ontocast_runs\run_retry_failed_106_gpt-5.6-luna_20260725_220000\output\facts_d6094a109234.ttl,True,201,218,2,42,0
1788,extraction_papers\ontocast_runs\run_retry_failed_106_gpt-5.6-luna_20260725_220000\output\facts_d9f8809ffbc4.ttl,True,172,189,0,35,12
1789,extraction_papers\ontocast_runs\run_retry_failed_106_gpt-5.6-luna_20260725_220000\output\facts_daa20f097baa.ttl,True,215,232,0,33,16
1790,extraction_papers\ontocast_runs\run_retry_failed_106_gpt-5.6-luna_20260725_220000\output\facts_db582593a13d.ttl,True,179,196,0,41,7
1791,extraction_papers\ontocast_runs\run_retry_failed_106_gpt-5.6-luna_20260725_220000\output\facts_ddfd22b279ee.ttl,True,127,142,0,23,17
1792,extraction_papers\ontocast_runs\run_retry_failed_106_gpt-5.6-luna_20260725_220000\output\facts_e03a80e0c970.ttl,True,154,170,0,19,0
1793,extraction_papers\ontocast_runs\run_retry_failed_106_gpt-5.6-luna_20260725_220000\output\facts_e45ff217208b.ttl,True,183,200,0,27,36
1794,extraction_papers\ontocast_runs\run_retry_failed_106_gpt-5.6-luna_20260725_220000\output\facts_e9ac71afa540.ttl,True,160,175,1,0,38
1795,extraction_papers\ontocast_runs\run_retry_failed_106_gpt-5.6-luna_20260725_220000\output\facts_ea107312ea02.ttl,True,142,157,0,0,71
1796,extraction_papers\ontocast_runs\run_retry_failed_106_gpt-5.6-luna_20260725_220000\output\facts_ea8831b64092.ttl,True,134,148,0,34,0
1797,extraction_papers\ontocast_runs\run_retry_failed_106_gpt-5.6-luna_20260725_220000\output\facts_f28c64e6b48f.ttl,True,134,151,0,45,3
1798,extraction_papers\ontocast_runs\run_retry_failed_106_gpt-5.6-luna_20260725_220000\output\facts_f4130e2616df.ttl,True,210,227,0,55,0
1799,extraction_papers\ontocast_runs\run_retry_failed_106_gpt-5.6-luna_20260725_220000\output\facts_f4971fc52a5d.ttl,True,222,237,0,0,58
1800,extraction_papers\ontocast_runs\run_retry_failed_106_gpt-5.6-luna_20260725_220000\output\facts_f6cc1ea1ac0f.ttl,True,131,147,0,20,7
1801,extraction_papers\ontocast_runs\run_retry_failed_106_gpt-5.6-luna_20260725_220000\output\facts_f818f5510e79.ttl,True,195,212,0,58,1
1802,extraction_papers\ontocast_runs\run_retry_failed_106_gpt-5.6-luna_20260725_220000\output\facts_f8973d2f08e8.ttl,True,219,235,0,28,7
1803,extraction_papers\ontocast_runs\run_retry_failed_106_gpt-5.6-luna_20260725_220000\output\facts_fcec25df8534.ttl,True,303,318,0,12,31
1804,extraction_papers\ontocast_runs\run_retry_final_17_gpt-5.6-luna_20260726_040000\output\facts_490a449c42af.ttl,True,46,51,0,0,10
1805,extraction_papers\ontocast_runs\run_retry_final_17_gpt-5.6-luna_20260726_040000\output\facts_74ba58cd5455.ttl,True,43,48,1,9,0
1806,extraction_papers\ontocast_runs\run_retry_final_17_gpt-5.6-luna_20260726_040000\output\facts_7942dfd4779f.ttl,True,78,84,0,23,0
1807,extraction_papers\ontocast_runs\run_retry_final_17_gpt-5.6-luna_20260726_040000\output\facts_7dc648546698.ttl,True,72,77,0,11,0
1808,extraction_papers\ontocast_runs\run_retry_final_17_gpt-5.6-luna_20260726_040000\output\facts_af8c198ee5bc.ttl,True,48,53,0,0,24
1809,extraction_papers\ontocast_runs\run_retry_final_17_gpt-5.6-luna_20260726_040000\output\facts_b8bbed5b77b6.ttl,True,81,86,0,0,23
1810,extraction_papers\ontocast_runs\run_retry_final_17_gpt-5.6-luna_20260726_040000\output\facts_c5c01e9a5c74.ttl,True,46,51,0,0,14
1811,extraction_papers\ontocast_runs\run_retry_final_17_gpt-5.6-luna_20260726_040000\output\facts_c856a1686ca0.ttl,True,65,70,0,0,27
1812,extraction_papers\ontocast_runs\run_retry_final_17_gpt-5.6-luna_20260726_040000\output\facts_dec5ceac239e.ttl,True,87,92,0,0,17
1813,extraction_papers\ontocast_runs\run_retry_final_8_sanitized_gpt-5.6-luna_20260726_090000\output\facts_08b922ecd166.ttl,True,75,81,0,0,11
1814,extraction_papers\ontocast_runs\run_retry_final_8_sanitized_gpt-5.6-luna_20260726_090000\output\facts_1632a6ddd186.ttl,True,43,48,0,0,12
1815,extraction_papers\ontocast_runs\run_retry_final_8_sanitized_gpt-5.6-luna_20260726_090000\output\facts_1b467dde5841.ttl,True,47,54,0,22,0
1816,extraction_papers\ontocast_runs\run_retry_final_8_sanitized_gpt-5.6-luna_20260726_090000\output\facts_b036ff041b2c.ttl,True,49,54,0,0,13
1817,extraction_papers\ontocast_runs\run_retry_final_8_sanitized_gpt-5.6-luna_20260726_090000\output\facts_cacb88534863.ttl,True,38,44,0,23,0
1818,extraction_papers\ontocast_runs\run_retry_final_8_sanitized_gpt-5.6-luna_20260726_090000\output\facts_d0f5cc0a6ada.ttl,True,55,60,0,0,14
1819,extraction_papers\ontocast_runs\run_retry_final_8_sanitized_gpt-5.6-luna_20260726_090000\output\facts_e2f30efd728e.ttl,True,72,77,0,0,24
1820,extraction_papers\ontocast_runs\run_retry_final_8_sanitized_gpt-5.6-luna_20260726_090000\output\facts_f2bee3e4193d.ttl,True,56,61,2,0,0
1821,extraction_papers\ontocast_runs\run_retry_paper3215_gpt-5.6-luna_20260725_220000\output\facts_4a52db9e0787.ttl,True,50,55,0,0,11
